#%yanny
#
# confSummary-27563.par
#
# Created by pydl.pydlutils.yanny.yanny
#
# 2026-09-05 09:04:22 UTC
#
configuration_id 27563
robostrategy_run iota-1
fps_calibrations_version 2025.12.04
jaeger_version 1.11.2a1
coordio_version 1.18.1
kaiju_version 1.4.1
design_id 756609
field_id 104468
focal_scale 1.000016
instruments BOSS APOGEE
epoch 2461288.8835553047
obstime Sat Sep 05 09:04:22 2026
MJD 61288
observatory APO
temperature 16.5
raCen 304.491599032287
decCen 47.6762029763098
pa 1.7954254
is_dithered 0
parent_configuration -999
dither_radius -999.0
cloned_from -999

typedef enum {
    BOSS,
    APOGEE,
    METROLOGY,
    NONE
} FIBERTYPE;

typedef struct {
    short positionerId;
    char holeId[28];
    FIBERTYPE fiberType;
    short assigned;
    short on_target;
    short disabled;
    short valid;
    short decollided;
    short too;
    double xwok;
    double ywok;
    double zwok;
    double xFocal;
    double yFocal;
    float alpha;
    float beta;
    double racat;
    double deccat;
    float pmra;
    float pmdec;
    float parallax;
    double ra;
    double dec;
    double ra_observed;
    double dec_observed;
    double alt_observed;
    double az_observed;
    float lambda_design;
    float lambda_eff;
    float coord_epoch;
    short spectrographId;
    short fiberId;
    float mag[5];
    char optical_prov[120];
    float bp_mag;
    float gaia_g_mag;
    float rp_mag;
    float h_mag;
    long catalogid;
    long carton_to_target_pk;
    char cadence[400];
    char firstcarton[400];
    char program[400];
    char category[400];
    long sdssv_boss_target0;
    long sdssv_apogee_target0;
    double delta_ra;
    double delta_dec;
    long too_id;
    char too_program[80];
} FIBERMAP;

FIBERMAP 3 R-1C14 APOGEE 1 1 0 1 0 0 -5.3345802309203485 -22.052808492397386 143.1 -6.022993250043629 -21.875194494579258 215.89175 85.908 304.4507764884129 47.57665086059353 -999.0 -999.0 -999.0 304.4507764884129 47.57665086059353 304.3440590977993 47.666844473049366 35.16243636902018 308.4589078991038 16000.0 16600.0 2015.5 2 214 {-999.0 -999.0 -999.0 -999.0 -999.0} "" -999.0 -999.0 -999.0 -999.0 27021603114180967 840306742 "" ops_sky_apogee_best ops_sky sky_apogee 0 0 0.0 0.0 -999 ""
FIBERMAP 3 R-1C14 BOSS 0 0 0 1 0 0 -5.7483804607068265 -21.44263721512361 143.1 -6.417479392749381 -21.25234804929655 215.89175 85.908 -999.0 -999.0 -999.0 -999.0 -999.0 304.44769577038693 47.57942026191567 304.3413828923596 47.669668263664505 35.16126665239337 308.4627475318299 -999.0 5400.0 -999.0 1 263 {-999.0 -999.0 -999.0 -999.0 -999.0} "" -999.0 -999.0 -999.0 -999.0 -999 -999 "" "" "" "" 0 0 0.0 0.0 -999 ""
FIBERMAP 3 R-1C14 METROLOGY 0 0 0 1 0 0 -5.000308341578691 -21.384341915487738 143.1 -5.667936088352264 -21.21751862665316 215.89175 85.908 -999.0 -999.0 -999.0 -999.0 -999.0 304.45288111298646 47.57959053644132 304.34645438245366 47.66983092886826 35.16463996170412 308.46206588522926 -999.0 6231.0 -999.0 -1 -999 {-999.0 -999.0 -999.0 -999.0 -999.0} "" -999.0 -999.0 -999.0 -999.0 -999 -999 "" "" "" "" 0 0 0.0 0.0 -999 ""
FIBERMAP 16 R+7C7 APOGEE 1 1 0 1 0 0 -82.84815010806611 152.92463573022505 143.1 -78.0174502002723 155.4477586003372 137.83357 78.0349 303.96115088183603 48.38225688756767 -3.3318362 -4.118064 0.11085287 303.96113600292153 48.382244673731954 303.8502950284849 48.4713563008492 35.00684229583137 309.504374120521 16000.0 16600.0 2016.0 2 102 {-999.0 17.237047 15.237128 14.365013 -999.0} sdss_psfmag_ps1 16.235758 14.878845 13.751473 10.846 63050395015919212 1153345539 bright_1x1 mwm_galactic_core_dist_apogee_sparse mwm_galactic science 0 0 0.0 0.0 -999 ""
FIBERMAP 16 R+7C7 BOSS 0 0 0 1 0 0 -82.255347049013 153.36205026120234 143.1 -77.41122385381821 155.8663920003888 137.83357 78.0349 -999.0 -999.0 -999.0 -999.0 -999.0 303.9648077336025 48.38414651476838 303.85439202385606 48.47332444820692 35.00990540705891 309.5060432778805 -999.0 5400.0 -999.0 1 76 {-999.0 -999.0 -999.0 -999.0 -999.0} "" -999.0 -999.0 -999.0 -999.0 -999 -999 "" "" "" "" 0 0 0.0 0.0 -999 ""
FIBERMAP 16 R+7C7 METROLOGY 0 0 0 1 0 0 -82.16123796362821 152.62928460338037 143.1 -77.34011808117788 155.13102578948627 137.83357 78.0349 -999.0 -999.0 -999.0 -999.0 -999.0 303.9654300689403 48.38083095538838 303.8549082322229 48.46999379108641 35.00955509216017 309.5019778376558 -999.0 6231.0 -999.0 -1 -999 {-999.0 -999.0 -999.0 -999.0 -999.0} "" -999.0 -999.0 -999.0 -999.0 -999 -999 "" "" "" "" 0 0 0.0 0.0 -999 ""
FIBERMAP 37 R-9C9 APOGEE 1 1 0 1 0 0 -2.578234385899077 -178.8794642037001 143.1 -8.181564262968958 -178.7137268512851 304.00003 144.8239 304.4340661935004 46.864553234143756 -3.7857945 -3.9223938 0.16016197 304.43404977119195 46.86454160064913 304.3303637907534 46.954853618576685 35.000985259787335 307.6114428847129 16000.0 16600.0 2016.0 2 167 {-999.0 17.431398 15.414457 14.387613 -999.0} sdss_psfmag_ps1 16.39089 15.0147915 13.879588 10.917 63050395015341524 1153345169 bright_1x1 mwm_galactic_core_dist_apogee_sparse mwm_galactic science 0 0 0.0 0.0 -999 ""
FIBERMAP 37 R-9C9 BOSS 0 0 0 1 0 0 -2.593380637613084 -179.61875425114343 143.1 -8.219866356031972 -179.4521912241092 304.00003 144.8239 -999.0 -999.0 -999.0 -999.0 -999.0 304.43336613506006 46.86109127415875 304.33011011959996 46.95146626123896 35.000076957239564 307.60745349461797 -999.0 5400.0 -999.0 1 376 {-999.0 -999.0 -999.0 -999.0 -999.0} "" -999.0 -999.0 -999.0 -999.0 -999 -999 "" "" "" "" 0 0 0.0 0.0 -999 ""
FIBERMAP 37 R-9C9 METROLOGY 0 0 0 1 0 0 -3.240158700313459 -179.22536141118192 143.1 -8.854011664980362 -179.0387207236353 304.00003 144.8239 -999.0 -999.0 -999.0 -999.0 -999.0 304.4292754466274 46.862992224594706 304.32588894741843 46.95334120827739 34.997674369372156 307.61045503032005 -999.0 6231.0 -999.0 -1 -999 {-999.0 -999.0 -999.0 -999.0 -999.0} "" -999.0 -999.0 -999.0 -999.0 -999 -999 "" "" "" "" 0 0 0.0 0.0 -999 ""
FIBERMAP 40 R+12C6 APOGEE 0 0 0 1 0 0 -32.71158573589503 231.4064702275829 143.1 -25.44574753884048 232.32146706404862 347.44058 123.09385 -999.0 -999.0 -999.0 -999.0 -999.0 304.32168577054057 48.72925389736242 304.20971250258896 48.81896597948817 35.309556587618005 309.8622149869737 -999.0 16600.0 -999.0 2 -999 {-999.0 -999.0 -999.0 -999.0 -999.0} "" -999.0 -999.0 -999.0 -999.0 -999 -999 "" "" "" "" 0 0 0.0 0.0 -999 ""
FIBERMAP 40 R+12C6 BOSS 1 1 0 1 0 0 -32.425293270226575 230.70734490754168 143.1 -25.181495661201012 231.61370382821462 347.44058 123.09385 304.32305843260633 48.72606154546457 -999.0 -999.0 -999.0 304.32305843260633 48.72606154546457 304.2115297332234 48.815833737965214 35.310110388229965 309.8581625406508 5400.0 5400.0 2015.5 1 156 {-999.0 -999.0 -999.0 -999.0 -999.0} "" -999.0 -999.0 -999.0 -999.0 27021603114184848 818195594 "" ops_sky_boss_good ops_sky sky_boss 0 0 0.0 0.0 -999 ""
FIBERMAP 40 R+12C6 METROLOGY 0 0 0 1 0 0 -33.164231965883396 230.81336537092676 143.1 -25.916761627579067 231.74282596453406 347.44058 123.09385 -999.0 -999.0 -999.0 -999.0 -999.0 304.3181303103291 48.726646368732126 304.20647154616705 48.816393146372896 35.306956055564456 309.85964139754736 -999.0 6231.0 -999.0 -1 -999 {-999.0 -999.0 -999.0 -999.0 -999.0} "" -999.0 -999.0 -999.0 -999.0 -999 -999 "" "" "" "" 0 0 0.0 0.0 -999 ""
FIBERMAP 52 R+5C17 APOGEE 0 0 0 1 0 0 134.43804506974746 109.775345503119 143.1 137.81361629989712 105.51106855407772 79.3122 82.676506 -999.0 -999.0 -999.0 -999.0 -999.0 305.43280423111014 48.15005868224055 305.32476712055285 48.24195197880247 35.921397411073855 308.9890760662203 -999.0 16600.0 -999.0 2 -999 {-999.0 -999.0 -999.0 -999.0 -999.0} "" -999.0 -999.0 -999.0 -999.0 -999 -999 "" "" "" "" 0 0 0.0 0.0 -999 ""
FIBERMAP 52 R+5C17 BOSS 1 1 0 1 0 0 135.13114893329336 109.5471027859968 143.1 138.49923980169706 105.26121828470824 79.3122 82.676506 305.43708794083796 48.14885028195631 -999.0 -999.0 -999.0 305.43708794083796 48.148850281956314 305.32947607107536 48.240805757438075 35.92425501608131 308.9869433051299 5400.0 5400.0 2015.5 1 206 {-999.0 -999.0 -999.0 -999.0 -999.0} "" -999.0 -999.0 -999.0 -999.0 27021603114177740 818194871 "" ops_sky_boss_good ops_sky sky_boss 0 0 0.0 0.0 -999 ""
FIBERMAP 52 R+5C17 METROLOGY 0 0 0 1 0 0 134.5973112056035 109.04644477017844 143.1 137.94996927086882 104.77752396705871 79.3122 82.676506 -999.0 -999.0 -999.0 -999.0 -999.0 305.4334263009256 48.14671129749123 305.32570168757206 48.23864517002275 35.92137311478146 308.9849210950987 -999.0 6231.0 -999.0 -1 -999 {-999.0 -999.0 -999.0 -999.0 -999.0} "" -999.0 -999.0 -999.0 -999.0 -999 -999 "" "" "" "" 0 0 0.0 0.0 -999 ""
FIBERMAP 56 R-8C4 APOGEE 0 0 0 1 0 0 -151.7623037105775 -154.37728533276294 143.1 -156.5270907064147 -149.54903073512594 207.06534 82.92941 -999.0 -999.0 -999.0 -999.0 -999.0 303.44774222833286 46.995150987140164 303.3424242112142 47.0835941155357 34.373063353915654 307.9465484003648 -999.0 16600.0 -999.0 2 -999 {-999.0 -999.0 -999.0 -999.0 -999.0} "" -999.0 -999.0 -999.0 -999.0 -999 -999 "" "" "" "" 0 0 0.0 0.0 -999 ""
FIBERMAP 56 R-8C4 BOSS 1 1 0 1 0 0 -152.00791764113657 -153.6554134782386 143.1 -156.7499706868353 -148.81980628591893 207.06534 82.92941 303.4457356510247 46.99834624040139 -3.1302238 -2.151406 0.57272685 303.44572203853653 46.99833985950936 303.3408141553901 47.08684634315227 34.37273491463574 307.95068745772437 5400.0 5400.0 2016.0 1 452 {-999.0 17.035517 16.490463 16.294767 -999.0} sdss_psfmag_ps1 16.943113 16.505342 15.897358 14.694 63050395014952309 981829033 "" ops_std_boss_tic ops_std standard_boss 0 0 0.0 0.0 -999 ""
FIBERMAP 56 R-8C4 METROLOGY 0 0 0 1 0 0 -151.29005873650013 -153.79966377415343 143.1 -156.0369722961691 -148.98647963720148 207.06534 82.92941 -999.0 -999.0 -999.0 -999.0 -999.0 303.4505871743372 46.99763071137084 303.3455668374946 47.08612715856101 34.37572290806598 307.9489478495169 -999.0 6231.0 -999.0 -1 -999 {-999.0 -999.0 -999.0 -999.0 -999.0} "" -999.0 -999.0 -999.0 -999.0 -999 -999 "" "" "" "" 0 0 0.0 0.0 -999 ""
FIBERMAP 59 R+4C8 APOGEE 0 0 0 1 0 0 -88.66978484948798 61.22274754533169 143.1 -86.70947384167317 63.97182386882836 297.33575 86.631996 -999.0 -999.0 -999.0 -999.0 -999.0 303.90353411449183 47.96699893023475 303.794477054327 48.05609006011546 34.88390869001615 309.01835403876885 -999.0 16600.0 -999.0 2 -999 {-999.0 -999.0 -999.0 -999.0 -999.0} "" -999.0 -999.0 -999.0 -999.0 -999 -999 "" "" "" "" 0 0 0.0 0.0 -999 ""
FIBERMAP 59 R+4C8 BOSS 1 1 0 1 0 0 -89.33108815653328 60.85676859089934 143.1 -87.38192972166637 63.626738330142146 297.33575 86.631996 303.89800588568175 47.965376520893486 -6.434029 1.0859163 2.1871755 303.89848832534994 47.96537974162723 303.78985965004426 48.054523959163234 34.880561095683206 309.0172829574101 5400.0 5400.0 2016.0 1 33 {-999.0 13.065333 12.523462 12.307536 -999.0} sdss_psfmag_from_g3xp 12.938877 12.542597 11.967721 10.892 63050395015863842 996741225 bright_1x1 mwm_bin_gaia_sb_boss mwm_bin science 0 0 1.2316123247146606 0.0 -999 ""
FIBERMAP 59 R+4C8 METROLOGY 0 0 0 1 0 0 -89.31351620234271 61.599937054549024 143.1 -87.34108156176282 64.36900327635199 297.33575 86.631996 -999.0 -999.0 -999.0 -999.0 -999.0 303.8988788681312 47.968769040029436 303.7901150132986 48.05789535953667 34.88144034297147 309.0212559420284 -999.0 6231.0 -999.0 -1 -999 {-999.0 -999.0 -999.0 -999.0 -999.0} "" -999.0 -999.0 -999.0 -999.0 -999 -999 "" "" "" "" 0 0 0.0 0.0 -999 ""
FIBERMAP 63 R+5C19 APOGEE 0 0 0 1 0 0 147.27269123721965 88.53403662858543 143.1 149.97664557136818 83.87771991061526 284.1324 10.852838 -999.0 -999.0 -999.0 -999.0 -999.0 305.5133287700972 48.05095394319393 305.40582265357 48.143016279857534 35.95540817826892 308.85633128877475 -999.0 16600.0 -999.0 2 -999 {-999.0 -999.0 -999.0 -999.0 -999.0} "" -999.0 -999.0 -999.0 -999.0 -999 -999 "" "" "" "" 0 0 0.0 0.0 -999 ""
FIBERMAP 63 R+5C19 BOSS 1 1 0 1 0 0 146.94537967506028 89.21112764441715 143.1 149.67070371208828 84.5647444953658 284.1324 10.852838 305.5109819346305 48.05406964533212 -999.0 -999.0 -999.0 305.5109819346305 48.05406964533212 305.4038727986834 48.14618106663925 35.95474011555143 308.8604771112815 5400.0 5400.0 2015.5 1 204 {-999.0 -999.0 -999.0 -999.0 -999.0} "" -999.0 -999.0 -999.0 -999.0 27021603114177701 808300023 "" ops_sky_boss_good ops_sky sky_boss 0 0 0.0 0.0 -999 ""
FIBERMAP 63 R+5C19 METROLOGY 0 0 0 1 0 0 147.69934002704986 89.14610916566596 143.1 150.42226885232472 84.47613421969152 284.1324 10.852838 -999.0 -999.0 -999.0 -999.0 -999.0 305.516163821177 48.05361476058132 305.4089458307078 48.14572049329844 35.95797330872276 308.8591145537838 -999.0 6231.0 -999.0 -1 -999 {-999.0 -999.0 -999.0 -999.0 -999.0} "" -999.0 -999.0 -999.0 -999.0 -999 -999 "" "" "" "" 0 0 0.0 0.0 -999 ""
FIBERMAP 65 R+5C14 APOGEE 1 1 0 1 0 0 53.38222935911975 75.57200843863308 143.1 55.724657050744135 73.86357299017476 330.38596 32.631138 304.8727329125155 48.01119896588874 -0.6069698 -1.6350535 1.1188378 304.87273022154227 48.01119411645611 304.764616647315 48.1020807212141 35.52766540929544 308.91032824554236 16000.0 16600.0 2016.0 2 41 {-999.0 11.165393 11.216683 11.338237 -999.0} sdss_psfmag_from_g3xp 11.247295 11.166966 11.011008 10.826 63050395015888263 974805531 "" ops_std_apogee ops_std standard_apogee 0 0 0.0 0.0 -999 ""
FIBERMAP 65 R+5C14 BOSS 0 0 0 1 0 0 52.64042690592145 75.53557575547809 143.1 54.982065422190786 73.85039936274661 330.38596 32.631138 -999.0 -999.0 -999.0 -999.0 -999.0 304.86729986037966 48.01114322892761 304.75959912085284 48.102076687027626 35.52438162094913 308.91114685663206 -999.0 5400.0 -999.0 1 159 {-999.0 -999.0 -999.0 -999.0 -999.0} "" -999.0 -999.0 -999.0 -999.0 -999 -999 "" "" "" "" 0 0 0.0 0.0 -999 ""
FIBERMAP 65 R+5C14 METROLOGY 0 0 0 1 0 0 52.9673587696586 76.1917281130352 143.1 55.329400221925376 74.49599683357255 330.38596 32.631138 -999.0 -999.0 -999.0 -999.0 -999.0 304.8698050177861 48.01407541379123 304.761975739268 48.10499670331077 35.52652065891195 308.91427219888106 -999.0 6231.0 -999.0 -1 -999 {-999.0 -999.0 -999.0 -999.0 -999.0} "" -999.0 -999.0 -999.0 -999.0 -999 -999 "" "" "" "" 0 0 0.0 0.0 -999 ""
FIBERMAP 71 R-4C9 APOGEE 1 1 0 1 0 0 -81.9061526170519 -75.84727074216961 143.1 -84.24365744645506 -73.24500846092064 184.98537 104.27265 303.9244353285259 47.34255624303401 2.802527 0.66884804 1.5529798 303.92444759519464 47.34255822678095 303.8181479993556 47.43182018669338 34.765398311522546 308.27146232171646 16000.0 16600.0 2016.0 2 270 {-999.0 9.769374 9.958518 10.112605 -999.0} sdss_psfmag_from_g3xp 9.884108 9.860452 9.788366 9.751 63050395015834308 974805491 "" ops_std_apogee ops_std standard_apogee 0 0 0.0 0.0 -999 ""
FIBERMAP 71 R-4C9 BOSS 0 0 0 1 0 0 -82.14673736287286 -75.13912840817103 143.1 -84.46194079660603 -72.52966458319226 184.98537 104.27265 -999.0 -999.0 -999.0 -999.0 -999.0 303.92247451433366 47.345710051732716 303.81658304477315 47.43503145358311 34.76506599753389 308.275558353611 -999.0 5400.0 -999.0 1 462 {-999.0 -999.0 -999.0 -999.0 -999.0} "" -999.0 -999.0 -999.0 -999.0 -999 -999 "" "" "" "" 0 0 0.0 0.0 -999 ""
FIBERMAP 71 R-4C9 METROLOGY 0 0 0 1 0 0 -81.41639666355381 -75.28653217025064 143.1 -83.73656534208772 -72.69988097574746 184.98537 104.27265 -999.0 -999.0 -999.0 -999.0 -999.0 303.92747951616855 47.34497158873498 303.82147672536735 47.43428432371764 34.768133474843886 308.2737915960689 -999.0 6231.0 -999.0 -1 -999 {-999.0 -999.0 -999.0 -999.0 -999.0} "" -999.0 -999.0 -999.0 -999.0 -999 -999 "" "" "" "" 0 0 0.0 0.0 -999 ""
FIBERMAP 78 R-5C11 APOGEE 1 1 0 1 0 0 -31.158287459682867 -91.98230648619955 143.1 -34.02542881350597 -90.96238558375427 221.41643 48.285736 304.2618281993889 47.262379923427794 -8.49028 -9.244163 0.3412284 304.26179109374465 47.262352506005286 304.156215318147 47.35226037701712 34.97156303009193 308.11630986711117 16000.0 16600.0 2016.0 2 160 {-999.0 14.018337 12.434531 11.683999 -999.0} sdss_psfmag_from_g3xp 13.336206 12.2692175 11.256152 8.778 63050395015817587 1151795823 bright_1x1 mwm_galactic_core_dist_apogee_sparse mwm_galactic science 0 0 0.0 0.0 -999 ""
FIBERMAP 78 R-5C11 BOSS 0 0 0 1 0 0 -31.160198553219594 -91.24550298111535 143.1 -34.00425387142776 -90.22587214083033 221.41643 48.285736 -999.0 -999.0 -999.0 -999.0 -999.0 304.2614855806188 47.26559378798373 304.1563155683104 47.35556312845574 34.9723410547042 308.12022785055336 -999.0 5400.0 -999.0 1 366 {-999.0 -999.0 -999.0 -999.0 -999.0} "" -999.0 -999.0 -999.0 -999.0 -999 -999 "" "" "" "" 0 0 0.0 0.0 -999 ""
FIBERMAP 78 R-5C11 METROLOGY 0 0 0 1 0 0 -30.51245170827826 -91.61164195431685 143.1 -33.368286336977214 -90.61213207193148 221.41643 48.285736 -999.0 -999.0 -999.0 -999.0 -999.0 304.2658780143842 47.26386270283264 304.16060132383524 47.353822787082045 34.97480134838969 308.11739047680993 -999.0 6231.0 -999.0 -1 -999 {-999.0 -999.0 -999.0 -999.0 -999.0} "" -999.0 -999.0 -999.0 -999.0 -999 -999 "" "" "" "" 0 0 0.0 0.0 -999 ""
FIBERMAP 86 R-12C11 APOGEE 0 0 0 1 0 0 77.52374089046828 -252.63119430769052 143.1 69.57161793610518 -254.94014076452515 17.932606 13.851833 -999.0 -999.0 -999.0 -999.0 -999.0 304.94455630569627 46.521081151836476 304.8428794565123 46.61241204811713 35.269039968280566 307.10938681328975 -999.0 16600.0 -999.0 2 -999 {-999.0 -999.0 -999.0 -999.0 -999.0} "" -999.0 -999.0 -999.0 -999.0 -999 -999 "" "" "" "" 0 0 0.0 0.0 -999 ""
FIBERMAP 86 R-12C11 BOSS 1 1 0 1 0 0 76.88290197121177 -253.0167224864844 143.1 68.91900421878864 -255.30540742191312 17.932606 13.851833 304.93931784135106 46.51941274440077 -2.6723642 -5.516106 0.4255837 304.93983257650956 46.51939638408865 304.8385670205632 46.61078148367196 35.26579444634916 307.10822401580526 5400.0 5400.0 2016.0 1 407 {-999.0 12.850263 12.343394 12.09538 -999.0} sdss_psfmag_from_g3xp 12.723882 12.323865 11.727272 10.739 63050395015304437 1068575161 bright_1x1 mwm_ob_core_boss_single mwm_ob science 0 0 1.3036311864852905 0.0 -999 ""
FIBERMAP 86 R-12C11 METROLOGY 0 0 0 1 0 0 76.8660899988122 -252.27883471123292 143.1 68.92531933083391 -254.56734335753032 17.932606 13.851833 -999.0 -999.0 -999.0 -999.0 -999.0 304.94004948492136 46.52270669302669 304.83865439139356 46.61407369839235 35.266567015523 307.1121443235404 -999.0 6231.0 -999.0 -1 -999 {-999.0 -999.0 -999.0 -999.0 -999.0} "" -999.0 -999.0 -999.0 -999.0 -999 -999 "" "" "" "" 0 0 0.0 0.0 -999 ""
FIBERMAP 97 R-4C15 APOGEE 1 1 0 1 0 0 79.95447748159967 -71.79520807997184 143.1 77.66705514462527 -74.26619980429754 33.551285 108.98017 305.0122691756941 47.33608024207936 -6.202686 -3.6917002 0.20500056 305.0122420298563 47.33606929280066 304.9072108457048 47.427354982861125 35.48438873211476 308.0748486341008 16000.0 16600.0 2016.0 2 191 {-999.0 16.076986 14.078357 12.969458 -999.0} sdss_psfmag_from_g3xp 15.1141205 13.63124 12.456871 9.414 63050395015410683 1151795334 bright_1x1 mwm_galactic_core_dist_apogee_sparse mwm_galactic science 0 0 0.0 0.0 -999 ""
FIBERMAP 97 R-4C15 BOSS 0 0 0 1 0 0 80.54634330041448 -72.23793264924002 143.1 78.24476865486514 -74.7272581236752 33.551285 108.98017 -999.0 -999.0 -999.0 -999.0 -999.0 305.0157263168633 47.333857099241534 304.9111221292207 47.42520869133555 35.486534762064736 308.0715985904935 -999.0 5400.0 -999.0 1 314 {-999.0 -999.0 -999.0 -999.0 -999.0} "" -999.0 -999.0 -999.0 -999.0 -999 -999 "" "" "" "" 0 0 0.0 0.0 -999 ""
FIBERMAP 97 R-4C15 METROLOGY 0 0 0 1 0 0 79.86135808237036 -72.53713587253165 143.1 77.55073429243069 -75.00485765707626 33.551285 108.98017 -999.0 -999.0 -999.0 -999.0 -999.0 305.0111558846559 47.332644598999124 304.90643437678966 47.42397127680117 35.48317605405763 308.070915944322 -999.0 6231.0 -999.0 -1 -999 {-999.0 -999.0 -999.0 -999.0 -999.0} "" -999.0 -999.0 -999.0 -999.0 -999 -999 "" "" "" "" 0 0 0.0 0.0 -999 ""
FIBERMAP 103 R-8C3 APOGEE 1 1 0 1 0 0 -160.64193121662032 -162.35615632688604 143.1 -165.65249055761424 -157.24590054723043 172.46573 167.57806 303.3882463536894 46.96020566608157 -3.6222174 -4.022426 0.11684006 303.38823061288923 46.96019373589947 303.2829998369596 47.048532731996026 34.32566289208504 307.9163672606419 16000.0 16600.0 2016.0 2 267 {-999.0 15.860975 13.835691 12.710949 -999.0} sdss_psfmag_from_g3xp 14.877545 13.383685 12.200881 9.122 63050395014951489 1151795041 bright_1x1 mwm_galactic_core_dist_apogee_sparse mwm_galactic science 0 0 0.0 0.0 -999 ""
FIBERMAP 103 R-8C3 BOSS 0 0 0 1 0 0 -161.34354807150442 -162.12511856910353 143.1 -166.34653543486996 -156.99298984025583 172.46573 167.57806 -999.0 -999.0 -999.0 -999.0 -999.0 303.3831535313524 46.96122287182778 303.27833940625356 47.04962027641057 34.322819693236006 307.918527345063 -999.0 5400.0 -999.0 1 476 {-999.0 -999.0 -999.0 -999.0 -999.0} "" -999.0 -999.0 -999.0 -999.0 -999 -999 "" "" "" "" 0 0 0.0 0.0 -999 ""
FIBERMAP 103 R-8C3 METROLOGY 0 0 0 1 0 0 -160.7909899321093 -161.6157782582683 143.1 -165.77828135450065 -156.5012038889729 172.46573 167.57806 -999.0 -999.0 -999.0 -999.0 -999.0 303.3869808526154 46.96347934590008 303.28204018964857 47.05186411085826 34.32578696187807 307.9204753720323 -999.0 6231.0 -999.0 -1 -999 {-999.0 -999.0 -999.0 -999.0 -999.0} "" -999.0 -999.0 -999.0 -999.0 -999 -999 "" "" "" "" 0 0 0.0 0.0 -999 ""
FIBERMAP 107 R-3C24 APOGEE 0 0 0 1 0 0 272.66512715992263 -73.80502142562351 143.1 270.2232079086761 -82.31296419904506 24.354744 27.989468 -999.0 -999.0 -999.0 -999.0 -999.0 306.29131680424814 47.28674418151315 306.188026865085 47.38039297021548 36.324415164507265 307.8042427589922 -999.0 16600.0 -999.0 2 222 {-999.0 -999.0 -999.0 -999.0 -999.0} "" -999.0 -999.0 -999.0 -999.0 -999 -999 "" "" "" "" 0 0 0.0 0.0 -999 ""
FIBERMAP 107 R-3C24 BOSS 1 1 0 1 0 0 272.2097665956067 -74.39248949134185 143.1 269.7496573836411 -82.88588614072343 24.354744 27.989468 306.2872031680781 47.284167795934906 -2.9661343 -4.487867 0.3856085 306.2876799670146 47.28415448529467 306.18479817014236 47.37785078915587 36.3217790902403 307.8016708449442 5400.0 5400.0 2016.0 1 253 {-999.0 13.374976 12.761516 12.466948 -999.0} sdss_psfmag_from_g3xp 13.210821 12.742978 12.08686 11.056 63050395015283629 1068575120 bright_1x1 mwm_ob_core_boss_single mwm_ob science 0 0 1.196063756942749 0.0 -999 ""
FIBERMAP 107 R-3C24 METROLOGY 0 0 0 1 0 0 271.9264336229799 -73.69626652616647 143.1 269.48827265844426 -82.18111660653423 24.354744 27.989468 -999.0 -999.0 -999.0 -999.0 -999.0 306.286226720998 47.287371926133126 306.1832158667463 47.38104965493458 36.32134562182369 307.8058231749138 -999.0 6231.0 -999.0 -1 -999 {-999.0 -999.0 -999.0 -999.0 -999.0} "" -999.0 -999.0 -999.0 -999.0 -999 -999 "" "" "" "" 0 0 0.0 0.0 -999 ""
FIBERMAP 110 R-1C13 APOGEE 1 1 0 1 0 0 -23.029656708653857 -16.787420296245298 143.1 -23.54469329064741 -16.05789451393557 157.24524 126.2865 304.3324464542754 47.6032838493978 -2.1262465 -3.4340162 0.10173428 304.3324371014024 47.60327366439118 304.2254679268077 47.693241468514984 35.089927930581595 308.5109877916803 16000.0 16600.0 2016.0 2 162 {-999.0 16.645153 14.835766 13.9897 -999.0} sdss_psfmag_from_g3xp 15.815538 14.599019 13.522561 10.768 63050395015826556 1151795892 bright_1x1 mwm_galactic_core_dist_apogee_sparse mwm_galactic science 0 0 0.0 0.0 -999 ""
FIBERMAP 110 R-1C13 BOSS 0 0 0 1 0 0 -23.20967782438359 -16.07042685282734 143.1 -23.70216445680456 -15.3356012773811 157.24524 126.2865 -999.0 -999.0 -999.0 -999.0 -999.0 304.33093545496814 47.60649568654268 304.2243718852344 47.69652113983461 35.089898002363185 308.5150959145187 -999.0 5400.0 -999.0 1 346 {-999.0 -999.0 -999.0 -999.0 -999.0} "" -999.0 -999.0 -999.0 -999.0 -999 -999 "" "" "" "" 0 0 0.0 0.0 -999 ""
FIBERMAP 110 R-1C13 METROLOGY 0 0 0 1 0 0 -22.492752923614134 -16.258855761167403 143.1 -22.991483806739517 -15.546402995073016 157.24524 126.2865 -999.0 -999.0 -999.0 -999.0 -999.0 304.33586144808714 47.605551452379466 304.22918819373405 47.69556893654033 35.09286625973071 308.51312351371746 -999.0 6231.0 -999.0 -1 -999 {-999.0 -999.0 -999.0 -999.0 -999.0} "" -999.0 -999.0 -999.0 -999.0 -999 -999 "" "" "" "" 0 0 0.0 0.0 -999 ""
FIBERMAP 114 R-12C15 APOGEE 1 1 0 1 0 0 170.87438424293424 -235.79431590988295 143.1 163.40544901992607 -241.03607066699246 359.21646 106.53137 305.5613680140286 46.58053346328758 -3.2140644 -4.9233804 0.10359738 305.56135414502137 46.58051886095044 305.46013047955455 46.672975405344374 35.69597971455737 307.07111233909876 16000.0 16600.0 2016.0 2 236 {-999.0 17.918934 15.474513 14.398102 -999.0} sdss_psfmag_ps1 16.64505 14.944407 13.704827 10.195 63050395015312517 1153345233 bright_1x1 mwm_galactic_core_dist_apogee_sparse mwm_galactic science 0 0 0.0 0.0 -999 ""
FIBERMAP 114 R-12C15 BOSS 0 0 0 1 0 0 171.06487158526002 -236.51325487416128 143.1 163.57332048581566 -241.76063642253354 359.21646 106.53137 -999.0 -999.0 -999.0 -999.0 -999.0 305.56190998988706 46.57724340316689 305.46110473844755 46.66976109430235 35.695959874156536 307.0670698012613 -999.0 5400.0 -999.0 1 258 {-999.0 -999.0 -999.0 -999.0 -999.0} "" -999.0 -999.0 -999.0 -999.0 -999 -999 "" "" "" "" 0 0 0.0 0.0 -999 ""
FIBERMAP 114 R-12C15 METROLOGY 0 0 0 1 0 0 170.33790262305345 -236.31680952144296 143.1 162.85285171155707 -241.54150737272832 359.21646 106.53137 -999.0 -999.0 -999.0 -999.0 -999.0 305.55735551576396 46.57825911999729 305.4564262929025 46.67075138105294 35.69302839038881 307.0690905453282 -999.0 6231.0 -999.0 -1 -999 {-999.0 -999.0 -999.0 -999.0 -999.0} "" -999.0 -999.0 -999.0 -999.0 -999 -999 "" "" "" "" 0 0 0.0 0.0 -999 ""
FIBERMAP 115 R-11C13 APOGEE 1 1 0 1 0 0 119.6737991674041 -206.48826131246827 143.1 113.1473827067692 -210.1397457960877 73.81566 52.29566 305.23582938106375 46.72034980042806 -2.523382 -3.5461617 0.19550107 305.23581846423485 46.72033928280732 305.133641548974 46.81216675265829 35.50654673490678 307.2963745958302 16000.0 16600.0 2016.0 2 166 {-999.0 17.072859 15.072797 14.187726 -999.0} sdss_psfmag_ps1 16.063683 14.696382 13.558977 10.56 63050395015320735 1153345087 bright_1x1 mwm_galactic_core_dist_apogee_sparse mwm_galactic science 0 0 0.0 0.0 -999 ""
FIBERMAP 115 R-11C13 BOSS 0 0 0 1 0 0 120.11464454690709 -207.08209164294183 143.1 113.56941313997854 -210.74710641955303 73.81566 52.29566 -999.0 -999.0 -999.0 -999.0 -999.0 305.2381424032065 46.71751492204407 305.1363878824941 46.80940762044825 35.50780076948647 307.29257371273025 -999.0 5400.0 -999.0 1 395 {-999.0 -999.0 -999.0 -999.0 -999.0} "" -999.0 -999.0 -999.0 -999.0 -999 -999 "" "" "" "" 0 0 0.0 0.0 -999 ""
FIBERMAP 115 R-11C13 METROLOGY 0 0 0 1 0 0 119.37634590357307 -207.17234154369933 143.1 112.82863748529594 -210.81418148395565 73.81566 52.29566 -999.0 -999.0 -999.0 -999.0 -999.0 305.23336272307716 46.71726060725185 305.13148821179436 46.809127441123024 35.50446384619767 307.2931081190199 -999.0 6231.0 -999.0 -1 -999 {-999.0 -999.0 -999.0 -999.0 -999.0} "" -999.0 -999.0 -999.0 -999.0 -999 -999 "" "" "" "" 0 0 0.0 0.0 -999 ""
FIBERMAP 117 R-1C9 APOGEE 1 1 0 1 0 0 -88.29815065467304 -28.742756882753596 143.1 -89.15676656075038 -25.96259593336392 342.64847 97.760994 303.8897065994048 47.55758719542614 -3.0075946 0.7412488 2.580665 303.8896933812217 47.55758939390756 303.7824196586729 47.64674128391342 34.78852994871668 308.53325357939406 16000.0 16600.0 2016.0 2 244 {-999.0 17.987572 16.543806 15.584336 -999.0} sdss_psfmag_ps1 17.31799 16.165148 15.099183 12.933 63050395015850524 1034921874 bright_1x1 mwm_yso_pms_apogee_sagitta_edr3_single mwm_yso science 0 0 0.0 0.0 -999 ""
FIBERMAP 117 R-1C9 BOSS 0 0 0 1 0 0 -88.40076248997183 -29.478059868196446 143.1 -89.28236777578557 -26.694334713569507 342.64847 97.760994 -999.0 -999.0 -999.0 -999.0 -999.0 303.88838146930254 47.55418020166579 303.7815469358182 47.64339331695134 34.78723225036323 308.5294281154007 -999.0 5400.0 -999.0 1 481 {-999.0 -999.0 -999.0 -999.0 -999.0} "" -999.0 -999.0 -999.0 -999.0 -999 -999 "" "" "" "" 0 0 0.0 0.0 -999 ""
FIBERMAP 117 R-1C9 METROLOGY 0 0 0 1 0 0 -88.99429821645832 -29.023271519634942 143.1 -89.86137242479421 -26.22116602386161 342.64847 97.760994 -999.0 -999.0 -999.0 -999.0 -999.0 303.88459547477237 47.556342398112754 303.7776268010987 47.64553001511986 34.785115519321145 308.5326634507957 -999.0 6231.0 -999.0 -1 -999 {-999.0 -999.0 -999.0 -999.0 -999.0} "" -999.0 -999.0 -999.0 -999.0 -999 -999 "" "" "" "" 0 0 0.0 0.0 -999 ""
FIBERMAP 119 R0C6 APOGEE 0 0 0 1 0 0 -189.75650688535427 -14.822505297127746 143.1 -190.13079410176155 -8.870117460147306 269.252 77.84418 -999.0 -999.0 -999.0 -999.0 -999.0 303.21016171387384 47.63121259644902 303.1018129014615 47.71907486327874 34.35735954717196 308.74105477829204 -999.0 16600.0 -999.0 2 -999 {-999.0 -999.0 -999.0 -999.0 -999.0} "" -999.0 -999.0 -999.0 -999.0 -999 -999 "" "" "" "" 0 0 0.0 0.0 -999 ""
FIBERMAP 119 R0C6 BOSS 1 1 0 1 0 0 -190.47559373733932 -14.692560927242775 143.1 -190.84546808208987 -8.7177047670177 269.252 77.84418 303.204336447421 47.6317908465294 1.3131354 0.48786086 0.68787867 303.20485763684803 47.63179229348394 303.09693238376184 47.719710998847866 34.35430021753177 308.7426917843348 5400.0 5400.0 2016.0 1 494 {-999.0 12.903654 12.422322 12.249344 -999.0} sdss_psfmag_from_g3xp 12.799719 12.4417305 11.904787 10.988 63050395015941865 996741235 bright_1x1 mwm_bin_gaia_sb_boss mwm_bin science 0 0 1.2503916025161743 0.0 -999 ""
FIBERMAP 119 R0C6 METROLOGY 0 0 0 1 0 0 -189.9885795364468 -14.113418373593902 143.1 -190.34053980457486 -8.154096137846748 269.252 77.84418 -999.0 -999.0 -999.0 -999.0 -999.0 303.20831891061704 47.634401061722116 303.1002635924114 47.72230675842947 34.357063103947496 308.74515253764565 -999.0 6231.0 -999.0 -1 -999 {-999.0 -999.0 -999.0 -999.0 -999.0} "" -999.0 -999.0 -999.0 -999.0 -999 -999 "" "" "" "" 0 0 0.0 0.0 -999 ""
FIBERMAP 120 R-7C13 APOGEE 1 0 0 1 1 0 64.02947707233167 -132.91762961191165 143.1 59.83456362614361 -134.8606382043817 335.493 153.53549 304.8256158617518 46.94775922135521 -2.0089183 -4.9561024 0.22961861 304.8887917149464 47.06159033871436 304.7847844162444 47.152704812597726 35.34584009533751 307.76654185197293 16000.0 16600.0 2016.0 2 163 {-999.0 16.14464 13.976008 12.385041 -999.0} sdss_psfmag_from_g3xp 15.058759 13.083423 11.778933 8.31 63050395015346449 1151795250 bright_1x1 mwm_galactic_core_dist_apogee_sparse mwm_galactic science 0 0 0.0 0.0 -999 ""
FIBERMAP 120 R-7C13 BOSS 0 0 0 1 1 0 64.49919415198292 -133.50234003524258 143.1 60.285737787081715 -135.4597878445944 335.493 153.53549 -999.0 -999.0 -999.0 -999.0 -999.0 304.8913844611896 47.05875038527762 304.7878052055326 47.14993091020244 35.34726269485544 307.76268611611044 -999.0 5400.0 -999.0 1 354 {-999.0 -999.0 -999.0 -999.0 -999.0} "" -999.0 -999.0 -999.0 -999.0 -999 -999 "" "" "" "" 0 0 0.0 0.0 -999 ""
FIBERMAP 120 R-7C13 METROLOGY 0 0 0 1 1 0 63.773949785129034 -133.62161373059024 143.1 59.557100851048354 -135.55628192845856 335.493 153.53549 -999.0 -999.0 -999.0 -999.0 -999.0 304.8866271953061 47.058360922979446 304.7829271166625 47.14951554651588 35.34393225513805 307.76304689625715 -999.0 6231.0 -999.0 -1 -999 {-999.0 -999.0 -999.0 -999.0 -999.0} "" -999.0 -999.0 -999.0 -999.0 -999 -999 "" "" "" "" 0 0 0.0 0.0 -999 ""
FIBERMAP 124 R-6C12 APOGEE 0 0 0 1 0 0 30.699298146395297 -119.4356669405288 143.1 26.942624173145994 -120.3407955980934 297.89572 152.95708 -999.0 -999.0 -999.0 -999.0 -999.0 304.66978428674275 47.128233714354735 304.5652440100774 47.21892820924061 35.214051457358096 307.8845432285647 -999.0 16600.0 -999.0 2 -999 {-999.0 -999.0 -999.0 -999.0 -999.0} "" -999.0 -999.0 -999.0 -999.0 -999 -999 "" "" "" "" 0 0 0.0 0.0 -999 ""
FIBERMAP 124 R-6C12 BOSS 1 1 0 1 0 0 30.713629437643014 -120.1751410048586 143.1 26.93377985738111 -121.08036747480101 297.89572 152.95708 304.6693046066593 47.12477835476451 -1.4771963 -4.6646547 0.38734132 304.66929816748467 47.12476451978676 304.5651875205904 47.21552033326517 35.21328919335662 307.88047747106157 5400.0 5400.0 2016.0 1 378 {-999.0 18.678705 17.715332 17.167574 -999.0} sdss_psfmag_ps1 18.350018 17.616808 16.786728 15.104 63050395015358985 980252133 "" ops_std_boss_red ops_std standard_boss 0 0 0.0 0.0 -999 ""
FIBERMAP 124 R-6C12 METROLOGY 0 0 0 1 0 0 30.06275539842889 -119.82486523256406 143.1 26.294189596685722 -120.70986523093855 297.89572 152.95708 -999.0 -999.0 -999.0 -999.0 -999.0 304.6651487829883 47.12648535982235 304.560908427814 47.21721564492351 35.21080983400478 307.88326161521417 -999.0 6231.0 -999.0 -1 -999 {-999.0 -999.0 -999.0 -999.0 -999.0} "" -999.0 -999.0 -999.0 -999.0 -999 -999 "" "" "" "" 0 0 0.0 0.0 -999 ""
FIBERMAP 126 R-7C19 APOGEE 0 0 0 1 0 0 208.64599371228465 -138.13695433475266 143.1 204.2188666427933 -144.6085303404808 31.936956 71.77943 -999.0 -999.0 -999.0 -999.0 -999.0 305.8456856467842 47.01089743485982 305.7430089331199 47.10378698302893 35.973681165512566 307.54219462143243 -999.0 16600.0 -999.0 2 -999 {-999.0 -999.0 -999.0 -999.0 -999.0} "" -999.0 -999.0 -999.0 -999.0 -999 -999 "" "" "" "" 0 0 0.0 0.0 -999 ""
FIBERMAP 126 R-7C19 BOSS 1 1 0 1 0 0 208.84460658139508 -138.85131806107884 143.1 204.39500312518223 -145.3287776156458 31.936956 71.77943 305.8463494323361 47.00758812876292 -2.7932305 -4.8002224 0.04265465 305.84633728323973 47.0075738917023 305.74407939707964 47.100521877628495 35.9737375554113 307.5380614282302 5400.0 5400.0 2016.0 1 320 {-999.0 19.229082 18.008934 17.411573 16.925646} sdss_psfmag_from_ps1dr2 18.7868 17.9773 17.005 14.904 63050395015368145 1038702418 "" ops_std_boss_ps1dr2 ops_std standard_boss 0 0 0.0 0.0 -999 ""
FIBERMAP 126 R-7C19 METROLOGY 0 0 0 1 0 0 208.11516301253513 -138.66124504486993 143.1 203.67186126497415 -145.11594034282072 31.936956 71.77943 -999.0 -999.0 -999.0 -999.0 -999.0 305.84172530359876 47.00859526947652 305.7393431231585 47.10151855753643 35.9707802855024 307.5400698295356 -999.0 6231.0 -999.0 -1 -999 {-999.0 -999.0 -999.0 -999.0 -999.0} "" -999.0 -999.0 -999.0 -999.0 -999 -999 "" "" "" "" 0 0 0.0 0.0 -999 ""
FIBERMAP 129 R-6C21 APOGEE 1 1 0 1 0 0 216.639192580507 -125.46312173690285 143.1 212.60535885059693 -132.19115566128448 218.50688 129.68782 305.90311532629784 47.06633696112737 -2.5777507 -2.405711 -0.035680573 305.903104102074 47.066329825988475 305.8002646434616 47.159313246555456 36.02298236981272 307.5997710382918 16000.0 16600.0 2016.0 2 194 {-999.0 21.854336 18.379097 15.404642 -999.0} sdss_psfmag_ps1 19.515232 14.970444 13.26318 7.219 63050395015381148 1153345222 bright_1x1 mwm_galactic_core_dist_apogee_sparse mwm_galactic science 0 0 0.0 0.0 -999 ""
FIBERMAP 129 R-6C21 BOSS 0 0 0 1 0 0 215.90825277760774 -125.34267183300825 143.1 211.878540073367 -132.04786155458532 218.50688 129.68782 -999.0 -999.0 -999.0 -999.0 -999.0 305.89796849121524 47.066956300398495 305.79552423043583 47.15998625696522 36.01995888993466 307.6013834749101 -999.0 5400.0 -999.0 1 333 {-999.0 -999.0 -999.0 -999.0 -999.0} "" -999.0 -999.0 -999.0 -999.0 -999 -999 "" "" "" "" 0 0 0.0 0.0 -999 ""
FIBERMAP 129 R-6C21 METROLOGY 0 0 0 1 0 0 216.38393503821456 -124.76493334804934 143.1 212.37209780110058 -131.48530128104275 218.50688 129.68782 -999.0 -999.0 -999.0 -999.0 -999.0 305.9014264298641 47.0694791726429 305.798861264881 47.162499037670194 36.02268460276474 307.6038663983278 -999.0 6231.0 -999.0 -1 -999 {-999.0 -999.0 -999.0 -999.0 -999.0} "" -999.0 -999.0 -999.0 -999.0 -999 -999 "" "" "" "" 0 0 0.0 0.0 -999 ""
FIBERMAP 130 R-9C15 APOGEE 0 0 0 1 0 0 140.5510348733597 -175.18413827360573 143.1 134.99550673147368 -179.50460465483084 29.238472 82.051414 -999.0 -999.0 -999.0 -999.0 -999.0 305.3837477586423 46.85723070732718 305.2811699844266 46.949302438480636 35.63390625254791 307.43521633479213 -999.0 16600.0 -999.0 2 -999 {-999.0 -999.0 -999.0 -999.0 -999.0} "" -999.0 -999.0 -999.0 -999.0 -999 -999 "" "" "" "" 0 0 0.0 0.0 -999 ""
FIBERMAP 130 R-9C15 BOSS 1 1 0 1 0 0 140.83108962393942 -175.86044451741532 143.1 135.25423881150707 -180.18936421548148 29.238472 82.051414 305.38496518742016 46.85407544308224 6.6987395 -9.086438 0.007840824 305.38499424004567 46.85404849345942 305.2828386717083 46.94618238273063 35.634370972583355 307.43116981707715 5400.0 5400.0 2016.0 1 265 {-999.0 16.213602 15.481815 15.084549 -999.0} sdss_psfmag_ps1 15.970865 15.704162 14.684513 13.328 63050395015371337 1093562307 bright_1x1 mwm_astar_core_boss_single mwm_ob science 0 0 0.0 0.0 -999 ""
FIBERMAP 130 R-9C15 METROLOGY 0 0 0 1 0 0 140.09671564661303 -175.77596258936174 143.1 134.52286056176777 -180.08191340420154 29.238472 82.051414 -999.0 -999.0 -999.0 -999.0 -999.0 305.3802856360142 46.854584482286626 305.27800689530613 46.94669281601018 35.63125098599254 307.43262896058883 -999.0 6231.0 -999.0 -1 -999 {-999.0 -999.0 -999.0 -999.0 -999.0} "" -999.0 -999.0 -999.0 -999.0 -999 -999 "" "" "" "" 0 0 0.0 0.0 -999 ""
FIBERMAP 136 R-10C12 APOGEE 0 0 0 1 0 0 80.03803519920329 -181.64396513357053 143.1 74.30885147685062 -184.0654029686767 79.59681 77.06744 -999.0 -999.0 -999.0 -999.0 -999.0 304.9815580850834 46.83878736007891 304.8785959766036 46.93012017413085 35.361159364792826 307.48322039504586 -999.0 16600.0 -999.0 2 -999 {-999.0 -999.0 -999.0 -999.0 -999.0} "" -999.0 -999.0 -999.0 -999.0 -999 -999 "" "" "" "" 0 0 0.0 0.0 -999 ""
FIBERMAP 136 R-10C12 BOSS 1 1 0 1 0 0 80.6983839595591 -181.91366642007984 143.1 74.96043647484152 -184.3556658518504 79.59681 77.06744 304.9835026433338 46.83733940092392 -1.1853427 4.828737 2.6260114 304.98547148905357 46.837353722555086 304.88293018548933 46.92875562858986 35.36376124258409 307.48081357141785 5400.0 5400.0 2016.0 1 369 {-999.0 6.26901 6.583625 6.795628 -999.0} sdss_psfmag_from_g3xp 6.4071155 6.447167 6.4719586 6.582 63050395015347071 1093754149 bright_1x1 mwm_astar_core_boss_single mwm_ob science 0 0 4.861251354217529 0.0 -999 ""
FIBERMAP 136 R-10C12 METROLOGY 0 0 0 1 0 0 80.12919194409292 -182.3844733565991 143.1 74.37676372533326 -184.8084155663786 79.59681 77.06744 -999.0 -999.0 -999.0 -999.0 -999.0 304.9816764387928 46.835356177465144 304.8790233710687 46.92673371443584 35.360724254943975 307.4790867874124 -999.0 6231.0 -999.0 -1 -999 {-999.0 -999.0 -999.0 -999.0 -999.0} "" -999.0 -999.0 -999.0 -999.0 -999 -999 "" "" "" "" 0 0 0.0 0.0 -999 ""
FIBERMAP 138 R-2C24 APOGEE 0 0 0 1 0 0 244.37939721595393 -52.03444510530769 143.1 242.63301596209234 -59.6664945016503 263.21198 116.12967 -999.0 -999.0 -999.0 -999.0 -999.0 306.11420970222775 47.391564673406 306.01026251423576 47.48486768428188 36.22664006412574 307.9602347281086 -999.0 16600.0 -999.0 2 -999 {-999.0 -999.0 -999.0 -999.0 -999.0} "" -999.0 -999.0 -999.0 -999.0 -999 -999 "" "" "" "" 0 0 0.0 0.0 -999 ""
FIBERMAP 138 R-2C24 BOSS 1 1 0 1 0 0 243.6850259577228 -52.28946928856451 143.1 241.93098421103312 -59.89964189921035 263.21198 116.12967 306.1092081446444 47.39055798874207 -10.971332 -14.52546 2.9254277 306.10916007941404 47.390514907426265 306.0056144603753 47.4838633607572 36.223363837004804 307.95976779735844 5400.0 5400.0 2016.0 1 260 {-999.0 16.145151 14.868918 14.388075 -999.0} sdss_psfmag_from_g3xp 15.6228895 14.922507 13.920625 11.696 63050395015389133 1035024647 bright_1x1 mwm_yso_pms_boss_sagitta_edr3_single mwm_yso science 0 0 0.0 0.0 -999 ""
FIBERMAP 138 R-2C24 METROLOGY 0 0 0 1 0 0 243.80420527828144 -51.55924386862121 143.1 242.07298595519123 -59.17349735641714 263.21198 116.12967 -999.0 -999.0 -999.0 -999.0 -999.0 306.1103348345645 47.39380304552214 306.0066630003984 47.48713713253882 36.224693361887965 307.96357885196244 -999.0 6231.0 -999.0 -1 -999 {-999.0 -999.0 -999.0 -999.0 -999.0} "" -999.0 -999.0 -999.0 -999.0 -999 -999 "" "" "" "" 0 0 0.0 0.0 -999 ""
FIBERMAP 140 R-4C12 APOGEE 0 0 0 1 0 0 5.969402454784451 -97.72221973671617 143.1 2.9047877226011884 -97.86283735509895 345.0882 44.198864 -999.0 -999.0 -999.0 -999.0 -999.0 304.50946033370354 47.23071124720065 304.4043003157208 47.32108650719231 35.1290985661671 308.0350970996082 -999.0 16600.0 -999.0 2 -999 {-999.0 -999.0 -999.0 -999.0 -999.0} "" -999.0 -999.0 -999.0 -999.0 -999 -999 "" "" "" "" 0 0 0.0 0.0 -999 ""
FIBERMAP 140 R-4C12 BOSS 1 1 0 1 0 0 5.3402546673963185 -98.10345057639258 143.1 2.2639942264337005 -98.22417501456482 345.0882 44.198864 304.50474745569073 47.228983389531514 -1.782332 -4.958942 0.68696636 304.50473967115266 47.22896868172233 304.3999991973098 47.31939744272796 35.12588970887992 308.0338395151115 5400.0 5400.0 2016.0 1 365 {-999.0 17.765087 16.907633 16.51928 -999.0} sdss_psfmag_ps1 17.479 16.903477 16.181793 14.713 63050395015812385 981829392 "" ops_std_boss_tic ops_std standard_boss 0 0 0.0 0.0 -999 ""
FIBERMAP 140 R-4C12 METROLOGY 0 0 0 1 0 0 5.318633405906467 -97.35730656137954 143.1 2.2657610135538184 -97.4777079496236 345.0882 44.198864 -999.0 -999.0 -999.0 -999.0 -999.0 304.50488503023655 47.232387220484895 304.4000118835617 47.322797891695394 35.126623219014796 308.03789925533596 -999.0 6231.0 -999.0 -1 -999 {-999.0 -999.0 -999.0 -999.0 -999.0} "" -999.0 -999.0 -999.0 -999.0 -999 -999 "" "" "" "" 0 0 0.0 0.0 -999 ""
FIBERMAP 142 R0C2 APOGEE 1 1 0 1 0 0 -265.58503890721653 -14.999227699182255 143.1 -265.928848880124 -6.670937475169354 297.00824 102.59142 302.70570976988364 47.63554426093039 -5.0762105 -8.489036 0.21009207 302.70568742701613 47.635519083155366 302.596775561405 47.72243051451825 34.027099032719335 308.83759421449275 16000.0 16600.0 2016.0 2 295 {-999.0 15.292419 13.88549 13.222456 -999.0} sdss_psfmag_from_g3xp 14.724946 13.768936 12.807709 10.534 63050395015075285 1151794891 bright_1x1 mwm_galactic_core_dist_apogee_sparse mwm_galactic science 0 0 0.0 0.0 -999 ""
FIBERMAP 142 R0C2 BOSS 0 0 0 1 0 0 -266.18985411985454 -15.429179983069226 143.1 -266.5468478719972 -7.081735813987399 297.00824 102.59142 -999.0 -999.0 -999.0 -999.0 -999.0 302.701212937012 47.63353819431405 302.5927419465075 47.72051044705847 34.02401902044038 308.8360855906114 -999.0 5400.0 -999.0 1 423 {-999.0 -999.0 -999.0 -999.0 -999.0} "" -999.0 -999.0 -999.0 -999.0 -999 -999 "" "" "" "" 0 0 0.0 0.0 -999 ""
FIBERMAP 142 R0C2 METROLOGY 0 0 0 1 0 0 -266.2610120736571 -14.686042875531356 143.1 -266.5946884608901 -6.336722171625696 297.00824 102.59142 -999.0 -999.0 -999.0 -999.0 -999.0 302.7009227623585 47.63692251212912 302.59231263742504 47.72387396820451 34.024505284144574 308.84011634648635 -999.0 6231.0 -999.0 -1 -999 {-999.0 -999.0 -999.0 -999.0 -999.0} "" -999.0 -999.0 -999.0 -999.0 -999 -999 "" "" "" "" 0 0 0.0 0.0 -999 ""
FIBERMAP 144 R-4C4 APOGEE 0 0 0 1 0 0 -172.2209352975588 -86.91849230805599 143.1 -174.86242328449066 -81.48127802427791 296.2257 129.2481 -999.0 -999.0 -999.0 -999.0 -999.0 303.31913882784073 47.30250540680547 303.2123506616947 47.39064208287013 34.356511078289984 308.333081239196 -999.0 16600.0 -999.0 2 -999 {-999.0 -999.0 -999.0 -999.0 -999.0} "" -999.0 -999.0 -999.0 -999.0 -999 -999 "" "" "" "" 0 0 0.0 0.0 -999 ""
FIBERMAP 144 R-4C4 BOSS 1 1 0 1 0 0 -172.5304285628228 -87.60563481819246 143.1 -175.1932987347475 -82.15839730584673 296.2257 129.2481 303.31650811032785 47.29933313376082 -999.0 -999.0 -999.0 303.31650811032785 47.29933313376082 303.21016004484125 47.387532709679306 34.35436568530881 308.3298162799095 5400.0 5400.0 2015.5 1 455 {-999.0 -999.0 -999.0 -999.0 -999.0} "" -999.0 -999.0 -999.0 -999.0 27021603114181419 818195297 "" ops_sky_boss_good ops_sky sky_boss 0 0 0.0 0.0 -999 ""
FIBERMAP 144 R-4C4 METROLOGY 0 0 0 1 0 0 -172.9630258216661 -86.99571688019452 143.1 -175.60658091648563 -81.53521514119481 296.2257 129.2481 -999.0 -999.0 -999.0 -999.0 -999.0 303.3138291048382 47.302163624381656 303.2073441922339 47.390338539337314 34.353140436623036 308.3336477677709 -999.0 6231.0 -999.0 -1 -999 {-999.0 -999.0 -999.0 -999.0 -999.0} "" -999.0 -999.0 -999.0 -999.0 -999 -999 "" "" "" "" 0 0 0.0 0.0 -999 ""
FIBERMAP 146 R-8C5 APOGEE 1 1 0 1 0 0 -92.36183548620177 -150.38960806898046 143.1 -97.02989456363338 -147.4243506556417 68.9619 50.303055 303.84242266341863 47.005905187661924 -4.4299664 -3.9750333 0.24419956 303.84240339598057 47.00589339804254 303.737464624342 47.095072906288266 34.637708528083856 307.88663983738314 16000.0 16600.0 2016.0 2 265 {-999.0 15.664951 14.003225 13.247536 -999.0} sdss_psfmag_from_g3xp 14.921003 13.834715 12.805863 10.314 63050395015799694 1151795885 bright_1x1 mwm_galactic_core_dist_apogee_sparse mwm_galactic science 0 0 0.0 0.0 -999 ""
FIBERMAP 146 R-8C5 BOSS 0 0 0 1 0 0 -91.98820152833619 -151.03809674591847 143.1 -96.67675615615963 -148.08423783416097 68.9619 50.303055 -999.0 -999.0 -999.0 -999.0 -999.0 303.844321721303 47.002801388840155 303.73982069844124 47.09205087101846 34.6385984049279 307.88262454810723 -999.0 5400.0 -999.0 1 480 {-999.0 -999.0 -999.0 -999.0 -999.0} "" -999.0 -999.0 -999.0 -999.0 -999 -999 "" "" "" "" 0 0 0.0 0.0 -999 ""
FIBERMAP 146 R-8C5 METROLOGY 0 0 0 1 0 0 -92.73815298862111 -151.03483694855584 143.1 -97.42624929820767 -148.05748251245666 68.9619 50.303055 -999.0 -999.0 -999.0 -999.0 -999.0 303.83946332239 47.00294073232983 303.7348367435977 47.092162482297645 34.63531555179995 307.88367644509145 -999.0 6231.0 -999.0 -1 -999 {-999.0 -999.0 -999.0 -999.0 -999.0} "" -999.0 -999.0 -999.0 -999.0 -999 -999 "" "" "" "" 0 0 0.0 0.0 -999 ""
FIBERMAP 147 R-3C3 APOGEE 1 1 0 1 0 0 -200.42996830584931 -71.93831269461911 143.1 -202.58870775018096 -65.62438301066263 352.04205 72.26373 303.1326034504471 47.373055486270836 -3.2800615 -4.3055058 0.22786881 303.13305700349207 47.37304271649833 303.0257603930599 47.46081490036395 34.24938192913525 308.45034430180397 16000.0 16600.0 2016.0 2 278 {-999.0 14.770305 12.784485 10.58018 -999.0} sdss_psfmag_from_g3xp 13.860679 11.317619 9.881391 6.27 63050395015063110 1151795103 bright_1x1 mwm_galactic_core_dist_apogee_sparse mwm_galactic science 0 0 1.1407842636108398 0.0 -999 ""
FIBERMAP 147 R-3C3 BOSS 0 0 0 1 0 0 -200.7524173714674 -72.61688854532157 143.1 -202.9322644415992 -66.29253377735793 352.04205 72.26373 -999.0 -999.0 -999.0 -999.0 -999.0 303.13035933202025 47.36991536696394 303.02350474539 47.45775090191807 34.24720264427916 308.44715168492064 -999.0 5400.0 -999.0 1 442 {-999.0 -999.0 -999.0 -999.0 -999.0} "" -999.0 -999.0 -999.0 -999.0 -999 -999 "" "" "" "" 0 0 0.0 0.0 -999 ""
FIBERMAP 147 R-3C3 METROLOGY 0 0 0 1 0 0 -201.176958143872 -71.97353140360782 143.1 -203.33644626426732 -65.63618071216386 352.04205 72.26373 -999.0 -999.0 -999.0 -999.0 -999.0 303.12773311367505 47.37288966172705 303.02074050736917 47.46070041516517 34.24605029816756 308.45113918648525 -999.0 6231.0 -999.0 -1 -999 {-999.0 -999.0 -999.0 -999.0 -999.0} "" -999.0 -999.0 -999.0 -999.0 -999 -999 "" "" "" "" 0 0 0.0 0.0 -999 ""
FIBERMAP 148 R-10C10 APOGEE 0 0 0 1 0 0 2.748041147342075 -194.21536893537632 143.1 -3.3383146583664884 -194.20922788300265 226.63872 61.704464 -999.0 -999.0 -999.0 -999.0 -999.0 304.4659840840356 46.79461799625039 304.36262909364535 46.88500404687045 35.00722956701307 307.5223499684171 -999.0 16600.0 -999.0 2 -999 {-999.0 -999.0 -999.0 -999.0 -999.0} "" -999.0 -999.0 -999.0 -999.0 -999 -999 "" "" "" "" 0 0 0.0 0.0 -999 ""
FIBERMAP 148 R-10C10 BOSS 1 1 0 1 0 0 2.5173656146025567 -193.49926720518408 143.1 -3.546444122259 -193.48623885943027 226.63872 61.704464 304.4643077849306 46.797934746448945 -25.166124 -57.97928 1.9460849 304.4641987529509 46.79776278468403 304.36124357101073 46.888208849709265 35.00700643998798 307.5264207836303 5400.0 5400.0 2016.0 1 370 {-999.0 19.360605 17.976137 16.70194 -999.0} sdss_psfmag_ps1 18.852388 17.38273 16.202639 13.923 63050395015340907 1072797583 bright_1x1 mwm_halo_local_high_boss_single mwm_halo science 0 0 0.0 0.0 -999 ""
FIBERMAP 148 R-10C10 METROLOGY 0 0 0 1 0 0 3.2411563189577244 -193.65545875683492 143.1 -2.827890886090171 -193.66503364696842 226.63872 61.704464 -999.0 -999.0 -999.0 -999.0 -999.0 304.469080309422 46.79697681766394 304.3660165120003 46.887413720153425 35.01001562565696 307.5246026016533 -999.0 6231.0 -999.0 -1 -999 {-999.0 -999.0 -999.0 -999.0 -999.0} "" -999.0 -999.0 -999.0 -999.0 -999 -999 "" "" "" "" 0 0 0.0 0.0 -999 ""
FIBERMAP 153 R-7C3 APOGEE 1 1 0 1 0 0 -185.7614557498606 -147.27408226178542 143.1 -190.28754138628963 -141.38395828051372 272.10873 42.39006 303.2237212934773 47.030983042581425 -2.3268137 -2.9916644 0.40751174 303.22371116861456 47.03097416955342 303.11800040276773 47.118989446190476 34.232412178066525 308.0304841451989 16000.0 16600.0 2016.0 2 300 {-999.0 14.180647 12.651004 11.945884 -999.0} sdss_psfmag_from_g3xp 13.535997 12.513137 11.519146 9.107 63050395014958522 1151794798 bright_1x1 mwm_galactic_core_dist_apogee_sparse mwm_galactic science 0 0 0.0 0.0 -999 ""
FIBERMAP 153 R-7C3 BOSS 0 0 0 1 0 0 -186.28588374855929 -146.7611565742965 143.1 -190.79564960214353 -140.85484510964744 272.10873 42.39006 -999.0 -999.0 -999.0 -999.0 -999.0 303.2198266995817 47.033256404187775 303.1145304527814 47.12133251193644 34.230651223392655 308.0338974742608 -999.0 5400.0 -999.0 1 446 {-999.0 -999.0 -999.0 -999.0 -999.0} "" -999.0 -999.0 -999.0 -999.0 -999 -999 "" "" "" "" 0 0 0.0 0.0 -999 ""
FIBERMAP 153 R-7C3 METROLOGY 0 0 0 1 0 0 -185.58134562413062 -146.5470645202831 143.1 -190.08473827684816 -140.66292894365105 272.10873 42.39006 -999.0 -999.0 -999.0 -999.0 -999.0 303.22462221726767 47.03417002218803 303.11920564157543 47.122235457629536 34.23395470074051 308.0340783306053 -999.0 6231.0 -999.0 -1 -999 {-999.0 -999.0 -999.0 -999.0 -999.0} "" -999.0 -999.0 -999.0 -999.0 -999 -999 "" "" "" "" 0 0 0.0 0.0 -999 ""
FIBERMAP 155 R-11C15 APOGEE 0 0 0 1 0 0 135.6184330291617 -200.00356594927882 143.1 129.2876187391228 -204.15769891574848 151.9517 88.29967 -999.0 -999.0 -999.0 -999.0 -999.0 305.3429207895449 46.74663253474693 305.24075711942595 46.83865206557588 35.58377212896859 307.30922292551946 -999.0 16600.0 -999.0 2 -999 {-999.0 -999.0 -999.0 -999.0 -999.0} "" -999.0 -999.0 -999.0 -999.0 -999 -999 "" "" "" "" 0 0 0.0 0.0 -999 ""
FIBERMAP 155 R-11C15 BOSS 1 1 0 1 0 0 135.96967656772867 -199.34914768895501 143.1 129.65919933523836 -203.51459643877382 151.9517 88.29967 305.34562740567236 46.74921509777357 -129.08815 69.42478 10.426334 305.34506863436843 46.74942100453661 305.24330044879616 46.8415055874528 35.586071928098974 307.31220462045434 5400.0 5400.0 2016.0 1 267 {-999.0 16.641773 15.293313 14.206811 -999.0} sdss_psfmag_ps1 16.114708 14.838978 13.720001 11.722 63050395015321037 1151071518 bright_1x1 mwm_snc_100pc_boss_single mwm_snc science 0 0 0.0 0.0 -999 ""
FIBERMAP 155 R-11C15 METROLOGY 0 0 0 1 0 0 136.36432001485161 -199.98582940253985 143.1 130.03370718303864 -204.16334051949886 151.9517 88.29967 -999.0 -999.0 -999.0 -999.0 -999.0 305.3475602954751 46.74652008624668 305.245694199221 46.8385910318015 35.587061343421865 307.30827800595273 -999.0 6231.0 -999.0 -1 -999 {-999.0 -999.0 -999.0 -999.0 -999.0} "" -999.0 -999.0 -999.0 -999.0 -999 -999 "" "" "" "" 0 0 0.0 0.0 -999 ""
FIBERMAP 159 R-8C14 APOGEE 0 0 0 1 0 0 98.84001535202938 -172.83720077591687 143.1 93.377830531073 -175.8519147686314 345.83252 59.278572 -999.0 -999.0 -999.0 -999.0 -999.0 305.10869748033826 46.875231486200896 305.00572753183036 46.9667917754529 35.45374432050079 307.50464171590096 -999.0 16600.0 -999.0 2 -999 {-999.0 -999.0 -999.0 -999.0 -999.0} "" -999.0 -999.0 -999.0 -999.0 -999 -999 "" "" "" "" 0 0 0.0 0.0 -999 ""
FIBERMAP 159 R-8C14 BOSS 1 1 0 1 0 0 98.321895918688 -173.37243792905866 143.1 92.84318741451966 -176.37066427756932 345.83252 59.278572 305.1047348893311 46.87281880380294 -1.6676322 -4.292331 0.264755 305.1047276542348 46.87280607310568 305.00217338607365 46.96441997399534 35.45087309958667 307.50242362790596 5400.0 5400.0 2016.0 1 327 {-999.0 18.961077 17.637642 16.982185 16.402668} sdss_psfmag_from_ps1dr2 18.3788 17.5578 16.5806 14.451 63050395015346850 1038702215 "" ops_std_boss_ps1dr2 ops_std standard_boss 0 0 0.0 0.0 -999 ""
FIBERMAP 159 R-8C14 METROLOGY 0 0 0 1 0 0 98.11500784914053 -172.66105850027964 143.1 92.6586861595476 -175.65314060848726 345.83252 59.278572 -999.0 -999.0 -999.0 -999.0 -999.0 305.10368139705577 46.87607296184511 305.0009960446069 46.96766707841773 35.450772712312165 307.5065280432384 -999.0 6231.0 -999.0 -1 -999 {-999.0 -999.0 -999.0 -999.0 -999.0} "" -999.0 -999.0 -999.0 -999.0 -999 -999 "" "" "" "" 0 0 0.0 0.0 -999 ""
FIBERMAP 160 R+8C5 APOGEE 1 1 0 1 0 0 -111.51654772350382 138.15560319307625 143.1 -107.13496728743166 141.58396319978323 300.2695 86.126915 303.76260680767615 48.318463406827604 -999.0 -999.0 -999.0 303.76260680767615 48.318463406827604 303.6518202091823 48.407216964949406 34.86473683122496 309.4611250115475 16000.0 16600.0 2015.5 2 92 {-999.0 -999.0 -999.0 -999.0 -999.0} "" -999.0 -999.0 -999.0 -999.0 27021603114187497 830409831 "" ops_sky_apogee_best ops_sky sky_apogee 0 0 0.0 0.0 -999 ""
FIBERMAP 160 R+8C5 BOSS 0 0 0 1 0 0 -112.17320910902535 137.80216128103723 143.1 -107.80239064673304 141.25126331094404 300.2695 86.126915 -999.0 -999.0 -999.0 -999.0 -999.0 303.7575827201501 48.31691230624784 303.64722820806634 48.40571787952645 34.86144271020938 309.46011392162336 -999.0 5400.0 -999.0 1 68 {-999.0 -999.0 -999.0 -999.0 -999.0} "" -999.0 -999.0 -999.0 -999.0 -999 -999 "" "" "" "" 0 0 0.0 0.0 -999 ""
FIBERMAP 160 R+8C5 METROLOGY 0 0 0 1 0 0 -112.14933646544812 138.55233719150482 143.1 -107.75502523638526 142.0003349660516 300.2695 86.126915 -999.0 -999.0 -999.0 -999.0 -999.0 303.758019740956 48.32031203040676 303.64752833731177 48.40910038262427 34.86234379815418 309.4640946952614 -999.0 6231.0 -999.0 -1 -999 {-999.0 -999.0 -999.0 -999.0 -999.0} "" -999.0 -999.0 -999.0 -999.0 -999 -999 "" "" "" "" 0 0 0.0 0.0 -999 ""
FIBERMAP 162 R-9C14 APOGEE 1 1 0 1 0 0 91.83488306760724 -158.62497469437108 143.1 86.82131504593566 -161.4269576744629 157.233 72.23612 305.0665016846892 46.94056973441739 -3.5319455 -4.6840963 0.1412559 305.0664863418077 46.94055584177661 304.96319359561363 47.03202447506662 35.43913362162698 307.5904209877846 16000.0 16600.0 2016.0 2 192 {-999.0 17.42921 15.103446 13.512319 -999.0} sdss_psfmag_ps1 16.203531 13.808292 12.417306 8.594 63050395015348236 1153345141 bright_1x1 mwm_galactic_core_dist_apogee_sparse mwm_galactic science 0 0 0.0 0.0 -999 ""
FIBERMAP 162 R-9C14 BOSS 0 0 0 1 0 0 92.29130977894823 -158.05189323822793 143.1 87.2954804581856 -160.8684489134839 157.233 72.23612 -999.0 -999.0 -999.0 -999.0 -999.0 305.06931221207526 46.94295531309048 304.96642336221976 47.0344889305964 35.44180450809706 307.5928092328848 -999.0 5400.0 -999.0 1 328 {-999.0 -999.0 -999.0 -999.0 -999.0} "" -999.0 -999.0 -999.0 -999.0 -999 -999 "" "" "" "" 0 0 0.0 0.0 -999 ""
FIBERMAP 162 R-9C14 METROLOGY 0 0 0 1 0 0 92.56821590113289 -158.7449339898738 143.1 87.5505410887155 -161.56983638291928 157.233 72.23612 -999.0 -999.0 -999.0 -999.0 -999.0 305.0710545132665 46.93980465633469 304.968064483645 47.031325072352885 35.442231955068635 307.5887237793507 -999.0 6231.0 -999.0 -1 -999 {-999.0 -999.0 -999.0 -999.0 -999.0} "" -999.0 -999.0 -999.0 -999.0 -999 -999 "" "" "" "" 0 0 0.0 0.0 -999 ""
FIBERMAP 167 R-6C5 APOGEE 1 1 0 1 0 0 -121.56992403231463 -120.57356752532347 143.1 -125.28993092169509 -116.70733903041511 347.7349 112.29389 303.65234738913705 47.14447822405698 -4.9254384 -7.061059 0.2626678 303.65232591094605 47.144457281541854 303.54658421933095 47.233252017619975 34.54204295510723 308.0854393664643 16000.0 16600.0 2016.0 2 251 {-999.0 15.245978 13.378526 12.4007635 -999.0} sdss_psfmag_from_g3xp 14.372661 13.045005 11.923288 9.054 63050395015829380 1151795894 bright_1x1 mwm_galactic_core_dist_apogee_sparse mwm_galactic science 0 0 0.0 0.0 -999 ""
FIBERMAP 167 R-6C5 BOSS 0 0 0 1 0 0 -121.41079797773868 -121.29536907583929 143.1 -125.15349553773807 -117.4337834177641 347.7349 112.29389 -999.0 -999.0 -999.0 -999.0 -999.0 303.65280181083085 47.141064642007585 303.5475002698948 47.22992709831911 34.54190639670186 308.0813361617032 -999.0 5400.0 -999.0 1 457 {-999.0 -999.0 -999.0 -999.0 -999.0} "" -999.0 -999.0 -999.0 -999.0 -999 -999 "" "" "" "" 0 0 0.0 0.0 -999 ""
FIBERMAP 167 R-6C5 METROLOGY 0 0 0 1 0 0 -122.11983740743639 -121.0703125201982 143.1 -125.8551468642918 -117.1866185121123 347.7349 112.29389 -999.0 -999.0 -999.0 -999.0 -999.0 303.64824185773 47.14219434136443 303.5428100867428 47.23102928785629 34.53904837155726 308.08350440464284 -999.0 6231.0 -999.0 -1 -999 {-999.0 -999.0 -999.0 -999.0 -999.0} "" -999.0 -999.0 -999.0 -999.0 -999 -999 "" "" "" "" 0 0 0.0 0.0 -999 ""
FIBERMAP 170 R-2C20 APOGEE 0 0 0 1 0 0 157.70181479099892 -49.859462099708786 143.1 156.06474581765136 -54.77680946923585 260.26935 133.03151 -999.0 -999.0 -999.0 -999.0 -999.0 305.53944558338077 47.42056519765652 305.43467865259265 47.51280654340579 35.85086680083227 308.0887081146727 -999.0 16600.0 -999.0 2 -999 {-999.0 -999.0 -999.0 -999.0 -999.0} "" -999.0 -999.0 -999.0 -999.0 -999 -999 "" "" "" "" 0 0 0.0 0.0 -999 ""
FIBERMAP 170 R-2C20 BOSS 1 1 0 1 0 0 157.07701787569926 -50.2820706676716 143.1 155.42700470260777 -55.17964152410011 260.26935 133.03151 305.5343155586072 47.41871780582699 -1.8871696 -5.180896 0.36808223 305.5348020736268 47.418702439721066 305.43044675963034 47.510992050992336 35.847703569158305 308.08721898271534 5400.0 5400.0 2016.0 1 298 {-999.0 15.098221 13.355192 12.51746 -999.0} sdss_psfmag_from_g3xp 14.310592 13.123191 12.056154 9.408 63050395015418821 996779806 bright_1x1 mwm_bin_gaia_sb_boss mwm_bin science 0 0 1.2052457332611084 0.0 -999 ""
FIBERMAP 170 R-2C20 METROLOGY 0 0 0 1 0 0 157.02992708452985 -49.535072071490404 143.1 155.40334083189148 -54.43152228637259 260.26935 133.03151 -999.0 -999.0 -999.0 -999.0 -999.0 305.5348360405521 47.42212090181871 305.4303502999849 47.51439381602739 35.84831924432229 308.09134719633977 -999.0 6231.0 -999.0 -1 -999 {-999.0 -999.0 -999.0 -999.0 -999.0} "" -999.0 -999.0 -999.0 -999.0 -999 -999 "" "" "" "" 0 0 0.0 0.0 -999 ""
FIBERMAP 171 R-12C7 APOGEE 0 0 0 1 0 0 -30.15220124342846 -241.49778824568048 143.1 -37.704358443598124 -240.43837819217282 214.71333 130.13849 -999.0 -999.0 -999.0 -999.0 -999.0 304.2386814021137 46.58738051673095 304.13595034295133 46.67738743686586 34.809936086487845 307.31730288584964 -999.0 16600.0 -999.0 2 -999 {-999.0 -999.0 -999.0 -999.0 -999.0} "" -999.0 -999.0 -999.0 -999.0 -999 -999 "" "" "" "" 0 0 0.0 0.0 -999 ""
FIBERMAP 171 R-12C7 BOSS 1 1 0 1 0 0 -30.868176729051303 -241.31160462485417 143.1 -38.4141604775655 -240.22985044217222 214.71333 130.13849 304.2336216794303 46.58827395375778 -10.14402 -15.811739 0.5935528 304.2335779007511 46.588227057448066 304.131254141507 46.678289948456566 34.80699727691477 307.31925153921964 5400.0 5400.0 2016.0 1 404 {-999.0 16.607243 15.518731 15.285145 -999.0} sdss_psfmag_ps1 16.193678 15.539209 14.753658 13.17 63050395015336042 1072852732 bright_1x1 mwm_halo_local_high_boss_single mwm_halo science 0 0 0.0 0.0 -999 ""
FIBERMAP 171 R-12C7 METROLOGY 0 0 0 1 0 0 -30.357501727429945 -240.78049214797707 143.1 -37.887087489173545 -239.7149904056152 214.71333 130.13849 -999.0 -999.0 -999.0 -999.0 -999.0 304.2371631452454 46.590550247184325 304.13471555279006 46.68060062377501 34.809828552333464 307.3213480079676 -999.0 6231.0 -999.0 -1 -999 {-999.0 -999.0 -999.0 -999.0 -999.0} "" -999.0 -999.0 -999.0 -999.0 -999 -999 "" "" "" "" 0 0 0.0 0.0 -999 ""
FIBERMAP 177 R-4C3 APOGEE 1 1 0 1 0 0 -185.1663921295986 -68.82898900293625 143.1 -187.2349612551174 -62.994766163257395 70.66459 68.0724 303.234883984214 47.3857677597408 -1.9014587 -4.024211 0.14167868 303.23487565470543 47.38575582426592 303.12763290434503 47.47371663027428 34.319383493374694 308.44673478625623 16000.0 16600.0 2016.0 2 286 {-999.0 15.4622345 13.415286 12.518689 -999.0} sdss_psfmag_from_g3xp 14.462468 13.146275 12.035735 9.131 63050395015841284 1151795975 bright_1x1 mwm_galactic_core_dist_apogee_sparse mwm_galactic science 0 0 0.0 0.0 -999 ""
FIBERMAP 177 R-4C3 BOSS 0 0 0 1 0 0 -184.60981001386799 -69.3111576096187 143.1 -186.69375052941686 -63.494144296532866 70.66459 68.0724 -999.0 -999.0 -999.0 -999.0 -999.0 303.23803045222274 47.383434582460325 303.13123151448383 47.47146900135072 34.32124739096149 308.4434200220592 -999.0 5400.0 -999.0 1 443 {-999.0 -999.0 -999.0 -999.0 -999.0} "" -999.0 -999.0 -999.0 -999.0 -999 -999 "" "" "" "" 0 0 0.0 0.0 -999 ""
FIBERMAP 177 R-4C3 METROLOGY 0 0 0 1 0 0 -185.31489089067986 -69.56718095381044 143.1 -187.40651811776945 -63.727954832520524 70.66459 68.0724 -999.0 -999.0 -999.0 -999.0 -999.0 303.23344562238697 47.38236133830939 303.12652452992404 47.47036834286376 34.31789949736668 308.4429891873783 -999.0 6231.0 -999.0 -1 -999 {-999.0 -999.0 -999.0 -999.0 -999.0} "" -999.0 -999.0 -999.0 -999.0 -999 -999 "" "" "" "" 0 0 0.0 0.0 -999 ""
FIBERMAP 179 R-4C8 APOGEE 0 0 0 1 0 0 -77.89661378359447 -82.28503147742332 143.1 -80.43772734357896 -79.80533632509044 336.24518 120.95651 -999.0 -999.0 -999.0 -999.0 -999.0 303.95021476386927 47.31279128602099 303.8440730133369 47.402107369468155 34.77603286200161 308.23150179749445 -999.0 16600.0 -999.0 2 -999 {-999.0 -999.0 -999.0 -999.0 -999.0} "" -999.0 -999.0 -999.0 -999.0 -999 -999 "" "" "" "" 0 0 0.0 0.0 -999 ""
FIBERMAP 179 R-4C8 BOSS 1 1 0 1 0 0 -77.79948939769834 -83.02279854903061 143.1 -80.36376440410766 -80.54579604815372 336.24518 120.95651 303.9502735523497 47.30934483456296 -3.1575677 -6.2650414 0.19917414 303.95025974035843 47.309326252971076 303.8445561918314 47.39870726619452 34.77560972756126 308.22737527709455 5400.0 5400.0 2016.0 1 461 {-999.0 18.009172 17.200306 16.831211 16.69274} sdss_psfmag_from_ps1dr2 17.7711 17.224 16.5115 15.383 63050395015806290 1038706637 "" ops_std_boss_ps1dr2 ops_std standard_boss 0 0 0.0 0.0 -999 ""
FIBERMAP 179 R-4C8 METROLOGY 0 0 0 1 0 0 -78.48715158921847 -82.7410216973191 143.1 -81.04227151588387 -80.24260756536341 336.24518 120.95651 -999.0 -999.0 -999.0 -999.0 -999.0 303.9458282323472 47.310719877705544 303.83999383926187 47.40007413768795 34.772894533618086 308.2298200462509 -999.0 6231.0 -999.0 -1 -999 {-999.0 -999.0 -999.0 -999.0 -999.0} "" -999.0 -999.0 -999.0 -999.0 -999 -999 "" "" "" "" 0 0 0.0 0.0 -999 ""
FIBERMAP 187 R-7C8 APOGEE 1 1 0 1 0 0 -65.44742274491941 -143.10849001673898 143.1 -69.90013658515545 -140.98995850592055 207.09616 127.93755 304.0223743375763 47.03526859707948 1.1758424 -1.8191152 0.4640811 304.0227735443294 47.03526320173525 303.9179062139158 47.124773334755865 34.76404469222268 307.88873018433986 16000.0 16600.0 2016.0 2 288 {-999.0 12.927745 11.0871525 10.095071 -999.0} sdss_psfmag_from_g3xp 12.077202 10.750449 9.628195 6.785 63050395015801263 1151795710 bright_1x1 mwm_galactic_core_dist_apogee_sparse mwm_galactic science 0 0 0.9669280052185059 0.0 -999 ""
FIBERMAP 187 R-7C8 BOSS 0 0 0 1 0 0 -66.12408113496345 -142.8044530513678 143.1 -70.56694767981905 -140.66486524689293 207.09616 127.93755 -999.0 -999.0 -999.0 -999.0 -999.0 304.0178592973582 47.03661553831076 303.91340180808584 47.126180954057126 34.7613662087021 307.8912247232351 -999.0 5400.0 -999.0 1 400 {-999.0 -999.0 -999.0 -999.0 -999.0} "" -999.0 -999.0 -999.0 -999.0 -999 -999 "" "" "" "" 0 0 0.0 0.0 -999 ""
FIBERMAP 187 R-7C8 METROLOGY 0 0 0 1 0 0 -65.5228402699689 -142.3644375195569 143.1 -69.9522060417506 -140.24389645009543 207.09616 127.93755 -999.0 -999.0 -999.0 -999.0 -999.0 304.0220695243238 47.03855343520317 303.9174890471897 47.12810790911582 34.76450375386515 307.8927654540281 -999.0 6231.0 -999.0 -1 -999 {-999.0 -999.0 -999.0 -999.0 -999.0} "" -999.0 -999.0 -999.0 -999.0 -999 -999 "" "" "" "" 0 0 0.0 0.0 -999 ""
FIBERMAP 188 R-1C2 APOGEE 0 0 0 1 0 0 -256.80315122278364 -2.781737111122851 143.1 -256.76834029861044 5.2656011601875745 114.808105 86.62963 -999.0 -999.0 -999.0 -999.0 -999.0 302.764723726614 47.690327972714265 302.65563110915286 47.777339047709056 34.07812549101245 308.89126339172026 -999.0 16600.0 -999.0 2 -999 {-999.0 -999.0 -999.0 -999.0 -999.0} "" -999.0 -999.0 -999.0 -999.0 -999 -999 "" "" "" "" 0 0 0.0 0.0 -999 ""
FIBERMAP 188 R-1C2 BOSS 1 1 0 1 0 0 -256.10162691510044 -2.5028629512008136 143.1 -256.05841164085 5.5223630915712345 114.808105 86.62963 302.7689359939239 47.6914851320755 -999.0 -999.0 -999.0 302.7689359939239 47.691485132075506 302.6602793280408 47.778572217496574 34.08144738107847 308.89185798648765 5400.0 5400.0 2015.5 1 434 {-999.0 -999.0 -999.0 -999.0 -999.0} "" -999.0 -999.0 -999.0 -999.0 27021603114185285 818195630 "" ops_sky_boss_good ops_sky sky_boss 0 0 0.0 0.0 -999 ""
FIBERMAP 188 R-1C2 METROLOGY 0 0 0 1 0 0 -256.21800823045686 -3.2446298190398295 143.1 -256.1979783190865 4.784594916827661 114.808105 86.62963 -999.0 -999.0 -999.0 -999.0 -999.0 302.76823530394006 47.68815339049504 302.65946893867533 47.77522051779093 34.08015676065575 308.88806586641175 -999.0 6231.0 -999.0 -1 -999 {-999.0 -999.0 -999.0 -999.0 -999.0} "" -999.0 -999.0 -999.0 -999.0 -999 -999 "" "" "" "" 0 0 0.0 0.0 -999 ""
FIBERMAP 189 R-5C5 APOGEE 1 1 0 1 0 0 -153.5517762402918 -81.00354563597087 143.1 -156.01680710729883 -76.15407258330757 150.98834 76.14551 303.4442279340331 47.32743583233859 0.43372238 -4.2109766 0.31569433 303.4442298318932 47.327423342932555 303.3374684156956 47.41578948046775 34.44467846294617 308.3397502858644 16000.0 16600.0 2016.0 2 263 {-999.0 14.394731 12.54209 11.500947 -999.0} sdss_psfmag_from_g3xp 13.533649 12.163289 11.025715 8.231 63050395015839320 1151795957 bright_1x1 mwm_galactic_core_dist_apogee_sparse mwm_galactic science 0 0 0.0 0.0 -999 ""
FIBERMAP 189 R-5C5 BOSS 0 0 0 1 0 0 -153.04326786615601 -80.46214626148657 143.1 -155.49157741386972 -75.6288626512334 150.98834 76.14551 -999.0 -999.0 -999.0 -999.0 -999.0 303.44718701018854 47.32973559757568 303.3408467420676 47.41817314748548 34.4474395050915 308.3419479047193 -999.0 5400.0 -999.0 1 458 {-999.0 -999.0 -999.0 -999.0 -999.0} "" -999.0 -999.0 -999.0 -999.0 -999 -999 "" "" "" "" 0 0 0.0 0.0 -999 ""
FIBERMAP 189 R-5C5 METROLOGY 0 0 0 1 0 0 -152.82392505532488 -81.18192461806807 143.1 -155.29489048355583 -76.35517148430922 150.98834 76.14551 -999.0 -999.0 -999.0 -999.0 -999.0 303.44869765632984 47.32647049772163 303.3422519445694 47.414892755623356 34.44763301009377 308.3378128710543 -999.0 6231.0 -999.0 -1 -999 {-999.0 -999.0 -999.0 -999.0 -999.0} "" -999.0 -999.0 -999.0 -999.0 -999 -999 "" "" "" "" 0 0 0.0 0.0 -999 ""
FIBERMAP 192 R+4C10 APOGEE 0 0 0 1 0 0 -54.093576753621306 81.00837897551693 143.1 -51.52977478932254 82.66473524999623 126.19313 145.08656 -999.0 -999.0 -999.0 -999.0 -999.0 304.1424875405213 48.05267990106204 304.03332762385503 48.14219935272837 35.05791992989011 309.0803378079146 -999.0 16600.0 -999.0 2 -999 {-999.0 -999.0 -999.0 -999.0 -999.0} "" -999.0 -999.0 -999.0 -999.0 -999 -999 "" "" "" "" 0 0 0.0 0.0 -999 ""
FIBERMAP 192 R+4C10 BOSS 1 1 0 1 0 0 -54.110772501891624 81.77591922625079 143.1 -51.522914215591065 83.43244973088969 126.19313 145.08656 304.1420882194802 48.05616590938827 -4.8363857 -4.858321 0.43609646 304.1420667588655 48.05615150001012 304.0333167596358 48.14572980734863 35.05864568189589 309.0845586672546 5400.0 5400.0 2016.0 1 74 {-999.0 17.808712 16.781496 16.28459 -999.0} sdss_psfmag_ps1 17.438992 16.731955 15.912039 14.291 63050395015907598 980252329 "" ops_std_boss_red ops_std standard_boss 0 0 0.0 0.0 -999 ""
FIBERMAP 192 R+4C10 METROLOGY 0 0 0 1 0 0 -53.462646663722495 81.4066115735951 143.1 -50.886667147259544 83.04301075086545 126.19313 145.08656 -999.0 -999.0 -999.0 -999.0 -999.0 304.1465293180845 48.05439759181151 304.0376716260934 48.14396741971384 35.061122436837415 309.08171568522596 -999.0 6231.0 -999.0 -1 -999 {-999.0 -999.0 -999.0 -999.0 -999.0} "" -999.0 -999.0 -999.0 -999.0 -999 -999 "" "" "" "" 0 0 0.0 0.0 -999 ""
FIBERMAP 194 R-10C1 APOGEE 0 0 0 1 0 0 -178.86270543523162 -203.8267350682352 143.1 -185.16394464039482 -198.12589971730523 239.56009 145.02754 -999.0 -999.0 -999.0 -999.0 -999.0 303.26491684577445 46.77595515902847 303.1603477838494 46.864101992510754 34.201767711226374 307.72249275068 -999.0 16600.0 -999.0 2 291 {-999.0 -999.0 -999.0 -999.0 -999.0} "" -999.0 -999.0 -999.0 -999.0 -999 -999 "" "" "" "" 0 0 0.0 0.0 -999 ""
FIBERMAP 194 R-10C1 BOSS 1 1 0 1 0 0 -179.53494750888052 -204.14951897497303 143.1 -185.84598072788768 -198.4274679959684 239.56009 145.02754 303.2600427926793 46.774515362789096 4.3066697 1.3423107 3.0125623 303.2600614432275 46.77451934396927 303.1559193697613 46.86272740954077 34.198503663571614 307.72172442064874 5400.0 5400.0 2016.0 1 420 {-999.0 16.24333 14.93905 14.1933155 -999.0} sdss_psfmag_from_g3xp 15.723861 14.773951 13.771925 11.752 63050395014946768 1035081695 bright_1x1 mwm_yso_pms_boss_zari18pms_single mwm_yso science 0 0 0.0 0.0 -999 ""
FIBERMAP 194 R-10C1 METROLOGY 0 0 0 1 0 0 -179.48228389750324 -203.40455686678322 143.1 -185.77000137982844 -197.6845097298746 239.56009 145.02754 -999.0 -999.0 -999.0 -999.0 -999.0 303.26057797728976 46.7778713782932 303.15630190905654 46.8660594580008 34.199530344660275 307.7255700814827 -999.0 6231.0 -999.0 -1 -999 {-999.0 -999.0 -999.0 -999.0 -999.0} "" -999.0 -999.0 -999.0 -999.0 -999 -999 "" "" "" "" 0 0 0.0 0.0 -999 ""
FIBERMAP 199 R+10C9 APOGEE 0 0 0 1 0 0 8.109345007344825 186.58307539706692 143.1 13.951413292655673 186.24038151088038 302.21735 132.7058 -999.0 -999.0 -999.0 -999.0 -999.0 304.59131154649657 48.52176279437028 304.48059940088336 48.6120202041983 35.44392989203604 309.57013763217265 -999.0 16600.0 -999.0 2 -999 {-999.0 -999.0 -999.0 -999.0 -999.0} "" -999.0 -999.0 -999.0 -999.0 -999 -999 "" "" "" "" 0 0 0.0 0.0 -999 ""
FIBERMAP 199 R+10C9 BOSS 1 1 0 1 0 0 7.923579907286486 185.85618070065053 143.1 13.742961749856995 185.51965233925404 302.21735 132.7058 304.5894459102903 48.51851461329054 -999.0 -999.0 -999.0 304.5894459102903 48.51851461329054 304.4791707031536 48.608825681730714 35.44237414675357 309.56652193360003 5400.0 5400.0 2015.5 1 121 {-999.0 -999.0 -999.0 -999.0 -999.0} "" -999.0 -999.0 -999.0 -999.0 27021603114184519 818195555 "" ops_sky_boss_good ops_sky sky_boss 0 0 0.0 0.0 -999 ""
FIBERMAP 199 R+10C9 METROLOGY 0 0 0 1 0 0 7.391236597596849 186.38063456037375 143.1 13.22730317677428 186.06053620536503 302.21735 132.7058 -999.0 -999.0 -999.0 -999.0 -999.0 304.58604184275504 48.520969996136834 304.4756311517386 48.61125822997338 35.440559339057444 309.57001537284344 -999.0 6231.0 -999.0 -1 -999 {-999.0 -999.0 -999.0 -999.0 -999.0} "" -999.0 -999.0 -999.0 -999.0 -999 -999 "" "" "" "" 0 0 0.0 0.0 -999 ""
FIBERMAP 200 R+7C19 APOGEE 0 0 0 1 0 0 209.01710831174378 130.28655588539806 143.1 212.99990487739367 123.67586650941989 31.99706 60.469883 -999.0 -999.0 -999.0 -999.0 -999.0 305.94284282399497 48.22459718811908 305.8351204415611 48.317413640275646 36.26917256399859 309.0014588106787 -999.0 16600.0 -999.0 2 -999 {-999.0 -999.0 -999.0 -999.0 -999.0} "" -999.0 -999.0 -999.0 -999.0 -999 -999 "" "" "" "" 0 0 0.0 0.0 -999 ""
FIBERMAP 200 R+7C19 BOSS 1 1 0 1 0 0 209.04355169007482 129.53837718767156 143.1 213.00289416730953 122.9272146441726 31.99706 60.469883 305.94273290178575 48.221376936316474 -73.34574 -67.420456 10.987778 305.9424063950506 48.22117697239506 305.8351061062744 48.31404690475473 36.268538888296774 308.99735762907403 5400.0 5400.0 2016.0 1 238 {-999.0 17.151552 15.922818 14.460694 -999.0} sdss_psfmag_ps1 16.72198 15.160711 13.950567 11.601 63050395015669266 1151075766 bright_1x1 mwm_snc_100pc_boss_single mwm_snc science 0 0 0.0 0.0 -999 ""
FIBERMAP 200 R+7C19 METROLOGY 0 0 0 1 0 0 208.38724738625763 129.88663439928172 143.1 212.35781297662706 123.29586942415796 31.99706 60.469883 -999.0 -999.0 -999.0 -999.0 -999.0 305.9382112210375 48.22293369600613 305.83078442350694 48.31577892191484 36.26603592724408 309.00012963788225 -999.0 6231.0 -999.0 -1 -999 {-999.0 -999.0 -999.0 -999.0 -999.0} "" -999.0 -999.0 -999.0 -999.0 -999 -999 "" "" "" "" 0 0 0.0 0.0 -999 ""
FIBERMAP 202 R-10C6 APOGEE 0 0 0 1 0 0 -65.87493167922091 -175.67582924572415 143.1 -71.34782469314129 -173.52843563404406 124.22875 72.52336 -999.0 -999.0 -999.0 -999.0 -999.0 304.01429733009934 46.88815547666659 303.9100490426674 46.97768075640008 34.726231627520036 307.7156124776772 -999.0 16600.0 -999.0 2 -999 {-999.0 -999.0 -999.0 -999.0 -999.0} "" -999.0 -999.0 -999.0 -999.0 -999 -999 "" "" "" "" 0 0 0.0 0.0 -999 ""
FIBERMAP 202 R-10C6 BOSS 1 1 0 1 0 0 -65.15967085172541 -175.45961041821778 143.1 -70.62612912253546 -173.3347296625695 124.22875 72.52336 304.0186373102495 46.88892451495562 -0.92993635 -2.010271 0.5618812 304.0186332744676 46.888918552658915 303.9148065185361 46.97851725211529 34.72958225190001 307.71572628352203 5400.0 5400.0 2016.0 1 391 {-999.0 17.177025 16.54177 16.252623 -999.0} sdss_psfmag_ps1 16.947268 16.476562 15.837686 14.834 63050395015790248 981829376 "" ops_std_boss_tic ops_std standard_boss 0 0 0.0 0.0 -999 ""
FIBERMAP 202 R-10C6 METROLOGY 0 0 0 1 0 0 -65.32718728303803 -176.18242381435087 143.1 -70.81621279057417 -174.0519512296921 124.22875 72.52336 -999.0 -999.0 -999.0 -999.0 -999.0 304.01752225518027 46.8857087106059 303.91358897940233 46.97528739670072 34.7280539626458 307.7121196099187 -999.0 6231.0 -999.0 -1 -999 {-999.0 -999.0 -999.0 -999.0 -999.0} "" -999.0 -999.0 -999.0 -999.0 -999 -999 "" "" "" "" 0 0 0.0 0.0 -999 ""
FIBERMAP 204 R-3C18 APOGEE 0 0 0 1 0 0 117.9308277496654 -67.25248988666833 143.1 115.76769880277267 -70.91549355949913 213.88716 135.71767 -999.0 -999.0 -999.0 -999.0 -999.0 305.26798551583806 47.34960377646905 305.16319705729853 47.441359319838355 35.656740033565626 308.04806010184035 -999.0 16600.0 -999.0 2 224 {-999.0 -999.0 -999.0 -999.0 -999.0} "" -999.0 -999.0 -999.0 -999.0 -999 -999 "" "" "" "" 0 0 0.0 0.0 -999 ""
FIBERMAP 204 R-3C18 BOSS 1 1 0 1 0 0 117.19994916998796 -67.19621775067866 143.1 115.03893043665775 -70.83634865815003 213.88716 135.71767 305.26277022165885 47.34991332796036 -999.0 -999.0 -999.0 305.26277022165885 47.349913327960365 305.158385699546 47.44171702458888 35.65362679563463 308.04930629188465 5400.0 5400.0 2015.5 1 293 {-999.0 -999.0 -999.0 -999.0 -999.0} "" -999.0 -999.0 -999.0 -999.0 27021603114173063 818194101 "" ops_sky_boss_good ops_sky sky_boss 0 0 0.0 0.0 -999 ""
FIBERMAP 204 R-3C18 METROLOGY 0 0 0 1 0 0 117.62038415864352 -66.57486408605075 143.1 115.47863365889607 -70.22846294208142 213.88716 135.71767 -999.0 -999.0 -999.0 -999.0 -999.0 305.2658784513441 47.352674951882044 305.1613692108386 47.44446740176375 35.65616221236784 308.052114886406 -999.0 6231.0 -999.0 -1 -999 {-999.0 -999.0 -999.0 -999.0 -999.0} "" -999.0 -999.0 -999.0 -999.0 -999 -999 "" "" "" "" 0 0 0.0 0.0 -999 ""
FIBERMAP 208 R-7C5 APOGEE 1 1 0 1 0 0 -124.3179297472274 -149.1249907311708 143.1 -128.93118920353234 -145.1591029186847 265.13568 117.2412 303.6302581018125 47.015615462741586 -999.0 -999.0 -999.0 303.6302581018125 47.01561546274159 303.52504783807103 47.10439612389224 34.49887580430489 307.9370156297164 16000.0 16600.0 2015.5 2 253 {-999.0 -999.0 -999.0 -999.0 -999.0} "" -999.0 -999.0 -999.0 -999.0 27021603114181077 830409491 "" ops_sky_apogee_best ops_sky sky_apogee 0 0 0.0 0.0 -999 ""
FIBERMAP 208 R-7C5 BOSS 0 0 0 1 0 0 -124.9930902353164 -149.43846855794544 143.1 -129.61585074633345 -145.45127809906123 265.13568 117.2412 -999.0 -999.0 -999.0 -999.0 -999.0 303.62526234359075 47.01417617811237 303.52047734412275 47.10301458041381 34.495533654999576 307.93623225277855 -999.0 5400.0 -999.0 1 451 {-999.0 -999.0 -999.0 -999.0 -999.0} "" -999.0 -999.0 -999.0 -999.0 -999 -999 "" "" "" "" 0 0 0.0 0.0 -999 ""
FIBERMAP 208 R-7C5 METROLOGY 0 0 0 1 0 0 -124.92177563260576 -148.68798384937497 143.1 -129.52105623397358 -144.70338421825454 265.13568 117.2412 -999.0 -999.0 -999.0 -999.0 -999.0 303.6259616666584 47.017584675633586 303.5210424651445 47.10640472653741 34.49667177127352 307.9401349674987 -999.0 6231.0 -999.0 -1 -999 {-999.0 -999.0 -999.0 -999.0 -999.0} "" -999.0 -999.0 -999.0 -999.0 -999 -999 "" "" "" "" 0 0 0.0 0.0 -999 ""
FIBERMAP 214 R-11C5 APOGEE 1 1 0 1 0 0 -66.23537508063896 -201.2350641412514 143.1 -72.50890499508249 -199.06423813819754 76.76144 81.405876 304.0076103500761 46.773086130912425 -999.0 -999.0 -999.0 304.0076103500761 46.77308613091242 303.9038441983941 46.862623235730155 34.696423967826384 307.580325489832 16000.0 16600.0 2015.5 2 153 {-999.0 -999.0 -999.0 -999.0 -999.0} "" -999.0 -999.0 -999.0 -999.0 27021603114179875 840306653 "" ops_sky_apogee_best ops_sky sky_apogee 0 0 0.0 0.0 -999 ""
FIBERMAP 214 R-11C5 BOSS 0 0 0 1 0 0 -65.5417445864166 -201.48664258659883 143.1 -71.82348625511054 -199.3374295527634 76.76144 81.405876 -999.0 -999.0 -999.0 -999.0 -999.0 304.011716434051 46.77175067547625 303.9083798953695 46.8613616048644 34.699164236290976 307.5779855430565 -999.0 5400.0 -999.0 1 392 {-999.0 -999.0 -999.0 -999.0 -999.0} "" -999.0 -999.0 -999.0 -999.0 -999 -999 "" "" "" "" 0 0 0.0 0.0 -999 ""
FIBERMAP 214 R-11C5 METROLOGY 0 0 0 1 0 0 -66.09737605462693 -201.97189176628768 143.1 -72.39405739437997 -199.80503952293665 76.76144 81.405876 -999.0 -999.0 -999.0 -999.0 -999.0 304.00808287068867 46.769673447761406 303.90463232928204 46.8592593857977 34.69619616707981 307.5761912090812 -999.0 6231.0 -999.0 -1 -999 {-999.0 -999.0 -999.0 -999.0 -999.0} "" -999.0 -999.0 -999.0 -999.0 -999 -999 "" "" "" "" 0 0 0.0 0.0 -999 ""
FIBERMAP 215 R-10C15 APOGEE 1 1 0 1 0 0 144.26598299830522 -177.62536236186716 143.1 138.63220335902417 -182.06106404188034 104.182236 61.692955 305.4074425751032 46.84559134245973 -2.593339 -5.280848 0.21959598 305.40743132949177 46.84557567990359 305.3049296601715 46.93769353530856 35.64735673036591 307.41709113118753 16000.0 16600.0 2016.0 2 237 {-999.0 15.972582 13.86177 12.810272 -999.0} sdss_psfmag_from_g3xp 14.924351 13.458588 12.292443 9.202 63050395015371282 1151795367 bright_1x1 mwm_galactic_core_dist_apogee_sparse mwm_galactic science 0 0 0.0 0.0 -999 ""
FIBERMAP 215 R-10C15 BOSS 0 0 0 1 0 0 144.99273725577214 -177.77397994699513 143.1 139.35395604419938 -182.23238131253575 104.182236 61.692955 -999.0 -999.0 -999.0 -999.0 -999.0 305.41179788720547 46.844687744257975 305.30971209893346 46.93687290216399 35.65038010059576 307.41526746691557 -999.0 5400.0 -999.0 1 266 {-999.0 -999.0 -999.0 -999.0 -999.0} "" -999.0 -999.0 -999.0 -999.0 -999 -999 "" "" "" "" 0 0 0.0 0.0 -999 ""
FIBERMAP 215 R-10C15 METROLOGY 0 0 0 1 0 0 144.4988616944255 -178.33250832759015 143.1 138.8428155370778 -182.77517058277977 104.182236 61.692955 -999.0 -999.0 -999.0 -999.0 -999.0 305.40846011266837 46.84228928740897 305.3062651040845 46.93445206053806 35.64757433893095 307.4129560231151 -999.0 6231.0 -999.0 -1 -999 {-999.0 -999.0 -999.0 -999.0 -999.0} "" -999.0 -999.0 -999.0 -999.0 -999 -999 "" "" "" "" 0 0 0.0 0.0 -999 ""
FIBERMAP 222 R-12C12 APOGEE 0 0 0 1 0 0 90.01007756135432 -251.97411952053042 143.1 82.07261142250061 -254.67459318125475 314.69077 66.417564 -999.0 -999.0 -999.0 -999.0 -999.0 305.0266843576762 46.521995041612925 304.92509559630463 46.613477641328004 35.32440888482966 307.09568949729 -999.0 16600.0 -999.0 2 -999 {-999.0 -999.0 -999.0 -999.0 -999.0} "" -999.0 -999.0 -999.0 -999.0 -999 -999 "" "" "" "" 0 0 0.0 0.0 -999 ""
FIBERMAP 222 R-12C12 BOSS 1 1 0 1 0 0 89.3049023661002 -252.2540406689788 143.1 81.35900080745513 -254.9322872162751 314.69077 66.417564 305.021137725411 46.520808840080264 -3.2033699 -4.379821 0.26637724 305.0215684792142 46.520795849895514 304.92038783075634 46.61233142208157 35.32100373929158 307.09517378213235 5400.0 5400.0 2016.0 1 343 {-999.0 15.451226 13.704843 12.867277 -999.0} sdss_psfmag_from_g3xp 14.663679 13.470293 12.397667 9.688 63050395015317469 996779796 bright_1x1 mwm_bin_gaia_sb_boss mwm_bin science 0 0 1.1012356281280518 0.0 -999 ""
FIBERMAP 222 R-12C12 METROLOGY 0 0 0 1 0 0 89.4244974233181 -251.51177994570554 143.1 81.50179517442022 -254.19412611186797 314.69077 66.417564 -999.0 -999.0 -999.0 -999.0 -999.0 305.0226898864827 46.52410223173766 304.92138090915637 46.615621516914324 35.32238039011737 307.09893042952353 -999.0 6231.0 -999.0 -1 -999 {-999.0 -999.0 -999.0 -999.0 -999.0} "" -999.0 -999.0 -999.0 -999.0 -999 -999 "" "" "" "" 0 0 0.0 0.0 -999 ""
FIBERMAP 228 R+13C11 APOGEE 1 1 0 1 0 0 97.18516751295303 248.640536749262 143.1 104.92928061319698 245.47749374243816 35.21709 62.753326 305.217392705011 48.78309907589969 -3.50589 -5.6133885 0.16821614 305.21737692417236 48.783082427055554 305.10627285860005 48.87444652829502 35.89921876169127 309.78967964667527 16000.0 16600.0 2016.0 2 53 {-999.0 16.730762 14.6579685 13.560152 -999.0} sdss_psfmag_from_g3xp 15.714024 14.222248 13.04703 10.051 63050395016090133 1151796147 bright_1x1 mwm_galactic_core_dist_apogee_sparse mwm_galactic science 0 0 0.0 0.0 -999 ""
FIBERMAP 228 R+13C11 BOSS 0 0 0 1 0 0 97.32046690428535 247.91023302404565 143.1 105.04163426468396 244.74329774253002 35.21709 62.753326 -999.0 -999.0 -999.0 -999.0 -999.0 305.21769812384053 48.77975189062956 305.10702997040767 48.87116986668181 35.89909583521228 309.7855909964007 -999.0 5400.0 -999.0 1 163 {-999.0 -999.0 -999.0 -999.0 -999.0} "" -999.0 -999.0 -999.0 -999.0 -999 -999 "" "" "" "" 0 0 0.0 0.0 -999 ""
FIBERMAP 228 R+13C11 METROLOGY 0 0 0 1 0 0 96.61670063248602 248.15454452752635 143.1 104.34585687716675 245.00954323529854 35.21709 62.753326 -999.0 -999.0 -999.0 -999.0 -999.0 305.2130614672237 48.78100792260375 305.10226266191523 48.872402162769305 35.896245662359775 309.78780876660124 -999.0 6231.0 -999.0 -1 -999 {-999.0 -999.0 -999.0 -999.0 -999.0} "" -999.0 -999.0 -999.0 -999.0 -999 -999 "" "" "" "" 0 0 0.0 0.0 -999 ""
FIBERMAP 233 R+4C4 APOGEE 0 0 0 1 0 0 -179.70088116737892 65.03855089493668 143.1 -177.57778091561937 70.6379518864553 263.1109 123.46797 -999.0 -999.0 -999.0 -999.0 -999.0 303.288034068892 47.99292269676457 303.1781647583548 48.08085469967506 34.48696140940496 309.15519995329123 -999.0 16600.0 -999.0 2 -999 {-999.0 -999.0 -999.0 -999.0 -999.0} "" -999.0 -999.0 -999.0 -999.0 -999 -999 "" "" "" "" 0 0 0.0 0.0 -999 ""
FIBERMAP 233 R+4C4 BOSS 1 1 0 1 0 0 -180.34945602626794 64.69706529788937 143.1 -178.23674698014665 70.31694927137406 263.1109 123.46797 303.2831074035454 47.991375621473495 -999.0 -999.0 -999.0 303.2831074035454 47.9913756214735 303.17367301046215 48.079363319324 34.48370771157509 309.1542268944056 5400.0 5400.0 2015.5 1 36 {-999.0 -999.0 -999.0 -999.0 -999.0} "" -999.0 -999.0 -999.0 -999.0 27021603114185625 818195675 "" ops_sky_boss_good ops_sky sky_boss 0 0 0.0 0.0 -999 ""
FIBERMAP 233 R+4C4 METROLOGY 0 0 0 1 0 0 -180.33100470537025 65.43805847606765 143.1 -178.19508802604986 71.05701241340773 263.1109 123.46797 -999.0 -999.0 -999.0 -999.0 -999.0 303.2834739431758 47.994749649249584 303.17390200434414 48.08271899817129 34.484587885764974 309.15815977227044 -999.0 6231.0 -999.0 -1 -999 {-999.0 -999.0 -999.0 -999.0 -999.0} "" -999.0 -999.0 -999.0 -999.0 -999 -999 "" "" "" "" 0 0 0.0 0.0 -999 ""
FIBERMAP 238 R-5C3 APOGEE 1 1 0 1 0 0 -201.8759518864489 -97.35146406269189 143.1 -204.83023565194912 -90.98015981232255 166.68013 130.49565 303.12125197915043 47.25812074296502 -3.4158576 -3.4915736 0.1271706 303.12123705179374 47.258110387247534 303.0144304934711 47.345884769264565 34.21580876948443 308.3170719668 16000.0 16600.0 2016.0 2 290 {-999.0 15.874647 14.191963 13.362644 -999.0} sdss_psfmag_from_g3xp 15.131154 13.974163 12.918655 10.298 63050395014962883 1151794831 bright_1x1 mwm_galactic_core_dist_apogee_sparse mwm_galactic science 0 0 0.0 0.0 -999 ""
FIBERMAP 238 R-5C3 BOSS 0 0 0 1 0 0 -202.2223195863842 -96.70239062656087 143.1 -205.15610243004704 -90.32054244394816 166.68013 130.49565 -999.0 -999.0 -999.0 -999.0 -999.0 303.11851375175 47.26099536485733 303.01212237291423 47.3488322756103 34.21495764280529 308.3209734929543 -999.0 5400.0 -999.0 1 444 {-999.0 -999.0 -999.0 -999.0 -999.0} "" -999.0 -999.0 -999.0 -999.0 -999 -999 "" "" "" "" 0 0 0.0 0.0 -999 ""
FIBERMAP 238 R-5C3 METROLOGY 0 0 0 1 0 0 -201.47848292651162 -96.71748425314966 143.1 -204.41309195535248 -90.35893438887553 166.68013 130.49565 -999.0 -999.0 -999.0 -999.0 -999.0 303.1235723367902 47.26088050122422 303.0170647578663 47.348707577635444 34.21818981565605 308.31990412350797 -999.0 6231.0 -999.0 -1 -999 {-999.0 -999.0 -999.0 -999.0 -999.0} "" -999.0 -999.0 -999.0 -999.0 -999 -999 "" "" "" "" 0 0 0.0 0.0 -999 ""
FIBERMAP 240 R-13C13 APOGEE 0 0 0 1 0 0 132.6884439233726 -265.39479547310646 143.1 124.31021865967458 -269.4260705169416 330.3382 91.18803 -999.0 -999.0 -999.0 -999.0 -999.0 305.30163648477367 46.45538395226097 305.2006329595987 46.54738818495206 35.49517248525322 306.9665686110126 -999.0 16600.0 -999.0 2 176 {-999.0 -999.0 -999.0 -999.0 -999.0} "" -999.0 -999.0 -999.0 -999.0 -999 -999 "" "" "" "" 0 0 0.0 0.0 -999 ""
FIBERMAP 240 R-13C13 BOSS 1 1 0 1 0 0 132.3260770069176 -266.0471581754795 143.1 123.92758437226631 -270.0667699005926 330.3382 91.18803 305.29910222476195 46.45333135181213 -272.203 -276.58224 17.503296 305.29863271907703 46.45251102591695 305.19803930773224 46.544574620791295 35.49282825349581 306.96366130436843 5400.0 5400.0 2016.0 1 345 {-999.0 12.655394 11.348757 10.813014 -999.0} sdss_psfmag_from_g3xp 12.140121 11.327583 10.450441 8.719 63050395015309784 1150999378 bright_1x1 mwm_snc_100pc_boss_single mwm_snc science 0 0 1.741880178451538 0.0 -999 ""
FIBERMAP 240 R-13C13 METROLOGY 0 0 0 1 0 0 131.94522280353803 -265.4099412919025 143.1 123.56687598676359 -269.4179229411595 330.3382 91.18803 -999.0 -999.0 -999.0 -999.0 -999.0 305.29647678020484 46.4554170741544 305.1957582445599 46.5474555898468 35.49191182591107 306.9675299315122 -999.0 6231.0 -999.0 -1 -999 {-999.0 -999.0 -999.0 -999.0 -999.0} "" -999.0 -999.0 -999.0 -999.0 -999 -999 "" "" "" "" 0 0 0.0 0.0 -999 ""
FIBERMAP 245 R-9C16 APOGEE 1 1 0 1 0 0 160.81829509147394 -174.02806091347745 143.1 155.2893627496939 -178.98407917432777 20.04664 99.07416 305.5177536910852 46.85869770603958 1.2702633 2.4323475 0.39842328 305.51775920073135 46.85870492017973 305.4153309067278 46.95102330793056 35.723854423175304 307.41390435928037 16000.0 16600.0 2016.0 2 193 {-999.0 15.974838 13.797988 12.689765 -999.0} sdss_psfmag_from_g3xp 14.876252 13.351331 12.168044 9.085 63050395015371026 1151795366 bright_1x1 mwm_galactic_core_dist_apogee_sparse mwm_galactic science 0 0 0.0 0.0 -999 ""
FIBERMAP 245 R-9C16 BOSS 0 0 0 1 0 0 161.178609947274 -174.67663955917894 143.1 155.629185562061 -179.64363897199573 20.04664 99.07416 -999.0 -999.0 -999.0 -999.0 -999.0 305.51952652188356 46.855641458839024 305.41751930830765 46.948022248855985 35.7246958328019 307.40990720595175 -999.0 5400.0 -999.0 1 308 {-999.0 -999.0 -999.0 -999.0 -999.0} "" -999.0 -999.0 -999.0 -999.0 -999 -999 "" "" "" "" 0 0 0.0 0.0 -999 ""
FIBERMAP 245 R-9C16 METROLOGY 0 0 0 1 0 0 160.43615448226802 -174.66724550660868 143.1 154.8873770502815 -179.6109871689641 20.04664 99.07416 -999.0 -999.0 -999.0 -999.0 -999.0 305.51474924997206 46.85584282377909 305.4126205477312 46.94819818937336 35.721460244050654 307.4109707532434 -999.0 6231.0 -999.0 -1 -999 {-999.0 -999.0 -999.0 -999.0 -999.0} "" -999.0 -999.0 -999.0 -999.0 -999 -999 "" "" "" "" 0 0 0.0 0.0 -999 ""
FIBERMAP 251 R-9C13 APOGEE 1 1 0 1 0 0 82.660920805851 -159.55636608012534 143.1 77.62252804140832 -162.07047309078408 94.4356 95.425255 305.0053157750639 46.937953638569546 -2.5821037 -3.3148224 0.09639338 305.0053045588718 46.93794380708163 304.90195272869613 47.02929982709453 35.397755766791875 307.5979560791285 16000.0 16600.0 2016.0 2 172 {-999.0 18.24808 15.9517565 14.414659 -999.0} sdss_psfmag_ps1 17.029816 15.061378 13.755203 10.221 63050395015347531 1153345120 bright_1x1 mwm_galactic_core_dist_apogee_sparse mwm_galactic science 0 0 0.0 0.0 -999 ""
FIBERMAP 251 R-9C13 BOSS 0 0 0 1 0 0 83.38815906948142 -159.4318186740604 143.1 78.3533231602763 -161.96877027260624 94.4356 95.425255 -999.0 -999.0 -999.0 -999.0 -999.0 305.00979335159 46.938270798082904 304.9068565326415 47.029695612735736 35.40110653214714 307.59756448701415 -999.0 5400.0 -999.0 1 397 {-999.0 -999.0 -999.0 -999.0 -999.0} "" -999.0 -999.0 -999.0 -999.0 -999 -999 "" "" "" "" 0 0 0.0 0.0 -999 ""
FIBERMAP 251 R-9C13 METROLOGY 0 0 0 1 0 0 83.13002833083713 -160.13547804573972 143.1 78.07326834502682 -162.66400783399098 94.4356 95.425255 -999.0 -999.0 -999.0 -999.0 -999.0 305.00798589244533 46.93516515527179 304.9049435238363 47.02657012385119 35.39917177472932 307.59415455488914 -999.0 6231.0 -999.0 -1 -999 {-999.0 -999.0 -999.0 -999.0 -999.0} "" -999.0 -999.0 -999.0 -999.0 -999 -999 "" "" "" "" 0 0 0.0 0.0 -999 ""
FIBERMAP 256 R-3C17 APOGEE 0 0 0 1 0 0 90.22138045693407 -61.98109089853322 143.1 88.2365725271862 -64.77842080468484 180.20639 133.51558 -999.0 -999.0 -999.0 -999.0 -999.0 305.08389608563033 47.37878410259251 304.9787664952342 47.4701933987235 35.54055946724446 308.11411357823766 -999.0 16600.0 -999.0 2 -999 {-999.0 -999.0 -999.0 -999.0 -999.0} "" -999.0 -999.0 -999.0 -999.0 -999 -999 "" "" "" "" 0 0 0.0 0.0 -999 ""
FIBERMAP 256 R-3C17 BOSS 1 1 0 1 0 0 89.68811412040952 -61.45539482983288 143.1 87.7200302858717 -64.23626639979857 180.20639 133.51558 305.08013145062665 47.38119086842755 -3.144466 -2.6549728 0.38332844 305.0801176772097 47.38118299399846 304.9753865632431 47.47264342606279 35.53882605746312 308.11763655959976 5400.0 5400.0 2016.0 1 302 {-999.0 19.08361 18.027082 17.525751 -999.0} sdss_psfmag_ps1 18.716244 17.968235 17.127779 15.41 63050395015410525 980252152 "" ops_std_boss_red ops_std standard_boss 0 0 0.0 0.0 -999 ""
FIBERMAP 256 R-3C17 METROLOGY 0 0 0 1 0 0 90.4005142946311 -61.25681674553331 143.1 88.43831385164819 -64.06010316474969 180.20639 133.51558 -999.0 -999.0 -999.0 -999.0 -999.0 305.08506015105985 47.38197580798433 304.98021436974426 47.473428534069186 35.54218105213933 308.1177581045508 -999.0 6231.0 -999.0 -1 -999 {-999.0 -999.0 -999.0 -999.0 -999.0} "" -999.0 -999.0 -999.0 -999.0 -999 -999 "" "" "" "" 0 0 0.0 0.0 -999 ""
FIBERMAP 260 R+3C9 APOGEE 1 1 0 1 0 0 -73.1368608481659 69.30376785310995 143.1 -70.9307369434304 71.56233700087942 59.359436 121.398445 304.01061003039695 48.00190103365859 -3.4253871 -4.333163 0.13624556 304.01059484683657 48.00188818185753 303.9015066841136 48.09117207677436 34.96120471777408 309.04182634156035 16000.0 16600.0 2016.0 2 121 {-999.0 17.362112 15.171114 14.171084 -999.0} sdss_psfmag_ps1 16.2306 14.561159 13.335183 10.101 63050395015912350 1153345518 bright_1x1 mwm_galactic_core_dist_apogee_sparse mwm_galactic science 0 0 0.0 0.0 -999 ""
FIBERMAP 260 R+3C9 BOSS 0 0 0 1 0 0 -72.4077942296668 69.32068804726602 143.1 -70.2014864555099 71.5564064388924 59.359436 121.398445 -999.0 -999.0 -999.0 -999.0 -999.0 304.0150755866133 48.001850137859634 303.90641941622584 48.091203481487796 34.96441987425623 309.0410244008872 -999.0 5400.0 -999.0 1 32 {-999.0 -999.0 -999.0 -999.0 -999.0} "" -999.0 -999.0 -999.0 -999.0 -999 -999 "" "" "" "" 0 0 0.0 0.0 -999 ""
FIBERMAP 260 R+3C9 METROLOGY 0 0 0 1 0 0 -72.74648670588518 68.66043030826188 143.1 -70.5607049096934 70.90707401357484 59.359436 121.398445 -999.0 -999.0 -999.0 -999.0 -999.0 304.01277370624877 47.998900349181554 303.9040070176348 48.08823271499356 34.962221492710505 309.03789214850815 -999.0 6231.0 -999.0 -1 -999 {-999.0 -999.0 -999.0 -999.0 -999.0} "" -999.0 -999.0 -999.0 -999.0 -999 -999 "" "" "" "" 0 0 0.0 0.0 -999 ""
FIBERMAP 261 R+4C15 APOGEE 1 1 0 1 0 0 71.40963625574132 84.1732228236188 143.1 74.01299054643717 81.89587735134776 351.36142 165.09186 304.9975614760112 48.0469245171408 2.9414601 1.6231222 2.8802705 304.9975745258882 48.04692933118542 304.88945462392815 48.13804014771446 35.616494292568234 308.9332558735204 16000.0 16600.0 2016.0 2 65 {-999.0 10.948245 10.760795 10.729323 -999.0} sdss_psfmag_from_g3xp 10.954628 10.751406 10.404569 9.844 63050395015888790 996666767 bright_1x1 mwm_bin_gaia_sb_apogee mwm_bin science 0 0 0.0 0.0 -999 ""
FIBERMAP 261 R+4C15 BOSS 0 0 0 1 0 0 72.09764614243912 83.90232190653342 143.1 74.69218594714292 81.60354874394012 351.36142 165.09186 -999.0 -999.0 -999.0 -999.0 -999.0 305.00181275268534 48.04555108743464 304.894122584663 48.13672588409567 35.619287296817674 308.9309118800522 -999.0 5400.0 -999.0 1 212 {-999.0 -999.0 -999.0 -999.0 -999.0} "" -999.0 -999.0 -999.0 -999.0 -999 -999 "" "" "" "" 0 0 0.0 0.0 -999 ""
FIBERMAP 261 R+4C15 METROLOGY 0 0 0 1 0 0 71.52393657115576 83.43006736142628 143.1 74.10395243171058 81.14949364996492 351.36142 165.09186 -999.0 -999.0 -999.0 -999.0 -999.0 304.99789366557195 48.04352379047041 304.890089213352 48.13467579422069 35.616242674997075 308.9290961768274 -999.0 6231.0 -999.0 -1 -999 {-999.0 -999.0 -999.0 -999.0 -999.0} "" -999.0 -999.0 -999.0 -999.0 -999 -999 "" "" "" "" 0 0 0.0 0.0 -999 ""
FIBERMAP 264 R+10C3 APOGEE 1 1 0 1 0 0 -153.66507776271425 185.3284947506826 143.1 -147.78548372354808 190.0550252248971 262.47815 43.75749 303.4842903271847 48.5347123286207 -0.80158955 -4.3115187 0.17346582 303.4842867367759 48.534699541015236 303.37220068883 48.62288582956487 34.72868892129668 309.7651078708449 16000.0 16600.0 2016.0 2 136 {-999.0 15.199529 13.334955 12.317712 -999.0} sdss_psfmag_from_g3xp 14.3278265 12.974962 11.844374 9.024 63050395016016838 1155633647 bright_1x1 mwm_galactic_core_dist_apogee_extra mwm_galactic science 0 0 0.0 0.0 -999 ""
FIBERMAP 264 R+10C3 BOSS 0 0 0 1 0 0 -154.11475797800838 185.91994224159905 143.1 -148.21641945434416 190.66028094880284 262.47815 43.75749 -999.0 -999.0 -999.0 -999.0 -999.0 303.4808739602573 48.53734907590774 303.3692069037595 48.625589930839986 34.727320079404734 309.768829239709 -999.0 5400.0 -999.0 1 16 {-999.0 -999.0 -999.0 -999.0 -999.0} "" -999.0 -999.0 -999.0 -999.0 -999 -999 "" "" "" "" 0 0 0.0 0.0 -999 ""
FIBERMAP 264 R+10C3 METROLOGY 0 0 0 1 0 0 -153.37487605901435 186.01978972796832 143.1 -147.473760569618 190.7368994341786 262.47815 43.75749 -999.0 -999.0 -999.0 -999.0 -999.0 303.4860590090401 48.5377608880334 303.37427278868034 48.62599392509696 34.73067888167677 309.7684570473752 -999.0 6231.0 -999.0 -1 -999 {-999.0 -999.0 -999.0 -999.0 -999.0} "" -999.0 -999.0 -999.0 -999.0 -999 -999 "" "" "" "" 0 0 0.0 0.0 -999 ""
FIBERMAP 285 R-8C18 APOGEE 0 0 0 1 0 0 171.02801134018833 -175.37914605586926 143.1 165.45189850018977 -180.65440792277298 315.44983 31.902744 -999.0 -999.0 -999.0 -999.0 -999.0 305.58447111504705 46.85073194012254 305.48215389478446 46.943174706232575 35.766871102513704 307.39284311014063 -999.0 16600.0 -999.0 2 -999 {-999.0 -999.0 -999.0 -999.0 -999.0} "" -999.0 -999.0 -999.0 -999.0 -999 -999 "" "" "" "" 0 0 0.0 0.0 -999 ""
FIBERMAP 285 R-8C18 BOSS 1 1 0 1 0 0 170.31133499256364 -175.2287484354843 143.1 164.74027470952586 -180.48162721788285 315.44983 31.902744 305.57943872106586 46.851476160353705 -1.7867128 -3.8436759 0.2695714 305.5794309724142 46.85146476033086 305.47751045794047 46.943956477732115 35.76393004595692 307.39459103009085 5400.0 5400.0 2016.0 1 319 {-999.0 16.336767 14.99238 14.436026 -999.0} sdss_psfmag_ps1 15.803095 14.95374 14.041142 12.213 63050395015365583 1093562318 bright_1x1 mwm_astar_core_boss_single mwm_ob science 0 0 0.0 0.0 -999 ""
FIBERMAP 285 R-8C18 METROLOGY 0 0 0 1 0 0 170.80029712897348 -174.6686474854818 143.1 165.24655339619846 -179.9371121803456 315.44983 31.902744 -999.0 -999.0 -999.0 -999.0 -999.0 305.5829582474164 46.853910150675105 305.4809167051045 46.94639125299253 35.766707336752475 307.3969367118502 -999.0 6231.0 -999.0 -1 -999 {-999.0 -999.0 -999.0 -999.0 -999.0} "" -999.0 -999.0 -999.0 -999.0 -999 -999 "" "" "" "" 0 0 0.0 0.0 -999 ""
FIBERMAP 288 R-1C7 APOGEE 1 1 0 1 0 0 -131.95233317498258 -29.26741539305489 143.1 -132.80665415814252 -25.11925608178047 351.90363 86.87483 303.5959047065367 47.56017216380073 -5.3638268 -2.674577 0.17795497 303.5958811317076 47.56016423122562 303.4882690704276 47.6487653516514 34.59555883266063 308.58812769396826 16000.0 16600.0 2016.0 2 247 {-999.0 15.28658 13.335558 12.323282 -999.0} sdss_psfmag_from_g3xp 14.351952 12.97276 11.835681 8.946 63050395015844941 1151795748 bright_1x1 mwm_galactic_core_dist_apogee_sparse mwm_galactic science 0 0 0.0 0.0 -999 ""
FIBERMAP 288 R-1C7 BOSS 0 0 0 1 0 0 -132.05567224172066 -30.00407294884265 143.1 -132.93302469988734 -25.852326003766382 351.90363 86.87483 -999.0 -999.0 -999.0 -999.0 -999.0 303.59456782756536 47.556750494483005 303.48739718069777 47.64541466110561 34.594250906829586 308.5843128963194 -999.0 5400.0 -999.0 1 483 {-999.0 -999.0 -999.0 -999.0 -999.0} "" -999.0 -999.0 -999.0 -999.0 -999 -999 "" "" "" "" 0 0 0.0 0.0 -999 ""
FIBERMAP 288 R-1C7 METROLOGY 0 0 0 1 0 0 -132.64590526121228 -29.541560837108968 143.1 -133.5084862137377 -25.37154069785684 351.90363 86.87483 -999.0 -999.0 -999.0 -999.0 -999.0 303.5908073598033 47.5589360393302 303.4835017359307 47.647574337515124 34.592164187739016 308.5875718078748 -999.0 6231.0 -999.0 -1 -999 {-999.0 -999.0 -999.0 -999.0 -999.0} "" -999.0 -999.0 -999.0 -999.0 -999 -999 "" "" "" "" 0 0 0.0 0.0 -999 ""
FIBERMAP 289 R-11C12 APOGEE 1 1 0 1 0 0 72.64318324586493 -201.16996412675164 143.1 66.30573364086423 -203.3504367373671 116.504486 114.11487 304.92707405148224 46.7521954904595 -1.3496965 -3.930239 0.10339559 304.9270682088829 46.75218383369779 304.82440753612883 46.84343396187352 35.306472236133764 307.3891020226235 16000.0 16600.0 2016.0 2 175 {-999.0 18.881102 16.377552 15.180775 -999.0} sdss_psfmag_ps1 17.60977 15.791439 14.51683 10.874 63050395015343841 1153345173 bright_1x1 mwm_galactic_core_dist_apogee_sparse mwm_galactic science 0 0 0.0 0.0 -999 ""
FIBERMAP 289 R-11C12 BOSS 0 0 0 1 0 0 73.10949092415578 -200.60106875966073 143.1 66.78964417089745 -202.79642166238693 116.504486 114.11487 -999.0 -999.0 -999.0 -999.0 -999.0 304.9299203699725 46.754559490991774 304.8276639240105 46.84587603321541 35.30917108191437 307.3914402654163 -999.0 5400.0 -999.0 1 394 {-999.0 -999.0 -999.0 -999.0 -999.0} "" -999.0 -999.0 -999.0 -999.0 -999 -999 "" "" "" "" 0 0 0.0 0.0 -999 ""
FIBERMAP 289 R-11C12 METROLOGY 0 0 0 1 0 0 73.37787993560053 -201.28933217260342 143.1 67.03634141681387 -203.49276720858563 116.504486 114.11487 -999.0 -999.0 -999.0 -999.0 -999.0 304.931612651207 46.751448394178695 304.82925465351576 46.842751252115995 35.30956442366662 307.3874143458479 -999.0 6231.0 -999.0 -1 -999 {-999.0 -999.0 -999.0 -999.0 -999.0} "" -999.0 -999.0 -999.0 -999.0 -999 -999 "" "" "" "" 0 0 0.0 0.0 -999 ""
FIBERMAP 293 R-11C16 APOGEE 1 1 0 1 0 0 170.53564392275288 -224.52712687650444 143.1 163.41988704017334 -229.76361967566407 271.11813 129.97989 305.5633185229212 46.63079501181772 -1.3060541 -2.656564 0.19596413 305.5633128819357 46.630787132669944 305.46188376212746 46.72323681966691 35.707671564451324 307.13132600614387 16000.0 16600.0 2016.0 2 218 {-999.0 16.575443 14.529686 13.530694 -999.0} sdss_psfmag_from_g3xp 15.576069 14.166887 13.014043 9.923 63050395015312878 1151795269 bright_1x1 mwm_galactic_core_dist_apogee_sparse mwm_galactic science 0 0 0.0 0.0 -999 ""
FIBERMAP 293 R-11C16 BOSS 0 0 0 1 0 0 169.98781725253832 -225.01825155213282 143.1 162.85693290421392 -230.2373468869518 271.11813 129.97989 -999.0 -999.0 -999.0 -999.0 -999.0 305.55914025105704 46.62864123860722 305.4581197733894 46.721142934506375 35.70471070132488 307.1294682730239 -999.0 5400.0 -999.0 1 259 {-999.0 -999.0 -999.0 -999.0 -999.0} "" -999.0 -999.0 -999.0 -999.0 -999 -999 "" "" "" "" 0 0 0.0 0.0 -999 ""
FIBERMAP 293 R-11C16 METROLOGY 0 0 0 1 0 0 169.83232901575082 -224.2866365733593 143.1 162.72444107930372 -229.50120771029668 271.11813 129.97989 -999.0 -999.0 -999.0 -999.0 -999.0 305.55850788562594 46.63194885210446 305.457358359739 46.72443189028492 35.704887529429456 307.133563442658 -999.0 6231.0 -999.0 -1 -999 {-999.0 -999.0 -999.0 -999.0 -999.0} "" -999.0 -999.0 -999.0 -999.0 -999 -999 "" "" "" "" 0 0 0.0 0.0 -999 ""
FIBERMAP 296 R+3C13 APOGEE 1 1 0 1 0 0 12.958415615874648 42.45563975869237 143.1 14.282458197014357 42.02946970649056 295.3112 97.547356 304.58975989395657 47.86750223682928 -1.2330767 -5.794101 0.5953359 304.5897544423415 47.86748505200726 304.4819329254874 47.957876297832634 35.31334790616515 308.7839900416135 16000.0 16600.0 2016.0 2 5 {-999.0 13.187574 11.722038 11.120182 -999.0} sdss_psfmag_from_g3xp 12.578477 11.656101 10.716927 8.578 63050395015881039 1151795998 bright_1x1 mwm_galactic_core_dist_apogee_sparse mwm_galactic science 0 0 0.0 0.0 -999 ""
FIBERMAP 296 R+3C13 BOSS 0 0 0 1 0 0 12.343487318408913 42.06501196650739 143.1 13.655583017103824 41.6582940401819 295.3112 97.547356 -999.0 -999.0 -999.0 -999.0 -999.0 304.5850771384841 47.86577161625454 304.4776782866423 47.95621338390779 35.31021843349769 308.7827107269844 -999.0 5400.0 -999.0 1 106 {-999.0 -999.0 -999.0 -999.0 -999.0} "" -999.0 -999.0 -999.0 -999.0 -999 -999 "" "" "" "" 0 0 0.0 0.0 -999 ""
FIBERMAP 296 R+3C13 METROLOGY 0 0 0 1 0 0 12.266737505526828 42.798894177413956 143.1 13.601863255540913 42.39423238255564 295.3112 97.547356 -999.0 -999.0 -999.0 -999.0 -999.0 304.58484925205096 47.869136484743265 304.4773162501736 47.95956040718116 35.3106668591203 308.7867861748457 -999.0 6231.0 -999.0 -1 -999 {-999.0 -999.0 -999.0 -999.0 -999.0} "" -999.0 -999.0 -999.0 -999.0 -999 -999 "" "" "" "" 0 0 0.0 0.0 -999 ""
FIBERMAP 298 R-12C13 APOGEE 0 0 0 1 0 0 124.63501376434651 -239.83025608838875 143.1 117.0615877070712 -243.62134711820843 342.67963 106.045334 -999.0 -999.0 -999.0 -999.0 -999.0 305.2575433742381 46.570411368214266 305.1560142057386 46.66231022309433 35.48974207009711 307.11249994152047 -999.0 16600.0 -999.0 2 -999 {-999.0 -999.0 -999.0 -999.0 -999.0} "" -999.0 -999.0 -999.0 -999.0 -999 -999 "" "" "" "" 0 0 0.0 0.0 -999 ""
FIBERMAP 298 R-12C13 BOSS 1 1 0 1 0 0 124.62722416148961 -240.56803573343404 143.1 117.03068609198706 -244.35853230052277 342.67963 106.045334 305.2562678602913 46.567071002633256 0.6092352 -3.2323987 0.6974992 305.25684342736383 46.567061415607654 305.15573422108196 46.65902068327625 35.48885386345377 307.1086027520727 5400.0 5400.0 2016.0 1 344 {-999.0 13.282365 12.186707 11.726634 -999.0} sdss_psfmag_from_g3xp 12.904419 12.188358 11.35841 9.456 63050395015316614 996779794 bright_1x1 mwm_bin_gaia_sb_boss mwm_bin science 0 0 1.4180338382720947 0.0 -999 ""
FIBERMAP 298 R-12C13 METROLOGY 0 0 0 1 0 0 123.98521727885984 -240.19689829539848 143.1 116.4006124028846 -243.9674561199595 342.67963 106.045334 -999.0 -999.0 -999.0 -999.0 -999.0 305.2528729578911 46.56884198944996 305.151636677172 46.66077618909416 35.48647999647394 307.11144479596396 -999.0 6231.0 -999.0 -1 -999 {-999.0 -999.0 -999.0 -999.0 -999.0} "" -999.0 -999.0 -999.0 -999.0 -999 -999 "" "" "" "" 0 0 0.0 0.0 -999 ""
FIBERMAP 302 R-2C21 APOGEE 1 1 0 1 0 0 198.64860221570834 -30.39976494737151 143.1 197.6017865420878 -36.60927710343197 87.10882 36.160084 305.8191876203956 47.499950565602965 -3.4317164 -3.5341716 0.3366722 305.8191725547929 47.4999400835433 305.7144067812023 47.59267952627946 36.05172178661389 308.13932820902545 16000.0 16600.0 2016.0 2 228 {-999.0 16.292208 14.274734 13.30271 -999.0} sdss_psfmag_from_g3xp 15.307104 13.93475 12.797551 9.811 63050395015396825 1151795284 bright_1x1 mwm_galactic_core_dist_apogee_sparse mwm_galactic science 0 0 0.0 0.0 -999 ""
FIBERMAP 302 R-2C21 BOSS 0 0 0 1 0 0 199.06088805609642 -31.01544042142429 143.1 197.99458656013417 -37.23757768328757 87.10882 36.160084 -999.0 -999.0 -999.0 -999.0 -999.0 305.8213640570221 47.49699351749042 305.71702067839146 47.58979232911268 36.0528857153097 308.1353994592538 -999.0 5400.0 -999.0 1 284 {-999.0 -999.0 -999.0 -999.0 -999.0} "" -999.0 -999.0 -999.0 -999.0 -999 -999 "" "" "" "" 0 0 0.0 0.0 -999 ""
FIBERMAP 302 R-2C21 METROLOGY 0 0 0 1 0 0 198.31650148817013 -31.069544735439052 143.1 197.24885836620226 -37.26833358448031 87.10882 36.160084 -999.0 -999.0 -999.0 -999.0 -999.0 305.8164912360545 47.49693284246497 305.7120268138077 47.58970720325017 36.04956613887836 308.1361114024456 -999.0 6231.0 -999.0 -1 -999 {-999.0 -999.0 -999.0 -999.0 -999.0} "" -999.0 -999.0 -999.0 -999.0 -999 -999 "" "" "" "" 0 0 0.0 0.0 -999 ""
FIBERMAP 307 R0C7 APOGEE 0 0 0 1 0 0 -143.83754672612338 -8.758399620335004 143.1 -144.0436455498957 -4.247599850797479 344.17667 98.55366 -999.0 -999.0 -999.0 -999.0 -999.0 303.5189931063648 47.65462513222659 303.41088091433716 47.743062158975974 34.56540599286247 308.71374002636895 -999.0 16600.0 -999.0 2 250 {-999.0 -999.0 -999.0 -999.0 -999.0} "" -999.0 -999.0 -999.0 -999.0 -999 -999 "" "" "" "" 0 0 0.0 0.0 -999 ""
FIBERMAP 307 R0C7 BOSS 1 1 0 1 0 0 -143.9328498960116 -9.489371025367959 143.1 -144.16180585598923 -4.97523809898819 344.17667 98.55366 303.5172427090387 47.65125229271165 -0.34835082 -2.6140509 1.2133689 303.51773362296746 47.65124453965441 303.4100638489745 47.7397449547149 34.56414309680043 308.70995582990264 5400.0 5400.0 2016.0 1 493 {-999.0 12.70635 12.475579 12.423479 -999.0} sdss_psfmag_from_g3xp 12.700975 12.470113 12.092943 11.511 63050395015846886 996741218 bright_1x1 mwm_bin_gaia_sb_boss mwm_bin science 0 0 1.1942394971847534 0.0 -999 ""
FIBERMAP 307 R0C7 METROLOGY 0 0 0 1 0 0 -144.52944744512968 -9.03954790973586 143.1 -144.74402644142506 -4.506936352641465 344.17667 98.55366 -999.0 -999.0 -999.0 -999.0 -999.0 303.5139232830502 47.6533673267179 303.40611860793075 47.741841570569434 34.56201389722525 308.71314585944776 -999.0 6231.0 -999.0 -1 -999 {-999.0 -999.0 -999.0 -999.0 -999.0} "" -999.0 -999.0 -999.0 -999.0 -999 -999 "" "" "" "" 0 0 0.0 0.0 -999 ""
FIBERMAP 310 R+1C8 APOGEE 0 0 0 1 0 0 -131.4265377979999 5.695978410440086 143.1 -131.1856544050319 9.811058174491299 258.6069 97.31158 -999.0 -999.0 -999.0 -999.0 -999.0 303.6047240121808 47.719106221633105 303.49642330177625 47.807690310388985 34.63561165320561 308.77512190403985 -999.0 16600.0 -999.0 2 -999 {-999.0 -999.0 -999.0 -999.0 -999.0} "" -999.0 -999.0 -999.0 -999.0 -999 -999 "" "" "" "" 0 0 0.0 0.0 -999 ""
FIBERMAP 310 R+1C8 BOSS 1 1 0 1 0 0 -132.17067455382528 5.74029126370459 143.1 -131.92804935218217 9.878664871077241 258.6069 97.31158 303.5992171804996 47.7193398908536 -2.9135559 -5.421057 -0.115780614 303.5992043359112 47.719323812448486 303.49132539613873 47.807961675796356 34.63232865559408 308.77634853838543 5400.0 5400.0 2016.0 1 46 {-999.0 16.588505 15.923423 15.613342 -999.0} sdss_psfmag_ps1 16.441557 15.972403 15.199618 13.788 63050395015859957 1093632126 bright_1x1 mwm_astar_core_boss_single mwm_ob science 0 0 0.0 0.0 -999 ""
FIBERMAP 310 R+1C8 METROLOGY 0 0 0 1 0 0 -131.7545607301475 6.366099993809192 143.1 -131.49252565891933 10.491138925119671 258.6069 97.31158 -999.0 -999.0 -999.0 -999.0 -999.0 303.6022425712451 47.72214500252751 303.4942329995342 47.8107697613549 34.63484523448776 308.779163753121 -999.0 6231.0 -999.0 -1 -999 {-999.0 -999.0 -999.0 -999.0 -999.0} "" -999.0 -999.0 -999.0 -999.0 -999 -999 "" "" "" "" 0 0 0.0 0.0 -999 ""
FIBERMAP 322 R+11C6 APOGEE 1 1 0 1 0 0 -61.92055461772571 198.15434026567758 143.1 -55.68268153966125 200.00028953829937 270.93085 93.30798 304.11387101964976 48.583793591626424 -1.6295389 -4.0102053 0.38367677 304.11386371367826 48.583781697691236 304.002296890869 48.67313650271119 35.14642168387009 309.7207207226514 16000.0 16600.0 2016.0 2 4 {-999.0 14.266884 12.679293 11.920912 -999.0} sdss_psfmag_from_g3xp 13.581757 12.497784 11.473239 8.958 63050395015931375 1151796101 bright_1x1 mwm_galactic_core_dist_apogee_sparse mwm_galactic science 0 0 0.0 0.0 -999 ""
FIBERMAP 322 R+11C6 BOSS 0 0 0 1 0 0 -62.657182546682975 198.09608121505326 143.1 -56.42078495348864 199.9651377842895 270.93085 93.30798 -999.0 -999.0 -999.0 -999.0 -999.0 304.10835409510076 48.58359609602043 303.99721102246366 48.67299900632763 35.14310456701836 309.7213846320851 -999.0 5400.0 -999.0 1 143 {-999.0 -999.0 -999.0 -999.0 -999.0} "" -999.0 -999.0 -999.0 -999.0 -999 -999 "" "" "" "" 0 0 0.0 0.0 -999 ""
FIBERMAP 322 R+11C6 METROLOGY 0 0 0 1 0 0 -62.34770291009171 198.7803618285609 143.1 -56.09001279282524 200.63939695547282 270.93085 93.30798 -999.0 -999.0 -999.0 -999.0 -999.0 304.1107491979748 48.58664366899337 303.9994735331347 48.67603384089109 35.14518012394478 309.7246511149221 -999.0 6231.0 -999.0 -1 -999 {-999.0 -999.0 -999.0 -999.0 -999.0} "" -999.0 -999.0 -999.0 -999.0 -999 -999 "" "" "" "" 0 0 0.0 0.0 -999 ""
FIBERMAP 325 R+6C4 APOGEE 0 0 0 1 0 0 -140.80224284491487 118.6260250881646 143.1 -137.0186435323142 122.98122404900666 32.098324 91.49801 -999.0 -999.0 -999.0 -999.0 -999.0 303.5597959680123 48.232743398890655 303.44916020989535 48.32113494007226 34.714994960178394 309.39314314366914 -999.0 16600.0 -999.0 2 -999 {-999.0 -999.0 -999.0 -999.0 -999.0} "" -999.0 -999.0 -999.0 -999.0 -999 -999 "" "" "" "" 0 0 0.0 0.0 -999 ""
FIBERMAP 325 R+6C4 BOSS 1 1 0 1 0 0 -140.3792323423101 118.00026417253936 143.1 -136.6154399372395 122.3425067982842 32.098324 91.49801 303.56206751939607 48.2298486781136 -999.0 -999.0 -999.0 303.56206751939607 48.229848678113605 303.45187971190177 48.31830744983165 34.71616280010092 309.389315132732 5400.0 5400.0 2015.5 1 38 {-999.0 -999.0 -999.0 -999.0 -999.0} "" -999.0 -999.0 -999.0 -999.0 27021603114185813 818195697 "" ops_sky_boss_good ops_sky sky_boss 0 0 0.0 0.0 -999 ""
FIBERMAP 325 R+6C4 METROLOGY 0 0 0 1 0 0 -141.12786344243537 117.95473289620776 143.1 -137.3651420416917 122.3204528504539 32.098324 91.49801 -999.0 -999.0 -999.0 -999.0 -999.0 303.55710870670276 48.22971636608132 303.4467932781499 48.31814821151221 34.712823540660686 309.3899982617733 -999.0 6231.0 -999.0 -1 -999 {-999.0 -999.0 -999.0 -999.0 -999.0} "" -999.0 -999.0 -999.0 -999.0 -999 -999 "" "" "" "" 0 0 0.0 0.0 -999 ""
FIBERMAP 333 R+12C2 APOGEE 1 1 0 1 0 0 -125.40449270475335 233.27846855348557 143.1 -118.03597824392607 237.09678020448624 325.8801 149.86874 303.686546163913 48.74758122193083 -2.4379334 -3.9520075 0.14093569 303.68653519795595 48.74756950060499 303.5737169353728 48.83609040565008 34.90286535872486 309.98566127758164 16000.0 16600.0 2016.0 2 132 {-999.0 16.499512 15.029772 14.507602 -999.0} sdss_psfmag_ps1 15.855231 15.248558 13.85961 10.879 63050395016021296 1153345552 bright_1x1 mwm_galactic_core_dist_apogee_sparse mwm_galactic science 0 0 0.0 0.0 -999 ""
FIBERMAP 333 R+12C2 BOSS 0 0 0 1 0 0 -125.08402802407451 232.6148485032434 143.1 -117.73645794925935 236.4234347101658 325.8801 149.86874 -999.0 -999.0 -999.0 -999.0 -999.0 303.68814934567854 48.74452972889626 303.5757812379923 48.833114053057166 34.903586393261776 309.9817698569634 -999.0 5400.0 -999.0 1 6 {-999.0 -999.0 -999.0 -999.0 -999.0} "" -999.0 -999.0 -999.0 -999.0 -999 -999 "" "" "" "" 0 0 0.0 0.0 -999 ""
FIBERMAP 333 R+12C2 METROLOGY 0 0 0 1 0 0 -125.8269149468604 232.6571429607505 143.1 -118.47766689625087 236.48898481052564 325.8801 149.86874 -999.0 -999.0 -999.0 -999.0 -999.0 303.6832038158549 48.744789027458765 303.5707056060331 48.83334710200668 34.9003637616735 309.98288175722536 -999.0 6231.0 -999.0 -1 -999 {-999.0 -999.0 -999.0 -999.0 -999.0} "" -999.0 -999.0 -999.0 -999.0 -999 -999 "" "" "" "" 0 0 0.0 0.0 -999 ""
FIBERMAP 343 R+11C1 APOGEE 1 1 0 1 0 0 -178.1028590104672 200.34251017395005 143.1 -171.74124743225624 205.82758116273538 256.0849 92.79578 303.32086284844894 48.60350941185289 -2.6651971 -4.959428 0.16332628 303.3208508944827 48.60349470260223 303.20826258388564 48.6913594766443 34.637180670923094 309.87416218604835 16000.0 16600.0 2016.0 2 139 {-999.0 15.199593 13.741752 13.085361 -999.0} sdss_psfmag_from_g3xp 14.59587 13.63283 12.67109 10.395 63050395016018425 1151796113 bright_1x1 mwm_galactic_core_dist_apogee_sparse mwm_galactic science 0 0 0.0 0.0 -999 ""
FIBERMAP 343 R+11C1 BOSS 0 0 0 1 0 0 -178.8175413235375 200.48645397737658 143.1 -172.451080342912 205.9938486398513 256.0849 92.79578 -999.0 -999.0 -999.0 -999.0 -999.0 303.31558013141154 48.604117095191924 303.203419851323 48.69203389582114 34.63419746474166 309.8757810637606 -999.0 5400.0 -999.0 1 9 {-999.0 -999.0 -999.0 -999.0 -999.0} "" -999.0 -999.0 -999.0 -999.0 -999 -999 "" "" "" "" 0 0 0.0 0.0 -999 ""
FIBERMAP 343 R+11C1 METROLOGY 0 0 0 1 0 0 -178.3309306705038 201.04741842138176 143.1 -171.94712496826958 206.53930043668328 256.0849 92.79578 -999.0 -999.0 -999.0 -999.0 -999.0 303.3191157530112 48.60662198583175 303.2068242805989 48.6945272888835 34.636919030430114 309.87816895788006 -999.0 6231.0 -999.0 -1 -999 {-999.0 -999.0 -999.0 -999.0 -999.0} "" -999.0 -999.0 -999.0 -999.0 -999 -999 "" "" "" "" 0 0 0.0 0.0 -999 ""
FIBERMAP 361 R+13C14 APOGEE 1 1 0 1 0 0 150.12362079415558 258.3270317484997 143.1 158.14608316777068 253.5007492937698 341.99612 168.33519 305.5809059964506 48.813574321208336 -3.893264 -9.298378 0.47026443 305.58142838012134 48.81354674299202 305.4706527420138 48.905576688017305 36.14043056492611 309.77284228632857 16000.0 16600.0 2016.0 2 98 {-999.0 13.535483 11.606776 9.807911 -999.0} sdss_psfmag_from_g3xp 12.637167 10.534153 9.199799 5.806 63050395016094972 1151796169 bright_1x1 mwm_galactic_core_dist_apogee_sparse mwm_galactic science 0 0 1.2799532413482666 0.0 -999 ""
FIBERMAP 361 R+13C14 BOSS 0 0 0 1 0 0 150.7624578385265 257.96188557634014 143.1 158.77317623920027 253.11576084922785 341.99612 168.33519 -999.0 -999.0 -999.0 -999.0 -999.0 305.5852412855162 48.81168711105108 305.4748964315934 48.90377525163602 36.14284498778848 309.77001937169473 -999.0 5400.0 -999.0 1 90 {-999.0 -999.0 -999.0 -999.0 -999.0} "" -999.0 -999.0 -999.0 -999.0 -999 -999 "" "" "" "" 0 0 0.0 0.0 -999 ""
FIBERMAP 361 R+13C14 METROLOGY 0 0 0 1 0 0 150.12648066979918 257.57816448694126 143.1 158.12547858210476 252.75214809723914 341.99612 168.33519 -999.0 -999.0 -999.0 -999.0 -999.0 305.58092823745625 48.81016226975689 305.4704663297345 48.90222837865259 36.139699742944714 309.76879329577093 -999.0 6231.0 -999.0 -1 -999 {-999.0 -999.0 -999.0 -999.0 -999.0} "" -999.0 -999.0 -999.0 -999.0 -999 -999 "" "" "" "" 0 0 0.0 0.0 -999 ""
FIBERMAP 368 R-8C2 APOGEE 0 0 0 1 0 0 -189.79773875488192 -158.18973061262975 143.1 -194.66391056391475 -152.1679596921615 176.30362 135.56192 -999.0 -999.0 -999.0 -999.0 -999.0 303.1962663248921 46.982216395818206 303.0907374463051 47.070190436086776 34.20313842390255 307.97820433812103 -999.0 16600.0 -999.0 2 -999 {-999.0 -999.0 -999.0 -999.0 -999.0} "" -999.0 -999.0 -999.0 -999.0 -999 -999 "" "" "" "" 0 0 0.0 0.0 -999 ""
FIBERMAP 368 R-8C2 BOSS 1 1 0 1 0 0 -190.31215275683664 -157.52528097617548 143.1 -195.15726207288165 -151.4877082906526 176.30362 135.56192 303.19250931557474 46.9852872417256 -8.6050825 -35.708378 1.0539694 303.1924719036335 46.98518133364375 303.08735444135834 47.073216808492205 34.20159258857755 307.9824064699289 5400.0 5400.0 2016.0 1 489 {-999.0 17.960985 16.901937 16.484377 -999.0} sdss_psfmag_ps1 17.614122 16.877735 16.045143 14.273 63050395014955160 1072767725 bright_1x1 mwm_halo_local_high_boss_single mwm_halo science 0 0 0.0 0.0 -999 ""
FIBERMAP 368 R-8C2 METROLOGY 0 0 0 1 0 0 -189.56219754812426 -157.48178829829126 143.1 -194.4063003609794 -151.4677334593044 176.30362 135.56192 -999.0 -999.0 -999.0 -999.0 -999.0 303.1975416914474 46.98531892094712 303.0923077446824 47.073344128412934 34.2049049109866 307.98161766920157 -999.0 6231.0 -999.0 -1 -999 {-999.0 -999.0 -999.0 -999.0 -999.0} "" -999.0 -999.0 -999.0 -999.0 -999 -999 "" "" "" "" 0 0 0.0 0.0 -999 ""
FIBERMAP 372 R+12C4 APOGEE 0 0 0 1 0 0 -72.56251731541488 228.82628518123371 143.1 -65.35859316502739 230.99109524057582 19.72026 80.016975 -999.0 -999.0 -999.0 -999.0 -999.0 304.0475649957725 48.72266279831157 303.9352903862301 48.81186460814872 35.13106150898343 309.89776853847576 -999.0 16600.0 -999.0 2 -999 {-999.0 -999.0 -999.0 -999.0 -999.0} "" -999.0 -999.0 -999.0 -999.0 -999 -999 "" "" "" "" 0 0 0.0 0.0 -999 ""
FIBERMAP 372 R+12C4 BOSS 1 1 0 1 0 0 -72.41615458813736 228.10537398918316 143.1 -65.2348871502899 230.26594068247388 19.72026 80.016975 304.0480093711906 48.71939104758894 -8.95661 -0.48947355 0.18514718 304.0479691064483 48.71938959584412 303.93614073963425 48.8086510663222 35.1309646220262 309.89378177939534 5400.0 5400.0 2016.0 1 93 {-999.0 15.781962 14.49397 13.8097 -999.0} sdss_psfmag_from_g3xp 15.278437 14.343312 13.380282 11.225 63050395016025210 1061879362 bright_1x1 manual_mwm_halo_mp_wise_boss_single mwm_halo science 0 0 0.0 0.0 -999 ""
FIBERMAP 372 R+12C4 METROLOGY 0 0 0 1 0 0 -73.1261485087241 228.33742747346935 143.1 -65.93727329042925 230.5201290992211 19.72026 80.016975 -999.0 -999.0 -999.0 -999.0 -999.0 304.04327424168315 48.72051784141323 303.93131303390476 48.80975379218358 35.128071620572136 309.895883529712 -999.0 6231.0 -999.0 -1 -999 {-999.0 -999.0 -999.0 -999.0 -999.0} "" -999.0 -999.0 -999.0 -999.0 -999 -999 "" "" "" "" 0 0 0.0 0.0 -999 ""
FIBERMAP 373 R-8C13 APOGEE 0 0 0 1 0 0 65.63914638108126 -137.1029515617295 143.1 61.31233619586133 -139.0944056518283 131.39767 73.51084 -999.0 -999.0 -999.0 -999.0 -999.0 304.89837640923975 47.04236920173948 304.79446144378346 47.13350544779315 35.348220396184615 307.7418304096497 -999.0 16600.0 -999.0 2 -999 {-999.0 -999.0 -999.0 -999.0 -999.0} "" -999.0 -999.0 -999.0 -999.0 -999 -999 "" "" "" "" 0 0 0.0 0.0 -999 ""
FIBERMAP 373 R-8C13 BOSS 1 1 0 1 0 0 66.30813105744244 -136.7849738453799 143.1 61.990965848192296 -138.79753922188212 131.39767 73.51084 304.90255126525125 47.04361122669915 -2.0508232 -9.8135805 -0.4630196 304.9025423392206 47.043582120436035 304.7990399285677 47.13478649160879 35.3515352902946 307.7425593048032 5400.0 5400.0 2016.0 1 353 {-999.0 16.603054 15.469018 14.926537 -999.0} sdss_psfmag_ps1 16.145779 15.508124 14.475444 12.746 63050395015350022 1093562251 bright_1x1 mwm_astar_core_boss_single mwm_ob science 0 0 0.0 0.0 -999 ""
FIBERMAP 373 R-8C13 METROLOGY 0 0 0 1 0 0 66.25986071090225 -137.5169270456252 143.1 61.91978526647151 -139.5276324059104 131.39767 73.51084 -999.0 -999.0 -999.0 -999.0 -999.0 304.90213040930985 47.040303999945145 304.79852432839664 47.13149111159812 35.3504966977918 307.73870085502114 -999.0 6231.0 -999.0 -1 -999 {-999.0 -999.0 -999.0 -999.0 -999.0} "" -999.0 -999.0 -999.0 -999.0 -999 -999 "" "" "" "" 0 0 0.0 0.0 -999 ""
FIBERMAP 375 R+2C25 APOGEE 1 1 0 1 0 0 247.4607728254252 44.95451982302458 143.1 248.75173375991574 37.17986222781728 234.78358 23.853054 306.17090713327167 47.82924656301091 -2.167653 -2.7475355 0.038006652 306.17089755682014 47.82923841404906 306.06516548032545 47.922554723624124 36.346385828370586 308.48451694405577 16000.0 16600.0 2016.0 2 57 {-999.0 18.222725 15.881448 14.69194 -999.0} sdss_psfmag_ps1 16.979279 15.327509 14.104419 10.737 63050395015634852 1153345419 bright_1x1 mwm_galactic_core_dist_apogee_sparse mwm_galactic science 0 0 0.0 0.0 -999 ""
FIBERMAP 375 R+2C25 BOSS 0 0 0 1 0 0 247.59340602287847 45.67875681826173 143.1 248.90699536507054 37.89959966048675 234.78358 23.853054 -999.0 -999.0 -999.0 -999.0 -999.0 306.1716641735962 47.83242785022458 306.06632549532975 47.925796889642164 36.347757907153344 308.4882895897948 -999.0 5400.0 -999.0 1 176 {-999.0 -999.0 -999.0 -999.0 -999.0} "" -999.0 -999.0 -999.0 -999.0 -999 -999 "" "" "" "" 0 0 0.0 0.0 -999 ""
FIBERMAP 375 R+2C25 METROLOGY 0 0 0 1 0 0 248.1627794954758 45.20473475819502 143.1 249.46124661565702 37.40796343282511 234.78358 23.853054 -999.0 -999.0 -999.0 -999.0 -999.0 306.1753826328382 47.830151411367844 306.0699432245029 47.923512990908236 36.34971052726783 308.4849394965193 -999.0 6231.0 -999.0 -1 -999 {-999.0 -999.0 -999.0 -999.0 -999.0} "" -999.0 -999.0 -999.0 -999.0 -999 -999 "" "" "" "" 0 0 0.0 0.0 -999 ""
FIBERMAP 380 R-1C10 APOGEE 0 0 0 1 0 0 -80.228264253392 -35.87691732793846 143.1 -81.31423654097281 -33.3462093660801 286.2221 91.33445 -999.0 -999.0 -999.0 -999.0 -999.0 303.94278081846755 47.52412918227298 303.8357132810188 47.613386851149606 34.81639166878674 308.48414330130714 -999.0 16600.0 -999.0 2 -999 {-999.0 -999.0 -999.0 -999.0 -999.0} "" -999.0 -999.0 -999.0 -999.0 -999 -999 "" "" "" "" 0 0 0.0 0.0 -999 ""
FIBERMAP 380 R-1C10 BOSS 1 1 0 1 0 0 -80.94264086585561 -36.139799502828794 143.1 -82.03651034719947 -33.58658422626458 286.2221 91.33445 303.93618896613015 47.522959946990106 94.01534 -6.583093 12.431723 303.93744045873234 47.52294042134278 303.83079340327 47.612253919322164 34.8129085480506 308.48366840543963 5400.0 5400.0 2016.0 1 441 {-999.0 11.080683 10.356313 10.120351 -999.0} sdss_psfmag_from_g3xp 10.882249 10.408413 9.780397 8.607 63050395015848690 1150971451 bright_1x1 mwm_snc_100pc_boss_single mwm_snc science 0 0 2.0386250019073486 0.0 -999 ""
FIBERMAP 380 R-1C10 METROLOGY 0 0 0 1 0 0 -80.79829344750985 -35.39553525685027 143.1 -81.8689126017746 -32.84719607826994 286.2221 91.33445 -999.0 -999.0 -999.0 -999.0 -999.0 303.93867441695704 47.52633252334166 303.831896885097 47.615627413685 34.81436350958341 308.4874846718627 -999.0 6231.0 -999.0 -1 -999 {-999.0 -999.0 -999.0 -999.0 -999.0} "" -999.0 -999.0 -999.0 -999.0 -999 -999 "" "" "" "" 0 0 0.0 0.0 -999 ""
FIBERMAP 382 R+9C5 APOGEE 1 1 0 1 0 0 -111.27126695010239 162.49886868110653 143.1 -106.12709301207208 165.90798202535782 248.45087 96.97468 303.7689580115152 48.428431625078716 -999.0 -999.0 -999.0 303.7689580115152 48.428431625078716 303.6576841104934 48.51717396414504 34.89141934596348 309.59123851518825 16000.0 16600.0 2015.5 2 112 {-999.0 -999.0 -999.0 -999.0 -999.0} "" -999.0 -999.0 -999.0 -999.0 27021603114187569 840307323 "" ops_sky_apogee_best ops_sky sky_apogee 0 0 0.0 0.0 -999 ""
FIBERMAP 382 R+9C5 BOSS 0 0 0 1 0 0 -111.97032418608082 162.75708160855913 143.1 -106.81772804841188 166.18797479876002 248.45087 96.97468 -999.0 -999.0 -999.0 -999.0 -999.0 303.76376439397404 48.42964586461627 303.6529105620896 48.51843885628924 34.88858858186049 309.5935466172865 -999.0 5400.0 -999.0 1 80 {-999.0 -999.0 -999.0 -999.0 -999.0} "" -999.0 -999.0 -999.0 -999.0 -999 -999 "" "" "" "" 0 0 0.0 0.0 -999 ""
FIBERMAP 382 R+9C5 METROLOGY 0 0 0 1 0 0 -111.3889060477733 163.24485116557918 143.1 -106.22130351914207 166.65729601526246 248.45087 96.97468 -999.0 -999.0 -999.0 -999.0 -999.0 303.7679578347775 48.4318005483152 303.65697684013656 48.52058373736692 34.891668233654265 309.5954236367474 -999.0 6231.0 -999.0 -1 -999 {-999.0 -999.0 -999.0 -999.0 -999.0} "" -999.0 -999.0 -999.0 -999.0 -999 -999 "" "" "" "" 0 0 0.0 0.0 -999 ""
FIBERMAP 383 R+6C1 APOGEE 1 1 0 1 0 0 -230.87746372611244 110.99118870205788 143.1 -227.29029439181065 118.17220175867534 165.90166 157.73141 302.9493197842243 48.20371769572234 -4.006772 -2.0960083 0.86930764 302.9499957798676 48.20371147913485 302.83880254079685 48.29096288697205 34.312054779960995 309.4635821110644 16000.0 16600.0 2016.0 2 119 {-999.0 11.196326 9.443702 8.063881 -999.0} sdss_psfmag_from_g3xp 10.408558 8.789129 7.5624924 4.648 63050395015990592 1151795966 bright_1x1 mwm_galactic_core_dist_apogee_sparse mwm_galactic science 0 0 1.664726734161377 0.0 -999 ""
FIBERMAP 383 R+6C1 BOSS 0 0 0 1 0 0 -231.47304773445202 111.40414389841797 143.1 -227.87265704350017 118.60362134019205 165.90166 157.73141 -999.0 -999.0 -999.0 -999.0 -999.0 302.9455935032902 48.20554003528204 302.8348252381612 48.29284803705589 34.30988589252522 309.4665108469478 -999.0 5400.0 -999.0 1 83 {-999.0 -999.0 -999.0 -999.0 -999.0} "" -999.0 -999.0 -999.0 -999.0 -999 -999 "" "" "" "" 0 0 0.0 0.0 -999 ""
FIBERMAP 383 R+6C1 METROLOGY 0 0 0 1 0 0 -230.8095208826936 111.73789921122905 143.1 -227.1989882885192 118.91642887474558 165.90166 157.73141 -999.0 -999.0 -999.0 -999.0 -999.0 302.95022329664386 48.20703784818462 302.83932926886865 48.29433569409573 34.31313559700636 309.46747340648994 -999.0 6231.0 -999.0 -1 -999 {-999.0 -999.0 -999.0 -999.0 -999.0} "" -999.0 -999.0 -999.0 -999.0 -999 -999 "" "" "" "" 0 0 0.0 0.0 -999 ""
FIBERMAP 386 R-4C2 APOGEE 0 0 0 1 0 0 -232.28353779721198 -73.76624747845068 143.1 -234.48442048022912 -66.45343086053542 114.50814 150.49178 -999.0 -999.0 -999.0 -999.0 -999.0 302.9218067086169 47.36742945110185 302.81430936361835 47.45480533309646 34.10879752448236 308.4826040553951 -999.0 16600.0 -999.0 2 -999 {-999.0 -999.0 -999.0 -999.0 -999.0} "" -999.0 -999.0 -999.0 -999.0 -999 -999 "" "" "" "" 0 0 0.0 0.0 -999 ""
FIBERMAP 386 R-4C2 BOSS 1 1 0 1 0 0 -232.22919383810768 -73.01842702654002 143.1 -234.4066720264361 -65.70766825601444 114.50814 150.49178 302.92178379872246 47.37076648037579 -8.232744 -11.440548 0.21676981 302.92174774473085 47.37073254865743 302.81466902945806 47.458176473550665 34.109805369042775 308.4865004998065 5400.0 5400.0 2016.0 1 486 {-999.0 16.132532 15.043757 14.509051 -999.0} sdss_psfmag_ps1 15.689021 14.932563 14.068753 12.219 63050395015064341 1076052828 bright_1x1 mwm_halo_mp_xp_boss_single mwm_halo science 0 0 0.0 0.0 -999 ""
FIBERMAP 386 R-4C2 METROLOGY 0 0 0 1 0 0 -231.6086229469129 -73.44820357368663 143.1 -233.79986139667403 -66.15668407460521 114.50814 150.49178 -999.0 -999.0 -999.0 -999.0 -999.0 302.9259511045596 47.36876018826252 302.81876271206266 47.45619289846493 34.11204626940628 308.4834036145478 -999.0 6231.0 -999.0 -1 -999 {-999.0 -999.0 -999.0 -999.0 -999.0} "" -999.0 -999.0 -999.0 -999.0 -999 -999 "" "" "" "" 0 0 0.0 0.0 -999 ""
FIBERMAP 388 R+2C3 APOGEE 0 0 0 1 0 0 -205.58633347465175 41.1664391116668 143.1 -204.1988871780029 47.58820694797661 48.19399 67.27291 -999.0 -999.0 -999.0 -999.0 -999.0 303.11078076886133 47.88644038509159 303.00119020982135 47.97406165758462 34.348065426043966 309.06036221905015 -999.0 16600.0 -999.0 2 116 {-999.0 -999.0 -999.0 -999.0 -999.0} "" -999.0 -999.0 -999.0 -999.0 -999 -999 "" "" "" "" 0 0 0.0 0.0 -999 ""
FIBERMAP 388 R+2C3 BOSS 1 1 0 1 0 0 -205.24280178737882 40.501253531576026 143.1 -203.87635988258285 46.91257394440011 48.19399 67.27291 303.1119300009008 47.883358873941326 -0.50193393 -4.290779 0.70523256 303.11250228476933 47.88334614784768 303.0033616986621 47.97103731593452 34.34881518184735 309.05640064750077 5400.0 5400.0 2016.0 1 60 {-999.0 13.398734 12.300944 11.8352785 -999.0} sdss_psfmag_from_g3xp 13.00691 12.283766 11.456243 9.743 63050395015951853 996741238 bright_1x1 mwm_bin_gaia_sb_boss mwm_bin science 0 0 1.387030839920044 0.0 -999 ""
FIBERMAP 388 R+2C3 METROLOGY 0 0 0 1 0 0 -205.98168059825173 40.52687224723305 143.1 -204.61408509658793 46.96133064294371 48.19399 67.27291 -999.0 -999.0 -999.0 -999.0 -999.0 303.1076857858509 47.88352704720313 302.99841614802295 47.97119033766318 34.34561977739897 309.05746739638164 -999.0 6231.0 -999.0 -1 -999 {-999.0 -999.0 -999.0 -999.0 -999.0} "" -999.0 -999.0 -999.0 -999.0 -999 -999 "" "" "" "" 0 0 0.0 0.0 -999 ""
FIBERMAP 394 R-1C26 APOGEE 1 1 0 1 0 0 273.07459339365255 -35.6341606288149 143.1 271.82842838509055 -44.173061551110905 277.8941 81.736664 306.3095080389195 47.45874330740079 -1.7842621 -1.9367025 -0.033043485 306.3095002119584 47.458737563302165 306.2055112667592 47.55238403398297 36.36902092303855 308.0109932317636 16000.0 16600.0 2016.0 2 240 {-999.0 16.63353 14.300276 13.77189 -999.0} sdss_psfmag_ps1 17.290487 16.840416 15.144045 10.323 63050395015619351 1153345394 bright_1x1 mwm_galactic_core_dist_apogee_sparse mwm_galactic science 0 0 0.0 0.0 -999 ""
FIBERMAP 394 R-1C26 BOSS 0 0 0 1 0 0 272.33172657799236 -35.63611441493194 143.1 271.0858531736954 -44.1517393089768 277.8941 81.736664 -999.0 -999.0 -999.0 -999.0 -999.0 306.3042174513987 47.45885925239367 306.200624074642 47.55254886555123 36.36581454914921 308.0119756020536 -999.0 5400.0 -999.0 1 262 {-999.0 -999.0 -999.0 -999.0 -999.0} "" -999.0 -999.0 -999.0 -999.0 -999 -999 "" "" "" "" 0 0 0.0 0.0 -999 ""
FIBERMAP 394 R-1C26 METROLOGY 0 0 0 1 0 0 272.6970080145338 -34.978921952572115 143.1 271.4715519203813 -43.50630377536188 277.8941 81.736664 -999.0 -999.0 -999.0 -999.0 -999.0 306.3069895065832 47.46174980378824 306.20327328190905 47.555428900840596 36.36811905532412 308.01506299094495 -999.0 6231.0 -999.0 -1 -999 {-999.0 -999.0 -999.0 -999.0 -999.0} "" -999.0 -999.0 -999.0 -999.0 -999 -999 "" "" "" "" 0 0 0.0 0.0 -999 ""
FIBERMAP 396 R+11C2 APOGEE 0 0 0 1 0 0 -145.76579475596688 199.02471081400427 143.1 -139.4608300081156 203.49724031677158 277.84988 109.25255 -999.0 -999.0 -999.0 -999.0 -999.0 303.5406893998232 48.59567558924606 303.42839181166994 48.68395486968138 34.777736840341475 309.82837054676816 -999.0 16600.0 -999.0 2 -999 {-999.0 -999.0 -999.0 -999.0 -999.0} "" -999.0 -999.0 -999.0 -999.0 -999 -999 "" "" "" "" 0 0 0.0 0.0 -999 ""
FIBERMAP 396 R+11C2 BOSS 1 1 0 1 0 0 -146.4224147417388 198.67026230335838 143.1 -140.12824352553176 203.16353301028775 277.84988 109.25255 303.5356907683469 48.594094218184956 -0.12244838 -1.6779883 0.49586388 303.53569021924255 48.59408924141139 303.42382878767916 48.68242064560234 34.774470905955276 309.82730669014694 5400.0 5400.0 2016.0 1 17 {-999.0 17.358585 16.634335 16.322336 -999.0} sdss_psfmag_ps1 17.115553 16.604885 15.922651 14.743 63050395016017189 982106750 "" ops_std_boss_tic ops_std standard_boss 0 0 0.0 0.0 -999 ""
FIBERMAP 396 R+11C2 METROLOGY 0 0 0 1 0 0 -146.40263805607168 199.4134171191029 143.1 -140.08519210888173 203.90571523762307 277.84988 109.25255 -999.0 -999.0 -999.0 -999.0 -999.0 303.5360955938734 48.597435330101035 303.4240962728446 48.68574938128512 34.77533630061826 309.8312257672401 -999.0 6231.0 -999.0 -1 -999 {-999.0 -999.0 -999.0 -999.0 -999.0} "" -999.0 -999.0 -999.0 -999.0 -999 -999 "" "" "" "" 0 0 0.0 0.0 -999 ""
FIBERMAP 402 R+12C13 APOGEE 0 0 0 1 0 0 99.05005310675506 218.388318399915 143.1 105.84543438931054 215.18121388149387 272.48337 64.95917 -999.0 -999.0 -999.0 -999.0 -999.0 305.22221240915536 48.64746947116212 305.11171991563816 48.73887062003118 35.87730723922907 309.6244760312669 -999.0 16600.0 -999.0 2 -999 {-999.0 -999.0 -999.0 -999.0 -999.0} "" -999.0 -999.0 -999.0 -999.0 -999 -999 "" "" "" "" 0 0 0.0 0.0 -999 ""
FIBERMAP 402 R+12C13 BOSS 1 1 0 1 0 0 98.35203554411089 218.67793513534627 143.1 105.1568224596053 215.49256297338155 272.48337 64.95917 305.2171303913872 48.648902616933604 -2.9432719 -3.4438207 0.59497404 305.2171171783169 48.64889240284732 305.1070316115183 48.74033706195546 35.87454703352593 309.62697237362977 5400.0 5400.0 2016.0 1 100 {-999.0 17.406929 16.609047 16.243492 -999.0} sdss_psfmag_ps1 17.117765 16.581839 15.88968 14.614 63050395016087425 981828970 "" ops_std_boss_tic ops_std standard_boss 0 0 0.0 0.0 -999 ""
FIBERMAP 402 R+12C13 METROLOGY 0 0 0 1 0 0 98.94619758996292 219.12715262499097 143.1 105.76477695131918 215.9229511473329 272.48337 64.95917 -999.0 -999.0 -999.0 -999.0 -999.0 305.2214125558505 48.650784319404565 305.1112050822497 48.74222134702456 35.877605033487605 309.62861623516073 -999.0 6231.0 -999.0 -1 -999 {-999.0 -999.0 -999.0 -999.0 -999.0} "" -999.0 -999.0 -999.0 -999.0 -999 -999 "" "" "" "" 0 0 0.0 0.0 -999 ""
FIBERMAP 404 R+1C23 APOGEE 0 0 0 1 0 0 231.82195522860388 29.54102758171814 143.1 232.63741652433484 22.26367746758326 97.579994 28.822056 -999.0 -999.0 -999.0 -999.0 -999.0 306.0613640869452 47.763533062598036 305.95577535891516 47.85666227569682 36.26191555046192 308.4214005359798 -999.0 16600.0 -999.0 2 -999 {-999.0 -999.0 -999.0 -999.0 -999.0} "" -999.0 -999.0 -999.0 -999.0 -999 -999 "" "" "" "" 0 0 0.0 0.0 -999 ""
FIBERMAP 404 R+1C23 BOSS 1 1 0 1 0 0 232.27831262610493 28.945476461141663 143.1 233.07489769335868 21.654110857153974 97.579994 28.822056 306.0638431563481 47.76072597048269 -2.868001 -17.311905 0.5459621 306.06383050254476 47.76067462481335 305.9586635902716 47.853861782714 36.263286940975235 308.4175343792963 5400.0 5400.0 2016.0 1 182 {-999.0 16.898958 16.068281 15.814435 -999.0} sdss_psfmag_ps1 16.583063 16.065248 15.386385 14.049 63050395015631277 1072797607 bright_1x1 mwm_halo_local_high_boss_single mwm_halo science 0 0 0.0 0.0 -999 ""
FIBERMAP 404 R+1C23 METROLOGY 0 0 0 1 0 0 231.53128936491484 28.85387742622249 143.1 232.3253592941742 21.58596065434772 97.579994 28.822056 -999.0 -999.0 -999.0 -999.0 -999.0 306.0589316123569 47.76046131667796 305.95364437947796 47.85362451054414 36.259935143205496 308.4180381438557 -999.0 6231.0 -999.0 -1 -999 {-999.0 -999.0 -999.0 -999.0 -999.0} "" -999.0 -999.0 -999.0 -999.0 -999 -999 "" "" "" "" 0 0 0.0 0.0 -999 ""
FIBERMAP 409 R+9C6 APOGEE 1 1 0 1 0 0 -83.61120545742793 159.6329767371902 143.1 -78.56996103857689 162.1768211656658 270.25934 97.171486 303.9567922341971 48.41264821829173 -1.0577248 -2.3099294 0.3014934 303.95729053868735 48.41264136723344 303.8463084840527 48.501739463285226 35.010504251468106 309.5413396629326 16000.0 16600.0 2016.0 2 17 {-999.0 14.167516 12.176905 10.209841 -999.0} sdss_psfmag_from_g3xp 13.199896 10.948331 9.589196 6.067 63050395016011453 1151796100 bright_1x1 mwm_galactic_core_dist_apogee_sparse mwm_galactic science 0 0 1.2020121812820435 0.0 -999 ""
FIBERMAP 409 R+9C6 BOSS 0 0 0 1 0 0 -84.34936184270484 159.53427887831003 143.1 -79.31085918961053 162.10129769828492 270.25934 97.171486 -999.0 -999.0 -999.0 -999.0 -999.0 303.95175949558717 48.412267819885614 303.8412024424536 48.50141541296194 35.00712665292502 309.54180133711253 -999.0 5400.0 -999.0 1 147 {-999.0 -999.0 -999.0 -999.0 -999.0} "" -999.0 -999.0 -999.0 -999.0 -999 -999 "" "" "" "" 0 0 0.0 0.0 -999 ""
FIBERMAP 409 R+9C6 METROLOGY 0 0 0 1 0 0 -84.07527298530633 160.23575464083908 143.1 -79.01492225045814 162.7938526964839 270.25934 97.171486 -999.0 -999.0 -999.0 -999.0 -999.0 303.9539048280238 48.415413112111445 303.84321436120666 48.50454709008002 35.00907484256037 309.54520870868055 -999.0 6231.0 -999.0 -1 -999 {-999.0 -999.0 -999.0 -999.0 -999.0} "" -999.0 -999.0 -999.0 -999.0 -999 -999 "" "" "" "" 0 0 0.0 0.0 -999 ""
FIBERMAP 410 R-2C2 APOGEE 0 0 0 1 0 0 -252.10077293322507 -22.82204735860079 143.1 -252.6960875052715 -14.912523453700185 137.43037 84.58436 -999.0 -999.0 -999.0 -999.0 -999.0 302.79433232312874 47.59936019109381 302.6856755425698 47.686446478495704 34.0771526037596 308.7788534761733 -999.0 16600.0 -999.0 2 -999 {-999.0 -999.0 -999.0 -999.0 -999.0} "" -999.0 -999.0 -999.0 -999.0 -999 -999 "" "" "" "" 0 0 0.0 0.0 -999 ""
FIBERMAP 410 R-2C2 BOSS 1 1 0 1 0 0 -251.55645239283535 -22.300030615616468 143.1 -252.13566994041994 -14.407808994862153 137.43037 84.58436 302.7975271861518 47.6016297021011 -3.3308976 -2.9689157 0.6351632 302.7975125347563 47.60162089654337 302.6892847385904 47.68878133566666 34.08004969505862 308.7809310819438 5400.0 5400.0 2016.0 1 435 {-999.0 16.216995 15.565254 15.310798 -999.0} sdss_psfmag_ps1 15.999092 15.567479 14.96213 13.573 63050395015073613 1034680026 bright_1x1 mwm_yso_disk_boss_single mwm_yso science 0 0 0.0 0.0 -999 ""
FIBERMAP 410 R-2C2 METROLOGY 0 0 0 1 0 0 -251.38510984827707 -23.03296992580146 143.1 -251.9873728308618 -15.145768612522565 137.43037 84.58436 -999.0 -999.0 -999.0 -999.0 -999.0 302.79872228213424 47.598312713382825 302.6903870592273 47.68545661178856 34.08001592996429 308.7768183767045 -999.0 6231.0 -999.0 -1 -999 {-999.0 -999.0 -999.0 -999.0 -999.0} "" -999.0 -999.0 -999.0 -999.0 -999 -999 "" "" "" "" 0 0 0.0 0.0 -999 ""
FIBERMAP 415 R-2C4 APOGEE 0 0 0 1 0 0 -191.4016111230177 -52.87886617346623 143.1 -192.96747827532704 -46.85686022849817 337.74292 83.39801 -999.0 -999.0 -999.0 -999.0 -999.0 303.19499737198316 47.458652159531304 303.0873919428487 47.54652254103329 34.30928021457498 308.540026252659 -999.0 16600.0 -999.0 2 -999 {-999.0 -999.0 -999.0 -999.0 -999.0} "" -999.0 -999.0 -999.0 -999.0 -999 -999 "" "" "" "" 0 0 0.0 0.0 -999 ""
FIBERMAP 415 R-2C4 BOSS 1 1 0 1 0 0 -191.74551704432315 -53.53139415276777 143.1 -193.33166551386927 -47.498303220471776 337.74292 83.39801 303.192135989011 47.45564377346713 -999.0 -999.0 -999.0 303.192135989011 47.45564377346712 303.0849718597368 47.543576574851485 34.307026073526686 308.53699574108754 5400.0 5400.0 2015.5 1 474 {-999.0 -999.0 -999.0 -999.0 -999.0} "" -999.0 -999.0 -999.0 -999.0 27021603114184903 818195601 "" ops_sky_boss_good ops_sky sky_boss 0 0 0.0 0.0 -999 ""
FIBERMAP 415 R-2C4 METROLOGY 0 0 0 1 0 0 -192.14759690093913 -52.89179674386159 143.1 -193.71351488630862 -46.84641183566334 337.74292 83.39801 -999.0 -999.0 -999.0 -999.0 -999.0 303.18965862856834 47.45860130287643 303.08235662999476 47.54650978988709 34.305965568108995 308.54093629322995 -999.0 6231.0 -999.0 -1 -999 {-999.0 -999.0 -999.0 -999.0 -999.0} "" -999.0 -999.0 -999.0 -999.0 -999 -999 "" "" "" "" 0 0 0.0 0.0 -999 ""
FIBERMAP 417 R+13C12 APOGEE 1 1 0 1 0 0 120.61770382137314 260.93216167697994 143.1 128.7358023358127 257.02910532821403 98.18245 20.966692 305.3808421107908 48.83243027207062 -4.326854 -3.195416 0.20398435 305.3808226154255 48.83242079473123 305.2697055930935 48.924076710820586 36.01400100805629 309.82529560272303 16000.0 16600.0 2016.0 2 93 {-999.0 16.837748 14.780281 13.081638 -999.0} sdss_psfmag_from_g3xp 15.842015 13.788317 12.463995 9.099 63050395016101051 1151796205 bright_1x1 mwm_galactic_core_dist_apogee_sparse mwm_galactic science 0 0 0.0 0.0 -999 ""
FIBERMAP 417 R+13C12 BOSS 0 0 0 1 0 0 120.99284765521425 260.2861780718816 143.1 129.09052838971002 256.3716747251531 98.18245 20.966692 -999.0 -999.0 -999.0 -999.0 -999.0 305.38278824761966 48.829396932505404 305.2721067132322 48.92110876623398 36.01500459928004 309.821329647379 -999.0 5400.0 -999.0 1 92 {-999.0 -999.0 -999.0 -999.0 -999.0} "" -999.0 -999.0 -999.0 -999.0 -999 -999 "" "" "" "" 0 0 0.0 0.0 -999 ""
FIBERMAP 417 R+13C12 METROLOGY 0 0 0 1 0 0 120.25261094504714 260.2776347203381 143.1 128.35037557396703 256.3863281264879 98.18245 20.966692 -999.0 -999.0 -999.0 -999.0 -999.0 305.3778470974453 48.82954944159216 305.2670397327446 48.92123748414292 36.011755920465944 309.82224499388786 -999.0 6231.0 -999.0 -1 -999 {-999.0 -999.0 -999.0 -999.0 -999.0} "" -999.0 -999.0 -999.0 -999.0 -999 -999 "" "" "" "" 0 0 0.0 0.0 -999 ""
FIBERMAP 422 R+8C8 APOGEE 0 0 0 1 0 0 -29.956336153585305 139.23429020227275 143.1 -25.579695314785212 140.10673756426297 22.661356 28.304686 -999.0 -999.0 -999.0 -999.0 -999.0 304.3197227301181 48.31359711875174 304.2096129263808 48.40339242767801 35.22632833771426 309.3635326227704 -999.0 16600.0 -999.0 2 -999 {-999.0 -999.0 -999.0 -999.0 -999.0} "" -999.0 -999.0 -999.0 -999.0 -999 -999 "" "" "" "" 0 0 0.0 0.0 -999 ""
FIBERMAP 422 R+8C8 BOSS 1 1 0 1 0 0 -30.420170806883043 138.6364945604271 143.1 -26.062039482110674 139.52375845702667 22.661356 28.304686 304.3159381571977 48.3109295020827 8.87666 7.911001 1.6944779 304.3159777421112 48.310952965446845 304.20630068391716 48.40080066072429 35.22364978630616 309.3609711389832 5400.0 5400.0 2016.0 1 132 {-999.0 15.297339 14.400666 13.992843 -999.0} sdss_psfmag_from_g3xp 15.020958 14.41394 13.627846 12.044 63050395015912186 1034773360 bright_1x1 mwm_yso_variable_boss_single mwm_yso science 0 0 0.0 0.0 -999 ""
FIBERMAP 422 R+8C8 METROLOGY 0 0 0 1 0 0 -30.696315754630792 139.32964307610655 143.1 -26.316335923313698 140.22522979060912 22.661356 28.304686 -999.0 -999.0 -999.0 -999.0 -999.0 304.31436776110314 48.3141373573727 304.2045543416812 48.40396449424788 35.223155603973304 309.36505130079047 -999.0 6231.0 -999.0 -1 -999 {-999.0 -999.0 -999.0 -999.0 -999.0} "" -999.0 -999.0 -999.0 -999.0 -999 -999 "" "" "" "" 0 0 0.0 0.0 -999 ""
FIBERMAP 423 R-11C2 APOGEE 0 0 0 1 0 0 -140.4060621314111 -228.31207790356208 143.1 -147.49272752845718 -223.8045161140625 308.2358 97.4562 -999.0 -999.0 -999.0 -999.0 -999.0 303.5151805304053 46.66158594520962 303.4113625100733 46.75022626186171 34.34262023145005 307.5403868552523 -999.0 16600.0 -999.0 2 -999 {-999.0 -999.0 -999.0 -999.0 -999.0} "" -999.0 -999.0 -999.0 -999.0 -999 -999 "" "" "" "" 0 0 0.0 0.0 -999 ""
FIBERMAP 423 R-11C2 BOSS 1 1 0 1 0 0 -141.03042347355313 -228.87899173040105 143.1 -148.13455457134984 -224.3515985382038 308.2358 97.4562 303.51009380210456 46.659079615548805 -3.5666325 -6.170087 0.87212414 303.5106042751345 46.65906131558383 303.4072156622709 46.74776248866736 34.33928761418735 307.5382760399166 5400.0 5400.0 2016.0 1 428 {-999.0 12.524204 12.166544 12.07276 -999.0} sdss_psfmag_from_g3xp 12.473947 12.189057 11.741367 11.125 63050395014918085 996738811 bright_1x1 mwm_bin_gaia_sb_boss mwm_bin science 0 0 1.2993671894073486 0.0 -999 ""
FIBERMAP 423 R-11C2 METROLOGY 0 0 0 1 0 0 -141.13159310398163 -228.1381043758268 143.1 -148.21246307107958 -223.6078932707209 308.2358 97.4562 -999.0 -999.0 -999.0 -999.0 -999.0 303.5101314664667 46.66240694983598 303.4066082421469 46.75108688586272 34.33964859553563 307.54230995008686 -999.0 6231.0 -999.0 -1 -999 {-999.0 -999.0 -999.0 -999.0 -999.0} "" -999.0 -999.0 -999.0 -999.0 -999 -999 "" "" "" "" 0 0 0.0 0.0 -999 ""
FIBERMAP 425 R-10C2 APOGEE 0 0 0 1 0 0 -136.8635504281722 -185.24389484498087 143.1 -142.60250935390013 -180.86778003425167 96.09844 25.418036 -999.0 -999.0 -999.0 -999.0 -999.0 303.54290053080814 46.854294050321506 303.4382889909324 46.942945357936374 34.40470100524153 307.762557193881 -999.0 16600.0 -999.0 2 -999 {-999.0 -999.0 -999.0 -999.0 -999.0} "" -999.0 -999.0 -999.0 -999.0 -999 -999 "" "" "" "" 0 0 0.0 0.0 -999 ""
FIBERMAP 425 R-10C2 BOSS 1 1 0 1 0 0 -136.47726709933193 -185.8571178321434 143.1 -142.23562265770678 -181.49281459541368 96.09844 25.418036 303.54492783085993 46.85139308484603 -999.0 -999.0 -999.0 303.54492783085993 46.85139308484603 303.4407553012256 46.940116616808744 34.405695898934056 307.7587538155796 5400.0 5400.0 2015.5 1 427 {-999.0 -999.0 -999.0 -999.0 -999.0} "" -999.0 -999.0 -999.0 -999.0 27021603114161966 818192824 "" ops_sky_boss_good ops_sky sky_boss 0 0 0.0 0.0 -999 ""
FIBERMAP 425 R-10C2 METROLOGY 0 0 0 1 0 0 -137.2163475056672 -185.901311153436 143.1 -142.9757366843202 -181.5138304608169 96.09844 25.418036 -999.0 -999.0 -999.0 -999.0 -999.0 303.5401712981698 46.85131054429995 303.435873770745 46.94000598644317 34.40242551626396 307.75954390482775 -999.0 6231.0 -999.0 -1 -999 {-999.0 -999.0 -999.0 -999.0 -999.0} "" -999.0 -999.0 -999.0 -999.0 -999 -999 "" "" "" "" 0 0 0.0 0.0 -999 ""
FIBERMAP 428 R+3C23 APOGEE 0 0 0 1 0 0 225.9496387844827 38.27452922021481 143.1 227.0415224328947 31.177019427594736 317.70914 26.504698 -999.0 -999.0 -999.0 -999.0 -999.0 306.02534660099985 47.804517990839294 305.91953795091035 47.89757269222026 36.245811981301614 308.47692867173646 -999.0 16600.0 -999.0 2 -999 {-999.0 -999.0 -999.0 -999.0 -999.0} "" -999.0 -999.0 -999.0 -999.0 -999 -999 "" "" "" "" 0 0 0.0 0.0 -999 ""
FIBERMAP 428 R+3C23 BOSS 1 1 0 1 0 0 225.2542622366888 38.4741692565893 143.1 226.35273116255584 31.39835180736399 317.70914 26.504698 306.01955044088686 47.80549856297655 55.256245 15.705411 11.400072 306.0204300533485 47.80554514365936 305.91501533812874 47.898645485977866 36.24303824768477 308.47894778068184 5400.0 5400.0 2016.0 1 186 {-999.0 13.040335 11.816083 11.356043 -999.0} sdss_psfmag_from_g3xp 12.576166 11.834965 11.000718 9.395 63050395015633130 1150960009 bright_1x1 mwm_snc_100pc_boss_single mwm_snc science 0 0 1.536860466003418 0.0 -999 ""
FIBERMAP 428 R+3C23 METROLOGY 0 0 0 1 0 0 225.7759588795312 39.00013053714294 143.1 226.89065916302948 31.90771777003383 317.70914 26.504698 -999.0 -999.0 -999.0 -999.0 -999.0 306.0241945767297 47.80781082865715 305.91866226191667 47.90090052115093 36.2458665812281 308.48111817029695 -999.0 6231.0 -999.0 -1 -999 {-999.0 -999.0 -999.0 -999.0 -999.0} "" -999.0 -999.0 -999.0 -999.0 -999 -999 "" "" "" "" 0 0 0.0 0.0 -999 ""
FIBERMAP 432 R+11C15 APOGEE 0 0 0 1 0 0 164.22082206523078 206.50020272373345 143.1 170.61277896635332 201.25684918012067 32.237183 54.485542 -999.0 -999.0 -999.0 -999.0 -999.0 305.66305449169397 48.57876729802558 305.55342517382735 48.670996102394845 36.15105481123345 309.47489064267285 -999.0 16600.0 -999.0 2 -999 {-999.0 -999.0 -999.0 -999.0 -999.0} "" -999.0 -999.0 -999.0 -999.0 -999 -999 "" "" "" "" 0 0 0.0 0.0 -999 ""
FIBERMAP 432 R+11C15 BOSS 1 1 0 1 0 0 164.19773827241957 205.77721206635613 143.1 170.56705378572354 200.53492515081908 32.237183 54.485542 305.66229527697163 48.575506671573315 -1.7218121 -4.928302 1.4791516 305.6622875585627 48.57549205464019 305.5530866985922 48.66777182022644 36.15024101208773 309.4710169415728 5400.0 5400.0 2016.0 1 178 {-999.0 14.359672 14.04003 13.891315 -999.0} sdss_psfmag_from_g3xp 14.316021 14.065116 13.54157 12.735 63050395016091081 979003586 "" ops_std_boss ops_std standard_boss 0 0 0.0 0.0 -999 ""
FIBERMAP 432 R+11C15 METROLOGY 0 0 0 1 0 0 163.55664215201188 206.16031005922258 143.1 169.93826516790267 200.93792767012584 32.237183 54.485542 -999.0 -999.0 -999.0 -999.0 -999.0 305.6581580191157 48.57738360491997 305.5488262051101 48.6696405361859 36.14781992408037 309.47393365542484 -999.0 6231.0 -999.0 -1 -999 {-999.0 -999.0 -999.0 -999.0 -999.0} "" -999.0 -999.0 -999.0 -999.0 -999 -999 "" "" "" "" 0 0 0.0 0.0 -999 ""
FIBERMAP 436 R+4C3 APOGEE 1 1 0 1 0 0 -215.0645699340307 84.68929673504357 143.1 -212.30898743874434 91.38736067026373 166.77586 101.74906 303.05260189455265 48.0841785321294 21.302193 -10.588207 7.5749807 303.05269647073777 48.08414712834943 302.94215439390683 48.17161853370404 34.35306706047775 309.30429925593666 16000.0 16600.0 2016.0 2 149 {-999.0 11.531194 10.999389 10.825607 -999.0} sdss_psfmag_from_g3xp 11.411398 11.035055 10.491508 9.496 63050395015966132 1076200376 bright_1x1 mwm_snc_ext_main_apogee mwm_snc science 0 0 0.0 0.0 -999 ""
FIBERMAP 436 R+4C3 BOSS 0 0 0 1 0 0 -215.04319516522065 85.42526496504374 143.1 -212.2645638641577 92.12230965479715 166.77586 101.74906 -999.0 -999.0 -999.0 -999.0 -999.0 303.0524511962948 48.087425957490005 302.9423323178368 48.1749602187178 34.3539156244949 309.30821693984325 -999.0 5400.0 -999.0 1 29 {-999.0 -999.0 -999.0 -999.0 -999.0} "" -999.0 -999.0 -999.0 -999.0 -999 -999 "" "" "" "" 0 0 0.0 0.0 -999 ""
FIBERMAP 436 R+4C3 METROLOGY 0 0 0 1 0 0 -214.40980609592634 85.0353826638911 143.1 -211.64369119931092 91.71276752250947 166.77586 101.74906 -999.0 -999.0 -999.0 -999.0 -999.0 303.0567893390312 48.08564476181941 302.94655962672164 48.17316903222648 34.35627339463728 309.3053513921403 -999.0 6231.0 -999.0 -1 -999 {-999.0 -999.0 -999.0 -999.0 -999.0} "" -999.0 -999.0 -999.0 -999.0 -999 -999 "" "" "" "" 0 0 0.0 0.0 -999 ""
FIBERMAP 440 R+8C4 APOGEE 0 0 0 1 0 0 -151.9115737360405 156.84768622066662 143.1 -146.92515776262223 161.5328036118498 205.72594 81.229576 -999.0 -999.0 -999.0 -999.0 -999.0 303.4910252375602 48.40634030300282 303.37952853324083 48.49456624559637 34.70647567304155 309.6112391739918 -999.0 16600.0 -999.0 2 -999 {-999.0 -999.0 -999.0 -999.0 -999.0} "" -999.0 -999.0 -999.0 -999.0 -999 -999 "" "" "" "" 0 0 0.0 0.0 -999 ""
FIBERMAP 440 R+8C4 BOSS 1 1 0 1 0 0 -152.13589416055768 157.58917769927908 143.1 -147.126139638773 162.28097121035933 205.72594 81.229576 303.48918915113705 48.4096773088805 -7.350796 -2.585968 -0.34424403 303.48915630713344 48.40966963910998 303.3780765621316 48.49795338865022 34.706248908025046 309.61551351752837 5400.0 5400.0 2016.0 1 57 {-999.0 16.579603 15.60094 15.3238535 -999.0} sdss_psfmag_ps1 16.18438 15.9165 14.787302 13.351 63050395016015242 1093633777 bright_1x1 mwm_astar_core_boss_single mwm_ob science 0 0 0.0 0.0 -999 ""
FIBERMAP 440 R+8C4 METROLOGY 0 0 0 1 0 0 -151.41212032903897 157.4019499437681 143.1 -146.40857567693973 162.07115548803262 205.72594 81.229576 -999.0 -999.0 -999.0 -999.0 -999.0 303.4941757770766 48.408784449109035 303.38298270222907 48.497060215586316 34.70923881454069 309.6136180716466 -999.0 6231.0 -999.0 -1 -999 {-999.0 -999.0 -999.0 -999.0 -999.0} "" -999.0 -999.0 -999.0 -999.0 -999 -999 "" "" "" "" 0 0 0.0 0.0 -999 ""
FIBERMAP 448 R+7C8 APOGEE 1 1 0 1 0 0 -61.421927358158996 124.78869410731372 143.1 -57.48294374892232 126.65386514509927 235.00378 126.79783 304.1016627851162 48.25235249173917 -2.0971985 -3.5462246 0.11705881 304.101653443515 48.252341973931884 303.99155878619405 48.3417433643799 35.07194317695057 309.32589026518025 16000.0 16600.0 2016.0 2 27 {-999.0 16.877281 14.758339 13.653032 -999.0} sdss_psfmag_from_g3xp 15.825711 14.3197365 13.141685 10.047 63050395015916774 1151796010 bright_1x1 mwm_galactic_core_dist_apogee_sparse mwm_galactic science 0 0 0.0 0.0 -999 ""
FIBERMAP 448 R+7C8 BOSS 0 0 0 1 0 0 -62.16141207829812 124.7847653977787 143.1 -58.22220034832802 126.6731074358078 235.00378 126.79783 -999.0 -999.0 -999.0 -999.0 -999.0 304.09614218869274 48.25240945174598 303.9864681952402 48.34186026883111 35.068656034956156 309.32688069618115 -999.0 5400.0 -999.0 1 104 {-999.0 -999.0 -999.0 -999.0 -999.0} "" -999.0 -999.0 -999.0 -999.0 -999 -999 "" "" "" "" 0 0 0.0 0.0 -999 ""
FIBERMAP 448 R+7C8 METROLOGY 0 0 0 1 0 0 -61.79153230584686 125.44047831569547 143.1 -57.83195180596316 127.31692005511093 235.00378 126.79783 -999.0 -999.0 -999.0 -999.0 -999.0 304.0989317154528 48.25534221258614 303.9891267745345 48.34478067298129 35.07098618478999 309.32992831441464 -999.0 6231.0 -999.0 -1 -999 {-999.0 -999.0 -999.0 -999.0 -999.0} "" -999.0 -999.0 -999.0 -999.0 -999 -999 "" "" "" "" 0 0 0.0 0.0 -999 ""
FIBERMAP 450 R+2C17 APOGEE 0 0 0 1 0 0 71.64698771979293 32.348354615696465 143.1 72.62648060887841 30.088186423144286 241.83699 67.40408 -999.0 -999.0 -999.0 -999.0 -999.0 304.98512570273755 47.81128802832523 304.8780179519114 47.90242435524231 35.561959413064 308.6512311339678 -999.0 16600.0 -999.0 2 61 {-999.0 -999.0 -999.0 -999.0 -999.0} "" -999.0 -999.0 -999.0 -999.0 -999 -999 "" "" "" "" 0 0 0.0 0.0 -999 ""
FIBERMAP 450 R+2C17 BOSS 1 1 0 1 0 0 71.15698527421793 32.91410191378038 143.1 72.15443657404553 30.669017514596597 241.83699 67.40408 304.9810951543626 47.813916675156484 -3.037283 -1.6334121 0.30397075 304.9816018005548 47.81391183059134 304.8748950966617 47.90509848835473 35.560446477391835 308.65496876693044 5400.0 5400.0 2016.0 1 199 {-999.0 14.759966 13.106395 12.333007 -999.0} sdss_psfmag_from_g3xp 14.032666 12.916892 11.881737 9.344 63050395015885469 996741228 bright_1x1 mwm_bin_gaia_sb_boss mwm_bin science 0 0 1.2572705745697021 0.0 -999 ""
FIBERMAP 450 R+2C17 METROLOGY 0 0 0 1 0 0 71.89129275911895 33.06134206362566 143.1 72.8930085534535 30.793180809791703 241.83699 67.40408 -999.0 -999.0 -999.0 -999.0 -999.0 304.98672211287635 47.81445828933178 304.8799010655776 47.905637990006724 35.56384224637886 308.6547888662537 -999.0 6231.0 -999.0 -1 -999 {-999.0 -999.0 -999.0 -999.0 -999.0} "" -999.0 -999.0 -999.0 -999.0 -999 -999 "" "" "" "" 0 0 0.0 0.0 -999 ""
FIBERMAP 452 R+12C9 APOGEE 0 0 0 1 0 0 36.47606739870541 222.5574685035231 143.1 43.43179329483702 221.30891807235386 355.42645 81.68422 -999.0 -999.0 -999.0 -999.0 -999.0 304.7946315353081 48.67862089196863 304.6834663901821 48.7692233783885 35.60592833550346 309.727504444851 -999.0 16600.0 -999.0 2 -999 {-999.0 -999.0 -999.0 -999.0 -999.0} "" -999.0 -999.0 -999.0 -999.0 -999 -999 "" "" "" "" 0 0 0.0 0.0 -999 ""
FIBERMAP 452 R+12C9 BOSS 1 1 0 1 0 0 36.33957512860166 221.83405900255315 143.1 43.27270037647217 220.5901286513112 355.42645 81.68422 304.7930960129412 48.67537486666029 1.80231 3.6596985 0.30400074 304.79310410820733 48.67538572102103 304.6823753412257 48.766041027229534 35.60460875121564 309.7238345063827 5400.0 5400.0 2016.0 1 154 {-999.0 18.896671 17.920567 17.499134 -999.0} sdss_psfmag_ps1 18.590338 17.86621 17.060936 15.524 63050395016110705 980252406 "" ops_std_boss_red ops_std standard_boss 0 0 0.0 0.0 -999 ""
FIBERMAP 452 R+12C9 METROLOGY 0 0 0 1 0 0 35.76941485357862 222.31808562824247 143.1 42.71797615477213 221.09178934466624 355.42645 81.68422 -999.0 -999.0 -999.0 -999.0 -999.0 304.7894295150168 48.67766591005085 304.6785659355616 48.76829830485873 35.602580656811405 309.727154439185 -999.0 6231.0 -999.0 -1 -999 {-999.0 -999.0 -999.0 -999.0 -999.0} "" -999.0 -999.0 -999.0 -999.0 -999 -999 "" "" "" "" 0 0 0.0 0.0 -999 ""
FIBERMAP 455 R-2C17 APOGEE 1 1 0 1 0 0 99.47546855921573 -44.377027849652464 143.1 98.03782642631877 -47.47266274970226 318.4436 126.98231 305.15113262346983 47.457064495371746 -1.693541 -2.8102844 0.08196324 305.15112519470904 47.45705616030202 305.04574043359986 47.548573448922525 35.60086055629537 308.1970760814724 16000.0 16600.0 2016.0 2 238 {-999.0 18.224771 15.946422 14.726741 -999.0} sdss_psfmag_ps1 17.092712 15.3302355 14.084139 10.705 63050395015414336 1153345302 bright_1x1 mwm_galactic_core_dist_apogee_sparse mwm_galactic science 0 0 0.0 0.0 -999 ""
FIBERMAP 455 R-2C17 BOSS 0 0 0 1 0 0 99.49081358670425 -45.11400900255197 143.1 98.03007347187734 -48.209774660804165 318.4436 126.98231 -999.0 -999.0 -999.0 -999.0 -999.0 305.1506673153366 47.45362301136825 305.0457096270698 47.54519811264667 35.60015324099907 308.1930169534887 -999.0 5400.0 -999.0 1 303 {-999.0 -999.0 -999.0 -999.0 -999.0} "" -999.0 -999.0 -999.0 -999.0 -999 -999 "" "" "" "" 0 0 0.0 0.0 -999 ""
FIBERMAP 455 R-2C17 METROLOGY 0 0 0 1 0 0 98.82999934429375 -44.748371217208984 143.1 97.3810290432775 -47.823606258913124 318.4436 126.98231 -999.0 -999.0 -999.0 -999.0 -999.0 305.1464409308409 47.45543089074414 305.04135352064833 47.54698138729624 35.59763747103178 308.1959003193963 -999.0 6231.0 -999.0 -1 -999 {-999.0 -999.0 -999.0 -999.0 -999.0} "" -999.0 -999.0 -999.0 -999.0 -999 -999 "" "" "" "" 0 0 0.0 0.0 -999 ""
FIBERMAP 463 R+8C11 APOGEE 0 0 1 1 0 0 22.931525032598245 162.67573293373417 143.1 28.017501738063658 161.87999315876178 10.0 170.0 -999.0 -999.0 -999.0 -999.0 -999.0 304.68702728087425 48.41142346663729 304.57692374226247 48.50188178597505 35.48471577835319 309.4221318968729 -999.0 16600.0 -999.0 2 -999 {-999.0 -999.0 -999.0 -999.0 -999.0} "" -999.0 -999.0 -999.0 -999.0 -999 -999 "" "" "" "" 0 0 0.0 0.0 -999 ""
FIBERMAP 463 R+8C11 BOSS 1 0 1 1 0 0 23.686080299166715 162.678936682972 143.1 28.771799012188467 161.85955406988066 10.0 170.0 304.62580104630973 48.33116425222759 -2.3521037 -8.914193 0.7369537 304.69178465630745 48.41131018088273 304.58211040786347 48.501833752736616 35.48807543321625 309.4212414669441 5400.0 5400.0 2016.0 1 134 {-999.0 13.500465 12.334271 11.903881 -999.0} sdss_psfmag_from_g3xp 13.074466 12.351032 11.528828 9.837 63050395015921893 996741232 bright_1x1 mwm_bin_gaia_sb_boss mwm_bin science 0 0 1.3643304109573364 0.0 -999 ""
FIBERMAP 463 R+8C11 METROLOGY 0 0 1 1 0 0 23.31066148381846 162.03314633889426 143.1 28.37632494635894 161.22583285805072 10.0 170.0 -999.0 -999.0 -999.0 -999.0 -999.0 304.6891735445521 48.408461294350204 304.5793889249548 48.49896464536344 35.485741579690554 309.4182239773177 -999.0 6231.0 -999.0 -1 -999 {-999.0 -999.0 -999.0 -999.0 -999.0} "" -999.0 -999.0 -999.0 -999.0 -999 -999 "" "" "" "" 0 0 0.0 0.0 -999 ""
FIBERMAP 466 R+5C5 APOGEE 1 1 0 1 0 0 -132.48110770727428 111.88867547479651 143.1 -128.91255144310406 115.98636099647644 100.10135 54.06895 303.61515803754133 48.201526560100085 -3.0474904 -6.3533826 0.24079701 303.6151444765085 48.20150771649549 303.50471221685814 48.29000965769294 34.74451259012838 309.346605016743 16000.0 16600.0 2016.0 2 128 {-999.0 15.385184 13.878629 13.130171 -999.0} sdss_psfmag_from_g3xp 14.749962 13.699576 12.688356 10.302 63050395015961627 1151796027 bright_1x1 mwm_galactic_core_dist_apogee_sparse mwm_galactic science 0 0 0.0 0.0 -999 ""
FIBERMAP 466 R+5C5 BOSS 0 0 0 1 0 0 -131.8154387223447 111.55422259276297 143.1 -128.25767750922685 115.63121058068953 100.10135 54.06895 -999.0 -999.0 -999.0 -999.0 -999.0 303.6191133932342 48.19990879209894 303.5091244290381 48.28848067193488 34.747058115939694 309.3440299592994 -999.0 5400.0 -999.0 1 42 {-999.0 -999.0 -999.0 -999.0 -999.0} "" -999.0 -999.0 -999.0 -999.0 -999 -999 "" "" "" "" 0 0 0.0 0.0 -999 ""
FIBERMAP 466 R+5C5 METROLOGY 0 0 0 1 0 0 -132.4385938063026 111.13877588414496 143.1 -128.8935531812105 115.23548554272719 100.10135 54.06895 -999.0 -999.0 -999.0 -999.0 -999.0 303.61494089557317 48.19809254255896 303.50483299943124 48.28663937484668 34.743877499447805 309.3425757335466 -999.0 6231.0 -999.0 -1 -999 {-999.0 -999.0 -999.0 -999.0 -999.0} "" -999.0 -999.0 -999.0 -999.0 -999 -999 "" "" "" "" 0 0 0.0 0.0 -999 ""
FIBERMAP 469 R+1C6 APOGEE 0 0 0 1 0 0 -152.04937689837524 30.972862892291424 143.1 -151.0067371963892 35.72208119627958 86.42057 54.657204 -999.0 -999.0 -999.0 -999.0 -999.0 303.4695255812801 47.83600220388667 303.3605572211044 47.92430813068387 34.5720044438309 308.93749374151264 -999.0 16600.0 -999.0 2 -999 {-999.0 -999.0 -999.0 -999.0 -999.0} "" -999.0 -999.0 -999.0 -999.0 -999 -999 "" "" "" "" 0 0 0.0 0.0 -999 ""
FIBERMAP 469 R+1C6 BOSS 1 1 0 1 0 0 -151.45267871851362 30.51529030889971 143.1 -150.424658830126 35.24603050981912 86.42057 54.657204 303.47296782461126 47.83381782798984 -999.0 -999.0 -999.0 303.47296782461126 47.83381782798985 303.36444375991306 47.92219499607489 34.57408684960928 308.93430082448754 5400.0 5400.0 2015.5 1 20 {-999.0 -999.0 -999.0 -999.0 -999.0} "" -999.0 -999.0 -999.0 -999.0 27021603114185532 818195662 "" ops_sky_boss_good ops_sky sky_boss 0 0 0.0 0.0 -999 ""
FIBERMAP 469 R+1C6 METROLOGY 0 0 0 1 0 0 -152.14085439511527 30.23239422441818 143.1 -151.1213712094006 34.98483033198807 86.42057 54.657204 -999.0 -999.0 -999.0 -999.0 -999.0 303.46842244736126 47.83261019696679 303.35977656355357 47.92096088478448 34.57076561658114 308.9336642746903 -999.0 6231.0 -999.0 -1 -999 {-999.0 -999.0 -999.0 -999.0 -999.0} "" -999.0 -999.0 -999.0 -999.0 -999 -999 "" "" "" "" 0 0 0.0 0.0 -999 ""
FIBERMAP 481 R+7C10 APOGEE 1 1 0 1 0 0 -6.398250391454952 153.55389567427284 143.1 -1.5841441803455196 153.68143287218294 112.66997 70.92064 304.4841135019845 48.37492359999429 2.8458314 1.9052663 2.8781254 304.48412620873086 48.37492925085478 304.37393913516667 48.46501843994032 35.34552868006951 309.41059723704024 16000.0 16600.0 2016.0 2 30 {-999.0 17.497507 16.119495 15.258648 -999.0} sdss_psfmag_ps1 16.893324 15.78742 14.7338295 12.592 63050395015923661 1034921887 bright_1x1 mwm_yso_pms_apogee_sagitta_edr3_single mwm_yso science 0 0 0.0 0.0 -999 ""
FIBERMAP 481 R+7C10 BOSS 0 0 0 1 0 0 -5.661415082093177 153.63552219929431 143.1 -0.8451013475685758 153.73993450484625 112.66997 70.92064 -999.0 -999.0 -999.0 -999.0 -999.0 304.488761755558 48.37518655548484 304.37900444272975 48.46534124967886 35.348884111812325 309.4101615248836 -999.0 5400.0 -999.0 1 127 {-999.0 -999.0 -999.0 -999.0 -999.0} "" -999.0 -999.0 -999.0 -999.0 -999 -999 "" "" "" "" 0 0 0.0 0.0 -999 ""
FIBERMAP 481 R+7C10 METROLOGY 0 0 0 1 0 0 -5.943207712045906 152.94724740753608 143.1 -1.1483247947648751 153.0608155781373 112.66997 70.92064 -999.0 -999.0 -999.0 -999.0 -999.0 304.4867925743543 48.37212214560317 304.3769262086456 48.46225754681139 35.346917203827964 309.4067951170559 -999.0 6231.0 -999.0 -1 -999 {-999.0 -999.0 -999.0 -999.0 -999.0} "" -999.0 -999.0 -999.0 -999.0 -999 -999 "" "" "" "" 0 0 0.0 0.0 -999 ""
FIBERMAP 483 R+13C1 APOGEE 1 1 0 1 0 0 -148.1999350255652 265.30048776501997 143.1 -139.81729748910263 269.81780522910196 103.29701 113.86844 303.53740345464485 48.89169922560641 -6.8953333 -8.929069 0.5439793 303.53737234976495 48.89167274272826 303.42371741137475 48.979883650262856 34.835786021672924 310.18180179319563 16000.0 16600.0 2016.0 2 135 {-999.0 12.599118 11.635702 11.219762 -999.0} sdss_psfmag_from_g3xp 12.280005 11.633573 10.852896 9.29 63050395016023603 1104784106 bright_1x1 mwm_tess_rgb_apogee mwm_tessrgb science 0 0 0.0 0.0 -999 ""
FIBERMAP 483 R+13C1 BOSS 0 0 0 1 0 0 -147.58068510044563 265.7155961644649 143.1 -139.1853357209499 270.2133144728882 103.29701 113.86844 -999.0 -999.0 -999.0 -999.0 -999.0 303.5412770707159 48.893390115460086 303.42805568775714 48.98166779703426 34.838938138354195 310.1832197535889 -999.0 5400.0 -999.0 1 7 {-999.0 -999.0 -999.0 -999.0 -999.0} "" -999.0 -999.0 -999.0 -999.0 -999 -999 "" "" "" "" 0 0 0.0 0.0 -999 ""
FIBERMAP 483 R+13C1 METROLOGY 0 0 0 1 0 0 -147.5116499530544 264.9818083712669 143.1 -139.13932400260867 269.4777122150966 103.29701 113.86844 -999.0 -999.0 -999.0 -999.0 -999.0 303.5417162581494 48.8901498627331 303.4283865037126 48.97841208107194 34.83848458972645 310.17928284266213 -999.0 6231.0 -999.0 -1 -999 {-999.0 -999.0 -999.0 -999.0 -999.0} "" -999.0 -999.0 -999.0 -999.0 -999 -999 "" "" "" "" 0 0 0.0 0.0 -999 ""
FIBERMAP 488 R+13C8 APOGEE 1 1 0 1 0 0 -9.35033988129799 256.6435108056009 143.1 -1.3048836665112615 256.8145796022436 224.87395 44.413296 304.48756976746927 48.83859262599444 9.327905 12.857967 2.5105002 304.48807625461234 48.83863076164754 304.3758108844908 48.928630468703325 35.438183290329654 309.9678295226038 16000.0 16600.0 2016.0 2 37 {-999.0 9.386929 8.523308 8.200244 -999.0} sdss_psfmag_from_g3xp 9.123049 8.558707 7.8481913 6.4 63050395016121142 996666776 bright_1x1 mwm_bin_gaia_sb_apogee mwm_bin science 0 0 1.100502610206604 0.0 -999 ""
FIBERMAP 488 R+13C8 BOSS 0 0 0 1 0 0 -9.348802894972124 257.38079499047177 143.1 -1.2802472218126375 257.55146546329 224.87395 44.413296 -999.0 -999.0 -999.0 -999.0 -999.0 304.48783228620056 48.84187785374878 304.3759801676798 48.93193165362798 35.43893432399582 309.9717774714014 -999.0 5400.0 -999.0 1 166 {-999.0 -999.0 -999.0 -999.0 -999.0} "" -999.0 -999.0 -999.0 -999.0 -999 -999 "" "" "" "" 0 0 0.0 0.0 -999 ""
FIBERMAP 488 R+13C8 METROLOGY 0 0 0 1 0 0 -8.693848372465752 257.01297582165546 143.1 -0.6371280760095581 257.1633003075251 224.87395 44.413296 -999.0 -999.0 -999.0 -999.0 -999.0 304.4923696308428 48.84015019829162 304.3804096961844 48.93019701463907 35.44145162354009 309.9689945752497 -999.0 6231.0 -999.0 -1 -999 {-999.0 -999.0 -999.0 -999.0 -999.0} "" -999.0 -999.0 -999.0 -999.0 -999 -999 "" "" "" "" 0 0 0.0 0.0 -999 ""
FIBERMAP 489 R-5C2 APOGEE 0 0 0 1 0 0 -228.07503274097937 -100.24138393109203 143.1 -231.10741884463408 -93.04785173693647 209.47575 98.840034 -999.0 -999.0 -999.0 -999.0 -999.0 302.9478521402335 47.247390360683816 302.84090853478085 47.33484085476915 34.09881603692309 308.3365973394833 -999.0 16600.0 -999.0 2 -999 {-999.0 -999.0 -999.0 -999.0 -999.0} "" -999.0 -999.0 -999.0 -999.0 -999 -999 "" "" "" "" 0 0 0.0 0.0 -999 ""
FIBERMAP 489 R-5C2 BOSS 1 1 0 1 0 0 -228.53543012033123 -99.6679841657602 143.1 -231.5496321110014 -92.4602993826045 209.47575 98.840034 302.94438453422043 47.249952925543475 1.268834 -3.1123457 0.6067371 302.94439007819193 47.24994369458513 302.8378638431691 47.33745641856062 34.09740899002647 308.34024407422726 5400.0 5400.0 2016.0 1 487 {-999.0 16.874905 16.198578 16.023527 -999.0} sdss_psfmag_ps1 16.698856 16.242582 15.626491 14.512 63050395015062122 981829107 "" ops_std_boss_tic ops_std standard_boss 0 0 0.0 0.0 -999 ""
FIBERMAP 489 R-5C2 METROLOGY 0 0 0 1 0 0 -227.80049611181934 -99.54763208802332 143.1 -230.81127634804307 -92.3630310191201 209.47575 98.840034 -999.0 -999.0 -999.0 -999.0 -999.0 302.94937387565597 47.25044542329299 302.84272826971716 47.337947689773415 34.100730210063716 308.3399066206495 -999.0 6231.0 -999.0 -1 -999 {-999.0 -999.0 -999.0 -999.0 -999.0} "" -999.0 -999.0 -999.0 -999.0 -999 -999 "" "" "" "" 0 0 0.0 0.0 -999 ""
FIBERMAP 493 R+8C15 APOGEE 1 1 0 1 0 0 107.57704233314668 147.67001894578988 143.1 112.1526663659511 144.22933856984633 192.15247 155.90656 305.2611753531679 48.3273595231689 -2.4205034 -3.9111328 0.21977139 305.2611645556144 48.3273479230741 305.15213794586504 48.41888756409542 35.842723730234965 309.23058307709107 16000.0 16600.0 2016.0 2 78 {-999.0 16.65914 14.784161 13.87026 -999.0} sdss_psfmag_from_g3xp 15.782862 14.494551 13.3889675 10.576 63050395016075502 1151796070 bright_1x1 mwm_galactic_core_dist_apogee_sparse mwm_galactic science 0 0 0.0 0.0 -999 ""
FIBERMAP 493 R+8C15 BOSS 0 0 0 1 0 0 106.84945260283295 147.82755835038432 143.1 111.43035813834136 144.40959959919672 192.15247 155.90656 -999.0 -999.0 -999.0 -999.0 -999.0 305.25588762171066 48.32820497734211 305.1472680549437 48.41978880544767 35.83972471077711 309.2324391187665 -999.0 5400.0 -999.0 1 230 {-999.0 -999.0 -999.0 -999.0 -999.0} "" -999.0 -999.0 -999.0 -999.0 -999 -999 "" "" "" "" 0 0 0.0 0.0 -999 ""
FIBERMAP 493 R+8C15 METROLOGY 0 0 0 1 0 0 107.34725037126962 148.3821128150132 143.1 111.94529448114848 144.94829395239123 192.15247 155.90656 -999.0 -999.0 -999.0 -999.0 -999.0 305.2595405427428 48.33061064112644 305.15079662854953 48.42218535463739 35.84248273109589 309.23478635526163 -999.0 6231.0 -999.0 -1 -999 {-999.0 -999.0 -999.0 -999.0 -999.0} "" -999.0 -999.0 -999.0 -999.0 -999 -999 "" "" "" "" 0 0 0.0 0.0 -999 ""
FIBERMAP 495 R+5C10 APOGEE 1 1 0 1 0 0 -16.097656441739716 98.84890748321853 143.1 -12.992930598799582 99.30632295215855 41.303665 78.21206 304.40524146294877 48.12843412768146 -1.1678277 -3.0311954 0.24295875 304.4052362736293 48.128425137408136 304.2960498938551 48.21841851619996 35.24503235939435 309.12748998535625 16000.0 16600.0 2016.0 2 7 {-999.0 15.756059 13.899617 13.010492 -999.0} sdss_psfmag_from_g3xp 14.886535 13.632737 12.538537 9.782 63050395015909682 1151795969 bright_1x1 mwm_galactic_core_dist_apogee_sparse mwm_galactic science 0 0 0.0 0.0 -999 ""
FIBERMAP 495 R+5C10 BOSS 0 0 0 1 0 0 -15.737009076247737 98.18871311710572 143.1 -12.65313937211798 98.63514253286846 41.303665 78.21206 -999.0 -999.0 -999.0 -999.0 -999.0 304.40711221915393 48.12536340313331 304.29836541386436 48.21541966306848 35.24593169010146 309.1235100454171 -999.0 5400.0 -999.0 1 129 {-999.0 -999.0 -999.0 -999.0 -999.0} "" -999.0 -999.0 -999.0 -999.0 -999 -999 "" "" "" "" 0 0 0.0 0.0 -999 ""
FIBERMAP 495 R+5C10 METROLOGY 0 0 0 1 0 0 -16.483354301350076 98.20971644344401 143.1 -13.398472061108787 98.6795199677818 41.303665 78.21206 -999.0 -999.0 -999.0 -999.0 -999.0 304.4021495563829 48.125577194098454 304.2932758619138 48.21560752445704 35.24264986264716 309.124581680032 -999.0 6231.0 -999.0 -1 -999 {-999.0 -999.0 -999.0 -999.0 -999.0} "" -999.0 -999.0 -999.0 -999.0 -999 -999 "" "" "" "" 0 0 0.0 0.0 -999 ""
FIBERMAP 501 R+6C19 APOGEE 1 1 0 1 0 0 172.11002588573908 133.7685430025704 143.1 176.2194469363653 128.31255257891704 152.99953 69.26165 305.6950805915877 48.24971287154677 -999.0 -999.0 -999.0 305.6950805915878 48.24971287154677 305.58693604109334 48.34206874071764 36.11167025389601 309.0696308354664 16000.0 16600.0 2015.5 2 34 {-999.0 -999.0 -999.0 -999.0 -999.0} "" -999.0 -999.0 -999.0 -999.0 27021603114177803 840306383 "" ops_sky_apogee_best ops_sky sky_apogee 0 0 0.0 0.0 -999 ""
FIBERMAP 501 R+6C19 BOSS 0 0 0 1 0 0 172.66627162331346 134.25723780174744 143.1 176.79074000953767 128.78358728615166 152.99953 69.26165 -999.0 -999.0 -999.0 -999.0 -999.0 305.6986292101798 48.25175402920757 305.59089306440154 48.34416848615359 36.11464802632944 309.0715721249162 -999.0 5400.0 -999.0 1 195 {-999.0 -999.0 -999.0 -999.0 -999.0} "" -999.0 -999.0 -999.0 -999.0 -999 -999 "" "" "" "" 0 0 0.0 0.0 -999 ""
FIBERMAP 501 R+6C19 METROLOGY 0 0 0 1 0 0 172.81377269190864 133.52203658770503 143.1 176.9151360977243 128.0441138271077 152.99953 69.26165 -999.0 -999.0 -999.0 -999.0 -999.0 305.6995083250498 48.24840922757222 305.5916708403716 48.34081112897603 36.11452516494212 309.0673699267416 -999.0 6231.0 -999.0 -1 -999 {-999.0 -999.0 -999.0 -999.0 -999.0} "" -999.0 -999.0 -999.0 -999.0 -999 -999 "" "" "" "" 0 0 0.0 0.0 -999 ""
FIBERMAP 506 R+6C10 APOGEE 0 0 0 1 0 0 -32.287139762459816 117.9246223396016 143.1 -28.577054885501404 118.88021804954143 137.49837 144.27074 -999.0 -999.0 -999.0 -999.0 -999.0 304.2990602610606 48.21734633185869 304.18935413789825 48.30712327261884 35.19357954127207 309.25151524612465 -999.0 16600.0 -999.0 2 -999 {-999.0 -999.0 -999.0 -999.0 -999.0} "" -999.0 -999.0 -999.0 -999.0 -999 -999 "" "" "" "" 0 0 0.0 0.0 -999 ""
FIBERMAP 506 R+6C10 BOSS 1 1 0 1 0 0 -32.469266512200974 118.65884575041471 143.1 -28.736090845617298 119.61979904282565 137.49837 144.27074 304.2975171823286 48.22069854066667 4.23971 -0.8786948 3.1036665 304.2975360556918 48.22069593452958 304.18823790074526 48.31052883419461 35.193547159023396 309.2557802559613 5400.0 5400.0 2016.0 1 128 {-999.0 17.812593 16.275164 15.125 -999.0} sdss_psfmag_ps1 17.060934 16.263275 14.509113 12.196 63050395015911686 1034764163 bright_1x1 mwm_yso_variable_boss_single mwm_yso science 0 0 0.0 0.0 -999 ""
FIBERMAP 506 R+6C10 METROLOGY 0 0 0 1 0 0 -31.752027841995464 118.44454273070849 143.1 -28.025907248768114 119.38312567163617 137.49837 144.27074 -999.0 -999.0 -999.0 -999.0 -999.0 304.30250861125444 48.219630616769315 304.1931012416481 48.309455725766355 35.196495063639695 309.2536876256037 -999.0 6231.0 -999.0 -1 -999 {-999.0 -999.0 -999.0 -999.0 -999.0} "" -999.0 -999.0 -999.0 -999.0 -999 -999 "" "" "" "" 0 0 0.0 0.0 -999 ""
FIBERMAP 507 R+1C26 APOGEE 1 1 0 1 0 0 273.9762696741886 26.18054707150504 143.1 274.6664213291007 17.584036867568745 87.196884 151.71257 306.3395520899916 47.73750266624265 -3.0105035 -3.9545767 0.15326546 306.3395388133733 47.737490937296535 306.2344093180065 47.83113476001276 36.44076604318665 308.3465384283705 16000.0 16600.0 2016.0 2 42 {-999.0 16.488611 14.443973 13.3939705 -999.0} sdss_psfmag_from_g3xp 15.486673 14.045408 12.8827915 9.782 63050395015626689 1151795567 bright_1x1 mwm_galactic_core_dist_apogee_sparse mwm_galactic science 0 0 0.0 0.0 -999 ""
FIBERMAP 507 R+1C26 BOSS 0 0 0 1 0 0 274.376270703965 26.787120754585555 143.1 275.08523721905243 18.177789847456626 87.196884 151.71257 -999.0 -999.0 -999.0 -999.0 -999.0 306.34200226050757 47.74007146333868 306.2372689264833 47.833770830025536 36.44314467042067 308.34931141204015 -999.0 5400.0 -999.0 1 175 {-999.0 -999.0 -999.0 -999.0 -999.0} "" -999.0 -999.0 -999.0 -999.0 -999 -999 "" "" "" "" 0 0 0.0 0.0 -999 ""
FIBERMAP 507 R+1C26 METROLOGY 0 0 0 1 0 0 274.7345325932787 26.13709487259032 143.1 275.4229626959518 17.51684782328227 87.196884 151.71257 -999.0 -999.0 -999.0 -999.0 -999.0 306.344230443985 47.73705738423597 306.2393981829363 47.830746824166724 36.44398365427536 308.34528641854945 -999.0 6231.0 -999.0 -1 -999 {-999.0 -999.0 -999.0 -999.0 -999.0} "" -999.0 -999.0 -999.0 -999.0 -999 -999 "" "" "" "" 0 0 0.0 0.0 -999 ""
FIBERMAP 514 R+11C3 APOGEE 1 1 0 1 0 0 -135.621256438583 196.80336274070805 143.1 -129.39070783949032 200.9591040821273 287.82254 48.409943 303.60946035991327 48.584984913501074 -2.7299814 -6.2852154 0.16664158 303.60944811986553 48.58496627207488 303.49727950615073 48.67337681980906 34.82003306137499 309.8042647944284 16000.0 16600.0 2016.0 2 133 {-999.0 14.8528 12.938567 11.5619545 -999.0} sdss_psfmag_from_g3xp 13.9533825 12.265647 11.028954 7.914 63050395016019762 1151796115 bright_1x1 mwm_galactic_core_dist_apogee_sparse mwm_galactic science 0 0 0.0 0.0 -999 ""
FIBERMAP 514 R+11C3 BOSS 0 0 0 1 0 0 -136.3125842711555 197.0692098045654 143.1 -130.07337795482565 201.24648519267927 287.82254 48.409943 -999.0 -999.0 -999.0 -999.0 -999.0 303.6043244224655 48.58617714953092 303.4925784570799 48.6746385898512 34.8172579840855 309.8065525277418 -999.0 5400.0 -999.0 1 5 {-999.0 -999.0 -999.0 -999.0 -999.0} "" -999.0 -999.0 -999.0 -999.0 -999 -999 "" "" "" "" 0 0 0.0 0.0 -999 ""
FIBERMAP 514 R+11C3 METROLOGY 0 0 0 1 0 0 -135.73801236513702 197.54246088170726 143.1 -129.48425129141646 201.70150932718914 287.82254 48.409943 -999.0 -999.0 -999.0 -999.0 -999.0 303.60846528648756 48.58827012545952 303.4965916021555 48.676721645751556 34.82028232139586 309.80836530516245 -999.0 6231.0 -999.0 -1 -999 {-999.0 -999.0 -999.0 -999.0 -999.0} "" -999.0 -999.0 -999.0 -999.0 -999 -999 "" "" "" "" 0 0 0.0 0.0 -999 ""
FIBERMAP 515 R+3C19 APOGEE 0 0 0 1 0 0 155.50545983942357 52.60149525336849 143.1 157.07968517441472 47.70429979422561 318.7549 129.32146 -999.0 -999.0 -999.0 -999.0 -999.0 305.5577826451489 47.88615177758255 305.4510447244548 47.97833021616112 35.95326133568014 308.64950507667504 -999.0 16600.0 -999.0 2 -999 {-999.0 -999.0 -999.0 -999.0 -999.0} "" -999.0 -999.0 -999.0 -999.0 -999 -999 "" "" "" "" 0 0 0.0 0.0 -999 ""
FIBERMAP 515 R+3C19 BOSS 1 1 0 1 0 0 155.5013007654217 51.865937599172625 143.1 157.05248198210475 46.96922179768044 318.7549 129.32146 305.5571928851288 47.88277674977261 -999.0 -999.0 -999.0 305.55719288512887 47.88277674977261 305.4508807487495 47.975009302364086 35.9525097499238 308.6455067936237 5400.0 5400.0 2015.5 1 217 {-999.0 -999.0 -999.0 -999.0 -999.0} "" -999.0 -999.0 -999.0 -999.0 27021603114173462 818194180 "" ops_sky_boss_good ops_sky sky_boss 0 0 0.0 0.0 -999 ""
FIBERMAP 515 R+3C19 METROLOGY 0 0 0 1 0 0 154.85535433095276 52.235401264934275 143.1 156.41841817049948 47.35874843281818 318.7549 129.32146 -999.0 -999.0 -999.0 -999.0 -999.0 305.5530578855915 47.88461018270657 305.4466160099056 47.976819301582054 35.95005996667272 308.6483841344749 -999.0 6231.0 -999.0 -1 -999 {-999.0 -999.0 -999.0 -999.0 -999.0} "" -999.0 -999.0 -999.0 -999.0 -999 -999 "" "" "" "" 0 0 0.0 0.0 -999 ""
FIBERMAP 533 R+1C3 APOGEE 1 1 0 1 0 0 -233.1542990117139 11.288161353910674 143.1 -232.68988950866193 18.58786421251353 227.87234 161.95943 302.92314872433104 47.7527118654904 -999.0 -999.0 -999.0 302.92314872433104 47.7527118654904 302.81394917430214 47.84000828194655 34.195852474856906 308.93603684663265 16000.0 16600.0 2015.5 2 104 {-999.0 -999.0 -999.0 -999.0 -999.0} "" -999.0 -999.0 -999.0 -999.0 27021603114185263 830409715 "" ops_sky_apogee_best ops_sky sky_apogee 0 0 0.0 0.0 -999 ""
FIBERMAP 533 R+1C3 BOSS 0 0 0 1 0 0 -233.78396640346995 10.904106683445422 143.1 -233.3312908371503 18.223720343379213 227.87234 161.95943 -999.0 -999.0 -999.0 -999.0 -999.0 302.9184308146307 47.750944528220465 302.8096694171369 47.83829977626299 34.19266967141826 308.93480360374144 -999.0 5400.0 -999.0 1 61 {-999.0 -999.0 -999.0 -999.0 -999.0} "" -999.0 -999.0 -999.0 -999.0 -999 -999 "" "" "" "" 0 0 0.0 0.0 -999 ""
FIBERMAP 533 R+1C3 METROLOGY 0 0 0 1 0 0 -233.80486643450627 11.655176069365721 143.1 -233.32864884306892 18.975087842756775 227.87234 161.95943 -999.0 -999.0 -999.0 -999.0 -999.0 302.9184993647471 47.75436727902757 302.8095994156438 47.84170283456001 34.19338785493591 308.93882554440546 -999.0 6231.0 -999.0 -1 -999 {-999.0 -999.0 -999.0 -999.0 -999.0} "" -999.0 -999.0 -999.0 -999.0 -999 -999 "" "" "" "" 0 0 0.0 0.0 -999 ""
FIBERMAP 544 R-6C19 APOGEE 1 1 0 1 0 0 174.8092512562082 -128.6942044843337 143.1 170.6940498221471 -134.11011078629306 248.31818 118.84472 305.6261578685411 47.06024871724128 -9.473189 -5.3872633 0.70991284 305.6261166244292 47.06023273905946 305.52297305380836 47.152708661307244 35.83696120951858 307.6387148182671 16000.0 16600.0 2016.0 2 229 {-999.0 11.799921 10.442406 9.861114 -999.0} sdss_psfmag_from_g3xp 11.252404 10.38214 9.465712 7.415 63050395015376078 1151795399 bright_1x1 mwm_galactic_core_dist_apogee_sparse mwm_galactic science 0 0 0.0 0.0 -999 ""
FIBERMAP 544 R-6C19 BOSS 0 0 0 1 0 0 174.08134599645928 -128.80838237890646 143.1 169.9629129158577 -134.2014281199426 248.31818 118.84472 -999.0 -999.0 -999.0 -999.0 -999.0 305.62090660321684 47.05977761383032 305.5181653533409 47.15230126411502 35.8336771844382 307.6390419011186 -999.0 5400.0 -999.0 1 277 {-999.0 -999.0 -999.0 -999.0 -999.0} "" -999.0 -999.0 -999.0 -999.0 -999 -999 "" "" "" "" 0 0 0.0 0.0 -999 ""
FIBERMAP 544 R-6C19 METROLOGY 0 0 0 1 0 0 174.34836544115836 -128.11286023790356 143.1 170.2515972642354 -133.51460242063428 248.31818 118.84472 -999.0 -999.0 -999.0 -999.0 -999.0 305.6230240257715 47.06288554605753 305.5201570667728 47.15539617856752 35.83563200276807 307.64244052326643 -999.0 6231.0 -999.0 -1 -999 {-999.0 -999.0 -999.0 -999.0 -999.0} "" -999.0 -999.0 -999.0 -999.0 -999 -999 "" "" "" "" 0 0 0.0 0.0 -999 ""
FIBERMAP 546 R-12C1 APOGEE 1 1 0 1 0 0 -145.8797768566479 -237.55485413308378 143.1 -153.25343220613848 -232.87140309158994 328.06512 126.08334 303.47845873786406 46.62101792710699 -999.0 -999.0 -999.0 303.47845873786406 46.62101792710699 303.37477486012745 46.70959808987056 34.30884292852308 307.499526501166 16000.0 16600.0 2015.5 2 296 {-999.0 -999.0 -999.0 -999.0 -999.0} "" -999.0 -999.0 -999.0 -999.0 27021603114160960 830408165 "" ops_sky_apogee_best ops_sky sky_apogee 0 0 0.0 0.0 -999 ""
FIBERMAP 546 R-12C1 BOSS 0 0 0 1 0 0 -145.80481880083116 -238.28384311399327 143.1 -153.2013500386295 -233.60239438960994 328.06512 126.08334 -999.0 -999.0 -999.0 -999.0 -999.0 303.47846710487295 46.61769201603803 303.3752210424267 46.70634195789176 34.308387810525176 307.4956056732315 -999.0 5400.0 -999.0 1 429 {-999.0 -999.0 -999.0 -999.0 -999.0} "" -999.0 -999.0 -999.0 -999.0 -999 -999 "" "" "" "" 0 0 0.0 0.0 -999 ""
FIBERMAP 546 R-12C1 METROLOGY 0 0 0 1 0 0 -146.48678490510068 -237.99210075681543 143.1 -153.87385153465624 -233.28942360111574 328.06512 126.08334 -999.0 -999.0 -999.0 -999.0 -999.0 303.4741477858333 46.619103222819696 303.37077115385125 46.70772521558468 34.305738949232264 307.49808907553586 -999.0 6231.0 -999.0 -1 -999 {-999.0 -999.0 -999.0 -999.0 -999.0} "" -999.0 -999.0 -999.0 -999.0 -999 -999 "" "" "" "" 0 0 0.0 0.0 -999 ""
FIBERMAP 548 R+1C14 APOGEE 1 1 0 1 0 0 16.26211016060618 29.461825830774416 143.1 17.177468542621696 28.938317530374654 47.823723 129.8347 304.60903426791276 47.807805121004385 -999.0 -999.0 -999.0 304.60903426791276 47.80780512100438 304.5014961171615 47.89824456181054 35.313948946957666 308.70917069580736 16000.0 16600.0 2015.5 2 13 {-999.0 -999.0 -999.0 -999.0 -999.0} "" -999.0 -999.0 -999.0 -999.0 27021603114182822 840306902 "" ops_sky_apogee_best ops_sky sky_apogee 0 0 0.0 0.0 -999 ""
FIBERMAP 548 R+1C14 BOSS 0 0 0 1 0 0 16.99783874403682 29.421774737201822 143.1 17.91159283792212 28.875234009687503 47.823723 129.8347 -999.0 -999.0 -999.0 -999.0 -999.0 304.61360904681993 47.80746106564565 304.5064976858636 47.89796813502161 35.31717412505315 308.7079954707456 -999.0 5400.0 -999.0 1 96 {-999.0 -999.0 -999.0 -999.0 -999.0} "" -999.0 -999.0 -999.0 -999.0 -999 -999 "" "" "" "" 0 0 0.0 0.0 -999 ""
FIBERMAP 548 R+1C14 METROLOGY 0 0 0 1 0 0 16.605820845474437 28.799187292323296 143.1 17.50025455315123 28.265224750483146 47.823723 129.8347 -999.0 -999.0 -999.0 -999.0 -999.0 304.6109157499186 47.804703879546345 304.5036942344252 47.89518980209468 35.314764139356335 308.7051359960195 -999.0 6231.0 -999.0 -1 -999 {-999.0 -999.0 -999.0 -999.0 -999.0} "" -999.0 -999.0 -999.0 -999.0 -999 -999 "" "" "" "" 0 0 0.0 0.0 -999 ""
FIBERMAP 550 R+1C1 APOGEE 1 1 0 1 0 0 -290.71453451928977 37.97809512413333 143.1 -289.3865526631905 47.06856788331084 187.94635 29.745882 302.5435263919404 47.87597628400618 -1.8372681 -4.756653 0.14092334 302.54351826777645 47.87596217616961 302.4333587533802 47.96251611602051 33.97495804216628 309.14970846041007 16000.0 16600.0 2016.0 2 141 {-999.0 14.790489 13.317744 12.645189 -999.0} sdss_psfmag_from_g3xp 14.180874 13.201461 12.229871 9.929 63050395015975085 1151796103 bright_1x1 mwm_galactic_core_dist_apogee_sparse mwm_galactic science 0 0 0.0 0.0 -999 ""
FIBERMAP 550 R+1C1 BOSS 0 0 0 1 0 0 -290.1478427844455 38.43472927751793 143.1 -288.8058230607712 47.507229883402324 187.94635 29.745882 -999.0 -999.0 -999.0 -999.0 -999.0 302.54688834065774 47.87793671343492 302.4371633055187 47.96456525871472 33.97790454113477 309.15141695500284 -999.0 5400.0 -999.0 1 12 {-999.0 -999.0 -999.0 -999.0 -999.0} "" -999.0 -999.0 -999.0 -999.0 -999 -999 "" "" "" "" 0 0 0.0 0.0 -999 ""
FIBERMAP 550 R+1C1 METROLOGY 0 0 0 1 0 0 -290.02539788034824 37.69039749294632 143.1 -288.7067573109236 46.75941523648928 187.94635 29.745882 -999.0 -999.0 -999.0 -999.0 -999.0 302.54776198726773 47.87459272606958 302.437928263911 47.96120417797203 33.97763985940639 309.14732946460845 -999.0 6231.0 -999.0 -1 -999 {-999.0 -999.0 -999.0 -999.0 -999.0} "" -999.0 -999.0 -999.0 -999.0 -999 -999 "" "" "" "" 0 0 0.0 0.0 -999 ""
FIBERMAP 554 R-2C23 APOGEE 1 1 0 1 0 0 233.99521378755503 -45.07387669590673 143.1 232.47184918231616 -52.38388035870248 318.894 127.54928 306.04832167598624 47.42546181279543 -1.7658372 -8.21261 0.44764498 306.0483139347504 47.425437454876935 305.94414320861046 47.518612802227686 36.189361989645256 308.0119960257297 16000.0 16600.0 2016.0 2 197 {-999.0 13.863477 12.101635 11.195299 -999.0} sdss_psfmag_from_g3xp 13.063616 11.830752 10.745631 8.101 63050395015389720 1151795440 bright_1x1 mwm_galactic_core_dist_apogee_sparse mwm_galactic science 0 0 0.0 0.0 -999 ""
FIBERMAP 554 R-2C23 BOSS 0 0 0 1 0 0 233.91954135571254 -45.81191284015654 143.1 232.37308894221212 -53.11919505040456 318.894 127.54928 -999.0 -999.0 -999.0 -999.0 -999.0 306.0471732110397 47.42205744810933 305.94342014386103 47.515285407502994 36.18823726658321 308.0080690309582 -999.0 5400.0 -999.0 1 310 {-999.0 -999.0 -999.0 -999.0 -999.0} "" -999.0 -999.0 -999.0 -999.0 -999 -999 "" "" "" "" 0 0 0.0 0.0 -999 ""
FIBERMAP 554 R-2C23 METROLOGY 0 0 0 1 0 0 233.2968769888676 -45.40230852577907 143.1 231.76355380562052 -52.69027629228249 318.894 127.54928 -999.0 -999.0 -999.0 -999.0 -999.0 306.0433172238813 47.42407046727228 305.93943627472635 47.51727562204277 36.18598409375127 308.011135096212 -999.0 6231.0 -999.0 -1 -999 {-999.0 -999.0 -999.0 -999.0 -999.0} "" -999.0 -999.0 -999.0 -999.0 -999 -999 "" "" "" "" 0 0 0.0 0.0 -999 ""
FIBERMAP 565 R+8C3 APOGEE 1 1 0 1 0 0 -173.7934928914397 156.4485699876953 143.1 -168.80918915187803 161.81946936369692 202.38956 87.11553 303.34234238073446 48.40600156237276 -2.8735378 -4.1484957 0.024636067 303.34232954244425 48.40598925827925 303.2306637521739 48.493936032693576 34.60992402812483 309.635867442352 16000.0 16600.0 2016.0 2 137 {-999.0 16.395433 14.688884 13.855537 -999.0} sdss_psfmag_from_g3xp 15.631496 14.470907 13.402861 10.734 63050395015971765 1151796095 bright_1x1 mwm_galactic_core_dist_apogee_sparse mwm_galactic science 0 0 0.0 0.0 -999 ""
FIBERMAP 565 R+8C3 BOSS 0 0 0 1 0 0 -174.06530693888757 157.13914313011273 143.1 -169.05923743990982 162.51823085375216 202.38956 87.11553 -999.0 -999.0 -999.0 -999.0 -999.0 303.3401322649269 48.40907799644587 303.22888541744413 48.49708271757777 34.60944090894256 309.6399075737141 -999.0 5400.0 -999.0 1 25 {-999.0 -999.0 -999.0 -999.0 -999.0} "" -999.0 -999.0 -999.0 -999.0 -999 -999 "" "" "" "" 0 0 0.0 0.0 -999 ""
FIBERMAP 565 R+8C3 METROLOGY 0 0 0 1 0 0 -173.32121166151762 157.03677414079684 143.1 -168.31870293489402 162.3925968940381 202.38956 87.11553 -999.0 -999.0 -999.0 -999.0 -999.0 303.34529394110626 48.408585058810054 303.2339317799179 48.49658178970567 34.61260226061224 309.63844988570224 -999.0 6231.0 -999.0 -1 -999 {-999.0 -999.0 -999.0 -999.0 -999.0} "" -999.0 -999.0 -999.0 -999.0 -999 -999 "" "" "" "" 0 0 0.0 0.0 -999 ""
FIBERMAP 566 R+8C7 APOGEE 0 0 0 1 0 0 -57.951672175320425 149.19876449452025 143.1 -53.249533647563034 150.9436139916057 312.7109 132.5951 -999.0 -999.0 -999.0 -999.0 -999.0 304.1305075954627 48.362436018365614 304.01995513770834 48.451868183493374 35.11296508223146 309.45290152993425 -999.0 16600.0 -999.0 2 -999 {-999.0 -999.0 -999.0 -999.0 -999.0} "" -999.0 -999.0 -999.0 -999.0 -999 -999 "" "" "" "" 0 0 0.0 0.0 -999 ""
FIBERMAP 566 R+8C7 BOSS 1 1 0 1 0 0 -58.010417625845534 148.48343597394503 143.1 -53.330663482743546 150.23046579175474 312.7109 132.5951 304.12951460883266 48.35921956812262 -3.8530576 -5.688631 0.1781308 304.1294974100943 48.35920269611523 304.0193860714169 48.44869287021373 35.11194731841169 309.4491957974792 5400.0 5400.0 2016.0 1 103 {-999.0 18.45204 17.355146 16.844528 -999.0} sdss_psfmag_ps1 18.038677 17.265877 16.420612 14.72 63050395015918026 980252335 "" ops_std_boss_red ops_std standard_boss 0 0 0.0 0.0 -999 ""
FIBERMAP 566 R+8C7 METROLOGY 0 0 0 1 0 0 -58.62286366434167 148.87293637176649 143.1 -53.930615029121604 150.638970026407 312.7109 132.5951 -999.0 -999.0 -999.0 -999.0 -999.0 304.1255197232506 48.361048328831 304.01527419822014 48.450513894846786 35.10964931467004 309.4520556957373 -999.0 6231.0 -999.0 -1 -999 {-999.0 -999.0 -999.0 -999.0 -999.0} "" -999.0 -999.0 -999.0 -999.0 -999 -999 "" "" "" "" 0 0 0.0 0.0 -999 ""
FIBERMAP 572 R+10C5 APOGEE 0 0 0 1 0 0 -99.99766141319948 187.07068738318566 143.1 -94.0889708910703 190.11491202292422 206.27104 124.35756 -999.0 -999.0 -999.0 -999.0 -999.0 303.85085723985566 48.5380886133712 303.73918446660394 48.626961245274224 34.96683597158214 309.7086975276121 -999.0 16600.0 -999.0 2 -999 {-999.0 -999.0 -999.0 -999.0 -999.0} "" -999.0 -999.0 -999.0 -999.0 -999 -999 "" "" "" "" 0 0 0.0 0.0 -999 ""
FIBERMAP 572 R+10C5 BOSS 1 1 0 1 0 0 -100.65542236139565 187.43117137486044 143.1 -94.73512495146491 190.49583341474522 206.27104 124.35756 303.84598752469475 48.53977158450189 -3.588822 -5.049256 0.19340858 303.84597144835624 48.5397566088283 303.73471698934117 48.628679602876275 34.96429865855654 309.7114892053806 5400.0 5400.0 2016.0 1 146 {-999.0 15.07029 14.509576 14.255568 -999.0} sdss_psfmag_from_g3xp 14.929986 14.498324 13.876515 12.839 63050395016014079 1068575233 bright_1x1 mwm_ob_core_boss_single mwm_ob science 0 0 0.0 0.0 -999 ""
FIBERMAP 572 R+10C5 METROLOGY 0 0 0 1 0 0 -100.01849798074412 187.81649420667603 143.1 -94.08643034739167 190.8610174708842 206.27104 124.35756 -999.0 -999.0 -999.0 -999.0 -999.0 303.8505330865048 48.54143714462308 303.7391540661421 48.63035131616596 34.967511913075995 309.7127513893277 -999.0 6231.0 -999.0 -1 -999 {-999.0 -999.0 -999.0 -999.0 -999.0} "" -999.0 -999.0 -999.0 -999.0 -999 -999 "" "" "" "" 0 0 0.0 0.0 -999 ""
FIBERMAP 575 R+3C14 APOGEE 1 1 0 1 0 0 39.415519866062134 66.83198529831003 143.1 41.490743279025985 65.56529823038602 33.01817 137.66415 304.7755312796787 47.97395045989041 -1.4534653 -2.7317007 0.05953274 304.7755248404555 47.973942357893506 304.66745816509433 48.06465624418009 35.456567265953204 308.88130228666495 16000.0 16600.0 2016.0 2 24 {-999.0 18.023544 15.850294 14.78253 -999.0} sdss_psfmag_ps1 16.907402 15.307788 14.102887 10.908 63050395015894551 1153345494 bright_1x1 mwm_galactic_core_dist_apogee_sparse mwm_galactic science 0 0 0.0 0.0 -999 ""
FIBERMAP 575 R+3C14 BOSS 0 0 0 1 0 0 40.14107613662133 66.71921972308509 143.1 42.212421842005405 65.4298534766566 33.01817 137.66415 -999.0 -999.0 -999.0 -999.0 -999.0 304.7800421167855 47.97328031289159 304.67240314832986 48.06406036710375 35.459684183772566 308.87976827141665 -999.0 5400.0 -999.0 1 97 {-999.0 -999.0 -999.0 -999.0 -999.0} "" -999.0 -999.0 -999.0 -999.0 -999 -999 "" "" "" "" 0 0 0.0 0.0 -999 ""
FIBERMAP 575 R+3C14 METROLOGY 0 0 0 1 0 0 39.68395641503125 66.12904808472027 143.1 41.73702828832287 64.85428436333602 33.01817 137.66415 -999.0 -999.0 -999.0 -999.0 -999.0 304.7768968545317 47.97068600739586 304.66914661987755 48.061444444762124 35.45702533575759 308.87716098037413 -999.0 6231.0 -999.0 -1 -999 {-999.0 -999.0 -999.0 -999.0 -999.0} "" -999.0 -999.0 -999.0 -999.0 -999 -999 "" "" "" "" 0 0 0.0 0.0 -999 ""
FIBERMAP 577 R+6C15 APOGEE 1 1 0 1 0 0 79.76729796041009 107.99564235816774 143.1 83.11307397326028 105.44512487434905 216.78801 121.05137 305.0608777560703 48.1534356809625 -999.0 -999.0 -999.0 305.0608777560703 48.1534356809625 304.95236900304934 48.244641003833024 35.67863157474991 309.0516858334133 16000.0 16600.0 2015.5 2 36 {-999.0 -999.0 -999.0 -999.0 -999.0} "" -999.0 -999.0 -999.0 -999.0 27021603114183261 840306933 "" ops_sky_apogee_best ops_sky sky_apogee 0 0 0.0 0.0 -999 ""
FIBERMAP 577 R+6C15 BOSS 0 0 0 1 0 0 79.07147308662748 108.25880118841543 143.1 82.42582472627409 105.72995992690561 216.78801 121.05137 -999.0 -999.0 -999.0 -999.0 -999.0 305.05584826628734 48.15475440573309 304.947745616521 48.24600585853191 35.675880337097134 309.0540770290643 -999.0 5400.0 -999.0 1 188 {-999.0 -999.0 -999.0 -999.0 -999.0} "" -999.0 -999.0 -999.0 -999.0 -999 -999 "" "" "" "" 0 0 0.0 0.0 -999 ""
FIBERMAP 577 R+6C15 METROLOGY 0 0 0 1 0 0 79.64905377934807 108.74222025495624 143.1 83.01827732531504 106.19505295192751 216.78801 121.05137 -999.0 -999.0 -999.0 -999.0 -999.0 305.06001951738097 48.156840949110396 304.95179430285805 48.24808388144152 35.678931720281724 309.0559343285942 -999.0 6231.0 -999.0 -1 -999 {-999.0 -999.0 -999.0 -999.0 -999.0} "" -999.0 -999.0 -999.0 -999.0 -999 -999 "" "" "" "" 0 0 0.0 0.0 -999 ""
FIBERMAP 580 R+9C7 APOGEE 1 1 0 1 0 0 -65.84032153501354 193.44624859778958 143.1 -59.74809816753528 195.41724595647423 180.09526 38.678436 304.0859996527194 48.56308857173592 -2.6520326 -6.8509665 0.7169815 304.08598776730906 48.56306825233917 303.97448098588575 48.65237539382768 35.12423464337168 309.7003952291003 16000.0 16600.0 2016.0 2 29 {-999.0 11.033106 10.809465 10.742721 -999.0} sdss_psfmag_from_g3xp 11.035038 10.799618 10.403151 9.758 63050395015931215 974805550 "" ops_std_apogee ops_std standard_apogee 0 0 0.0 0.0 -999 ""
FIBERMAP 580 R+9C7 BOSS 0 0 0 1 0 0 -65.2694687469511 193.91509440283258 143.1 -59.1628268793109 195.86798343652484 180.09526 38.678436 -999.0 -999.0 -999.0 -999.0 -999.0 304.0895488899469 48.56509889343775 303.9784668451539 48.65447071400891 35.127237137359906 309.7022530550346 -999.0 5400.0 -999.0 1 118 {-999.0 -999.0 -999.0 -999.0 -999.0} "" -999.0 -999.0 -999.0 -999.0 -999 -999 "" "" "" "" 0 0 0.0 0.0 -999 ""
FIBERMAP 580 R+9C7 METROLOGY 0 0 0 1 0 0 -65.14721374389079 193.17785230021678 143.1 -59.06372881023681 195.12726105425068 180.09526 38.678436 -999.0 -999.0 -999.0 -999.0 -999.0 304.0903533721069 48.56177381988319 303.97916554150976 48.65113124401784 35.127013869569055 309.6981401935935 -999.0 6231.0 -999.0 -1 -999 {-999.0 -999.0 -999.0 -999.0 -999.0} "" -999.0 -999.0 -999.0 -999.0 -999 -999 "" "" "" "" 0 0 0.0 0.0 -999 ""
FIBERMAP 581 R-1C19 APOGEE 0 0 0 1 0 0 127.91727920004757 -2.851169565745547 143.1 127.76719451249879 -6.85765026341869 103.60078 82.48988 -999.0 -999.0 -999.0 -999.0 -999.0 305.35476772963057 47.64020394623955 305.248841294415 47.73205918068719 35.77184070825662 308.3844417982602 -999.0 16600.0 -999.0 2 -999 {-999.0 -999.0 -999.0 -999.0 -999.0} "" -999.0 -999.0 -999.0 -999.0 -999 -999 "" "" "" "" 0 0 0.0 0.0 -999 ""
FIBERMAP 581 R-1C19 BOSS 1 1 0 1 0 0 128.6675175644096 -2.761555313519177 143.1 128.51988430172992 -6.791584634516503 103.60078 82.48988 305.3590396757622 47.6399563674401 26.030584 148.039 15.156584 305.3595150654564 47.64039543873637 305.2540018944791 47.73231848486621 35.77529382531956 308.38390344821835 5400.0 5400.0 2016.0 1 296 {-999.0 16.114399 14.721176 13.451893 -999.0} sdss_psfmag_from_g3xp 15.572205 14.156292 12.990618 10.825 63050395015422060 1150990394 bright_1x1 mwm_snc_100pc_boss_single mwm_snc science 0 0 0.8751827478408813 0.0 -999 ""
FIBERMAP 581 R-1C19 METROLOGY 0 0 0 1 0 0 128.37305690590293 -3.441871405388051 143.1 128.20424820023845 -7.46235173346063 103.60078 82.48988 -999.0 -999.0 -999.0 -999.0 -999.0 305.35742340164114 47.63738298186545 305.2518076494661 47.729284066266146 35.77324351650093 308.3806003016626 -999.0 6231.0 -999.0 -1 -999 {-999.0 -999.0 -999.0 -999.0 -999.0} "" -999.0 -999.0 -999.0 -999.0 -999 -999 "" "" "" "" 0 0 0.0 0.0 -999 ""
FIBERMAP 587 R-10C13 APOGEE 0 0 0 1 0 0 89.53176899898415 -186.3687944932864 143.1 83.65004050440626 -189.08544082506816 17.384367 167.73279 -999.0 -999.0 -999.0 -999.0 -999.0 305.0430372688992 46.81590072286584 304.9402411065161 46.9073520379229 35.39746563931128 307.4449599212005 -999.0 16600.0 -999.0 2 -999 {-999.0 -999.0 -999.0 -999.0 -999.0} "" -999.0 -999.0 -999.0 -999.0 -999 -999 "" "" "" "" 0 0 0.0 0.0 -999 ""
FIBERMAP 587 R-10C13 BOSS 1 1 0 1 0 0 90.27318217032543 -186.28075024449888 143.1 84.3938601015818 -189.02066794778 17.384367 167.73279 305.0475797231639 46.81607444434266 1.5211781 -2.4630258 0.61711365 305.04758631589584 46.81606713921298 304.9452048018887 46.90758781577315 35.40082945706779 307.44435953547645 5400.0 5400.0 2016.0 1 396 {-999.0 16.779572 16.04194 15.780427 -999.0} sdss_psfmag_ps1 16.583286 16.111298 15.487148 14.344 63050395015346635 981828925 "" ops_std_boss_tic ops_std standard_boss 0 0 0.0 0.0 -999 ""
FIBERMAP 587 R-10C13 METROLOGY 0 0 0 1 0 0 89.97830146168086 -186.9665157830777 143.1 84.07763341034236 -189.6968687444755 17.384367 167.73279 -999.0 -999.0 -999.0 -999.0 -999.0 305.0455432121239 46.81305711155695 304.94305581817275 46.904557292920856 35.398751501101785 307.4411087325581 -999.0 6231.0 -999.0 -1 -999 {-999.0 -999.0 -999.0 -999.0 -999.0} "" -999.0 -999.0 -999.0 -999.0 -999 -999 "" "" "" "" 0 0 0.0 0.0 -999 ""
FIBERMAP 588 R+8C1 APOGEE 1 1 0 1 0 0 -210.9364293751245 141.04315010925686 143.1 -206.4171591293669 147.58510852667962 261.91327 89.34952 303.0880293359248 48.33846589452583 -5.400503 -5.6405497 0.60387117 303.0885370957938 48.338449165122626 302.97688903124254 48.42593294747784 34.43097408489218 309.5990037182586 16000.0 16600.0 2016.0 2 94 {-999.0 11.800918 10.028667 9.003012 -999.0} sdss_psfmag_from_g3xp 11.002125 9.667193 8.545584 5.83 63050395015991947 1151795980 bright_1x1 mwm_galactic_core_dist_apogee_sparse mwm_galactic science 0 0 1.2727444171905518 0.0 -999 ""
FIBERMAP 588 R+8C1 BOSS 0 0 0 1 0 0 -211.65515776889322 141.1823760704647 143.1 -207.1311840159388 147.74678717188883 261.91327 89.34952 -999.0 -999.0 -999.0 -999.0 -999.0 303.08325036824215 48.33905324484069 302.97203119550204 48.42659108066689 34.42796886177662 309.60062711162004 -999.0 5400.0 -999.0 1 81 {-999.0 -999.0 -999.0 -999.0 -999.0} "" -999.0 -999.0 -999.0 -999.0 -999 -999 "" "" "" "" 0 0 0.0 0.0 -999 ""
FIBERMAP 588 R+8C1 METROLOGY 0 0 0 1 0 0 -211.16569021746847 141.75304309196002 143.1 -206.62406910387102 148.3018474272503 261.91327 89.34952 -999.0 -999.0 -999.0 -999.0 -999.0 303.08676966065644 48.34161944675479 302.97541882771304 48.429145140733866 34.43071544550096 309.6030617257632 -999.0 6231.0 -999.0 -1 -999 {-999.0 -999.0 -999.0 -999.0 -999.0} "" -999.0 -999.0 -999.0 -999.0 -999 -999 "" "" "" "" 0 0 0.0 0.0 -999 ""
FIBERMAP 589 R-2C25 APOGEE 1 1 0 1 0 0 260.90559785743 -50.11069707345286 143.1 259.2116414342042 -58.26145009866853 239.39958 114.44819 306.2237885334168 47.39637067199909 -3.1422753 -4.377578 0.11944198 306.22377476563184 47.39635768846702 306.1199421288592 47.48986029751699 36.30032554462398 307.948561096385 16000.0 16600.0 2016.0 2 216 {-999.0 19.22793 16.739443 14.564256 -999.0} sdss_psfmag_ps1 17.997934 15.136127 13.681922 9.632 63050395015387691 1153345236 bright_1x1 mwm_galactic_core_dist_apogee_sparse mwm_galactic science 0 0 0.0 0.0 -999 ""
FIBERMAP 589 R-2C25 BOSS 0 0 0 1 0 0 260.17074962233556 -50.055910393689274 143.1 258.47885875652236 -58.18366557294746 239.39958 114.44819 -999.0 -999.0 -999.0 -999.0 -999.0 306.218574964856 47.39672498672741 306.11513742853333 47.49027141701037 36.297218808594906 307.94983704346885 -999.0 5400.0 -999.0 1 254 {-999.0 -999.0 -999.0 -999.0 -999.0} "" -999.0 -999.0 -999.0 -999.0 -999 -999 "" "" "" "" 0 0 0.0 0.0 -999 ""
FIBERMAP 589 R-2C25 METROLOGY 0 0 0 1 0 0 260.5982317695435 -49.4397022177138 143.1 258.9254445746551 -57.581143699469656 239.39958 114.44819 -999.0 -999.0 -999.0 -999.0 -999.0 306.22173867269635 47.399420260458456 306.11817946655134 47.492956762506886 36.29975272916014 307.9526157850277 -999.0 6231.0 -999.0 -1 -999 {-999.0 -999.0 -999.0 -999.0 -999.0} "" -999.0 -999.0 -999.0 -999.0 -999 -999 "" "" "" "" 0 0 0.0 0.0 -999 ""
FIBERMAP 592 R0C5 APOGEE 1 1 0 1 0 0 -219.2334731938331 8.025890163949988 143.1 -218.87788699877552 14.890982647518058 199.28488 63.051117 303.01564542785445 47.737049486837144 5.768912 1.3263032 4.033515 303.0156708691124 47.737053420539326 302.90664029157665 47.82452812001615 34.253026664311726 308.90093118485834 16000.0 16600.0 2016.0 2 243 {-999.0 6.675042 7.0576873 7.3047047 -999.0} sdss_psfmag_from_g3xp 6.827423 6.8962283 6.9936996 7.167 63050395015947168 974805552 "" ops_std_apogee ops_std standard_apogee 0 0 0.0 0.0 -999 ""
FIBERMAP 592 R0C5 BOSS 0 0 0 1 0 0 -219.15553964853638 8.761979813105947 143.1 -218.77692770564573 15.624280924619228 199.28488 63.051117 -999.0 -999.0 -999.0 -999.0 -999.0 303.01577129203537 47.74032273867398 302.9071617918363 47.82786311950127 34.254113653597216 308.9047691277972 -999.0 5400.0 -999.0 1 495 {-999.0 -999.0 -999.0 -999.0 -999.0} "" -999.0 -999.0 -999.0 -999.0 -999 -999 "" "" "" "" 0 0 0.0 0.0 -999 ""
FIBERMAP 592 R0C5 METROLOGY 0 0 0 1 0 0 -218.5385141658457 8.352174518434232 143.1 -218.17303507206668 15.195337956118193 199.28488 63.051117 -999.0 -999.0 -999.0 -999.0 -999.0 303.01998344184085 47.73844221923942 302.9112637190081 47.82597195857101 34.25637508458326 308.9017941131687 -999.0 6231.0 -999.0 -1 -999 {-999.0 -999.0 -999.0 -999.0 -999.0} "" -999.0 -999.0 -999.0 -999.0 -999 -999 "" "" "" "" 0 0 0.0 0.0 -999 ""
FIBERMAP 594 R+1C22 APOGEE 1 1 0 1 0 0 171.79914240333417 16.829553673197307 143.1 172.24484209196913 11.438843011236708 228.90309 70.04712 305.6558398247225 47.72017674623588 -1.9280785 -2.1386092 0.020388562 305.65583132453276 47.72017040329881 305.5499273280542 47.81256380035075 35.986085246990186 308.432671022823 16000.0 16600.0 2016.0 2 86 {-999.0 18.625416 16.103876 13.989531 -999.0} sdss_psfmag_ps1 17.369062 14.5911 13.148477 9.188 63050395015424231 1153345337 bright_1x1 mwm_galactic_core_dist_apogee_sparse mwm_galactic science 0 0 0.0 0.0 -999 ""
FIBERMAP 594 R+1C22 BOSS 0 0 0 1 0 0 171.46427682545212 17.484865511298427 143.1 171.9306674313029 12.104335440445055 228.90309 70.04712 -999.0 -999.0 -999.0 -999.0 -999.0 305.6534744745672 47.723168241152266 305.54796474761315 47.81561135472811 35.98538616872685 308.4366824277367 -999.0 5400.0 -999.0 1 235 {-999.0 -999.0 -999.0 -999.0 -999.0} "" -999.0 -999.0 -999.0 -999.0 -999 -999 "" "" "" "" 0 0 0.0 0.0 -999 ""
FIBERMAP 594 R+1C22 METROLOGY 0 0 0 1 0 0 172.20410381931393 17.46430954518551 143.1 172.66949900128813 12.06060937897387 228.90309 70.04712 -999.0 -999.0 -999.0 -999.0 -999.0 305.6585305685543 47.72292351981353 305.55291183722295 47.8153604775168 35.988595782154036 308.4355787804957 -999.0 6231.0 -999.0 -1 -999 {-999.0 -999.0 -999.0 -999.0 -999.0} "" -999.0 -999.0 -999.0 -999.0 -999 -999 "" "" "" "" 0 0 0.0 0.0 -999 ""
FIBERMAP 597 R+1C2 APOGEE 0 0 0 1 0 0 -243.88436518322322 27.707629842478784 143.1 -242.90041362800648 35.33572300888867 54.48644 92.394714 -999.0 -999.0 -999.0 -999.0 -999.0 302.8532759294325 47.82767463801315 302.7436663416922 47.91482344493523 34.16670398570594 309.0369545949822 -999.0 16600.0 -999.0 2 -999 {-999.0 -999.0 -999.0 -999.0 -999.0} "" -999.0 -999.0 -999.0 -999.0 -999 -999 "" "" "" "" 0 0 0.0 0.0 -999 ""
FIBERMAP 597 R+1C2 BOSS 1 1 0 1 0 0 -243.2381444710142 27.292524544815645 143.1 -242.26750568779292 34.900567825491635 54.48644 92.394714 302.8563660738357 47.82630312983752 28.63255 -204.73576 15.382643 302.8570700793061 47.82569590053869 302.7479058175223 47.91292237803929 34.169046480025486 309.0339450251563 5400.0 5400.0 2016.0 1 11 {-999.0 13.853654 12.515699 11.810857 -999.0} sdss_psfmag_from_g3xp 13.322453 12.3883705 11.428129 9.586 63050395015949779 1150991462 bright_1x1 mwm_snc_100pc_boss_single mwm_snc science 0 0 1.3958450555801392 0.0 -999 ""
FIBERMAP 597 R+1C2 METROLOGY 0 0 0 1 0 0 -243.91806509071725 26.96229347764296 143.1 -242.9574500048631 34.59179650341065 54.48644 92.394714 -999.0 -999.0 -999.0 -999.0 -999.0 302.8526373862982 47.82425643433511 302.7433551883064 47.911453049491 34.165744465084 309.0330416094063 -999.0 6231.0 -999.0 -1 -999 {-999.0 -999.0 -999.0 -999.0 -999.0} "" -999.0 -999.0 -999.0 -999.0 -999 -999 "" "" "" "" 0 0 0.0 0.0 -999 ""
FIBERMAP 598 R+11C9 APOGEE 1 1 0 1 0 0 11.334800681571739 191.24157179584626 143.1 17.321294543499395 190.79560716195078 345.59116 20.096897 304.61456518855306 48.54224575832698 -5.360967 -7.6805496 0.35545602 304.61454117261553 48.542222978453744 304.5037657718738 48.63251937793349 35.46297824303503 309.5911107086097 16000.0 16600.0 2016.0 2 21 {-999.0 15.455786 13.683522 12.8318 -999.0} sdss_psfmag_from_g3xp 14.648324 13.441146 12.365373 9.714 63050395015926991 1151796072 bright_1x1 mwm_galactic_core_dist_apogee_sparse mwm_galactic science 0 0 0.0 0.0 -999 ""
FIBERMAP 598 R+11C9 BOSS 0 0 0 1 0 0 10.604589751342653 191.1678235011312 143.1 16.58911978009477 190.74477246642977 345.59116 20.096897 -999.0 -999.0 -999.0 -999.0 -999.0 304.609100377064 48.542007406261106 304.4987439324759 48.632349941918356 35.4596908712468 309.59170776844263 -999.0 5400.0 -999.0 1 110 {-999.0 -999.0 -999.0 -999.0 -999.0} "" -999.0 -999.0 -999.0 -999.0 -999 -999 "" "" "" "" 0 0 0.0 0.0 -999 ""
FIBERMAP 598 R+11C9 METROLOGY 0 0 0 1 0 0 10.899712101145541 191.84986506959916 143.1 16.905471320314273 191.41724349071737 345.59116 20.096897 -999.0 -999.0 -999.0 -999.0 -999.0 304.6114067009053 48.54503601162962 304.5009191901984 48.63536624131323 35.461693342178684 309.5949917355116 -999.0 6231.0 -999.0 -1 -999 {-999.0 -999.0 -999.0 -999.0 -999.0} "" -999.0 -999.0 -999.0 -999.0 -999 -999 "" "" "" "" 0 0 0.0 0.0 -999 ""
FIBERMAP 599 R+2C11 APOGEE 1 1 0 1 0 0 -38.6549571095427 32.98820794636712 143.1 -37.603029570215554 34.183656594025535 266.03873 157.38426 304.23685869063405 47.83218861273487 -4.2710686 -13.430746 3.744155 304.2373300049966 47.83214877825863 304.1292509347658 47.92189204550714 35.07475124764238 308.800751839697 16000.0 16600.0 2016.0 2 142 {-999.0 8.594046 7.922352 7.6756907 -999.0} sdss_psfmag_from_g3xp 8.420881 7.960952 7.3360133 6.125 63050395015904359 1076200373 bright_1x1 mwm_snc_ext_main_apogee mwm_snc science 0 0 1.1846266984939575 0.0 -999 ""
FIBERMAP 599 R+2C11 BOSS 0 0 0 1 0 0 -38.98314499045023 32.32269903992436 143.1 -37.951912944901146 33.52874637098834 266.03873 157.38426 -999.0 -999.0 -999.0 -999.0 -999.0 304.2345074974283 47.82912419878278 304.12686294324334 47.91892289071669 35.072565303494216 308.79761314600705 -999.0 5400.0 -999.0 1 23 {-999.0 -999.0 -999.0 -999.0 -999.0} "" -999.0 -999.0 -999.0 -999.0 -999 -999 "" "" "" "" 0 0 0.0 0.0 -999 ""
FIBERMAP 599 R+2C11 METROLOGY 0 0 0 1 0 0 -39.40357823703161 32.94028197998652 143.1 -38.352796735898195 34.15920878102974 266.03873 157.38426 -999.0 -999.0 -999.0 -999.0 -999.0 304.23191188057376 47.832007763370484 304.12413166414603 47.92178380213219 35.07137388678283 308.8014992660231 -999.0 6231.0 -999.0 -1 -999 {-999.0 -999.0 -999.0 -999.0 -999.0} "" -999.0 -999.0 -999.0 -999.0 -999 -999 "" "" "" "" 0 0 0.0 0.0 -999 ""
FIBERMAP 600 R+1C17 APOGEE 0 0 0 1 0 0 68.47885362541066 15.041659016312053 143.1 68.9176071934212 12.888972773728225 182.05621 135.76013 -999.0 -999.0 -999.0 -999.0 -999.0 304.9589786100246 47.733129646043906 304.85217838900434 47.82423384545614 35.5292066691653 308.56140679461174 -999.0 16600.0 -999.0 2 -999 {-999.0 -999.0 -999.0 -999.0 -999.0} "" -999.0 -999.0 -999.0 -999.0 -999 -999 "" "" "" "" 0 0 0.0 0.0 -999 ""
FIBERMAP 600 R+1C17 BOSS 1 1 0 1 0 0 67.8842630629109 15.539510568727167 143.1 68.33889744234199 13.405217264281948 182.05621 135.76013 304.95428415033774 47.73546175681072 -1.5897362 -2.6599185 0.28990966 304.9547309597268 47.73545386771355 304.8483320442983 47.82660753772459 35.5271579496251 308.56490524094414 5400.0 5400.0 2016.0 1 191 {-999.0 15.262022 13.610941 12.856934 -999.0} sdss_psfmag_from_g3xp 14.536371 13.435801 12.405336 9.914 63050395015872736 996741230 bright_1x1 mwm_bin_gaia_sb_boss mwm_bin science 0 0 1.0987874269485474 0.0 -999 ""
FIBERMAP 600 R+1C17 METROLOGY 0 0 0 1 0 0 68.61637076955135 15.774974102464785 143.1 69.078034855491 13.617630964569791 182.05621 135.76013 -999.0 -999.0 -999.0 -999.0 -999.0 304.95985409684465 47.736406103609276 304.85333912240054 47.82755262069961 35.530641286541716 308.5652067906947 -999.0 6231.0 -999.0 -1 -999 {-999.0 -999.0 -999.0 -999.0 -999.0} "" -999.0 -999.0 -999.0 -999.0 -999 -999 "" "" "" "" 0 0 0.0 0.0 -999 ""
FIBERMAP 604 R+7C14 APOGEE 1 1 0 1 0 0 77.63920553630861 153.43173406555786 143.1 82.40957126297522 150.92631327598147 124.790016 78.74334 305.05862932036587 48.35957889209214 -1.9227448 -4.6476645 0.40529433 305.0586207378264 48.35956510750572 304.94920171913503 48.45072345194148 35.71674456253386 309.301084562369 16000.0 16600.0 2016.0 2 43 {-999.0 14.060295 12.2968 11.474384 -999.0} sdss_psfmag_from_g3xp 13.257062 12.078106 11.016914 8.479 63050395015901321 1151795929 bright_1x1 mwm_galactic_core_dist_apogee_sparse mwm_galactic science 0 0 0.0 0.0 -999 ""
FIBERMAP 604 R+7C14 BOSS 0 0 0 1 0 0 78.31814856932513 153.70180655544794 143.1 83.09665360172885 151.174985221878 124.790016 78.74334 -999.0 -999.0 -999.0 -999.0 -999.0 305.06294953534655 48.36064549257437 304.9539504295787 48.451866452337285 35.720055966227065 309.3017142810909 -999.0 5400.0 -999.0 1 160 {-999.0 -999.0 -999.0 -999.0 -999.0} "" -999.0 -999.0 -999.0 -999.0 -999 -999 "" "" "" "" 0 0 0.0 0.0 -999 ""
FIBERMAP 604 R+7C14 METROLOGY 0 0 0 1 0 0 78.22741212932534 152.9616664135612 143.1 82.98277058669619 150.43803950915395 124.790016 78.74334 -999.0 -999.0 -999.0 -999.0 -999.0 305.06224336932024 48.357324990627006 304.95313922473673 48.44852978683854 35.71888182618828 309.2978106959236 -999.0 6231.0 -999.0 -1 -999 {-999.0 -999.0 -999.0 -999.0 -999.0} "" -999.0 -999.0 -999.0 -999.0 -999 -999 "" "" "" "" 0 0 0.0 0.0 -999 ""
FIBERMAP 605 R+13C13 APOGEE 1 1 0 1 0 0 127.63066431581525 269.4971290969949 143.1 136.01378499089313 265.37027860271564 111.058685 75.311584 305.43096332071957 48.868770193255365 -1.568613 -3.1726902 0.26355392 305.43095624793955 48.8687607833203 305.31974074346357 48.960501736134994 36.053001108700904 309.86209997936453 16000.0 16600.0 2016.0 2 103 {-999.0 15.307405 13.453753 12.541054 -999.0} sdss_psfmag_from_g3xp 14.445318 13.162248 12.058078 9.206 63050395016101279 1151796210 bright_1x1 mwm_galactic_core_dist_apogee_sparse mwm_galactic science 0 0 0.0 0.0 -999 ""
FIBERMAP 605 R+13C13 BOSS 0 0 0 1 0 0 128.3678236091396 269.54684769008867 143.1 136.7521519317349 265.39687730700336 111.058685 75.311584 -999.0 -999.0 -999.0 -999.0 -999.0 305.4355643310169 48.86872633941219 305.32477414167886 48.96052707299002 36.05625462804031 309.86138149830384 -999.0 5400.0 -999.0 1 91 {-999.0 -999.0 -999.0 -999.0 -999.0} "" -999.0 -999.0 -999.0 -999.0 -999 -999 "" "" "" "" 0 0 0.0 0.0 -999 ""
FIBERMAP 605 R+13C13 METROLOGY 0 0 0 1 0 0 128.05069294114384 268.87540618544233 143.1 136.41413464146711 264.7356908648071 111.058685 75.311584 -999.0 -999.0 -999.0 -999.0 -999.0 305.4333447992208 48.86584179838742 305.3224458662153 48.957624505058114 36.05421975329518 309.8581986471781 -999.0 6231.0 -999.0 -1 -999 {-999.0 -999.0 -999.0 -999.0 -999.0} "" -999.0 -999.0 -999.0 -999.0 -999 -999 "" "" "" "" 0 0 0.0 0.0 -999 ""
FIBERMAP 610 R-4C21 APOGEE 0 0 0 1 0 0 181.8519860342147 -74.02823749207874 143.1 179.44620414412404 -79.690766148273 220.92978 54.99896 -999.0 -999.0 -999.0 -999.0 -999.0 305.6920949068789 47.30595462778629 305.58799646132576 47.39850070530268 35.92963998010718 307.9249176522665 -999.0 16600.0 -999.0 2 232 {-999.0 -999.0 -999.0 -999.0 -999.0} "" -999.0 -999.0 -999.0 -999.0 -999 -999 "" "" "" "" 0 0 0.0 0.0 -999 ""
FIBERMAP 610 R-4C21 BOSS 1 1 0 1 0 0 181.77513547269925 -73.28541818810724 143.1 179.39266369393218 -78.9458918008406 220.92978 54.99896 305.68979030908923 47.308647428767905 227.07831 204.46252 21.505116 305.6915109849757 47.3092538433017 305.5877997952944 47.401858200652576 35.930178919232596 307.9290135982885 5400.0 5400.0 2016.0 1 279 {-999.0 12.653981 11.314729 10.736101 -999.0} sdss_psfmag_from_g3xp 12.11791 11.270322 10.367604 8.612 63050395015391251 1151008218 bright_1x1 mwm_snc_100pc_boss_single mwm_snc science 0 0 1.7755165100097656 0.0 -999 ""
FIBERMAP 610 R-4C21 METROLOGY 0 0 0 1 0 0 182.4687715157917 -73.6112987937565 143.1 180.07575998513602 -79.29335026028774 220.92978 54.99896 -999.0 -999.0 -999.0 -999.0 -999.0 305.69610217133095 47.30765560273735 305.5922931651511 47.40024887476255 35.93283849333965 307.92631719093987 -999.0 6231.0 -999.0 -1 -999 {-999.0 -999.0 -999.0 -999.0 -999.0} "" -999.0 -999.0 -999.0 -999.0 -999 -999 "" "" "" "" 0 0 0.0 0.0 -999 ""
FIBERMAP 613 R0C25 APOGEE 1 1 0 1 0 0 266.8348851001353 7.298449953694501 143.1 266.9368248743573 -1.0653423448069108 91.111305 25.755173 306.2852253506824 47.65414146891026 -2.5104866 -10.884536 0.5820903 306.28521429687856 47.654109186282774 306.1803701662723 47.747670984033114 36.389432297126724 308.25313990147555 16000.0 16600.0 2016.0 2 35 {-999.0 16.389944 15.268148 14.835714 -999.0} sdss_psfmag_ps1 15.86015 15.100501 14.242124 12.42 63050395015622978 1034717678 bright_1x1 mwm_yso_variable_apogee_single mwm_yso science 0 0 0.0 0.0 -999 ""
FIBERMAP 613 R0C25 BOSS 0 0 0 1 0 0 267.17160735595945 6.63392456427602 143.1 267.25256665715517 -1.7401021218495811 91.111305 25.755173 -999.0 -999.0 -999.0 -999.0 -999.0 306.2867881619524 47.65097036301665 306.18236337135505 47.74458775625108 36.39016702880603 308.2490645140375 -999.0 5400.0 -999.0 1 172 {-999.0 -999.0 -999.0 -999.0 -999.0} "" -999.0 -999.0 -999.0 -999.0 -999 -999 "" "" "" "" 0 0 0.0 0.0 -999 ""
FIBERMAP 613 R0C25 METROLOGY 0 0 0 1 0 0 266.4221128069589 6.669588531442169 143.1 266.5045454792648 -1.6809723361649904 91.111305 25.755173 -999.0 -999.0 -999.0 -999.0 -999.0 306.28196604667255 47.65133829904302 306.17741921276803 47.74493202519145 36.38696703965071 308.2502635641005 -999.0 6231.0 -999.0 -1 -999 {-999.0 -999.0 -999.0 -999.0 -999.0} "" -999.0 -999.0 -999.0 -999.0 -999 -999 "" "" "" "" 0 0 0.0 0.0 -999 ""
FIBERMAP 614 R+1C11 APOGEE 0 0 0 1 0 0 -57.91434101199455 6.238728020247288 143.1 -57.69136656979687 8.05030571506776 262.3541 117.41531 -999.0 -999.0 -999.0 -999.0 -999.0 304.10137385553486 47.712976891189484 303.9936614462326 47.80249093451834 34.96067881884502 308.68161771843165 -999.0 16600.0 -999.0 2 134 {-999.0 -999.0 -999.0 -999.0 -999.0} "" -999.0 -999.0 -999.0 -999.0 -999 -999 "" "" "" "" 0 0 0.0 0.0 -999 ""
FIBERMAP 614 R+1C11 BOSS 1 1 0 1 0 0 -58.61493425919568 5.984112593237659 143.1 -58.39960454780819 7.817761823604157 262.3541 117.41531 304.0956278738509 47.711861336486415 -5.829216 -2.8429227 1.3503078 304.0961127169502 47.71185290461155 303.98882308279303 47.801419442971344 34.95727556653018 308.68118093156914 5400.0 5400.0 2016.0 1 31 {-999.0 12.88459 12.436122 12.285246 -999.0} sdss_psfmag_from_g3xp 12.794273 12.457879 11.950757 11.087 63050395015853574 996741222 bright_1x1 mwm_bin_gaia_sb_boss mwm_bin science 0 0 1.2366726398468018 0.0 -999 ""
FIBERMAP 614 R+1C11 METROLOGY 0 0 0 1 0 0 -58.48803930984691 6.730284677765383 143.1 -58.24939120709306 8.55960371533041 262.3541 117.41531 -999.0 -999.0 -999.0 -999.0 -999.0 304.097247710566 47.71525054112411 303.98982460243565 47.80480070393332 34.958650032260145 308.6850386755549 -999.0 6231.0 -999.0 -1 -999 {-999.0 -999.0 -999.0 -999.0 -999.0} "" -999.0 -999.0 -999.0 -999.0 -999 -999 "" "" "" "" 0 0 0.0 0.0 -999 ""
FIBERMAP 615 R-10C5 APOGEE 0 0 0 1 0 0 -82.07955281697781 -191.61769726349755 143.1 -88.04423152871297 -188.95501777269584 317.61255 162.30708 -999.0 -999.0 -999.0 -999.0 -999.0 303.9042848169413 46.818526099064904 303.8002136210232 46.90786075886484 34.637538464920894 307.65323033645967 -999.0 16600.0 -999.0 2 -999 {-999.0 -999.0 -999.0 -999.0 -999.0} "" -999.0 -999.0 -999.0 -999.0 -999 -999 "" "" "" "" 0 0 0.0 0.0 -999 ""
FIBERMAP 615 R-10C5 BOSS 1 1 0 1 0 0 -81.68688190215165 -192.24779072175824 143.1 -87.67148885672556 -189.59711492482853 317.61255 162.30708 303.90634589286327 46.815546866518886 -1.6917652 -5.8316636 0.42583203 303.9063385608864 46.81552957028991 303.8027030698437 46.90493498734547 34.63853914030391 307.64930106909515 5400.0 5400.0 2016.0 1 348 {-999.0 17.960238 16.922718 16.39166 -999.0} sdss_psfmag_ps1 17.549131 16.83785 15.982758 14.257 63050395015795790 980252302 "" ops_std_boss_red ops_std standard_boss 0 0 0.0 0.0 -999 ""
FIBERMAP 615 R-10C5 METROLOGY 0 0 0 1 0 0 -82.43778698879254 -192.27216671171954 143.1 -88.42280104171697 -189.59795238652652 317.61255 162.30708 -999.0 -999.0 -999.0 -999.0 -999.0 303.9014883944849 46.815548233382685 303.79772842076744 46.904925767473884 34.635225112890446 307.6502173895758 -999.0 6231.0 -999.0 -1 -999 {-999.0 -999.0 -999.0 -999.0 -999.0} "" -999.0 -999.0 -999.0 -999.0 -999 -999 "" "" "" "" 0 0 0.0 0.0 -999 ""
FIBERMAP 619 R+7C12 APOGEE 1 0 0 1 1 0 43.74053966783852 136.79880377874275 143.1 48.00587136718156 135.36337729979888 343.94174 137.16968 304.6144052671816 48.267442363051074 -1.7448527 -4.164752 0.27402052 304.8228223429622 48.29073674602911 304.71341912662706 48.38147232477063 35.54973418372619 309.2551606917622 16000.0 16600.0 2016.0 2 6 {-999.0 15.275983 13.465493 12.615066 -999.0} sdss_psfmag_from_g3xp 14.441063 13.225886 12.146928 9.454 63050395015921461 1151796047 bright_1x1 mwm_galactic_core_dist_apogee_sparse mwm_galactic science 0 0 0.0 0.0 -999 ""
FIBERMAP 619 R+7C12 BOSS 0 0 0 1 1 0 44.111962214119636 136.16236485260282 143.1 48.35717694962389 134.71560343588433 343.94174 137.16968 -999.0 -999.0 -999.0 -999.0 -999.0 304.82480552398414 48.287786172324374 304.7158387734907 48.378582300137644 35.55073976698438 309.25128878404325 -999.0 5400.0 -999.0 1 138 {-999.0 -999.0 -999.0 -999.0 -999.0} "" -999.0 -999.0 -999.0 -999.0 -999 -999 "" "" "" "" 0 0 0.0 0.0 -999 ""
FIBERMAP 619 R+7C12 METROLOGY 0 0 0 1 1 0 43.36099030294658 136.14970478181283 143.1 47.6061650486657 134.72647842267642 343.94174 137.16968 -999.0 -999.0 -999.0 -999.0 -999.0 304.81978716792145 48.28786940976891 304.7106946754715 48.37864028396627 35.54740159170322 309.2521869716201 -999.0 6231.0 -999.0 -1 -999 {-999.0 -999.0 -999.0 -999.0 -999.0} "" -999.0 -999.0 -999.0 -999.0 -999 -999 "" "" "" "" 0 0 0.0 0.0 -999 ""
FIBERMAP 623 R+6C11 APOGEE 0 0 0 1 0 0 8.636612306698707 121.08141348394658 143.1 12.426167611624553 120.753309086166 0.8808126 141.00462 -999.0 -999.0 -999.0 -999.0 -999.0 304.57920725222726 48.225491890096976 304.4697986726136 48.315788621917946 35.377993417461546 309.21567980165634 -999.0 16600.0 -999.0 2 -999 {-999.0 -999.0 -999.0 -999.0 -999.0} "" -999.0 -999.0 -999.0 -999.0 -999 -999 "" "" "" "" 0 0 0.0 0.0 -999 ""
FIBERMAP 623 R+6C11 BOSS 1 1 0 1 0 0 9.248675395508606 120.61882819021015 143.1 13.023446533860566 120.27176666511451 0.8808126 141.00462 304.58286804752436 48.223291115931254 -1.3993455 0.26959416 -0.14289962 304.5828618179246 48.22329191552493 304.47389022836614 48.3136535076889 35.380230519955205 309.21244459954573 5400.0 5400.0 2016.0 1 136 {-999.0 15.719629 15.053104 14.755561 -999.0} sdss_psfmag_ps1 15.356633 15.297392 14.215273 13.035 63050395015920584 1093632388 bright_1x1 mwm_astar_core_boss_single mwm_ob science 0 0 0.0 0.0 -999 ""
FIBERMAP 623 R+6C11 METROLOGY 0 0 0 1 0 0 8.55752905866839 120.33951873373414 143.1 12.323877279525172 120.01424448696191 0.8808126 141.00462 -999.0 -999.0 -999.0 -999.0 -999.0 304.57819362783374 48.222143053358494 304.4691016729054 48.31247990018737 35.37687512754005 309.2118185155188 -999.0 6231.0 -999.0 -1 -999 {-999.0 -999.0 -999.0 -999.0 -999.0} "" -999.0 -999.0 -999.0 -999.0 -999 -999 "" "" "" "" 0 0 0.0 0.0 -999 ""
FIBERMAP 624 R-5C1 APOGEE 0 0 0 1 0 0 -251.24651327823688 -105.54845657072087 143.1 -254.434172577106 -97.62640755520891 241.72 77.41372 -999.0 -999.0 -999.0 -999.0 -999.0 302.79508209251446 47.22537680703602 302.68807428806696 47.3125442768688 33.99286743381313 308.3392681059854 -999.0 16600.0 -999.0 2 241 {-999.0 -999.0 -999.0 -999.0 -999.0} "" -999.0 -999.0 -999.0 -999.0 -999 -999 "" "" "" "" 0 0 0.0 0.0 -999 ""
FIBERMAP 624 R-5C1 BOSS 1 1 0 1 0 0 -251.82609841773132 -105.08405523971719 143.1 -254.99893207609912 -97.14406754090362 241.72 77.41372 302.79015843970035 47.22746112318449 -2.309828 -3.9859548 0.39638922 302.79086350820353 47.227449301174076 302.68427580236215 47.314678481513994 33.99085670536305 308.3424918728277 5400.0 5400.0 2016.0 1 498 {-999.0 11.049237 10.848792 10.794444 -999.0} sdss_psfmag_from_g3xp 11.049156 10.830381 10.434401 9.789 63050395015060427 1068575117 bright_1x1 mwm_ob_core_boss_single mwm_ob science 0 0 1.7483594417572021 0.0 -999 ""
FIBERMAP 624 R-5C1 METROLOGY 0 0 0 1 0 0 -251.14365975861062 -104.8027010386983 143.1 -254.30800229900714 -96.88422876510748 241.72 77.41372 -999.0 -999.0 -999.0 -999.0 -999.0 302.79548058111163 47.22868296251153 302.68876943521735 47.315900644323456 33.99410353805629 308.34307445271673 -999.0 6231.0 -999.0 -1 -999 {-999.0 -999.0 -999.0 -999.0 -999.0} "" -999.0 -999.0 -999.0 -999.0 -999 -999 "" "" "" "" 0 0 0.0 0.0 -999 ""
FIBERMAP 627 R+5C4 APOGEE 0 0 0 1 0 0 -188.83772774774118 97.73060988048928 143.1 -185.68599814888213 103.60075473795874 232.2975 49.297924 -999.0 -999.0 -999.0 -999.0 -999.0 303.2311499061978 48.14166910487395 303.12055047757417 48.22946272830803 34.48172238579804 309.34131191223736 -999.0 16600.0 -999.0 2 -999 {-999.0 -999.0 -999.0 -999.0 -999.0} "" -999.0 -999.0 -999.0 -999.0 -999 -999 "" "" "" "" 0 0 0.0 0.0 -999 ""
FIBERMAP 627 R+5C4 BOSS 1 1 0 1 0 0 -189.0055405152751 98.46766602231213 143.1 -185.83063817152112 104.34271863893751 232.2975 49.297924 303.22965115341384 48.14498669692883 -3.9471111 -4.6229644 0.43427563 303.2296336085117 48.14497298560003 303.1194524658423 48.23282742429819 34.48173730334111 309.3454890619553 5400.0 5400.0 2016.0 1 37 {-999.0 16.945559 15.656316 15.084609 -999.0} sdss_psfmag_ps1 16.410511 15.506875 14.561213 12.337 63050395015965499 1034764165 bright_1x1 mwm_yso_variable_boss_single mwm_yso science 0 0 0.0 0.0 -999 ""
FIBERMAP 627 R+5C4 METROLOGY 0 0 0 1 0 0 -188.2902560637162 98.23749915410104 143.1 -185.1229049026771 104.09025018218264 232.2975 49.297924 -999.0 -999.0 -999.0 -999.0 -999.0 303.23456147137335 48.143900722110835 303.12426745584065 48.23174634327292 34.484634316287064 309.34336576490625 -999.0 6231.0 -999.0 -1 -999 {-999.0 -999.0 -999.0 -999.0 -999.0} "" -999.0 -999.0 -999.0 -999.0 -999 -999 "" "" "" "" 0 0 0.0 0.0 -999 ""
FIBERMAP 630 R+11C4 APOGEE 0 0 0 1 0 0 -103.78354976236295 205.98264978755032 143.1 -97.28052180717026 209.13650972843595 175.71608 169.49922 -999.0 -999.0 -999.0 -999.0 -999.0 303.828825612535 48.6234694463194 303.71674026032906 48.71228292289377 34.96980505768599 309.8143130544804 -999.0 16600.0 -999.0 2 26 {-999.0 -999.0 -999.0 -999.0 -999.0} "" -999.0 -999.0 -999.0 -999.0 -999 -999 "" "" "" "" 0 0 0.0 0.0 -999 ""
FIBERMAP 630 R+11C4 BOSS 1 1 0 1 0 0 -104.49865731884357 206.18572107073885 143.1 -97.98892720913081 209.36188992664012 175.71608 169.49922 303.82304239170753 48.624420919549685 -1.1481762 -0.082481265 0.81439805 303.82352039797024 48.624420674917005 303.71185665444705 48.71328377050378 34.966855392754475 309.81631268239573 5400.0 5400.0 2016.0 1 145 {-999.0 13.520388 12.86207 12.590403 -999.0} sdss_psfmag_from_g3xp 13.342573 12.877955 12.24064 11.144 63050395016014312 996741242 bright_1x1 mwm_bin_gaia_sb_boss mwm_bin science 0 0 1.1497094631195068 0.0 -999 ""
FIBERMAP 630 R+11C4 METROLOGY 0 0 0 1 0 0 -103.98088358618993 206.7086756090148 143.1 -97.45501446130696 209.86837348555798 175.71608 169.49922 -999.0 -999.0 -999.0 -999.0 -999.0 303.8272974465479 48.62672970678459 303.7155053180514 48.7155823312896 34.969681997224995 309.81845765001003 -999.0 6231.0 -999.0 -1 -999 {-999.0 -999.0 -999.0 -999.0 -999.0} "" -999.0 -999.0 -999.0 -999.0 -999 -999 "" "" "" "" 0 0 0.0 0.0 -999 ""
FIBERMAP 631 R-5C16 APOGEE 1 0 0 1 1 0 100.52943312091915 -83.27963220001956 143.1 97.87241510714681 -86.38981283514228 97.815506 110.66498 304.99441734224587 47.22453334251554 -2.0888789 -17.792387 1.6968201 305.14672091548937 47.28014768558757 305.04208513641345 47.371693706333595 35.56225308938745 307.98481102999625 16000.0 16600.0 2016.0 2 202 {-999.0 10.664434 9.738697 9.384342 -999.0} sdss_psfmag_from_g3xp 10.371037 9.767012 9.027751 7.521 63050395015408671 1107300044 bright_1x1 mwm_tess_rgb_apogee mwm_tessrgb science 0 0 0.0 0.0 -999 ""
FIBERMAP 631 R-5C16 BOSS 0 0 0 1 1 0 101.18018230514811 -82.91537624573334 143.1 98.53426789282169 -86.04611880222167 97.815506 110.66498 -999.0 -999.0 -999.0 -999.0 -999.0 305.1508316478582 47.281584905711085 305.0466065437243 47.37319683914612 35.5655587809932 307.98584529365587 -999.0 5400.0 -999.0 1 304 {-999.0 -999.0 -999.0 -999.0 -999.0} "" -999.0 -999.0 -999.0 -999.0 -999 -999 "" "" "" "" 0 0 0.0 0.0 -999 ""
FIBERMAP 631 R-5C16 METROLOGY 0 0 0 1 1 0 101.17627113693808 -83.65567657912725 143.1 98.50716389350917 -86.7859449927135 97.815506 110.66498 -999.0 -999.0 -999.0 -999.0 -999.0 305.1506906779313 47.27824890271826 305.0463628269657 47.36984467024843 35.564707962278206 307.98185417330313 -999.0 6231.0 -999.0 -1 -999 {-999.0 -999.0 -999.0 -999.0 -999.0} "" -999.0 -999.0 -999.0 -999.0 -999 -999 "" "" "" "" 0 0 0.0 0.0 -999 ""
FIBERMAP 635 R+9C12 APOGEE 1 1 0 1 0 0 46.42883792557227 169.622570145896 143.1 51.72130928909598 168.08732595250297 186.10733 136.27596 304.84955703696994 48.438659631763315 -1.7701465 -3.0243905 0.09214894 304.84954912328874 48.43865066167274 304.7395229196798 48.529405031933436 35.595730683515114 309.42932577973784 16000.0 16600.0 2016.0 2 25 {-999.0 16.739405 14.684348 13.598205 -999.0} sdss_psfmag_from_g3xp 15.733764 14.257584 13.08709 9.976 63050395015903716 1151795945 bright_1x1 mwm_galactic_core_dist_apogee_sparse mwm_galactic science 0 0 0.0 0.0 -999 ""
FIBERMAP 635 R+9C12 BOSS 0 0 0 1 0 0 45.83539066477229 170.07395387214183 143.1 51.14228639197718 168.55708886513708 186.10733 136.27596 -999.0 -999.0 -999.0 -999.0 -999.0 304.8452071208403 48.44079512925271 304.73558782401125 48.53159656223629 35.59360260313017 309.4325944421372 -999.0 5400.0 -999.0 1 140 {-999.0 -999.0 -999.0 -999.0 -999.0} "" -999.0 -999.0 -999.0 -999.0 -999 -999 "" "" "" "" 0 0 0.0 0.0 -999 ""
FIBERMAP 635 R+9C12 METROLOGY 0 0 0 1 0 0 46.51922465637489 170.3666512437697 143.1 51.83496623691967 168.82822170638434 186.10733 136.27596 -999.0 -999.0 -999.0 -999.0 -999.0 304.85007494911736 48.441996308728214 304.7403367219747 48.53279075209414 35.59691988916526 309.4332801978194 -999.0 6231.0 -999.0 -1 -999 {-999.0 -999.0 -999.0 -999.0 -999.0} "" -999.0 -999.0 -999.0 -999.0 -999 -999 "" "" "" "" 0 0 0.0 0.0 -999 ""
FIBERMAP 637 R-13C10 APOGEE 0 0 0 1 0 0 50.058757304095884 -270.23319884385927 143.1 41.568182182458585 -271.67326738040924 293.38724 68.47371 -999.0 -999.0 -999.0 -999.0 -999.0 304.7595177898814 46.44710175127911 304.6579430338875 46.53810555543357 35.12876291747074 307.05459467224125 -999.0 16600.0 -999.0 2 181 {-999.0 -999.0 -999.0 -999.0 -999.0} "" -999.0 -999.0 -999.0 -999.0 -999 -999 "" "" "" "" 0 0 0.0 0.0 -999 ""
FIBERMAP 637 R-13C10 BOSS 1 1 0 1 0 0 49.312597021152186 -270.23065651698795 143.1 40.82245593776302 -271.6473479715519 293.38724 68.47371 304.7541912840738 46.447163939389576 5.7491264 1.2622464 2.9913144 304.754216031327 46.44716768310455 304.6530453760625 46.53822583925415 35.12550261980001 307.0556429789483 5400.0 5400.0 2016.0 1 335 {-999.0 17.059431 15.625548 14.8107815 -999.0} sdss_psfmag_ps1 16.376913 15.313978 14.274742 12.199 63050395015329029 1034764129 bright_1x1 mwm_yso_variable_boss_single mwm_yso science 0 0 0.0 0.0 -999 ""
FIBERMAP 637 R-13C10 METROLOGY 0 0 0 1 0 0 49.68212015628488 -269.5885897201677 143.1 41.21192045932384 -271.0171638182514 293.38724 68.47371 -999.0 -999.0 -999.0 -999.0 -999.0 304.756922982498 46.44998246326737 304.65562785323584 46.541026451408385 35.127850817438556 307.0585064894176 -999.0 6231.0 -999.0 -1 -999 {-999.0 -999.0 -999.0 -999.0 -999.0} "" -999.0 -999.0 -999.0 -999.0 -999 -999 "" "" "" "" 0 0 0.0 0.0 -999 ""
FIBERMAP 640 R-5C17 APOGEE 0 0 0 1 0 0 125.71576728555071 -84.695224474534 143.1 123.0024346344845 -88.59385735131013 74.148796 120.54419 -999.0 -999.0 -999.0 -999.0 -999.0 305.3146063935192 47.26895209071366 305.21021542244034 47.36081048710046 35.67148590129437 307.94301542335415 -999.0 16600.0 -999.0 2 -999 {-999.0 -999.0 -999.0 -999.0 -999.0} "" -999.0 -999.0 -999.0 -999.0 -999 -999 "" "" "" "" 0 0 0.0 0.0 -999 ""
FIBERMAP 640 R-5C17 BOSS 1 1 0 1 0 0 126.4530558774278 -84.49538075560659 143.1 123.74563445152016 -88.4172088731459 74.148796 120.54419 305.31860494680285 47.26964182245126 -2.8612056 -5.6643796 0.40978763 305.3192486690092 47.26962502237229 305.215270652302 47.36154981858769 35.674988953970505 307.9430467487876 5400.0 5400.0 2016.0 1 300 {-999.0 11.575198 11.272856 11.165222 -999.0} sdss_psfmag_from_g3xp 11.529766 11.2609 10.814133 10.135 63050395015404533 1068575206 bright_1x1 mwm_ob_core_boss_single mwm_ob science 0 0 1.6030192375183105 0.0 -999 ""
FIBERMAP 640 R-5C17 METROLOGY 0 0 0 1 0 0 126.25479754274234 -85.21108139495259 143.1 123.52504633379311 -89.1263578729845 74.148796 120.54419 -999.0 -999.0 -999.0 -999.0 -999.0 305.317803894502 47.266439820943454 305.21372141816545 47.35834614584013 35.673308267414384 307.9394493517724 -999.0 6231.0 -999.0 -1 -999 {-999.0 -999.0 -999.0 -999.0 -999.0} "" -999.0 -999.0 -999.0 -999.0 -999 -999 "" "" "" "" 0 0 0.0 0.0 -999 ""
FIBERMAP 641 R-8C16 APOGEE 0 0 0 1 0 0 129.96989381709085 -164.4425232385317 143.1 124.75594157036932 -168.4365686974014 216.61774 141.74478 -999.0 -999.0 -999.0 -999.0 -999.0 305.31739198459155 46.90751547856612 305.2145270691064 46.999454357886705 35.59987208520915 307.50720309958706 -999.0 16600.0 -999.0 2 -999 {-999.0 -999.0 -999.0 -999.0 -999.0} "" -999.0 -999.0 -999.0 -999.0 -999 -999 "" "" "" "" 0 0 0.0 0.0 -999 ""
FIBERMAP 641 R-8C16 BOSS 1 1 0 1 0 0 129.21200337104247 -164.42855383127653 143.1 123.9988487608126 -168.3988601122588 216.61774 141.74478 305.31203325860946 46.90764286733347 -4.31545 -7.641694 0.3511574 305.3120145236807 46.90762020270355 305.20955129126946 46.99960852211639 35.59658507227815 307.5082578019832 5400.0 5400.0 2016.0 1 307 {-999.0 17.743763 16.83396 16.234371 -999.0} sdss_psfmag_ps1 17.342817 16.672073 15.861255 14.258 63050395015373451 980252138 "" ops_std_boss_red ops_std standard_boss 0 0 0.0 0.0 -999 ""
FIBERMAP 641 R-8C16 METROLOGY 0 0 0 1 0 0 129.60581515452103 -163.79128694656603 143.1 124.41244000675717 -167.77423459014605 216.61774 141.74478 -999.0 -999.0 -999.0 -999.0 -999.0 305.31493501583014 46.910444078238406 305.21234762910444 47.00242030549594 35.59903598345205 307.511151480409 -999.0 6231.0 -999.0 -1 -999 {-999.0 -999.0 -999.0 -999.0 -999.0} "" -999.0 -999.0 -999.0 -999.0 -999 -999 "" "" "" "" 0 0 0.0 0.0 -999 ""
FIBERMAP 647 R-6C1 APOGEE 1 0 1 1 0 0 -223.54352212693357 -108.75859121388967 143.1 -226.84491695973136 -101.70299266735734 10.0053835 170.06787 302.8998605974753 47.11842407071015 12.205203 -0.35379255 3.7119133 302.97720129690964 47.20851990906598 302.8704585262198 47.29603392323668 34.10939198457957 308.2854233562569 16000.0 16600.0 2016.0 2 261 {-999.0 8.951524 9.014475 9.102485 -999.0} sdss_psfmag_from_g3xp 9.04248 8.958199 8.786148 8.553 63050395015057725 974805424 "" ops_std_apogee ops_std standard_apogee 0 0 0.0 0.0 -999 ""
FIBERMAP 647 R-6C1 BOSS 0 0 1 1 0 0 -222.80600587600006 -108.71579829049975 143.1 -226.1064102221432 -101.6833275274789 10.0053835 170.06787 -999.0 -999.0 -999.0 -999.0 -999.0 302.981604850057 47.208568855398525 302.87529821754964 47.29616030892855 34.11261543341293 308.28466042015043 -999.0 5400.0 -999.0 1 499 {-999.0 -999.0 -999.0 -999.0 -999.0} "" -999.0 -999.0 -999.0 -999.0 -999 -999 "" "" "" "" 0 0 0.0 0.0 -999 ""
FIBERMAP 647 R-6C1 METROLOGY 0 0 1 1 0 0 -223.10435928233153 -109.394652889533 143.1 -226.42589143192586 -102.35251186224853 10.0053835 170.06787 -999.0 -999.0 -999.0 -999.0 -999.0 302.97972494671626 47.205551725863096 302.87330716300977 47.29312070000995 34.11060234942484 308.28146251992297 -999.0 6231.0 -999.0 -1 -999 {-999.0 -999.0 -999.0 -999.0 -999.0} "" -999.0 -999.0 -999.0 -999.0 -999 -999 "" "" "" "" 0 0 0.0 0.0 -999 ""
FIBERMAP 648 R+10C6 APOGEE 0 0 0 1 0 0 -66.47705018336207 185.3252273058999 143.1 -60.6389678424208 187.32003132183374 225.77415 157.1958 -999.0 -999.0 -999.0 -999.0 -999.0 304.0798833362707 48.526576819343404 303.96853387536464 48.61588007089896 35.1129948216854 309.6576755422207 -999.0 16600.0 -999.0 2 -999 {-999.0 -999.0 -999.0 -999.0 -999.0} "" -999.0 -999.0 -999.0 -999.0 -999 -999 "" "" "" "" 0 0 0.0 0.0 -999 ""
FIBERMAP 648 R+10C6 BOSS 1 1 0 1 0 0 -67.19402073472713 185.03080727855607 143.1 -61.36482248247081 187.0482148597585 225.77415 157.1958 304.07399156192577 48.5253433623323 10.216114 -6.101034 0.3193801 304.07445774709157 48.52532526716384 303.9635368373064 48.6146775100676 35.10951594471283 309.65705505955793 5400.0 5400.0 2016.0 1 119 {-999.0 13.758151 13.478003 13.053345 -999.0} sdss_psfmag_from_g3xp 13.667737 13.627564 12.691352 11.773 63050395015931142 1093845754 bright_1x1 mwm_astar_core_boss_single mwm_ob science 0 0 1.0024164915084839 0.0 -999 ""
FIBERMAP 648 R+10C6 METROLOGY 0 0 0 1 0 0 -67.07576571230244 185.77042579637063 143.1 -61.223450298007975 187.78377699884695 225.77415 157.1958 -999.0 -999.0 -999.0 -999.0 -999.0 304.07555189151225 48.52865055325694 303.9644956515352 48.61798740818192 35.11080797935555 309.6608599013705 -999.0 6231.0 -999.0 -1 -999 {-999.0 -999.0 -999.0 -999.0 -999.0} "" -999.0 -999.0 -999.0 -999.0 -999 -999 "" "" "" "" 0 0 0.0 0.0 -999 ""
FIBERMAP 650 R-2C1 APOGEE 0 0 0 1 0 0 -277.81838245055644 -50.448388830638876 143.1 -279.2670561826452 -41.71997379594923 243.41678 105.70099 -999.0 -999.0 -999.0 -999.0 -999.0 302.6229943353183 47.475974312877646 302.5147027246835 47.562763713969254 33.93664141818656 308.66548099678914 -999.0 16600.0 -999.0 2 275 {-999.0 -999.0 -999.0 -999.0 -999.0} "" -999.0 -999.0 -999.0 -999.0 -999 -999 "" "" "" "" 0 0 0.0 0.0 -999 ""
FIBERMAP 650 R-2C1 BOSS 1 1 0 1 0 0 -278.5549417860186 -50.31722297905283 143.1 -279.99915607721834 -41.565792762873066 243.41678 105.70099 302.61766253651354 47.47619766545856 18.438658 115.57255 11.878982 302.6177434481409 47.47654044398519 302.5098773772543 47.56339183066528 33.933618225265576 308.667123440488 5400.0 5400.0 2016.0 1 426 {-999.0 18.944757 17.586372 15.85309 -999.0} sdss_psfmag_ps1 18.32913 16.505877 15.223973 12.68 63050395015073830 1157683805 bright_1x1 mwm_snc_100pc_bright_boss_single mwm_snc science 0 0 0.0 0.0 -999 ""
FIBERMAP 650 R-2C1 METROLOGY 0 0 0 1 0 0 -278.07766445742294 -49.74840461105069 143.1 -279.5042835193302 -41.01219834554754 243.41678 105.70099 -999.0 -999.0 -999.0 -999.0 -999.0 302.6210258354181 47.47910299153058 302.5130312519877 47.56593808946453 33.936276588400276 308.6695175666347 -999.0 6231.0 -999.0 -1 -999 {-999.0 -999.0 -999.0 -999.0 -999.0} "" -999.0 -999.0 -999.0 -999.0 -999 -999 "" "" "" "" 0 0 0.0 0.0 -999 ""
FIBERMAP 654 R+12C14 APOGEE 1 1 0 1 0 0 120.65712686295058 244.4696798054319 143.1 128.25941309702458 240.57320701224734 174.21202 75.30412 305.376783884491 48.759144114919245 -2.8020298 -3.114316 0.09674927 305.37677127790687 48.75913487811662 305.2659765552177 48.85079847875187 35.998048441349205 309.73683241657847 16000.0 16600.0 2016.0 2 91 {-999.0 17.423939 15.400155 14.398757 -999.0} sdss_psfmag_ps1 16.425224 15.043951 13.894853 10.927 63050395016088321 1153345581 bright_1x1 mwm_galactic_core_dist_apogee_sparse mwm_galactic science 0 0 0.0 0.0 -999 ""
FIBERMAP 654 R+12C14 BOSS 0 0 0 1 0 0 120.9274644865294 245.16036138621067 143.1 128.5512623865283 241.25509048693897 174.21202 75.30412 -999.0 -999.0 -999.0 -999.0 -999.0 305.37838180224645 48.76209922628742 305.26799492044313 48.85381714100477 35.99991280288703 309.74019493548286 -999.0 5400.0 -999.0 1 89 {-999.0 -999.0 -999.0 -999.0 -999.0} "" -999.0 -999.0 -999.0 -999.0 -999 -999 "" "" "" "" 0 0 0.0 0.0 -999 ""
FIBERMAP 654 R+12C14 METROLOGY 0 0 0 1 0 0 121.40293233052331 244.5799586677752 143.1 129.00831954719933 240.6600663258779 174.21202 75.30412 -999.0 -999.0 -999.0 -999.0 -999.0 305.3815927092341 48.759412683592494 305.2711031130763 48.85112235271081 36.00142347012248 309.73645335735335 -999.0 6231.0 -999.0 -1 -999 {-999.0 -999.0 -999.0 -999.0 -999.0} "" -999.0 -999.0 -999.0 -999.0 -999 -999 "" "" "" "" 0 0 0.0 0.0 -999 ""
FIBERMAP 660 R+8C18 APOGEE 0 0 0 1 0 0 175.0370272482257 138.8340108817947 143.1 179.30376663397104 133.2839074309501 282.60458 88.369804 -999.0 -999.0 -999.0 -999.0 -999.0 305.7164126326993 48.27184588164307 305.60819829944364 48.364236420502074 36.129708303491505 309.0933041725567 -999.0 16600.0 -999.0 2 -999 {-999.0 -999.0 -999.0 -999.0 -999.0} "" -999.0 -999.0 -999.0 -999.0 -999 -999 "" "" "" "" 0 0 0.0 0.0 -999 ""
FIBERMAP 660 R+8C18 BOSS 1 1 0 1 0 0 174.29544851673214 138.6829515512007 143.1 178.557807200896 133.15615458765464 282.60458 88.369804 305.7109753964225 48.27131342853017 3.2370384 1.991887 2.7645106 305.7109898205937 48.271319336300195 305.60318322411916 48.36375287208505 36.126344679369346 309.09348923093125 5400.0 5400.0 2016.0 1 239 {-999.0 18.082382 16.624584 15.426867 -999.0} sdss_psfmag_ps1 17.494446 16.075773 14.902186 12.647 63050395015675477 1035021361 bright_1x1 mwm_yso_pms_boss_sagitta_edr3_single mwm_yso science 0 0 0.0 0.0 -999 ""
FIBERMAP 660 R+8C18 METROLOGY 0 0 0 1 0 0 174.54401791724877 139.39401425685728 143.1 178.82853717635277 133.85909153751905 282.60458 88.369804 -999.0 -999.0 -999.0 -999.0 -999.0 305.7129930510138 48.27447563750716 305.6050588361363 48.36689684126656 36.128157971072476 309.0970235718002 -999.0 6231.0 -999.0 -1 -999 {-999.0 -999.0 -999.0 -999.0 -999.0} "" -999.0 -999.0 -999.0 -999.0 -999 -999 "" "" "" "" 0 0 0.0 0.0 -999 ""
FIBERMAP 661 R-11C8 APOGEE 1 1 0 1 0 0 6.173768267262919 -202.13356895475331 143.1 -0.16230331288037467 -202.23100023525453 93.35005 42.44007 304.4869088748032 46.758475384314515 -1.9448828 -3.8981748 0.15901016 304.4869004547659 46.75846382265241 304.3837211606556 46.84889637050127 35.01339956623336 307.475480846244 16000.0 16600.0 2016.0 2 158 {-999.0 15.78308 14.08648 13.273768 -999.0} sdss_psfmag_from_g3xp 15.026852 13.882075 12.815904 10.235 63050395015338575 1151795360 bright_1x1 mwm_galactic_core_dist_apogee_sparse mwm_galactic science 0 0 0.0 0.0 -999 ""
FIBERMAP 661 R-11C8 BOSS 0 0 0 1 0 0 6.7308061898671525 -202.62962146878252 143.1 0.378928000153936 -202.74426996290904 93.35005 42.44007 -999.0 -999.0 -999.0 -999.0 -999.0 304.49006215792843 46.75603571178372 304.3873116129251 46.84653830167492 35.01527949429505 307.4720151280048 -999.0 5400.0 -999.0 1 360 {-999.0 -999.0 -999.0 -999.0 -999.0} "" -999.0 -999.0 -999.0 -999.0 -999 -999 "" "" "" "" 0 0 0.0 0.0 -999 ""
FIBERMAP 661 R-11C8 METROLOGY 0 0 0 1 0 0 6.0173235197328125 -202.86376390784295 143.1 -0.34155183049344723 -202.95594674551012 93.35005 42.44007 -999.0 -999.0 -999.0 -999.0 -999.0 304.48540149924645 46.75511974141554 304.38253206539054 46.845595835189535 35.011883440363206 307.47176617896133 -999.0 6231.0 -999.0 -1 -999 {-999.0 -999.0 -999.0 -999.0 -999.0} "" -999.0 -999.0 -999.0 -999.0 -999 -999 "" "" "" "" 0 0 0.0 0.0 -999 ""
FIBERMAP 663 R0C1 APOGEE 1 1 0 1 0 0 -295.4367392285461 -13.267118609616437 143.1 -295.71210184893 -4.004353748286918 256.30167 112.88584 302.5090800660366 47.64477990448239 -3.1912885 -6.2889295 0.066267006 302.50906601714127 47.64476125204033 302.399904626575 47.731299449653854 33.900226243176284 308.88458882812205 16000.0 16600.0 2016.0 2 277 {-999.0 15.697391 13.946007 13.113625 -999.0} sdss_psfmag_from_g3xp 14.905748 13.729348 12.66986 10.09 63050395015100437 1151795026 bright_1x1 mwm_galactic_core_dist_apogee_sparse mwm_galactic science 0 0 0.0 0.0 -999 ""
FIBERMAP 663 R0C1 BOSS 0 0 0 1 0 0 -296.16717236678375 -13.402394275069241 143.1 -296.4464264570293 -4.11667963046419 256.30167 112.88584 -999.0 -999.0 -999.0 -999.0 -999.0 302.50385945577545 47.644112837313145 302.395134213706 47.73071114419001 33.896968390426 308.88478887164433 -999.0 5400.0 -999.0 1 424 {-999.0 -999.0 -999.0 -999.0 -999.0} "" -999.0 -999.0 -999.0 -999.0 -999 -999 "" "" "" "" 0 0 0.0 0.0 -999 ""
FIBERMAP 663 R0C1 METROLOGY 0 0 0 1 0 0 -295.93246508297256 -12.695408786794344 143.1 -296.18967975973015 -3.4173836412113916 256.30167 112.88584 -999.0 -999.0 -999.0 -999.0 -999.0 302.5055599001954 47.64731415694031 302.39669782993946 47.73389519164063 33.89872474059515 308.88823026486585 -999.0 6231.0 -999.0 -1 -999 {-999.0 -999.0 -999.0 -999.0 -999.0} "" -999.0 -999.0 -999.0 -999.0 -999 -999 "" "" "" "" 0 0 0.0 0.0 -999 ""
FIBERMAP 664 R+7C5 APOGEE 1 1 0 1 0 0 -110.80443426819765 119.64666260639312 143.1 -107.00310413689951 123.06150174814168 5.0331283 47.818577 303.763989865844 48.234623632064554 -3.760395 -7.300473 0.20617382 303.7639731216349 48.2346019794676 303.6535640294666 48.32337576570399 34.84832815843071 309.36091852882527 16000.0 16600.0 2016.0 2 117 {-999.0 16.475676 14.735644 13.909207 -999.0} sdss_psfmag_from_g3xp 15.688627 14.512864 13.451877 10.827 63050395016007278 1151796074 bright_1x1 mwm_galactic_core_dist_apogee_sparse mwm_galactic science 0 0 0.0 0.0 -999 ""
FIBERMAP 664 R+7C5 BOSS 0 0 0 1 0 0 -111.25748899617832 119.06125107671204 143.1 -107.4742854864675 122.49056312054968 5.0331283 47.818577 -999.0 -999.0 -999.0 -999.0 -999.0 303.7602922360483 48.23197732625725 303.6503210916926 48.32080614659986 34.84568085801256 309.3584081597023 -999.0 5400.0 -999.0 1 56 {-999.0 -999.0 -999.0 -999.0 -999.0} "" -999.0 -999.0 -999.0 -999.0 -999 -999 "" "" "" "" 0 0 0.0 0.0 -999 ""
FIBERMAP 664 R+7C5 METROLOGY 0 0 0 1 0 0 -111.54136052644952 119.74825025981335 143.1 -107.73649750806378 123.18613012722967 5.0331283 47.818577 -999.0 -999.0 -999.0 -999.0 -999.0 303.75862078857165 48.23512706014629 303.64851164872096 48.32393468258833 34.845160695071655 309.3624429171351 -999.0 6231.0 -999.0 -1 -999 {-999.0 -999.0 -999.0 -999.0 -999.0} "" -999.0 -999.0 -999.0 -999.0 -999 -999 "" "" "" "" 0 0 0.0 0.0 -999 ""
FIBERMAP 665 R-5C18 APOGEE 1 1 0 1 0 0 147.45411962445013 -104.68009039643616 143.1 144.10430751579636 -109.25032587517015 210.66705 170.09283 305.45297235422925 47.17417447949035 4.755832 -1.9421498 1.8111596 305.4529931044245 47.17416871923399 305.349165745734 47.26630237751853 35.74445580663807 307.8054260934072 16000.0 16600.0 2016.0 2 220 {-999.0 10.112164 10.278365 10.349949 -999.0} sdss_psfmag_from_g3xp 10.212037 10.215569 10.016311 9.848 63050395015378709 974805548 "" ops_std_apogee ops_std standard_apogee 0 0 0.0 0.0 -999 ""
FIBERMAP 665 R-5C18 BOSS 0 0 0 1 0 0 146.7707502966147 -104.96238424726072 143.1 143.41241807140577 -109.51107469528448 210.66705 170.09283 -999.0 -999.0 -999.0 -999.0 -999.0 305.44801094830143 47.17293401343921 305.34459197152546 47.26511610598177 35.74117555853363 307.8047738416562 -999.0 5400.0 -999.0 1 292 {-999.0 -999.0 -999.0 -999.0 -999.0} "" -999.0 -999.0 -999.0 -999.0 -999 -999 "" "" "" "" 0 0 0.0 0.0 -999 ""
FIBERMAP 665 R-5C18 METROLOGY 0 0 0 1 0 0 146.87597425301905 -104.21937445471298 143.1 143.54087163244037 -108.7717146098287 210.66705 170.09283 -999.0 -999.0 -999.0 -999.0 -999.0 305.4490601829717 47.17629955169129 305.3455124479164 47.268466516165915 35.742469367666274 307.80865849553425 -999.0 6231.0 -999.0 -1 -999 {-999.0 -999.0 -999.0 -999.0 -999.0} "" -999.0 -999.0 -999.0 -999.0 -999 -999 "" "" "" "" 0 0 0.0 0.0 -999 ""
FIBERMAP 667 R0C9 APOGEE 1 1 0 1 0 0 -126.93491806636182 -8.353536284500104 143.1 -127.13635971308373 -4.372512799096025 236.8136 85.64015 303.63280441531566 47.65474301618288 -999.0 -999.0 -999.0 303.63280441531566 47.65474301618288 303.52481834906723 47.74339329789902 34.640245743130976 308.69379969679983 16000.0 16600.0 2015.5 2 246 {-999.0 -999.0 -999.0 -999.0 -999.0} "" -999.0 -999.0 -999.0 -999.0 27021603114182040 847990258 "" ops_sky_apogee_best ops_sky sky_apogee 0 0 0.0 0.0 -999 ""
FIBERMAP 667 R0C9 BOSS 0 0 0 1 0 0 -127.5347569836222 -7.916466160225181 143.1 -127.7222196970085 -3.916856430375988 236.8136 85.64015 -999.0 -999.0 -999.0 -999.0 -999.0 303.6283224744369 47.65672830288259 303.520750818926 47.74543403663628 34.638020825745244 308.69694466501255 -999.0 5400.0 -999.0 1 492 {-999.0 -999.0 -999.0 -999.0 -999.0} "" -999.0 -999.0 -999.0 -999.0 -999 -999 "" "" "" "" 0 0 0.0 0.0 -999 ""
FIBERMAP 667 R0C9 METROLOGY 0 0 0 1 0 0 -126.85475458246714 -7.610780975598813 143.1 -127.03296269561194 -3.6326218952836773 236.8136 85.64015 -999.0 -999.0 -999.0 -999.0 -999.0 303.63308623037733 47.658065674746595 303.5253926371123 47.74676181727188 34.64135632710795 308.69769348436904 -999.0 6231.0 -999.0 -1 -999 {-999.0 -999.0 -999.0 -999.0 -999.0} "" -999.0 -999.0 -999.0 -999.0 -999 -999 "" "" "" "" 0 0 0.0 0.0 -999 ""
FIBERMAP 669 R+3C3 APOGEE 1 1 0 1 0 0 -210.31052917588414 72.45357429354635 143.1 -207.9405675997436 79.00849846925172 92.00938 105.09711 303.0830451290097 48.02852622433019 -3.6210036 -6.230565 0.21378812 303.0830290700604 48.028507744991806 302.9727724360545 48.1160467189835 34.360804430016415 309.2331934180369 16000.0 16600.0 2016.0 2 107 {-999.0 14.71915 12.840344 11.814982 -999.0} sdss_psfmag_from_g3xp 13.8387785 12.477487 11.346429 8.546 63050395015952977 1151795976 bright_1x1 mwm_galactic_core_dist_apogee_sparse mwm_galactic science 0 0 0.0 0.0 -999 ""
FIBERMAP 669 R+3C3 BOSS 0 0 0 1 0 0 -209.59796943629763 72.65194526490299 143.1 -207.22213103353698 79.18444969030894 92.00938 105.09711 -999.0 -999.0 -999.0 -999.0 -999.0 303.0873503541893 48.029314846741876 302.97753041580734 48.1169271738217 34.36409679032469 309.23338908835035 -999.0 5400.0 -999.0 1 59 {-999.0 -999.0 -999.0 -999.0 -999.0} "" -999.0 -999.0 -999.0 -999.0 -999 -999 "" "" "" "" 0 0 0.0 0.0 -999 ""
FIBERMAP 669 R+3C3 METROLOGY 0 0 0 1 0 0 -209.77008177796486 71.92925315176629 143.1 -207.41680462916278 78.46749334515177 92.00938 105.09711 -999.0 -999.0 -999.0 -999.0 -999.0 303.08623457343697 48.026067337372 302.9763045301901 48.11365972403945 34.36258093232631 309.2297450873399 -999.0 6231.0 -999.0 -1 -999 {-999.0 -999.0 -999.0 -999.0 -999.0} "" -999.0 -999.0 -999.0 -999.0 -999 -999 "" "" "" "" 0 0 0.0 0.0 -999 ""
FIBERMAP 671 R+1C15 APOGEE 0 0 0 1 0 0 48.72439202599567 5.677212599084115 143.1 48.87912607486153 4.147910013463543 12.82702 48.913082 -999.0 -999.0 -999.0 -999.0 -999.0 304.82289779413986 47.69404881969203 304.7161056589648 47.784908991266306 35.43172531513407 308.5369434994228 -999.0 16600.0 -999.0 2 -999 {-999.0 -999.0 -999.0 -999.0 -999.0} "" -999.0 -999.0 -999.0 -999.0 -999 -999 "" "" "" "" 0 0 0.0 0.0 -999 ""
FIBERMAP 671 R+1C15 BOSS 1 1 0 1 0 0 48.37632931902814 4.993658622501909 143.1 48.50981193516685 3.4755859979374706 12.82702 48.913082 304.8200004496653 47.69095366316179 -2.5006354 -3.8971477 0.1728304 304.81998943146283 47.69094210454578 304.71362472420964 47.78185611780264 35.42946960252334 308.53369392163324 5400.0 5400.0 2016.0 1 189 {-999.0 17.763546 16.986303 16.638348 16.371359} sdss_psfmag_from_ps1dr2 17.5386 16.9848 16.2642 14.966 63050395015872333 1038707070 "" ops_std_boss_ps1dr2 ops_std standard_boss 0 0 0.0 0.0 -999 ""
FIBERMAP 671 R+1C15 METROLOGY 0 0 0 1 0 0 47.979777819126994 5.630184273139632 143.1 48.13339205112459 4.124233871911539 12.82702 48.913082 -999.0 -999.0 -999.0 -999.0 -999.0 304.81758370919005 47.69392518414542 304.7110849764308 47.78481748856152 35.428404315430924 308.5376795375346 -999.0 6231.0 -999.0 -1 -999 {-999.0 -999.0 -999.0 -999.0 -999.0} "" -999.0 -999.0 -999.0 -999.0 -999 -999 "" "" "" "" 0 0 0.0 0.0 -999 ""
FIBERMAP 673 R-11C1 APOGEE 1 1 0 1 0 0 -158.62217191116397 -225.76442304714476 143.1 -165.62036395762448 -220.68733397238452 324.71786 98.2938 303.39598299054927 46.675318153299074 -3.3162675 -4.4715905 0.17090559 303.395968655445 46.67530489093297 303.2919671178328 46.76371896862468 34.26614878869071 307.57914305582887 16000.0 16600.0 2016.0 2 271 {-999.0 17.707537 15.469366 13.95727 -999.0} sdss_psfmag_ps1 16.625818 14.490248 13.150498 9.548 63050395014944320 1153344924 bright_1x1 mwm_galactic_core_dist_apogee_sparse mwm_galactic science 0 0 0.0 0.0 -999 ""
FIBERMAP 673 R-11C1 BOSS 0 0 0 1 0 0 -158.95291211735056 -226.43507733823074 143.1 -165.9719596577827 -221.34730716822978 324.71786 98.2938 -999.0 -999.0 -999.0 -999.0 -999.0 303.3933269407897 46.67228379699829 303.2897603322869 46.760762791889 34.26399389341393 307.5760866130725 -999.0 5400.0 -999.0 1 421 {-999.0 -999.0 -999.0 -999.0 -999.0} "" -999.0 -999.0 -999.0 -999.0 -999 -999 "" "" "" "" 0 0 0.0 0.0 -999 ""
FIBERMAP 673 R-11C1 METROLOGY 0 0 0 1 0 0 -159.3714945124677 -225.81298143330952 143.1 -166.37085207859582 -220.712391926604 324.71786 98.2938 -999.0 -999.0 -999.0 -999.0 -999.0 303.3907553515955 46.675137262320604 303.28705351900527 46.7635912044139 34.262844811715496 307.5799353760735 -999.0 6231.0 -999.0 -1 -999 {-999.0 -999.0 -999.0 -999.0 -999.0} "" -999.0 -999.0 -999.0 -999.0 -999 -999 "" "" "" "" 0 0 0.0 0.0 -999 ""
FIBERMAP 674 R+4C1 APOGEE 0 0 0 1 0 0 -260.31101708064773 81.03756649644853 143.1 -257.6483591438651 89.15500194570804 172.34314 109.7215 -999.0 -999.0 -999.0 -999.0 -999.0 302.74937441888403 48.06948954424084 302.6385663475962 48.15639096453538 34.15221690585531 309.34048532820657 -999.0 16600.0 -999.0 2 144 {-999.0 -999.0 -999.0 -999.0 -999.0} "" -999.0 -999.0 -999.0 -999.0 -999 -999 "" "" "" "" 0 0 0.0 0.0 -999 ""
FIBERMAP 674 R+4C1 BOSS 1 1 0 1 0 0 -260.45931261473805 81.75665227720536 143.1 -257.77405424023976 89.87839251713733 172.34314 109.7215 302.7474192406523 48.072677912112475 -2.2323668 -1.341563 0.4302061 302.74802726247185 48.072673933147925 302.63764231419333 48.15963913197192 34.152339602233745 309.34447768426327 5400.0 5400.0 2016.0 1 2 {-999.0 13.82264 12.260453 11.569972 -999.0} sdss_psfmag_from_g3xp 13.151153 12.138736 11.149181 8.811 63050395015978235 996741237 bright_1x1 mwm_bin_gaia_sb_boss mwm_bin science 0 0 1.4864166975021362 0.0 -999 ""
FIBERMAP 674 R+4C1 METROLOGY 0 0 0 1 0 0 -259.7455893092003 81.52472971202536 143.1 -257.0679363845074 89.62421811024988 172.34314 109.7215 -999.0 -999.0 -999.0 -999.0 -999.0 302.752885447664 48.07162412878261 302.6423861509655 48.15857966366754 34.155188581072004 309.3423777687894 -999.0 6231.0 -999.0 -1 -999 {-999.0 -999.0 -999.0 -999.0 -999.0} "" -999.0 -999.0 -999.0 -999.0 -999 -999 "" "" "" "" 0 0 0.0 0.0 -999 ""
FIBERMAP 675 R-1C20 APOGEE 1 1 0 1 0 0 149.512918817194 -32.21758506548622 143.1 148.43248482737644 -36.88674126823223 289.3345 115.15799 305.49045784599633 47.502346358360676 -0.8569284 -2.4924588 0.2249055 305.4904540838169 47.50233896593527 305.38528039671934 47.59447310430754 35.83448775888845 308.19563198463607 16000.0 16600.0 2016.0 2 227 {-999.0 17.525839 15.3641815 14.325259 -999.0} sdss_psfmag_ps1 16.44043 14.96841 13.797922 10.694 63050395015419727 1153345307 bright_1x1 mwm_galactic_core_dist_apogee_sparse mwm_galactic science 0 0 0.0 0.0 -999 ""
FIBERMAP 675 R-1C20 BOSS 0 0 0 1 0 0 149.00310711630277 -32.764521070801386 143.1 147.90577895548202 -37.41744436642712 289.3345 115.15799 -999.0 -999.0 -999.0 -999.0 -999.0 305.48653619204293 47.499891439771126 305.3817784429222 47.59207509663838 35.83169562020084 308.19331395386484 -999.0 5400.0 -999.0 1 271 {-999.0 -999.0 -999.0 -999.0 -999.0} "" -999.0 -999.0 -999.0 -999.0 -999 -999 "" "" "" "" 0 0 0.0 0.0 -999 ""
FIBERMAP 675 R-1C20 METROLOGY 0 0 0 1 0 0 148.78522724181252 -32.03518668750127 143.1 147.71085367094622 -36.681629881126895 289.3345 115.15799 -999.0 -999.0 -999.0 -999.0 -999.0 305.4854134891722 47.503266887523424 305.3805237732318 47.59543182209463 35.83153545822774 308.1975792099796 -999.0 6231.0 -999.0 -1 -999 {-999.0 -999.0 -999.0 -999.0 -999.0} "" -999.0 -999.0 -999.0 -999.0 -999 -999 "" "" "" "" 0 0 0.0 0.0 -999 ""
FIBERMAP 676 R-9C12 APOGEE 1 1 0 1 0 0 50.154280887962514 -163.60960284918946 143.1 45.004333100591474 -165.1033043862384 114.90172 120.40217 304.78822060137026 46.92514662587663 -5.794006 -8.02555 0.2624315 304.7881954392797 46.925122822761075 304.68465052313593 47.01607953443888 35.2501930398282 307.62070546316374 16000.0 16600.0 2016.0 2 152 {-999.0 15.098785 12.991719 11.753943 -999.0} sdss_psfmag_from_g3xp 14.055587 12.426817 11.209797 7.986 63050395015352600 1151795267 bright_1x1 mwm_galactic_core_dist_apogee_sparse mwm_galactic science 0 0 0.0 0.0 -999 ""
FIBERMAP 676 R-9C12 BOSS 0 0 0 1 0 0 50.582066574508936 -162.9906739113676 143.1 45.451307559334055 -164.4980725534504 114.90172 120.40217 -999.0 -999.0 -999.0 -999.0 -999.0 304.79081044879877 46.92773193103114 304.6876707145602 47.01875451906423 35.25277628708487 307.6233665512573 -999.0 5400.0 -999.0 1 368 {-999.0 -999.0 -999.0 -999.0 -999.0} "" -999.0 -999.0 -999.0 -999.0 -999 -999 "" "" "" "" 0 0 0.0 0.0 -999 ""
FIBERMAP 676 R-9C12 METROLOGY 0 0 0 1 0 0 50.90540179436816 -163.66749588961653 143.1 45.75328339418858 -165.1847036437945 114.90172 120.40217 -999.0 -999.0 -999.0 -999.0 -999.0 304.79289467286196 46.92464983943239 304.689653177639 47.015659474641566 35.25343528890472 307.6193102991788 -999.0 6231.0 -999.0 -1 -999 {-999.0 -999.0 -999.0 -999.0 -999.0} "" -999.0 -999.0 -999.0 -999.0 -999 -999 "" "" "" "" 0 0 0.0 0.0 -999 ""
FIBERMAP 677 R-11C3 APOGEE 1 1 0 1 0 0 -130.88425692712306 -201.660703873151 143.1 -137.1404182350534 -197.46413199969518 130.03984 109.52397 303.58018911129244 46.77977839098331 -2.4746485 -4.5232787 0.2962488 303.5805329151222 46.779764975314734 303.47628008156636 46.86850261039144 34.41299194996036 307.66752905814275 16000.0 16600.0 2016.0 2 206 {-999.0 14.880791 12.726496 11.101999 -999.0} sdss_psfmag_from_g3xp 13.815948 11.815988 10.506309 6.993 63050395014921632 1151794907 bright_1x1 mwm_galactic_core_dist_apogee_sparse mwm_galactic science 0 0 0.874000608921051 0.0 -999 ""
FIBERMAP 677 R-11C3 BOSS 0 0 0 1 0 0 -130.53902593941183 -201.00594184286945 143.1 -136.774836563362 -196.8204975340502 130.03984 109.52397 -999.0 -999.0 -999.0 -999.0 -999.0 303.58243293027 46.78256948002042 303.47859379363155 46.87137792662256 34.41518841745089 307.6704846280812 -999.0 5400.0 -999.0 1 338 {-999.0 -999.0 -999.0 -999.0 -999.0} "" -999.0 -999.0 -999.0 -999.0 -999 -999 "" "" "" "" 0 0 0.0 0.0 -999 ""
FIBERMAP 677 R-11C3 METROLOGY 0 0 0 1 0 0 -130.14214943346113 -201.6280848018238 143.1 -136.39764119693137 -197.45477973020985 130.03984 109.52397 -999.0 -999.0 -999.0 -999.0 -999.0 303.5851055016661 46.77975040704476 303.48116115784285 46.86854521089976 34.41625066405064 307.6666558548327 -999.0 6231.0 -999.0 -1 -999 {-999.0 -999.0 -999.0 -999.0 -999.0} "" -999.0 -999.0 -999.0 -999.0 -999 -999 "" "" "" "" 0 0 0.0 0.0 -999 ""
FIBERMAP 678 R+11C16 APOGEE 1 1 0 1 0 0 161.83407325438998 229.30448366828475 143.1 168.9416550915867 224.12507971576605 139.0625 84.1097 305.6532433994471 48.681330219660325 -3.280038 -5.163582 0.14451432 305.6532286650743 48.68131490490553 305.54313313201146 48.7735044240525 36.16320600167826 309.6012363820904 16000.0 16600.0 2016.0 2 58 {-999.0 17.165344 15.041296 14.144127 -999.0} sdss_psfmag_ps1 16.110968 14.687752 13.534271 10.519 63050395016091956 1156407313 bright_1x1 mwm_galactic_core_dist_apogee_extra mwm_galactic science 0 0 0.0 0.0 -999 ""
FIBERMAP 678 R+11C16 BOSS 0 0 0 1 0 0 162.37899194590545 229.82036679308138 143.1 169.50247834827684 224.62364472858735 139.0625 84.1097 -999.0 -999.0 -999.0 -999.0 -999.0 305.65665106850776 48.683419061040006 305.54696662120256 48.77566545985437 36.16608527746559 309.6032951483979 -999.0 5400.0 -999.0 1 171 {-999.0 -999.0 -999.0 -999.0 -999.0} "" -999.0 -999.0 -999.0 -999.0 -999 -999 "" "" "" "" 0 0 0.0 0.0 -999 ""
FIBERMAP 678 R+11C16 METROLOGY 0 0 0 1 0 0 162.5513185889463 229.09520645568497 143.1 169.65200281548496 223.8934295559084 139.0625 84.1097 -999.0 -999.0 -999.0 -999.0 -999.0 305.65773869995115 48.68015251001051 305.5479521994385 48.77238712907468 36.166123833331504 309.59915567883536 -999.0 6231.0 -999.0 -1 -999 {-999.0 -999.0 -999.0 -999.0 -999.0} "" -999.0 -999.0 -999.0 -999.0 -999 -999 "" "" "" "" 0 0 0.0 0.0 -999 ""
FIBERMAP 681 R+6C17 APOGEE 1 1 0 1 0 0 116.20716345159138 108.21202284044121 143.1 119.54241212928986 104.51968847899433 253.96877 57.228504 305.30867984259595 48.14696970301745 -3.9680686 -4.631269 0.10337626 305.30866220385633 48.14695596705789 305.20048539733443 48.23862079287448 35.83953506756574 309.00473480787053 16000.0 16600.0 2016.0 2 71 {-999.0 17.478296 15.095562 14.089393 -999.0} sdss_psfmag_ps1 16.187483 14.485997 13.250135 9.932 63050395015891480 1153345493 bright_1x1 mwm_galactic_core_dist_apogee_sparse mwm_galactic science 0 0 0.0 0.0 -999 ""
FIBERMAP 681 R+6C17 BOSS 0 0 0 1 0 0 115.73252898170944 108.77489855070071 143.1 119.08563880020803 105.09716784537964 253.96877 57.228504 -999.0 -999.0 -999.0 -999.0 -999.0 305.3052515828316 48.14959139052396 305.1974748194086 48.24130396409953 35.8380870731802 309.00846064357603 -999.0 5400.0 -999.0 1 207 {-999.0 -999.0 -999.0 -999.0 -999.0} "" -999.0 -999.0 -999.0 -999.0 -999 -999 "" "" "" "" 0 0 0.0 0.0 -999 ""
FIBERMAP 681 R+6C17 METROLOGY 0 0 0 1 0 0 116.45819850408449 108.92231895122542 143.1 119.81558256714457 105.2217819456041 253.96877 57.228504 -999.0 -999.0 -999.0 -999.0 -999.0 305.31032652154454 48.15011232295002 305.20243586904115 48.24181866672446 35.84142824633976 309.00829509912614 -999.0 6231.0 -999.0 -1 -999 {-999.0 -999.0 -999.0 -999.0 -999.0} "" -999.0 -999.0 -999.0 -999.0 -999 -999 "" "" "" "" 0 0 0.0 0.0 -999 ""
FIBERMAP 683 R-1C25 APOGEE 0 0 0 1 0 0 260.23055005701065 -2.371799275763248 143.1 260.0326435064733 -10.524075314233059 111.714 83.38108 -999.0 -999.0 -999.0 -999.0 -999.0 306.2379206745396 47.61210950386572 306.133195461314 47.70559336169868 36.35031424998975 308.20927921693334 -999.0 16600.0 -999.0 2 -999 {-999.0 -999.0 -999.0 -999.0 -999.0} "" -999.0 -999.0 -999.0 -999.0 -999 -999 "" "" "" "" 0 0 0.0 0.0 -999 ""
FIBERMAP 683 R-1C25 BOSS 1 1 0 1 0 0 260.96319768678006 -2.1781872056834164 143.1 260.77100931894955 -10.353510117131153 111.714 83.38108 306.2417627044003 47.612671472537045 19.577372 25.366095 2.215923 306.24244607986964 47.6127467062295 306.13812746536905 47.706291636153324 36.353705321422744 308.20934912879903 5400.0 5400.0 2016.0 1 261 {-999.0 12.847945 11.967844 11.618328 -999.0} sdss_psfmag_from_g3xp 12.5725765 11.991352 11.261129 9.841 63050395015622653 996779845 bright_1x1 mwm_bin_gaia_sb_boss mwm_bin science 0 0 1.4494504928588867 0.0 -999 ""
FIBERMAP 683 R-1C25 METROLOGY 0 0 0 1 0 0 260.7601418748275 -2.897341364480422 143.1 260.54551779868353 -11.065960684239888 111.714 83.38108 -999.0 -999.0 -999.0 -999.0 -999.0 306.24093946309296 47.60956433574506 306.1365184003985 47.70309188752786 36.35203548149137 308.2057031573708 -999.0 6231.0 -999.0 -1 -999 {-999.0 -999.0 -999.0 -999.0 -999.0} "" -999.0 -999.0 -999.0 -999.0 -999 -999 "" "" "" "" 0 0 0.0 0.0 -999 ""
FIBERMAP 685 R+6C6 APOGEE 0 0 0 1 0 0 -96.36592749165767 102.41013033154606 143.1 -93.11150050919508 105.38077637357236 19.81843 40.53491 -999.0 -999.0 -999.0 -999.0 -999.0 303.85900560537476 48.15494603841109 303.7490622818914 48.24391438459896 34.893807006361776 309.24998093208524 -999.0 16600.0 -999.0 2 -999 {-999.0 -999.0 -999.0 -999.0 -999.0} "" -999.0 -999.0 -999.0 -999.0 -999 -999 "" "" "" "" 0 0 0.0 0.0 -999 ""
FIBERMAP 685 R+6C6 BOSS 1 1 0 1 0 0 -96.82281863170091 101.70002641675443 143.1 -93.59042324295628 104.68532478300095 19.81843 40.53491 303.8552838966357 48.15176860577422 -1.7988547 -4.50321 0.28675568 303.85527589967285 48.1517552496278 303.74577154917415 48.24077861109325 34.89100680923523 309.2468028552025 5400.0 5400.0 2016.0 1 55 {-999.0 18.13332 17.110737 16.615969 16.252756} sdss_psfmag_from_ps1dr2 17.7843 17.0797 16.2567 14.594 63050395015914990 1038707499 "" ops_std_boss_ps1dr2 ops_std standard_boss 0 0 0.0 0.0 -999 ""
FIBERMAP 685 R+6C6 METROLOGY 0 0 0 1 0 0 -97.1115460083644 102.38339069699646 143.1 -93.85760269150133 105.37741075393905 19.81843 40.53491 -999.0 -999.0 -999.0 -999.0 -999.0 303.85357256290666 48.15489678362621 303.74393068200544 48.24389888093561 34.890462219399225 309.2508357201672 -999.0 6231.0 -999.0 -1 -999 {-999.0 -999.0 -999.0 -999.0 -999.0} "" -999.0 -999.0 -999.0 -999.0 -999 -999 "" "" "" "" 0 0 0.0 0.0 -999 ""
FIBERMAP 687 R-7C16 APOGEE 1 1 0 1 0 0 118.54955582373343 -153.32301319145085 143.1 113.68941804434075 -156.964523943021 289.13315 79.206795 305.2453276632151 46.95973421386017 0.7496314 -0.77524304 0.6154566 305.2453309208043 46.9597319145538 305.14216353087687 47.05152703535872 35.56247467765401 307.5824612568987 16000.0 16600.0 2016.0 2 186 {-999.0 12.393217 11.111957 10.575274 -999.0} sdss_psfmag_from_g3xp 11.897299 11.073469 10.186641 8.141 63050395015373981 1151795378 bright_1x1 mwm_galactic_core_dist_apogee_sparse mwm_galactic science 0 0 0.0 0.0 -999 ""
FIBERMAP 687 R-7C16 BOSS 0 0 0 1 0 0 117.8250838936391 -153.39722603422976 143.1 112.96296500040613 -157.0160027772129 289.13315 79.206795 -999.0 -999.0 -999.0 -999.0 -999.0 305.240139035887 46.95942705724592 305.1373763302621 47.05127199125473 35.559231482594434 307.5829903558241 -999.0 5400.0 -999.0 1 306 {-999.0 -999.0 -999.0 -999.0 -999.0} "" -999.0 -999.0 -999.0 -999.0 -999 -999 "" "" "" "" 0 0 0.0 0.0 -999 ""
FIBERMAP 687 R-7C16 METROLOGY 0 0 0 1 0 0 118.11258403328034 -152.71826423584542 143.1 113.27160145689115 -156.346371245338 289.13315 79.206795 -999.0 -999.0 -999.0 -999.0 -999.0 305.2423666498872 46.962464194421514 305.1394777689138 47.054295745245206 35.561262060640516 307.58625881489775 -999.0 6231.0 -999.0 -1 -999 {-999.0 -999.0 -999.0 -999.0 -999.0} "" -999.0 -999.0 -999.0 -999.0 -999 -999 "" "" "" "" 0 0 0.0 0.0 -999 ""
FIBERMAP 688 R-7C2 APOGEE 0 0 0 1 0 0 -190.64997877598836 -118.09314712718923 143.1 -194.25946140482978 -112.0637178673594 124.62071 74.98569 -999.0 -999.0 -999.0 -999.0 -999.0 303.1938153222495 47.16322881973123 303.0874993323362 47.25115974682142 34.242461201369714 308.19185583244564 -999.0 16600.0 -999.0 2 -999 {-999.0 -999.0 -999.0 -999.0 -999.0} "" -999.0 -999.0 -999.0 -999.0 -999 -999 "" "" "" "" 0 0 0.0 0.0 -999 ""
FIBERMAP 688 R-7C2 BOSS 1 1 0 1 0 0 -189.94083530240655 -117.79681677363804 143.1 -193.54137027184387 -111.78974675261489 124.62071 74.98569 303.1980552712385 47.164409903654516 -999.0 -999.0 -999.0 303.1980552712385 47.164409903654516 303.09216811519826 47.25241681682484 34.24583341753314 308.1924619903991 5400.0 5400.0 2015.5 1 488 {-999.0 -999.0 -999.0 -999.0 -999.0} "" -999.0 -999.0 -999.0 -999.0 27021603114162382 818192820 "" ops_sky_boss_good ops_sky sky_boss 0 0 0.0 0.0 -999 ""
FIBERMAP 688 R-7C2 METROLOGY 0 0 0 1 0 0 -190.04939481274386 -118.53582181994379 143.1 -193.6730323280761 -112.52499948608659 124.62071 74.98569 -999.0 -999.0 -999.0 -999.0 -999.0 303.1974053935286 47.16110357894465 303.0914101630662 47.24909063908904 34.24457386340612 308.18868625806994 -999.0 6231.0 -999.0 -1 -999 {-999.0 -999.0 -999.0 -999.0 -999.0} "" -999.0 -999.0 -999.0 -999.0 -999 -999 "" "" "" "" 0 0 0.0 0.0 -999 ""
FIBERMAP 689 R+5C20 APOGEE 1 1 0 1 0 0 170.4916237151278 99.01346267626124 143.1 173.51288608026442 93.62468582653729 225.18568 57.099262 305.67342490478666 48.09303880662465 -3.0874493 -5.476038 0.09858568 305.67341119495035 48.09302256515109 305.5659212128827 48.18537102949733 36.06832173704243 308.88248530913285 16000.0 16600.0 2016.0 2 45 {-999.0 17.47715 15.303787 14.47415 -999.0} sdss_psfmag_ps1 16.463507 14.99664 13.830424 10.761 63050395015671248 1153345460 bright_1x1 mwm_galactic_core_dist_apogee_sparse mwm_galactic science 0 0 0.0 0.0 -999 ""
FIBERMAP 689 R+5C20 BOSS 0 0 0 1 0 0 170.34557588401273 99.74420714566813 143.1 173.38980290304664 94.35965912559561 225.18568 57.099262 -999.0 -999.0 -999.0 -999.0 -999.0 305.67230948089343 48.09633522099282 305.56521588303093 48.18873413638161 36.06849919774716 308.88668067723177 -999.0 5400.0 -999.0 1 194 {-999.0 -999.0 -999.0 -999.0 -999.0} "" -999.0 -999.0 -999.0 -999.0 -999 -999 "" "" "" "" 0 0 0.0 0.0 -999 ""
FIBERMAP 689 R+5C20 METROLOGY 0 0 0 1 0 0 171.05589279189618 99.49662521664506 143.1 174.09202534827068 94.08993951957143 225.18568 57.099262 -999.0 -999.0 -999.0 -999.0 -999.0 305.6771290209994 48.095055416997795 305.5699301456353 48.187448384165734 36.07134060166859 308.8843801970873 -999.0 6231.0 -999.0 -1 -999 {-999.0 -999.0 -999.0 -999.0 -999.0} "" -999.0 -999.0 -999.0 -999.0 -999 -999 "" "" "" "" 0 0 0.0 0.0 -999 ""
FIBERMAP 690 R-4C17 APOGEE 1 1 0 1 0 0 121.73323908302062 -95.01708525769675 143.1 118.698398959037 -98.78603742672382 350.06015 57.061886 305.28481146916164 47.22292968620725 -2.9356213 -5.056513 0.28771427 305.2847986489652 47.22291468901045 305.1805676266241 47.314727718263754 35.64239867652685 307.8925518180847 16000.0 16600.0 2016.0 2 201 {-999.0 15.852684 14.100404 13.2795925 -999.0} sdss_psfmag_from_g3xp 15.058621 13.878587 12.813113 10.096 63050395015401075 1151795312 bright_1x1 mwm_galactic_core_dist_apogee_sparse mwm_galactic science 0 0 0.0 0.0 -999 ""
FIBERMAP 690 R-4C17 BOSS 0 0 0 1 0 0 121.23125515694583 -95.55872488542776 143.1 118.17968308744487 -99.3116919184075 350.06015 57.061886 -999.0 -999.0 -999.0 -999.0 -999.0 305.2809350401935 47.220459832460506 305.17712032367126 47.31232445035928 35.63961869079603 307.89024656636707 -999.0 5400.0 -999.0 1 301 {-999.0 -999.0 -999.0 -999.0 -999.0} "" -999.0 -999.0 -999.0 -999.0 -999 -999 "" "" "" "" 0 0 0.0 0.0 -999 ""
FIBERMAP 690 R-4C17 METROLOGY 0 0 0 1 0 0 121.00932901101076 -94.84339760508477 143.1 117.98027459025589 -98.58975110790877 350.06015 57.061886 -999.0 -999.0 -999.0 -999.0 -999.0 305.27978168262877 47.22376833653721 305.175835309431 47.3156136204746 35.63943991978355 307.89442756817937 -999.0 6231.0 -999.0 -1 -999 {-999.0 -999.0 -999.0 -999.0 -999.0} "" -999.0 -999.0 -999.0 -999.0 -999 -999 "" "" "" "" 0 0 0.0 0.0 -999 ""
FIBERMAP 691 R+10C2 APOGEE 0 0 0 1 0 0 -170.22221537379428 205.41530192569937 143.1 -163.70540868950602 210.65105157481207 170.56886 81.19198 -999.0 -999.0 -999.0 -999.0 -999.0 303.375360292859 48.62582160928145 303.262733165529 48.71378409537511 34.67703664268853 309.8916398641292 -999.0 16600.0 -999.0 2 -999 {-999.0 -999.0 -999.0 -999.0 -999.0} "" -999.0 -999.0 -999.0 -999.0 -999 -999 "" "" "" "" 0 0 0.0 0.0 -999 ""
FIBERMAP 691 R+10C2 BOSS 1 1 0 1 0 0 -169.9712809253101 206.137286592172 143.1 -163.43197258838933 211.36483119778538 170.56886 81.19198 303.3767661193528 48.62899612002753 -1.2301228 -3.5145872 0.10851367 303.37676059920824 48.628985696054485 303.2645572457346 48.71701187116903 34.67888965455502 309.89517116037473 5400.0 5400.0 2016.0 1 18 {-999.0 18.700409 17.934233 17.56205 17.354836} sdss_psfmag_from_ps1dr2 18.4828 17.9262 17.2084 15.888 63050395016019104 1038707969 "" ops_std_boss_ps1dr2 ops_std standard_boss 0 0 0.0 0.0 -999 ""
FIBERMAP 691 R+10C2 METROLOGY 0 0 0 1 0 0 -169.49303920436643 205.57330222459248 143.1 -162.9716284573337 210.78613068019428 170.56886 81.19198 -999.0 -999.0 -999.0 -999.0 -999.0 303.3800333694103 48.62645002443173 303.2677216001303 48.71446537376571 34.68039777988007 309.89161140079636 -999.0 6231.0 -999.0 -1 -999 {-999.0 -999.0 -999.0 -999.0 -999.0} "" -999.0 -999.0 -999.0 -999.0 -999 -999 "" "" "" "" 0 0 0.0 0.0 -999 ""
FIBERMAP 692 R+8C17 APOGEE 1 1 0 1 0 0 155.28148078539328 164.3996485370432 143.1 160.35861162365626 159.45637294219304 62.73229 147.3951 305.5902641652196 48.391935975145444 -2.1294477 -3.1574287 0.0932739 305.5902546539782 48.39192661047428 305.4813557066428 48.484060035083694 36.0694743423898 309.25849387622355 16000.0 16600.0 2016.0 2 81 {-999.0 16.64658 14.535237 13.349915 -999.0} sdss_psfmag_from_g3xp 15.602134 14.0246725 12.824206 9.642 63050395015677722 1155633452 bright_1x1 mwm_galactic_core_dist_apogee_extra mwm_galactic science 0 0 0.0 0.0 -999 ""
FIBERMAP 692 R+8C17 BOSS 0 0 0 1 0 0 155.9366760284552 164.7281505067666 143.1 161.02378813208065 159.76419067014288 62.73229 147.3951 -999.0 -999.0 -999.0 -999.0 -999.0 305.59442215614473 48.3932212022431 305.48593747712187 48.48541442528778 36.072711206232775 309.259436115156 -999.0 5400.0 -999.0 1 226 {-999.0 -999.0 -999.0 -999.0 -999.0} "" -999.0 -999.0 -999.0 -999.0 -999 -999 "" "" "" "" 0 0 0.0 0.0 -999 ""
FIBERMAP 692 R+8C17 METROLOGY 0 0 0 1 0 0 155.9244556276471 163.989495498297 143.1 160.98843039700859 159.02626936351098 62.73229 147.3951 -999.0 -999.0 -999.0 -999.0 -999.0 305.5942324001313 48.38990721521562 305.4856444860046 48.48208593354225 36.071897047826155 309.2554359633571 -999.0 6231.0 -999.0 -1 -999 {-999.0 -999.0 -999.0 -999.0 -999.0} "" -999.0 -999.0 -999.0 -999.0 -999 -999 "" "" "" "" 0 0 0.0 0.0 -999 ""
FIBERMAP 693 R+2C15 APOGEE 1 1 0 1 0 0 53.51004848570587 28.306831459049057 143.1 54.37152857079058 26.616839505683682 314.06265 113.14511 304.86121799165886 47.796213319930516 -2.0741425 -4.0665274 0.24544092 304.86120883415475 47.79620125894854 304.75401899050706 47.88711118330773 35.47743922093372 308.65342773335936 16000.0 16600.0 2016.0 2 54 {-999.0 14.596599 12.636794 11.546551 -999.0} sdss_psfmag_from_g3xp 13.662043 12.211924 11.048783 8.068 63050395015874878 1151795949 bright_1x1 mwm_galactic_core_dist_apogee_sparse mwm_galactic science 0 0 0.0 0.0 -999 ""
FIBERMAP 693 R+2C15 BOSS 0 0 0 1 0 0 53.23152804787865 27.621608348864434 143.1 54.07167137524831 25.940668288624583 314.06265 113.14511 -999.0 -999.0 -999.0 -999.0 -999.0 304.85876865181956 47.793089271562614 304.75200707986585 47.88405326443641 35.475498219913774 308.6500864793194 -999.0 5400.0 -999.0 1 198 {-999.0 -999.0 -999.0 -999.0 -999.0} "" -999.0 -999.0 -999.0 -999.0 -999 -999 "" "" "" "" 0 0 0.0 0.0 -999 ""
FIBERMAP 693 R+2C15 METROLOGY 0 0 0 1 0 0 52.76387200451011 28.203804771373644 143.1 53.62247850440785 26.537240546750695 314.06265 113.14511 -999.0 -999.0 -999.0 -999.0 -999.0 304.8558633403667 47.7958358058689 304.7489680633158 47.88677740872372 35.47405479213685 308.6538694496764 -999.0 6231.0 -999.0 -1 -999 {-999.0 -999.0 -999.0 -999.0 -999.0} "" -999.0 -999.0 -999.0 -999.0 -999 -999 "" "" "" "" 0 0 0.0 0.0 -999 ""
FIBERMAP 694 R+3C15 APOGEE 0 0 0 1 0 0 61.93871040020187 48.134083263960264 143.1 63.417404057124564 46.17059223504444 286.96484 130.28577 -999.0 -999.0 -999.0 -999.0 -999.0 304.9235907722454 47.88488610420984 304.8160896293788 47.975893104551666 35.53608813216897 308.7499368709197 -999.0 16600.0 -999.0 2 -999 {-999.0 -999.0 -999.0 -999.0 -999.0} "" -999.0 -999.0 -999.0 -999.0 -999 -999 "" "" "" "" 0 0 0.0 0.0 -999 ""
FIBERMAP 694 R+3C15 BOSS 1 1 0 1 0 0 61.50353098157953 47.48042261739109 143.1 62.96195118283746 45.530876845488315 286.96484 130.28577 304.91953009748056 47.88197657904191 0.2643197 -5.8012 0.5593495 304.92009704768145 47.88195937316595 304.8130220137179 47.973017980047814 35.53349855137608 308.74698298344344 5400.0 5400.0 2016.0 1 197 {-999.0 13.394502 12.344638 11.899755 -999.0} sdss_psfmag_from_g3xp 13.030798 12.333381 11.523381 9.89 63050395015887230 1034698210 bright_1x1 mwm_yso_disk_boss_single mwm_yso science 0 0 1.3660086393356323 0.0 -999 ""
FIBERMAP 694 R+3C15 METROLOGY 0 0 0 1 0 0 61.19317776424835 48.16311891859361 143.1 62.67313523590454 46.22297272375383 286.96484 130.28577 -999.0 -999.0 -999.0 -999.0 -999.0 304.9182826760408 47.88513331690058 304.8110734138552 47.97617153796415 35.53285452080161 308.75110128167466 -999.0 6231.0 -999.0 -1 -999 {-999.0 -999.0 -999.0 -999.0 -999.0} "" -999.0 -999.0 -999.0 -999.0 -999 -999 "" "" "" "" 0 0 0.0 0.0 -999 ""
FIBERMAP 695 R-4C1 APOGEE 1 1 0 1 0 0 -264.5684707267116 -79.89308048819746 143.1 -266.9459825239802 -71.56581996026338 222.69044 75.5675 302.7082502939269 47.34217482292137 -1.7191492 -4.69102 0.26865628 302.7087109121943 47.342160909746326 302.6010999216998 47.42914066209285 33.962559752428135 308.49249725642176 16000.0 16600.0 2016.0 2 248 {-999.0 16.94037 14.438224 11.67534 -999.0} sdss_psfmag_from_g3xp 15.604169 12.1549635 10.586185 6.266 63050395015068016 1151795119 bright_1x1 mwm_galactic_core_dist_apogee_sparse mwm_galactic science 0 0 1.1420003175735474 0.0 -999 ""
FIBERMAP 695 R-4C1 BOSS 0 0 0 1 0 0 -264.93528660219016 -79.24977135930823 143.1 -267.29246837005724 -70.91132349026475 222.69044 75.5675 -999.0 -999.0 -999.0 -999.0 -999.0 302.70589859829306 47.34502246485914 302.5987071950959 47.43206624735768 33.96166187388804 308.49638035384004 -999.0 5400.0 -999.0 1 497 {-999.0 -999.0 -999.0 -999.0 -999.0} "" -999.0 -999.0 -999.0 -999.0 -999 -999 "" "" "" "" 0 0 0.0 0.0 -999 ""
FIBERMAP 695 R-4C1 METROLOGY 0 0 0 1 0 0 -264.1835156159811 -79.25030121121468 143.1 -266.5410710330848 -70.93540717148052 222.69044 75.5675 -999.0 -999.0 -999.0 -999.0 -999.0 302.7109617107836 47.34498679784717 302.6036524297859 47.432020283866414 33.964905791900264 308.49539347181957 -999.0 6231.0 -999.0 -1 -999 {-999.0 -999.0 -999.0 -999.0 -999.0} "" -999.0 -999.0 -999.0 -999.0 -999 -999 "" "" "" "" 0 0 0.0 0.0 -999 ""
FIBERMAP 698 R+7C18 APOGEE 1 1 0 1 0 0 157.55593355516626 132.1228502830672 143.1 161.6207050148439 127.12364239952703 180.19505 135.28775 305.5960989670477 48.24580580827134 2.0048425 -0.81247705 0.8289859 305.5961078961238 48.245803398531706 305.48785600641264 48.33797801458114 36.04622020210797 309.080018236674 16000.0 16600.0 2016.0 2 40 {-999.0 11.161829 11.167775 11.240978 -999.0} sdss_psfmag_from_g3xp 11.221694 11.12278 10.906562 10.615 63050395015673756 974805577 "" ops_std_apogee ops_std standard_apogee 0 0 0.0 0.0 -999 ""
FIBERMAP 698 R+7C18 BOSS 0 0 0 1 0 0 157.01803150378225 132.6395008641637 143.1 161.09924585205576 127.65690085660316 180.19505 135.28775 -999.0 -999.0 -999.0 -999.0 -999.0 305.5922637392651 48.248242011679466 305.48441037299267 48.34046185068778 36.04444075813716 309.0835703246836 -999.0 5400.0 -999.0 1 196 {-999.0 -999.0 -999.0 -999.0 -999.0} "" -999.0 -999.0 -999.0 -999.0 -999 -999 "" "" "" "" 0 0 0.0 0.0 -999 ""
FIBERMAP 698 R+7C18 METROLOGY 0 0 0 1 0 0 157.72970364102355 132.8481711469278 143.1 161.81711792991857 127.84317430735969 180.19505 135.28775 -999.0 -999.0 -999.0 -999.0 -999.0 305.59725144658375 48.2490239006876 305.489283605387 48.341237738120434 36.047768252132094 309.08375533770504 -999.0 6231.0 -999.0 -1 -999 {-999.0 -999.0 -999.0 -999.0 -999.0} "" -999.0 -999.0 -999.0 -999.0 -999 -999 "" "" "" "" 0 0 0.0 0.0 -999 ""
FIBERMAP 704 R+5C16 APOGEE 1 1 0 1 0 0 113.64647149354809 84.85711600308221 143.1 116.25119307451189 81.25610409819393 352.27826 78.34739 305.2845461443907 48.041616347477074 -1.2077763 -5.811593 0.18600011 305.28454078660894 48.04159911077579 305.17679397683764 48.13324128824349 35.803569906094296 308.881031854957 16000.0 16600.0 2016.0 2 79 {-999.0 16.054634 14.184135 13.277544 -999.0} sdss_psfmag_from_g3xp 15.17882 13.90045 12.799677 9.958 63050395015436531 1151795317 bright_1x1 mwm_galactic_core_dist_apogee_sparse mwm_galactic science 0 0 0.0 0.0 -999 ""
FIBERMAP 704 R+5C16 BOSS 0 0 0 1 0 0 113.41371179162624 84.15487979494459 143.1 115.99654183598254 80.56149411286223 352.27826 78.34739 -999.0 -999.0 -999.0 -999.0 -999.0 305.28241492636033 48.038439148776654 305.17509457482976 48.13013315892881 35.80185126233495 308.87754593977627 -999.0 5400.0 -999.0 1 214 {-999.0 -999.0 -999.0 -999.0 -999.0} "" -999.0 -999.0 -999.0 -999.0 -999 -999 "" "" "" "" 0 0 0.0 0.0 -999 ""
FIBERMAP 704 R+5C16 METROLOGY 0 0 0 1 0 0 112.91823465378758 84.7036476520147 143.1 115.51849371841132 81.12552535765354 352.27826 78.34739 -999.0 -999.0 -999.0 -999.0 -999.0 305.27931840990044 48.04104247658872 305.1718652684411 48.13271460407117 35.80024095994428 308.88118604333465 -999.0 6231.0 -999.0 -1 -999 {-999.0 -999.0 -999.0 -999.0 -999.0} "" -999.0 -999.0 -999.0 -999.0 -999 -999 "" "" "" "" 0 0 0.0 0.0 -999 ""
FIBERMAP 706 R+6C21 APOGEE 1 1 0 1 0 0 241.30215719314882 114.99964411432046 143.1 244.7906589762135 107.3846774989105 28.829792 80.5306 306.1542504836312 48.14700579594007 -3.1223035 -4.3931675 0.24353851 306.1542366044514 48.14699276617019 306.0471190626121 48.24021295610022 36.3935740653482 308.8749335804029 16000.0 16600.0 2016.0 2 67 {-999.0 16.560238 14.30445 12.2278185 -999.0} sdss_psfmag_from_g3xp 15.403433 12.919209 11.5312395 7.773 63050395015678964 1151795734 bright_1x1 mwm_galactic_core_dist_apogee_sparse mwm_galactic science 0 0 0.0 0.0 -999 ""
FIBERMAP 706 R+6C21 BOSS 0 0 0 1 0 0 241.55888887257393 114.30238340977796 143.1 245.0254225284136 106.6797041755174 28.829792 80.5306 -999.0 -999.0 -999.0 -999.0 -999.0 306.1553191958122 48.14373350549945 306.0486252777544 48.23700719765433 36.393970361448346 308.87078974898475 -999.0 5400.0 -999.0 1 249 {-999.0 -999.0 -999.0 -999.0 -999.0} "" -999.0 -999.0 -999.0 -999.0 -999 -999 "" "" "" "" 0 0 0.0 0.0 -999 ""
FIBERMAP 706 R+6C21 METROLOGY 0 0 0 1 0 0 240.82634982025758 114.42261128467669 143.1 244.29699830482645 106.82282646548744 28.829792 80.5306 -999.0 -999.0 -999.0 -999.0 -999.0 306.15057745149016 48.144490407777674 306.0437585858037 48.23774084819818 36.39091927951067 308.8724265816554 -999.0 6231.0 -999.0 -1 -999 {-999.0 -999.0 -999.0 -999.0 -999.0} "" -999.0 -999.0 -999.0 -999.0 -999 -999 "" "" "" "" 0 0 0.0 0.0 -999 ""
FIBERMAP 709 R+2C18 APOGEE 0 0 0 1 0 0 119.30066968725261 31.023538215283466 143.1 120.21602137483625 27.270939907303003 292.7143 136.27136 -999.0 -999.0 -999.0 -999.0 -999.0 305.30695763146656 47.795930967627534 305.2003032980252 47.88766557302912 35.77076462663992 308.5803858754468 -999.0 16600.0 -999.0 2 -999 {-999.0 -999.0 -999.0 -999.0 -999.0} "" -999.0 -999.0 -999.0 -999.0 -999 -999 "" "" "" "" 0 0 0.0 0.0 -999 ""
FIBERMAP 709 R+2C18 BOSS 1 1 0 1 0 0 119.06294141450942 30.33396740206803 143.1 119.95680075055941 26.589144974122792 292.7143 136.27136 305.3048252345098 47.79281157421904 -2.8548844 -3.3466148 0.32481465 305.3048126307924 47.79280164843737 305.1985827938415 47.88458897262956 35.76902514742473 308.5769501473328 5400.0 5400.0 2016.0 1 200 {-999.0 18.506746 17.449497 16.937346 16.562115} sdss_psfmag_from_ps1dr2 18.1282 17.4202 16.5798 15.027 63050395015430033 1038703092 "" ops_std_boss_ps1dr2 ops_std standard_boss 0 0 0.0 0.0 -999 ""
FIBERMAP 709 R+2C18 METROLOGY 0 0 0 1 0 0 118.56689135771619 30.88851472245897 143.1 119.4783610651487 27.15897088770661 292.7143 136.27136 -999.0 -999.0 -999.0 -999.0 -999.0 305.30173210397146 47.795437736466695 305.1953700029826 47.887202907401516 35.76743025191421 308.58063326498166 -999.0 6231.0 -999.0 -1 -999 {-999.0 -999.0 -999.0 -999.0 -999.0} "" -999.0 -999.0 -999.0 -999.0 -999 -999 "" "" "" "" 0 0 0.0 0.0 -999 ""
FIBERMAP 710 R+8C6 APOGEE 0 0 0 1 0 0 -106.64966498265841 153.96684031238473 143.1 -101.775006928238 157.23520435473998 211.73476 87.69036 -999.0 -999.0 -999.0 -999.0 -999.0 303.79883470445293 48.3894609571886 303.6877711257103 48.4782674232594 34.90285122733367 309.5397910059038 -999.0 16600.0 -999.0 2 -999 {-999.0 -999.0 -999.0 -999.0 -999.0} "" -999.0 -999.0 -999.0 -999.0 -999 -999 "" "" "" "" 0 0 0.0 0.0 -999 ""
FIBERMAP 710 R+8C6 BOSS 1 1 0 1 0 0 -107.0188266361809 154.62357125415895 143.1 -102.1234169132841 157.9031897596763 211.73476 87.69036 303.79597521272296 48.392462824755896 -1.3430282 -4.943828 0.38877064 303.7959692139862 48.392448161773174 303.68531993903986 48.48130932945874 34.90189294264396 309.54383047185667 5400.0 5400.0 2016.0 1 77 {-999.0 18.719215 17.387383 16.894056 -999.0} sdss_psfmag_ps1 18.230707 17.36096 16.467407 14.496 63050395016008810 980252366 "" ops_std_boss_red ops_std standard_boss 0 0 0.0 0.0 -999 ""
FIBERMAP 710 R+8C6 METROLOGY 0 0 0 1 0 0 -106.2688770116471 154.60844961846195 143.1 -101.374297254803 157.86457829084893 211.73476 87.69036 -999.0 -999.0 -999.0 -999.0 -999.0 303.80121387301915 48.39231488612264 303.6904491513719 48.481168632832265 34.90518978167112 309.54280246943665 -999.0 6231.0 -999.0 -1 -999 {-999.0 -999.0 -999.0 -999.0 -999.0} "" -999.0 -999.0 -999.0 -999.0 -999 -999 "" "" "" "" 0 0 0.0 0.0 -999 ""
FIBERMAP 714 R-3C22 APOGEE 1 1 0 1 0 0 199.2559686424209 -68.52583722090326 143.1 197.01431907851153 -74.73627134970465 243.95195 86.89054 305.80960308028324 47.32716214416395 -4.0969853 -6.8080688 0.28419852 305.8095851530007 47.32714195199745 305.7055387170699 47.419899615773446 36.01185300676882 307.9313081648011 16000.0 16600.0 2016.0 2 209 {-999.0 16.543152 14.516105 13.517676 -999.0} sdss_psfmag_from_g3xp 15.553052 14.148786 13.001552 9.997 63050395015391517 1151795258 bright_1x1 mwm_galactic_core_dist_apogee_sparse mwm_galactic science 0 0 0.0 0.0 -999 ""
FIBERMAP 714 R-3C22 BOSS 0 0 0 1 0 0 198.60358700150044 -68.18966288272443 143.1 196.37278011364592 -74.37981660722424 243.95195 86.89054 -999.0 -999.0 -999.0 -999.0 -999.0 305.80503661173583 47.32873283269201 305.70138434301714 47.42153726424712 36.00942178006965 307.9339802285042 -999.0 5400.0 -999.0 1 309 {-999.0 -999.0 -999.0 -999.0 -999.0} "" -999.0 -999.0 -999.0 -999.0 -999 -999 "" "" "" "" 0 0 0.0 0.0 -999 ""
FIBERMAP 714 R-3C22 METROLOGY 0 0 0 1 0 0 199.2377542041461 -67.78195953441941 143.1 197.01942006342387 -73.99217627765418 243.95195 86.89054 -999.0 -999.0 -999.0 -999.0 -999.0 305.8094923272208 47.330459637506706 305.70572297447933 47.42325614734021 36.01263929972374 307.935345192716 -999.0 6231.0 -999.0 -1 -999 {-999.0 -999.0 -999.0 -999.0 -999.0} "" -999.0 -999.0 -999.0 -999.0 -999 -999 "" "" "" "" 0 0 0.0 0.0 -999 ""
FIBERMAP 715 R-6C17 APOGEE 1 1 0 1 0 0 118.6405918539658 -127.75752052465613 143.1 114.5814149932794 -131.4140257139916 259.7255 64.00343 305.2539782032724 47.07523743293998 -2.2750826 -2.8964825 0.11938949 305.2539682952932 47.0752288422137 305.1503251592817 47.167015721449644 35.59189295693391 307.71994141729186 16000.0 16600.0 2016.0 2 205 {-999.0 18.063917 15.796453 14.869862 -999.0} sdss_psfmag_ps1 16.911453 15.449229 14.209214 10.983 63050395015399353 1153345283 bright_1x1 mwm_galactic_core_dist_apogee_sparse mwm_galactic science 0 0 0.0 0.0 -999 ""
FIBERMAP 715 R-6C17 BOSS 0 0 0 1 0 0 118.05922054618 -127.29530036420817 143.1 114.01480183506938 -130.93380987105434 259.7255 64.00343 -999.0 -999.0 -999.0 -999.0 -999.0 305.2498909788281 47.077326189100816 305.1466441208383 47.169164031748046 35.58988922195276 307.72316291547975 -999.0 5400.0 -999.0 1 299 {-999.0 -999.0 -999.0 -999.0 -999.0} "" -999.0 -999.0 -999.0 -999.0 -999 -999 "" "" "" "" 0 0 0.0 0.0 -999 ""
FIBERMAP 715 R-6C17 METROLOGY 0 0 0 1 0 0 118.74125246008452 -126.99593885704645 143.1 114.70588925527909 -130.65595959763485 259.7255 64.00343 -999.0 -999.0 -999.0 -999.0 -999.0 305.25462584395325 47.07857898864972 305.1512630327357 47.17040858664884 35.593218857559116 307.72386122408363 -999.0 6231.0 -999.0 -1 -999 {-999.0 -999.0 -999.0 -999.0 -999.0} "" -999.0 -999.0 -999.0 -999.0 -999 -999 "" "" "" "" 0 0 0.0 0.0 -999 ""
FIBERMAP 717 R+6C9 APOGEE 0 0 0 1 0 0 -62.10985954106615 104.0114654139595 143.1 -58.82153006821239 105.90805836473719 276.70016 40.223106 -999.0 -999.0 -999.0 -999.0 -999.0 304.092648252069 48.15818833184699 303.98296219461884 48.24759263158502 35.0469205342302 309.21478652704025 -999.0 16600.0 -999.0 2 -999 {-999.0 -999.0 -999.0 -999.0 -999.0} "" -999.0 -999.0 -999.0 -999.0 -999 -999 "" "" "" "" 0 0 0.0 0.0 -999 ""
FIBERMAP 717 R+6C9 BOSS 1 1 0 1 0 0 -62.67295320173423 104.51717881267302 143.1 -59.368511553580284 106.4311741238104 276.70016 40.223106 304.08846314907873 48.160553728980275 -3.3490794 -3.9190104 0.03316704 304.0884482579092 48.16054210552074 303.97917384769625 48.24999821541911 35.044950258623324 309.2182989080018 5400.0 5400.0 2016.0 1 130 {-999.0 14.6486225 13.994927 13.625594 -999.0} sdss_psfmag_from_g3xp 14.438568 14.037217 13.247609 11.996 63050395015913728 1093845749 bright_1x1 mwm_astar_core_boss_single mwm_ob science 0 0 0.0 0.0 -999 ""
FIBERMAP 717 R+6C9 METROLOGY 0 0 0 1 0 0 -61.95739133699867 104.7418183610065 143.1 -58.646251255250306 106.63328738481587 276.70016 40.223106 -999.0 -999.0 -999.0 -999.0 -999.0 304.0935004919156 48.16147999548266 303.9841067397697 48.250928273549974 35.048356352780935 309.2185801794117 -999.0 6231.0 -999.0 -1 -999 {-999.0 -999.0 -999.0 -999.0 -999.0} "" -999.0 -999.0 -999.0 -999.0 -999 -999 "" "" "" "" 0 0 0.0 0.0 -999 ""
FIBERMAP 719 R+3C18 APOGEE 1 1 0 1 0 0 132.00232902377556 47.0738181427482 143.1 133.41452681877647 42.91563536617753 318.67294 107.865456 305.39709790895824 47.866206058816815 1.6848661 -4.8984823 0.408021 305.39753717099586 47.866191530325835 305.29068932665666 47.958078778886296 35.84400838115249 308.650812480411 16000.0 16600.0 2016.0 2 87 {-999.0 12.94346 11.104185 9.981864 -999.0} sdss_psfmag_from_g3xp 12.095341 10.654132 9.49279 6.576 63050395015433055 1151795297 bright_1x1 mwm_galactic_core_dist_apogee_sparse mwm_galactic science 0 0 1.0428767204284668 0.0 -999 ""
FIBERMAP 719 R+3C18 BOSS 0 0 0 1 0 0 131.6830278991157 46.38951354696809 143.1 133.07393708328976 42.241659945651286 318.67294 107.865456 -999.0 -999.0 -999.0 -999.0 -999.0 305.3948421847508 47.863113685172735 305.28841762355376 47.95505182539569 35.84192353764091 308.6475184175662 -999.0 5400.0 -999.0 1 218 {-999.0 -999.0 -999.0 -999.0 -999.0} "" -999.0 -999.0 -999.0 -999.0 -999 -999 "" "" "" "" 0 0 0.0 0.0 -999 ""
FIBERMAP 719 R+3C18 METROLOGY 0 0 0 1 0 0 131.25646894221353 47.00600653309387 143.1 132.666896341488 42.8712248468567 318.67294 107.865456 -999.0 -999.0 -999.0 -999.0 -999.0 305.39225065843215 47.866016864606586 305.28569331827555 47.95793395000948 35.84069918317718 308.6514458537698 -999.0 6231.0 -999.0 -1 -999 {-999.0 -999.0 -999.0 -999.0 -999.0} "" -999.0 -999.0 -999.0 -999.0 -999 -999 "" "" "" "" 0 0 0.0 0.0 -999 ""
FIBERMAP 721 R+9C9 APOGEE 1 1 0 1 0 0 -1.5189346294620487 183.03023121077706 143.1 4.21639074994016 182.99089275979256 40.20796 117.73381 304.5244920938489 48.507298277848626 -3.7627661 -5.3736444 0.14718767 304.52447524912066 48.507282340065636 304.41374669588566 48.59741847808176 35.39771023877126 309.5632877502802 16000.0 16600.0 2016.0 2 9 {-999.0 16.82062 14.721751 13.186394 -999.0} sdss_psfmag_from_g3xp 15.79249 13.885788 12.59412 9.255 63050395015927054 1151796080 bright_1x1 mwm_galactic_core_dist_apogee_sparse mwm_galactic science 0 0 0.0 0.0 -999 ""
FIBERMAP 721 R+9C9 BOSS 0 0 0 1 0 0 -0.8274554587700802 182.76136494395436 143.1 4.899117535487615 182.70048913857997 40.20796 117.73381 -999.0 -999.0 -999.0 -999.0 -999.0 304.5287282111372 48.505960525380885 304.41843580471124 48.59616160292169 35.40050123886075 309.56102316487625 -999.0 5400.0 -999.0 1 125 {-999.0 -999.0 -999.0 -999.0 -999.0} "" -999.0 -999.0 -999.0 -999.0 -999 -999 "" "" "" "" 0 0 0.0 0.0 -999 ""
FIBERMAP 721 R+9C9 METROLOGY 0 0 0 1 0 0 -1.397742045643776 182.2910610961639 143.1 4.314366496933932 182.2482765683601 40.20796 117.73381 -999.0 -999.0 -999.0 -999.0 -999.0 304.52482829761163 48.5039348787979 304.4144197716898 48.59411305154467 35.39749212528684 309.5592049132907 -999.0 6231.0 -999.0 -1 -999 {-999.0 -999.0 -999.0 -999.0 -999.0} "" -999.0 -999.0 -999.0 -999.0 -999 -999 "" "" "" "" 0 0 0.0 0.0 -999 ""
FIBERMAP 723 R-2C19 APOGEE 1 1 0 1 0 0 129.7506377740339 -57.45600709304167 143.1 127.88883318129466 -61.4939954141072 299.42294 66.80648 305.35013989801456 47.39177716266964 -3.8190846 -3.4909377 0.14641996 305.3501231662676 47.391766808837815 305.2452526837166 47.48366518978674 35.719642914841224 308.0852124018873 16000.0 16600.0 2016.0 2 212 {-999.0 18.029268 15.531454 14.223356 -999.0} sdss_psfmag_ps1 16.637459 14.841893 13.57687 10.033 63050395015407459 1153345291 bright_1x1 mwm_galactic_core_dist_apogee_sparse mwm_galactic science 0 0 0.0 0.0 -999 ""
FIBERMAP 723 R-2C19 BOSS 0 0 0 1 0 0 129.0127202347906 -57.52667884947031 143.1 127.14905186150378 -61.541513573226055 299.42294 66.80648 -999.0 -999.0 -999.0 -999.0 -999.0 305.3448276487224 47.39150993799997 305.2403627999208 47.48345589486799 35.716364279060805 308.08578268927647 -999.0 5400.0 -999.0 1 297 {-999.0 -999.0 -999.0 -999.0 -999.0} "" -999.0 -999.0 -999.0 -999.0 -999 -999 "" "" "" "" 0 0 0.0 0.0 -999 ""
FIBERMAP 723 R-2C19 METROLOGY 0 0 0 1 0 0 129.31297791067732 -56.85398671387514 143.1 127.47024335745918 -60.87854843861827 299.42294 66.80648 -999.0 -999.0 -999.0 -999.0 -999.0 305.34715017773675 47.39452561999296 305.2425588214519 47.486458975051214 35.71842472391548 308.08903565311755 -999.0 6231.0 -999.0 -1 -999 {-999.0 -999.0 -999.0 -999.0 -999.0} "" -999.0 -999.0 -999.0 -999.0 -999 -999 "" "" "" "" 0 0 0.0 0.0 -999 ""
FIBERMAP 724 R+1C21 APOGEE 0 0 0 1 0 0 166.7902520447634 39.04324876417665 143.1 167.93431812090404 33.79892370514819 141.01784 57.99029 -999.0 -999.0 -999.0 -999.0 -999.0 305.6294263701345 47.82209456299893 305.5230524105026 47.91441821723008 35.98818988481977 308.5604800863305 -999.0 16600.0 -999.0 2 -999 {-999.0 -999.0 -999.0 -999.0 -999.0} "" -999.0 -999.0 -999.0 -999.0 -999 -999 "" "" "" "" 0 0 0.0 0.0 -999 ""
FIBERMAP 724 R+1C21 BOSS 1 1 0 1 0 0 167.48127635596325 39.310493591665846 143.1 168.6333874051398 34.04439080756364 141.01784 57.99029 305.6338296398892 47.8231069891407 -999.0 -999.0 -999.0 305.6338296398892 47.823106989140705 305.52786762926183 47.91549292477941 35.991564253120394 308.56101013357875 5400.0 5400.0 2015.5 1 234 {-999.0 -999.0 -999.0 -999.0 -999.0} "" -999.0 -999.0 -999.0 -999.0 27021603114173454 818194166 "" ops_sky_boss_good ops_sky sky_boss 0 0 0.0 0.0 -999 ""
FIBERMAP 724 R+1C21 METROLOGY 0 0 0 1 0 0 167.36785358901753 38.57097931080597 143.1 168.49684844700684 33.30878145431448 141.01784 57.99029 -999.0 -999.0 -999.0 -999.0 -999.0 305.6329298663725 47.81979068928304 305.52686451765794 47.91216025649594 35.99025884937057 308.55713031714663 -999.0 6231.0 -999.0 -1 -999 {-999.0 -999.0 -999.0 -999.0 -999.0} "" -999.0 -999.0 -999.0 -999.0 -999 -999 "" "" "" "" 0 0 0.0 0.0 -999 ""
FIBERMAP 730 R+6C13 APOGEE 0 0 0 1 0 0 40.084148826339295 124.59762592940008 143.1 43.96893641275489 123.28255436730511 82.41768 147.97478 -999.0 -999.0 -999.0 -999.0 -999.0 304.794759259716 48.23611378490184 304.685563353118 48.326808676585706 35.520782053229425 309.19380910610573 -999.0 16600.0 -999.0 2 -999 {-999.0 -999.0 -999.0 -999.0 -999.0} "" -999.0 -999.0 -999.0 -999.0 -999 -999 "" "" "" "" 0 0 0.0 0.0 -999 ""
FIBERMAP 730 R+6C13 BOSS 1 1 0 1 0 0 40.57013031880867 125.17349827365828 143.1 44.47273001189653 123.84292669650817 82.41768 147.97478 304.79782470589294 48.238650141699125 1.2564952 -5.503177 0.69381094 304.79783030122974 48.23863381973368 304.6890478116769 48.32939057671886 35.52356435002455 309.1963545182212 5400.0 5400.0 2016.0 1 149 {-999.0 16.95228 16.208597 15.981861 -999.0} sdss_psfmag_ps1 16.689978 16.212421 15.573881 14.438 63050395015898784 981829433 "" ops_std_boss_tic ops_std standard_boss 0 0 0.0 0.0 -999 ""
FIBERMAP 730 R+6C13 METROLOGY 0 0 0 1 0 0 40.82071234983215 124.47873036021609 143.1 44.70142493920535 123.14063765773184 82.41768 147.97478 -999.0 -999.0 -999.0 -999.0 -999.0 304.79947818199196 48.235446693119364 304.6905925623774 48.32619101887557 35.52393720521813 309.19225115561954 -999.0 6231.0 -999.0 -1 -999 {-999.0 -999.0 -999.0 -999.0 -999.0} "" -999.0 -999.0 -999.0 -999.0 -999 -999 "" "" "" "" 0 0 0.0 0.0 -999 ""
FIBERMAP 733 R+2C2 APOGEE 0 0 0 1 0 0 -249.20774228434993 27.47031754965198 143.1 -248.22869776969793 35.26531259102526 243.58696 130.24838 -999.0 -999.0 -999.0 -999.0 -999.0 302.8178134162077 47.82686624984267 302.70816903297083 47.91394837161555 34.14332342586255 309.04238061447023 -999.0 16600.0 -999.0 2 -999 {-999.0 -999.0 -999.0 -999.0 -999.0} "" -999.0 -999.0 -999.0 -999.0 -999 -999 "" "" "" "" 0 0 0.0 0.0 -999 ""
FIBERMAP 733 R+2C2 BOSS 1 1 0 1 0 0 -249.89592816573833 27.279760002140183 143.1 -248.92252724793465 35.09640741437311 243.58696 130.24838 302.8127544358692 47.8259875714189 -0.9543727 -4.965875 0.44356817 302.81275021982145 47.825972843046564 302.7035412002307 47.91311325529091 34.14011322880613 309.0422399078771 5400.0 5400.0 2016.0 1 10 {-999.0 16.68003 16.062704 15.792564 15.641359} sdss_psfmag_from_ps1dr2 16.5176 16.0663 15.4465 14.494 63050395015949592 1038707685 "" ops_std_boss_ps1dr2 ops_std standard_boss 0 0 0.0 0.0 -999 ""
FIBERMAP 733 R+2C2 METROLOGY 0 0 0 1 0 0 -249.72965614552433 28.003485348778874 143.1 -248.73365882723166 35.81457948809086 243.58696 130.24838 -999.0 -999.0 -999.0 -999.0 -999.0 302.8140560076074 47.82925891676272 302.70470996515814 47.916381851813256 34.14161135538842 309.0458752490966 -999.0 6231.0 -999.0 -1 -999 {-999.0 -999.0 -999.0 -999.0 -999.0} "" -999.0 -999.0 -999.0 -999.0 -999 -999 "" "" "" "" 0 0 0.0 0.0 -999 ""
FIBERMAP 741 R+5C9 APOGEE 1 1 0 1 0 0 -39.52733695323419 93.85752368476662 143.1 -36.56787068367687 95.05139582253314 17.899706 85.91792 304.2444150141149 48.109107217129534 -999.0 -999.0 -999.0 304.2444150141149 48.10910721712954 304.1351245877805 48.19880495734446 35.136044805007295 309.13087571465496 16000.0 16600.0 2015.5 2 101 {-999.0 -999.0 -999.0 -999.0 -999.0} "" -999.0 -999.0 -999.0 -999.0 27021603114183876 830409619 "" ops_sky_apogee_best ops_sky sky_apogee 0 0 0.0 0.0 -999 ""
FIBERMAP 741 R+5C9 BOSS 0 0 0 1 0 0 -39.329611831672075 93.14487060289225 143.1 -36.39256793022242 94.33288619378658 17.899706 85.91792 -999.0 -999.0 -999.0 -999.0 -999.0 304.2451569893648 48.10582982751842 304.1363070690046 48.195589256702384 35.136154283895166 309.12682931906164 -999.0 5400.0 -999.0 1 75 {-999.0 -999.0 -999.0 -999.0 -999.0} "" -999.0 -999.0 -999.0 -999.0 -999 -999 "" "" "" "" 0 0 0.0 0.0 -999 ""
FIBERMAP 741 R+5C9 METROLOGY 0 0 0 1 0 0 -40.04885821919548 93.31560162983321 143.1 -37.106123464892924 94.52607117112476 17.899706 85.91792 -999.0 -999.0 -999.0 -999.0 -999.0 304.2404176569586 48.10671227518586 304.13143780847054 48.196445801468364 35.13315436808568 309.12867131906137 -999.0 6231.0 -999.0 -1 -999 {-999.0 -999.0 -999.0 -999.0 -999.0} "" -999.0 -999.0 -999.0 -999.0 -999 -999 "" "" "" "" 0 0 0.0 0.0 -999 ""
FIBERMAP 742 R-5C19 APOGEE 0 0 0 1 0 0 151.69087524872268 -95.4765910904164 143.1 148.6274099740379 -100.18394143493343 196.55112 92.37238 -999.0 -999.0 -999.0 -999.0 -999.0 305.4842278469848 47.215001511923234 305.38026553328837 47.30718389326168 35.77341823727786 307.8494718121488 -999.0 16600.0 -999.0 2 -999 {-999.0 -999.0 -999.0 -999.0 -999.0} "" -999.0 -999.0 -999.0 -999.0 -999 -999 "" "" "" "" 0 0 0.0 0.0 -999 ""
FIBERMAP 742 R-5C19 BOSS 1 1 0 1 0 0 151.435798169635 -94.7800506743823 143.1 148.39427766864577 -99.4797398989936 196.55112 92.37238 305.48241960430096 47.218144028406826 0.32312134 -8.591711 0.67721206 305.48242101528143 47.21811854610716 305.3788519002228 47.3103544361871 35.77312244863671 307.85353799378123 5400.0 5400.0 2016.0 1 287 {-999.0 17.442421 16.711954 16.165195 -999.0} sdss_psfmag_ps1 17.152487 16.596796 15.885835 14.637 63050395015379030 981828956 "" ops_std_boss_tic ops_std standard_boss 0 0 0.0 0.0 -999 ""
FIBERMAP 742 R-5C19 METROLOGY 0 0 0 1 0 0 152.17472745512825 -94.90865709524772 143.1 149.128826578355 -99.63143697092175 196.55112 92.37238 -999.0 -999.0 -999.0 -999.0 -999.0 305.48739725413424 47.21741131353242 305.3837212996224 47.30964012530147 35.77621073378826 307.8518508633429 -999.0 6231.0 -999.0 -1 -999 {-999.0 -999.0 -999.0 -999.0 -999.0} "" -999.0 -999.0 -999.0 -999.0 -999 -999 "" "" "" "" 0 0 0.0 0.0 -999 ""
FIBERMAP 743 R-1C3 APOGEE 1 1 0 1 0 0 -235.62118441821667 -7.998407718859789 143.1 -235.7598796114997 -0.6122537273708394 78.63877 128.47066 302.9048949907327 47.665469672823534 3.7193072 2.1383467 3.0329857 302.90491137060263 47.66547601498057 302.79607906514264 47.75275716661445 34.164521188002055 308.8365394348582 16000.0 16600.0 2016.0 2 281 {-999.0 9.467387 9.650415 9.8064995 -999.0} sdss_psfmag_from_g3xp 9.590855 9.5603285 9.486708 9.405 63050395015946158 974805586 "" ops_std_apogee ops_std standard_apogee 0 0 0.0 0.0 -999 ""
FIBERMAP 743 R-1C3 BOSS 0 0 0 1 0 0 -234.96178499594288 -7.648061075568089 143.1 -235.08981649513913 -0.2827334238864755 78.63877 128.47066 -999.0 -999.0 -999.0 -999.0 -999.0 302.9088440367782 47.666954910485906 302.8004452132101 47.7543103356769 34.16773139637273 308.8375678317523 -999.0 5400.0 -999.0 1 433 {-999.0 -999.0 -999.0 -999.0 -999.0} "" -999.0 -999.0 -999.0 -999.0 -999 -999 "" "" "" "" 0 0 0.0 0.0 -999 ""
FIBERMAP 743 R-1C3 METROLOGY 0 0 0 1 0 0 -234.98198816301843 -8.393244071253893 143.1 -235.13335773647765 -1.026929505609429 78.63877 128.47066 -999.0 -999.0 -999.0 -999.0 -999.0 302.9087762668812 47.66359893656995 302.8002689638239 47.750935766807714 34.166854721098105 308.83362674733297 -999.0 6231.0 -999.0 -1 -999 {-999.0 -999.0 -999.0 -999.0 -999.0} "" -999.0 -999.0 -999.0 -999.0 -999 -999 "" "" "" "" 0 0 0.0 0.0 -999 ""
FIBERMAP 748 R-1C24 APOGEE 1 1 0 1 0 0 247.30902762055973 -14.317618100877805 143.1 246.74297813497586 -22.059370423488247 23.460848 115.8946 306.147975072565 47.56132909641291 3.3325796 -1.0035195 0.22075808 306.14798972008083 47.561326120056584 306.0433677496728 47.654655907399125 36.28124167233446 308.16151511474055 16000.0 16600.0 2016.0 2 210 {-999.0 16.446676 14.466919 13.469154 -999.0} sdss_psfmag_from_g3xp 15.494157 14.1050205 12.959568 9.931 63050395015622004 1151795545 bright_1x1 mwm_galactic_core_dist_apogee_sparse mwm_galactic science 0 0 0.0 0.0 -999 ""
FIBERMAP 748 R-1C24 BOSS 0 0 0 1 0 0 247.88055420173194 -14.796807714993424 143.1 247.299219564532 -22.556239210936823 23.460848 115.8946 -999.0 -999.0 -999.0 -999.0 -999.0 306.15121735268457 47.55896525566103 306.0470140004356 47.65235451390514 36.283212366986376 308.1581301207994 -999.0 5400.0 -999.0 1 311 {-999.0 -999.0 -999.0 -999.0 -999.0} "" -999.0 -999.0 -999.0 -999.0 -999 -999 "" "" "" "" 0 0 0.0 0.0 -999 ""
FIBERMAP 748 R-1C24 METROLOGY 0 0 0 1 0 0 247.1854301576299 -15.056801636980037 143.1 246.59627967597262 -22.79433040100635 23.460848 115.8946 -999.0 -999.0 -999.0 -999.0 -999.0 306.1466290823206 47.55797499329971 306.04230959335155 47.65134102004602 36.27990796992776 308.1576480819246 -999.0 6231.0 -999.0 -1 -999 {-999.0 -999.0 -999.0 -999.0 -999.0} "" -999.0 -999.0 -999.0 -999.0 -999 -999 "" "" "" "" 0 0 0.0 0.0 -999 ""
FIBERMAP 751 R-10C16 APOGEE 0 0 0 1 0 0 163.56376967105106 -185.69537912392047 143.1 157.66797929733542 -190.73187579723285 31.510265 134.75012 -999.0 -999.0 -999.0 -999.0 -999.0 305.53169298494174 46.805795758548925 305.42950131045524 46.898150748467586 35.72238244659665 307.3477209981694 -999.0 16600.0 -999.0 2 -999 {-999.0 -999.0 -999.0 -999.0 -999.0} "" -999.0 -999.0 -999.0 -999.0 -999 -999 "" "" "" "" 0 0 0.0 0.0 -999 ""
FIBERMAP 751 R-10C16 BOSS 1 1 0 1 0 0 164.2962988070947 -185.86394916458227 143.1 158.39487897883112 -190.92331698251198 31.510265 134.75012 305.53611480790727 46.80494174139553 -11.791191 -38.006634 1.1026596 305.53606371598096 46.80482901687269 305.43428670849454 46.89725115703783 35.72539501666972 307.34580264299797 5400.0 5400.0 2016.0 1 268 {-999.0 15.590475 14.9458685 14.678138 -999.0} sdss_psfmag_from_g3xp 15.42077 14.96349 14.330752 13.203 63050395015364736 1072488548 bright_1x1 mwm_halo_local_high_boss_single mwm_halo science 0 0 0.0 0.0 -999 ""
FIBERMAP 751 R-10C16 METROLOGY 0 0 0 1 0 0 163.78473320030452 -186.40800602437517 143.1 157.86651024186924 -191.45108735018525 31.510265 134.75012 -999.0 -999.0 -999.0 -999.0 -999.0 305.5326167272031 46.802502195565786 305.4307306281094 46.89490165666325 35.722531107325125 307.3435914057555 -999.0 6231.0 -999.0 -1 -999 {-999.0 -999.0 -999.0 -999.0 -999.0} "" -999.0 -999.0 -999.0 -999.0 -999 -999 "" "" "" "" 0 0 0.0 0.0 -999 ""
FIBERMAP 753 R-2C22 APOGEE 0 0 0 1 0 0 207.41548697689788 -18.65806995240407 143.1 206.7323919563234 -25.147838022027084 136.42322 38.10346 -999.0 -999.0 -999.0 -999.0 -999.0 305.8816928625696 47.551145826098434 305.77678614071834 47.64398940753277 36.10296768221746 308.19144973899006 -999.0 16600.0 -999.0 2 -999 {-999.0 -999.0 -999.0 -999.0 -999.0} "" -999.0 -999.0 -999.0 -999.0 -999 -999 "" "" "" "" 0 0 0.0 0.0 -999 ""
FIBERMAP 753 R-2C22 BOSS 1 1 0 1 0 0 208.16685625725313 -18.723663775406763 143.1 207.48134922916208 -25.23694218664561 136.42322 38.10346 305.88633078670244 47.5506155535499 -999.0 -999.0 -999.0 305.88633078670244 47.5506155535499 305.78183899790054 47.6435220631916 36.10621624301526 308.1900635902949 5400.0 5400.0 2015.5 1 285 {-999.0 -999.0 -999.0 -999.0 -999.0} "" -999.0 -999.0 -999.0 -999.0 27021603114172849 818194082 "" ops_sky_boss_good ops_sky sky_boss 0 0 0.0 0.0 -999 ""
FIBERMAP 753 R-2C22 METROLOGY 0 0 0 1 0 0 207.74058448204775 -19.32961562669372 143.1 207.0362945537789 -25.829250529321662 136.42322 38.10346 -999.0 -999.0 -999.0 -999.0 -999.0 305.8833804056647 47.547984926566976 305.778780796216 47.64087119273965 36.10367995449087 308.1873406726758 -999.0 6231.0 -999.0 -1 -999 {-999.0 -999.0 -999.0 -999.0 -999.0} "" -999.0 -999.0 -999.0 -999.0 -999 -999 "" "" "" "" 0 0 0.0 0.0 -999 ""
FIBERMAP 756 R-13C9 APOGEE 1 1 0 1 0 0 18.521933841240408 -266.0865599460602 143.1 10.176257148086899 -266.54050324413754 276.69797 48.760242 304.5536254283986 46.47040667361793 -999.0 -999.0 -999.0 304.5536254283986 46.47040667361793 304.4517274935681 46.56102370975973 34.99549196548318 307.1201239644196 16000.0 16600.0 2015.5 2 207 {-999.0 -999.0 -999.0 -999.0 -999.0} "" -999.0 -999.0 -999.0 -999.0 27021603114171446 840305378 "" ops_sky_apogee_best ops_sky sky_apogee 0 0 0.0 0.0 -999 ""
FIBERMAP 756 R-13C9 BOSS 0 0 0 1 0 0 17.89620480606447 -265.690015975818 143.1 9.563249599084779 -266.12454260670796 276.69797 48.760242 -999.0 -999.0 -999.0 -999.0 -999.0 304.54919720437374 46.472195294834094 304.44769984430087 46.562868246008165 34.99320020710054 307.1230685556846 -999.0 5400.0 -999.0 1 334 {-999.0 -999.0 -999.0 -999.0 -999.0} "" -999.0 -999.0 -999.0 -999.0 -999 -999 "" "" "" "" 0 0 0.0 0.0 -999 ""
FIBERMAP 756 R-13C9 METROLOGY 0 0 0 1 0 0 18.55556969623826 -265.3427308290421 143.1 10.233182278597134 -265.79808126376275 276.69797 48.760242 -999.0 -999.0 -999.0 -999.0 -999.0 304.55372472577 46.47366109008817 304.45210915653377 46.564323836739455 34.99647896003488 307.12398141632605 -999.0 6231.0 -999.0 -1 -999 {-999.0 -999.0 -999.0 -999.0 -999.0} "" -999.0 -999.0 -999.0 -999.0 -999 -999 "" "" "" "" 0 0 0.0 0.0 -999 ""
FIBERMAP 758 R+4C17 APOGEE 1 1 0 1 0 0 116.74932203971356 90.78973316830931 143.1 119.53844748879003 87.08868677865073 77.34153 109.509766 305.3073028486398 48.06786202741201 -0.21782863 -1.1577544 0.6184807 305.3073018818435 48.067858593608776 305.19946844485645 48.15953743220603 35.82353027506086 308.9092051487957 16000.0 16600.0 2016.0 2 83 {-999.0 12.304793 10.9532 10.408559 -999.0} sdss_psfmag_from_g3xp 11.765292 10.92027 10.023211 8.052 63050395015436608 1151795326 bright_1x1 mwm_galactic_core_dist_apogee_sparse mwm_galactic science 0 0 0.0 0.0 -999 ""
FIBERMAP 758 R+4C17 BOSS 0 0 0 1 0 0 117.48543369557532 90.87898309351797 143.1 120.2770058640025 87.15483086394146 77.34153 109.509766 -999.0 -999.0 -999.0 -999.0 -999.0 305.31197483365924 48.06808650998933 305.2045614622265 48.15982870846834 35.82691945181533 308.90874287070136 -999.0 5400.0 -999.0 1 210 {-999.0 -999.0 -999.0 -999.0 -999.0} "" -999.0 -999.0 -999.0 -999.0 -999 -999 "" "" "" "" 0 0 0.0 0.0 -999 ""
FIBERMAP 758 R+4C17 METROLOGY 0 0 0 1 0 0 117.20695118358174 90.19497751579213 143.1 119.97722472334819 86.47987541281123 77.34153 109.509766 -999.0 -999.0 -999.0 -999.0 -999.0 305.309991948726 48.06505214723997 305.20247169514107 48.156775773485585 35.824958454878995 308.90538366300433 -999.0 6231.0 -999.0 -1 -999 {-999.0 -999.0 -999.0 -999.0 -999.0} "" -999.0 -999.0 -999.0 -999.0 -999 -999 "" "" "" "" 0 0 0.0 0.0 -999 ""
FIBERMAP 760 R+10C10 APOGEE 0 0 0 1 0 0 33.38906751053908 182.10472511677665 143.1 39.078816131111004 180.9721076309537 336.54797 92.08362 -999.0 -999.0 -999.0 -999.0 -999.0 304.7634262660472 48.49729971439122 304.6530334879823 48.587882023743205 35.551008651353875 309.5135793966938 -999.0 16600.0 -999.0 2 -999 {-999.0 -999.0 -999.0 -999.0 -999.0} "" -999.0 -999.0 -999.0 -999.0 -999 -999 "" "" "" "" 0 0 0.0 0.0 -999 ""
FIBERMAP 760 R+10C10 BOSS 1 1 0 1 0 0 33.11353032859272 181.39306684185848 143.1 38.78111252232444 180.2694203345959 336.54797 92.08362 304.7609599762694 48.49414263014982 -0.61077654 -1.7893232 0.63574976 304.7609572427226 48.494137323166115 304.6509983330528 48.584771584425425 35.54908042257706 309.51015350235286 5400.0 5400.0 2016.0 1 122 {-999.0 17.138258 16.255363 16.053999 -999.0} sdss_psfmag_ps1 16.799805 16.305618 15.638481 14.513 63050395015925614 982106739 "" ops_std_boss_tic ops_std standard_boss 0 0 0.0 0.0 -999 ""
FIBERMAP 760 R+10C10 METROLOGY 0 0 0 1 0 0 32.65226177900374 181.9873398771234 143.1 38.338682489452864 180.8778633402856 336.54797 92.08362 -999.0 -999.0 -999.0 -999.0 -999.0 304.7580619059378 48.49690350512111 304.64796741267145 48.587515897997 35.5476506483179 309.51394305519574 -999.0 6231.0 -999.0 -1 -999 {-999.0 -999.0 -999.0 -999.0 -999.0} "" -999.0 -999.0 -999.0 -999.0 -999 -999 "" "" "" "" 0 0 0.0 0.0 -999 ""
FIBERMAP 761 R+4C9 APOGEE 1 1 0 1 0 0 -79.12523991445234 87.02033247590938 143.1 -76.36118607477722 89.45811191541782 155.87103 101.405495 303.9733542319749 48.08311851443507 -999.0 -999.0 -999.0 303.9733542319749 48.08311851443507 303.8638629226113 48.172315746331144 34.953628762424344 309.14505714550853 16000.0 16600.0 2015.5 2 118 {-999.0 -999.0 -999.0 -999.0 -999.0} "" -999.0 -999.0 -999.0 -999.0 27021603114183958 830409616 "" ops_sky_apogee_best ops_sky sky_apogee 0 0 0.0 0.0 -999 ""
FIBERMAP 761 R+4C9 BOSS 0 0 0 1 0 0 -78.9683301608888 87.75133054852769 143.1 -76.18144760907633 90.1838465944493 155.87103 101.405495 -999.0 -999.0 -999.0 -999.0 -999.0 303.9740859155758 48.08640080714327 303.8650083876077 48.17565967975698 34.95507503200769 309.14885196659804 -999.0 5400.0 -999.0 1 64 {-999.0 -999.0 -999.0 -999.0 -999.0} "" -999.0 -999.0 -999.0 -999.0 -999 -999 "" "" "" "" 0 0 0.0 0.0 -999 ""
FIBERMAP 761 R+4C9 METROLOGY 0 0 0 1 0 0 -78.38983322551792 87.28187592662685 143.1 -75.61793412434278 89.69648978429252 155.87103 101.405495 -999.0 -999.0 -999.0 -999.0 -999.0 303.9780609521141 48.08420912230583 303.86887655728214 48.17345860005048 34.95713738273423 309.1455677132234 -999.0 6231.0 -999.0 -1 -999 {-999.0 -999.0 -999.0 -999.0 -999.0} "" -999.0 -999.0 -999.0 -999.0 -999 -999 "" "" "" "" 0 0 0.0 0.0 -999 ""
FIBERMAP 762 R+2C22 APOGEE 0 0 0 1 0 0 188.70802140859337 33.81329731272466 143.1 189.67781579496793 27.884740514652538 205.64378 113.602104 -999.0 -999.0 -999.0 -999.0 -999.0 305.774845442748 47.79332732169391 305.6687740158466 47.8859244325968 36.07853940496375 308.502568082166 -999.0 16600.0 -999.0 2 -999 {-999.0 -999.0 -999.0 -999.0 -999.0} "" -999.0 -999.0 -999.0 -999.0 -999 -999 "" "" "" "" 0 0 0.0 0.0 -999 ""
FIBERMAP 762 R+2C22 BOSS 1 1 0 1 0 0 188.14837463352342 34.28056992243339 143.1 189.13307515216474 28.369325745945435 205.64378 113.602104 305.7701533458336 47.795542998811264 -3.369561 -4.317077 0.90693 305.7709184076927 47.79553019471886 305.6652419616994 47.88817368288984 36.07664827003138 308.50586333066167 5400.0 5400.0 2016.0 1 224 {-999.0 10.746122 10.503839 10.44425 -999.0} sdss_psfmag_from_g3xp 10.737708 10.502168 10.108227 9.478 63050395015425359 1093754183 bright_1x1 mwm_astar_core_boss_single mwm_ob science 0 0 1.886204481124878 0.0 -999 ""
FIBERMAP 762 R+2C22 METROLOGY 0 0 0 1 0 0 188.8468463211064 34.546365948104416 143.1 189.8395428826329 28.61311139748153 205.64378 113.602104 -999.0 -999.0 -999.0 -999.0 -999.0 305.7757900957214 47.79658555832023 305.66999924546604 47.88922232696713 36.079980639076965 308.50637651730483 -999.0 6231.0 -999.0 -1 -999 {-999.0 -999.0 -999.0 -999.0 -999.0} "" -999.0 -999.0 -999.0 -999.0 -999 -999 "" "" "" "" 0 0 0.0 0.0 -999 ""
FIBERMAP 765 R+2C19 APOGEE 1 0 0 1 0 0 134.136815896809 52.713626827842425 143.1 135.72470336070984 48.485888879372865 98.60336 109.997284 305.263280538919 47.852804743519485 9.858888 -49.80708 19.550552 305.4136619447715 47.891345582301895 305.3067250702968 47.983257277039314 35.85946302625757 308.67868479518387 16000.0 16600.0 2016.0 2 72 {-999.0 13.704779 12.329756 11.436404 -999.0} sdss_psfmag_from_g3xp 13.155385 12.106994 11.034882 9.083 63050395015431711 984826490 bright_1x1 mwm_snc_100pc_apogee mwm_snc science 0 0 0.0 0.0 -999 ""
FIBERMAP 765 R+2C19 BOSS 0 0 0 1 0 0 134.7898565682343 53.07425905997501 143.1 136.3887330087579 48.82588911556604 98.60336 109.997284 -999.0 -999.0 -999.0 -999.0 -999.0 305.4178492736001 47.89280685248356 305.31132439098525 47.98478105082156 35.86277989726263 308.6797866412104 -999.0 5400.0 -999.0 1 221 {-999.0 -999.0 -999.0 -999.0 -999.0} "" -999.0 -999.0 -999.0 -999.0 -999 -999 "" "" "" "" 0 0 0.0 0.0 -999 ""
FIBERMAP 765 R+2C19 METROLOGY 0 0 0 1 0 0 134.7774064335495 52.324727657140016 143.1 136.35280487562807 48.07710377813102 98.60336 109.997284 -999.0 -999.0 -999.0 -999.0 -999.0 305.41763914849497 47.88941803970204 305.3110115545467 47.98137695430518 35.86190953428056 308.6757176700095 -999.0 6231.0 -999.0 -1 -999 {-999.0 -999.0 -999.0 -999.0 -999.0} "" -999.0 -999.0 -999.0 -999.0 -999 -999 "" "" "" "" 0 0 0.0 0.0 -999 ""
FIBERMAP 766 R+7C3 APOGEE 1 1 0 1 0 0 -175.96261380711445 130.88392568580088 143.1 -171.77825743433226 136.33492852561625 170.03088 151.18584 303.3233723485692 48.2907876139835 -3.5224352 -3.892046 0.15937167 303.3233566466966 48.2907760704981 303.2121899970411 48.3787115338031 34.573384657681046 309.5022910399379 16000.0 16600.0 2016.0 2 123 {-999.0 16.03049 14.48966 13.742143 -999.0} sdss_psfmag_from_g3xp 15.3729105 14.316844 13.303927 10.886 63050395015969144 1151796068 bright_1x1 mwm_galactic_core_dist_apogee_sparse mwm_galactic science 0 0 0.0 0.0 -999 ""
FIBERMAP 766 R+7C3 BOSS 0 0 0 1 0 0 -176.55709612619768 131.34498742955665 143.1 -172.3580116717433 136.81439728914071 170.03088 151.18584 -999.0 -999.0 -999.0 -999.0 -999.0 303.31892133746334 48.292859062075024 303.2081752027505 48.38084900584732 34.57123720992658 309.5055197027124 -999.0 5400.0 -999.0 1 26 {-999.0 -999.0 -999.0 -999.0 -999.0} "" -999.0 -999.0 -999.0 -999.0 -999 -999 "" "" "" "" 0 0 0.0 0.0 -999 ""
FIBERMAP 766 R+7C3 METROLOGY 0 0 0 1 0 0 -175.86318526490305 131.62425417584168 143.1 -171.65568054411693 137.07179016080582 170.03088 151.18584 -999.0 -999.0 -999.0 -999.0 -999.0 303.32380006871836 48.29408938744881 303.2129306329735 48.38207028566785 34.57458376896981 309.5061479383205 -999.0 6231.0 -999.0 -1 -999 {-999.0 -999.0 -999.0 -999.0 -999.0} "" -999.0 -999.0 -999.0 -999.0 -999 -999 "" "" "" "" 0 0 0.0 0.0 -999 ""
FIBERMAP 776 R+1C5 APOGEE 1 1 0 1 0 0 -180.01208981638175 26.602788272066146 143.1 -179.093090234432 32.230194672296385 34.08793 118.25068 303.2806495170169 47.81851651145119 -999.0 -999.0 -999.0 303.2806495170169 47.8185165114512 303.17154880728407 47.90647154370994 34.44449124150951 308.94998758866507 16000.0 16600.0 2015.5 2 110 {-999.0 -999.0 -999.0 -999.0 -999.0} "" -999.0 -999.0 -999.0 -999.0 27021603114185180 840307134 "" ops_sky_apogee_best ops_sky sky_apogee 0 0 0.0 0.0 -999 ""
FIBERMAP 776 R+1C5 BOSS 0 0 0 1 0 0 -179.3622296783863 26.222624979356077 143.1 -178.45544981299602 31.829850869883785 34.08793 118.25068 -999.0 -999.0 -999.0 -999.0 -999.0 303.28445413941887 47.81668353132955 303.1757980978894 47.90471140004157 34.44688330361247 308.9471462020092 -999.0 5400.0 -999.0 1 63 {-999.0 -999.0 -999.0 -999.0 -999.0} "" -999.0 -999.0 -999.0 -999.0 -999 -999 "" "" "" "" 0 0 0.0 0.0 -999 ""
FIBERMAP 776 R+1C5 METROLOGY 0 0 0 1 0 0 -180.0167456442145 25.8520214470905 143.1 -179.12126647013625 31.479930292479025 34.08793 118.25068 -999.0 -999.0 -999.0 -999.0 -999.0 303.28014396700206 47.81506897659168 303.17136781626283 47.90307060380408 34.44362532367943 308.9459968321738 -999.0 6231.0 -999.0 -1 -999 {-999.0 -999.0 -999.0 -999.0 -999.0} "" -999.0 -999.0 -999.0 -999.0 -999 -999 "" "" "" "" 0 0 0.0 0.0 -999 ""
FIBERMAP 779 R+1C20 APOGEE 1 1 0 1 0 0 158.2086781996929 32.509432897713985 143.1 159.15210605604844 27.53708424648862 82.2414 74.04089 305.5695566852976 47.79434302905325 14.428276 7.317822 5.350151 305.56962038503406 47.794364733086375 305.4632910803795 47.88658501027009 35.94347944680788 308.5363670024896 16000.0 16600.0 2016.0 2 85 {-999.0 9.495838 9.350659 9.331231 -999.0} sdss_psfmag_from_g3xp 9.517558 9.337437 9.01198 8.292 63050395015426536 1076200359 bright_1x1 mwm_snc_ext_main_apogee mwm_snc science 0 0 0.0 0.0 -999 ""
FIBERMAP 779 R+1C20 BOSS 0 0 0 1 0 0 158.8898982142908 32.227472704554046 143.1 159.824168306213 27.233914352121207 82.2414 74.04089 -999.0 -999.0 -999.0 -999.0 -999.0 305.5737846565811 47.79288945067886 305.467879287109 47.885171483385186 35.946222041026736 308.53391401209257 -999.0 5400.0 -999.0 1 233 {-999.0 -999.0 -999.0 -999.0 -999.0} "" -999.0 -999.0 -999.0 -999.0 -999 -999 "" "" "" "" 0 0 0.0 0.0 -999 ""
FIBERMAP 779 R+1C20 METROLOGY 0 0 0 1 0 0 158.30003762493965 31.766870778355127 143.1 159.22015653706038 26.79201237766861 82.2414 74.04089 -999.0 -999.0 -999.0 -999.0 -999.0 305.5697706271497 47.79094312648662 305.46375220753947 47.883202668001914 35.94312373145665 308.53219484059076 -999.0 6231.0 -999.0 -1 -999 {-999.0 -999.0 -999.0 -999.0 -999.0} "" -999.0 -999.0 -999.0 -999.0 -999 -999 "" "" "" "" 0 0 0.0 0.0 -999 ""
FIBERMAP 781 R+8C12 APOGEE 0 0 0 1 0 0 33.679103585690974 153.43554159670657 143.1 38.47046714099724 152.30745307961544 170.5276 133.75894 -999.0 -999.0 -999.0 -999.0 -999.0 304.75826157263003 48.36780388113014 304.648438471528 48.45840358328811 35.5226189404729 309.35829142429344 -999.0 16600.0 -999.0 2 -999 {-999.0 -999.0 -999.0 -999.0 -999.0} "" -999.0 -999.0 -999.0 -999.0 -999 -999 "" "" "" "" 0 0 0.0 0.0 -999 ""
FIBERMAP 781 R+8C12 BOSS 1 1 0 1 0 0 33.25584841710963 154.05614178866992 143.1 38.066857303152474 152.94101972346618 170.5276 133.75894 304.7551155892392 48.37066638131454 1.3767616 5.814091 0.6067538 304.7551217360198 48.37068362542484 304.6457041037732 48.46133326607907 35.521418342827644 309.3622594097697 5400.0 5400.0 2016.0 1 139 {-999.0 16.715748 16.102571 15.947789 -999.0} sdss_psfmag_ps1 16.535427 16.087841 15.468736 14.405 63050395015902730 981829428 "" ops_std_boss_tic ops_std standard_boss 0 0 0.0 0.0 -999 ""
FIBERMAP 781 R+8C12 METROLOGY 0 0 0 1 0 0 33.992682918473164 154.112542322381 143.1 38.80510896123175 152.97430737103738 170.5276 133.75894 -999.0 -999.0 -999.0 -999.0 -999.0 304.76029048951114 48.370815277040286 304.65075898922896 48.461458415364866 35.5247293805483 309.36159887193077 -999.0 6231.0 -999.0 -1 -999 {-999.0 -999.0 -999.0 -999.0 -999.0} "" -999.0 -999.0 -999.0 -999.0 -999 -999 "" "" "" "" 0 0 0.0 0.0 -999 ""
FIBERMAP 784 R0C21 APOGEE 1 1 0 1 0 0 158.78208339561758 21.28338735212149 143.1 159.3735105446084 16.298404809483134 152.51688 29.528975 305.5698927131543 47.74330221462653 -2.5532925 -7.8216395 0.30205807 305.5698814516298 47.74327901629431 305.46377326755476 47.83550944415692 35.9338294880048 308.47441804198115 16000.0 16600.0 2016.0 2 73 {-999.0 16.074749 13.973755 12.7138815 -999.0} sdss_psfmag_from_g3xp 15.040214 13.393501 12.168964 9.005 63050395015425999 1151795383 bright_1x1 mwm_galactic_core_dist_apogee_sparse mwm_galactic science 0 0 0.0 0.0 -999 ""
FIBERMAP 784 R0C21 BOSS 0 0 0 1 0 0 159.52026264591268 21.316889751060046 143.1 160.1123888809962 16.308763064641198 152.51688 29.528975 -999.0 -999.0 -999.0 -999.0 -999.0 305.5745272198485 47.743219209933855 305.46883585974166 47.83551310384166 35.9371630432274 308.4736022309629 -999.0 5400.0 -999.0 1 243 {-999.0 -999.0 -999.0 -999.0 -999.0} "" -999.0 -999.0 -999.0 -999.0 -999 -999 "" "" "" "" 0 0 0.0 0.0 -999 ""
FIBERMAP 784 R0C21 METROLOGY 0 0 0 1 0 0 159.1856118067856 20.652129047254718 143.1 159.75706905990583 15.65480318279096 152.51688 29.528975 -999.0 -999.0 -999.0 -999.0 -999.0 305.57216505939186 47.74028939686159 305.4663669560954 47.83256399123684 35.9349613265213 308.4704301412241 -999.0 6231.0 -999.0 -1 -999 {-999.0 -999.0 -999.0 -999.0 -999.0} "" -999.0 -999.0 -999.0 -999.0 -999 -999 "" "" "" "" 0 0 0.0 0.0 -999 ""
FIBERMAP 786 R+11C5 APOGEE 1 1 0 1 0 0 -72.43527200107415 221.69044840657568 143.1 -65.45498445397837 223.85466079888937 30.087189 138.84831 304.0469032275677 48.69069315191574 -3.837141 -2.4220903 0.24338521 304.0468859874059 48.690685968196284 303.9347555837778 48.779893248128054 35.12428927547306 309.85956223415224 16000.0 16600.0 2016.0 2 22 {-999.0 15.632173 13.998194 13.216602 -999.0} sdss_psfmag_from_g3xp 14.915854 13.802375 12.763429 10.208 63050395016024456 1151796138 bright_1x1 mwm_galactic_core_dist_apogee_sparse mwm_galactic science 0 0 0.0 0.0 -999 ""
FIBERMAP 786 R+11C5 BOSS 0 0 0 1 0 0 -71.70632945933394 221.5497780679064 143.1 -64.73079552502234 223.69121843806886 30.087189 138.84831 -999.0 -999.0 -999.0 -999.0 -999.0 304.05140931854595 48.68994852040736 303.93971835666486 48.779222646940894 35.12735778369384 309.8579546198439 -999.0 5400.0 -999.0 1 144 {-999.0 -999.0 -999.0 -999.0 -999.0} "" -999.0 -999.0 -999.0 -999.0 -999 -999 "" "" "" "" 0 0 0.0 0.0 -999 ""
FIBERMAP 786 R+11C5 METROLOGY 0 0 0 1 0 0 -72.18821049237624 220.9765798736558 143.1 -65.2304068272023 223.13339051543352 30.087189 138.84831 -999.0 -999.0 -999.0 -999.0 -999.0 304.0481052924762 48.687443137202514 303.9362996870066 48.776695115461514 35.12464247542809 309.8554817115847 -999.0 6231.0 -999.0 -1 -999 {-999.0 -999.0 -999.0 -999.0 -999.0} "" -999.0 -999.0 -999.0 -999.0 -999 -999 "" "" "" "" 0 0 0.0 0.0 -999 ""
FIBERMAP 787 R+9C16 APOGEE 1 1 0 1 0 0 154.11083420869636 170.11931573746705 143.1 159.36772654884246 165.21000169182358 300.67917 144.16292 305.5839965897853 48.41797614818847 -4.3553047 -5.5490336 0.15764612 305.58397712672786 48.41795969021505 305.4749558828543 48.51007616926432 36.07017896198728 309.29109328454206 16000.0 16600.0 2016.0 2 88 {-999.0 16.205545 14.245831 13.200446 -999.0} sdss_psfmag_from_g3xp 15.269184 13.858812 12.705047 9.769 63050395015677823 1151795714 bright_1x1 mwm_galactic_core_dist_apogee_sparse mwm_galactic science 0 0 0.0 0.0 -999 ""
FIBERMAP 787 R+9C16 BOSS 0 0 0 1 0 0 154.06468353193233 169.3734615213774 143.1 159.2982290910841 164.4659476817939 300.67917 144.16292 -999.0 -999.0 -999.0 -999.0 -999.0 305.58307133448176 48.414588185625625 305.47447871668226 48.506756040875025 36.06924722592502 309.28713146020164 -999.0 5400.0 -999.0 1 227 {-999.0 -999.0 -999.0 -999.0 -999.0} "" -999.0 -999.0 -999.0 -999.0 -999 -999 "" "" "" "" 0 0 0.0 0.0 -999 ""
FIBERMAP 787 R+9C16 METROLOGY 0 0 0 1 0 0 153.44215123351375 169.7749061485179 143.1 158.6885703052973 164.88670649016723 300.67917 144.16292 -999.0 -999.0 -999.0 -999.0 -999.0 305.5790717838772 48.416555309901476 305.4703479096958 48.50870055355688 36.06692274832839 309.29012821075315 -999.0 6231.0 -999.0 -1 -999 {-999.0 -999.0 -999.0 -999.0 -999.0} "" -999.0 -999.0 -999.0 -999.0 -999 -999 "" "" "" "" 0 0 0.0 0.0 -999 ""
FIBERMAP 789 R+2C9 APOGEE 1 1 0 1 0 0 -80.93212719050439 28.904522274828523 143.1 -79.98806823982787 31.42651581144791 311.88666 116.717964 303.9499194189658 47.819062965923074 3.0674586 1.612502 2.8617208 303.94993296800374 47.819067748468896 303.8415812707663 47.90827722641824 34.883408454299264 308.8341109325946 16000.0 16600.0 2016.0 2 109 {-999.0 18.409966 17.088102 15.693152 -999.0} sdss_psfmag_ps1 17.790071 16.330416 15.136152 12.826 63050395015856032 1034921878 bright_1x1 mwm_yso_pms_apogee_sagitta_edr3_single mwm_yso science 0 0 0.0 0.0 -999 ""
FIBERMAP 789 R+2C9 BOSS 0 0 0 1 0 0 -81.1810669345093 28.19521971832848 143.1 -80.25911323484186 30.7253497781713 311.88666 116.717964 -999.0 -999.0 -999.0 -999.0 -999.0 303.94762608298186 47.81582468051698 303.8397128903128 47.90509214293766 34.881507880276715 308.83064128892823 -999.0 5400.0 -999.0 1 53 {-999.0 -999.0 -999.0 -999.0 -999.0} "" -999.0 -999.0 -999.0 -999.0 -999 -999 "" "" "" "" 0 0 0.0 0.0 -999 ""
FIBERMAP 789 R+2C9 METROLOGY 0 0 0 1 0 0 -81.66748573756598 28.76214801672688 143.1 -80.72753832672002 31.30724902828605 311.88666 116.717964 -999.0 -999.0 -999.0 -999.0 -999.0 303.9445699619065 47.81847825199376 303.83652086346495 47.90772184159118 34.87997583966342 308.8343279783883 -999.0 6231.0 -999.0 -1 -999 {-999.0 -999.0 -999.0 -999.0 -999.0} "" -999.0 -999.0 -999.0 -999.0 -999 -999 "" "" "" "" 0 0 0.0 0.0 -999 ""
FIBERMAP 790 R+6C16 APOGEE 0 0 0 1 0 0 92.12728627494604 122.3781472102527 143.1 95.91781684494087 119.43354240679868 219.14981 47.98845 -999.0 -999.0 -999.0 -999.0 -999.0 305.1489499958157 48.21615432761623 305.0402736987511 48.307509571550376 35.748288217961516 309.113550868954 -999.0 16600.0 -999.0 2 -999 {-999.0 -999.0 -999.0 -999.0 -999.0} "" -999.0 -999.0 -999.0 -999.0 -999 -999 "" "" "" "" 0 0 0.0 0.0 -999 ""
FIBERMAP 790 R+6C16 BOSS 1 1 0 1 0 0 92.15841136701158 123.14740108224474 143.1 95.97302899962605 120.20145573270656 219.14981 47.98845 305.14839947762295 48.21966686907149 -2.300025 -15.230357 0.8972381 305.1490110953355 48.219621697099676 305.0407371191406 48.31103154587775 35.74927525631542 309.1177338543506 5400.0 5400.0 2016.0 1 215 {-999.0 11.963348 11.590295 11.464683 -999.0} sdss_psfmag_from_g3xp 11.901064 11.601609 11.133712 10.383 63050395015893572 996741229 bright_1x1 mwm_bin_gaia_sb_boss mwm_bin science 0 0 1.4915815591812134 0.0 -999 ""
FIBERMAP 790 R+6C16 METROLOGY 0 0 0 1 0 0 92.78768413870807 122.72533108379865 143.1 96.58877883440019 119.75987016004456 219.14981 47.98845 -999.0 -999.0 -999.0 -999.0 -999.0 305.1532866726967 48.217589390596835 305.04490864897076 48.30899179699653 35.75160036763357 309.11460391301785 -999.0 6231.0 -999.0 -1 -999 {-999.0 -999.0 -999.0 -999.0 -999.0} "" -999.0 -999.0 -999.0 -999.0 -999 -999 "" "" "" "" 0 0 0.0 0.0 -999 ""
FIBERMAP 791 R+7C20 APOGEE 1 1 0 1 0 0 213.2670188055275 155.90244222948385 143.1 218.05037996984942 149.14643088171638 141.8847 51.09279 305.9795236560666 48.33877101553341 -3.006646 -4.887665 0.10817038 305.97951024080555 48.33875651912577 305.87133789186214 48.43161669863899 36.313886585859656 309.1352084447518 16000.0 16600.0 2016.0 2 76 {-999.0 18.108772 15.797894 14.685854 -999.0} sdss_psfmag_ps1 16.905277 15.256236 14.034475 10.795 63050395015682093 1153345431 bright_1x1 mwm_galactic_core_dist_apogee_sparse mwm_galactic science 0 0 0.0 0.0 -999 ""
FIBERMAP 791 R+7C20 BOSS 0 0 0 1 0 0 213.97191436117086 156.13798625655087 143.1 218.76232067818938 149.3597776334656 141.8847 51.09279 -999.0 -999.0 -999.0 -999.0 -999.0 305.9839258716186 48.33957775134038 305.8761664733845 48.432496744704906 36.3171975298196 309.13555227154893 -999.0 5400.0 -999.0 1 250 {-999.0 -999.0 -999.0 -999.0 -999.0} "" -999.0 -999.0 -999.0 -999.0 -999 -999 "" "" "" "" 0 0 0.0 0.0 -999 ""
FIBERMAP 791 R+7C20 METROLOGY 0 0 0 1 0 0 213.82973053033692 155.40788322908003 143.1 218.5973291843167 148.63447618985919 141.8847 51.09279 -999.0 -999.0 -999.0 -999.0 -999.0 305.98285377841967 48.3363473218137 305.8749906296676 48.42925060300052 36.31583478936519 309.1317697441837 -999.0 6231.0 -999.0 -1 -999 {-999.0 -999.0 -999.0 -999.0 -999.0} "" -999.0 -999.0 -999.0 -999.0 -999 -999 "" "" "" "" 0 0 0.0 0.0 -999 ""
FIBERMAP 792 R-7C14 APOGEE 1 1 0 1 0 0 85.14614390213441 -153.1884246779432 143.1 80.30608768648024 -155.78342175907068 331.23987 70.946205 305.02365076936223 46.96629753191749 0.42253557 -8.677404 0.93550944 305.02365260575215 46.96627179545846 304.92020226890173 47.05765598503887 35.41589477515496 307.6287438946431 16000.0 16600.0 2016.0 2 184 {-999.0 11.654575 10.711287 10.352921 -999.0} sdss_psfmag_from_g3xp 11.351533 10.738775 9.99227 8.461 63050395015348389 996684869 bright_1x1 mwm_bin_gaia_sb_apogee mwm_bin science 0 0 0.0 0.0 -999 ""
FIBERMAP 792 R-7C14 BOSS 0 0 0 1 0 0 84.61379358918028 -153.70367846588147 143.1 79.75784655713204 -156.28175151955557 331.23987 70.946205 -999.0 -999.0 -999.0 -999.0 -999.0 305.0195914113804 46.96392704544106 304.91655781887465 47.0553644763474 35.41298475278758 307.6266374003231 -999.0 5400.0 -999.0 1 326 {-999.0 -999.0 -999.0 -999.0 -999.0} "" -999.0 -999.0 -999.0 -999.0 -999 -999 "" "" "" "" 0 0 0.0 0.0 -999 ""
FIBERMAP 792 R-7C14 METROLOGY 0 0 0 1 0 0 84.43547080642143 -152.96993705792846 143.1 79.6025976554795 -155.5427714840388 331.23987 70.946205 -999.0 -999.0 -999.0 -999.0 -999.0 305.01872817024116 46.96729910970356 304.9155628295035 47.058717106574754 35.41302878801185 307.63083396806564 -999.0 6231.0 -999.0 -1 -999 {-999.0 -999.0 -999.0 -999.0 -999.0} "" -999.0 -999.0 -999.0 -999.0 -999 -999 "" "" "" "" 0 0 0.0 0.0 -999 ""
FIBERMAP 793 R+7C1 APOGEE 1 1 0 1 0 0 -209.69681462833842 128.49020990863744 143.1 -205.57143504530356 134.99929131723226 225.10796 167.72945 303.09499650104965 48.281798410531415 -999.0 -999.0 -999.0 303.09499650104965 48.281798410531415 302.98361241660933 48.36930623280586 34.42308378937003 309.5308071603248 16000.0 16600.0 2015.5 2 97 {-999.0 -999.0 -999.0 -999.0 -999.0} "" -999.0 -999.0 -999.0 -999.0 27021603114185987 830409728 "" ops_sky_apogee_best ops_sky sky_apogee 0 0 0.0 0.0 -999 ""
FIBERMAP 793 R+7C1 BOSS 0 0 0 1 0 0 -210.31632118004885 128.08460866374972 143.1 -206.20335544515203 134.613292753134 225.10796 167.72945 -999.0 -999.0 -999.0 -999.0 -999.0 303.0902909518324 48.27994600155614 302.9793469467391 48.367509796661345 34.41992825094735 309.5294252538818 -999.0 5400.0 -999.0 1 82 {-999.0 -999.0 -999.0 -999.0 -999.0} "" -999.0 -999.0 -999.0 -999.0 -999 -999 "" "" "" "" 0 0 0.0 0.0 -999 ""
FIBERMAP 793 R+7C1 METROLOGY 0 0 0 1 0 0 -210.366719755918 128.83127071832962 143.1 -206.2303360738986 135.3611792468151 225.10796 167.72945 -999.0 -999.0 -999.0 -999.0 -999.0 303.0901943899609 48.28333135338995 302.9791111221829 48.37087598010087 34.420504558604634 309.53345013521175 -999.0 6231.0 -999.0 -1 -999 {-999.0 -999.0 -999.0 -999.0 -999.0} "" -999.0 -999.0 -999.0 -999.0 -999 -999 "" "" "" "" 0 0 0.0 0.0 -999 ""
FIBERMAP 795 R+5C3 APOGEE 1 1 0 1 0 0 -182.96154964755274 81.87834263873081 143.1 -180.30928553980164 87.57190718971455 323.2013 88.53917 303.2684856013089 48.069501255855286 -2.4797077 -2.4424644 0.084201686 303.26847459518774 48.069494011708834 303.15824089993475 48.1573730775016 34.490614661855396 309.2493231598261 16000.0 16600.0 2016.0 2 130 {-999.0 17.147661 15.075553 14.081547 -999.0} sdss_psfmag_ps1 16.177996 14.623373 13.43069 10.384 63050395015964868 1153345532 bright_1x1 mwm_galactic_core_dist_apogee_sparse mwm_galactic science 0 0 0.0 0.0 -999 ""
FIBERMAP 795 R+5C3 BOSS 0 0 0 1 0 0 -183.40054972045434 81.29571054234972 143.1 -180.76633182575029 87.00330632251772 323.2013 88.53917 -999.0 -999.0 -999.0 -999.0 -999.0 303.26492648571144 48.06684125763845 303.1551347434473 48.154778622002226 34.48802870734641 309.2467963411276 -999.0 5400.0 -999.0 1 28 {-999.0 -999.0 -999.0 -999.0 -999.0} "" -999.0 -999.0 -999.0 -999.0 -999 -999 "" "" "" "" 0 0 0.0 0.0 -999 ""
FIBERMAP 795 R+5C3 METROLOGY 0 0 0 1 0 0 -183.70021938362072 81.97809026003935 143.1 -181.04447921161835 87.69475103630252 323.2013 88.53917 -999.0 -999.0 -999.0 -999.0 -999.0 303.26314070806757 48.06996756618334 303.15320997112946 48.15788265443776 34.48744933899413 309.25081064988746 -999.0 6231.0 -999.0 -1 -999 {-999.0 -999.0 -999.0 -999.0 -999.0} "" -999.0 -999.0 -999.0 -999.0 -999 -999 "" "" "" "" 0 0 0.0 0.0 -999 ""
FIBERMAP 796 R-1C17 APOGEE 0 0 0 1 0 0 80.28827710483607 0.9150392252398127 143.1 80.27881428001456 -1.6009441350769271 142.19717 45.343327 -999.0 -999.0 -999.0 -999.0 -999.0 305.03488139052223 47.66666383678326 304.92845858355486 47.757922420203876 35.56597875469301 308.46884860744365 -999.0 16600.0 -999.0 2 -999 {-999.0 -999.0 -999.0 -999.0 -999.0} "" -999.0 -999.0 -999.0 -999.0 -999 -999 "" "" "" "" 0 0 0.0 0.0 -999 ""
FIBERMAP 796 R-1C17 BOSS 1 1 0 1 0 0 81.02106951455008 1.0298315082387834 143.1 81.01485526483751 -1.5091658263336234 142.19717 45.343327 305.0395072803809 47.666990894940376 -999.0 -999.0 -999.0 305.0395072803809 47.66699089494038 304.9335038701021 47.75831561684863 35.56937989075586 308.46847863084236 5400.0 5400.0 2015.5 1 280 {-999.0 -999.0 -999.0 -999.0 -999.0} "" -999.0 -999.0 -999.0 -999.0 27021603114173277 808299753 "" ops_sky_boss_good ops_sky sky_boss 0 0 0.0 0.0 -999 ""
FIBERMAP 796 R-1C17 METROLOGY 0 0 0 1 0 0 80.75764037989448 0.3350736257959923 143.1 80.72978346664634 -2.1953401197086744 142.19717 45.343327 -999.0 -999.0 -999.0 -999.0 -999.0 305.03764093788504 47.663895298322565 304.9315309227994 47.75520089056967 35.56745098280274 308.4650584094541 -999.0 6231.0 -999.0 -1 -999 {-999.0 -999.0 -999.0 -999.0 -999.0} "" -999.0 -999.0 -999.0 -999.0 -999 -999 "" "" "" "" 0 0 0.0 0.0 -999 ""
FIBERMAP 800 R+11C7 APOGEE 1 1 0 1 0 0 -48.368105002311076 206.71713819080367 143.1 -41.868383620205 208.13440262061857 225.94522 94.636444 304.20868190036254 48.620607883070484 -4.8373647 -6.2818193 0.40130562 304.2086601964238 48.62058925171527 304.0970410194776 48.71011331259413 35.21511846293571 309.7496606630216 16000.0 16600.0 2016.0 2 16 {-999.0 14.527154 12.921459 12.163101 -999.0} sdss_psfmag_from_g3xp 13.829813 12.74381 11.7193165 9.24 63050395015932074 1151796106 bright_1x1 mwm_galactic_core_dist_apogee_sparse mwm_galactic science 0 0 0.0 0.0 -999 ""
FIBERMAP 800 R+11C7 BOSS 0 0 0 1 0 0 -48.94076144750211 207.19540971792384 143.1 -42.425783142163205 208.63038915739736 225.94522 94.636444 -999.0 -999.0 -999.0 -999.0 -999.0 304.2043965935646 48.622798592391526 304.0931911913509 48.712371990905666 35.213081858426875 309.7529918163587 -999.0 5400.0 -999.0 1 112 {-999.0 -999.0 -999.0 -999.0 -999.0} "" -999.0 -999.0 -999.0 -999.0 -999 -999 "" "" "" "" 0 0 0.0 0.0 -999 ""
FIBERMAP 800 R+11C7 METROLOGY 0 0 0 1 0 0 -48.24448153315721 207.4566595763964 143.1 -41.72164858201214 208.8696994723551 225.94522 94.636444 -999.0 -999.0 -999.0 -999.0 -999.0 304.209354666823 48.62389036099142 304.0980287513752 48.71345637554404 35.21642630795068 309.75351006519816 -999.0 6231.0 -999.0 -1 -999 {-999.0 -999.0 -999.0 -999.0 -999.0} "" -999.0 -999.0 -999.0 -999.0 -999 -999 "" "" "" "" 0 0 0.0 0.0 -999 ""
FIBERMAP 804 R-6C16 APOGEE 0 0 0 1 0 0 128.36633328470796 -106.52127199024784 143.1 124.96789987892994 -110.49258484013751 76.8205 62.14462 -999.0 -999.0 -999.0 -999.0 -999.0 305.3253848692888 47.16952308797898 305.2214273180203 47.261422087418325 35.65860123266762 307.8213541095783 -999.0 16600.0 -999.0 2 -999 {-999.0 -999.0 -999.0 -999.0 -999.0} "" -999.0 -999.0 -999.0 -999.0 -999 -999 "" "" "" "" 0 0 0.0 0.0 -999 ""
FIBERMAP 804 R-6C16 BOSS 1 1 0 1 0 0 128.9408000598799 -107.02387801210703 143.1 125.52634643586997 -111.01295103444015 76.8205 62.14462 305.32874795168084 47.16710622139033 -10.50191 -21.716597 0.7543763 305.32870213689216 47.16704181176369 305.22516852778006 47.2590058346994 35.660590863780875 307.81780268895966 5400.0 5400.0 2016.0 1 305 {-999.0 14.855501 14.175665 13.897536 -999.0} sdss_psfmag_from_g3xp 14.667765 14.192297 13.549506 12.374 63050395015400419 1072524026 bright_1x1 mwm_halo_local_high_boss_single mwm_halo science 0 0 0.0 0.0 -999 ""
FIBERMAP 804 R-6C16 METROLOGY 0 0 0 1 0 0 128.23556319467968 -107.25582026236194 143.1 124.81417742899393 -111.22268702628912 76.8205 62.14462 -999.0 -999.0 -999.0 -999.0 -999.0 305.3240369502212 47.166149070469885 305.2203856896489 47.25808804569942 35.657225615538 307.8175163641315 -999.0 6231.0 -999.0 -1 -999 {-999.0 -999.0 -999.0 -999.0 -999.0} "" -999.0 -999.0 -999.0 -999.0 -999 -999 "" "" "" "" 0 0 0.0 0.0 -999 ""
FIBERMAP 805 R0C18 APOGEE 0 0 0 1 0 0 89.5442148345969 -9.223080117457942 143.1 89.21271391020763 -12.024250473901432 228.71358 151.10266 -999.0 -999.0 -999.0 -999.0 -999.0 305.0944622564575 47.61879899410119 304.98831649079693 47.71017778821697 35.595749175286954 308.40134506869776 -999.0 16600.0 -999.0 2 -999 {-999.0 -999.0 -999.0 -999.0 -999.0} "" -999.0 -999.0 -999.0 -999.0 -999 -999 "" "" "" "" 0 0 0.0 0.0 -999 ""
FIBERMAP 805 R0C18 BOSS 1 1 0 1 0 0 88.83887496828845 -9.489815191319627 143.1 88.49935184125708 -12.268759537581856 228.71358 151.10266 305.08871131738795 47.617663704344 0.4025872 -2.6754768 0.25620493 305.08928338459583 47.61765576910257 304.98355088056076 47.70908287757549 35.59238723767548 308.4008239582771 5400.0 5400.0 2016.0 1 241 {-999.0 15.458468 13.214481 12.014309 -999.0} sdss_psfmag_from_g3xp 14.315046 12.6807 11.466167 8.174 63050395015417753 996779802 bright_1x1 mwm_bin_gaia_sb_boss mwm_bin science 0 0 1.3839191198349 0.0 -999 ""
FIBERMAP 805 R0C18 METROLOGY 0 0 0 1 0 0 88.96424603947194 -8.75372079114908 143.1 88.64772627901934 -11.536942798564846 228.71358 151.10266 -999.0 -999.0 -999.0 -999.0 -999.0 305.0904431680483 47.62099813663237 304.9845802046321 47.71241030897623 35.5937385387893 308.4046590437265 -999.0 6231.0 -999.0 -1 -999 {-999.0 -999.0 -999.0 -999.0 -999.0} "" -999.0 -999.0 -999.0 -999.0 -999 -999 "" "" "" "" 0 0 0.0 0.0 -999 ""
FIBERMAP 806 R+4C22 APOGEE 0 0 0 1 0 0 234.54064395135023 75.13329328201826 143.1 236.78328617604808 67.74910896925975 329.97662 133.56633 -999.0 -999.0 -999.0 -999.0 -999.0 306.09551549554214 47.96897070418436 305.98909018223594 48.06212003482423 36.32251138965117 308.6665372482516 -999.0 16600.0 -999.0 2 -999 {-999.0 -999.0 -999.0 -999.0 -999.0} "" -999.0 -999.0 -999.0 -999.0 -999 -999 "" "" "" "" 0 0 0.0 0.0 -999 ""
FIBERMAP 806 R+4C22 BOSS 1 1 0 1 0 0 234.73686202813536 74.43058990644596 143.1 236.95739433928907 67.04059153918394 329.97662 133.56633 306.09621724680716 47.965713721332754 -1.7260095 -4.70323 0.44920462 306.09620960136397 47.96569977194418 305.99020674737915 48.05890295136251 36.32264335648421 308.66244158657116 5400.0 5400.0 2016.0 1 236 {-999.0 18.702887 17.193842 16.703123 -999.0} sdss_psfmag_ps1 17.947706 17.149689 16.258696 14.474 63050395015637589 980252233 "" ops_std_boss_red ops_std standard_boss 0 0 0.0 0.0 -999 ""
FIBERMAP 806 R+4C22 METROLOGY 0 0 0 1 0 0 234.00800791602072 74.61083674374908 143.1 236.23453378735795 67.2435888314368 329.97662 133.56633 -999.0 -999.0 -999.0 -999.0 -999.0 306.0915158883069 47.96671859230688 305.9853873239882 48.05989820330499 36.31966503135552 308.664402183682 -999.0 6231.0 -999.0 -1 -999 {-999.0 -999.0 -999.0 -999.0 -999.0} "" -999.0 -999.0 -999.0 -999.0 -999 -999 "" "" "" "" 0 0 0.0 0.0 -999 ""
FIBERMAP 808 R-9C5 APOGEE 0 0 0 1 0 0 -119.37316142640506 -181.45500131550514 143.1 -125.00171572827834 -177.62868539800021 247.41808 60.196205 -999.0 -999.0 -999.0 -999.0 -999.0 303.65891481772275 46.869161679632086 303.5543635042275 46.95802699757675 34.485291414138345 307.7585394840278 -999.0 16600.0 -999.0 2 287 {-999.0 -999.0 -999.0 -999.0 -999.0} "" -999.0 -999.0 -999.0 -999.0 -999 -999 "" "" "" "" 0 0 0.0 0.0 -999 ""
FIBERMAP 808 R-9C5 BOSS 1 1 0 1 0 0 -119.8344414806343 -180.85629827476782 143.1 -125.44401846179645 -177.01581413038008 247.41808 60.196205 303.65517672818663 46.87192901137225 -78.074394 -39.193886 11.769555 303.6554832592273 46.871812765070516 303.5513373464859 46.96074039866916 34.48389415333604 307.7623132966986 5400.0 5400.0 2016.0 1 412 {-999.0 12.646626 11.584682 11.209101 -999.0} sdss_psfmag_from_g3xp 12.274395 11.627268 10.855868 9.324 63050395014922912 1150964546 bright_1x1 mwm_snc_100pc_boss_single mwm_snc science 0 0 1.588017225265503 0.0 -999 ""
FIBERMAP 808 R-9C5 METROLOGY 0 0 0 1 0 0 -119.0802589495371 -180.76417364971846 143.1 -124.68730772544342 -176.9473628974321 247.41808 60.196205 -999.0 -999.0 -999.0 -999.0 -999.0 303.6606069524032 46.872159901766445 303.55634803379286 46.96107588689497 34.48730111310003 307.7617702216662 -999.0 6231.0 -999.0 -1 -999 {-999.0 -999.0 -999.0 -999.0 -999.0} "" -999.0 -999.0 -999.0 -999.0 -999 -999 "" "" "" "" 0 0 0.0 0.0 -999 ""
FIBERMAP 809 R+9C1 APOGEE 1 1 0 1 0 0 -202.90722509723784 191.02571035056877 143.1 -196.82574178523686 197.29236323644585 184.21307 43.991405 303.1509719678828 48.562782860221546 -999.0 -999.0 -999.0 303.1509719678828 48.562782860221546 303.03837431251054 48.65033664270637 34.51884945071564 309.8542973250962 16000.0 16600.0 2015.5 2 120 {-999.0 -999.0 -999.0 -999.0 -999.0} "" -999.0 -999.0 -999.0 -999.0 27021603114187005 840307261 "" ops_sky_apogee_best ops_sky sky_apogee 0 0 0.0 0.0 -999 ""
FIBERMAP 809 R+9C1 BOSS 0 0 0 1 0 0 -202.42791185316028 191.6025468564191 143.1 -196.32858305886234 197.8539081952628 184.21307 43.991405 -999.0 -999.0 -999.0 -999.0 -999.0 303.1538842884518 48.56528524764161 303.04171672244047 48.65290700771586 34.52155387615135 309.8567754230637 -999.0 5400.0 -999.0 1 78 {-999.0 -999.0 -999.0 -999.0 -999.0} "" -999.0 -999.0 -999.0 -999.0 -999 -999 "" "" "" "" 0 0 0.0 0.0 -999 ""
FIBERMAP 809 R+9C1 METROLOGY 0 0 0 1 0 0 -202.16365029438052 190.8957130548467 143.1 -196.08659314265543 197.1391303994156 184.21307 43.991405 -999.0 -999.0 -999.0 -999.0 -999.0 303.1556754824029 48.56212518947234 303.0434001720742 48.64973313102319 34.521965454422876 309.85272424406384 -999.0 6231.0 -999.0 -1 -999 {-999.0 -999.0 -999.0 -999.0 -999.0} "" -999.0 -999.0 -999.0 -999.0 -999 -999 "" "" "" "" 0 0 0.0 0.0 -999 ""
FIBERMAP 816 R+4C16 APOGEE 0 0 0 1 0 0 87.59453143162503 61.394435613944566 143.1 89.47650621209858 58.62081240142738 286.27325 92.25029 -999.0 -999.0 -999.0 -999.0 -999.0 305.1012068764387 47.94032343291323 304.99367797444785 48.03164773770316 35.663647071280664 308.7879580284483 -999.0 16600.0 -999.0 2 -999 {-999.0 -999.0 -999.0 -999.0 -999.0} "" -999.0 -999.0 -999.0 -999.0 -999 -999 "" "" "" "" 0 0 0.0 0.0 -999 ""
FIBERMAP 816 R+4C16 BOSS 1 1 0 1 0 0 86.90759873661919 61.154227813663105 143.1 88.78237371025126 58.40224128887846 286.27325 92.25029 305.09614367391026 47.93935402418225 -3.3133204 -5.6151385 0.29357085 305.0961290048814 47.93933737014793 304.9890146273075 48.03070889044127 35.660404275497434 308.7875866566268 5400.0 5400.0 2016.0 1 211 {-999.0 18.245457 17.003292 16.762945 -999.0} sdss_psfmag_ps1 17.830048 17.093544 16.239277 14.641 63050395015886260 980252324 "" ops_std_boss_red ops_std standard_boss 0 0 0.0 0.0 -999 ""
FIBERMAP 816 R+4C16 METROLOGY 0 0 0 1 0 0 87.03239486049827 61.885011251245935 143.1 88.93000707357577 59.12876760164833 286.27325 92.25029 -999.0 -999.0 -999.0 -999.0 -999.0 305.09728536760764 47.94264517875512 304.9900400169618 48.03400211458182 35.66172952016379 308.79139205416334 -999.0 6231.0 -999.0 -1 -999 {-999.0 -999.0 -999.0 -999.0 -999.0} "" -999.0 -999.0 -999.0 -999.0 -999 -999 "" "" "" "" 0 0 0.0 0.0 -999 ""
FIBERMAP 818 R+7C11 APOGEE 1 1 0 1 0 0 2.3850515106424814 124.51821030764687 143.1 6.28525580402905 124.38434414152691 240.59297 109.05167 304.53733482486194 48.242072952594306 -999.0 -999.0 -999.0 304.53733482486194 48.242072952594306 304.4278027082943 48.33228835610722 35.35395257006774 309.242378509575 16000.0 16600.0 2015.5 2 19 {-999.0 -999.0 -999.0 -999.0 -999.0} "" -999.0 -999.0 -999.0 -999.0 27021603114184279 840307030 "" ops_sky_apogee_best ops_sky sky_apogee 0 0 0.0 0.0 -999 ""
FIBERMAP 818 R+7C11 BOSS 0 0 0 1 0 0 1.638084824046981 124.62649787461874 143.1 5.542036691209112 124.51598383334829 240.59297 109.05167 -999.0 -999.0 -999.0 -999.0 -999.0 304.5318395236207 48.24267969318897 304.42272147889224 48.33294251672953 35.35077502854806 309.24399671424067 -999.0 5400.0 -999.0 1 135 {-999.0 -999.0 -999.0 -999.0 -999.0} "" -999.0 -999.0 -999.0 -999.0 -999 -999 "" "" "" "" 0 0 0.0 0.0 -999 ""
FIBERMAP 818 R+7C11 METROLOGY 0 0 0 1 0 0 2.0887667760217905 125.20634098525069 143.1 6.010671925017388 125.08143102910299 240.59297 109.05167 -999.0 -999.0 -999.0 -999.0 -999.0 304.5351744456727 48.24524332133507 304.4259290341119 48.335495423859285 35.35337698342727 309.2465373812751 -999.0 6231.0 -999.0 -1 -999 {-999.0 -999.0 -999.0 -999.0 -999.0} "" -999.0 -999.0 -999.0 -999.0 -999 -999 "" "" "" "" 0 0 0.0 0.0 -999 ""
FIBERMAP 819 R+10C16 APOGEE 0 0 0 1 0 0 166.5822796379396 200.07468129421798 143.1 172.7717940280722 194.76039159725485 21.233162 127.61455 -999.0 -999.0 -999.0 -999.0 -999.0 305.6772515267116 48.54938165459548 305.5677699908628 48.64164267769228 36.15495781611019 309.4369969175028 -999.0 16600.0 -999.0 2 -999 {-999.0 -999.0 -999.0 -999.0 -999.0} "" -999.0 -999.0 -999.0 -999.0 -999 -999 "" "" "" "" 0 0 0.0 0.0 -999 ""
FIBERMAP 819 R+10C16 BOSS 1 1 0 1 0 0 167.22478626983445 199.6826194391679 143.1 173.40171163659795 194.3483852797049 21.233162 127.61455 305.6811036435354 48.54742754114292 -1.629192 -3.0656528 -0.01187544 305.6810963443693 48.547418448671586 305.5720433761434 48.63973839943084 36.157381944312064 309.4340339493394 5400.0 5400.0 2016.0 1 177 {-999.0 15.890978 15.1118355 14.756584 -999.0} sdss_psfmag_ps1 15.637023 15.127072 14.378828 13.051 63050395016091032 1093617737 bright_1x1 mwm_astar_core_boss_single mwm_ob science 0 0 0.0 0.0 -999 ""
FIBERMAP 819 R+10C16 METROLOGY 0 0 0 1 0 0 166.5780617432152 199.32859538101772 143.1 172.74420217727305 194.0147921849649 21.233162 127.61455 -999.0 -999.0 -999.0 -999.0 -999.0 305.67672156288404 48.54600960354901 305.56755159902985 48.63830723117466 36.154200784125365 309.4329698049389 -999.0 6231.0 -999.0 -1 -999 {-999.0 -999.0 -999.0 -999.0 -999.0} "" -999.0 -999.0 -999.0 -999.0 -999 -999 "" "" "" "" 0 0 0.0 0.0 -999 ""
FIBERMAP 820 R+4C5 APOGEE 1 1 0 1 0 0 -158.59526032644203 97.32162857570054 143.1 -155.4707081497165 102.24442708294431 145.73814 55.262035 303.43556384480445 48.13770354961167 -2.2462928 -4.0102873 0.22951508 303.43555386145283 48.137691655433024 303.3252028276102 48.22587016793683 34.61407626026781 309.3013712254112 16000.0 16600.0 2016.0 2 127 {-999.0 16.238787 14.364321 13.453113 -999.0} sdss_psfmag_from_g3xp 15.360433 14.085451 12.9873295 10.279 63050395015962237 1151796040 bright_1x1 mwm_galactic_core_dist_apogee_sparse mwm_galactic science 0 0 0.0 0.0 -999 ""
FIBERMAP 820 R+4C5 BOSS 0 0 0 1 0 0 -157.91425852490872 97.60884689079616 143.1 -154.78103081654376 102.51017220654145 145.73814 55.262035 -999.0 -999.0 -999.0 -999.0 -999.0 303.43971118656003 48.138906759982554 303.3297923009677 48.22715607806058 34.617338370634855 309.30210075571586 -999.0 5400.0 -999.0 1 41 {-999.0 -999.0 -999.0 -999.0 -999.0} "" -999.0 -999.0 -999.0 -999.0 -999 -999 "" "" "" "" 0 0 0.0 0.0 -999 ""
FIBERMAP 820 R+4C5 METROLOGY 0 0 0 1 0 0 -157.99920171411858 96.86907110587094 143.1 -154.8891119164144 101.77340916673734 145.73814 55.262035 -999.0 -999.0 -999.0 -999.0 -999.0 303.4391522038073 48.135573160247944 303.329124936601 48.223804205704006 34.61618541175743 309.2982384228041 -999.0 6231.0 -999.0 -1 -999 {-999.0 -999.0 -999.0 -999.0 -999.0} "" -999.0 -999.0 -999.0 -999.0 -999 -999 "" "" "" "" 0 0 0.0 0.0 -999 ""
FIBERMAP 824 R-6C7 APOGEE 1 1 0 1 0 0 -88.30772967719048 -127.11054747020074 143.1 -92.24834731724341 -124.28336732390409 257.86884 136.3186 303.87306185040035 47.11072994184802 -999.0 -999.0 -999.0 303.87306185040035 47.11072994184802 303.76770647440964 47.19994454116792 34.681064520650516 308.0053927206098 16000.0 16600.0 2015.5 2 280 {-999.0 -999.0 -999.0 -999.0 -999.0} "" -999.0 -999.0 -999.0 -999.0 27021603114180329 847990215 "" ops_sky_apogee_best ops_sky sky_apogee 0 0 0.0 0.0 -999 ""
FIBERMAP 824 R-6C7 BOSS 0 0 0 1 0 0 -88.92036435251305 -127.55327153915945 143.1 -92.87456221664934 -124.70668638676132 257.86884 136.3186 -999.0 -999.0 -999.0 -999.0 -999.0 303.8684322941925 47.108692081665446 303.7635033216166 47.19796371317476 34.67784093945249 308.003812893362 -999.0 5400.0 -999.0 1 438 {-999.0 -999.0 -999.0 -999.0 -999.0} "" -999.0 -999.0 -999.0 -999.0 -999 -999 "" "" "" "" 0 0 0.0 0.0 -999 ""
FIBERMAP 824 R-6C7 METROLOGY 0 0 0 1 0 0 -88.9932817012832 -126.81406472042435 143.1 -92.9242845065758 -123.96554604213082 257.86884 136.3186 -999.0 -999.0 -999.0 -999.0 -999.0 303.8681935271689 47.112077481274845 303.76312993872614 47.201329451908016 34.678339007500774 308.00787234297786 -999.0 6231.0 -999.0 -1 -999 {-999.0 -999.0 -999.0 -999.0 -999.0} "" -999.0 -999.0 -999.0 -999.0 -999 -999 "" "" "" "" 0 0 0.0 0.0 -999 ""
FIBERMAP 825 R+3C17 APOGEE 0 0 0 1 0 0 113.20178299417034 53.640305869888664 143.1 114.82864760618479 50.06805290263437 340.7245 115.95886 -999.0 -999.0 -999.0 -999.0 -999.0 305.2724316876281 47.89995483254553 305.1652855272265 47.99160405127025 35.76827420509652 308.7116739174193 -999.0 16600.0 -999.0 2 -999 {-999.0 -999.0 -999.0 -999.0 -999.0} "" -999.0 -999.0 -999.0 -999.0 -999 -999 "" "" "" "" 0 0 0.0 0.0 -999 ""
FIBERMAP 825 R+3C17 BOSS 1 1 0 1 0 0 113.31659711822972 52.91523355226362 143.1 114.92068962735503 49.33972765898611 340.7245 115.95886 305.27267421709956 47.896613838659114 -3.943458 -3.6592357 0.34881276 305.2726567726834 47.89660298566931 305.16593991188296 47.98830909955923 35.7680548184563 308.70758626353023 5400.0 5400.0 2016.0 1 219 {-999.0 18.046112 17.020107 16.48481 -999.0} sdss_psfmag_ps1 17.6841 16.919537 16.051838 14.371 63050395015434794 980252163 "" ops_std_boss_red ops_std standard_boss 0 0 0.0 0.0 -999 ""
FIBERMAP 825 R+3C17 METROLOGY 0 0 0 1 0 0 112.61978650728497 53.17346320927923 143.1 114.23230067319216 49.619666763968176 340.7245 115.95886 -999.0 -999.0 -999.0 -999.0 -999.0 305.2681218505781 47.89793136303655 305.16127631659276 47.98961298173502 35.765251512897436 308.7099192200233 -999.0 6231.0 -999.0 -1 -999 {-999.0 -999.0 -999.0 -999.0 -999.0} "" -999.0 -999.0 -999.0 -999.0 -999 -999 "" "" "" "" 0 0 0.0 0.0 -999 ""
FIBERMAP 827 R+5C13 APOGEE 1 1 0 1 0 0 48.95587230692956 112.22868490032268 143.1 52.44890937794979 110.64152384730873 116.359505 25.039248 304.85212960380704 48.17846035462935 -3.9760966 -6.8583603 0.17364727 304.85211191853 48.17844001330238 304.7432396995189 48.26925335311247 35.54698298566492 309.11514049527676 16000.0 16600.0 2016.0 2 3 {-999.0 15.97331 14.197293 13.324128 -999.0} sdss_psfmag_from_g3xp 15.157552 13.944266 12.862513 10.191 63050395015896883 1151795917 bright_1x1 mwm_galactic_core_dist_apogee_sparse mwm_galactic science 0 0 0.0 0.0 -999 ""
FIBERMAP 827 R+5C13 BOSS 0 0 0 1 0 0 49.527288615191665 111.75680836470656 143.1 53.005269716379836 110.15196812007684 116.359505 25.039248 -999.0 -999.0 -999.0 -999.0 -999.0 304.85550178863554 48.17618925470998 304.7470635952261 48.26706585929561 35.54904429378949 309.1118851724593 -999.0 5400.0 -999.0 1 148 {-999.0 -999.0 -999.0 -999.0 -999.0} "" -999.0 -999.0 -999.0 -999.0 -999 -999 "" "" "" "" 0 0 0.0 0.0 -999 ""
FIBERMAP 827 R+5C13 METROLOGY 0 0 0 1 0 0 48.83429704938382 111.4845654244229 143.1 52.30407751370914 109.90156691563934 116.359505 25.039248 -999.0 -999.0 -999.0 -999.0 -999.0 304.8508192355606 48.17508639247691 304.74226122520207 48.265938538203514 35.54568748111137 309.11130601411 -999.0 6231.0 -999.0 -1 -999 {-999.0 -999.0 -999.0 -999.0 -999.0} "" -999.0 -999.0 -999.0 -999.0 -999 -999 "" "" "" "" 0 0 0.0 0.0 -999 ""
FIBERMAP 828 R-2C18 APOGEE 0 0 0 1 0 0 121.35137622331199 -32.562513549201675 143.1 120.2735102426477 -36.34916374620476 20.689898 130.52486 -999.0 -999.0 -999.0 -999.0 -999.0 305.30154184705447 47.50650305029161 305.196124229092 47.59828786942706 35.710278410748664 308.2317225523059 -999.0 16600.0 -999.0 2 -999 {-999.0 -999.0 -999.0 -999.0 -999.0} "" -999.0 -999.0 -999.0 -999.0 -999 -999 "" "" "" "" 0 0 0.0 0.0 -999 ""
FIBERMAP 828 R-2C18 BOSS 1 1 0 1 0 0 122.00920979628978 -32.90137768359641 143.1 120.92041427497816 -36.70847782438117 20.689898 130.52486 305.30553162544373 47.50478545751299 -2.86185 -8.716745 0.20590909 305.30551906046213 47.504759604371216 305.20052552186866 47.59660922833404 35.712847743711194 308.2289618342265 5400.0 5400.0 2016.0 1 294 {-999.0 14.479079 14.047864 13.664054 -999.0} sdss_psfmag_from_g3xp 14.2916155 14.330532 13.318565 12.422 63050395015408361 1068575187 bright_1x1 mwm_ob_core_boss_single mwm_ob science 0 0 0.0 0.0 -999 ""
FIBERMAP 828 R-2C18 METROLOGY 0 0 0 1 0 0 121.37348071546359 -33.30828387037202 143.1 120.2722381650553 -37.09527243510758 20.689898 130.52486 -999.0 -999.0 -999.0 -999.0 -999.0 305.30122990458557 47.503055776267026 305.19612182386714 47.59488164796918 35.709591173504045 308.2276138751091 -999.0 6231.0 -999.0 -1 -999 {-999.0 -999.0 -999.0 -999.0 -999.0} "" -999.0 -999.0 -999.0 -999.0 -999 -999 "" "" "" "" 0 0 0.0 0.0 -999 ""
FIBERMAP 830 R+9C18 APOGEE 1 1 0 1 0 0 201.05853533498177 191.62373990207047 143.1 206.9668951623803 185.2332725669232 111.08749 50.820286 305.90813419861894 48.50238977515515 -2.8977458 -2.9494996 0.5040383 305.9081212275706 48.50238102718415 305.7991417722555 48.59507639790901 36.29677682128065 309.3454785669671 16000.0 16600.0 2016.0 2 52 {-999.0 13.829481 12.54929 11.984505 -999.0} sdss_psfmag_from_g3xp 13.335014 12.486816 11.583567 9.553 63050395015689391 1110098169 bright_1x1 mwm_tess_rgb_apogee mwm_tessrgb science 0 0 0.0 0.0 -999 ""
FIBERMAP 830 R+9C18 BOSS 0 0 0 1 0 0 201.76211894411327 191.4020410797873 143.1 207.66319846225156 184.98963473871018 111.08749 50.820286 -999.0 -999.0 -999.0 -999.0 -999.0 305.9123866344636 48.50114244791014 305.8038307490449 48.593896419492495 36.29961091281325 309.34333734614734 -999.0 5400.0 -999.0 1 169 {-999.0 -999.0 -999.0 -999.0 -999.0} "" -999.0 -999.0 -999.0 -999.0 -999 -999 "" "" "" "" 0 0 0.0 0.0 -999 ""
FIBERMAP 830 R+9C18 METROLOGY 0 0 0 1 0 0 201.21837961479702 190.89260798973422 143.1 207.10375609662276 184.49747974609798 111.08749 50.820286 -999.0 -999.0 -999.0 -999.0 -999.0 305.90868112473373 48.49902341941503 305.80001286985924 48.59175669965946 36.296737878370614 309.3412983374475 -999.0 6231.0 -999.0 -1 -999 {-999.0 -999.0 -999.0 -999.0 -999.0} "" -999.0 -999.0 -999.0 -999.0 -999 -999 "" "" "" "" 0 0 0.0 0.0 -999 ""
FIBERMAP 831 R-6C18 APOGEE 0 0 0 1 0 0 162.6603879423633 -121.32296539373547 143.1 158.78190819003333 -126.36173101379455 236.72154 175.0902 -999.0 -999.0 -999.0 -999.0 -999.0 305.54829361297266 47.095915570092046 305.4449085059588 47.18824071904736 35.79222319310238 307.69492156019976 -999.0 16600.0 -999.0 2 -999 {-999.0 -999.0 -999.0 -999.0 -999.0} "" -999.0 -999.0 -999.0 -999.0 -999 -999 "" "" "" "" 0 0 0.0 0.0 -999 ""
FIBERMAP 831 R-6C18 BOSS 1 1 0 1 0 0 162.20902813989238 -121.92791311081402 143.1 158.3118088637507 -126.95224965469995 236.72154 175.0902 305.54481075290147 47.09351479513855 -15.073183 -112.49986 12.06824 305.54474508709984 47.0931811298933 305.4417716200637 47.18556008527926 35.78959031148312 307.6922209706914 5400.0 5400.0 2016.0 1 288 {-999.0 16.333818 14.9455385 13.899251 -999.0} sdss_psfmag_from_g3xp 15.78169 14.568097 13.468328 11.492 63050395015376489 1150967754 bright_1x1 mwm_snc_100pc_boss_single mwm_snc science 0 0 0.0 0.0 -999 ""
FIBERMAP 831 R-6C18 METROLOGY 0 0 0 1 0 0 161.91847356131436 -121.24406652362583 143.1 158.04281819248723 -126.25962435698415 236.72154 175.0902 -999.0 -999.0 -999.0 -999.0 -999.0 305.5431576757551 47.0963521606401 305.44005659201036 47.18870900815804 35.78909021050583 307.69631410818147 -999.0 6231.0 -999.0 -1 -999 {-999.0 -999.0 -999.0 -999.0 -999.0} "" -999.0 -999.0 -999.0 -999.0 -999 -999 "" "" "" "" 0 0 0.0 0.0 -999 ""
FIBERMAP 835 R+3C22 APOGEE 1 1 0 1 0 0 229.17745472656142 58.32374057297435 143.1 230.89597636728405 51.115576373028226 25.593445 89.39063 306.0538909209835 47.89439015288757 1.177421 0.6265611 0.1777474 306.05389612924085 47.89439201121553 305.94773849512495 47.98748050331147 36.28134882505607 308.5820001557796 16000.0 16600.0 2016.0 2 31 {-999.0 17.508654 15.242333 14.33292 -999.0} sdss_psfmag_ps1 16.240473 14.8605585 13.7131195 10.703 63050395015633929 1153345418 bright_1x1 mwm_galactic_core_dist_apogee_sparse mwm_galactic science 0 0 0.0 0.0 -999 ""
FIBERMAP 835 R+3C22 BOSS 0 0 0 1 0 0 229.51316649930016 57.64782450417698 143.1 231.2103512603274 50.429462986435816 25.593445 89.39063 -999.0 -999.0 -999.0 -999.0 -999.0 306.055539579829 47.89120429250907 305.949805144794 47.98434869972371 36.282117896344545 308.57786155849783 -999.0 5400.0 -999.0 1 192 {-999.0 -999.0 -999.0 -999.0 -999.0} "" -999.0 -999.0 -999.0 -999.0 -999 -999 "" "" "" "" 0 0 0.0 0.0 -999 ""
FIBERMAP 835 R+3C22 METROLOGY 0 0 0 1 0 0 228.7668432347533 57.69533887315668 143.1 230.46587115107687 50.50033818470599 25.593445 89.39063 -999.0 -999.0 -999.0 -999.0 -999.0 306.05068211594295 47.89162353385763 305.94482434828114 47.98474414882484 36.27891815115926 308.5791218944701 -999.0 6231.0 -999.0 -1 -999 {-999.0 -999.0 -999.0 -999.0 -999.0} "" -999.0 -999.0 -999.0 -999.0 -999 -999 "" "" "" "" 0 0 0.0 0.0 -999 ""
FIBERMAP 837 R+1C18 APOGEE 1 1 0 1 0 0 100.18108413187267 32.32426989208411 143.1 101.14627034831058 29.170098299701014 91.67218 117.61196 305.178185998444 47.80571204364398 -1.5319791 -3.6100097 0.2176113 305.1781792333974 47.80570133665565 305.0713272327385 47.89719604341097 35.68789274384016 308.61302788802766 16000.0 16600.0 2016.0 2 69 {-999.0 15.866789 13.554906 12.163957 -999.0} sdss_psfmag_from_g3xp 14.670323 12.844895 11.577309 8.062 63050395015431816 1151795281 bright_1x1 mwm_galactic_core_dist_apogee_sparse mwm_galactic science 0 0 0.0 0.0 -999 ""
FIBERMAP 837 R+1C18 BOSS 0 0 0 1 0 0 100.81852920515747 32.680675144290156 143.1 101.79457936779154 29.50636219636686 91.67218 117.61196 -999.0 -999.0 -999.0 -999.0 -999.0 305.18224916792326 47.80715338009576 305.0758105817619 47.89871173449846 35.69114017815401 308.61412018652 -999.0 5400.0 -999.0 1 231 {-999.0 -999.0 -999.0 -999.0 -999.0} "" -999.0 -999.0 -999.0 -999.0 -999 -999 "" "" "" "" 0 0 0.0 0.0 -999 ""
FIBERMAP 837 R+1C18 METROLOGY 0 0 0 1 0 0 100.82229917574709 31.94188732934241 143.1 101.77520024858516 28.767807144685023 91.67218 117.61196 -999.0 -999.0 -999.0 -999.0 -999.0 305.1821654595832 47.80380661033227 305.0756236858069 47.895349514205364 35.69034829286512 308.61009392834075 -999.0 6231.0 -999.0 -1 -999 {-999.0 -999.0 -999.0 -999.0 -999.0} "" -999.0 -999.0 -999.0 -999.0 -999 -999 "" "" "" "" 0 0 0.0 0.0 -999 ""
FIBERMAP 838 R-8C6 APOGEE 0 0 0 1 0 0 -84.94098086492816 -140.8287813245497 143.1 -89.31300978365694 -138.10057095056015 88.56971 98.29999 -999.0 -999.0 -999.0 -999.0 -999.0 303.89329328760437 47.04817625680565 303.7882286981337 47.13744186140414 34.680813478811324 307.92751622645 -999.0 16600.0 -999.0 2 -999 {-999.0 -999.0 -999.0 -999.0 -999.0} "" -999.0 -999.0 -999.0 -999.0 -999 -999 "" "" "" "" 0 0 0.0 0.0 -999 ""
FIBERMAP 838 R-8C6 BOSS 1 1 0 1 0 0 -84.2206133945918 -140.72274826852365 143.1 -88.58966227642696 -138.01715841719385 88.56971 98.29999 303.8976451505411 47.048503554842945 -0.70681494 -18.239653 1.645382 303.8976420739094 47.04844945755174 303.7930028589648 47.137788767534076 34.684057021802595 307.92705121691216 5400.0 5400.0 2016.0 1 411 {-999.0 16.575607 15.40487 15.070997 -999.0} sdss_psfmag_ps1 16.051481 15.425206 14.664868 13.094 63050395015800043 1096351452 bright_1x1 mwm_bin_vis_boss mwm_filler science 0 0 0.0 0.0 -999 ""
FIBERMAP 838 R-8C6 METROLOGY 0 0 0 1 0 0 -84.48072732604831 -141.41600245875756 143.1 -88.87137333308183 -138.70193360267706 88.56971 98.29999 -999.0 -999.0 -999.0 -999.0 -999.0 303.89592522749973 47.04537342329625 303.7911780642071 47.13469137817604 34.682159357632 307.9237134093904 -999.0 6231.0 -999.0 -1 -999 {-999.0 -999.0 -999.0 -999.0 -999.0} "" -999.0 -999.0 -999.0 -999.0 -999 -999 "" "" "" "" 0 0 0.0 0.0 -999 ""
FIBERMAP 839 R+3C1 APOGEE 1 1 0 1 0 0 -263.0029487777489 66.9905923493352 143.1 -260.7791245056855 75.19904145205342 96.403275 139.08736 302.72994656939295 48.00615980877587 -3.6125395 -6.3964963 0.2765354 302.7299305549303 48.00614083729929 302.6193867290836 48.093019086224125 34.125588882325616 309.26930567971044 16000.0 16600.0 2016.0 2 143 {-999.0 14.539239 13.188125 12.597856 -999.0} sdss_psfmag_from_g3xp 14.004923 13.11856 12.193719 10.043 63050395015977938 1151796136 bright_1x1 mwm_galactic_core_dist_apogee_sparse mwm_galactic science 0 0 0.0 0.0 -999 ""
FIBERMAP 839 R+3C1 BOSS 0 0 0 1 0 0 -262.6045282761863 67.60477567435274 143.1 -260.36164997211154 75.8004499799869 96.403275 139.08736 -999.0 -999.0 -999.0 -999.0 -999.0 302.73220423450556 48.00883648186807 302.622089542025 48.09578564978283 34.12796726349508 309.272075235151 -999.0 5400.0 -999.0 1 3 {-999.0 -999.0 -999.0 -999.0 -999.0} "" -999.0 -999.0 -999.0 -999.0 -999 -999 "" "" "" "" 0 0 0.0 0.0 -999 ""
FIBERMAP 839 R+3C1 METROLOGY 0 0 0 1 0 0 -262.2570202328213 66.93151139592855 143.1 -260.0354013265372 75.1166175299632 96.403275 139.08736 -999.0 -999.0 -999.0 -999.0 -999.0 302.73457505523334 48.00580221246969 302.62435222669234 48.09273744241124 34.12875845600905 309.26807780600257 -999.0 6231.0 -999.0 -1 -999 {-999.0 -999.0 -999.0 -999.0 -999.0} "" -999.0 -999.0 -999.0 -999.0 -999 -999 "" "" "" "" 0 0 0.0 0.0 -999 ""
FIBERMAP 840 R+10C12 APOGEE 0 0 0 1 0 0 60.17713117849889 176.7181534465727 143.1 65.68538785839603 174.74878518669735 287.01193 71.65131 -999.0 -999.0 -999.0 -999.0 -999.0 304.9454184762843 48.468090093917006 304.835379257958 48.55901609010241 35.663737750630716 309.4498815100553 -999.0 16600.0 -999.0 2 -999 {-999.0 -999.0 -999.0 -999.0 -999.0} "" -999.0 -999.0 -999.0 -999.0 -999 -999 "" "" "" "" 0 0 0.0 0.0 -999 ""
FIBERMAP 840 R+10C12 BOSS 1 1 0 1 0 0 59.431185831900514 176.71083887338142 143.1 64.93956761691459 174.76484564268662 287.01193 71.65131 304.93941611915903 48.46822486173909 -3.4539578 -10.089436 0.32673806 304.93992200471496 48.468194937312134 304.8302966320643 48.55916583067377 35.660466528142685 309.45086446241885 5400.0 5400.0 2016.0 1 141 {-999.0 14.987958 13.214627 12.385228 -999.0} sdss_psfmag_from_g3xp 14.182139 12.991921 11.924894 9.299 63050395015903594 996741234 bright_1x1 mwm_bin_gaia_sb_boss mwm_bin science 0 0 1.244390845298767 0.0 -999 ""
FIBERMAP 840 R+10C12 METROLOGY 0 0 0 1 0 0 59.80349084556046 177.36395131132102 143.1 65.33215877180857 175.4059830307491 287.01193 71.65131 -999.0 -999.0 -999.0 -999.0 -999.0 304.9427511934212 48.471074798504056 304.8329971942884 48.562034660501624 35.66277579354433 309.45390236515726 -999.0 6231.0 -999.0 -1 -999 {-999.0 -999.0 -999.0 -999.0 -999.0} "" -999.0 -999.0 -999.0 -999.0 -999 -999 "" "" "" "" 0 0 0.0 0.0 -999 ""
FIBERMAP 842 R-4C20 APOGEE 0 0 0 1 0 0 157.84608187127088 -71.17678157280639 143.1 155.54104168301225 -76.08852453325116 243.10036 12.138946 -999.0 -999.0 -999.0 -999.0 -999.0 305.53332064453184 47.323860461914585 305.4289564843824 47.41611062995512 35.827707720760934 307.9728013331882 -999.0 16600.0 -999.0 2 -999 {-999.0 -999.0 -999.0 -999.0 -999.0} "" -999.0 -999.0 -999.0 -999.0 -999 -999 "" "" "" "" 0 0 0.0 0.0 -999 ""
FIBERMAP 842 R-4C20 BOSS 1 1 0 1 0 0 158.01487113297736 -70.47561165792531 143.1 155.73171945510288 -75.3929760475972 243.10036 12.138946 305.53434461032737 47.32692341173704 -999.0 -999.0 -999.0 305.53434461032737 47.32692341173704 305.43037753675725 47.419231543414085 35.82927661220612 307.97633391253873 5400.0 5400.0 2015.5 1 286 {-999.0 -999.0 -999.0 -999.0 -999.0} "" -999.0 -999.0 -999.0 -999.0 27021603114172519 818194043 "" ops_sky_boss_good ops_sky sky_boss 0 0 0.0 0.0 -999 ""
FIBERMAP 842 R-4C20 METROLOGY 0 0 0 1 0 0 158.56290300668888 -70.96982882377938 143.1 156.26400650073637 -75.90412912612075 243.10036 12.138946 -999.0 -999.0 -999.0 -999.0 -999.0 305.53793402651894 47.32459130591722 305.4338651754804 47.41689045590009 35.83111820119926 307.9729205465525 -999.0 6231.0 -999.0 -1 -999 {-999.0 -999.0 -999.0 -999.0 -999.0} "" -999.0 -999.0 -999.0 -999.0 -999 -999 "" "" "" "" 0 0 0.0 0.0 -999 ""
FIBERMAP 846 R+1C13 APOGEE 1 1 0 1 0 0 -23.02834719089267 33.171948206898286 143.1 -21.978084546934756 33.877705118620256 166.49422 74.65706 304.3433766233766 47.830757627707634 -999.0 -999.0 -999.0 304.3433766233766 47.830757627707634 304.23542764798503 47.92069809239622 35.14409195121753 308.78118402756496 16000.0 16600.0 2015.5 2 131 {-999.0 -999.0 -999.0 -999.0 -999.0} "" -999.0 -999.0 -999.0 -999.0 27021603114182780 840306866 "" ops_sky_apogee_best ops_sky sky_apogee 0 0 0.0 0.0 -999 ""
FIBERMAP 846 R+1C13 BOSS 0 0 0 1 0 0 -22.704523381629926 33.84022668988088 143.1 -21.633476396339024 34.53552033553364 166.49422 74.65706 -999.0 -999.0 -999.0 -999.0 -999.0 304.3452805294338 47.83371253719974 304.2377433618116 47.92371612665945 35.14623752437108 308.784399572486 -999.0 5400.0 -999.0 1 13 {-999.0 -999.0 -999.0 -999.0 -999.0} "" -999.0 -999.0 -999.0 -999.0 -999 -999 "" "" "" "" 0 0 0.0 0.0 -999 ""
FIBERMAP 846 R+1C13 METROLOGY 0 0 0 1 0 0 -22.28157980625665 33.226920192134145 143.1 -21.22994948164053 33.909253684481556 166.49422 74.65706 -999.0 -999.0 -999.0 -999.0 -999.0 304.34813805370646 47.83087166949991 304.2404968606707 47.92086411489528 35.14744942393046 308.78051865556625 -999.0 6231.0 -999.0 -1 -999 {-999.0 -999.0 -999.0 -999.0 -999.0} "" -999.0 -999.0 -999.0 -999.0 -999 -999 "" "" "" "" 0 0 0.0 0.0 -999 ""
FIBERMAP 847 R+5C22 APOGEE 1 1 0 1 0 0 244.6101268684833 89.38719355710508 143.1 247.2945821404504 81.68074787781461 314.86493 124.07987 306.1676319500445 48.03063898713607 -6.381761 -3.1893716 0.2891414 306.1676036461245 48.030629527722006 306.0610044854475 48.123898242970405 36.381199612564075 308.7308080311156 16000.0 16600.0 2016.0 2 74 {-999.0 15.9416685 14.103332 13.180805 -999.0} sdss_psfmag_from_g3xp 15.088587 13.803477 12.695854 9.853 63050395015638576 1151795640 bright_1x1 mwm_galactic_core_dist_apogee_sparse mwm_galactic science 0 0 0.0 0.0 -999 ""
FIBERMAP 847 R+5C22 BOSS 0 0 0 1 0 0 244.48035921949128 88.64059372925243 143.1 247.14148406263803 80.93856845178479 314.86493 124.07987 -999.0 -999.0 -999.0 -999.0 -999.0 306.16609277748273 48.02724991225798 306.05991359490605 48.12056778735636 36.379866955218425 308.72691052428667 -999.0 5400.0 -999.0 1 248 {-999.0 -999.0 -999.0 -999.0 -999.0} "" -999.0 -999.0 -999.0 -999.0 -999 -999 "" "" "" "" 0 0 0.0 0.0 -999 ""
FIBERMAP 847 R+5C22 METROLOGY 0 0 0 1 0 0 243.91101264103756 89.11498642801664 143.1 246.58727130607272 81.43057429947903 314.86493 124.07987 -999.0 -999.0 -999.0 -999.0 -999.0 306.16257007780223 48.02955728783187 306.05626110267355 48.122853706421196 36.3778945958921 308.7302618278925 -999.0 6231.0 -999.0 -1 -999 {-999.0 -999.0 -999.0 -999.0 -999.0} "" -999.0 -999.0 -999.0 -999.0 -999 -999 "" "" "" "" 0 0 0.0 0.0 -999 ""
FIBERMAP 849 R+6C12 APOGEE 0 0 0 1 0 0 12.360269174939072 126.68450354931436 143.1 16.323608936059703 126.23707040617516 142.2678 108.087326 -999.0 -999.0 -999.0 -999.0 -999.0 304.60598404337264 48.25029154692637 304.4964977969431 48.34063287973161 35.40036374830079 309.24117238328705 -999.0 16600.0 -999.0 2 -999 {-999.0 -999.0 -999.0 -999.0 -999.0} "" -999.0 -999.0 -999.0 -999.0 -999 -999 "" "" "" "" 0 0 0.0 0.0 -999 ""
FIBERMAP 849 R+6C12 BOSS 1 1 0 1 0 0 12.596049119151433 127.38798279995297 143.1 16.581317928770996 126.93282821503979 142.2678 108.087326 304.60687224730805 48.25344046463781 0.37003395 -0.3090132 -1.8840775 304.6073528624332 48.253439548130416 304.49827715677804 48.34384014687472 35.40216424236223 309.244737235918 5400.0 5400.0 2016.0 1 117 {-999.0 13.259499 12.888375 12.587192 -999.0} sdss_psfmag_from_g3xp 13.170223 13.093026 12.245969 11.317 63050395015920675 1093844232 bright_1x1 mwm_astar_core_boss_single mwm_ob science 0 0 1.1480895280838013 0.0 -999 ""
FIBERMAP 849 R+6C12 METROLOGY 0 0 0 1 0 0 13.09067708844852 126.83670821545367 143.1 17.058438741682348 126.36631803905975 142.2678 108.087326 -999.0 -999.0 -999.0 -999.0 -999.0 304.6107161169 48.25086600110808 304.50153594553205 48.34125712461316 35.4037697719496 309.24110067776616 -999.0 6231.0 -999.0 -1 -999 {-999.0 -999.0 -999.0 -999.0 -999.0} "" -999.0 -999.0 -999.0 -999.0 -999 -999 "" "" "" "" 0 0 0.0 0.0 -999 ""
FIBERMAP 852 R0C15 APOGEE 1 1 0 1 0 0 13.128713695389468 -15.507953431133613 143.1 12.63659151848679 -15.911929780202305 273.3595 77.58699 304.576983542793 47.60355466174107 4.708214 1.5011419 3.1099594 304.57700425326425 47.60355911400112 304.47031552397704 47.69398233435431 35.25123432006755 308.4696527808634 16000.0 16600.0 2016.0 2 32 {-999.0 18.467962 17.023495 15.659312 -999.0} sdss_psfmag_ps1 17.912617 16.320702 15.0992155 12.719 63050395015869775 1034983772 bright_1x1 mwm_yso_pms_apogee_zari18pms_single mwm_yso science 0 0 0.0 0.0 -999 ""
FIBERMAP 852 R0C15 BOSS 0 0 0 1 0 0 12.398515186696859 -15.38419654998638 143.1 11.910617295809551 -15.76535349270367 273.3595 77.58699 -999.0 -999.0 -999.0 -999.0 -999.0 304.5716914348347 47.60417169026709 304.4654137726552 47.69464437433254 35.24814506314462 308.471286440288 -999.0 5400.0 -999.0 1 180 {-999.0 -999.0 -999.0 -999.0 -999.0} "" -999.0 -999.0 -999.0 -999.0 -999 -999 "" "" "" "" 0 0 0.0 0.0 -999 ""
FIBERMAP 852 R0C15 METROLOGY 0 0 0 1 0 0 12.861425200912397 -14.80762988501396 143.1 12.39137212840961 -15.203564309500832 273.3595 77.58699 -999.0 -999.0 -999.0 -999.0 -999.0 304.57507355532306 47.60674158861913 304.4686698958663 47.69720298952223 35.25082109256059 308.47379249514097 -999.0 6231.0 -999.0 -1 -999 {-999.0 -999.0 -999.0 -999.0 -999.0} "" -999.0 -999.0 -999.0 -999.0 -999 -999 "" "" "" "" 0 0 0.0 0.0 -999 ""
FIBERMAP 857 R+13C3 APOGEE 1 1 0 1 0 0 -94.56796940839648 239.20225571468808 143.1 -87.02849964405937 242.051600676184 305.28726 108.78021 303.898920311425 48.771365598542864 -2.1067238 -3.652191 0.12595025 303.8989108307787 48.77135476644826 303.78623673957213 48.8602684228442 35.044710254468576 309.9798566894125 16000.0 16600.0 2016.0 2 106 {-999.0 16.206266 14.286021 13.353146 -999.0} sdss_psfmag_from_g3xp 15.298072 13.986572 12.872096 10.035 63050395016026477 1151796007 bright_1x1 mwm_galactic_core_dist_apogee_sparse mwm_galactic science 0 0 0.0 0.0 -999 ""
FIBERMAP 857 R+13C3 BOSS 0 0 0 1 0 0 -95.00500044741834 238.59792363741198 143.1 -87.4842577233432 241.46124844163947 305.28726 108.78021 -999.0 -999.0 -999.0 -999.0 -999.0 303.8953450458398 48.7686547696278 303.7831115902521 48.85762100958619 35.04216186689137 309.9771969535095 -999.0 5400.0 -999.0 1 87 {-999.0 -999.0 -999.0 -999.0 -999.0} "" -999.0 -999.0 -999.0 -999.0 -999 -999 "" "" "" "" 0 0 0.0 0.0 -999 ""
FIBERMAP 857 R+13C3 METROLOGY 0 0 0 1 0 0 -95.32013184301191 239.2743695958398 143.1 -87.77804541152835 242.14724665297624 305.28726 108.78021 -999.0 -999.0 -999.0 -999.0 -999.0 303.8934550978953 48.771718033045374 303.78108285424764 48.86066345405211 35.04146924637902 309.9811657020384 -999.0 6231.0 -999.0 -1 -999 {-999.0 -999.0 -999.0 -999.0 -999.0} "" -999.0 -999.0 -999.0 -999.0 -999 -999 "" "" "" "" 0 0 0.0 0.0 -999 ""
FIBERMAP 859 R-9C1 APOGEE 1 1 0 1 0 0 -206.1547013795338 -184.83851514498556 143.1 -211.84804983624943 -178.2916000918009 252.77722 69.94281 303.08719791306305 46.86424502092678 -1.4128226 -8.183464 0.62365115 303.0871917844499 46.86422074945356 302.9820577826702 46.95201511702937 34.1037028092883 307.85999440361553 16000.0 16600.0 2016.0 2 272 {-999.0 12.746584 11.342753 10.75115 -999.0} sdss_psfmag_from_g3xp 12.179686 11.281949 10.354964 8.181 63050395014954166 1151795069 bright_1x1 mwm_galactic_core_dist_apogee_sparse mwm_galactic science 0 0 0.0 0.0 -999 ""
FIBERMAP 859 R-9C1 BOSS 0 0 0 1 0 0 -206.76325577074005 -184.39228422647454 143.1 -212.4423341337302 -177.82651421119343 252.77722 69.94281 -999.0 -999.0 -999.0 -999.0 -999.0 303.0828034515699 46.866222770103086 302.9780851873823 46.95407836866608 34.10154550755556 307.86317957274355 -999.0 5400.0 -999.0 1 419 {-999.0 -999.0 -999.0 -999.0 -999.0} "" -999.0 -999.0 -999.0 -999.0 -999 -999 "" "" "" "" 0 0 0.0 0.0 -999 ""
FIBERMAP 859 R-9C1 METROLOGY 0 0 0 1 0 0 -206.07910998542212 -184.0896547974964 143.1 -211.74903145732048 -177.54546379870644 252.77722 69.94281 -999.0 -999.0 -999.0 -999.0 -999.0 303.08742206101033 46.867525174665126 302.9825814385233 46.95536931438727 34.10483063748245 307.8638337652984 -999.0 6231.0 -999.0 -1 -999 {-999.0 -999.0 -999.0 -999.0 -999.0} "" -999.0 -999.0 -999.0 -999.0 -999 -999 "" "" "" "" 0 0 0.0 0.0 -999 ""
FIBERMAP 865 R-9C11 APOGEE 1 1 0 1 0 0 39.08244133429553 -184.80212411010643 143.1 33.27375945082988 -185.93886353796916 285.31543 131.46283 304.70921235844145 46.83133684373621 -3.3949857 -4.6937013 0.25698596 304.70919764051825 46.831322922608095 304.6059591803156 46.922152834803555 35.17757926774713 307.5225348922193 16000.0 16600.0 2016.0 2 179 {-999.0 16.508873 14.655147 13.729435 -999.0} sdss_psfmag_from_g3xp 15.64404 14.34648 13.223868 10.356 63050395015351542 1151795266 bright_1x1 mwm_galactic_core_dist_apogee_sparse mwm_galactic science 0 0 0.0 0.0 -999 ""
FIBERMAP 865 R-9C11 BOSS 0 0 0 1 0 0 38.68305394117289 -185.425964261918 143.1 32.85501592245253 -186.54989401213433 285.31543 131.46283 -999.0 -999.0 -999.0 -999.0 -999.0 304.7059899582895 46.82846224805217 304.60317340199856 46.91934916461537 35.175116583673855 307.51968774649066 -999.0 5400.0 -999.0 1 374 {-999.0 -999.0 -999.0 -999.0 -999.0} "" -999.0 -999.0 -999.0 -999.0 -999 -999 "" "" "" "" 0 0 0.0 0.0 -999 ""
FIBERMAP 865 R-9C11 METROLOGY 0 0 0 1 0 0 38.339079358877804 -184.762590276488 143.1 32.531989182458354 -185.87605786626807 285.31543 131.46283 -999.0 -999.0 -999.0 -999.0 -999.0 304.7039910776922 46.83153400466052 304.6010421959148 46.922398884696236 35.174353204807296 307.5237150885805 -999.0 6231.0 -999.0 -1 -999 {-999.0 -999.0 -999.0 -999.0 -999.0} "" -999.0 -999.0 -999.0 -999.0 -999 -999 "" "" "" "" 0 0 0.0 0.0 -999 ""
FIBERMAP 866 R+11C13 APOGEE 1 1 0 1 0 0 117.48456995959307 225.50478618462097 143.1 124.49416521177702 221.71672146363986 95.75502 42.894997 305.35007170713936 48.675203403207284 -2.893192 -4.534709 0.11765172 305.3500587121114 48.675189953637265 305.239604155759 48.76682162784128 35.965367889973464 309.63885632614006 16000.0 16600.0 2016.0 2 12 {-999.0 17.815403 15.720862 13.498736 -999.0} sdss_psfmag_ps1 16.76669 13.789527 12.317971 8.281 63050395016087881 1153345579 bright_1x1 mwm_galactic_core_dist_apogee_sparse mwm_galactic science 0 0 0.0 0.0 -999 ""
FIBERMAP 866 R+11C13 BOSS 0 0 0 1 0 0 118.05292255283192 225.01187107463826 143.1 125.0468041210674 221.20623314481853 95.75502 42.894997 -999.0 -999.0 -999.0 -999.0 -999.0 305.3534026962463 48.67281848473973 305.24338159203126 48.7645092244816 35.967382556038615 309.635475375878 -999.0 5400.0 -999.0 1 99 {-999.0 -999.0 -999.0 -999.0 -999.0} "" -999.0 -999.0 -999.0 -999.0 -999 -999 "" "" "" "" 0 0 0.0 0.0 -999 ""
FIBERMAP 866 R+11C13 METROLOGY 0 0 0 1 0 0 117.3444206967653 224.76633120782287 143.1 124.33094564085887 220.98300829142258 95.75502 42.894997 -999.0 -999.0 -999.0 -999.0 -999.0 305.34861452862555 48.671894141281754 305.2384728487391 48.76356139246383 35.96402685649117 309.63507097656657 -999.0 6231.0 -999.0 -1 -999 {-999.0 -999.0 -999.0 -999.0 -999.0} "" -999.0 -999.0 -999.0 -999.0 -999 -999 "" "" "" "" 0 0 0.0 0.0 -999 ""
FIBERMAP 868 R+9C15 APOGEE 0 0 0 1 0 0 132.14703704117665 183.63969709718515 143.1 137.83797418679632 179.41211942892755 43.67195 119.181984 -999.0 -999.0 -999.0 -999.0 -999.0 305.4385419013154 48.48401202801944 305.32904637954204 48.57584664874471 35.98762446975209 309.39337515638243 -999.0 16600.0 -999.0 2 -999 {-999.0 -999.0 -999.0 -999.0 -999.0} "" -999.0 -999.0 -999.0 -999.0 -999 -999 "" "" "" "" 0 0 0.0 0.0 -999 ""
FIBERMAP 868 R+9C15 BOSS 1 1 0 1 0 0 132.8675425543581 183.42951077174135 143.1 138.55155205709067 179.17945844185328 43.67195 119.181984 305.4429932228192 48.482869632441286 3.0306363 2.0051677 2.8794904 305.44300678350135 48.48287557960101 305.33393787532407 48.57477194635902 35.990601210897125 309.3913189920545 5400.0 5400.0 2016.0 1 229 {-999.0 18.737427 17.241837 15.956452 -999.0} sdss_psfmag_ps1 18.028133 16.626423 15.462233 13.216 63050395016078744 1035021447 bright_1x1 mwm_yso_pms_boss_sagitta_edr3_single mwm_yso science 0 0 0.0 0.0 -999 ""
FIBERMAP 868 R+9C15 METROLOGY 0 0 0 1 0 0 132.32303349710867 182.91465418258548 143.1 137.99117040297196 178.68190664268838 43.67195 119.181984 -999.0 -999.0 -999.0 -999.0 -999.0 305.43926620022535 48.48069669282611 305.33008482450043 48.572571147706945 35.987683694227236 309.3892395930856 -999.0 6231.0 -999.0 -1 -999 {-999.0 -999.0 -999.0 -999.0 -999.0} "" -999.0 -999.0 -999.0 -999.0 -999 -999 "" "" "" "" 0 0 0.0 0.0 -999 ""
FIBERMAP 869 R+10C1 APOGEE 1 1 0 1 0 0 -172.55091533532828 201.17456334368714 143.1 -166.16587117388747 206.4852886656452 19.460356 142.8223 303.3587467742472 48.60695503081771 -2.413359 -3.9057915 0.09733641 303.3587359490887 48.60694344656473 303.2461757188169 48.69487868825401 34.66238749372281 309.8719508586975 16000.0 16600.0 2016.0 2 115 {-999.0 15.102387 13.302885 12.401302 -999.0} sdss_psfmag_from_g3xp 14.277876 13.035304 11.947239 9.23 63050395016019045 1151796114 bright_1x1 mwm_galactic_core_dist_apogee_sparse mwm_galactic science 0 0 0.0 0.0 -999 ""
FIBERMAP 869 R+10C1 BOSS 0 0 0 1 0 0 -171.8642548614027 200.90810582356812 143.1 -165.48788532695536 206.19744362391395 19.460356 142.8223 -999.0 -999.0 -999.0 -999.0 -999.0 303.36290967176626 48.60565952340404 303.2507966303319 48.69366472428316 34.66511489796423 309.8697293382961 -999.0 5400.0 -999.0 1 79 {-999.0 -999.0 -999.0 -999.0 -999.0} "" -999.0 -999.0 -999.0 -999.0 -999 -999 "" "" "" "" 0 0 0.0 0.0 -999 ""
FIBERMAP 869 R+10C1 METROLOGY 0 0 0 1 0 0 -172.44709487579445 200.43321278506085 143.1 -166.08532761690273 205.74103735976533 19.460356 142.8223 -999.0 -999.0 -999.0 -999.0 -999.0 303.3589863932427 48.60357605915814 303.246754619644 48.69155681480132 34.66206370740456 309.8679046654977 -999.0 6231.0 -999.0 -1 -999 {-999.0 -999.0 -999.0 -999.0 -999.0} "" -999.0 -999.0 -999.0 -999.0 -999 -999 "" "" "" "" 0 0 0.0 0.0 -999 ""
FIBERMAP 870 R0C26 APOGEE 1 1 0 1 0 0 290.183729772238 -2.4185181010877406 143.1 289.970133406277 -11.509248738167205 64.31568 26.966585 306.43506873858666 47.60421515425085 -999.0 -999.0 -999.0 306.43506873858666 47.60421515425085 306.3306234840532 47.69806099971267 36.47937608667879 308.1689487058224 16000.0 16600.0 2015.5 2 38 {-999.0 -999.0 -999.0 -999.0 -999.0} "" -999.0 -999.0 -999.0 -999.0 27021603114176837 840306212 "" ops_sky_apogee_best ops_sky sky_apogee 0 0 0.0 0.0 -999 ""
FIBERMAP 870 R0C26 BOSS 0 0 0 1 0 0 290.231829958325 -3.1570245871484834 143.1 289.9950722626962 -12.248911524854998 64.31568 26.966585 -999.0 -999.0 -999.0 -999.0 -999.0 306.43466146687217 47.60082327081904 306.3306323392468 47.69472079968284 36.478755455689516 308.16486694235346 -999.0 5400.0 -999.0 1 173 {-999.0 -999.0 -999.0 -999.0 -999.0} "" -999.0 -999.0 -999.0 -999.0 -999 -999 "" "" "" "" 0 0 0.0 0.0 -999 ""
FIBERMAP 870 R0C26 METROLOGY 0 0 0 1 0 0 289.5491644034285 -2.8109480576139987 143.1 289.3235740170719 -11.881610454819318 64.31568 26.966585 -999.0 -999.0 -999.0 -999.0 -999.0 306.4304357133054 47.602576133735894 306.3262798879672 47.696450933836246 36.47620255308199 308.1676639003788 -999.0 6231.0 -999.0 -1 -999 {-999.0 -999.0 -999.0 -999.0 -999.0} "" -999.0 -999.0 -999.0 -999.0 -999 -999 "" "" "" "" 0 0 0.0 0.0 -999 ""
FIBERMAP 871 R-7C18 APOGEE 1 1 0 1 0 0 178.93610468202553 -134.8522671249688 143.1 174.62600214872324 -140.39454903363992 349.44928 133.04117 305.6511953206597 47.03164939409942 -3.6071103 -4.509622 0.095979914 305.65117962453877 47.031636018934655 305.5481856009586 47.12416387668311 35.84795588477871 307.59993838654464 16000.0 16600.0 2016.0 2 234 {-999.0 19.842474 16.752092 13.867728 -999.0} sdss_psfmag_ps1 17.921091 13.815845 12.232618 7.403 63050395015375924 1153345218 bright_1x1 mwm_galactic_core_dist_apogee_sparse mwm_galactic science 0 0 0.0 0.0 -999 ""
FIBERMAP 871 R-7C18 BOSS 0 0 0 1 0 0 179.30800195929746 -135.5079979133122 143.1 174.97717779451906 -141.0616204712413 349.44928 133.04117 -999.0 -999.0 -999.0 -999.0 -999.0 305.6530369568599 47.02852412637874 305.5504641031555 47.12111335381388 35.84885419855283 307.5958648398346 -999.0 5400.0 -999.0 1 276 {-999.0 -999.0 -999.0 -999.0 -999.0} "" -999.0 -999.0 -999.0 -999.0 -999 -999 "" "" "" "" 0 0 0.0 0.0 -999 ""
FIBERMAP 871 R-7C18 METROLOGY 0 0 0 1 0 0 178.56250221738807 -135.51876924141155 143.1 174.23169464091924 -141.04902908984377 349.44928 133.04117 -999.0 -999.0 -999.0 -999.0 -999.0 305.6482173207914 47.028643626201415 305.5455232503533 47.121207734972174 35.84558151098947 307.5968216392187 -999.0 6231.0 -999.0 -1 -999 {-999.0 -999.0 -999.0 -999.0 -999.0} "" -999.0 -999.0 -999.0 -999.0 -999 -999 "" "" "" "" 0 0 0.0 0.0 -999 ""
FIBERMAP 872 R+4C23 APOGEE 0 0 0 1 0 0 256.4145013091936 78.23606485601262 143.1 258.74396905996787 70.16506706471539 338.24054 140.091 -999.0 -999.0 -999.0 -999.0 -999.0 306.2422912579184 47.97711777893923 306.13601656661314 48.07053422688581 36.420549936531415 308.65412878380573 -999.0 16600.0 -999.0 2 77 {-999.0 -999.0 -999.0 -999.0 -999.0} "" -999.0 -999.0 -999.0 -999.0 -999 -999 "" "" "" "" 0 0 0.0 0.0 -999 ""
FIBERMAP 872 R+4C23 BOSS 1 1 0 1 0 0 256.7365056723471 77.5680943023814 143.1 259.0448919982347 69.48732489274953 338.24054 140.091 306.24323414673745 47.973955842505426 17.703453 3.2472684 11.496421 306.24379894329826 47.97396547360657 306.1379431672088 48.06743862266828 36.421242097416915 308.65005211904145 5400.0 5400.0 2016.0 1 247 {-999.0 15.06372 13.659358 12.592879 -999.0} sdss_psfmag_from_g3xp 14.500331 13.270698 12.166496 10.084 63050395015636303 1150961123 bright_1x1 mwm_snc_100pc_boss_single mwm_snc science 0 0 1.1721831560134888 0.0 -999 ""
FIBERMAP 872 R+4C23 METROLOGY 0 0 0 1 0 0 255.9879540020839 77.6189509899104 143.1 258.2982892613457 69.5616106413587 338.24054 140.091 -999.0 -999.0 -999.0 -999.0 -999.0 306.2389509069722 47.97441507658103 306.1329747826403 48.06786263531813 36.41805788960424 308.6513337542166 -999.0 6231.0 -999.0 -1 -999 {-999.0 -999.0 -999.0 -999.0 -999.0} "" -999.0 -999.0 -999.0 -999.0 -999 -999 "" "" "" "" 0 0 0.0 0.0 -999 ""
FIBERMAP 875 R+1C7 APOGEE 1 1 0 1 0 0 -142.4184922548973 -0.3697647541836562 143.1 -142.36243688871673 4.092589848433585 330.1051 56.374886 303.529375307491 47.692617554089985 4.8757296 2.2473798 0.4114166 303.5297681218661 47.6926242196293 303.4215004959219 47.781073490392025 34.58068787681836 308.7568885495986 16000.0 16600.0 2016.0 2 138 {-999.0 14.399694 12.486405 10.826397 -999.0} sdss_psfmag_from_g3xp 13.511667 11.540725 10.23301 6.941 63050395015859846 1151795862 bright_1x1 mwm_galactic_core_dist_apogee_sparse mwm_galactic science 0 0 0.8998034596443176 0.0 -999 ""
FIBERMAP 875 R+1C7 BOSS 0 0 0 1 0 0 -143.09414730473674 -0.6901897891489241 143.1 -143.04781042454024 3.7934862547334522 330.1051 56.374886 -999.0 -999.0 -999.0 -999.0 -999.0 303.52465893639885 47.691170868236384 303.41682145487613 47.779675423487234 34.577314191363634 308.75606611989326 -999.0 5400.0 -999.0 1 21 {-999.0 -999.0 -999.0 -999.0 -999.0} "" -999.0 -999.0 -999.0 -999.0 -999 -999 "" "" "" "" 0 0 0.0 0.0 -999 ""
FIBERMAP 875 R+1C7 METROLOGY 0 0 0 1 0 0 -143.03877900275208 0.06045571930509652 143.1 -142.96894960123115 4.542040479901815 330.1051 56.374886 -999.0 -999.0 -999.0 -999.0 -999.0 303.52527976421936 47.69459643367116 303.41730620756266 47.78308310225885 34.578376811534866 308.7600183691041 -999.0 6231.0 -999.0 -1 -999 {-999.0 -999.0 -999.0 -999.0 -999.0} "" -999.0 -999.0 -999.0 -999.0 -999 -999 "" "" "" "" 0 0 0.0 0.0 -999 ""
FIBERMAP 877 R+13C4 APOGEE 1 1 0 1 0 0 -64.24182174981372 267.649154430339 143.1 -55.82547236267984 269.5348263258354 111.52033 35.870186 304.1133021136174 48.89494968376908 -2.8109622 -4.486744 0.19748984 304.1132894325263 48.89493637645945 304.0003103584653 48.98422497129121 35.20732419123452 310.0939530777586 16000.0 16600.0 2016.0 2 114 {-999.0 16.108837 14.1330185 13.137713 -999.0} sdss_psfmag_from_g3xp 15.157336 13.785232 12.649772 9.745 63050395016030056 1151796025 bright_1x1 mwm_galactic_core_dist_apogee_sparse mwm_galactic science 0 0 0.0 0.0 -999 ""
FIBERMAP 877 R+13C4 BOSS 0 0 0 1 0 0 -63.61016974386232 267.2693437367163 143.1 -55.20602037802357 269.1354054423672 111.52033 35.870186 -999.0 -999.0 -999.0 -999.0 -999.0 304.11711281343787 48.89311825705218 304.0045780652345 48.982471540220786 35.20972229038601 310.0911706499586 -999.0 5400.0 -999.0 1 86 {-999.0 -999.0 -999.0 -999.0 -999.0} "" -999.0 -999.0 -999.0 -999.0 -999 -999 "" "" "" "" 0 0 0.0 0.0 -999 ""
FIBERMAP 877 R+13C4 METROLOGY 0 0 0 1 0 0 -64.24199793417313 266.9019715447757 143.1 -55.849058792438484 268.78800382950357 111.52033 35.870186 -999.0 -999.0 -999.0 -999.0 -999.0 304.1128120489628 48.89157117756856 304.00015690225706 48.98090055900816 35.20656700183513 310.0899894297687 -999.0 6231.0 -999.0 -1 -999 {-999.0 -999.0 -999.0 -999.0 -999.0} "" -999.0 -999.0 -999.0 -999.0 -999 -999 "" "" "" "" 0 0 0.0 0.0 -999 ""
FIBERMAP 880 R-8C1 APOGEE 1 1 0 1 0 0 -209.72267243367168 -148.69020858827884 143.1 -214.28174716547016 -142.0486721777398 117.83702 138.26096 303.0657594971208 47.02708414955408 1.2219107 2.0046468 1.8461788 303.0657648137381 47.027090095169406 302.95990409931727 47.1148096814917 34.1267532225865 308.05549876301126 16000.0 16600.0 2016.0 2 276 {-999.0 9.046931 9.193726 9.315422 -999.0} sdss_psfmag_from_g3xp 9.160526 9.111352 8.99131 8.843 63050395014957182 974805434 "" ops_std_apogee ops_std standard_apogee 0 0 0.0 0.0 -999 ""
FIBERMAP 880 R-8C1 BOSS 0 0 0 1 0 0 -209.56394913300554 -147.9517734498944 143.1 -214.0999629998853 -141.31556078619747 117.83702 138.26096 -999.0 -999.0 -999.0 -999.0 -999.0 303.0664029165616 47.03032221211854 302.9609591870109 47.11811143065254 34.1282145454837 308.05917913885116 -999.0 5400.0 -999.0 1 418 {-999.0 -999.0 -999.0 -999.0 -999.0} "" -999.0 -999.0 -999.0 -999.0 -999 -999 "" "" "" "" 0 0 0.0 0.0 -999 ""
FIBERMAP 880 R-8C1 METROLOGY 0 0 0 1 0 0 -209.01110394007358 -148.4574918808848 143.1 -213.56322527248633 -141.8383604757227 117.83702 138.26096 -999.0 -999.0 -999.0 -999.0 -999.0 303.0701358581357 47.02801022099646 302.96458420565745 47.11578726301813 34.13007787611512 308.0557590221821 -999.0 6231.0 -999.0 -1 -999 {-999.0 -999.0 -999.0 -999.0 -999.0} "" -999.0 -999.0 -999.0 -999.0 -999 -999 "" "" "" "" 0 0 0.0 0.0 -999 ""
FIBERMAP 885 R+12C10 APOGEE 0 0 1 1 0 0 45.120962496260574 240.39595185207082 143.1 52.63148825079934 238.86807199571717 9.994049 170.60306 -999.0 -999.0 -999.0 -999.0 -999.0 304.85838056688095 48.756882257964655 304.7469432093105 48.847586772645776 35.66200492156237 309.81224781926034 -999.0 16600.0 -999.0 2 -999 {-999.0 -999.0 -999.0 -999.0 -999.0} "" -999.0 -999.0 -999.0 -999.0 -999 -999 "" "" "" "" 0 0 0.0 0.0 -999 ""
FIBERMAP 885 R+12C10 BOSS 1 0 1 1 0 0 45.87175079991338 240.42293350285397 143.1 53.3827653474201 238.87151753967842 9.994049 170.60306 304.7987895519218 48.7794514306472 -999.0 -999.0 -999.0 304.8631255438924 48.756834094904235 304.75211798642897 48.84760172378016 35.665350293395434 309.81146449638106 5400.0 5400.0 2015.5 1 153 {-999.0 -999.0 -999.0 -999.0 -999.0} "" -999.0 -999.0 -999.0 -999.0 27021603114191100 818196141 "" ops_sky_boss_good ops_sky sky_boss 0 0 0.0 0.0 -999 ""
FIBERMAP 885 R+12C10 METROLOGY 0 0 1 1 0 0 45.51826004570151 239.76443254300736 143.1 53.00881068603052 238.22440471077184 9.994049 170.60306 -999.0 -999.0 -999.0 -999.0 -999.0 304.86065373364727 48.75396667847499 304.74953591971877 48.84471494541605 35.6631304776157 309.8083767494604 -999.0 6231.0 -999.0 -1 -999 {-999.0 -999.0 -999.0 -999.0 -999.0} "" -999.0 -999.0 -999.0 -999.0 -999 -999 "" "" "" "" 0 0 0.0 0.0 -999 ""
FIBERMAP 886 R+3C2 APOGEE 0 0 0 1 0 0 -234.78423140514116 48.1966771812717 143.1 -233.16265016993412 55.529918764735115 242.71109 144.09302 -999.0 -999.0 -999.0 -999.0 -999.0 302.91612255134277 47.91997872011733 302.80616857193024 48.00722635533987 34.228151810522164 309.1345365295408 -999.0 16600.0 -999.0 2 -999 {-999.0 -999.0 -999.0 -999.0 -999.0} "" -999.0 -999.0 -999.0 -999.0 -999 -999 "" "" "" "" 0 0 0.0 0.0 -999 ""
FIBERMAP 886 R+3C2 BOSS 1 1 0 1 0 0 -235.41074071958917 47.85457426748151 143.1 -233.79958051132496 55.20760778042579 242.71109 144.09302 302.9111497772051 47.91824465096132 -45.81164 52.215755 11.1602 302.9114242692267 47.91839951836638 302.80190578394047 48.00570735327821 34.22503312144962 309.13351361008006 5400.0 5400.0 2016.0 1 73 {-999.0 15.270886 13.909296 12.711122 -999.0} sdss_psfmag_from_g3xp 14.712044 13.507127 12.235049 10.036 63050395015953243 1150956825 bright_1x1 mwm_snc_100pc_boss_single mwm_snc science 0 0 1.1514089107513428 0.0 -999 ""
FIBERMAP 886 R+3C2 METROLOGY 0 0 0 1 0 0 -235.41373946479925 48.59715387639555 143.1 -233.77931173059417 55.94992866157329 242.71109 144.09302 -999.0 -999.0 -999.0 -999.0 -999.0 302.9116157811926 47.92178087127812 302.80196163954366 48.00906743472261 34.22581785894152 309.13746529300914 -999.0 6231.0 -999.0 -1 -999 {-999.0 -999.0 -999.0 -999.0 -999.0} "" -999.0 -999.0 -999.0 -999.0 -999 -999 "" "" "" "" 0 0 0.0 0.0 -999 ""
FIBERMAP 891 R+9C3 APOGEE 1 1 0 1 0 0 -143.94668159593758 184.62865228898607 143.1 -138.09363032347028 189.05102362856877 56.494823 138.08376 303.55035604636964 48.53088326606137 -1.5325171 -2.6721575 0.13616319 303.55034918257354 48.530875340664416 303.4383572091435 48.61918640594013 34.77068165503539 309.7495803045862 16000.0 16600.0 2016.0 2 99 {-999.0 16.699417 14.915506 14.071012 -999.0} sdss_psfmag_from_g3xp 15.883944 14.686233 13.619582 10.999 63050395016016573 1151796108 bright_1x1 mwm_galactic_core_dist_apogee_sparse mwm_galactic science 0 0 0.0 0.0 -999 ""
FIBERMAP 891 R+9C3 BOSS 0 0 0 1 0 0 -143.21628545775266 184.8267509761633 143.1 -137.35737436099438 189.22614385439533 56.494823 138.08376 -999.0 -999.0 -999.0 -999.0 -999.0 303.5548997401298 48.531679271277326 303.4433436543048 48.62005991150694 34.774087715041155 309.7497830732648 -999.0 5400.0 -999.0 1 58 {-999.0 -999.0 -999.0 -999.0 -999.0} "" -999.0 -999.0 -999.0 -999.0 -999 -999 "" "" "" "" 0 0 0.0 0.0 -999 ""
FIBERMAP 891 R+9C3 METROLOGY 0 0 0 1 0 0 -143.40509198462487 184.10483143108306 143.1 -137.56871000735887 188.5104827635289 56.494823 138.08376 -999.0 -999.0 -999.0 -999.0 -999.0 303.5536061054141 48.52845807561498 303.4419400551227 48.6168196280951 34.772504249421935 309.74616078262613 -999.0 6231.0 -999.0 -1 -999 {-999.0 -999.0 -999.0 -999.0 -999.0} "" -999.0 -999.0 -999.0 -999.0 -999 -999 "" "" "" "" 0 0 0.0 0.0 -999 ""
FIBERMAP 894 R+13C9 APOGEE 0 0 0 1 0 0 25.862285643245176 255.10585110556707 143.1 33.8428407556256 254.1743873105789 96.35343 162.98566 -999.0 -999.0 -999.0 -999.0 -999.0 304.7297385620146 48.826026457151364 304.61782975131376 48.91647775339786 35.59186620666677 309.915441623996 -999.0 16600.0 -999.0 2 56 {-999.0 -999.0 -999.0 -999.0 -999.0} "" -999.0 -999.0 -999.0 -999.0 -999 -999 "" "" "" "" 0 0 0.0 0.0 -999 ""
FIBERMAP 894 R+13C9 BOSS 1 1 0 1 0 0 25.98675385952702 255.84138472220812 143.1 33.99029519712511 254.9056718201668 96.35343 162.98566 304.72984301415084 48.82926383666898 -2.6020029 -6.463735 0.2593345 304.73035074620253 48.82924466576821 304.61885351909 48.919751104644256 35.593154374548156 309.9192335463452 5400.0 5400.0 2016.0 1 165 {-999.0 15.034137 13.282165 12.432663 -999.0} sdss_psfmag_from_g3xp 14.239379 13.040729 11.969588 9.249 63050395016113806 996741250 bright_1x1 mwm_bin_gaia_sb_boss mwm_bin science 0 0 1.2310556173324585 0.0 -999 ""
FIBERMAP 894 R+13C9 METROLOGY 0 0 0 1 0 0 26.572328192263146 255.37243930029248 143.1 34.56089867184297 254.41860222297717 96.35343 162.98566 -999.0 -999.0 -999.0 -999.0 -999.0 304.73437993225446 48.8270632211156 304.622776990284 48.917562063580874 35.595264915219666 309.91598336337495 -999.0 6231.0 -999.0 -1 -999 {-999.0 -999.0 -999.0 -999.0 -999.0} "" -999.0 -999.0 -999.0 -999.0 -999 -999 "" "" "" "" 0 0 0.0 0.0 -999 ""
FIBERMAP 895 R+11C14 APOGEE 1 1 0 1 0 0 140.05112876998905 226.9545938603594 143.1 147.09543078600728 222.45879737775738 111.99156 23.393318 305.50437233912044 48.67632078468328 -1.7946689 -4.449879 0.881354 305.5043642780274 48.67630758671185 305.39410052175595 48.76822394464663 36.065687657327025 309.617178152933 16000.0 16600.0 2016.0 2 96 {-999.0 10.954655 10.6457 10.541217 -999.0} sdss_psfmag_from_g3xp 10.923084 10.645156 10.197659 9.501 63050395016093424 974805778 "" ops_std_apogee ops_std standard_apogee 0 0 0.0 0.0 -999 ""
FIBERMAP 895 R+11C14 BOSS 0 0 0 1 0 0 140.58533524134407 226.4284648249705 143.1 147.61289915016445 221.91618075602213 111.99156 23.393318 -999.0 -999.0 -999.0 -999.0 -999.0 305.50744907103694 48.67378120798945 305.39761795206516 48.76575534710263 36.06750989616079 309.6136467003705 -999.0 5400.0 -999.0 1 88 {-999.0 -999.0 -999.0 -999.0 -999.0} "" -999.0 -999.0 -999.0 -999.0 -999 -999 "" "" "" "" 0 0 0.0 0.0 -999 ""
FIBERMAP 895 R+11C14 METROLOGY 0 0 0 1 0 0 139.86688858975725 226.22512165726903 143.1 146.88842268174378 221.73544414566396 111.99156 23.393318 -999.0 -999.0 -999.0 -999.0 -999.0 305.5026148609163 48.67306048693384 305.39266254753215 48.765011217153344 36.064162307003684 309.61348898057 -999.0 6231.0 -999.0 -1 -999 {-999.0 -999.0 -999.0 -999.0 -999.0} "" -999.0 -999.0 -999.0 -999.0 -999 -999 "" "" "" "" 0 0 0.0 0.0 -999 ""
FIBERMAP 896 R-8C17 APOGEE 1 1 0 1 0 0 146.7669503931512 -172.3224340111679 143.1 141.29813141349766 -176.83901323321444 287.13037 59.047398 305.4257396767761 46.86898138732882 -2.594395 -4.3531027 0.16797468 305.4257284216836 46.86896847638812 305.32315032810374 46.9611151651967 35.66439017369781 307.4421066731324 16000.0 16600.0 2016.0 2 230 {-999.0 16.651794 14.411799 13.079226 -999.0} sdss_psfmag_from_g3xp 15.49767 13.770397 12.507333 9.101 63050395015371357 1151795368 bright_1x1 mwm_galactic_core_dist_apogee_sparse mwm_galactic science 0 0 0.0 0.0 -999 ""
FIBERMAP 896 R-8C17 BOSS 0 0 0 1 0 0 146.04785921928172 -172.1796298771315 143.1 140.58385602849586 -176.67374674817466 287.13037 59.047398 -999.0 -999.0 -999.0 -999.0 -999.0 305.42065992827776 46.86965437225174 305.3184802483443 46.96185052134157 35.66142499008203 307.44380633683875 -999.0 5400.0 -999.0 1 275 {-999.0 -999.0 -999.0 -999.0 -999.0} "" -999.0 -999.0 -999.0 -999.0 -999 -999 "" "" "" "" 0 0 0.0 0.0 -999 ""
FIBERMAP 896 R-8C17 METROLOGY 0 0 0 1 0 0 146.52932964652348 -171.60988940071775 143.1 141.0829485845489 -176.11936203627968 287.13037 59.047398 -999.0 -999.0 -999.0 -999.0 -999.0 305.4241385107448 46.87215220930309 305.3218370341529 46.96433751769817 35.66418219635051 307.4462154898483 -999.0 6231.0 -999.0 -1 -999 {-999.0 -999.0 -999.0 -999.0 -999.0} "" -999.0 -999.0 -999.0 -999.0 -999 -999 "" "" "" "" 0 0 0.0 0.0 -999 ""
FIBERMAP 897 R-6C3 APOGEE 1 1 0 1 0 0 -172.45666895105242 -96.75847877375205 143.1 -175.4063460990689 -91.30920518039694 131.41637 41.22221 303.31652364183395 47.257942846806884 -999.0 -999.0 -999.0 303.31652364183395 47.257942846806884 303.2099268928432 47.346084070055646 34.34486462974099 308.28094899692604 16000.0 16600.0 2015.5 2 298 {-999.0 -999.0 -999.0 -999.0 -999.0} "" -999.0 -999.0 -999.0 -999.0 27021603114181414 840306796 "" ops_sky_apogee_best ops_sky sky_apogee 0 0 0.0 0.0 -999 ""
FIBERMAP 897 R-6C3 BOSS 0 0 0 1 0 0 -171.72068189784898 -96.8476667033673 143.1 -174.67350298546086 -91.4214102981759 131.41637 41.22221 -999.0 -999.0 -999.0 -999.0 -999.0 303.3209126035922 47.257373668266446 303.2147517571316 47.345590559645686 34.3479380909517 308.2794729035619 -999.0 5400.0 -999.0 1 445 {-999.0 -999.0 -999.0 -999.0 -999.0} "" -999.0 -999.0 -999.0 -999.0 -999 -999 "" "" "" "" 0 0 0.0 0.0 -999 ""
FIBERMAP 897 R-6C3 METROLOGY 0 0 0 1 0 0 -172.16521968588475 -97.44368498864506 143.1 -175.13650376525885 -92.00321749190736 131.41637 41.22221 -999.0 -999.0 -999.0 -999.0 -999.0 303.3180292369183 47.254742473441645 303.21175524604854 47.34293545442456 34.34536073969539 308.276895213625 -999.0 6231.0 -999.0 -1 -999 {-999.0 -999.0 -999.0 -999.0 -999.0} "" -999.0 -999.0 -999.0 -999.0 -999 -999 "" "" "" "" 0 0 0.0 0.0 -999 ""
FIBERMAP 898 R+4C19 APOGEE 1 1 0 1 0 0 164.42035721121331 85.12050704707276 143.1 167.0092165270075 79.92855018684612 25.386164 135.96759 305.6281096255494 48.03155924224872 -2.3776588 -2.3650746 0.036338024 305.62809908014196 48.031552227633775 305.5208193040103 48.12383001223624 36.02705085693591 308.8148626654054 16000.0 16600.0 2016.0 2 90 {-999.0 17.68771 15.412098 14.525941 -999.0} sdss_psfmag_ps1 16.54424 14.980882 13.783147 10.611 63050395015670375 1153345459 bright_1x1 mwm_galactic_core_dist_apogee_sparse mwm_galactic science 0 0 0.0 0.0 -999 ""
FIBERMAP 898 R+4C19 BOSS 0 0 0 1 0 0 165.10293370171834 84.86340737536975 143.1 167.68341352521057 79.6501865062427 25.386164 135.96759 -999.0 -999.0 -999.0 -999.0 -999.0 305.6322857464083 48.030197832217695 305.525429098759 48.12253720886608 36.029823963876375 308.81256576229964 -999.0 5400.0 -999.0 1 208 {-999.0 -999.0 -999.0 -999.0 -999.0} "" -999.0 -999.0 -999.0 -999.0 -999 -999 "" "" "" "" 0 0 0.0 0.0 -999 ""
FIBERMAP 898 R+4C19 METROLOGY 0 0 0 1 0 0 164.53808694363505 84.38052700169682 143.1 167.10370569094945 79.1852329455042 25.386164 135.96759 -999.0 -999.0 -999.0 -999.0 -999.0 305.6284263631635 48.02815285437246 305.52145701263066 48.120470375178286 36.02682596456367 308.8106845272898 -999.0 6231.0 -999.0 -1 -999 {-999.0 -999.0 -999.0 -999.0 -999.0} "" -999.0 -999.0 -999.0 -999.0 -999 -999 "" "" "" "" 0 0 0.0 0.0 -999 ""
FIBERMAP 899 R+4C21 APOGEE 1 1 0 1 0 0 200.00333549753012 67.9722994012102 143.1 202.03801658974524 61.67362037448899 229.97304 145.3858 305.8619995228328 47.94538648659019 -3.7881002 -5.624741 0.2740795 305.86198274985884 47.94536980407521 305.7553661000303 48.03809558889964 36.164542437077756 308.6737572715924 16000.0 16600.0 2016.0 2 33 {-999.0 15.7295685 13.874171 12.97578 -999.0} sdss_psfmag_from_g3xp 14.863383 13.599174 12.50112 9.764 63050395015662665 1151795629 bright_1x1 mwm_galactic_core_dist_apogee_sparse mwm_galactic science 0 0 0.0 0.0 -999 ""
FIBERMAP 899 R+4C21 BOSS 0 0 0 1 0 0 199.28494249900427 67.77657434059307 143.1 201.3138324353043 61.50049657202158 229.97304 145.3858 -999.0 -999.0 -999.0 -999.0 -999.0 305.8567549781744 47.944620690645884 305.75054462942546 48.03738992114102 36.16124331496567 308.6736568596808 -999.0 5400.0 -999.0 1 193 {-999.0 -999.0 -999.0 -999.0 -999.0} "" -999.0 -999.0 -999.0 -999.0 -999 -999 "" "" "" "" 0 0 0.0 0.0 -999 ""
FIBERMAP 899 R+4C21 METROLOGY 0 0 0 1 0 0 199.48141269511268 68.50119486316751 143.1 201.53291273666312 62.21861724364289 229.97304 145.3858 -999.0 -999.0 -999.0 -999.0 -999.0 305.85841612645356 47.94786492223011 305.7520778106308 48.040621514946004 36.162863077329504 308.6773458723938 -999.0 6231.0 -999.0 -1 -999 {-999.0 -999.0 -999.0 -999.0 -999.0} "" -999.0 -999.0 -999.0 -999.0 -999 -999 "" "" "" "" 0 0 0.0 0.0 -999 ""
FIBERMAP 901 R+8C13 APOGEE 0 0 0 1 0 0 78.63967779787905 138.05481498114017 143.1 82.92778706548555 135.52535109381748 1.9469684 46.50784 -999.0 -999.0 -999.0 -999.0 -999.0 305.0613261967663 48.2898329005455 304.95221825423744 48.38101068057919 35.70517481641439 309.2163831763711 -999.0 16600.0 -999.0 2 -999 {-999.0 -999.0 -999.0 -999.0 -999.0} "" -999.0 -999.0 -999.0 -999.0 -999 -999 "" "" "" "" 0 0 0.0 0.0 -999 ""
FIBERMAP 901 R+8C13 BOSS 1 1 0 1 0 0 78.14370947524601 137.4951365604077 143.1 82.41451875858534 134.98147789890126 1.9469684 46.50784 305.0574580037094 48.287426141291306 -8.420961 -11.509831 0.61424404 305.0574204682846 48.287392004083436 304.94873728676635 48.37861837673796 35.70244145690118 309.21404745354 5400.0 5400.0 2016.0 1 151 {-999.0 17.02215 16.269659 16.062834 -999.0} sdss_psfmag_ps1 16.787537 16.320755 15.686573 14.631 63050395015900904 981829429 "" ops_std_boss_tic ops_std standard_boss 0 0 0.0 0.0 -999 ""
FIBERMAP 901 R+8C13 METROLOGY 0 0 0 1 0 0 77.90726306253063 138.19704942126037 143.1 82.20017659759328 135.69046560211785 1.9469684 46.50784 -999.0 -999.0 -999.0 -999.0 -999.0 305.05610661263574 48.29062180496372 304.94728899581656 48.38182931247686 35.7021227970629 309.2181564266916 -999.0 6231.0 -999.0 -1 -999 {-999.0 -999.0 -999.0 -999.0 -999.0} "" -999.0 -999.0 -999.0 -999.0 -999 -999 "" "" "" "" 0 0 0.0 0.0 -999 ""
FIBERMAP 903 R+10C13 APOGEE 0 0 0 1 0 0 86.02510965417257 201.9844119077247 143.1 92.31271873496512 199.1931887729306 66.12224 154.38991 -999.0 -999.0 -999.0 -999.0 -999.0 305.1288152080916 48.576653553783025 305.0185208837296 48.66789663888918 35.80347282068533 309.55287609265787 -999.0 16600.0 -999.0 2 -999 {-999.0 -999.0 -999.0 -999.0 -999.0} "" -999.0 -999.0 -999.0 -999.0 -999 -999 "" "" "" "" 0 0 0.0 0.0 -999 ""
FIBERMAP 903 R+10C13 BOSS 1 1 0 1 0 0 86.57346089260705 202.47300968151663 143.1 92.87611801848621 199.66437384702857 66.12224 154.38991 305.13230732878293 48.57872608652254 -1.4507965 -2.799784 0.07191204 305.13230082484745 48.57871778259628 305.0224217905049 48.67002066398154 35.80640607469825 309.5548427759114 5400.0 5400.0 2016.0 1 98 {-999.0 15.836993 15.22731 14.99049 -999.0} sdss_psfmag_ps1 15.604314 15.195211 14.596326 13.617 63050395016084317 1093634891 bright_1x1 mwm_astar_core_boss_single mwm_ob science 0 0 0.0 0.0 -999 ""
FIBERMAP 903 R+10C13 METROLOGY 0 0 0 1 0 0 86.73204071055802 201.74585277034043 143.1 93.01183963399268 198.9325937568989 66.12224 154.38991 -999.0 -999.0 -999.0 -999.0 -999.0 305.1333071522216 48.575426056785766 305.02332490658944 48.66671624153622 35.80636293002846 309.55070275877455 -999.0 6231.0 -999.0 -1 -999 {-999.0 -999.0 -999.0 -999.0 -999.0} "" -999.0 -999.0 -999.0 -999.0 -999 -999 "" "" "" "" 0 0 0.0 0.0 -999 ""
FIBERMAP 904 R+7C9 APOGEE 1 1 0 1 0 0 -17.03342607569435 126.37360558794524 143.1 -13.065866877533093 126.84726742701366 15.353106 64.24654 304.4051351386305 48.25346622855551 -1.9718984 -3.0138302 0.14902814 304.40512635496475 48.253457289785764 304.2953857995565 48.34342429800973 35.26998419347888 309.27749749667305 16000.0 16600.0 2016.0 2 23 {-999.0 16.41875 14.657711 13.833937 -999.0} sdss_psfmag_from_g3xp 15.61676 14.436309 13.373388 10.715 63050395015911516 1155633703 bright_1x1 mwm_galactic_core_dist_apogee_extra mwm_galactic science 0 0 0.0 0.0 -999 ""
FIBERMAP 904 R+7C9 BOSS 0 0 0 1 0 0 -17.15117822283483 125.64777403450277 143.1 -13.20630445985575 126.12546994846234 15.353106 64.24654 -999.0 -999.0 -999.0 -999.0 -999.0 304.4037232651684 48.25018180916482 304.29442018616953 48.34020519246924 35.268704281208514 309.2737953073293 -999.0 5400.0 -999.0 1 131 {-999.0 -999.0 -999.0 -999.0 -999.0} "" -999.0 -999.0 -999.0 -999.0 -999 -999 "" "" "" "" 0 0 0.0 0.0 -999 ""
FIBERMAP 904 R+7C9 METROLOGY 0 0 0 1 0 0 -17.73860474897505 126.10827335128796 143.1 -13.77902387707861 126.6041554838577 15.353106 64.24654 -999.0 -999.0 -999.0 -999.0 -999.0 304.3999372958553 48.25236232997903 304.2904997254251 48.342361684005176 35.26658876082482 309.2770278688137 -999.0 6231.0 -999.0 -1 -999 {-999.0 -999.0 -999.0 -999.0 -999.0} "" -999.0 -999.0 -999.0 -999.0 -999 -999 "" "" "" "" 0 0 0.0 0.0 -999 ""
FIBERMAP 905 R-1C5 APOGEE 1 1 0 1 0 0 -200.0625027143347 -31.155911525299555 143.1 -200.94364460100493 -24.872864381117818 244.06224 103.41302 303.1395196125795 47.557927318315144 -0.872475 -0.7709882 0.5913951 303.13951577808376 47.55792503162819 303.03141341525816 47.645670151286616 34.294757565757024 308.6672443318009 16000.0 16600.0 2016.0 2 266 {-999.0 12.915459 11.935392 11.517936 -999.0} sdss_psfmag_from_g3xp 12.583486 11.960594 11.148037 9.564 63050395015938418 1105229935 bright_1x1 mwm_tess_rgb_apogee mwm_tessrgb science 0 0 0.0 0.0 -999 ""
FIBERMAP 905 R-1C5 BOSS 0 0 0 1 0 0 -200.78822737361216 -31.01145075261791 143.1 -201.66449841598484 -24.705734207472954 244.06224 103.41302 -999.0 -999.0 -999.0 -999.0 -999.0 303.1341859981914 47.558566124684845 303.0265074048347 47.64636802106789 34.29169314266459 308.668964881545 -999.0 5400.0 -999.0 1 485 {-999.0 -999.0 -999.0 -999.0 -999.0} "" -999.0 -999.0 -999.0 -999.0 -999 -999 "" "" "" "" 0 0 0.0 0.0 -999 ""
FIBERMAP 905 R-1C5 METROLOGY 0 0 0 1 0 0 -200.30833023414064 -30.447244636055622 143.1 -201.1671518000427 -24.156831933525748 244.06224 103.41302 -999.0 -999.0 -999.0 -999.0 -999.0 303.1375824791813 47.56110727692802 303.02977384675444 47.64889600320731 34.294404655198385 308.6713493801578 -999.0 6231.0 -999.0 -1 -999 {-999.0 -999.0 -999.0 -999.0 -999.0} "" -999.0 -999.0 -999.0 -999.0 -999 -999 "" "" "" "" 0 0 0.0 0.0 -999 ""
FIBERMAP 906 R+11C11 APOGEE 1 1 0 1 0 0 43.886869302954196 212.02131545494564 143.1 50.50896245718694 210.54557786620887 176.6292 125.82111 304.8428352842396 48.630003857219435 -999.0 -999.0 -999.0 304.8428352842396 48.63000385721943 304.7319476253874 48.72070592397436 35.627937533067275 309.6613569203653 16000.0 16600.0 2016.0 2 1 {-999.0 10.478489 10.318748 10.273336 -999.0} sdss_psfmag_from_g3xp 10.480725 10.365575 9.952993 9.444 63050395016110101 974805786 "" ops_std_apogee ops_std standard_apogee 0 0 0.0 0.0 -999 ""
FIBERMAP 906 R+11C11 BOSS 0 0 0 1 0 0 43.47977480734279 212.64071494781425 143.1 50.12146799726405 211.17743804378443 176.6292 125.82111 -999.0 -999.0 -999.0 -999.0 -999.0 304.8397918554507 48.632846977772324 304.72931072696025 48.72359768230205 35.626788551054005 309.6652606404284 -999.0 5400.0 -999.0 1 108 {-999.0 -999.0 -999.0 -999.0 -999.0} "" -999.0 -999.0 -999.0 -999.0 -999 -999 "" "" "" "" 0 0 0.0 0.0 -999 ""
FIBERMAP 906 R+11C11 METROLOGY 0 0 0 1 0 0 44.21954649289394 212.69320127844077 143.1 50.8625328068476 211.20672132103107 176.6292 125.82111 -999.0 -999.0 -999.0 -999.0 -999.0 304.8449939285326 48.632953104766365 304.73439883109444 48.723697871343944 35.63010141993744 309.6645850269184 -999.0 6231.0 -999.0 -1 -999 {-999.0 -999.0 -999.0 -999.0 -999.0} "" -999.0 -999.0 -999.0 -999.0 -999 -999 "" "" "" "" 0 0 0.0 0.0 -999 ""
FIBERMAP 907 R-6C6 APOGEE 0 0 0 1 0 0 -110.16000377800026 -103.83919568003171 143.1 -113.36111746072845 -100.33840448963983 80.518394 119.491425 -999.0 -999.0 -999.0 -999.0 -999.0 303.7308187286905 47.218947890129364 303.62484076636446 47.307873703100505 34.61041999145849 308.1594411807932 -999.0 16600.0 -999.0 2 -999 {-999.0 -999.0 -999.0 -999.0 -999.0} "" -999.0 -999.0 -999.0 -999.0 -999 -999 "" "" "" "" 0 0 0.0 0.0 -999 ""
FIBERMAP 907 R-6C6 BOSS 1 1 0 1 0 0 -109.44702753392848 -103.58301997097496 143.1 -112.64045348115027 -100.10468903451817 80.518394 119.491425 303.73514074872446 47.2199394395306 -2.0128584 -6.130785 0.3102775 303.7351319588361 47.2199212561324 303.6295791417908 47.30892044124971 34.61378492138856 308.15981591690087 5400.0 5400.0 2016.0 1 465 {-999.0 18.274904 17.218338 16.751328 -999.0} sdss_psfmag_ps1 17.912497 17.16021 16.325035 14.679 63050395015833165 980252310 "" ops_std_boss_red ops_std standard_boss 0 0 0.0 0.0 -999 ""
FIBERMAP 907 R-6C6 METROLOGY 0 0 0 1 0 0 -109.581213078768 -104.31000700847873 143.1 -112.7973528592485 -100.82712656603485 80.518394 119.491425 -999.0 -999.0 -999.0 -999.0 -999.0 303.73425899197537 47.21666505976918 303.6285989711831 47.305644708502356 34.61241068241669 308.156113768428 -999.0 6231.0 -999.0 -1 -999 {-999.0 -999.0 -999.0 -999.0 -999.0} "" -999.0 -999.0 -999.0 -999.0 -999 -999 "" "" "" "" 0 0 0.0 0.0 -999 ""
FIBERMAP 908 R+6C18 APOGEE 0 0 0 1 0 0 174.48046267044137 114.95109737978879 143.1 177.99917989506574 109.42977492593955 28.89919 78.43127 -999.0 -999.0 -999.0 -999.0 -999.0 305.7053013022276 48.164140537219176 305.5975422075771 48.25653293442622 36.1024885841804 308.9640088783822 -999.0 16600.0 -999.0 2 -999 {-999.0 -999.0 -999.0 -999.0 -999.0} "" -999.0 -999.0 -999.0 -999.0 -999 -999 "" "" "" "" 0 0 0.0 0.0 -999 ""
FIBERMAP 908 R+6C18 BOSS 1 1 0 1 0 0 174.71980177543884 114.24238004339448 143.1 178.21620018033803 108.71389534665163 28.89919 78.43127 305.7063297367624 48.160852983201124 3.4526498 -1.0555537 1.9796766 305.70634508853425 48.160849852515796 305.5990134304244 48.25329800784253 36.10283962730977 308.9598481736042 5400.0 5400.0 2016.0 1 203 {-999.0 16.053982 14.935538 14.444185 -999.0} sdss_psfmag_from_g3xp 15.657774 14.913898 14.067512 12.301 63050395015671627 1034773354 bright_1x1 mwm_yso_variable_boss_single mwm_yso science 0 0 0.0 0.0 -999 ""
FIBERMAP 908 R+6C18 METROLOGY 0 0 0 1 0 0 173.98668709561346 114.39176951331406 143.1 177.4881142779169 108.88618341680248 28.89919 78.43127 -999.0 -999.0 -999.0 -999.0 -999.0 305.70154694522387 48.1617142059189 305.59408916869205 48.25413803985181 36.09977859440449 308.9616355363641 -999.0 6231.0 -999.0 -1 -999 {-999.0 -999.0 -999.0 -999.0 -999.0} "" -999.0 -999.0 -999.0 -999.0 -999 -999 "" "" "" "" 0 0 0.0 0.0 -999 ""
FIBERMAP 910 R+11C8 APOGEE 1 1 0 1 0 0 -5.188485038081421 194.70353282569982 143.1 0.9143247251870468 194.77362258827986 335.38007 58.99935 304.5016577006949 48.56044715673407 -0.35397094 -1.6411654 0.47603577 304.5020731207137 48.56044228917418 304.39107918120385 48.65052570710077 35.39352774256124 309.63078470623185 16000.0 16600.0 2016.0 2 15 {-999.0 14.575945 12.300951 10.776222 -999.0} sdss_psfmag_from_g3xp 13.418893 11.478421 10.194238 6.715 63050395015927218 996666770 bright_1x1 mwm_bin_gaia_sb_apogee mwm_bin science 0 0 0.9935534596443176 0.0 -999 ""
FIBERMAP 910 R+11C8 BOSS 0 0 0 1 0 0 -5.797675796205404 194.26675929800768 143.1 0.29173854644889463 194.3561433375761 335.38007 58.99935 -999.0 -999.0 -999.0 -999.0 -999.0 304.4973675607579 48.55856585942284 304.3868021064241 48.64869754534245 35.39039649553052 309.6292714552435 -999.0 5400.0 -999.0 1 111 {-999.0 -999.0 -999.0 -999.0 -999.0} "" -999.0 -999.0 -999.0 -999.0 -999 -999 "" "" "" "" 0 0 0.0 0.0 -999 ""
FIBERMAP 910 R+11C8 METROLOGY 0 0 0 1 0 0 -5.875886985842193 195.0058034195209 143.1 0.23671983238616076 195.09728692600848 335.38007 58.99935 -999.0 -999.0 -999.0 -999.0 -999.0 304.49712553399957 48.561910495492185 304.3864241594069 48.65202495069989 35.39080943898581 309.6333330567055 -999.0 6231.0 -999.0 -1 -999 {-999.0 -999.0 -999.0 -999.0 -999.0} "" -999.0 -999.0 -999.0 -999.0 -999 -999 "" "" "" "" 0 0 0.0 0.0 -999 ""
FIBERMAP 912 R+3C20 APOGEE 1 1 0 1 0 0 170.5050508386718 41.992396229027094 143.1 171.73975368739158 36.63028043190568 301.8013 91.63717 305.65536887223175 47.834638735596265 -3.6995604 -3.2295341 0.108524084 305.6553525262852 47.83462915706569 305.54895654918255 47.926997949164324 36.00765686960594 308.57158033970495 16000.0 16600.0 2016.0 2 62 {-999.0 17.810415 15.657392 14.593097 -999.0} sdss_psfmag_ps1 16.689005 15.225772 14.057673 10.931 63050395015427200 1153345338 bright_1x1 mwm_galactic_core_dist_apogee_sparse mwm_galactic science 0 0 0.0 0.0 -999 ""
FIBERMAP 912 R+3C20 BOSS 0 0 0 1 0 0 169.88697642217122 41.57512251555311 143.1 171.10889902711332 36.23257007209192 301.8013 91.63717 -999.0 -999.0 -999.0 -999.0 -999.0 305.65073427180755 47.832834486613336 305.5447510431671 47.92524940720752 36.0045538534849 308.5701334981797 -999.0 5400.0 -999.0 1 216 {-999.0 -999.0 -999.0 -999.0 -999.0} "" -999.0 -999.0 -999.0 -999.0 -999 -999 "" "" "" "" 0 0 0.0 0.0 -999 ""
FIBERMAP 912 R+3C20 METROLOGY 0 0 0 1 0 0 169.8373786017659 42.322962653009 143.1 171.0827556845715 36.981609000290995 301.8013 91.63717 -999.0 -999.0 -999.0 -999.0 -999.0 305.65074322320936 47.836251502875385 305.5446289208619 47.92865034118127 36.005131459467876 308.5742777006889 -999.0 6231.0 -999.0 -1 -999 {-999.0 -999.0 -999.0 -999.0 -999.0} "" -999.0 -999.0 -999.0 -999.0 -999 -999 "" "" "" "" 0 0 0.0 0.0 -999 ""
FIBERMAP 914 R+3C11 APOGEE 1 1 0 1 0 0 -14.099227370128036 60.79345947536677 143.1 -12.187783331437371 61.206335408471155 57.362167 55.481007 304.4102102525951 47.95515048352671 -2.431297 -3.166007 0.16575362 304.4101994852471 47.955141093412905 304.3017828351125 48.04517995791333 35.21329931113448 308.91894480295747 16000.0 16600.0 2016.0 2 124 {-999.0 14.67434 12.431654 11.189577 -999.0} sdss_psfmag_from_g3xp 13.524222 11.865924 10.642585 7.362 63050395015883410 1151796009 bright_1x1 mwm_galactic_core_dist_apogee_sparse mwm_galactic science 0 0 0.0 0.0 -999 ""
FIBERMAP 914 R+3C11 BOSS 0 0 0 1 0 0 -13.789837158061076 60.11879513744512 143.1 -11.899678279277373 60.52229785112235 57.362167 55.481007 -999.0 -999.0 -999.0 -999.0 -999.0 304.4117180628117 47.951999717103035 304.3037396862325 48.042101471258505 35.21394610407325 308.91492790515184 -999.0 5400.0 -999.0 1 14 {-999.0 -999.0 -999.0 -999.0 -999.0} "" -999.0 -999.0 -999.0 -999.0 -999 -999 "" "" "" "" 0 0 0.0 0.0 -999 ""
FIBERMAP 914 R+3C11 METROLOGY 0 0 0 1 0 0 -14.52825513238578 60.18655956356246 143.1 -12.635622389054879 60.613165804644396 57.362167 55.481007 -999.0 -999.0 -999.0 -999.0 -999.0 304.4068338146035 47.95242904079031 304.2987280645658 48.04250478499867 35.21075017918583 308.91625508230595 -999.0 6231.0 -999.0 -1 -999 {-999.0 -999.0 -999.0 -999.0 -999.0} "" -999.0 -999.0 -999.0 -999.0 -999 -999 "" "" "" "" 0 0 0.0 0.0 -999 ""
FIBERMAP 916 R-13C3 APOGEE 1 1 0 1 0 0 -102.45971927756753 -241.16570894012457 143.1 -109.96713001516761 -237.84095665258855 82.87615 132.18771 303.76250117959245 46.599123147845226 -1.5930201 -5.674282 0.37101078 303.76290764758096 46.5991063183968 303.65961657950703 46.68822340059775 34.49405592868264 307.4199040074102 16000.0 16600.0 2016.0 2 198 {-999.0 14.567915 12.28638 10.737978 -999.0} sdss_psfmag_from_g3xp 13.4038315 11.438459 10.143749 6.635 63050395014918701 1151794899 bright_1x1 mwm_galactic_core_dist_apogee_sparse mwm_galactic science 0 0 1.0224300622940063 0.0 -999 ""
FIBERMAP 916 R-13C3 BOSS 0 0 0 1 0 0 -101.83809050913416 -240.7588774657921 143.1 -109.33304986164573 -237.45379493547787 82.87615 132.18771 -999.0 -999.0 -999.0 -999.0 -999.0 303.7666147874177 46.60076029647229 303.6637416011547 46.68995161653362 34.49720548941738 307.42116133629554 -999.0 5400.0 -999.0 1 342 {-999.0 -999.0 -999.0 -999.0 -999.0} "" -999.0 -999.0 -999.0 -999.0 -999 -999 "" "" "" "" 0 0 0.0 0.0 -999 ""
FIBERMAP 916 R-13C3 METROLOGY 0 0 0 1 0 0 -101.79315419684495 -241.50975669717252 143.1 -109.31166103251358 -238.2057254623608 82.87615 132.18771 -999.0 -999.0 -999.0 -999.0 -999.0 303.7669368567945 46.5974242410494 303.66395883945 46.68659768587959 34.49658458291873 307.4171580656837 -999.0 6231.0 -999.0 -1 -999 {-999.0 -999.0 -999.0 -999.0 -999.0} "" -999.0 -999.0 -999.0 -999.0 -999 -999 "" "" "" "" 0 0 0.0 0.0 -999 ""
FIBERMAP 918 R-4C10 APOGEE 0 0 0 1 0 0 -53.032913102029276 -87.87555743850223 143.1 -55.76099482564287 -86.17222309582904 230.13087 118.73733 -999.0 -999.0 -999.0 -999.0 -999.0 304.11591338206296 47.28408597436491 304.0100803988955 47.3737173351368 34.879556678748365 308.167957909438 -999.0 16600.0 -999.0 2 -999 {-999.0 -999.0 -999.0 -999.0 -999.0} "" -999.0 -999.0 -999.0 -999.0 -999 -999 "" "" "" "" 0 0 0.0 0.0 -999 ""
FIBERMAP 918 R-4C10 BOSS 1 1 0 1 0 0 -53.74460299934011 -87.75124690135424 143.1 -56.46845188062007 -86.02567331706173 230.13087 118.73733 304.11074023511424 47.28467022528018 -8.41938 -8.756323 -3.0261006 304.11070342382595 47.284644254749686 304.0052837841283 47.37432920092389 34.87651829172774 308.1695446274542 5400.0 5400.0 2016.0 1 408 {-999.0 15.867425 14.908559 14.679282 -999.0} sdss_psfmag_ps1 15.566697 15.129163 14.305749 13.056 63050395015818153 1093669018 bright_1x1 mwm_astar_core_boss_single mwm_ob science 0 0 0.0 0.0 -999 ""
FIBERMAP 918 R-4C10 METROLOGY 0 0 0 1 0 0 -53.285336419248296 -87.17345741041794 143.1 -55.99130043880087 -85.46254773456475 230.13087 118.73733 -999.0 -999.0 -999.0 -999.0 -999.0 304.11402074473574 47.287232191763685 304.0084741344584 47.37690478742545 34.87918588263056 308.1720384110889 -999.0 6231.0 -999.0 -1 -999 {-999.0 -999.0 -999.0 -999.0 -999.0} "" -999.0 -999.0 -999.0 -999.0 -999 -999 "" "" "" "" 0 0 0.0 0.0 -999 ""
FIBERMAP 919 R-12C2 APOGEE 1 1 0 1 0 0 -131.99173009556014 -220.28141202692973 143.1 -138.83077934954665 -216.04129763364762 76.59028 119.74236 303.5712292187768 46.69642187886349 2.832924 -0.076140516 2.2429047 303.57124146933785 46.6964216530364 303.46733369667004 46.78515993152509 34.38796116507539 307.5708989332553 16000.0 16600.0 2016.0 2 204 {-999.0 18.52994 17.1826 15.8975935 -999.0} sdss_psfmag_ps1 17.907106 17.069336 15.181936 12.892 63050395014917989 1034717495 bright_1x1 mwm_yso_variable_apogee_single mwm_yso science 0 0 0.0 0.0 -999 ""
FIBERMAP 919 R-12C2 BOSS 0 0 0 1 0 0 -131.28037005757926 -220.06518151483135 143.1 -138.11298234970832 -215.84745776570836 76.59028 119.74236 -999.0 -999.0 -999.0 -999.0 -999.0 303.5755038467232 46.69721640148302 303.47202095647896 46.786030362475046 34.3912847964364 307.57103367559324 -999.0 5400.0 -999.0 1 339 {-999.0 -999.0 -999.0 -999.0 -999.0} "" -999.0 -999.0 -999.0 -999.0 -999 -999 "" "" "" "" 0 0 0.0 0.0 -999 ""
FIBERMAP 919 R-12C2 METROLOGY 0 0 0 1 0 0 -131.43970660960085 -220.79770607813643 143.1 -138.29519428845546 -216.5746421752973 76.59028 119.74236 -999.0 -999.0 -999.0 -999.0 -999.0 303.5745034702907 46.693981125834334 303.4709133536065 46.7827745667049 34.38979995346686 307.5674041541044 -999.0 6231.0 -999.0 -1 -999 {-999.0 -999.0 -999.0 -999.0 -999.0} "" -999.0 -999.0 -999.0 -999.0 -999 -999 "" "" "" "" 0 0 0.0 0.0 -999 ""
FIBERMAP 920 R+5C2 APOGEE 0 0 0 1 0 0 -205.79891245447303 104.37581046604973 143.1 -202.43092344138012 110.77421787699406 23.561005 137.78079 -999.0 -999.0 -999.0 -999.0 -999.0 303.1177443020409 48.17270234122005 303.00687817455406 48.26027607275068 34.41451878943461 309.39771800004564 -999.0 16600.0 -999.0 2 -999 {-999.0 -999.0 -999.0 -999.0 -999.0} "" -999.0 -999.0 -999.0 -999.0 -999 -999 "" "" "" "" 0 0 0.0 0.0 -999 ""
FIBERMAP 920 R+5C2 BOSS 1 1 0 1 0 0 -205.12554724989425 104.1893529621181 143.1 -201.76372003216832 110.56675141619094 23.561005 137.78079 303.12177160407646 48.17177657558638 -999.0 -999.0 -999.0 303.12177160407646 48.17177657558638 303.0113502881086 48.25942278760176 34.41723911961321 309.3959232706749 5400.0 5400.0 2015.5 1 71 {-999.0 -999.0 -999.0 -999.0 -999.0} "" -999.0 -999.0 -999.0 -999.0 27021603114185961 808300554 "" ops_sky_boss_good ops_sky sky_boss 0 0 0.0 0.0 -999 ""
FIBERMAP 920 R+5C2 METROLOGY 0 0 0 1 0 0 -205.6422416425166 103.64634748741906 143.1 -202.2971821776548 110.04019262660084 23.561005 137.78079 -999.0 -999.0 -999.0 -999.0 -999.0 303.1183462557793 48.16936344442992 303.00780835270615 48.25698540362833 34.41440721858201 309.3936614015407 -999.0 6231.0 -999.0 -1 -999 {-999.0 -999.0 -999.0 -999.0 -999.0} "" -999.0 -999.0 -999.0 -999.0 -999 -999 "" "" "" "" 0 0 0.0 0.0 -999 ""
FIBERMAP 921 R+2C21 APOGEE 0 0 0 1 0 0 175.5746421053552 49.443843750999044 143.1 177.04040190216375 43.91935125762729 93.309296 131.25172 -999.0 -999.0 -999.0 -999.0 -999.0 305.6918463744728 47.867257045914776 305.58535493079586 47.95968620307453 36.03788919422346 308.60541894619047 -999.0 16600.0 -999.0 2 80 {-999.0 -999.0 -999.0 -999.0 -999.0} "" -999.0 -999.0 -999.0 -999.0 -999 -999 "" "" "" "" 0 0 0.0 0.0 -999 ""
FIBERMAP 921 R+2C21 BOSS 1 1 0 1 0 0 176.07390756345248 49.99407369524647 143.1 177.5566697440349 44.45367715948338 93.309296 131.25172 305.6950313962651 47.869589285677776 4.1835213 1.7528601 3.1641314 305.69504989298656 47.86959448451333 305.588962164681 47.962083575725615 36.04072111912746 308.60775304463647 5400.0 5400.0 2016.0 1 223 {-999.0 17.697601 16.234196 15.014766 -999.0} sdss_psfmag_ps1 17.063927 15.690181 14.53208 12.271 63050395015663158 1035070292 bright_1x1 mwm_yso_pms_boss_zari18pms_single mwm_yso science 0 0 0.0 0.0 -999 ""
FIBERMAP 921 R+2C21 METROLOGY 0 0 0 1 0 0 176.31520960443913 49.289741278822625 143.1 177.77578941894924 43.74211891593364 93.309296 131.25172 -999.0 -999.0 -999.0 -999.0 -999.0 305.6965436853027 47.86635812997358 305.590356102145 47.95883477302736 36.04101162861385 308.60358812144915 -999.0 6231.0 -999.0 -1 -999 {-999.0 -999.0 -999.0 -999.0 -999.0} "" -999.0 -999.0 -999.0 -999.0 -999 -999 "" "" "" "" 0 0 0.0 0.0 -999 ""
FIBERMAP 925 R-13C12 APOGEE 1 1 0 1 0 0 114.93608239691775 -262.5621545198694 143.1 106.65503925979662 -266.0385675393796 356.91428 79.86938 305.18601250467145 46.47084995994091 -1.3369234 0.7447218 0.6214399 305.1866281103095 46.47085216872353 305.08543082776305 46.56264107524355 35.42106228649134 307.00570250864496 16000.0 16600.0 2016.0 2 182 {-999.0 11.780274 10.094738 8.498857 -999.0} sdss_psfmag_from_g3xp 11.044708 9.250237 7.9738464 4.99 63050395015315507 1151795293 bright_1x1 mwm_galactic_core_dist_apogee_sparse mwm_galactic science 0 0 1.5406101942062378 0.0 -999 ""
FIBERMAP 925 R-13C12 BOSS 0 0 0 1 0 0 114.78505915465988 -263.29022168519884 143.1 106.48127633924346 -266.7615571361162 356.91428 79.86938 -999.0 -999.0 -999.0 -999.0 -999.0 305.18499068758547 46.467595985355075 305.0842122204597 46.559444028008556 35.419557104194546 307.0020918986187 -999.0 5400.0 -999.0 1 337 {-999.0 -999.0 -999.0 -999.0 -999.0} "" -999.0 -999.0 -999.0 -999.0 -999 -999 "" "" "" "" 0 0 0.0 0.0 -999 ""
FIBERMAP 925 R-13C12 METROLOGY 0 0 0 1 0 0 114.22892169664613 -262.8057085408908 143.1 105.94058351785458 -266.2598495105109 356.91428 79.86938 -999.0 -999.0 -999.0 -999.0 -999.0 305.1816269665681 46.46985496991989 305.08072003507897 46.561678881139414 35.41769225402892 307.0054033420729 -999.0 6231.0 -999.0 -1 -999 {-999.0 -999.0 -999.0 -999.0 -999.0} "" -999.0 -999.0 -999.0 -999.0 -999 -999 "" "" "" "" 0 0 0.0 0.0 -999 ""
FIBERMAP 932 R0C19 APOGEE 1 1 0 1 0 0 118.01154158167348 8.510881676309662 143.1 118.22215118216162 4.809365854955027 31.874231 136.02415 305.29152732664573 47.69387201134875 -0.64185953 -2.2908113 0.16905305 305.29152449835067 47.69386521699312 305.1852914261092 47.78559258528178 35.740633374661144 308.4595705122785 16000.0 16600.0 2016.0 2 64 {-999.0 16.519384 14.635626 13.706142 -999.0} sdss_psfmag_from_g3xp 15.638067 14.33034 13.21536 10.324 63050395015428819 1151795404 bright_1x1 mwm_galactic_core_dist_apogee_sparse mwm_galactic science 0 0 0.0 0.0 -999 ""
FIBERMAP 932 R0C19 BOSS 0 0 0 1 0 0 118.75465517055318 8.414522082065568 143.1 118.96189274804134 4.689769193925495 31.874231 136.02415 -999.0 -999.0 -999.0 -999.0 -999.0 305.29616993137364 47.69322246343526 305.1903582801894 47.785014899254584 35.7438547006727 308.45803784676866 -999.0 5400.0 -999.0 1 242 {-999.0 -999.0 -999.0 -999.0 -999.0} "" -999.0 -999.0 -999.0 -999.0 -999 -999 "" "" "" "" 0 0 0.0 0.0 -999 ""
FIBERMAP 932 R0C19 METROLOGY 0 0 0 1 0 0 118.32722587440402 7.801838964611681 143.1 118.51547020108849 4.090769048867445 31.874231 136.02415 -999.0 -999.0 -999.0 -999.0 -999.0 305.29320773461734 47.69053916959332 305.187287006664 47.78231073186473 35.74129388828266 308.4552791460781 -999.0 6231.0 -999.0 -1 -999 {-999.0 -999.0 -999.0 -999.0 -999.0} "" -999.0 -999.0 -999.0 -999.0 -999 -999 "" "" "" "" 0 0 0.0 0.0 -999 ""
FIBERMAP 934 R+3C10 APOGEE 0 0 0 1 0 0 -68.43447274824644 49.86270760692821 143.1 -66.83969896823957 51.98317747145195 225.68425 105.04447 -999.0 -999.0 -999.0 -999.0 -999.0 304.0387040018965 47.91288978786626 303.93004143218843 48.002244850046125 34.96117859062323 308.93084915657556 -999.0 16600.0 -999.0 2 -999 {-999.0 -999.0 -999.0 -999.0 -999.0} "" -999.0 -999.0 -999.0 -999.0 -999 -999 "" "" "" "" 0 0 0.0 0.0 -999 ""
FIBERMAP 934 R+3C10 BOSS 1 1 0 1 0 0 -69.13912043561575 50.29440085212347 143.1 -67.53048640956456 52.43674332636402 225.68425 105.04447 304.0335608524974 47.91491783108647 -7.1760426 -3.2906287 0.59475714 304.03352909708144 47.914908071351405 303.925277537697 48.00431449635268 34.95849788608246 308.9341362739852 5400.0 5400.0 2016.0 1 24 {-999.0 17.400257 16.649826 16.31142 -999.0} sdss_psfmag_ps1 17.210617 16.658752 15.944422 14.539 63050395015857078 981829407 "" ops_std_boss_tic ops_std standard_boss 0 0 0.0 0.0 -999 ""
FIBERMAP 934 R+3C10 METROLOGY 0 0 0 1 0 0 -68.46057839346568 50.60834859010946 143.1 -66.8424301957438 52.729282245752465 225.68425 105.04447 -999.0 -999.0 -999.0 -999.0 -999.0 304.0383271432975 47.91626368943082 303.9299544865476 48.00566127866341 34.961840420563064 308.9349395331146 -999.0 6231.0 -999.0 -1 -999 {-999.0 -999.0 -999.0 -999.0 -999.0} "" -999.0 -999.0 -999.0 -999.0 -999 -999 "" "" "" "" 0 0 0.0 0.0 -999 ""
FIBERMAP 936 R+2C20 APOGEE 0 0 0 1 0 0 145.74969409083582 34.687808508670614 143.1 146.767290935382 30.1047833889893 185.40166 130.51569 -999.0 -999.0 -999.0 -999.0 -999.0 305.4864385678512 47.80698845600177 305.37995462042124 47.899051863182635 35.89110978756147 308.56493458261673 -999.0 16600.0 -999.0 2 -999 {-999.0 -999.0 -999.0 -999.0 -999.0} "" -999.0 -999.0 -999.0 -999.0 -999 -999 "" "" "" "" 0 0 0.0 0.0 -999 ""
FIBERMAP 936 R+2C20 BOSS 1 1 0 1 0 0 145.19612582805644 35.18780365566607 143.1 146.2296511627212 30.621885167584466 185.40166 130.51569 305.4825366056284 47.80933534328646 -999.0 -999.0 -999.0 305.4825366056284 47.80933534328646 305.3764499565531 47.90144618176683 35.88927389373565 308.56840025923253 5400.0 5400.0 2015.5 1 222 {-999.0 -999.0 -999.0 -999.0 -999.0} "" -999.0 -999.0 -999.0 -999.0 27021603114173583 818194228 "" ops_sky_boss_good ops_sky sky_boss 0 0 0.0 0.0 -999 ""
FIBERMAP 936 R+2C20 METROLOGY 0 0 0 1 0 0 145.90619733993037 35.41730745557503 143.1 146.94657611988617 30.829032390683462 185.40166 130.51569 -999.0 -999.0 -999.0 -999.0 -999.0 305.48749346326434 47.81023687690362 305.3812921015327 47.902341029316666 35.892632446459515 308.56869976687284 -999.0 6231.0 -999.0 -1 -999 {-999.0 -999.0 -999.0 -999.0 -999.0} "" -999.0 -999.0 -999.0 -999.0 -999 -999 "" "" "" "" 0 0 0.0 0.0 -999 ""
FIBERMAP 938 R+12C15 APOGEE 1 1 0 1 0 0 162.03941331853966 222.28556562533115 143.1 168.92698469621985 217.10306165371523 287.27298 128.45657 305.6526921329058 48.64996829775745 -3.5119953 -14.686744 0.7858055 305.6526763663736 48.64992473809721 305.542719017466 48.74211985460204 36.15718573368214 309.56308418380564 16000.0 16600.0 2016.0 2 44 {-999.0 12.014764 10.4506855 9.701239 -999.0} sdss_psfmag_from_g3xp 11.341644 10.292067 9.292246 7.066 63050395016091865 1151796153 bright_1x1 mwm_galactic_core_dist_apogee_sparse mwm_galactic science 0 0 0.0 0.0 -999 ""
FIBERMAP 938 R+12C15 BOSS 0 0 0 1 0 0 161.62449487439955 221.67029231689892 143.1 168.49298590487774 216.50108056463912 287.27298 128.45657 -999.0 -999.0 -999.0 -999.0 -999.0 305.64926975049895 48.64723221638693 305.53973598401404 48.73947267801962 36.15476621180116 309.5603083450323 -999.0 5400.0 -999.0 1 179 {-999.0 -999.0 -999.0 -999.0 -999.0} "" -999.0 -999.0 -999.0 -999.0 -999 -999 "" "" "" "" 0 0 0.0 0.0 -999 ""
FIBERMAP 938 R+12C15 METROLOGY 0 0 0 1 0 0 161.29327583264862 222.33651414103295 143.1 168.18279787421412 217.1773635469682 287.27298 128.45657 -999.0 -999.0 -999.0 -999.0 -999.0 305.6473201526032 48.65030601970215 305.5376524526766 48.74252774129234 36.153976221607756 309.5643400737757 -999.0 6231.0 -999.0 -1 -999 {-999.0 -999.0 -999.0 -999.0 -999.0} "" -999.0 -999.0 -999.0 -999.0 -999 -999 "" "" "" "" 0 0 0.0 0.0 -999 ""
FIBERMAP 940 R+12C5 APOGEE 0 0 0 1 0 0 -51.48458628902574 230.17699919793714 143.1 -44.248353110582286 231.68076543812836 14.5348215 92.849884 -999.0 -999.0 -999.0 -999.0 -999.0 304.1925054981229 48.72621132655988 304.080389413053 48.815683078654715 35.22544375472564 309.8789667666441 -999.0 16600.0 -999.0 2 -999 {-999.0 -999.0 -999.0 -999.0 -999.0} "" -999.0 -999.0 -999.0 -999.0 -999 -999 "" "" "" "" 0 0 0.0 0.0 -999 ""
FIBERMAP 940 R+12C5 BOSS 1 1 0 1 0 0 -51.2699684451238 229.4737366090335 143.1 -44.05587144002996 230.9711125687879 14.5348215 92.849884 304.1933830546817 48.72301041202994 -999.0 -999.0 -999.0 304.1933830546817 48.72301041202995 304.08171216529774 48.81254196750165 35.22567170357236 309.8749862275684 5400.0 5400.0 2015.5 1 157 {-999.0 -999.0 -999.0 -999.0 -999.0} "" -999.0 -999.0 -999.0 -999.0 27021603114188134 818195877 "" ops_sky_boss_good ops_sky sky_boss 0 0 0.0 0.0 -999 ""
FIBERMAP 940 R+12C5 METROLOGY 0 0 0 1 0 0 -51.98893371242203 229.62718499566031 143.1 -44.76968747830765 231.14701430617077 14.5348215 92.849884 -999.0 -999.0 -999.0 -999.0 -999.0 304.18860547046603 48.72379672347569 304.07680348361635 48.8133029181312 35.222655643590464 309.8766872805402 -999.0 6231.0 -999.0 -1 -999 {-999.0 -999.0 -999.0 -999.0 -999.0} "" -999.0 -999.0 -999.0 -999.0 -999 -999 "" "" "" "" 0 0 0.0 0.0 -999 ""
FIBERMAP 941 R-13C14 APOGEE 0 0 0 1 0 0 144.8949798012413 -236.7864946671434 143.1 137.4072969019641 -241.21380558117735 110.62853 98.706856 -999.0 -999.0 -999.0 -999.0 -999.0 305.39124490480816 46.58055712124868 305.2898259837833 46.672700398107104 35.58168213053905 307.1010407715692 -999.0 16600.0 -999.0 2 -999 {-999.0 -999.0 -999.0 -999.0 -999.0} "" -999.0 -999.0 -999.0 -999.0 -999 -999 "" "" "" "" 0 0 0.0 0.0 -999 ""
FIBERMAP 941 R-13C14 BOSS 1 1 0 1 0 0 145.53901605820178 -236.4209751623857 143.1 138.06247953750517 -240.86863827210175 110.62853 98.706856 305.3947796176414 46.58203369644848 -2.0444856 -4.1490173 0.33260643 305.3951771339273 46.58202139080816 305.29416244221323 46.6742318611133 35.58491400400443 307.1021081975825 5400.0 5400.0 2016.0 1 257 {-999.0 13.929418 13.3317995 13.063651 -999.0} sdss_psfmag_from_g3xp 13.765134 13.318312 12.6829 11.551 63050395015313866 1068575204 bright_1x1 mwm_ob_core_boss_single mwm_ob science 0 0 1.005418062210083 0.0 -999 ""
FIBERMAP 941 R-13C14 METROLOGY 0 0 0 1 0 0 145.5363103206827 -237.16775198883678 143.1 138.03637747840384 -241.61497564758798 110.62853 98.706856 -999.0 -999.0 -999.0 -999.0 -999.0 305.39501297861204 46.57871182790945 305.2938967997907 46.67090557863292 35.5840330134761 307.0981578356712 -999.0 6231.0 -999.0 -1 -999 {-999.0 -999.0 -999.0 -999.0 -999.0} "" -999.0 -999.0 -999.0 -999.0 -999 -999 "" "" "" "" 0 0 0.0 0.0 -999 ""
FIBERMAP 942 R+1C24 APOGEE 1 1 0 1 0 0 229.25036284934643 4.802070847622331 143.1 229.291937924433 -2.3829579393572224 266.13348 97.94736 306.03532904497234 47.652225405324025 4.9300714 -3.3176453 1.4532342 306.03535075154736 47.65221556546219 305.9302034959508 47.74532039164506 36.22383485381329 308.28993674133716 16000.0 16600.0 2016.0 2 59 {-999.0 10.927764 10.956302 11.039425 -999.0} sdss_psfmag_from_g3xp 11.004897 10.9047365 10.711183 10.46 63050395015629733 974805495 "" ops_std_apogee ops_std standard_apogee 0 0 0.0 0.0 -999 ""
FIBERMAP 942 R+1C24 BOSS 0 0 0 1 0 0 228.51522250421635 4.7305568131048865 143.1 228.5549060899466 -2.431404990071258 266.13348 97.94736 -999.0 -999.0 -999.0 -999.0 -999.0 306.0300871450373 47.6520169806024 305.9253407915576 47.74516521840733 36.220595842727036 308.2905238284794 -999.0 5400.0 -999.0 1 183 {-999.0 -999.0 -999.0 -999.0 -999.0} "" -999.0 -999.0 -999.0 -999.0 -999 -999 "" "" "" "" 0 0 0.0 0.0 -999 ""
FIBERMAP 942 R+1C24 METROLOGY 0 0 0 1 0 0 228.82429638986872 5.415508177842764 143.1 228.88529370799347 -1.7564626734577231 266.13348 97.94736 -999.0 -999.0 -999.0 -999.0 -999.0 306.0324927934091 47.65505731154974 305.9276213561588 47.7481942133169 36.22268078135115 308.293845154214 -999.0 6231.0 -999.0 -1 -999 {-999.0 -999.0 -999.0 -999.0 -999.0} "" -999.0 -999.0 -999.0 -999.0 -999 -999 "" "" "" "" 0 0 0.0 0.0 -999 ""
FIBERMAP 943 R-4C19 APOGEE 1 1 0 1 0 0 165.8245312546171 -82.09273912999873 143.1 163.17368889543786 -87.24927408565942 306.0482 142.84062 305.58276360932507 47.2727778031316 -1.4861826 -4.5775595 0.32137063 305.5827571128833 47.27276422647114 305.4786679855572 47.36511609787617 35.85042763785897 307.9028371906866 16000.0 16600.0 2016.0 2 223 {-999.0 14.834798 12.871342 11.933818 -999.0} sdss_psfmag_from_g3xp 13.895389 12.566302 11.448149 8.535 63050395015379675 1151795402 bright_1x1 mwm_galactic_core_dist_apogee_sparse mwm_galactic science 0 0 0.0 0.0 -999 ""
FIBERMAP 943 R-4C19 BOSS 0 0 0 1 0 0 165.81404856978816 -82.84015541526807 143.1 163.13979354745462 -87.99600695316082 306.0482 142.84062 -999.0 -999.0 -999.0 -999.0 -999.0 305.58209414608336 47.26929875813638 305.47842689274603 47.361706792882714 35.84958236821644 307.89875739354784 -999.0 5400.0 -999.0 1 291 {-999.0 -999.0 -999.0 -999.0 -999.0} "" -999.0 -999.0 -999.0 -999.0 -999 -999 "" "" "" "" 0 0 0.0 0.0 -999 ""
FIBERMAP 943 R-4C19 METROLOGY 0 0 0 1 0 0 165.17567052201662 -82.45795343722699 143.1 162.5136936378902 -87.59398518430184 306.0482 142.84062 -999.0 -999.0 -999.0 -999.0 -999.0 305.5780806996323 47.27118142204342 305.4742851173655 47.36356561109083 35.84720792420998 307.9016996602961 -999.0 6231.0 -999.0 -1 -999 {-999.0 -999.0 -999.0 -999.0 -999.0} "" -999.0 -999.0 -999.0 -999.0 -999 -999 "" "" "" "" 0 0 0.0 0.0 -999 ""
FIBERMAP 944 R-1C11 APOGEE 1 1 0 1 0 0 -51.27812916846138 -37.00933691779589 143.1 -52.41333147038745 -35.385141058260814 320.61996 76.373245 304.1375981642249 47.51520192121095 4.800358 -2.5537968 0.516746 304.1376192444353 47.515194346860426 304.03081039669024 47.604817665811964 34.943007638046346 308.43948185245574 16000.0 16600.0 2016.0 2 282 {-999.0 12.907721 11.51242 10.931464 -999.0} sdss_psfmag_from_g3xp 12.341717 11.452501 10.530672 8.379 63050395015822237 1151795854 bright_1x1 mwm_galactic_core_dist_apogee_sparse mwm_galactic science 0 0 0.0 0.0 -999 ""
FIBERMAP 944 R-1C11 BOSS 0 0 0 1 0 0 -51.8844443620857 -37.425533366974705 143.1 -53.03239874048667 -35.782143099014085 320.61996 76.373245 -999.0 -999.0 -999.0 -999.0 -999.0 304.1329856278857 47.513301469582586 304.02660247489575 47.60297887795685 34.939842772294966 308.4380311339594 -999.0 5400.0 -999.0 1 440 {-999.0 -999.0 -999.0 -999.0 -999.0} "" -999.0 -999.0 -999.0 -999.0 -999 -999 "" "" "" "" 0 0 0.0 0.0 -999 ""
FIBERMAP 944 R-1C11 METROLOGY 0 0 0 1 0 0 -51.958622843017494 -36.69214158334691 143.1 -53.08356375713644 -35.0467755145728 320.61996 76.373245 -999.0 -999.0 -999.0 -999.0 -999.0 304.13275814817297 47.51667103998626 304.0262403396086 47.606329616367205 34.94032119525721 308.4420877096764 -999.0 6231.0 -999.0 -1 -999 {-999.0 -999.0 -999.0 -999.0 -999.0} "" -999.0 -999.0 -999.0 -999.0 -999 -999 "" "" "" "" 0 0 0.0 0.0 -999 ""
FIBERMAP 948 R-8C9 APOGEE 0 0 0 1 0 0 -14.806196347773694 -138.31144548046356 143.1 -19.132663474344366 -137.78185574108014 104.94508 71.79851 -999.0 -999.0 -999.0 -999.0 -999.0 304.36145370403364 47.049769639558754 304.25689992757106 47.13990766935958 34.992388318116014 307.84522650626866 -999.0 16600.0 -999.0 2 -999 {-999.0 -999.0 -999.0 -999.0 -999.0} "" -999.0 -999.0 -999.0 -999.0 -999 -999 "" "" "" "" 0 0 0.0 0.0 -999 ""
FIBERMAP 948 R-8C9 BOSS 1 1 0 1 0 0 -14.059049589555263 -138.34912678961106 143.1 -18.387052178435052 -137.84292835091614 104.94508 71.79851 304.3660030627871 47.049369316208484 -999.0 -999.0 -999.0 304.3660030627871 47.0493693162085 304.2618739562379 47.13957902169899 34.99561988654525 307.8439392505911 5400.0 5400.0 2015.5 1 384 {-999.0 -999.0 -999.0 -999.0 -999.0} "" -999.0 -999.0 -999.0 -999.0 27021603114180448 818195198 "" ops_sky_boss_good ops_sky sky_boss 0 0 0.0 0.0 -999 ""
FIBERMAP 948 R-8C9 METROLOGY 0 0 0 1 0 0 -14.465941504180803 -138.9754399246597 143.1 -18.813374146267012 -138.45619550619378 104.94508 71.79851 -999.0 -999.0 -999.0 -999.0 -999.0 304.3632735567573 47.04662127591364 304.25903465564727 47.136808608717686 34.99313370425821 307.84114918920653 -999.0 6231.0 -999.0 -1 -999 {-999.0 -999.0 -999.0 -999.0 -999.0} "" -999.0 -999.0 -999.0 -999.0 -999 -999 "" "" "" "" 0 0 0.0 0.0 -999 ""
FIBERMAP 950 R-5C15 APOGEE 0 0 0 1 0 0 82.00792766360291 -111.40928965868095 143.1 78.47836312848871 -113.92580454867776 295.29755 105.58021 -999.0 -999.0 -999.0 -999.0 -999.0 305.0147512236196 47.15590920902603 304.91048926252336 47.24723713004512 35.449182757961175 307.85794491894114 -999.0 16600.0 -999.0 2 -999 {-999.0 -999.0 -999.0 -999.0 -999.0} "" -999.0 -999.0 -999.0 -999.0 -999 -999 "" "" "" "" 0 0 0.0 0.0 -999 ""
FIBERMAP 950 R-5C15 BOSS 1 1 0 1 0 0 81.45815818174475 -111.90039359742147 143.1 77.91346775332696 -114.39945016180536 295.29755 105.58021 305.0105740696525 47.15367470079397 -999.0 -999.0 -999.0 305.01057406965253 47.15367470079398 304.90672931628376 47.24505510361391 35.44623123145867 307.8559789912171 5400.0 5400.0 2015.5 1 315 {-999.0 -999.0 -999.0 -999.0 -999.0} "" -999.0 -999.0 -999.0 -999.0 27021603114172952 818194096 "" ops_sky_boss_good ops_sky sky_boss 0 0 0.0 0.0 -999 ""
FIBERMAP 950 R-5C15 METROLOGY 0 0 0 1 0 0 81.29716379529042 -111.18240487731988 143.1 77.77504546330692 -113.67675825643285 295.29755 105.58021 -999.0 -999.0 -999.0 -999.0 -999.0 305.00981202101065 47.15698342442661 304.9058354129478 47.24834478933269 35.44632414449803 307.8600836333167 -999.0 6231.0 -999.0 -1 -999 {-999.0 -999.0 -999.0 -999.0 -999.0} "" -999.0 -999.0 -999.0 -999.0 -999 -999 "" "" "" "" 0 0 0.0 0.0 -999 ""
FIBERMAP 951 R+2C24 APOGEE 0 0 0 1 0 0 238.1194383045983 27.42393086719997 143.1 238.8655769297435 19.95027692738486 240.55469 111.38821 -999.0 -999.0 -999.0 -999.0 -999.0 306.1024899534889 47.75237514929203 305.99700008533625 47.84558203939916 36.286977464926 308.40140039212883 -999.0 16600.0 -999.0 2 -999 {-999.0 -999.0 -999.0 -999.0 -999.0} "" -999.0 -999.0 -999.0 -999.0 -999 -999 "" "" "" "" 0 0 0.0 0.0 -999 ""
FIBERMAP 951 R+2C24 BOSS 1 1 0 1 0 0 237.3823013203561 27.5184599117275 143.1 238.1317517761648 20.067856652367983 240.55469 111.38821 306.09727793938674 47.75292622975418 -3.6115923 3.9430459 1.6831414 306.0972620071803 47.7529379244988 305.99216913611906 47.84618804636703 36.283908757676095 308.40290056594876 5400.0 5400.0 2016.0 1 185 {-999.0 -999.0 -999.0 -999.0 -999.0} "" -999.0 16.939539 -999.0 13.169 63050395015631165 1094612346 bright_1x1 mwm_bin_vis_boss mwm_filler science 0 0 0.0 0.0 -999 ""
FIBERMAP 951 R+2C24 METROLOGY 0 0 0 1 0 0 237.83086006297393 28.111960357100504 143.1 238.59869271322668 20.647021219655617 240.55469 111.38821 -999.0 -999.0 -999.0 -999.0 -999.0 306.10056297196536 47.75552404682959 305.9953484131781 47.84876444241579 36.28649186136862 308.4055374622426 -999.0 6231.0 -999.0 -1 -999 {-999.0 -999.0 -999.0 -999.0 -999.0} "" -999.0 -999.0 -999.0 -999.0 -999 -999 "" "" "" "" 0 0 0.0 0.0 -999 ""
FIBERMAP 954 R+12C12 APOGEE 0 0 0 1 0 0 97.56766936409963 234.25413069148675 143.1 104.86085372300246 231.08593606376334 317.41394 159.17935 -999.0 -999.0 -999.0 -999.0 -999.0 305.2162506203222 48.71878654781857 305.1054325649332 48.810161874459524 35.886640776576954 309.71185780354773 -999.0 16600.0 -999.0 2 -999 {-999.0 -999.0 -999.0 -999.0 -999.0} "" -999.0 -999.0 -999.0 -999.0 -999 -999 "" "" "" "" 0 0 0.0 0.0 -999 ""
FIBERMAP 954 R+12C12 BOSS 1 1 0 1 0 0 97.90280589345578 233.59419433775705 143.1 105.17515431363984 230.41581282600202 317.41394 159.17935 305.2179881551189 48.71573291240922 -5.6925764 -1.5795878 -1.5582938 305.2179625658115 48.715728227480426 305.10758058010634 48.80716021655008 35.88746709376086 309.7078910602067 5400.0 5400.0 2016.0 1 101 {-999.0 16.38178 15.302565 14.965511 -999.0} sdss_psfmag_ps1 15.990297 15.527209 14.49518 12.966 63050395016087780 1093634901 bright_1x1 mwm_astar_core_boss_single mwm_ob science 0 0 0.0 0.0 -999 ""
FIBERMAP 954 R+12C12 METROLOGY 0 0 0 1 0 0 97.16464877557823 233.6262482297635 143.1 104.43835207332371 230.47097903286084 317.41394 159.17935 -999.0 -999.0 -999.0 -999.0 -999.0 305.2130372644546 48.71604406544807 305.1025285507994 48.80745191456756 35.88425374165445 309.7090153097192 -999.0 6231.0 -999.0 -1 -999 {-999.0 -999.0 -999.0 -999.0 -999.0} "" -999.0 -999.0 -999.0 -999.0 -999 -999 "" "" "" "" 0 0 0.0 0.0 -999 ""
FIBERMAP 956 R+10C8 APOGEE 0 0 0 1 0 0 -35.07934251259041 178.0501237908572 143.1 -29.484111885346152 179.06464711058294 284.56152 52.674717 -999.0 -999.0 -999.0 -999.0 -999.0 304.2933549284682 48.489755585960225 304.182426091769 48.57946490295594 35.244192997076716 309.57911813498697 -999.0 16600.0 -999.0 2 -999 {-999.0 -999.0 -999.0 -999.0 -999.0} "" -999.0 -999.0 -999.0 -999.0 -999 -999 "" "" "" "" 0 0 0.0 0.0 -999 ""
FIBERMAP 956 R+10C8 BOSS 1 1 0 1 0 0 -35.771875734465254 178.32400826606428 143.1 -30.167734993678067 179.36009958177823 284.56152 52.674717 304.28824533739026 48.491088671928665 -3.0779731 -2.1950643 0.35768148 304.28823156266907 48.491082161549855 304.1777178029876 48.58083965692458 35.2414176145898 309.58153303247343 5400.0 5400.0 2016.0 1 120 {-999.0 18.310669 17.412659 17.014996 -999.0} sdss_psfmag_ps1 18.029556 17.377665 16.611296 15.122 63050395015929353 980252342 "" ops_std_boss_red ops_std standard_boss 0 0 0.0 0.0 -999 ""
FIBERMAP 956 R+10C8 METROLOGY 0 0 0 1 0 0 -35.186370698622056 178.78850509337414 143.1 -29.56795467646473 179.80603107332772 284.56152 52.674717 -999.0 -999.0 -999.0 -999.0 -999.0 304.29247061212976 48.4931032115227 304.1818318211432 48.58285168289755 35.244487868187235 309.5832772549673 -999.0 6231.0 -999.0 -1 -999 {-999.0 -999.0 -999.0 -999.0 -999.0} "" -999.0 -999.0 -999.0 -999.0 -999 -999 "" "" "" "" 0 0 0.0 0.0 -999 ""
FIBERMAP 962 R-1C12 APOGEE 0 0 0 1 0 0 -22.311009732164912 -22.12767438689608 143.1 -22.99370557624153 -21.418128546894124 337.59866 126.96111 -999.0 -999.0 -999.0 -999.0 -999.0 304.33613070705405 47.578852844457856 304.2292718259151 47.66883263139396 35.08728398223534 308.4811685705758 -999.0 16600.0 -999.0 2 -999 {-999.0 -999.0 -999.0 -999.0 -999.0} "" -999.0 -999.0 -999.0 -999.0 -999 -999 "" "" "" "" 0 0 0.0 0.0 -999 ""
FIBERMAP 962 R-1C12 BOSS 1 1 0 1 0 0 -22.108217029824264 -22.83868811580273 143.1 -22.81328628550107 -22.135158375965347 337.59866 126.96111 304.3369183838066 47.57553135172669 -3.005421 -6.327894 0.25304204 304.33690517065617 47.57551258371853 304.23048280491207 47.66555578906847 35.087389620810285 308.47704388525665 5400.0 5400.0 2016.0 1 439 {-999.0 14.330889 13.907389 13.724388 -999.0} sdss_psfmag_from_g3xp 14.249141 13.894858 13.3524 12.467 63050395015824517 1068575229 bright_1x1 mwm_ob_core_boss_single mwm_ob science 0 0 0.0 0.0 -999 ""
FIBERMAP 962 R-1C12 METROLOGY 0 0 0 1 0 0 -22.832746437745293 -22.661015544657147 143.1 -23.53190484273721 -21.934869626528 337.59866 126.96111 -999.0 -999.0 -999.0 -999.0 -999.0 304.33217437201694 47.57644737750265 304.2256232178067 47.666464194113345 35.08438240718909 308.4789730761435 -999.0 6231.0 -999.0 -1 -999 {-999.0 -999.0 -999.0 -999.0 -999.0} "" -999.0 -999.0 -999.0 -999.0 -999 -999 "" "" "" "" 0 0 0.0 0.0 -999 ""
FIBERMAP 963 R+9C11 APOGEE 1 1 0 1 0 0 42.548134078484075 172.2769550148237 143.1 47.92561430189898 170.86203824946426 312.45676 146.0489 304.8236678492395 48.45133662558666 -999.0 -999.0 -999.0 304.8236678492395 48.45133662558666 304.7135535667269 48.54204031988371 35.581332377411 309.44869206121365 16000.0 16600.0 2015.5 2 28 {-999.0 -999.0 -999.0 -999.0 -999.0} "" -999.0 -999.0 -999.0 -999.0 27021603114183584 840306975 "" ops_sky_apogee_best ops_sky sky_apogee 0 0 0.0 0.0 -999 ""
FIBERMAP 963 R+9C11 BOSS 0 0 0 1 0 0 42.679187173848696 171.5466548297735 143.1 48.03372378508444 170.12797883068396 312.45676 146.0489 -999.0 -999.0 -999.0 -999.0 -999.0 304.8239819364807 48.44801595927286 304.7143047770242 48.538776577838306 35.581182814246056 309.44463688443375 -999.0 5400.0 -999.0 1 133 {-999.0 -999.0 -999.0 -999.0 -999.0} "" -999.0 -999.0 -999.0 -999.0 -999 -999 "" "" "" "" 0 0 0.0 0.0 -999 ""
FIBERMAP 963 R+9C11 METROLOGY 0 0 0 1 0 0 41.956171952464295 171.81570573817348 143.1 47.31948171175402 170.4195550762223 312.45676 146.0489 -999.0 -999.0 -999.0 -999.0 -999.0 304.8192167826298 48.449366218811086 304.70940822040535 48.54010195570582 35.578262121988935 309.44701374848626 -999.0 6231.0 -999.0 -1 -999 {-999.0 -999.0 -999.0 -999.0 -999.0} "" -999.0 -999.0 -999.0 -999.0 -999 -999 "" "" "" "" 0 0 0.0 0.0 -999 ""
FIBERMAP 964 R+8C14 APOGEE 0 0 0 1 0 0 101.96413208875688 141.72786445024028 143.1 106.35624556972299 138.46586691836046 350.66147 72.30862 -999.0 -999.0 -999.0 -999.0 -999.0 305.22128620429805 48.30168372755986 305.11232313615903 48.393154954684675 35.811839406102614 309.20570319259275 -999.0 16600.0 -999.0 2 -999 {-999.0 -999.0 -999.0 -999.0 -999.0} "" -999.0 -999.0 -999.0 -999.0 -999 -999 "" "" "" "" 0 0 0.0 0.0 -999 ""
FIBERMAP 964 R+8C14 BOSS 1 1 0 1 0 0 101.62505638406995 141.03310730039365 143.1 105.99556315224625 137.7820634745532 350.66147 72.30862 305.218418565578 48.29860375513784 -999.0 -999.0 -999.0 305.218418565578 48.29860375513784 305.109883074915 48.39012475698673 35.80966571445287 309.2024214752223 5400.0 5400.0 2015.5 1 161 {-999.0 -999.0 -999.0 -999.0 -999.0} "" -999.0 -999.0 -999.0 -999.0 27021603114190039 808300805 "" ops_sky_boss_good ops_sky sky_boss 0 0 0.0 0.0 -999 ""
FIBERMAP 964 R+8C14 METROLOGY 0 0 0 1 0 0 101.22028309843228 141.6699795635697 143.1 105.61093624722136 138.43131539697765 350.66147 72.30862 -999.0 -999.0 -999.0 -999.0 -999.0 305.2159470170701 48.30157562663151 305.1072770471818 48.39307601605606 35.80853626762902 309.2064035621165 -999.0 6231.0 -999.0 -1 -999 {-999.0 -999.0 -999.0 -999.0 -999.0} "" -999.0 -999.0 -999.0 -999.0 -999 -999 "" "" "" "" 0 0 0.0 0.0 -999 ""
FIBERMAP 965 R+5C15 APOGEE 0 0 0 1 0 0 83.44682121417493 103.77638083705449 143.1 86.65865404955419 101.11258243335124 3.0386972 156.34694 -999.0 -999.0 -999.0 -999.0 -999.0 305.0847626643634 48.13357668001364 304.97637002575686 48.22483034218334 35.6904213691923 309.02390857538296 -999.0 16600.0 -999.0 2 -999 {-999.0 -999.0 -999.0 -999.0 -999.0} "" -999.0 -999.0 -999.0 -999.0 -999 -999 "" "" "" "" 0 0 0.0 0.0 -999 ""
FIBERMAP 965 R+5C15 BOSS 1 1 0 1 0 0 84.1531329661845 103.53272902983956 143.1 87.35699637756993 100.8469165699246 3.0386972 156.34694 305.08917043198863 48.132343383723985 -7.1744146 -8.286481 0.46030396 305.08913854958735 48.132318806707104 304.9811743368437 48.22363656148897 35.69332573024793 309.0216943030595 5400.0 5400.0 2016.0 1 213 {-999.0 17.22969 16.1855 15.862473 -999.0} sdss_psfmag_ps1 16.76351 16.18315 15.4541445 14.141 63050395015892580 1034680116 bright_1x1 mwm_yso_disk_boss_single mwm_yso science 0 0 0.0 0.0 -999 ""
FIBERMAP 965 R+5C15 METROLOGY 0 0 0 1 0 0 83.59417302300352 103.04497846834985 143.1 86.78301997222658 100.37691069193694 3.0386972 156.34694 -999.0 -999.0 -999.0 -999.0 -999.0 305.08531054853887 48.130224751533056 304.9772325628902 48.22152002174752 35.69033546778602 309.019773133444 -999.0 6231.0 -999.0 -1 -999 {-999.0 -999.0 -999.0 -999.0 -999.0} "" -999.0 -999.0 -999.0 -999.0 -999 -999 "" "" "" "" 0 0 0.0 0.0 -999 ""
FIBERMAP 971 R+4C2 APOGEE 0 0 0 1 0 0 -235.75512386992182 71.99715325050639 143.1 -233.38737790384513 79.34951044596747 203.50888 119.28205 -999.0 -999.0 -999.0 -999.0 -999.0 302.9123550882001 48.02772595393925 302.80191363458835 48.11494360830507 34.249299071872436 309.2623449757893 -999.0 16600.0 -999.0 2 -999 {-999.0 -999.0 -999.0 -999.0 -999.0} "" -999.0 -999.0 -999.0 -999.0 -999 -999 "" "" "" "" 0 0 0.0 0.0 -999 ""
FIBERMAP 971 R+4C2 BOSS 1 1 0 1 0 0 -236.35246852791803 72.44818185211302 143.1 -233.97030747369217 79.81904051376218 203.50888 119.28205 302.9079527333137 48.0297548977673 -2.598374 -7.124673 0.009805353 302.90794120939614 48.029733766580094 302.7979231704607 48.11700898056784 34.24715851912627 309.2654953938189 5400.0 5400.0 2016.0 1 72 {-999.0 15.57162 14.935613 14.613941 -999.0} sdss_psfmag_from_g3xp 15.393735 14.973537 14.261318 13.095 63050395015954997 1093845811 bright_1x1 mwm_astar_core_boss_single mwm_ob science 0 0 0.0 0.0 -999 ""
FIBERMAP 971 R+4C2 METROLOGY 0 0 0 1 0 0 -235.6726404423353 72.73867766998654 143.1 -233.28170061008203 80.08809835774277 203.50888 119.28205 -999.0 -999.0 -999.0 -999.0 -999.0 302.9126558767988 48.03103470473489 302.8025131809773 48.118299717270304 34.25043262932734 309.26619710674265 -999.0 6231.0 -999.0 -1 -999 {-999.0 -999.0 -999.0 -999.0 -999.0} "" -999.0 -999.0 -999.0 -999.0 -999 -999 "" "" "" "" 0 0 0.0 0.0 -999 ""
FIBERMAP 973 R+9C14 APOGEE 1 1 0 1 0 0 100.67243702685438 159.1280480835296 143.1 105.61033710895693 155.8982571493918 287.26993 99.28928 305.2173148779415 48.38058495202007 -5.302311 -7.435841 0.36442015 305.2172912002996 48.38056289793206 305.1079756468981 48.4720104233296 35.824160175080976 309.3018214756334 16000.0 16600.0 2016.0 2 39 {-999.0 14.929202 13.018904 11.977447 -999.0} sdss_psfmag_from_g3xp 14.028435 12.63443 11.488608 8.568 63050395016076129 1151796079 bright_1x1 mwm_galactic_core_dist_apogee_sparse mwm_galactic science 0 0 0.0 0.0 -999 ""
FIBERMAP 973 R+9C14 BOSS 0 0 0 1 0 0 100.01581507419024 158.76548241276546 143.1 104.94266730312278 155.55643659960194 287.26993 99.28928 -999.0 -999.0 -999.0 -999.0 -999.0 305.2123430770623 48.37905600686599 305.10344614266876 48.47054878942219 35.82093265650937 309.3007623554688 -999.0 5400.0 -999.0 1 162 {-999.0 -999.0 -999.0 -999.0 -999.0} "" -999.0 -999.0 -999.0 -999.0 -999 -999 "" "" "" "" 0 0 0.0 0.0 -999 ""
FIBERMAP 973 R+9C14 METROLOGY 0 0 0 1 0 0 100.0404836846762 159.51801269986183 143.1 104.99090206839263 156.30783657434048 287.26993 99.28928 -999.0 -999.0 -999.0 -999.0 -999.0 305.21282713221245 48.38245416332559 305.1037973389878 48.47393177634316 35.821809815874616 309.3048020606429 -999.0 6231.0 -999.0 -1 -999 {-999.0 -999.0 -999.0 -999.0 -999.0} "" -999.0 -999.0 -999.0 -999.0 -999 -999 "" "" "" "" 0 0 0.0 0.0 -999 ""
FIBERMAP 975 R-1C21 APOGEE 0 0 0 1 0 0 166.48278229919822 -1.4203832442771471 143.1 166.35920982560734 -6.635856917960936 131.52171 73.9232 -999.0 -999.0 -999.0 -999.0 -999.0 305.61418315523923 47.6385240270385 305.5085777258487 47.73085771199809 35.94285688747001 308.34038315619193 -999.0 16600.0 -999.0 2 -999 {-999.0 -999.0 -999.0 -999.0 -999.0} "" -999.0 -999.0 -999.0 -999.0 -999 -999 "" "" "" "" 0 0 0.0 0.0 -999 ""
FIBERMAP 975 R-1C21 BOSS 1 1 0 1 0 0 167.11941394423934 -1.0853198293375264 143.1 167.006037132302 -6.320899236517212 131.52171 73.9232 305.61768882170605 47.639871672908065 -2.619359 -8.1470175 0.6479312 305.61823387876746 47.639847509531926 305.513037483493 47.73224364600321 35.94607011896051 308.34133484051006 5400.0 5400.0 2016.0 1 270 {-999.0 13.342414 12.335017 11.942228 -999.0} sdss_psfmag_from_g3xp 13.002651 12.350753 11.575079 9.985 63050395015423756 996779804 bright_1x1 mwm_bin_gaia_sb_boss mwm_bin science 0 0 1.350078821182251 0.0 -999 ""
FIBERMAP 975 R-1C21 METROLOGY 0 0 0 1 0 0 167.10131542801335 -1.8376106991143857 143.1 166.9643768421669 -7.072265758277078 131.52171 73.9232 -999.0 -999.0 -999.0 -999.0 -999.0 305.617965457838 47.636452855281156 305.512667185403 47.728833464375334 35.94515688846428 308.3372647384043 -999.0 6231.0 -999.0 -1 -999 {-999.0 -999.0 -999.0 -999.0 -999.0} "" -999.0 -999.0 -999.0 -999.0 -999 -999 "" "" "" "" 0 0 0.0 0.0 -999 ""
FIBERMAP 979 R+3C7 APOGEE 1 1 0 1 0 0 -115.03853091915241 49.45867627796073 143.1 -113.43428176863256 53.03951111793574 305.96384 125.396286 303.72262160960344 47.916432364829305 0.6355639 -4.183435 0.98560894 303.7226244221823 47.916419957109454 303.6135846058472 48.00518343841954 34.75488405133027 308.98907997669556 16000.0 16600.0 2016.0 2 125 {-999.0 11.968198 11.39055 11.145731 -999.0} sdss_psfmag_from_g3xp 11.826804 11.400059 10.793821 9.801 63050395015864308 1105840189 bright_1x1 mwm_tess_rgb_apogee mwm_tessrgb science 0 0 0.0 0.0 -999 ""
FIBERMAP 979 R+3C7 BOSS 0 0 0 1 0 0 -115.27674333928191 48.758028528734364 143.1 -113.69433336690699 52.346659678698835 305.96384 125.396286 -999.0 -999.0 -999.0 -999.0 -999.0 303.72038684911456 47.913220413981854 303.61178773896285 48.00204303399658 34.75303805519904 308.98565906237667 -999.0 5400.0 -999.0 1 43 {-999.0 -999.0 -999.0 -999.0 -999.0} "" -999.0 -999.0 -999.0 -999.0 -999 -999 "" "" "" "" 0 0 0.0 0.0 -999 ""
FIBERMAP 979 R+3C7 METROLOGY 0 0 0 1 0 0 -115.77068625463573 49.309364713886154 143.1 -114.17076752119826 52.913209962335834 305.96384 125.396286 -999.0 -999.0 -999.0 -999.0 -999.0 303.71727223244494 47.91579196628934 303.60853669075624 48.004590410785156 34.75145801353469 308.989253993663 -999.0 6231.0 -999.0 -1 -999 {-999.0 -999.0 -999.0 -999.0 -999.0} "" -999.0 -999.0 -999.0 -999.0 -999 -999 "" "" "" "" 0 0 0.0 0.0 -999 ""
FIBERMAP 983 R+6C5 APOGEE 1 1 0 1 0 0 -137.07364324281653 132.83034055646965 143.1 -132.84677289046476 137.0619708189701 122.77242 89.1957 303.58764847717356 48.296709722579195 -2.305841 -2.617006 0.24244177 303.58763819729006 48.29670196075663 303.47674704952635 48.38513228455667 34.746446325238246 309.464535807582 16000.0 16600.0 2016.0 2 150 {-999.0 15.518265 13.96113 13.203968 -999.0} sdss_psfmag_from_g3xp 14.853455 13.780763 12.76244 10.282 63050395016009144 1151796090 bright_1x1 mwm_galactic_core_dist_apogee_sparse mwm_galactic science 0 0 0.0 0.0 -999 ""
FIBERMAP 983 R+6C5 BOSS 0 0 0 1 0 0 -136.44838958631468 133.24564734097666 143.1 -132.2088040266654 137.4574902479402 122.77242 89.1957 -999.0 -999.0 -999.0 -999.0 -999.0 303.5914764823085 48.298503957153535 303.48101410356054 48.387003011373416 34.749610966565456 309.4660339270707 -999.0 5400.0 -999.0 1 49 {-999.0 -999.0 -999.0 -999.0 -999.0} "" -999.0 -999.0 -999.0 -999.0 -999 -999 "" "" "" "" 0 0 0.0 0.0 -999 ""
FIBERMAP 983 R+6C5 METROLOGY 0 0 0 1 0 0 -136.40224741041325 132.4963472524226 143.1 -132.18616042979036 136.70710033241627 122.77242 89.1957 -999.0 -999.0 -999.0 -999.0 -999.0 303.5917893732308 48.29512126784623 303.4812199965884 48.38360407190891 34.749027803736475 309.4619551659033 -999.0 6231.0 -999.0 -1 -999 {-999.0 -999.0 -999.0 -999.0 -999.0} "" -999.0 -999.0 -999.0 -999.0 -999 -999 "" "" "" "" 0 0 0.0 0.0 -999 ""
FIBERMAP 985 R+9C10 APOGEE 1 1 0 1 0 0 26.792502094234475 175.46324770764963 143.1 32.27729653651012 174.54046455480733 24.880838 94.932945 304.71661565452985 48.46850811026654 -2.2572591 -3.5137553 0.29565603 304.7166055572113 48.46849768876036 304.6062838956703 48.55899910792018 35.51501865564768 309.4862188036456 16000.0 16600.0 2016.0 2 10 {-999.0 14.732321 12.806703 11.873849 -999.0} sdss_psfmag_from_g3xp 13.820777 12.507215 11.395808 8.548 63050395015924913 1151796063 bright_1x1 mwm_galactic_core_dist_apogee_sparse mwm_galactic science 0 0 0.0 0.0 -999 ""
FIBERMAP 985 R+9C10 BOSS 0 0 0 1 0 0 27.16176888510722 174.82587892582598 143.1 32.626418253670415 173.89182881979698 24.880838 94.932945 -999.0 -999.0 -999.0 -999.0 -999.0 304.7185699599765 48.46555782615035 304.60868691758674 48.556119515177706 35.51601300981895 309.48236630246697 -999.0 5400.0 -999.0 1 126 {-999.0 -999.0 -999.0 -999.0 -999.0} "" -999.0 -999.0 -999.0 -999.0 -999 -999 "" "" "" "" 0 0 0.0 0.0 -999 ""
FIBERMAP 985 R+9C10 METROLOGY 0 0 0 1 0 0 26.410203243091843 174.8222434678474 143.1 31.87509565813388 173.91174273567862 24.880838 94.932945 -999.0 -999.0 -999.0 -999.0 -999.0 304.7135391663714 48.46567614023017 304.60352958782624 48.55621258941579 35.51268414862858 309.4833017351011 -999.0 6231.0 -999.0 -1 -999 {-999.0 -999.0 -999.0 -999.0 -999.0} "" -999.0 -999.0 -999.0 -999.0 -999 -999 "" "" "" "" 0 0 0.0 0.0 -999 ""
FIBERMAP 986 R+2C13 APOGEE 0 0 1 1 0 0 0.5898211234706074 46.389857461753024 143.1 2.0430028553849313 46.34934497810953 9.999181 169.96324 -999.0 -999.0 -999.0 -999.0 -999.0 304.5067033678517 47.887354982859335 304.3986973497798 47.97758756338723 35.26284743307201 308.82163277127773 -999.0 16600.0 -999.0 2 -999 {-999.0 -999.0 -999.0 -999.0 -999.0} "" -999.0 -999.0 -999.0 -999.0 -999 -999 "" "" "" "" 0 0 0.0 0.0 -999 ""
FIBERMAP 986 R+2C13 BOSS 1 0 1 1 0 0 1.3429434113434495 46.38976185345291 143.1 2.795764457715409 46.32565299600812 9.999181 169.96324 304.48880799826173 47.7750789974582 1.0048349 -3.74437 2.068863 304.5113994990146 47.88720424696835 304.40382105136337 47.97750481480834 35.26618715287889 308.8206703876955 5400.0 5400.0 2016.0 1 105 {-999.0 13.046402 12.5118885 12.335808 -999.0} sdss_psfmag_from_g3xp 12.926506 12.546962 12.000512 11.084 63050395015877954 996741226 bright_1x1 mwm_bin_gaia_sb_boss mwm_bin science 0 0 1.2218356132507324 0.0 -999 ""
FIBERMAP 986 R+2C13 METROLOGY 0 0 1 1 0 0 0.9731719725019018 45.74977613328079 143.1 2.406116953541046 45.697556710680644 9.999181 169.96324 -999.0 -999.0 -999.0 -999.0 -999.0 304.50885697752136 47.88436094874751 304.40116857718175 47.97464061641036 35.26386080966935 308.8176842011497 -999.0 6231.0 -999.0 -1 -999 {-999.0 -999.0 -999.0 -999.0 -999.0} "" -999.0 -999.0 -999.0 -999.0 -999 -999 "" "" "" "" 0 0 0.0 0.0 -999 ""
FIBERMAP 988 R+7C6 APOGEE 0 0 0 1 0 0 -87.23376779968355 126.79221090733726 143.1 -83.21975194097816 129.46515297980844 351.74005 90.47352 -999.0 -999.0 -999.0 -999.0 -999.0 303.9259534727051 48.26447971074717 303.81559884501274 48.35355025528409 34.95996251462445 309.36950209604106 -999.0 16600.0 -999.0 2 -999 {-999.0 -999.0 -999.0 -999.0 -999.0} "" -999.0 -999.0 -999.0 -999.0 -999 -999 "" "" "" "" 0 0 0.0 0.0 -999 ""
FIBERMAP 988 R+7C6 BOSS 1 1 0 1 0 0 -87.40256598254004 125.95358214406262 143.1 -83.41474541609476 128.63221121036148 351.74005 90.47352 303.92366105975447 48.2606884319052 1.6016475 -0.43125 0.5325658 303.92416088008866 48.26068715285337 303.81425015245446 48.34981576413093 34.95831050394713 309.36527167699336 5400.0 5400.0 2016.0 1 67 {-999.0 14.553952 13.173269 12.549286 -999.0} sdss_psfmag_from_g3xp 13.9982815 13.080807 12.137746 9.982 63050395015915958 996741236 bright_1x1 mwm_bin_gaia_sb_boss mwm_bin science 0 0 1.1808046102523804 0.0 -999 ""
FIBERMAP 988 R+7C6 METROLOGY 0 0 0 1 0 0 -87.92013368438955 126.49969791134637 143.1 -83.91495669976221 129.19428375453225 351.74005 90.47352 -999.0 -999.0 -999.0 -999.0 -999.0 303.9208693216038 48.26322722050637 303.8108219054476 48.35233189940102 34.95660428342982 309.36885194443096 -999.0 6231.0 -999.0 -1 -999 {-999.0 -999.0 -999.0 -999.0 -999.0} "" -999.0 -999.0 -999.0 -999.0 -999 -999 "" "" "" "" 0 0 0.0 0.0 -999 ""
FIBERMAP 990 R+4C7 APOGEE 1 1 0 1 0 0 -126.89775960463803 61.921109507030216 143.1 -124.89741179776587 65.86759232784826 289.88522 36.37555 303.64444439827906 47.97427680963325 -3.9630208 -5.599877 0.046585135 303.64442684097526 47.974260200863306 303.5350419270546 48.06286486411324 34.715918952490746 309.07131694040186 16000.0 16600.0 2016.0 2 95 {-999.0 14.6235695 13.300713 12.653959 -999.0} sdss_psfmag_from_g3xp 14.09971 13.222316 12.242511 10.109 63050395015864793 1151795871 bright_1x1 mwm_galactic_core_dist_apogee_sparse mwm_galactic science 0 0 0.0 0.0 -999 ""
FIBERMAP 990 R+4C7 BOSS 0 0 0 1 0 0 -127.5313020481736 62.310852682919915 143.1 -125.51844212300725 66.27700020638812 289.88522 36.37555 -999.0 -999.0 -999.0 -999.0 -999.0 303.6396956374577 47.97605692424107 303.5307273320096 48.06471530930708 34.71349843175722 309.0742667349852 -999.0 5400.0 -999.0 1 51 {-999.0 -999.0 -999.0 -999.0 -999.0} "" -999.0 -999.0 -999.0 -999.0 -999 -999 "" "" "" "" 0 0 0.0 0.0 -999 ""
FIBERMAP 990 R+4C7 METROLOGY 0 0 0 1 0 0 -126.88243424496675 62.67103128652448 143.1 -124.85859757414711 66.61667777154554 289.88522 36.37555 -999.0 -999.0 -999.0 -999.0 -999.0 303.64428758471246 47.9776425944656 303.5351955597652 48.06629138327393 34.71675258329499 309.0753622290018 -999.0 6231.0 -999.0 -1 -999 {-999.0 -999.0 -999.0 -999.0 -999.0} "" -999.0 -999.0 -999.0 -999.0 -999 -999 "" "" "" "" 0 0 0.0 0.0 -999 ""
FIBERMAP 991 R-3C20 APOGEE 1 1 0 1 0 0 150.8313962881637 -66.48413981781243 143.1 148.6767149814921 -71.17833118899155 246.7642 66.99679 305.4880994104899 47.34657739316285 -0.73974526 -3.0995271 0.48745945 305.48809617237674 47.34656820022342 305.38358179426456 47.43873042848835 35.802184726125866 308.00773635437326 16000.0 16600.0 2016.0 2 226 {-999.0 14.723747 12.939583 12.114272 -999.0} sdss_psfmag_from_g3xp 13.908832 12.716749 11.650469 9.021 63050395015405335 1151795322 bright_1x1 mwm_galactic_core_dist_apogee_sparse mwm_galactic science 0 0 0.0 0.0 -999 ""
FIBERMAP 991 R-3C20 BOSS 0 0 0 1 0 0 150.3125660788295 -65.9586680309749 143.1 148.17459498395584 -70.63685326435746 246.7642 66.99679 -999.0 -999.0 -999.0 -999.0 -999.0 305.48447311847184 47.34897534003975 305.38035362558355 47.44118715758303 35.8005401549167 308.0112450137616 -999.0 5400.0 -999.0 1 290 {-999.0 -999.0 -999.0 -999.0 -999.0} "" -999.0 -999.0 -999.0 -999.0 -999 -999 "" "" "" "" 0 0 0.0 0.0 -999 ""
FIBERMAP 991 R-3C20 METROLOGY 0 0 0 1 0 0 151.0272248861197 -65.76359024636403 143.1 148.89502644058737 -70.46425943282196 246.7642 66.99679 -999.0 -999.0 -999.0 -999.0 -999.0 305.4894079144418 47.349735651727194 305.38517504812364 47.44194027386109 35.80388591956704 308.0113459767359 -999.0 6231.0 -999.0 -1 -999 {-999.0 -999.0 -999.0 -999.0 -999.0} "" -999.0 -999.0 -999.0 -999.0 -999 -999 "" "" "" "" 0 0 0.0 0.0 -999 ""
FIBERMAP 994 R+7C2 APOGEE 0 0 0 1 0 0 -197.1234297157983 154.2642847882708 143.1 -192.19648243075963 160.36718250675148 158.248 57.640465 -999.0 -999.0 -999.0 -999.0 -999.0 303.1839286482431 48.397393127235254 303.07212124240226 48.48504387488064 34.50537108777406 309.65254037623225 -999.0 16600.0 -999.0 2 -999 {-999.0 -999.0 -999.0 -999.0 -999.0} "" -999.0 -999.0 -999.0 -999.0 -999 -999 "" "" "" "" 0 0 0.0 0.0 -999 ""
FIBERMAP 994 R+7C2 BOSS 1 1 0 1 0 0 -196.5297154965846 154.73072055195553 143.1 -191.58843607936493 160.81479480810933 158.248 57.640465 303.1875592042943 48.399416129300945 -999.0 -999.0 -999.0 303.1875592042943 48.399416129300945 303.07618367703316 48.4871367828121 34.50844952029231 309.6543210990843 5400.0 5400.0 2015.5 1 70 {-999.0 -999.0 -999.0 -999.0 -999.0} "" -999.0 -999.0 -999.0 -999.0 27021603114186099 818195711 "" ops_sky_boss_good ops_sky sky_boss 0 0 0.0 0.0 -999 ""
FIBERMAP 994 R+7C2 METROLOGY 0 0 0 1 0 0 -196.43597737947286 153.97433433424024 143.1 -191.51844116538533 160.05583087870474 158.248 57.640465 -999.0 -999.0 -999.0 -999.0 -999.0 303.18819916085386 48.396020594621554 303.07671588012806 48.483725181654236 34.5080632357579 309.65018543493983 -999.0 6231.0 -999.0 -1 -999 {-999.0 -999.0 -999.0 -999.0 -999.0} "" -999.0 -999.0 -999.0 -999.0 -999 -999 "" "" "" "" 0 0 0.0 0.0 -999 ""
FIBERMAP 996 R-6C15 APOGEE 1 1 0 1 0 0 99.42673357685011 -105.62316209774026 143.1 96.07018391731235 -108.6881816503296 61.824368 103.33361 305.1323530773828 47.17901528194775 -4.2535095 -5.0458717 0.38822287 305.1327202637562 47.17900031631078 305.02849733528313 47.2705416341951 35.53236765614631 307.8655015652728 16000.0 16600.0 2016.0 2 183 {-999.0 13.565659 11.583691 10.380595 -999.0} sdss_psfmag_from_g3xp 12.617887 11.066299 9.871565 6.841 63050395015401832 1155633222 bright_1x1 mwm_galactic_core_dist_apogee_extra mwm_galactic science 0 0 0.9439048767089844 0.0 -999 ""
FIBERMAP 996 R-6C15 BOSS 0 0 0 1 0 0 100.14295537994474 -105.83174189044861 143.1 96.77953044704972 -108.91910265279756 61.824368 103.33361 -999.0 -999.0 -999.0 -999.0 -999.0 305.13708238810585 47.17782210444907 305.0332810639513 47.26943073544335 35.53531339989079 307.86334029240817 -999.0 5400.0 -999.0 1 316 {-999.0 -999.0 -999.0 -999.0 -999.0} "" -999.0 -999.0 -999.0 -999.0 -999 -999 "" "" "" "" 0 0 0.0 0.0 -999 ""
FIBERMAP 996 R-6C15 METROLOGY 0 0 0 1 0 0 99.59894161791699 -106.35697862868616 143.1 96.21931862771247 -109.42704518938862 61.824368 103.33361 -999.0 -999.0 -999.0 -999.0 -999.0 305.13340129413416 47.175565346476226 305.0294886450388 47.26715092209382 35.5323237707303 307.86125411643974 -999.0 6231.0 -999.0 -1 -999 {-999.0 -999.0 -999.0 -999.0 -999.0} "" -999.0 -999.0 -999.0 -999.0 -999 -999 "" "" "" "" 0 0 0.0 0.0 -999 ""
FIBERMAP 999 R0C27 APOGEE 0 0 0 1 0 0 309.22220234548877 -4.742593287245017 143.1 308.9267471306811 -14.428723222328347 26.795156 68.48491 -999.0 -999.0 -999.0 -999.0 -999.0 306.55875106375845 47.58872110332001 306.45452661753046 47.682795855706495 36.558455202569135 308.13088642708044 -999.0 16600.0 -999.0 2 -999 {-999.0 -999.0 -999.0 -999.0 -999.0} "" -999.0 -999.0 -999.0 -999.0 -999 -999 "" "" "" "" 0 0 0.0 0.0 -999 ""
FIBERMAP 999 R0C27 BOSS 1 1 0 1 0 0 309.3098174138017 -5.471259190746348 143.1 308.99149042181574 -15.159788159036848 26.795156 68.48491 306.5579361624989 47.58533677919959 7.9825106 11.101083 2.0575962 306.55856170858306 47.58536970408161 306.4547518873538 47.67949643748495 36.55798919262712 308.1268156499186 5400.0 5400.0 2016.0 1 174 {-999.0 12.176701 11.7781315 11.642902 -999.0} sdss_psfmag_from_g3xp 12.104924 11.792245 11.309407 10.47 63050395015499082 996779825 bright_1x1 mwm_bin_gaia_sb_boss mwm_bin science 0 0 1.4336997270584106 0.0 -999 ""
FIBERMAP 999 R0C27 METROLOGY 0 0 0 1 0 0 308.62072814582666 -5.184057631957664 143.1 308.31172687534536 -14.851132833209059 26.795156 68.48491 -999.0 -999.0 -999.0 -999.0 -999.0 306.55430004614067 47.58686033431489 306.45036536614435 47.680964089599016 36.555361309597174 308.1292961146229 -999.0 6231.0 -999.0 -1 -999 {-999.0 -999.0 -999.0 -999.0 -999.0} "" -999.0 -999.0 -999.0 -999.0 -999 -999 "" "" "" "" 0 0 0.0 0.0 -999 ""
FIBERMAP 1004 R-13C1 APOGEE 1 1 0 1 0 0 -138.3560875490222 -246.90381176545375 143.1 -146.02623269234005 -242.45164865834116 355.43716 150.54803 303.52689768143745 46.57835797822173 -3.1961105 -6.042715 0.18295482 303.5268838904572 46.57834005603109 303.42343204549417 46.66702001081443 34.331473238770734 307.4400270235898 16000.0 16600.0 2016.0 2 199 {-999.0 17.633608 15.298124 14.154885 -999.0} sdss_psfmag_ps1 16.34865 14.69587 13.473186 10.097 63050395014916605 1153344890 bright_1x1 mwm_galactic_core_dist_apogee_sparse mwm_galactic science 0 0 0.0 0.0 -999 ""
FIBERMAP 1004 R-13C1 BOSS 0 0 0 1 0 0 -137.73720504882186 -247.30295462227963 143.1 -145.42014985350662 -242.86999243611007 355.43716 150.54803 -999.0 -999.0 -999.0 -999.0 -999.0 303.53048230732344 46.57641957771765 303.4274653784101 46.66517561116564 34.33373987446812 307.4370792065449 -999.0 5400.0 -999.0 1 340 {-999.0 -999.0 -999.0 -999.0 -999.0} "" -999.0 -999.0 -999.0 -999.0 -999 -999 "" "" "" "" 0 0 0.0 0.0 -999 ""
FIBERMAP 1004 R-13C1 METROLOGY 0 0 0 1 0 0 -138.3922918732686 -247.65501485296562 143.1 -146.08595610946855 -243.20136063310974 355.43716 150.54803 -999.0 -999.0 -999.0 -999.0 -999.0 303.5262835352724 46.574958539392696 303.42314855579633 46.66368749718295 34.33051360956675 307.43615525768064 -999.0 6231.0 -999.0 -1 -999 {-999.0 -999.0 -999.0 -999.0 -999.0} "" -999.0 -999.0 -999.0 -999.0 -999 -999 "" "" "" "" 0 0 0.0 0.0 -999 ""
FIBERMAP 1009 R-13C2 APOGEE 1 1 0 1 0 0 -132.0310725917604 -271.75691650485186 143.1 -140.48290575858107 -267.49112153448306 312.53342 33.165302 303.56597038215307 46.466995714380566 -2.6299176 -3.8168297 0.059891574 303.5659590574887 46.46698439398095 303.46301980411 46.555761144378835 34.33216375429505 307.30133224075405 16000.0 16600.0 2016.0 2 190 {-999.0 18.24843 15.641081 14.474281 -999.0} sdss_psfmag_ps1 16.802053 14.946079 13.669956 10.065 63050395014914670 1153344873 bright_1x1 mwm_galactic_core_dist_apogee_sparse mwm_galactic science 0 0 0.0 0.0 -999 ""
FIBERMAP 1009 R-13C2 BOSS 0 0 0 1 0 0 -132.7469684906645 -271.5695142171017 143.1 -141.1925900610175 -267.2813781899236 312.53342 33.165302 -999.0 -999.0 -999.0 -999.0 -999.0 303.5609041815378 46.46787423190004 303.4583779854525 46.556710567717474 34.329279266609085 307.30334735499275 -999.0 5400.0 -999.0 1 341 {-999.0 -999.0 -999.0 -999.0 -999.0} "" -999.0 -999.0 -999.0 -999.0 -999 -999 "" "" "" "" 0 0 0.0 0.0 -999 ""
FIBERMAP 1009 R-13C2 METROLOGY 0 0 0 1 0 0 -132.21980749469733 -271.0352442358693 143.1 -140.64893997896917 -266.76387867888195 312.53342 33.165302 -999.0 -999.0 -999.0 -999.0 -999.0 303.56450991268565 46.47018880325119 303.46185804856646 46.55901175303357 34.33214082128517 307.3053856617561 -999.0 6231.0 -999.0 -1 -999 {-999.0 -999.0 -999.0 -999.0 -999.0} "" -999.0 -999.0 -999.0 -999.0 -999 -999 "" "" "" "" 0 0 0.0 0.0 -999 ""
FIBERMAP 1011 R+6C3 APOGEE 1 1 0 1 0 0 -176.31029688333214 105.03656893154736 143.1 -172.93561074936648 110.51074120454275 272.76968 128.73251 303.3169073673417 48.17393377421631 -3.5572245 -4.062106 0.19341762 303.3168915465599 48.17392172634662 303.2062437241032 48.2618697268259 34.54444185012999 309.3647519436907 16000.0 16600.0 2016.0 2 126 {-999.0 16.697882 14.9437475 14.093839 -999.0} sdss_psfmag_from_g3xp 15.898981 14.708646 13.638928 10.982 63050395015968367 1151796060 bright_1x1 mwm_galactic_core_dist_apogee_sparse mwm_galactic science 0 0 0.0 0.0 -999 ""
FIBERMAP 1011 R+6C3 BOSS 0 0 0 1 0 0 -176.8618418996575 104.54689799538399 143.1 -173.50223591765834 110.03858354348137 272.76968 128.73251 -999.0 -999.0 -999.0 -999.0 -999.0 303.312590621719 48.171704895146064 303.2023821745775 48.25970903162069 34.54146604457126 309.3628625986425 -999.0 5400.0 -999.0 1 27 {-999.0 -999.0 -999.0 -999.0 -999.0} "" -999.0 -999.0 -999.0 -999.0 -999 -999 "" "" "" "" 0 0 0.0 0.0 -999 ""
FIBERMAP 1011 R+6C3 METROLOGY 0 0 0 1 0 0 -177.02550742749557 105.27521733037871 143.1 -173.64300440719782 110.77168484804969 272.76968 128.73251 -999.0 -999.0 -999.0 -999.0 -999.0 303.3117323515748 48.17502516517619 303.2013849657945 48.26300890582829 34.541528592630854 309.36694824418953 -999.0 6231.0 -999.0 -1 -999 {-999.0 -999.0 -999.0 -999.0 -999.0} "" -999.0 -999.0 -999.0 -999.0 -999 -999 "" "" "" "" 0 0 0.0 0.0 -999 ""
FIBERMAP 1012 R+1C12 APOGEE 0 0 0 1 0 0 -51.91457664581942 24.809452450824793 143.1 -51.11260387887575 26.424228749831627 206.34958 65.431435 -999.0 -999.0 -999.0 -999.0 -999.0 304.1457302514773 47.79672734458484 304.0377017824828 47.88630655430948 35.00727818194444 308.7739857760296 -999.0 16600.0 -999.0 2 -999 {-999.0 -999.0 -999.0 -999.0 -999.0} "" -999.0 -999.0 -999.0 -999.0 -999 -999 "" "" "" "" 0 0 0.0 0.0 -999 ""
FIBERMAP 1012 R+1C12 BOSS 1 1 0 1 0 0 -51.94978955127454 25.571129615705324 143.1 -51.12393560423752 27.18664743330277 206.34958 65.431435 304.1451808271327 47.80015389133638 -999.0 -999.0 -999.0 304.1451808271327 47.800153891336386 304.0375609965954 47.88979261733018 35.0079197910858 308.77817075037126 5400.0 5400.0 2015.5 1 22 {-999.0 -999.0 -999.0 -999.0 -999.0} "" -999.0 -999.0 -999.0 -999.0 27021603114181937 808300331 "" ops_sky_boss_good ops_sky sky_boss 0 0 0.0 0.0 -999 ""
FIBERMAP 1012 R+1C12 METROLOGY 0 0 0 1 0 0 -51.28836957402908 25.215071340611196 143.1 -50.473985588470626 26.810035013385885 206.34958 65.431435 -999.0 -999.0 -999.0 -999.0 -999.0 304.1497193223019 47.798458600289415 304.0419918271467 47.888088777902475 35.01046577790692 308.7753735028822 -999.0 6231.0 -999.0 -1 -999 {-999.0 -999.0 -999.0 -999.0 -999.0} "" -999.0 -999.0 -999.0 -999.0 -999 -999 "" "" "" "" 0 0 0.0 0.0 -999 ""
FIBERMAP 1013 R+10C15 APOGEE 1 1 0 1 0 0 150.97353958031633 200.1462846150777 143.1 157.17271066531134 195.32100549166265 54.22419 76.942085 305.57126258714175 48.5536244435186 -999.0 -999.0 -999.0 305.57126258714175 48.55362444351861 305.46162752364813 48.645689369293706 36.08678439260755 309.4579819711199 16000.0 16600.0 2015.5 2 68 {-999.0 -999.0 -999.0 -999.0 -999.0} "" -999.0 -999.0 -999.0 -999.0 27021603114190189 830410043 "" ops_sky_apogee_best ops_sky sky_apogee 0 0 0.0 0.0 -999 ""
FIBERMAP 1013 R+10C15 BOSS 0 0 0 1 0 0 151.48223117368818 199.60745303548885 143.1 157.6642782803644 194.76649177703294 54.22419 76.942085 -999.0 -999.0 -999.0 -999.0 -999.0 305.57417356529265 48.5510479451289 305.4649694445627 48.64317066965256 36.08848679148295 309.4544122884503 -999.0 5400.0 -999.0 1 228 {-999.0 -999.0 -999.0 -999.0 -999.0} "" -999.0 -999.0 -999.0 -999.0 -999 -999 "" "" "" "" 0 0 0.0 0.0 -999 ""
FIBERMAP 1013 R+10C15 METROLOGY 0 0 0 1 0 0 150.76314415351953 199.42373613511475 143.1 156.9397766670677 194.60539217632933 54.22419 76.942085 -999.0 -999.0 -999.0 -999.0 -999.0 305.5693463036999 48.55041201013382 305.4600210211242 48.64251127974861 36.08515154327626 309.45436145242945 -999.0 6231.0 -999.0 -1 -999 {-999.0 -999.0 -999.0 -999.0 -999.0} "" -999.0 -999.0 -999.0 -999.0 -999 -999 "" "" "" "" 0 0 0.0 0.0 -999 ""
FIBERMAP 1016 R+1C16 APOGEE 0 0 0 1 0 0 57.87344659936554 3.8850523587332244 143.1 57.967684377784884 2.0699477290555826 295.83698 98.068565 -999.0 -999.0 -999.0 -999.0 -999.0 304.8842800616886 47.684275079765534 304.7776026927181 47.7752510798886 35.47021028797967 308.51498701902887 -999.0 16600.0 -999.0 2 51 {-999.0 -999.0 -999.0 -999.0 -999.0} "" -999.0 -999.0 -999.0 -999.0 -999 -999 "" "" "" "" 0 0 0.0 0.0 -999 ""
FIBERMAP 1016 R+1C16 BOSS 1 1 0 1 0 0 57.267331108097586 3.457823094245608 143.1 57.34847104100715 1.6619118559835557 295.83698 98.068565 304.8790740653456 47.682399981339806 -4.3234925 -6.195243 0.85163325 304.87970038825966 47.682381606763634 304.77344243054114 47.7734079846852 35.46709741390522 308.5134710369937 5400.0 5400.0 2016.0 1 190 {-999.0 12.836959 11.744419 11.298512 -999.0} sdss_psfmag_from_g3xp 12.452314 11.740801 10.922689 9.177 63050395015872228 996741227 bright_1x1 mwm_bin_gaia_sb_boss mwm_bin science 0 0 1.5641587972640991 0.0 -999 ""
FIBERMAP 1016 R+1C16 METROLOGY 0 0 0 1 0 0 57.1900079651348 4.203808600158052 143.1 57.2945574355397 2.409965708257824 295.83698 98.068565 -999.0 -999.0 -999.0 -999.0 -999.0 304.87948467506885 47.685807375322526 304.7730937049444 47.776815948998824 35.46756253909998 308.5176262466446 -999.0 6231.0 -999.0 -1 -999 {-999.0 -999.0 -999.0 -999.0 -999.0} "" -999.0 -999.0 -999.0 -999.0 -999 -999 "" "" "" "" 0 0 0.0 0.0 -999 ""
FIBERMAP 1017 R+5C18 APOGEE 1 1 0 1 0 0 138.6334206315609 89.40171614885699 143.1 141.36866378923617 85.01566827549831 199.26117 141.50984 305.4550899170688 48.05685335361818 13.599208 -11.3401785 2.414467 305.4551502619554 48.05681971957711 305.347546262713 48.14877402583747 35.918361569050454 308.872561109908 16000.0 16600.0 2016.0 2 70 {-999.0 11.747748 11.275515 11.127394 -999.0} sdss_psfmag_from_g3xp 11.650389 11.305952 10.795352 9.968 63050395015436156 1076200360 bright_1x1 mwm_snc_ext_main_apogee mwm_snc science 0 0 0.0 0.0 -999 ""
FIBERMAP 1017 R+5C18 BOSS 0 0 0 1 0 0 138.01364995737745 89.77191999222849 143.1 140.7607864967715 85.4051146119741 199.26117 141.50984 -999.0 -999.0 -999.0 -999.0 -999.0 305.45072654308984 48.05861111873922 305.3435237818365 48.15061075686593 35.916082684473714 308.87542581610126 -999.0 5400.0 -999.0 1 209 {-999.0 -999.0 -999.0 -999.0 -999.0} "" -999.0 -999.0 -999.0 -999.0 -999 -999 "" "" "" "" 0 0 0.0 0.0 -999 ""
FIBERMAP 1017 R+5C18 METROLOGY 0 0 0 1 0 0 138.65247068911842 90.14731284973799 143.1 141.41106543070455 85.7603139945324 199.26117 141.50984 -999.0 -999.0 -999.0 -999.0 -999.0 305.45526603537417 48.060180698124604 305.347944726038 48.152172973257706 35.919278159845355 308.87661595114133 -999.0 6231.0 -999.0 -1 -999 {-999.0 -999.0 -999.0 -999.0 -999.0} "" -999.0 -999.0 -999.0 -999.0 -999 -999 "" "" "" "" 0 0 0.0 0.0 -999 ""
FIBERMAP 1018 R-1C8 APOGEE 0 0 0 1 0 0 -105.40230836725421 -14.665084008722971 143.1 -105.81172676295799 -11.355710952222895 55.70415 70.286255 -999.0 -999.0 -999.0 -999.0 -999.0 303.7768530757329 47.623667070956046 303.6691643798792 47.71259356741448 34.72833226420816 308.6315911841939 -999.0 16600.0 -999.0 2 -999 {-999.0 -999.0 -999.0 -999.0 -999.0} "" -999.0 -999.0 -999.0 -999.0 -999 -999 "" "" "" "" 0 0 0.0 0.0 -999 ""
FIBERMAP 1018 R-1C8 BOSS 1 1 0 1 0 0 -104.96176035827868 -15.260585244566403 143.1 -105.39004591094331 -11.964732370421492 55.70415 70.286255 303.7780568116027 47.62014700959243 265.79614 232.08641 16.105654 303.779226380876 47.62083535262001 303.6719751168068 47.7098334746127 34.72958074110027 308.6278141178006 5400.0 5400.0 2016.0 1 482 {-999.0 16.106764 14.766894 13.504834 -999.0} sdss_psfmag_from_g3xp 15.594257 14.207921 13.047796 11.075 63050395015851257 1150994503 bright_1x1 mwm_snc_100pc_boss_single mwm_snc science 0 0 0.0 0.0 -999 ""
FIBERMAP 1018 R-1C8 METROLOGY 0 0 0 1 0 0 -105.70238665213456 -15.348176245141351 143.1 -106.13306480342796 -12.02907686878283 55.70415 70.286255 -999.0 -999.0 -999.0 -999.0 -999.0 303.7743503748407 47.620543293291846 303.6669782778008 47.70951142067324 34.72622854881981 308.62831780120655 -999.0 6231.0 -999.0 -1 -999 {-999.0 -999.0 -999.0 -999.0 -999.0} "" -999.0 -999.0 -999.0 -999.0 -999 -999 "" "" "" "" 0 0 0.0 0.0 -999 ""
FIBERMAP 1019 R+3C24 APOGEE 0 0 0 1 0 0 264.9666965357767 63.97122074657373 143.1 266.8451641213653 55.63904519586045 3.7170522 145.25946 -999.0 -999.0 -999.0 -999.0 -999.0 306.2939588414675 47.910438248907965 306.18803506466304 48.00396299178522 36.44240075627092 308.56481199988957 -999.0 16600.0 -999.0 2 84 {-999.0 -999.0 -999.0 -999.0 -999.0} "" -999.0 -999.0 -999.0 -999.0 -999 -999 "" "" "" "" 0 0 0.0 0.0 -999 ""
FIBERMAP 1019 R+3C24 BOSS 1 1 0 1 0 0 265.59879811264193 63.588263894747854 143.1 267.4649668896918 55.23646556272211 3.7170522 145.25946 306.297623583594 47.9085021243074 -4.2503886 -4.784118 0.18451548 306.2976047771121 47.90848793500965 306.192099426671 48.002070942482156 36.444722404278444 308.5618742745048 5400.0 5400.0 2016.0 1 246 {-999.0 15.144163 14.418643 14.064722 -999.0} sdss_psfmag_from_g3xp 14.933916 14.382209 13.653626 12.321 63050395015635641 1068575148 bright_1x1 mwm_ob_core_boss_single mwm_ob science 0 0 0.0 0.0 -999 ""
FIBERMAP 1019 R+3C24 METROLOGY 0 0 0 1 0 0 264.9515491240524 63.22598271851768 143.1 266.8066745099391 54.894635703718855 3.7170522 145.25946 -999.0 -999.0 -999.0 -999.0 -999.0 306.2932962303217 47.907044164815474 306.18767669546133 48.00060507547963 36.4415427254014 308.5607654472041 -999.0 6231.0 -999.0 -1 -999 {-999.0 -999.0 -999.0 -999.0 -999.0} "" -999.0 -999.0 -999.0 -999.0 -999 -999 "" "" "" "" 0 0 0.0 0.0 -999 ""
FIBERMAP 1025 R-7C7 APOGEE 1 1 0 1 0 0 -98.37013639726136 -137.43390264829665 143.1 -102.62942073738336 -134.28654962706293 235.16087 56.036514 303.80441706281056 47.06528566781149 -4.254859 -5.958513 0.17441456 303.80439853637256 47.06526799535715 303.6991635167408 47.15436391423649 34.62551505453882 307.9639435033899 16000.0 16600.0 2016.0 2 294 {-999.0 15.526839 13.542318 12.301104 -999.0} sdss_psfmag_from_g3xp 14.580389 12.991639 11.7870655 8.714 63050395015800380 1151795693 bright_1x1 mwm_galactic_core_dist_apogee_sparse mwm_galactic science 0 0 0.0 0.0 -999 ""
FIBERMAP 1025 R-7C7 BOSS 0 0 0 1 0 0 -98.65000150430367 -136.75083942591067 143.1 -102.88775155795976 -133.5950422388226 235.16087 56.036514 -999.0 -999.0 -999.0 -999.0 -999.0 303.80216483746284 47.068284743325805 303.69733756636595 47.157441543785225 34.62498995514645 307.96792563339005 -999.0 5400.0 -999.0 1 410 {-999.0 -999.0 -999.0 -999.0 -999.0} "" -999.0 -999.0 -999.0 -999.0 -999 -999 "" "" "" "" 0 0 0.0 0.0 -999 ""
FIBERMAP 1025 R-7C7 METROLOGY 0 0 0 1 0 0 -97.90701630966448 -136.84672130509273 143.1 -102.14812335783131 -133.7141573888987 235.16087 56.036514 -999.0 -999.0 -999.0 -999.0 -999.0 303.80722719090306 47.06778357778654 303.7022876360229 47.15693130541813 34.62815785127621 307.9664103623751 -999.0 6231.0 -999.0 -1 -999 {-999.0 -999.0 -999.0 -999.0 -999.0} "" -999.0 -999.0 -999.0 -999.0 -999 -999 "" "" "" "" 0 0 0.0 0.0 -999 ""
FIBERMAP 1028 R+9C8 APOGEE 1 1 0 1 0 0 -18.1395266836768 176.88363416091866 143.1 -12.588889320356364 177.36796237103832 27.879318 98.75801 304.40916201947016 48.48209642681941 -3.273641 -4.291449 0.11409729 304.4091473716837 48.48208369873783 304.2983921753045 48.572010406689586 35.317873949214224 309.55135509370484 16000.0 16600.0 2016.0 2 2 {-999.0 17.869677 15.625216 14.300515 -999.0} sdss_psfmag_ps1 16.721846 14.938341 13.680268 10.314 63050395015929609 1153345544 bright_1x1 mwm_galactic_core_dist_apogee_sparse mwm_galactic science 0 0 0.0 0.0 -999 ""
FIBERMAP 1028 R+9C8 BOSS 0 0 0 1 0 0 -17.715240925528402 176.2787139407019 143.1 -12.183758106041925 176.75003596197118 27.879318 98.75801 -999.0 -999.0 -999.0 -999.0 -999.0 304.4114834803364 48.479291021288134 304.3011695716665 48.569280061524275 35.31912986312685 309.5476266580381 -999.0 5400.0 -999.0 1 124 {-999.0 -999.0 -999.0 -999.0 -999.0} "" -999.0 -999.0 -999.0 -999.0 -999 -999 "" "" "" "" 0 0 0.0 0.0 -999 ""
FIBERMAP 1028 R+9C8 METROLOGY 0 0 0 1 0 0 -18.455167339322323 176.2108445515637 143.1 -12.92545954403037 176.70538178014692 27.879318 98.75801 -999.0 -999.0 -999.0 -999.0 -999.0 304.40651990321663 48.47909899084988 304.29608018051647 48.569062572170914 35.315786499856536 309.5481893675742 -999.0 6231.0 -999.0 -1 -999 {-999.0 -999.0 -999.0 -999.0 -999.0} "" -999.0 -999.0 -999.0 -999.0 -999 -999 "" "" "" "" 0 0 0.0 0.0 -999 ""
FIBERMAP 1032 R+2C8 APOGEE 0 0 0 1 0 0 -119.7831528097821 26.40579332916513 143.1 -118.89893066550727 30.146232890237943 248.31949 106.763435 -999.0 -999.0 -999.0 -999.0 -999.0 303.68663027049104 47.81209103840823 303.57801133895214 47.90080893287602 34.709212864787865 308.8712584562522 -999.0 16600.0 -999.0 2 -999 {-999.0 -999.0 -999.0 -999.0 -999.0} "" -999.0 -999.0 -999.0 -999.0 -999 -999 "" "" "" "" 0 0 0.0 0.0 -999 ""
FIBERMAP 1032 R+2C8 BOSS 1 1 0 1 0 0 -120.53283424571634 26.46649174400429 143.1 -119.64635427582897 30.230391089105392 248.31949 106.763435 303.6810676082667 47.81239576420219 -999.0 -999.0 -999.0 303.6810676082667 47.81239576420219 303.57286975156643 47.90116658598817 34.70592383989388 308.87258671260713 5400.0 5400.0 2015.5 1 44 {-999.0 -999.0 -999.0 -999.0 -999.0} "" -999.0 -999.0 -999.0 -999.0 27021603114182125 808300338 "" ops_sky_boss_good ops_sky sky_boss 0 0 0.0 0.0 -999 ""
FIBERMAP 1032 R+2C8 METROLOGY 0 0 0 1 0 0 -120.10756355839439 27.077671031352523 143.1 -119.2021364296772 30.8279557506525 248.31949 106.763435 -999.0 -999.0 -999.0 -999.0 -999.0 303.6841783792304 47.81514657659617 303.5758503425084 47.90390465700484 34.70846502960263 308.87531550699197 -999.0 6231.0 -999.0 -1 -999 {-999.0 -999.0 -999.0 -999.0 -999.0} "" -999.0 -999.0 -999.0 -999.0 -999 -999 "" "" "" "" 0 0 0.0 0.0 -999 ""
FIBERMAP 1034 R+13C2 APOGEE 1 1 0 1 0 0 -119.31750555964592 266.7499549917116 143.1 -110.90317160329685 270.36165542070916 91.82082 99.13786 303.73524002421146 48.89619878298636 -1.9320557 -2.8018417 0.15020022 303.73523130791165 48.89619047295671 303.6217910441773 48.98477145224317 34.96405478911515 310.1553832245148 16000.0 16600.0 2016.0 2 113 {-999.0 17.641893 15.897419 13.928233 -999.0} sdss_psfmag_ps1 16.505793 13.855883 12.434918 8.671 63050395016032743 1153345559 bright_1x1 mwm_galactic_core_dist_apogee_sparse mwm_galactic science 0 0 0.0 0.0 -999 ""
FIBERMAP 1034 R+13C2 BOSS 0 0 0 1 0 0 -118.58156691841921 266.88267844137187 143.1 -110.16342407164893 270.4712578038156 91.82082 99.13786 -999.0 -999.0 -999.0 -999.0 -999.0 303.739877007454 48.89664689448703 303.6268750920543 48.98529540985785 34.967428278278064 310.1551856766621 -999.0 5400.0 -999.0 1 95 {-999.0 -999.0 -999.0 -999.0 -999.0} "" -999.0 -999.0 -999.0 -999.0 -999 -999 "" "" "" "" 0 0 0.0 0.0 -999 ""
FIBERMAP 1034 R+13C2 METROLOGY 0 0 0 1 0 0 -118.82276771870788 266.1855703321813 143.1 -110.4263517286904 269.78203795379494 91.82082 99.13786 -999.0 -999.0 -999.0 -999.0 -999.0 303.7381979069082 48.893587232295516 303.6250847617733 48.982216550689216 34.96565474802755 310.1517963705043 -999.0 6231.0 -999.0 -1 -999 {-999.0 -999.0 -999.0 -999.0 -999.0} "" -999.0 -999.0 -999.0 -999.0 -999 -999 "" "" "" "" 0 0 0.0 0.0 -999 ""
FIBERMAP 1036 R0C17 APOGEE 1 1 0 1 0 0 62.015978870854866 11.359631440908021 143.1 62.34243864284488 9.411185238634259 109.5136 122.0586 304.9142911155509 47.71755809280577 -2.230259 -2.7494395 -0.039433762 304.91428128365334 47.71754993819677 304.80749550332115 47.80857458833629 35.496650632764016 308.55003941406306 16000.0 16600.0 2016.0 2 47 {-999.0 17.699028 15.601595 14.540112 -999.0} sdss_psfmag_ps1 16.648401 15.194871 14.024278 10.93 63050395015873071 1156407499 bright_1x1 mwm_galactic_core_dist_apogee_extra mwm_galactic science 0 0 0.0 0.0 -999 ""
FIBERMAP 1036 R0C17 BOSS 0 0 0 1 0 0 62.472567014824094 11.958616955302304 143.1 62.81757702296073 9.995580696999319 109.5136 122.0586 -999.0 -999.0 -999.0 -999.0 -999.0 304.91716350980033 47.720141288218336 304.8107865479448 47.81122873721855 35.499353655361915 308.55268054740895 -999.0 5400.0 -999.0 1 181 {-999.0 -999.0 -999.0 -999.0 -999.0} "" -999.0 -999.0 -999.0 -999.0 -999 -999 "" "" "" "" 0 0 0.0 0.0 -999 ""
FIBERMAP 1036 R0C17 METROLOGY 0 0 0 1 0 0 62.76074133758301 11.249358667869794 143.1 63.08339238327562 9.277630345027653 109.5136 122.0586 -999.0 -999.0 -999.0 -999.0 -999.0 304.9190306072261 47.716876317344976 304.81255188289407 47.80795147323175 35.499849417802864 308.54844323056625 -999.0 6231.0 -999.0 -1 -999 {-999.0 -999.0 -999.0 -999.0 -999.0} "" -999.0 -999.0 -999.0 -999.0 -999 -999 "" "" "" "" 0 0 0.0 0.0 -999 ""
FIBERMAP 1037 R+4C11 APOGEE 0 0 0 1 0 0 -33.45352881125033 74.64286008548233 143.1 -31.098970675475282 75.65555682532279 178.39352 132.01262 -999.0 -999.0 -999.0 -999.0 -999.0 304.28161340971536 48.02093998955876 304.17275626814893 48.11072554150713 35.14245490285727 309.01915193788574 -999.0 16600.0 -999.0 2 -999 {-999.0 -999.0 -999.0 -999.0 -999.0} "" -999.0 -999.0 -999.0 -999.0 -999 -999 "" "" "" "" 0 0 0.0 0.0 -999 ""
FIBERMAP 1037 R+4C11 BOSS 1 1 0 1 0 0 -33.952594302107045 75.19237822760857 143.1 -31.58058193427759 76.22045042715907 178.39352 132.01262 304.27788792653655 48.02348883853977 -999.0 -999.0 -999.0 304.27788792653655 48.02348883853977 304.16943961008883 48.11332669458432 35.140825093210466 309.02282341850963 5400.0 5400.0 2015.5 1 113 {-999.0 -999.0 -999.0 -999.0 -999.0} "" -999.0 -999.0 -999.0 -999.0 27021603114183701 808300414 "" ops_sky_boss_good ops_sky sky_boss 0 0 0.0 0.0 -999 ""
FIBERMAP 1037 R+4C11 METROLOGY 0 0 0 1 0 0 -33.222405824024676 75.35225711485847 143.1 -30.845731015327576 76.35737551157015 178.39352 132.01262 -999.0 -999.0 -999.0 -999.0 -999.0 304.28301758241344 48.02412251151041 304.1744521212949 48.11395283542979 35.1442289400667 309.0227278597475 -999.0 6231.0 -999.0 -1 -999 {-999.0 -999.0 -999.0 -999.0 -999.0} "" -999.0 -999.0 -999.0 -999.0 -999 -999 "" "" "" "" 0 0 0.0 0.0 -999 ""
FIBERMAP 1039 R-1C4 APOGEE 0 0 0 1 0 0 -214.76801778605306 -28.530752004595048 143.1 -215.55992531963506 -21.788206435516603 219.32043 150.76013 -999.0 -999.0 -999.0 -999.0 -999.0 303.0417691320442 47.570976317304044 302.933503574823 47.6585346994658 34.23338093759305 308.70034752246846 -999.0 16600.0 -999.0 2 -999 {-999.0 -999.0 -999.0 -999.0 -999.0} "" -999.0 -999.0 -999.0 -999.0 -999 -999 "" "" "" "" 0 0 0.0 0.0 -999 ""
FIBERMAP 1039 R-1C4 BOSS 1 1 0 1 0 0 -215.50429810620284 -28.66925092013677 143.1 -216.3001953216939 -21.903570836189868 219.32043 150.76013 303.035774936409 47.57034879789206 -5.2486234 -5.7411313 0.52814925 303.0363584335478 47.57033177017228 302.9285230720887 47.65794767295682 34.22998024810053 308.7005696141142 5400.0 5400.0 2016.0 1 432 {-999.0 13.373934 12.133828 11.584973 -999.0} sdss_psfmag_from_g3xp 12.906503 12.07975 11.1885395 9.196 63050395015939439 996741233 bright_1x1 mwm_bin_gaia_sb_boss mwm_bin science 0 0 1.4732762575149536 0.0 -999 ""
FIBERMAP 1039 R-1C4 METROLOGY 0 0 0 1 0 0 -215.24798290040087 -27.95952922010469 143.1 -216.0217652354273 -21.202216942420748 219.32043 150.76013 -999.0 -999.0 -999.0 -999.0 -999.0 303.03826758605146 47.5735505522274 302.930297365765 47.66115013384666 34.23186592275931 308.7040179506128 -999.0 6231.0 -999.0 -1 -999 {-999.0 -999.0 -999.0 -999.0 -999.0} "" -999.0 -999.0 -999.0 -999.0 -999 -999 "" "" "" "" 0 0 0.0 0.0 -999 ""
FIBERMAP 1040 R+5C11 APOGEE 1 1 0 1 0 0 -17.143287344098 116.73144693812314 143.1 -13.477778855329879 117.21313036454879 162.43672 46.515934 304.4021726179922 48.209769809526826 0.67226434 -7.2317142 0.54027337 304.40217560998383 48.2097483608644 304.2926254143777 48.299719085916486 35.25933183783757 309.2255351933539 16000.0 16600.0 2016.0 2 20 {-999.0 13.10181 11.72366 11.107129 -999.0} sdss_psfmag_from_g3xp 12.550264 11.638869 10.699442 8.499 63050395015911420 1151795973 bright_1x1 mwm_galactic_core_dist_apogee_sparse mwm_galactic science 0 0 0.0 0.0 -999 ""
FIBERMAP 1040 R+5C11 BOSS 0 0 0 1 0 0 -16.481464260144076 117.08527010967236 143.1 -12.80518430369125 117.54604960828493 162.43672 46.515934 -999.0 -999.0 -999.0 -999.0 -999.0 304.40634167477947 48.2112510026783 304.2972142044243 48.301287539147445 35.262639145231105 309.22665779676726 -999.0 5400.0 -999.0 1 137 {-999.0 -999.0 -999.0 -999.0 -999.0} "" -999.0 -999.0 -999.0 -999.0 -999 -999 "" "" "" "" 0 0 0.0 0.0 -999 ""
FIBERMAP 1040 R+5C11 METROLOGY 0 0 0 1 0 0 -16.50023179753444 116.34149994905783 143.1 -12.847246331004062 116.80322071024649 162.43672 46.515934 -999.0 -999.0 -999.0 -999.0 -999.0 304.4061655397193 48.20788598631099 304.29693250956717 48.297906339726 35.261769834253826 309.22264942804634 -999.0 6231.0 -999.0 -1 -999 {-999.0 -999.0 -999.0 -999.0 -999.0} "" -999.0 -999.0 -999.0 -999.0 -999 -999 "" "" "" "" 0 0 0.0 0.0 -999 ""
FIBERMAP 1044 R+13C10 APOGEE 1 1 0 1 0 0 48.16804617829332 263.8235210000751 143.1 56.41114463745045 262.1890448149296 129.44695 109.010605 304.8851113513859 48.86080118696873 -1.3513646 -5.067361 0.15938328 304.8851052591367 48.86078615759809 304.77323358975013 48.95151867708373 35.69876509879111 309.9338041434178 16000.0 16600.0 2016.0 2 50 {-999.0 16.070631 14.260935 13.391958 -999.0} sdss_psfmag_from_g3xp 15.240549 14.006339 12.921303 10.146 63050395016116544 1151796135 bright_1x1 mwm_galactic_core_dist_apogee_sparse mwm_galactic science 0 0 0.0 0.0 -999 ""
FIBERMAP 1044 R+13C10 BOSS 0 0 0 1 0 0 48.5391650475172 264.47239593462416 143.1 56.802417444100286 262.8259838758076 129.44695 109.010605 -999.0 -999.0 -999.0 -999.0 -999.0 304.8873919694986 48.86355461972339 304.7759348183597 48.95434456371719 35.701042691878634 309.93680655205264 -999.0 5400.0 -999.0 1 164 {-999.0 -999.0 -999.0 -999.0 -999.0} "" -999.0 -999.0 -999.0 -999.0 -999 -999 "" "" "" "" 0 0 0.0 0.0 -999 ""
FIBERMAP 1044 R+13C10 METROLOGY 0 0 0 1 0 0 48.91929708852774 263.8257288486649 143.1 57.162107921602235 262.16771382869746 129.44695 109.010605 -999.0 -999.0 -999.0 -999.0 -999.0 304.8899620435363 48.86061742927285 304.7784011266617 48.95139750869188 35.70207409303181 309.93286515369573 -999.0 6231.0 -999.0 -1 -999 {-999.0 -999.0 -999.0 -999.0 -999.0} "" -999.0 -999.0 -999.0 -999.0 -999 -999 "" "" "" "" 0 0 0.0 0.0 -999 ""
FIBERMAP 1046 R+5C21 APOGEE 0 0 0 1 0 0 231.84229036636344 105.08408439378887 143.1 235.02461610357105 97.77021852054416 82.3417 42.649906 -999.0 -999.0 -999.0 -999.0 -999.0 306.08767860963957 48.10488038747045 305.98065824837425 48.19798726834278 36.342258254586284 308.8335474633054 -999.0 16600.0 -999.0 2 -999 {-999.0 -999.0 -999.0 -999.0 -999.0} "" -999.0 -999.0 -999.0 -999.0 -999 -999 "" "" "" "" 0 0 0.0 0.0 -999 ""
FIBERMAP 1046 R+5C21 BOSS 1 1 0 1 0 0 232.2824236972991 104.49496533548178 143.1 235.4460824374206 97.16758924118028 82.3417 42.649906 306.08960627887535 48.10201358731028 98.47982 15.092968 11.77395 306.0900436559408 48.10205835096695 305.9834440286918 48.19522367708336 36.34357106806362 308.82974883165514 5400.0 5400.0 2016.0 1 237 {-999.0 16.840458 15.476132 14.112952 -999.0} sdss_psfmag_ps1 16.27415 14.765004 13.569324 11.36 63050395015666755 1151080525 bright_1x1 mwm_snc_100pc_boss_single mwm_snc science 0 0 0.0 0.0 -999 ""
FIBERMAP 1046 R+5C21 METROLOGY 0 0 0 1 0 0 231.54186843963063 104.40114322029739 143.1 234.70293931748057 97.0970143619651 82.3417 42.649906 -999.0 -999.0 -999.0 -999.0 -999.0 306.0851664123002 48.10184951765642 305.9784487025722 48.19498922009982 36.3402554583671 308.8302287064508 -999.0 6231.0 -999.0 -1 -999 {-999.0 -999.0 -999.0 -999.0 -999.0} "" -999.0 -999.0 -999.0 -999.0 -999 -999 "" "" "" "" 0 0 0.0 0.0 -999 ""
FIBERMAP 1051 R-5C20 APOGEE 1 1 0 1 0 0 175.75088759165794 -108.98237648902273 143.1 172.2528392419717 -114.4371476205611 259.91434 69.378654 305.6393246930423 47.14907377877628 -999.0 -999.0 -999.0 305.6393246930423 47.14907377877628 305.5358241125717 47.24155539632403 35.86350206954308 307.74387584022486 16000.0 16600.0 2015.5 2 233 {-999.0 -999.0 -999.0 -999.0 -999.0} "" -999.0 -999.0 -999.0 -999.0 27021603114172461 830408897 "" ops_sky_apogee_best ops_sky sky_apogee 0 0 0.0 0.0 -999 ""
FIBERMAP 1051 R-5C20 BOSS 0 0 0 1 0 0 175.09066707148088 -108.63737633621143 143.1 171.60374164650761 -114.07162565169025 259.91434 69.378654 -999.0 -999.0 -999.0 -999.0 -999.0 305.63472350023335 47.150683303336365 305.53161747830916 47.24321306162313 35.86103970139818 307.7465905617051 -999.0 5400.0 -999.0 1 278 {-999.0 -999.0 -999.0 -999.0 -999.0} "" -999.0 -999.0 -999.0 -999.0 -999 -999 "" "" "" "" 0 0 0.0 0.0 -999 ""
FIBERMAP 1051 R-5C20 METROLOGY 0 0 0 1 0 0 175.71699778022364 -108.233208981608 143.1 172.2424380364313 -113.68727410764878 259.91434 69.378654 -999.0 -999.0 -999.0 -999.0 -999.0 305.6391191117855 47.152405045736764 305.53589575748 47.24492637772755 35.864230192213334 307.7479376864065 -999.0 6231.0 -999.0 -1 -999 {-999.0 -999.0 -999.0 -999.0 -999.0} "" -999.0 -999.0 -999.0 -999.0 -999 -999 "" "" "" "" 0 0 0.0 0.0 -999 ""
FIBERMAP 1054 R-2C7 APOGEE 1 1 0 1 0 0 -140.8226027769831 -48.63768341669672 143.1 -142.27960962552143 -44.202405858378235 223.86523 130.82477 303.5335992764694 47.47307512881592 -4.0613885 -8.3224125 0.93231326 303.53358145566415 47.47305044523197 303.426281834562 47.56155337639877 34.53559172856223 308.4959911506218 16000.0 16600.0 2016.0 2 255 {-999.0 11.217879 11.175034 11.230785 -999.0} sdss_psfmag_from_g3xp 11.264135 11.137365 10.898602 10.553 63050395015843722 974805494 "" ops_std_apogee ops_std standard_apogee 0 0 0.0 0.0 -999 ""
FIBERMAP 1054 R-2C7 BOSS 0 0 0 1 0 0 -141.56129613515685 -48.554901192937756 143.1 -143.01535845886278 -44.096518611631716 223.86523 130.82477 -999.0 -999.0 -999.0 -999.0 -999.0 303.5281332287932 47.47342166636998 303.421254239292 47.56197960171635 34.532377249237584 308.4974058522057 -999.0 5400.0 -999.0 1 471 {-999.0 -999.0 -999.0 -999.0 -999.0} "" -999.0 -999.0 -999.0 -999.0 -999 -999 "" "" "" "" 0 0 0.0 0.0 -999 ""
FIBERMAP 1054 R-2C7 METROLOGY 0 0 0 1 0 0 -141.1190744521068 -47.95492534958239 143.1 -142.5545486879691 -43.51068317249059 223.86523 130.82477 -999.0 -999.0 -999.0 -999.0 -999.0 303.5313163481263 47.47612349982894 303.4243077232368 47.564668260559536 34.534980879685335 308.5000362028221 -999.0 6231.0 -999.0 -1 -999 {-999.0 -999.0 -999.0 -999.0 -999.0} "" -999.0 -999.0 -999.0 -999.0 -999 -999 "" "" "" "" 0 0 0.0 0.0 -999 ""
FIBERMAP 1056 R-6C9 APOGEE 0 0 0 1 0 0 -56.48779901804007 -122.53120067633682 143.1 -60.30005169349809 -120.7031602736215 205.26738 120.82926 -999.0 -999.0 -999.0 -999.0 -999.0 304.08626351010565 47.12725626748539 303.98107205447167 47.21686536050061 34.826179267505395 307.98663606163353 -999.0 16600.0 -999.0 2 -999 {-999.0 -999.0 -999.0 -999.0 -999.0} "" -999.0 -999.0 -999.0 -999.0 -999 -999 "" "" "" "" 0 0 0.0 0.0 -999 ""
FIBERMAP 1056 R-6C9 BOSS 1 1 0 1 0 0 -57.10888495955012 -122.12351513404849 143.1 -60.90806927234333 -120.27620883064844 205.26738 120.82926 304.08174303481763 47.12908724899932 -2.567957 -3.5771217 -0.07728196 304.08173184005415 47.129076639553524 303.9769485130066 47.21874105486127 34.82385713098895 307.9896126106696 5400.0 5400.0 2016.0 1 399 {-999.0 16.619236 15.581729 15.262494 -999.0} sdss_psfmag_ps1 16.187134 15.735992 14.8170595 13.319 63050395015802545 1093669019 bright_1x1 mwm_astar_core_boss_single mwm_ob science 0 0 0.0 0.0 -999 ""
FIBERMAP 1056 R-6C9 METROLOGY 0 0 0 1 0 0 -56.44085679225472 -121.78658103655413 143.1 -60.22980174373446 -119.96036505393045 205.26738 120.82926 -999.0 -999.0 -999.0 -999.0 -999.0 304.08638348598146 47.13053972108066 303.9814796724329 47.22019430221086 34.82717821045465 307.9905191612869 -999.0 6231.0 -999.0 -1 -999 {-999.0 -999.0 -999.0 -999.0 -999.0} "" -999.0 -999.0 -999.0 -999.0 -999 -999 "" "" "" "" 0 0 0.0 0.0 -999 ""
FIBERMAP 1058 R-4C23 APOGEE 1 1 0 1 0 0 254.49260599485177 -65.76788415876585 143.1 252.31113287879114 -73.71027253182018 66.514366 106.11426 306.17540984993246 47.32722194471694 -2.3738031 -4.0458746 0.17060259 306.17539946280857 47.32720994498926 306.07179775580823 47.42063834383514 36.25501482403144 307.87211118343015 16000.0 16600.0 2016.0 2 221 {-999.0 16.456501 14.063517 12.501697 -999.0} sdss_psfmag_from_g3xp 15.206473 13.185635 11.867059 8.221 63050395015387284 1151795425 bright_1x1 mwm_galactic_core_dist_apogee_sparse mwm_galactic science 0 0 0.0 0.0 -999 ""
FIBERMAP 1058 R-4C23 BOSS 0 0 0 1 0 0 255.2228999800958 -65.8485064064935 143.1 253.0385540036223 -73.81373766380159 66.514366 106.11426 -999.0 -999.0 -999.0 -999.0 -999.0 306.1797781689208 47.3266206429967 306.07658729647443 47.42011101422971 36.25809188329328 307.8706907124357 -999.0 5400.0 -999.0 1 252 {-999.0 -999.0 -999.0 -999.0 -999.0} "" -999.0 -999.0 -999.0 -999.0 -999 -999 "" "" "" "" 0 0 0.0 0.0 -999 ""
FIBERMAP 1058 R-4C23 METROLOGY 0 0 0 1 0 0 254.78944214156854 -66.45770422344798 143.1 252.58621497704968 -74.4090652806572 66.514366 106.11426 -999.0 -999.0 -999.0 -999.0 -999.0 306.17679631872375 47.3239887181266 306.0734986320269 47.41745892758512 36.255527573542714 307.86796652680636 -999.0 6231.0 -999.0 -1 -999 {-999.0 -999.0 -999.0 -999.0 -999.0} "" -999.0 -999.0 -999.0 -999.0 -999 -999 "" "" "" "" 0 0 0.0 0.0 -999 ""
FIBERMAP 1063 R0C13 APOGEE 1 1 0 1 0 0 -21.009023565857767 -11.471501633100672 143.1 -21.358464351510964 -10.807809990112911 263.74997 130.9547 304.34724903474904 47.62718343471744 -999.0 -999.0 -999.0 304.34724903474904 47.62718343471744 304.2401929709227 47.71717378553045 35.104653674086066 308.5370330279283 16000.0 16600.0 2015.5 2 292 {-999.0 -999.0 -999.0 -999.0 -999.0} "" -999.0 -999.0 -999.0 -999.0 27021603114181041 840306757 "" ops_sky_apogee_best ops_sky sky_apogee 0 0 0.0 0.0 -999 ""
FIBERMAP 1063 R0C13 BOSS 0 0 0 1 0 0 -21.604073997488786 -11.912116375172653 143.1 -21.96703727044855 -11.229571667882828 263.74997 130.9547 -999.0 -999.0 -999.0 -999.0 -999.0 304.3426913480698 47.6251978288582 304.2360599847991 47.715241122690706 35.101528706021156 308.53543851110936 -999.0 5400.0 -999.0 1 430 {-999.0 -999.0 -999.0 -999.0 -999.0} "" -999.0 -999.0 -999.0 -999.0 -999 -999 "" "" "" "" 0 0 0.0 0.0 -999 ""
FIBERMAP 1063 R0C13 METROLOGY 0 0 0 1 0 0 -21.700578054922044 -11.175679261251918 143.1 -22.040421845590693 -10.490460706647372 263.74997 130.9547 -999.0 -999.0 -999.0 -999.0 -999.0 304.3423227075069 47.628584044210236 304.2355567981964 47.71860864331903 35.10190616609315 308.5395495575149 -999.0 6231.0 -999.0 -1 -999 {-999.0 -999.0 -999.0 -999.0 -999.0} "" -999.0 -999.0 -999.0 -999.0 -999 -999 "" "" "" "" 0 0 0.0 0.0 -999 ""
FIBERMAP 1068 R-2C8 APOGEE 0 0 0 1 0 0 -98.64793552252542 -55.9304133168402 143.1 -100.35346478427358 -52.81306593802962 18.892834 27.394154 -999.0 -999.0 -999.0 -999.0 -999.0 303.81544342329846 47.435167048751055 303.7086209046569 47.52420547784681 34.71332308253557 308.40083955656564 -999.0 16600.0 -999.0 2 -999 {-999.0 -999.0 -999.0 -999.0 -999.0} "" -999.0 -999.0 -999.0 -999.0 -999 -999 "" "" "" "" 0 0 0.0 0.0 -999 ""
FIBERMAP 1068 R-2C8 BOSS 1 1 0 1 0 0 -99.16394903077692 -56.475538766045766 143.1 -100.88631279066222 -53.34176502835963 18.892834 27.394154 303.81139522910587 47.432662128212534 -999.0 -999.0 -999.0 303.81139522910587 47.432662128212534 303.705004335915 47.521757777035994 34.71040521626438 308.3985825873555 5400.0 5400.0 2015.5 1 450 {-999.0 -999.0 -999.0 -999.0 -999.0} "" -999.0 -999.0 -999.0 -999.0 27021603114181318 808300292 "" ops_sky_boss_good ops_sky sky_boss 0 0 0.0 0.0 -999 ""
FIBERMAP 1068 R-2C8 METROLOGY 0 0 0 1 0 0 -99.3753506978831 -55.764494230623015 143.1 -101.07533599218947 -52.624434675987054 18.892834 27.394154 -999.0 -999.0 -999.0 -999.0 -999.0 303.81022524994535 47.4359432083002 303.7036982521475 47.52501776183873 34.710256539573436 308.40268688419815 -999.0 6231.0 -999.0 -1 -999 {-999.0 -999.0 -999.0 -999.0 -999.0} "" -999.0 -999.0 -999.0 -999.0 -999 -999 "" "" "" "" 0 0 0.0 0.0 -999 ""
FIBERMAP 1069 R+11C10 APOGEE 1 1 0 1 0 0 13.973537108414238 211.30957421765277 143.1 20.58753749330414 210.77140297174378 231.22195 61.85701 304.63749572462166 48.63205326261607 -3.2949865 -2.9924858 0.15293972 304.63748093755805 48.632044387151495 304.5263311795452 48.722364670414265 35.49518956591394 309.69571944444755 16000.0 16600.0 2016.0 2 18 {-999.0 16.731373 14.862021 13.948878 -999.0} sdss_psfmag_from_g3xp 15.855962 14.567725 13.462028 10.62 63050395015928242 1151796089 bright_1x1 mwm_galactic_core_dist_apogee_sparse mwm_galactic science 0 0 0.0 0.0 -999 ""
FIBERMAP 1069 R+11C10 BOSS 0 0 0 1 0 0 13.668427500481531 211.9841543054996 143.1 20.303708372558688 211.45522220146378 231.22195 61.85701 -999.0 -999.0 -999.0 -999.0 -999.0 304.6351324345167 48.635114380199326 304.52439095531753 48.72548542879649 35.49454353142622 309.69978565418825 -999.0 5400.0 -999.0 1 109 {-999.0 -999.0 -999.0 -999.0 -999.0} "" -999.0 -999.0 -999.0 -999.0 -999 -999 "" "" "" "" 0 0 0.0 0.0 -999 ""
FIBERMAP 1069 R+11C10 METROLOGY 0 0 0 1 0 0 14.409631306145702 211.9254396077965 143.1 21.042720531749435 211.37331239409565 231.22195 61.85701 -999.0 -999.0 -999.0 -999.0 -999.0 304.64032331594854 48.63473413723535 304.52946944584113 48.72509908607711 35.497753813738235 309.6985170823813 -999.0 6231.0 -999.0 -1 -999 {-999.0 -999.0 -999.0 -999.0 -999.0} "" -999.0 -999.0 -999.0 -999.0 -999 -999 "" "" "" "" 0 0 0.0 0.0 -999 ""
FIBERMAP 1070 R+9C13 APOGEE 1 1 0 1 0 0 63.883576834979856 174.91969726862985 143.1 69.33372491135012 172.83505482671882 187.81778 107.6202 304.9703055730347 48.4592819231059 -0.90167946 -4.8166943 0.16755645 304.9703015403169 48.459267637191665 304.8603321906389 48.55024161432333 35.67824274670966 309.43534847653984 16000.0 16600.0 2016.0 2 55 {-999.0 17.049671 15.056598 14.123939 -999.0} sdss_psfmag_ps1 16.074553 14.68595 13.543535 10.624 63050395016084491 1153345569 bright_1x1 mwm_galactic_core_dist_apogee_sparse mwm_galactic science 0 0 0.0 0.0 -999 ""
FIBERMAP 1070 R+9C13 BOSS 0 0 0 1 0 0 63.579681454794915 175.5903705587293 143.1 69.05098703599482 173.51493107067134 187.81778 107.6202 -999.0 -999.0 -999.0 -999.0 -999.0 304.9680077307124 48.46234646478866 304.85844268355896 48.553370463110085 35.67762119316888 309.4394254261981 -999.0 5400.0 -999.0 1 152 {-999.0 -999.0 -999.0 -999.0 -999.0} "" -999.0 -999.0 -999.0 -999.0 -999 -999 "" "" "" "" 0 0 0.0 0.0 -999 ""
FIBERMAP 1070 R+9C13 METROLOGY 0 0 0 1 0 0 64.3236599291904 175.52165141801072 143.1 69.79245909232345 173.42293463740936 187.81778 107.6202 -999.0 -999.0 -999.0 -999.0 -999.0 304.9731910598844 48.461898455917975 304.8635151031664 48.55291656692346 35.680827481337566 309.438077430971 -999.0 6231.0 -999.0 -1 -999 {-999.0 -999.0 -999.0 -999.0 -999.0} "" -999.0 -999.0 -999.0 -999.0 -999 -999 "" "" "" "" 0 0 0.0 0.0 -999 ""
FIBERMAP 1078 R-3C9 APOGEE 1 1 0 1 0 0 -70.39241879869564 -63.515614465638954 143.1 -72.34902322416733 -61.27995108122867 295.1315 145.74988 304.0039549432758 47.39715211434777 -3.6606097 -4.125253 0.12672722 304.00393890418616 47.397139879189105 303.897491880499 47.48653852636481 34.82965995684399 308.32229434822 16000.0 16600.0 2016.0 2 245 {-999.0 16.448624 14.750347 13.956026 -999.0} sdss_psfmag_from_g3xp 15.691143 14.550788 13.507588 10.947 63050395015820996 1151795851 bright_1x1 mwm_galactic_core_dist_apogee_sparse mwm_galactic science 0 0 0.0 0.0 -999 ""
FIBERMAP 1078 R-3C9 BOSS 0 0 0 1 0 0 -70.4952295602076 -64.24666939624898 143.1 -72.47469017318623 -62.00743759153614 295.1315 145.74988 -999.0 -999.0 -999.0 -999.0 -999.0 304.00263882044993 47.393735268467125 303.8966282298369 47.48319568794114 34.828365651439064 308.31847291026855 -999.0 5400.0 -999.0 1 470 {-999.0 -999.0 -999.0 -999.0 -999.0} "" -999.0 -999.0 -999.0 -999.0 -999 -999 "" "" "" "" 0 0 0.0 0.0 -999 ""
FIBERMAP 1078 R-3C9 METROLOGY 0 0 0 1 0 0 -71.07225169312333 -63.77264810139183 143.1 -73.0365864753902 -61.51556248504236 295.1315 145.74988 -999.0 -999.0 -999.0 -999.0 -999.0 303.99897783784735 47.395989677755665 303.8928334928162 47.48542479748131 34.82634542941637 308.32180111054987 -999.0 6231.0 -999.0 -1 -999 {-999.0 -999.0 -999.0 -999.0 -999.0} "" -999.0 -999.0 -999.0 -999.0 -999 -999 "" "" "" "" 0 0 0.0 0.0 -999 ""
FIBERMAP 1081 R-1C22 APOGEE 1 1 0 1 0 0 204.22234516883918 -6.580273765636839 143.1 203.9191816699283 -12.975732309455138 86.129944 66.66922 305.86470417396623 47.606614567521575 -1.6844417 -2.282171 0.20479503 305.8646967640193 47.60660779879211 305.75953347650943 47.69940871759846 36.102327553241 308.26152761335976 16000.0 16600.0 2016.0 2 196 {-999.0 17.520874 15.353925 14.233858 -999.0} sdss_psfmag_ps1 16.377028 14.819682 13.62426 10.38 63050395015397915 1153345282 bright_1x1 mwm_galactic_core_dist_apogee_sparse mwm_galactic science 0 0 0.0 0.0 -999 ""
FIBERMAP 1081 R-1C22 BOSS 0 0 0 1 0 0 204.88486280059976 -6.919088004151243 143.1 204.57076909969226 -13.335143273839172 86.129944 66.66922 -999.0 -999.0 -999.0 -999.0 -999.0 305.86865746024614 47.604861356045376 305.76391387564325 47.6977240488096 36.10489327805081 308.2587747525275 -999.0 5400.0 -999.0 1 313 {-999.0 -999.0 -999.0 -999.0 -999.0} "" -999.0 -999.0 -999.0 -999.0 -999 -999 "" "" "" "" 0 0 0.0 0.0 -999 ""
FIBERMAP 1081 R-1C22 METROLOGY 0 0 0 1 0 0 204.25849277027044 -7.331342101738272 143.1 203.93178003741068 -13.727576488121407 86.129944 66.66922 -999.0 -999.0 -999.0 -999.0 -999.0 305.864439050333 47.603154242412195 305.75958211410165 47.69599420783141 36.10169773946513 308.2573738881842 -999.0 6231.0 -999.0 -1 -999 {-999.0 -999.0 -999.0 -999.0 -999.0} "" -999.0 -999.0 -999.0 -999.0 -999 -999 "" "" "" "" 0 0 0.0 0.0 -999 ""
FIBERMAP 1083 R-3C10 APOGEE 0 0 0 1 0 0 -62.45411376550052 -37.56017264185828 143.1 -63.601266600469685 -35.585555276665175 177.52557 27.316326 -999.0 -999.0 -999.0 -999.0 -999.0 304.06219907184214 47.51418406168727 303.9553093605661 47.60366679540856 34.8930376233359 308.45141723343255 -999.0 16600.0 -999.0 2 -999 {-999.0 -999.0 -999.0 -999.0 -999.0} "" -999.0 -999.0 -999.0 -999.0 -999 -999 "" "" "" "" 0 0 0.0 0.0 -999 ""
FIBERMAP 1083 R-3C10 BOSS 1 1 0 1 0 0 -61.77830695262154 -37.241317970891494 143.1 -62.9157905754788 -35.28802605608775 177.52557 27.316326 304.065801774311 47.51548299172518 0.7273757 -6.0494413 1.17051 304.0663413267188 47.51546504958577 303.9598737541677 47.605018186448035 34.89633349201587 308.4522208009176 5400.0 5400.0 2016.0 1 447 {-999.0 12.363116 12.10643 12.049144 -999.0} sdss_psfmag_from_g3xp 12.3527355 12.118922 11.725711 11.044 63050395015849223 996741221 bright_1x1 mwm_bin_gaia_sb_boss mwm_bin science 0 0 1.304105281829834 0.0 -999 ""
FIBERMAP 1083 R-3C10 METROLOGY 0 0 0 1 0 0 -61.84491529763017 -37.99091526484353 143.1 -63.005853261346076 -36.03518039766193 177.52557 27.316326 -999.0 -999.0 -999.0 -999.0 -999.0 304.0658780075813 47.51208328440597 303.959304900544 47.60161829091902 34.895228949498176 308.4482726321912 -999.0 6231.0 -999.0 -1 -999 {-999.0 -999.0 -999.0 -999.0 -999.0} "" -999.0 -999.0 -999.0 -999.0 -999 -999 "" "" "" "" 0 0 0.0 0.0 -999 ""
FIBERMAP 1085 R-2C13 APOGEE 0 0 0 1 0 0 10.236961488890456 -26.785685233947838 143.1 9.392864950332447 -27.093702493356677 69.96576 95.15997 -999.0 -999.0 -999.0 -999.0 -999.0 304.55479276677283 47.55267490610881 304.44829929255684 47.64306693819901 35.22611834576055 308.4124689287476 -999.0 16600.0 -999.0 2 -999 {-999.0 -999.0 -999.0 -999.0 -999.0} "" -999.0 -999.0 -999.0 -999.0 -999 -999 "" "" "" "" 0 0 0.0 0.0 -999 ""
FIBERMAP 1085 R-2C13 BOSS 1 1 0 1 0 0 10.958147249099513 -26.950561670910346 143.1 10.108542369436611 -27.281096424685213 69.96576 95.15997 304.5592217883289 47.551744438097764 -2.5835633 -3.3789454 0.115223035 304.5592104350043 47.5517344164266 304.4531451157412 47.64219516455489 35.22912904825879 308.41059034430236 5400.0 5400.0 2016.0 1 355 {-999.0 16.093147 15.575036 15.180291 -999.0} sdss_psfmag_ps1 15.926448 15.498681 14.887533 13.929 63050395015869409 1068524506 bright_1x1 mwm_ob_core_boss_single mwm_ob science 0 0 0.0 0.0 -999 ""
FIBERMAP 1085 R-2C13 METROLOGY 0 0 0 1 0 0 10.444629467694279 -27.502299489381915 143.1 9.57798172939794 -27.81648293854463 69.96576 95.15997 -999.0 -999.0 -999.0 -999.0 -999.0 304.55573071945923 47.54932386681679 304.4495530566568 47.639761565909794 35.2262538575701 308.40829584096304 -999.0 6231.0 -999.0 -1 -999 {-999.0 -999.0 -999.0 -999.0 -999.0} "" -999.0 -999.0 -999.0 -999.0 -999 -999 "" "" "" "" 0 0 0.0 0.0 -999 ""
FIBERMAP 1086 R-3C15 APOGEE 0 0 0 1 0 0 59.36365270438063 -73.39528460441961 143.1 57.03587710085503 -75.22037582557995 299.6992 99.018814 -999.0 -999.0 -999.0 -999.0 -999.0 304.8736799674139 47.33244804777469 304.768502943003 47.42347788698856 35.39178002881256 308.09406450579036 -999.0 16600.0 -999.0 2 -999 {-999.0 -999.0 -999.0 -999.0 -999.0} "" -999.0 -999.0 -999.0 -999.0 -999 -999 "" "" "" "" 0 0 0.0 0.0 -999 ""
FIBERMAP 1086 R-3C15 BOSS 1 1 0 1 0 0 58.78499060543797 -73.872691453473 143.1 56.442531980736796 -75.67942560654028 299.6992 99.018814 304.8693126922842 47.33030730096573 -3.967339 -8.426564 0.47372693 304.8692953312661 47.33028230847651 304.7645372255573 47.421364274069916 35.388715786958436 308.09221337723375 5400.0 5400.0 2016.0 1 274 {-999.0 16.900543 16.118322 15.784612 15.584008} sdss_psfmag_from_ps1dr2 16.6608 16.1199 15.4209 14.103 63050395015411633 1038702911 "" ops_std_boss_ps1dr2 ops_std standard_boss 0 0 0.0 0.0 -999 ""
FIBERMAP 1086 R-3C15 METROLOGY 0 0 0 1 0 0 58.66178968787363 -73.14220302355781 143.1 56.34227684400249 -74.94542405247823 299.6992 99.018814 -999.0 -999.0 -999.0 -999.0 -999.0 304.868774069133 47.33364740304253 304.7638835003258 47.42471068467403 35.38897953129478 308.09634122399706 -999.0 6231.0 -999.0 -1 -999 {-999.0 -999.0 -999.0 -999.0 -999.0} "" -999.0 -999.0 -999.0 -999.0 -999 -999 "" "" "" "" 0 0 0.0 0.0 -999 ""
FIBERMAP 1091 R+10C17 APOGEE 1 1 0 1 0 0 193.28834486857218 181.57174824309303 143.1 198.88545153899432 175.42950642382954 0.33814335 67.370476 305.85266902971716 48.45944484123181 -1.8898398 -5.994578 0.18352203 305.8526605774735 48.45942706181257 305.7437985773519 48.55202935730536 36.252901124134034 309.30129387173326 16000.0 16600.0 2016.0 2 49 {-999.0 17.034403 14.588323 12.028426 -999.0} sdss_psfmag_from_g3xp 15.78931 12.633953 11.141957 7.002 63050395015689237 1151795639 bright_1x1 mwm_galactic_core_dist_apogee_sparse mwm_galactic science 0 0 0.0 0.0 -999 ""
FIBERMAP 1091 R+10C17 BOSS 0 0 0 1 0 0 193.0307072073076 180.87629719937928 143.1 198.6061467458225 174.74245784309113 0.33814335 67.370476 -999.0 -999.0 -999.0 -999.0 -999.0 305.8503106681802 48.4563314409812 305.74187207848234 48.548981068047574 36.251088026936294 309.2978683605752 -999.0 5400.0 -999.0 1 170 {-999.0 -999.0 -999.0 -999.0 -999.0} "" -999.0 -999.0 -999.0 -999.0 -999 -999 "" "" "" "" 0 0 0.0 0.0 -999 ""
FIBERMAP 1091 R+10C17 METROLOGY 0 0 0 1 0 0 192.54671967273384 181.45360169227888 143.1 198.1404768690144 175.33465218442242 0.33814335 67.370476 -999.0 -999.0 -999.0 -999.0 -999.0 305.8473258128236 48.45906272040425 305.73875446439615 48.551691834216534 36.24955703519559 309.30164244144794 -999.0 6231.0 -999.0 -1 -999 {-999.0 -999.0 -999.0 -999.0 -999.0} "" -999.0 -999.0 -999.0 -999.0 -999 -999 "" "" "" "" 0 0 0.0 0.0 -999 ""
FIBERMAP 1092 R-7C20 APOGEE 0 0 0 1 0 0 223.52394105088672 -122.4198044189956 143.1 219.58218902761686 -129.36499295140095 80.45619 83.798096 -999.0 -999.0 -999.0 -999.0 -999.0 305.9495298124587 47.078603967852835 305.84669466719424 47.17167000606895 36.05638104662167 307.6069497508166 -999.0 16600.0 -999.0 2 200 {-999.0 -999.0 -999.0 -999.0 -999.0} "" -999.0 -999.0 -999.0 -999.0 -999 -999 "" "" "" "" 0 0 0.0 0.0 -999 ""
FIBERMAP 1092 R-7C20 BOSS 1 1 0 1 0 0 224.20916280905482 -122.69859329212808 143.1 220.25835048283213 -129.6651184123964 80.45619 83.798096 305.9535216053656 47.077135739946065 4.1042533 1.7023677 2.9494886 305.95353948002025 47.07714078902544 305.85111815594183 47.170270832348365 36.05904889987933 307.6045122853223 5400.0 5400.0 2016.0 1 332 {-999.0 17.521002 15.996337 15.023775 -999.0} sdss_psfmag_ps1 16.88775 15.613759 14.490668 12.349 63050395015381074 1035021130 bright_1x1 mwm_yso_pms_boss_sagitta_edr3_single mwm_yso science 0 0 0.0 0.0 -999 ""
FIBERMAP 1092 R-7C20 METROLOGY 0 0 0 1 0 0 223.62288806577052 -123.15965957392518 143.1 219.65790830773682 -130.1075968716897 80.45619 83.798096 -999.0 -999.0 -999.0 -999.0 -999.0 305.94961684930547 47.07520526039406 305.84708522188834 47.16831217201754 36.055971787676484 307.6028141834454 -999.0 6231.0 -999.0 -1 -999 {-999.0 -999.0 -999.0 -999.0 -999.0} "" -999.0 -999.0 -999.0 -999.0 -999 -999 "" "" "" "" 0 0 0.0 0.0 -999 ""
FIBERMAP 1094 R+1C19 APOGEE 0 0 0 1 0 0 125.27911797826779 10.716332305240169 143.1 125.55537587919571 6.7860652575688025 239.00679 153.53667 -999.0 -999.0 -999.0 -999.0 -999.0 305.34115358759357 47.702407603384785 305.2349435394352 47.794224778885024 35.7750424990593 308.4618229584361 -999.0 16600.0 -999.0 2 -999 {-999.0 -999.0 -999.0 -999.0 -999.0} "" -999.0 -999.0 -999.0 -999.0 -999 -999 "" "" "" "" 0 0 0.0 0.0 -999 ""
FIBERMAP 1094 R+1C19 BOSS 1 1 0 1 0 0 124.65526799065844 10.31756520978419 143.1 124.91932823019663 6.4070336832510675 239.00679 153.53667 305.3364986187845 47.700669948631976 -999.0 -999.0 -999.0 305.3364986187845 47.70066994863197 305.23070325567454 47.79253507134342 35.771915067017844 308.4604787956209 5400.0 5400.0 2015.5 1 232 {-999.0 -999.0 -999.0 -999.0 -999.0} "" -999.0 -999.0 -999.0 -999.0 27021603114173508 808299787 "" ops_sky_boss_good ops_sky sky_boss 0 0 0.0 0.0 -999 ""
FIBERMAP 1094 R+1C19 METROLOGY 0 0 0 1 0 0 124.61229572814322 11.051011356348251 143.1 124.89935631406527 7.1414778684927125 239.00679 153.53667 -999.0 -999.0 -999.0 -999.0 -999.0 305.3365339680892 47.70402790870752 305.23060718480014 47.795876469679555 35.772515224428155 308.46453093316694 -999.0 6231.0 -999.0 -1 -999 {-999.0 -999.0 -999.0 -999.0 -999.0} "" -999.0 -999.0 -999.0 -999.0 -999 -999 "" "" "" "" 0 0 0.0 0.0 -999 ""
FIBERMAP 1095 R+5C8 APOGEE 0 0 0 1 0 0 -83.08697717659018 79.87415513035312 143.1 -80.54494189260558 82.43945559921019 287.71286 79.81481 -999.0 -999.0 -999.0 -999.0 -999.0 303.94501689424425 48.051121530537934 303.8356347755951 48.14027252471297 34.928503326534766 309.11164697861767 -999.0 16600.0 -999.0 2 -999 {-999.0 -999.0 -999.0 -999.0 -999.0} "" -999.0 -999.0 -999.0 -999.0 -999 -999 "" "" "" "" 0 0 0.0 0.0 -999 ""
FIBERMAP 1095 R+5C8 BOSS 1 1 0 1 0 0 -83.82386529916815 79.76640944546764 143.1 -81.2848558648715 82.3548488665044 287.71286 79.81481 303.9378278228589 48.050649875273145 170.65762 14.286228 15.059154 303.9395069814899 48.05069224454908 303.83054412598665 48.13989702638487 34.925103074456935 309.1120686652242 5400.0 5400.0 2016.0 1 65 {-999.0 10.790203 10.032005 9.773963 -999.0} sdss_psfmag_from_g3xp 10.574949 10.082315 9.43039 8.185 63050395015912853 1150989654 bright_1x1 mwm_snc_100pc_boss_single mwm_snc science 0 0 2.218738079071045 0.0 -999 ""
FIBERMAP 1095 R+5C8 METROLOGY 0 0 0 1 0 0 -83.54951535901596 80.45957840483925 143.1 -80.98891823121771 83.03909282669883 287.71286 79.81481 -999.0 -999.0 -999.0 -999.0 -999.0 303.9416336047733 48.05382284086026 303.8325420645215 48.14301082936711 34.927060071520984 309.11544068363355 -999.0 6231.0 -999.0 -1 -999 {-999.0 -999.0 -999.0 -999.0 -999.0} "" -999.0 -999.0 -999.0 -999.0 -999 -999 "" "" "" "" 0 0 0.0 0.0 -999 ""
FIBERMAP 1096 R+1C25 APOGEE 0 0 0 1 0 0 272.30062054736334 32.7299053405505 143.1 273.19676898221036 24.182785096143878 93.17136 54.05367 -999.0 -999.0 -999.0 -999.0 -999.0 306.330952327265 47.76749323709151 306.2256845462431 47.861115140003314 36.440614880794506 308.38450922593705 -999.0 16600.0 -999.0 2 -999 {-999.0 -999.0 -999.0 -999.0 -999.0} "" -999.0 -999.0 -999.0 -999.0 -999 -999 "" "" "" "" 0 0 0.0 0.0 -999 ""
FIBERMAP 1096 R+1C25 BOSS 1 1 0 1 0 0 272.93412234784967 32.34340859977961 143.1 273.81786039925066 23.77662338425787 93.17136 54.05367 306.33402778846533 47.76556403616973 -2.5226624 -11.710941 0.6609701 306.33458378084237 47.765529302492254 306.22973307746264 47.85920991023729 36.44292775624389 308.38155220651913 5400.0 5400.0 2016.0 1 184 {-999.0 13.13974 12.220935 11.86549 -999.0} sdss_psfmag_from_g3xp 12.845322 12.243892 11.503152 9.978 63050395015627412 996779771 bright_1x1 mwm_bin_gaia_sb_boss mwm_bin science 0 0 1.3723236322402954 0.0 -999 ""
FIBERMAP 1096 R+1C25 METROLOGY 0 0 0 1 0 0 272.28612542004964 31.98394832315877 143.1 273.158908818413 23.43763651912388 93.17136 54.05367 -999.0 -999.0 -999.0 -999.0 -999.0 306.3302819802271 47.764093955429544 306.2253175200665 47.85775228472647 36.43974507350446 308.38045971463896 -999.0 6231.0 -999.0 -1 -999 {-999.0 -999.0 -999.0 -999.0 -999.0} "" -999.0 -999.0 -999.0 -999.0 -999 -999 "" "" "" "" 0 0 0.0 0.0 -999 ""
FIBERMAP 1098 R+5C1 APOGEE 1 1 0 1 0 0 -224.90557353707914 91.97269021170409 143.1 -221.91711779252364 98.9756279412387 321.95108 129.82715 302.9875630099465 48.11759219723264 -0.5602838 -9.878119 1.0961201 302.987560520815 48.117562899552674 302.87679761407384 48.20490339115216 34.31786189860975 309.3552058415002 16000.0 16600.0 2016.0 2 122 {-999.0 12.187962 11.860634 11.692871 -999.0} sdss_psfmag_from_g3xp 12.16145 11.872645 11.406325 10.367 63050395015966579 1110808026 bright_flexible_3x1 manual_mwm_planet_tess_eb_apogee mwm_planet science 0 0 0.0 0.0 -999 ""
FIBERMAP 1098 R+5C1 BOSS 0 0 0 1 0 0 -224.86989551626198 91.23082727503873 143.1 -221.90470036404707 98.2329995026157 321.95108 129.82715 -999.0 -999.0 -999.0 -999.0 -999.0 302.9872283458058 48.1141538570368 302.87691765921073 48.20155983587999 34.31720556499037 309.35123516869106 -999.0 5400.0 -999.0 1 1 {-999.0 -999.0 -999.0 -999.0 -999.0} "" -999.0 -999.0 -999.0 -999.0 -999 -999 "" "" "" "" 0 0 0.0 0.0 -999 ""
FIBERMAP 1098 R+5C1 METROLOGY 0 0 0 1 0 0 -225.5429340282762 91.56884092744332 143.1 -222.56682876077852 98.5919398956386 321.95108 129.82715 -999.0 -999.0 -999.0 -999.0 -999.0 302.9828883081105 48.11572781497729 302.87244192064287 48.20310670896707 34.314635185954344 309.35385573795406 -999.0 6231.0 -999.0 -1 -999 {-999.0 -999.0 -999.0 -999.0 -999.0} "" -999.0 -999.0 -999.0 -999.0 -999 -999 "" "" "" "" 0 0 0.0 0.0 -999 ""
FIBERMAP 1100 R-9C17 APOGEE 0 0 0 1 0 0 187.01905510521482 -173.73061140139464 143.1 181.486998428418 -179.5076789414527 46.924404 65.45127 -999.0 -999.0 -999.0 -999.0 -999.0 305.6901490350738 46.85512218998701 305.5879372547231 46.94775839661243 35.838489831905626 307.38007940298525 -999.0 16600.0 -999.0 2 -999 {-999.0 -999.0 -999.0 -999.0 -999.0} "" -999.0 -999.0 -999.0 -999.0 -999 -999 "" "" "" "" 0 0 0.0 0.0 -999 ""
FIBERMAP 1100 R-9C17 BOSS 1 1 0 1 0 0 187.31367678026476 -174.4284345002969 143.1 181.7596163600278 -180.21440154090084 46.924404 65.45127 305.691441288972 46.85186768800341 -1.6076251 -0.87362915 0.53674525 305.69143431693914 46.85186509689186 305.58964216142203 46.94456226835237 35.8389742166592 307.37592631194735 5400.0 5400.0 2016.0 1 269 {-999.0 18.167585 17.172329 16.78218 16.522102} sdss_psfmag_from_ps1dr2 17.8451 17.1945 16.4142 14.96 63050395015365263 1038702391 "" ops_std_boss_ps1dr2 ops_std standard_boss 0 0 0.0 0.0 -999 ""
FIBERMAP 1100 R-9C17 METROLOGY 0 0 0 1 0 0 186.5661677142411 -174.323532131011 143.1 181.0157490622003 -180.08612844545203 46.924404 65.45127 -999.0 -999.0 -999.0 -999.0 -999.0 305.68667741290267 46.85249668445893 305.58476248434664 46.945168508762336 35.835837803307406 307.37750027203026 -999.0 6231.0 -999.0 -1 -999 {-999.0 -999.0 -999.0 -999.0 -999.0} "" -999.0 -999.0 -999.0 -999.0 -999 -999 "" "" "" "" 0 0 0.0 0.0 -999 ""
FIBERMAP 1101 R-12C14 APOGEE 1 1 0 1 0 0 120.69912207607527 -223.5569191550519 143.1 113.63743271216946 -227.2324218643065 170.01778 90.27605 305.2370596771983 46.64374814521165 -3.5636814 -3.4344237 0.2687648 305.2370442815984 46.643737958995914 305.1351874878125 46.735583709893724 35.49136095565796 307.2041655314691 16000.0 16600.0 2016.0 2 213 {-999.0 16.463688 14.519076 13.569031 -999.0} sdss_psfmag_from_g3xp 15.535627 14.191044 13.062591 10.086 63050395015320300 1151795252 bright_1x1 mwm_galactic_core_dist_apogee_sparse mwm_galactic science 0 0 0.0 0.0 -999 ""
FIBERMAP 1101 R-12C14 BOSS 0 0 0 1 0 0 120.78682220063276 -222.8263493139735 143.1 113.74798100235964 -226.50494677485625 170.01778 90.27605 -999.0 -999.0 -999.0 -999.0 -999.0 305.23746236511175 46.64691300790408 305.1360004595979 46.73881947773588 35.49259219096123 307.2079039435595 -999.0 5400.0 -999.0 1 256 {-999.0 -999.0 -999.0 -999.0 -999.0} "" -999.0 -999.0 -999.0 -999.0 -999 -999 "" "" "" "" 0 0 0.0 0.0 -999 ""
FIBERMAP 1101 R-12C14 METROLOGY 0 0 0 1 0 0 121.39276215999091 -223.26280932335197 143.1 114.33995824652541 -226.96018447299275 170.01778 90.27605 -999.0 -999.0 -999.0 -999.0 -999.0 305.24141363462934 46.644880176567106 305.13984913300686 46.736777166107935 35.4947363995496 307.20476520555735 -999.0 6231.0 -999.0 -1 -999 {-999.0 -999.0 -999.0 -999.0 -999.0} "" -999.0 -999.0 -999.0 -999.0 -999 -999 "" "" "" "" 0 0 0.0 0.0 -999 ""
FIBERMAP 1103 R-2C9 APOGEE 1 1 0 1 0 0 -83.41870207663139 -54.45168982774301 143.1 -85.08513379023368 -51.812198843604506 320.0202 87.177666 303.9180303643215 47.440036886616205 -2.8312352 -3.966252 0.13055237 303.91801794905734 47.440025123042055 303.8112886763333 47.529254271079225 34.78208484799102 308.38846404251734 16000.0 16600.0 2016.0 2 258 {-999.0 17.20066 15.300637 14.425369 -999.0} sdss_psfmag_ps1 16.286976 14.897794 13.754885 10.95 63050395015847912 1153345475 bright_1x1 mwm_galactic_core_dist_apogee_sparse mwm_galactic science 0 0 0.0 0.0 -999 ""
FIBERMAP 1103 R-2C9 BOSS 0 0 0 1 0 0 -83.9151017521908 -54.98204211664189 143.1 -85.59791441472919 -52.32674632000574 320.0202 87.177666 -999.0 -999.0 -999.0 -999.0 -999.0 303.9141030708983 47.43758650356705 303.8078042332143 47.526872582585625 34.77927095089037 308.3862557054774 -999.0 5400.0 -999.0 1 449 {-999.0 -999.0 -999.0 -999.0 -999.0} "" -999.0 -999.0 -999.0 -999.0 -999 -999 "" "" "" "" 0 0 0.0 0.0 -999 ""
FIBERMAP 1103 R-2C9 METROLOGY 0 0 0 1 0 0 -84.14050322114025 -54.27418465448585 143.1 -85.80103062464653 -51.61216289302123 320.0202 87.177666 -999.0 -999.0 -999.0 -999.0 -999.0 303.91284329101717 47.440857009628665 303.8064086288876 47.53012197378829 34.779056961012024 308.3903665892242 -999.0 6231.0 -999.0 -1 -999 {-999.0 -999.0 -999.0 -999.0 -999.0} "" -999.0 -999.0 -999.0 -999.0 -999 -999 "" "" "" "" 0 0 0.0 0.0 -999 ""
FIBERMAP 1104 R-13C7 APOGEE 1 1 0 1 0 0 -21.232346928844155 -243.39582231038034 143.1 -28.848208723715505 -242.61498283867633 139.77248 115.59141 304.29709071738836 46.577607483220994 -4.506984 -8.741978 0.39233896 304.2970712703569 46.57758155524132 304.1944447702548 46.66769928021637 34.84689660113638 307.2948811945582 16000.0 16600.0 2016.0 2 299 {-999.0 17.971498 15.1930685 13.888675 -999.0} sdss_psfmag_ps1 16.42682 14.359434 13.03589 9.15 63050395015335619 1153345149 bright_1x1 mwm_galactic_core_dist_apogee_sparse mwm_galactic science 0 0 0.0 0.0 -999 ""
FIBERMAP 1104 R-13C7 BOSS 0 0 0 1 0 0 -21.041523435334344 -242.67685031086285 143.1 -28.634949419556673 -241.9023310879623 139.77248 115.59141 -999.0 -999.0 -999.0 -999.0 -999.0 304.29805137327537 46.58067539540624 304.1958288311813 46.67085949152138 34.848527204277 307.2983768964028 -999.0 5400.0 -999.0 1 416 {-999.0 -999.0 -999.0 -999.0 -999.0} "" -999.0 -999.0 -999.0 -999.0 -999 -999 "" "" "" "" 0 0 0.0 0.0 -999 ""
FIBERMAP 1104 R-13C7 METROLOGY 0 0 0 1 0 0 -20.511678662906764 -243.20076063618538 143.1 -28.121771167348616 -242.44259339500545 139.77248 115.59141 -999.0 -999.0 -999.0 -999.0 -999.0 304.3015561119162 46.578280311635176 304.1992295626959 46.66845293194023 34.850265465762 307.2948842142154 -999.0 6231.0 -999.0 -1 -999 {-999.0 -999.0 -999.0 -999.0 -999.0} "" -999.0 -999.0 -999.0 -999.0 -999 -999 "" "" "" "" 0 0 0.0 0.0 -999 ""
FIBERMAP 1105 R-7C6 APOGEE 0 0 0 1 0 0 -104.83916434223562 -149.7769287549458 143.1 -109.48210126628632 -146.42102942623444 264.76605 107.611534 -999.0 -999.0 -999.0 -999.0 -999.0 303.75954441596616 47.01025762744383 303.6544969025957 47.09928129167904 34.583594976962836 307.9069534406093 -999.0 16600.0 -999.0 2 -999 {-999.0 -999.0 -999.0 -999.0 -999.0} "" -999.0 -999.0 -999.0 -999.0 -999 -999 "" "" "" "" 0 0 0.0 0.0 -999 ""
FIBERMAP 1105 R-7C6 BOSS 1 1 0 1 0 0 -105.56781791207894 -149.94570438440397 143.1 -110.21569675389428 -146.5668951183231 264.76605 107.611534 303.7542076093979 47.009477977945274 -999.0 -999.0 -999.0 303.7542076093979 47.009477977945274 303.6495809990559 47.09855801175597 34.580171520153684 307.9070070145669 5400.0 5400.0 2015.5 1 437 {-999.0 -999.0 -999.0 -999.0 -999.0} "" -999.0 -999.0 -999.0 -999.0 27021603114180238 818195197 "" ops_sky_boss_good ops_sky sky_boss 0 0 0.0 0.0 -999 ""
FIBERMAP 1105 R-7C6 METROLOGY 0 0 0 1 0 0 -105.34754867104166 -149.2308451031705 143.1 -109.97313454471276 -145.85927671078443 264.76605 107.611534 -999.0 -999.0 -999.0 -999.0 -999.0 303.75590250008685 47.01270805119915 303.6511438483365 47.10177180109739 34.58192778330579 307.9105221681494 -999.0 6231.0 -999.0 -1 -999 {-999.0 -999.0 -999.0 -999.0 -999.0} "" -999.0 -999.0 -999.0 -999.0 -999 -999 "" "" "" "" 0 0 0.0 0.0 -999 ""
FIBERMAP 1106 R-10C9 APOGEE 0 0 0 1 0 0 -15.400730847456801 -188.57472563936113 143.1 -21.301737447284303 -188.00263608523267 182.73494 90.927315 -999.0 -999.0 -999.0 -999.0 -999.0 304.3468432056128 46.822762070338236 304.24323747854334 46.91292067215842 34.93375387218778 307.5774105930442 -999.0 16600.0 -999.0 2 -999 {-999.0 -999.0 -999.0 -999.0 -999.0} "" -999.0 -999.0 -999.0 -999.0 -999 -999 "" "" "" "" 0 0 0.0 0.0 -999 ""
FIBERMAP 1106 R-10C9 BOSS 1 1 0 1 0 0 -15.477830245132285 -187.83061385078918 143.1 -21.35548612002651 -187.2564620706564 182.73494 90.927315 304.34553159721673 46.825997380171394 11.166639 4.3381615 2.40474 304.34606293691803 46.826010246786936 304.2428587919014 46.916231233561085 34.93422863493182 307.5814194879195 5400.0 5400.0 2016.0 1 371 {-999.0 13.125339 12.629718 12.444359 -999.0} sdss_psfmag_from_g3xp 13.019003 12.650126 12.108565 11.17 63050395015340790 996779792 bright_1x1 mwm_bin_gaia_sb_boss mwm_bin science 0 0 1.1895549297332764 0.0 -999 ""
FIBERMAP 1106 R-10C9 METROLOGY 0 0 0 1 0 0 -14.790220312462143 -188.14584469181005 143.1 -20.6780794045359 -187.59308701667936 182.73494 90.927315 -999.0 -999.0 -999.0 -999.0 -999.0 304.3506782576447 46.824515550966645 304.24736795479674 46.91472683326536 34.93690319127523 307.57880404959167 -999.0 6231.0 -999.0 -1 -999 {-999.0 -999.0 -999.0 -999.0 -999.0} "" -999.0 -999.0 -999.0 -999.0 -999 -999 "" "" "" "" 0 0 0.0 0.0 -999 ""
FIBERMAP 1107 R-13C5 APOGEE 1 1 0 1 0 0 -44.512917242349694 -261.96980552885867 143.1 -52.699672070482826 -260.450730270648 334.0416 102.147514 304.1404793685079 46.498169757680735 -5.141754 -9.806402 0.94723874 304.1404572149641 46.498140672706086 304.0379949191755 46.587983687123796 34.72431405075849 307.22963674339536 16000.0 16600.0 2016.0 2 283 {-999.0 10.176998 10.180678 10.240885 -999.0} sdss_psfmag_from_g3xp 10.250157 10.132574 9.907104 9.548 63050395014517677 974805341 "" ops_std_apogee ops_std standard_apogee 0 0 0.0 0.0 -999 ""
FIBERMAP 1107 R-13C5 BOSS 0 0 0 1 0 0 -44.66191213882141 -262.6960665978262 143.1 -52.87135102096599 -261.1719781798457 334.0416 102.147514 -999.0 -999.0 -999.0 -999.0 -999.0 304.1389321747904 46.4948559749093 304.0368990788736 46.584763032261364 34.72285375738149 307.22602599554625 -999.0 5400.0 -999.0 1 414 {-999.0 -999.0 -999.0 -999.0 -999.0} "" -999.0 -999.0 -999.0 -999.0 -999 -999 "" "" "" "" 0 0 0.0 0.0 -999 ""
FIBERMAP 1107 R-13C5 METROLOGY 0 0 0 1 0 0 -45.218746786682274 -262.2121627758992 143.1 -53.412759792035196 -260.6708577432538 334.0416 102.147514 -999.0 -999.0 -999.0 -999.0 -999.0 304.1354792437916 46.49711319073654 304.0333148572967 46.58699453892727 34.720957501075596 307.22934720661806 -999.0 6231.0 -999.0 -1 -999 {-999.0 -999.0 -999.0 -999.0 -999.0} "" -999.0 -999.0 -999.0 -999.0 -999 -999 "" "" "" "" 0 0 0.0 0.0 -999 ""
FIBERMAP 1108 R-9C7 APOGEE 1 1 0 1 0 0 -35.680295506074096 -176.16600295983216 143.1 -41.1828871015713 -174.9644185138941 54.593315 45.92455 304.21472793811375 46.88169888216962 -1.7807759 -3.5839071 0.1199891 304.2147202108596 46.881688252599204 304.110719037003 46.971588525967064 34.85840506207864 307.67145888336216 16000.0 16600.0 2016.0 2 178 {-999.0 17.341114 15.22895 14.46337 -999.0} sdss_psfmag_ps1 16.312347 14.965984 13.839628 10.902 63050395015791445 1153345525 bright_1x1 mwm_galactic_core_dist_apogee_sparse mwm_galactic science 0 0 0.0 0.0 -999 ""
FIBERMAP 1108 R-9C7 BOSS 0 0 0 1 0 0 -35.52903203585209 -176.89428322650275 143.1 -41.05451355531258 -175.6970921941482 54.593315 45.92455 -999.0 -999.0 -999.0 -999.0 -999.0 304.21514687666405 46.87826306636243 304.11157894574944 46.96822933729714 34.85823704631662 307.6673081968533 -999.0 5400.0 -999.0 1 390 {-999.0 -999.0 -999.0 -999.0 -999.0} "" -999.0 -999.0 -999.0 -999.0 -999 -999 "" "" "" "" 0 0 0.0 0.0 -999 ""
FIBERMAP 1108 R-9C7 METROLOGY 0 0 0 1 0 0 -36.237764708312895 -176.65140623774133 143.1 -41.75529993017257 -175.43212493021358 54.593315 45.92455 -999.0 -999.0 -999.0 -999.0 -999.0 304.21060814941404 46.87948959131201 304.1069115211294 46.9694288830753 34.855394806351185 307.6695897072641 -999.0 6231.0 -999.0 -1 -999 {-999.0 -999.0 -999.0 -999.0 -999.0} "" -999.0 -999.0 -999.0 -999.0 -999 -999 "" "" "" "" 0 0 0.0 0.0 -999 ""
FIBERMAP 1109 R+8C19 APOGEE 1 1 0 1 0 0 209.68096880968966 168.6008997177172 143.1 214.86389432798202 161.9512135034688 79.17659 94.92911 305.95931704925334 48.39679119773287 -2.8782628 -3.8821318 0.10225839 305.959304192181 48.396779683652404 305.85085282358506 48.489590784518484 36.31116112277243 309.20902580247287 16000.0 16600.0 2016.0 2 60 {-999.0 18.945412 16.620613 15.14365 -999.0} sdss_psfmag_ps1 17.673374 15.75875 14.463184 10.966 63050395015688809 1153345479 bright_1x1 mwm_galactic_core_dist_apogee_sparse mwm_galactic science 0 0 0.0 0.0 -999 ""
FIBERMAP 1109 R+8C19 BOSS 0 0 0 1 0 0 210.43018579134622 168.54877250160942 143.1 215.61112225276693 161.87563698453337 79.17659 94.92911 -999.0 -999.0 -999.0 -999.0 -999.0 305.9639275900982 48.39629306557514 305.85589569111806 48.489163508916654 36.31436867116865 309.2077452004295 -999.0 5400.0 -999.0 1 168 {-999.0 -999.0 -999.0 -999.0 -999.0} "" -999.0 -999.0 -999.0 -999.0 -999 -999 "" "" "" "" 0 0 0.0 0.0 -999 ""
FIBERMAP 1109 R+8C19 METROLOGY 0 0 0 1 0 0 210.00420491132715 167.9279945493205 143.1 215.16589381105302 161.26850046823475 79.17659 94.92911 -999.0 -999.0 -999.0 -999.0 -999.0 305.960982053184 48.39363548980026 305.8528413954486 48.486486703158505 36.31188850874289 309.2049393091344 -999.0 6231.0 -999.0 -1 -999 {-999.0 -999.0 -999.0 -999.0 -999.0} "" -999.0 -999.0 -999.0 -999.0 -999 -999 "" "" "" "" 0 0 0.0 0.0 -999 ""
FIBERMAP 1111 R+8C16 APOGEE 0 0 0 1 0 0 125.18165450830381 147.67675728839632 143.1 129.74912847971476 143.68449554799543 207.02367 129.55922 -999.0 -999.0 -999.0 -999.0 -999.0 305.38096463715465 48.32352548150234 305.27210373658136 48.415287129440735 35.92018836909256 309.20743340030367 -999.0 16600.0 -999.0 2 -999 {-999.0 -999.0 -999.0 -999.0 -999.0} "" -999.0 -999.0 -999.0 -999.0 -999 -999 "" "" "" "" 0 0 0.0 0.0 -999 ""
FIBERMAP 1111 R+8C16 BOSS 1 1 0 1 0 0 124.4925234340996 147.94783716632682 143.1 129.06881803110667 143.9770381596911 207.02367 129.55922 305.37601287222594 48.32489313084807 -4.5578103 -1.6232412 0.7568109 305.3759925414023 48.32488831644807 305.2675355836712 48.41669427638759 35.91748004994885 309.2098525133823 5400.0 5400.0 2016.0 1 202 {-999.0 16.230478 15.697512 15.373147 -999.0} sdss_psfmag_ps1 16.051239 15.603681 14.986551 13.957 63050395016074574 1034680120 bright_1x1 mwm_yso_disk_boss_single mwm_yso science 0 0 0.0 0.0 -999 ""
FIBERMAP 1111 R+8C16 METROLOGY 0 0 0 1 0 0 125.08227246946772 148.41620653673496 143.1 129.6729616646088 144.42670738441026 207.02367 129.55922 -999.0 -999.0 -999.0 -999.0 -999.0 305.3802442271338 48.326879362197936 305.2716659724504 48.41867739960112 35.92054904405686 309.21161145619027 -999.0 6231.0 -999.0 -1 -999 {-999.0 -999.0 -999.0 -999.0 -999.0} "" -999.0 -999.0 -999.0 -999.0 -999 -999 "" "" "" "" 0 0 0.0 0.0 -999 ""
FIBERMAP 1112 R-6C10 APOGEE 0 0 0 1 0 0 -20.120858565645086 -106.22147393897211 143.1 -23.439375941361202 -105.54060898475647 55.1641 136.9508 -999.0 -999.0 -999.0 -999.0 -999.0 304.3327740380747 47.196075593433214 304.22756267088107 47.28612949993469 35.00454314550015 308.024765078923 -999.0 16600.0 -999.0 2 -999 {-999.0 -999.0 -999.0 -999.0 -999.0} "" -999.0 -999.0 -999.0 -999.0 -999 -999 "" "" "" "" 0 0 0.0 0.0 -999 ""
FIBERMAP 1112 R-6C10 BOSS 1 1 0 1 0 0 -19.386352988300217 -106.05459810957956 143.1 -22.69999074912608 -105.39682554236343 55.1641 136.9508 304.3372938645908 47.19661314593758 -999.0 -999.0 -999.0 304.3372938645908 47.196613145937576 304.2325042585299 47.28673804366799 35.007947532516994 308.02460882069533 5400.0 5400.0 2015.5 1 367 {-999.0 -999.0 -999.0 -999.0 -999.0} "" -999.0 -999.0 -999.0 -999.0 27021603114180519 808300260 "" ops_sky_boss_good ops_sky sky_boss 0 0 0.0 0.0 -999 ""
FIBERMAP 1112 R-6C10 METROLOGY 0 0 0 1 0 0 -19.607670635467986 -106.76304584447713 143.1 -22.943399983411467 -106.0980026005914 55.1641 136.9508 -999.0 -999.0 -999.0 -999.0 -999.0 304.33578222514575 47.19345628144789 304.2308856674027 47.28356127742061 35.00619092052029 308.021110280028 -999.0 6231.0 -999.0 -1 -999 {-999.0 -999.0 -999.0 -999.0 -999.0} "" -999.0 -999.0 -999.0 -999.0 -999 -999 "" "" "" "" 0 0 0.0 0.0 -999 ""
FIBERMAP 1113 R-3C16 APOGEE 1 1 0 1 0 0 72.96694440513296 -71.12857587865766 143.1 70.7037273052698 -73.38095461715506 251.98157 111.54846 304.9655697318054 47.340360952068764 -0.8597482 -2.8542964 0.18203902 304.96556596884227 47.340352486463075 304.86046205446854 47.43155088477972 35.45431358204172 308.08791592054274 16000.0 16600.0 2016.0 2 235 {-999.0 16.090176 14.348367 13.510243 -999.0} sdss_psfmag_from_g3xp 15.300311 14.113494 13.046936 10.373 63050395015410757 1151795335 bright_1x1 mwm_galactic_core_dist_apogee_sparse mwm_galactic science 0 0 0.0 0.0 -999 ""
FIBERMAP 1113 R-3C16 BOSS 0 0 0 1 0 0 72.22901221321483 -71.1822848337148 143.1 69.96446280905924 -73.41151757217283 251.98157 111.54846 -999.0 -999.0 -999.0 -999.0 -999.0 304.9602367708928 47.340145630867404 304.85554155413655 47.431393432021196 35.45102452621566 308.08857247617937 -999.0 5400.0 -999.0 1 282 {-999.0 -999.0 -999.0 -999.0 -999.0} "" -999.0 -999.0 -999.0 -999.0 -999 -999 "" "" "" "" 0 0 0.0 0.0 -999 ""
FIBERMAP 1113 R-3C16 METROLOGY 0 0 0 1 0 0 72.5450904300002 -70.51475675809635 143.1 70.30130553453415 -72.75420972551889 251.98157 111.54846 -999.0 -999.0 -999.0 -999.0 -999.0 304.9626501490341 47.34314607305411 304.85782759404503 47.434380906444325 35.45315572405305 308.09176760949106 -999.0 6231.0 -999.0 -1 -999 {-999.0 -999.0 -999.0 -999.0 -999.0} "" -999.0 -999.0 -999.0 -999.0 -999 -999 "" "" "" "" 0 0 0.0 0.0 -999 ""
FIBERMAP 1114 R-8C15 APOGEE 1 1 0 1 0 0 109.143550497983 -167.5064286327085 143.1 103.84349295002706 -170.84649921419103 251.52066 123.40578 305.17857142857144 46.89744611419354 -999.0 -999.0 -999.0 305.17857142857144 46.89744611419354 305.0755885635906 46.989130856619234 35.5050419704502 307.5191463150254 16000.0 16600.0 2015.5 2 203 {-999.0 -999.0 -999.0 -999.0 -999.0} "" -999.0 -999.0 -999.0 -999.0 27021603114171360 840305355 "" ops_sky_apogee_best ops_sky sky_apogee 0 0 0.0 0.0 -999 ""
FIBERMAP 1114 R-8C15 BOSS 0 0 0 1 0 0 108.4456022435923 -167.71780531478902 143.1 103.13925344151967 -171.03590776813607 251.52066 123.40578 -999.0 -999.0 -999.0 -999.0 -999.0 305.17351115161443 46.896514528963955 305.07093587976277 46.988250109756656 35.50175405405598 307.5189068433756 -999.0 5400.0 -999.0 1 318 {-999.0 -999.0 -999.0 -999.0 -999.0} "" -999.0 -999.0 -999.0 -999.0 -999 -999 "" "" "" "" 0 0 0.0 0.0 -999 ""
FIBERMAP 1114 R-8C15 METROLOGY 0 0 0 1 0 0 108.606089701703 -166.98949054187048 143.1 103.32248384087136 -170.3129672090897 251.52066 123.40578 -999.0 -999.0 -999.0 -999.0 -999.0 305.17490804764674 46.89979439207237 305.07220456151373 46.99151485410601 35.50328546658059 307.5226046626924 -999.0 6231.0 -999.0 -1 -999 {-999.0 -999.0 -999.0 -999.0 -999.0} "" -999.0 -999.0 -999.0 -999.0 -999 -999 "" "" "" "" 0 0 0.0 0.0 -999 ""
FIBERMAP 1115 R-5C21 APOGEE 0 0 0 1 0 0 216.57290659592326 -86.78642217907733 143.1 213.7509017295939 -93.53074848623237 51.025715 133.52438 -999.0 -999.0 -999.0 -999.0 -999.0 305.91743464239613 47.24082088744942 305.81388172052107 47.33379440174943 36.06673974103278 307.80898090677783 -999.0 16600.0 -999.0 2 -999 {-999.0 -999.0 -999.0 -999.0 -999.0} "" -999.0 -999.0 -999.0 -999.0 -999 -999 "" "" "" "" 0 0 0.0 0.0 -999 ""
FIBERMAP 1115 R-5C21 BOSS 1 1 0 1 0 0 217.29432000672682 -86.69656049569733 143.1 214.47478800784893 -93.46353241587506 51.025715 133.52438 305.9218802400829 47.24101225348796 -2.2003133 -3.5085866 0.38551566 305.92187062778095 47.24100184731167 305.8187270741353 47.33403885598485 36.07000702762037 307.8084742183498 5400.0 5400.0 2016.0 1 321 {-999.0 18.460058 17.417171 16.979185 -999.0} sdss_psfmag_ps1 18.0905 17.33484 16.494524 14.813 63050395015384857 980252141 "" ops_std_boss_red ops_std standard_boss 0 0 0.0 0.0 -999 ""
FIBERMAP 1115 R-5C21 METROLOGY 0 0 0 1 0 0 217.0129603884228 -87.38892914187407 143.1 214.17186910021852 -94.14675681954215 51.025715 133.52438 -999.0 -999.0 -999.0 -999.0 -999.0 305.91985705760203 47.23795384860697 305.8166091877532 47.330972061549964 36.067993715385626 307.8051060765027 -999.0 6231.0 -999.0 -1 -999 {-999.0 -999.0 -999.0 -999.0 -999.0} "" -999.0 -999.0 -999.0 -999.0 -999 -999 "" "" "" "" 0 0 0.0 0.0 -999 ""
FIBERMAP 1118 R-13C4 APOGEE 1 1 0 1 0 0 -59.19128382065226 -253.66707533280766 143.1 -67.11093062343807 -251.69204877279134 40.25278 63.359993 304.0454468150138 46.5372737525397 -3.8160648 -4.943692 0.22882946 304.04543036143787 46.53725908995903 303.9427017856928 46.62691661048875 34.66933386592589 307.29375137390787 16000.0 16600.0 2016.0 2 279 {-999.0 16.888475 14.649599 13.518839 -999.0} sdss_psfmag_from_g3xp 15.751988 14.175858 12.973593 9.73 63050395014911118 1151794841 bright_1x1 mwm_galactic_core_dist_apogee_sparse mwm_galactic science 0 0 0.0 0.0 -999 ""
FIBERMAP 1118 R-13C4 BOSS 0 0 0 1 0 0 -58.99071645730321 -254.3738658372979 143.1 -66.93260329500278 -252.40478766012134 40.25278 63.359993 -999.0 -999.0 -999.0 -999.0 -999.0 304.04621052473135 46.53400105376589 303.9439144369087 46.623727324571746 34.66942385289936 307.28974503009124 -999.0 5400.0 -999.0 1 413 {-999.0 -999.0 -999.0 -999.0 -999.0} "" -999.0 -999.0 -999.0 -999.0 -999 -999 "" "" "" "" 0 0 0.0 0.0 -999 ""
FIBERMAP 1118 R-13C4 METROLOGY 0 0 0 1 0 0 -59.71297036122998 -254.19784544905664 143.1 -67.64899919427786 -252.20622160375342 40.25278 63.359993 -999.0 -999.0 -999.0 -999.0 -999.0 304.0416128193844 46.534912088315 303.93918956344163 46.62461072062486 34.66646281594101 307.29168369734793 -999.0 6231.0 -999.0 -1 -999 {-999.0 -999.0 -999.0 -999.0 -999.0} "" -999.0 -999.0 -999.0 -999.0 -999 -999 "" "" "" "" 0 0 0.0 0.0 -999 ""
FIBERMAP 1121 R-3C7 APOGEE 1 1 0 1 0 0 -131.07090550368167 -48.155042663964096 143.1 -132.51742201206133 -44.02552922436052 125.79374 119.95706 303.5990444241233 47.47422152702028 -3.4827409 -4.3985844 0.1713218 303.59902914200615 47.47420848118425 303.49179672954153 47.56283366299376 34.578993754244976 308.48566524286053 16000.0 16600.0 2016.0 2 254 {-999.0 16.507278 14.55655 13.455175 -999.0} sdss_psfmag_from_g3xp 15.575241 14.122677 12.960522 10.061 63050395015843198 1151795994 bright_1x1 mwm_galactic_core_dist_apogee_sparse mwm_galactic science 0 0 0.0 0.0 -999 ""
FIBERMAP 1121 R-3C7 BOSS 0 0 0 1 0 0 -130.74923089950568 -47.488056829629926 143.1 -132.17500254636954 -43.36893870443285 125.79374 119.95706 -999.0 -999.0 -999.0 -999.0 -999.0 303.6007764676911 47.4771227311958 303.49396062920647 47.565815636997115 34.581074749462175 308.4888076105272 -999.0 5400.0 -999.0 1 468 {-999.0 -999.0 -999.0 -999.0 -999.0} "" -999.0 -999.0 -999.0 -999.0 -999 -999 "" "" "" "" 0 0 0.0 0.0 -999 ""
FIBERMAP 1121 R-3C7 METROLOGY 0 0 0 1 0 0 -130.32342058031313 -48.09563402098192 143.1 -131.76843074186928 -43.98956858944603 125.79374 119.95706 -999.0 -999.0 -999.0 -999.0 -999.0 303.603680538106 47.47433670041799 303.4967589267825 47.56301718522464 34.582300404359266 308.48498706183153 -999.0 6231.0 -999.0 -1 -999 {-999.0 -999.0 -999.0 -999.0 -999.0} "" -999.0 -999.0 -999.0 -999.0 -999 -999 "" "" "" "" 0 0 0.0 0.0 -999 ""
FIBERMAP 1125 R0C22 APOGEE 0 0 0 1 0 0 184.27826853003802 15.02353517835595 143.1 184.6614561554608 9.24269305774355 93.53739 94.39146 -999.0 -999.0 -999.0 -999.0 -999.0 305.7388682470382 47.70914847708836 305.6331130980966 47.8016968956455 36.03877707679915 308.4060665447114 -999.0 16600.0 -999.0 2 -999 {-999.0 -999.0 -999.0 -999.0 -999.0} "" -999.0 -999.0 -999.0 -999.0 -999 -999 "" "" "" "" 0 0 0.0 0.0 -999 ""
FIBERMAP 1125 R0C22 BOSS 1 1 0 1 0 0 185.0134714635499 15.124100518194963 143.1 185.39946076835093 9.320175655086125 93.53739 94.39146 305.7435079268977 47.70939444912569 -2.819996 -3.4344795 0.115276985 305.74349549714424 47.70938426274484 305.6381542143188 47.801995493317065 36.04215674469074 308.4056165710096 5400.0 5400.0 2016.0 1 244 {-999.0 16.391024 15.732921 15.513529 -999.0} sdss_psfmag_ps1 16.196106 15.726263 15.019796 13.909 63050395015424502 1068524502 bright_1x1 mwm_ob_core_boss_single mwm_ob science 0 0 0.0 0.0 -999 ""
FIBERMAP 1125 R0C22 METROLOGY 0 0 0 1 0 0 184.73667867393894 14.434873883144084 143.1 185.10120496422033 8.639948684868763 93.53739 94.39146 -999.0 -999.0 -999.0 -999.0 -999.0 305.7415115041758 47.70633645754846 305.63606483826493 47.798929269033444 36.04018523610149 308.4022331980522 -999.0 6231.0 -999.0 -1 -999 {-999.0 -999.0 -999.0 -999.0 -999.0} "" -999.0 -999.0 -999.0 -999.0 -999 -999 "" "" "" "" 0 0 0.0 0.0 -999 ""
FIBERMAP 1126 R+3C12 APOGEE 1 1 0 1 0 0 5.3436870911748935 72.16419750666056 143.1 7.602158657192842 71.96249813510254 112.52211 23.73454 304.54510239660374 48.003868235932586 -2.0329394 -3.0638862 0.08534826 304.5450933849397 48.00385914870095 304.4366216459852 48.09413877114622 35.31151760804056 308.95504080823656 16000.0 16600.0 2016.0 2 14 {-999.0 17.124876 14.274856 12.918361 -999.0} sdss_psfmag_from_g3xp 15.532457 13.564647 12.271026 8.541 63050395015884419 1155633555 bright_1x1 mwm_galactic_core_dist_apogee_extra mwm_galactic science 0 0 0.0 0.0 -999 ""
FIBERMAP 1126 R+3C12 BOSS 0 0 0 1 0 0 5.880643237395876 71.66667173682941 143.1 8.123271572286614 71.44838504268839 112.52211 23.73454 -999.0 -999.0 -999.0 -999.0 -999.0 304.54821421593505 48.00149153754011 304.4401782897158 48.09183605703443 35.313374321895026 308.95168502083516 -999.0 5400.0 -999.0 1 114 {-999.0 -999.0 -999.0 -999.0 -999.0} "" -999.0 -999.0 -999.0 -999.0 -999 -999 "" "" "" "" 0 0 0.0 0.0 -999 ""
FIBERMAP 1126 R+3C12 METROLOGY 0 0 0 1 0 0 5.173420234155358 71.43908190998903 143.1 7.409253738442944 71.24306163570212 112.52211 23.73454 -999.0 -999.0 -999.0 -999.0 -999.0 304.54346565799824 48.00057814249794 304.4353086317994 48.09089743125446 35.309998649745566 308.9513709889465 -999.0 6231.0 -999.0 -1 -999 {-999.0 -999.0 -999.0 -999.0 -999.0} "" -999.0 -999.0 -999.0 -999.0 -999 -999 "" "" "" "" 0 0 0.0 0.0 -999 ""
FIBERMAP 1127 R-13C6 APOGEE 1 1 0 1 0 0 -18.344157568794564 -248.89193553504484 143.1 -26.133592328131414 -248.1989769071973 31.887207 97.28361 304.31499704238144 46.55261480575459 -2.0982835 -3.5084503 0.19312784 304.31498799273754 46.55260439998283 304.2124858883584 46.64276068903911 34.85340464833768 307.2618920367778 16000.0 16600.0 2016.0 2 274 {-999.0 21.089622 18.07816 15.902788 -999.0} sdss_psfmag_ps1 19.437853 16.379766 14.892584 10.302 63050395015335598 1153345137 bright_1x1 mwm_galactic_core_dist_apogee_sparse mwm_galactic science 0 0 0.0 0.0 -999 ""
FIBERMAP 1127 R-13C6 BOSS 0 0 0 1 0 0 -17.88339060442142 -249.48430678595938 143.1 -25.691604056575205 -248.80550331637934 31.887207 97.28361 -999.0 -999.0 -999.0 -999.0 -999.0 304.31748276677746 46.54980541139544 304.2154106094119 46.640032195804714 34.854753290762844 307.2581049179747 -999.0 5400.0 -999.0 1 415 {-999.0 -999.0 -999.0 -999.0 -999.0} "" -999.0 -999.0 -999.0 -999.0 -999 -999 "" "" "" "" 0 0 0.0 0.0 -999 ""
FIBERMAP 1127 R-13C6 METROLOGY 0 0 0 1 0 0 -18.62486564296305 -249.59310211884332 143.1 -26.436135653284186 -248.89101548379674 31.887207 97.28361 -999.0 -999.0 -999.0 -999.0 -999.0 304.3126990919423 46.5494539003952 304.2105054932146 46.63965337248065 34.85138591242007 307.25857071762294 -999.0 6231.0 -999.0 -1 -999 {-999.0 -999.0 -999.0 -999.0 -999.0} "" -999.0 -999.0 -999.0 -999.0 -999 -999 "" "" "" "" 0 0 0.0 0.0 -999 ""
FIBERMAP 1129 R-8C8 APOGEE 0 0 0 1 0 0 -30.351868401875393 -140.67843289738704 143.1 -34.7451133901631 -139.66065040587853 102.82363 46.564667 -999.0 -999.0 -999.0 -999.0 -999.0 304.2572359293287 47.04133741102163 304.15260193971756 47.13128322519283 34.92126064538497 307.85378351618397 -999.0 16600.0 -999.0 2 -999 {-999.0 -999.0 -999.0 -999.0 -999.0} "" -999.0 -999.0 -999.0 -999.0 -999 -999 "" "" "" "" 0 0 0.0 0.0 -999 ""
FIBERMAP 1129 R-8C8 BOSS 1 1 0 1 0 0 -29.708152122237134 -141.04967177803022 143.1 -34.11333429426272 -140.05188153877026 102.82363 46.564667 304.26102811581023 47.039460793362004 -2.639855 -5.295375 0.08155405 304.26101662696095 47.03944508772043 304.1568136890588 47.12946201371082 34.923659829414746 307.8508536528536 5400.0 5400.0 2016.0 1 389 {-999.0 16.445976 15.922145 15.740277 -999.0} sdss_psfmag_ps1 16.314316 15.908942 15.312041 14.377 63050395015794666 1068524505 bright_1x1 mwm_ob_core_boss_single mwm_ob science 0 0 0.0 0.0 -999 ""
FIBERMAP 1129 R-8C8 METROLOGY 0 0 0 1 0 0 -30.358527694079886 -141.4245010138075 143.1 -34.775144921319146 -140.4061555372989 102.82363 46.564667 -999.0 -999.0 -999.0 -999.0 -999.0 304.25672427677915 47.03787012766567 304.15240460673715 47.12786135679814 34.920383235980616 307.8497464224662 -999.0 6231.0 -999.0 -1 -999 {-999.0 -999.0 -999.0 -999.0 -999.0} "" -999.0 -999.0 -999.0 -999.0 -999 -999 "" "" "" "" 0 0 0.0 0.0 -999 ""
FIBERMAP 1130 R-3C13 APOGEE 1 1 0 1 0 0 29.53868594798608 -64.93272762803653 143.1 27.490219744270767 -65.82737839108951 30.084751 57.777306 304.67554504319213 47.37596638986124 -999.0 -999.0 -999.0 304.67554504319213 47.37596638986124 304.56995250210593 47.46661968883004 35.26947226256877 308.18015438495377 16000.0 16600.0 2015.5 2 174 {-999.0 -999.0 -999.0 -999.0 -999.0} "" -999.0 -999.0 -999.0 -999.0 27021603114180656 840306717 "" ops_sky_apogee_best ops_sky sky_apogee 0 0 0.0 0.0 -999 ""
FIBERMAP 1130 R-3C13 BOSS 0 0 0 1 0 0 29.50306052001961 -65.67120344417614 143.1 27.431473712446003 -66.5643872768759 30.084751 57.777306 -999.0 -999.0 -999.0 -999.0 -999.0 304.674726657612 47.37251895305544 304.56956474275063 47.46323190000793 35.26850558855243 308.1761645439933 -999.0 5400.0 -999.0 1 364 {-999.0 -999.0 -999.0 -999.0 -999.0} "" -999.0 -999.0 -999.0 -999.0 -999 -999 "" "" "" "" 0 0 0.0 0.0 -999 ""
FIBERMAP 1130 R-3C13 METROLOGY 0 0 0 1 0 0 28.874180826585654 -65.26919996408586 143.1 26.81548805597089 -66.14287100783666 30.084751 57.777306 -999.0 -999.0 -999.0 -999.0 -999.0 304.6707129258538 47.374474093616655 304.5654199011712 47.465162059711886 35.26617059575242 308.1791957978172 -999.0 6231.0 -999.0 -1 -999 {-999.0 -999.0 -999.0 -999.0 -999.0} "" -999.0 -999.0 -999.0 -999.0 -999 -999 "" "" "" "" 0 0 0.0 0.0 -999 ""
FIBERMAP 1131 R-8C19 APOGEE 1 1 0 1 0 0 216.9954165102021 -147.2312032885566 143.1 212.2793878649456 -153.96005963475145 59.334984 80.40394 305.8969923396848 46.968319371881414 -4.585447 -4.7872324 0.08667926 305.8969724100288 46.96830517334695 305.7945342410198 47.061297705813864 35.99949676207176 307.48203096808504 16000.0 16600.0 2016.0 2 185 {-999.0 18.031832 15.611853 14.505006 -999.0} sdss_psfmag_ps1 16.722319 15.131053 13.917681 10.659 63050395015367943 1153345204 bright_1x1 mwm_galactic_core_dist_apogee_sparse mwm_galactic science 0 0 0.0 0.0 -999 ""
FIBERMAP 1131 R-8C19 BOSS 0 0 0 1 0 0 217.57509346678202 -147.70417341694755 143.1 212.84397066450225 -154.45096725351863 59.334984 80.40394 -999.0 -999.0 -999.0 -999.0 -999.0 305.90019668982023 46.96600042057341 305.7981753338939 47.059055796259685 36.00147528923752 307.47869945169776 -999.0 5400.0 -999.0 1 331 {-999.0 -999.0 -999.0 -999.0 -999.0} "" -999.0 -999.0 -999.0 -999.0 -999 -999 "" "" "" "" 0 0 0.0 0.0 -999 ""
FIBERMAP 1131 R-8C19 METROLOGY 0 0 0 1 0 0 216.8916231054572 -147.97976990734347 143.1 212.15219007267328 -154.70501872854084 59.334984 80.40394 -999.0 -999.0 -999.0 -999.0 -999.0 305.89571779819016 46.96491719469737 305.79358131752724 47.05794859347641 35.99818680624654 307.4781375233433 -999.0 6231.0 -999.0 -1 -999 {-999.0 -999.0 -999.0 -999.0 -999.0} "" -999.0 -999.0 -999.0 -999.0 -999 -999 "" "" "" "" 0 0 0.0 0.0 -999 ""
FIBERMAP 1132 R+2C1 APOGEE 1 1 0 1 0 0 -265.9090375423021 24.25773446360917 143.1 -265.0227157795227 32.577531226356164 293.5962 106.97779 302.7065934037895 47.81310036093592 -3.7468996 -2.0246181 0.5903201 302.70657685554846 47.813094356085855 302.5968739548721 47.8999696861609 34.06748747303914 309.0462464871444 16000.0 16600.0 2016.0 2 145 {-999.0 8.103602 8.243501 8.376411 -999.0} sdss_psfmag_from_g3xp 8.162839 8.151338 8.065864 8.122 63050395015949239 1151795947 bright_1x1 mwm_galactic_core_dist_apogee_sparse mwm_galactic science 0 0 0.0 0.0 -999 ""
FIBERMAP 1132 R+2C1 BOSS 0 0 0 1 0 0 -266.4768677304533 23.807147501549302 143.1 -265.60439382722876 32.144949214921326 293.5962 106.97779 -999.0 -999.0 -999.0 -999.0 -999.0 302.7023259411113 47.81101422253523 302.59306575035527 47.897950043419975 34.06454372451327 309.04456868346074 -999.0 5400.0 -999.0 1 4 {-999.0 -999.0 -999.0 -999.0 -999.0} "" -999.0 -999.0 -999.0 -999.0 -999 -999 "" "" "" "" 0 0 0.0 0.0 -999 ""
FIBERMAP 1132 R+2C1 METROLOGY 0 0 0 1 0 0 -266.61096549057305 24.53745354364554 143.1 -265.715546345618 32.87910988175131 293.5962 106.97779 -999.0 -999.0 -999.0 -999.0 -999.0 302.70162779314995 47.81434116346974 302.59222789932056 47.90125563158424 34.064744231221205 309.0486089420568 -999.0 6231.0 -999.0 -1 -999 {-999.0 -999.0 -999.0 -999.0 -999.0} "" -999.0 -999.0 -999.0 -999.0 -999 -999 "" "" "" "" 0 0 0.0 0.0 -999 ""
FIBERMAP 1135 R-2C11 APOGEE 1 1 0 1 0 0 -37.49345121041143 -52.367716521819474 143.1 -39.116400868674425 -51.168120367001876 315.75592 99.88967 304.2273757209558 47.44338711937024 -999.0 -999.0 -999.0 304.2273757209558 47.44338711937025 304.12098014492227 47.53319276467054 34.987121726947436 308.3382280100036 16000.0 16600.0 2015.5 2 268 {-999.0 -999.0 -999.0 -999.0 -999.0} "" -999.0 -999.0 -999.0 -999.0 27021603114180830 840306732 "" ops_sky_apogee_best ops_sky sky_apogee 0 0 0.0 0.0 -999 ""
FIBERMAP 1135 R-2C11 BOSS 0 0 0 1 0 0 -37.89010577272162 -52.98942304332368 143.1 -39.53234601442959 -51.77710384778538 315.75592 99.88967 -999.0 -999.0 -999.0 -999.0 -999.0 304.2241253948705 47.44052488307014 304.11815983957104 47.530387352856124 34.984661786991424 308.335379907215 -999.0 5400.0 -999.0 1 448 {-999.0 -999.0 -999.0 -999.0 -999.0} "" -999.0 -999.0 -999.0 -999.0 -999 -999 "" "" "" "" 0 0 0.0 0.0 -999 ""
FIBERMAP 1135 R-2C11 METROLOGY 0 0 0 1 0 0 -38.24052437214448 -52.32692410433884 143.1 -39.861841127492916 -51.10394043231634 315.75592 99.88967 -999.0 -999.0 -999.0 -999.0 -999.0 304.2220272995023 47.44361178182323 304.1159266170062 47.53345204246199 34.98384414480477 308.3394274868615 -999.0 6231.0 -999.0 -1 -999 {-999.0 -999.0 -999.0 -999.0 -999.0} "" -999.0 -999.0 -999.0 -999.0 -999 -999 "" "" "" "" 0 0 0.0 0.0 -999 ""
FIBERMAP 1137 R-1C6 APOGEE 0 0 0 1 0 0 -159.59026156278912 -34.56183784521956 143.1 -160.5973380851784 -29.545227398186366 329.21094 84.39008 -999.0 -999.0 -999.0 -999.0 -999.0 303.40970937045427 47.53888517803569 303.3019854319643 47.62714172192054 34.46835952570723 308.59611131274664 -999.0 16600.0 -999.0 2 -999 {-999.0 -999.0 -999.0 -999.0 -999.0} "" -999.0 -999.0 -999.0 -999.0 -999 -999 "" "" "" "" 0 0 0.0 0.0 -999 ""
FIBERMAP 1137 R-1C6 BOSS 1 1 0 1 0 0 -160.02225185220445 -35.16175921823139 143.1 -161.04791961512868 -30.13132895733255 329.21094 84.39008 303.4056071379427 47.53616820106456 11.152066 -14.609551 2.0363338 303.406226830619 47.536124870340906 303.29894027931607 47.62444163304835 34.4657598341567 308.5934693656658 5400.0 5400.0 2016.0 1 484 {-999.0 13.113502 12.175532 11.816328 -999.0} sdss_psfmag_from_g3xp 12.828624 12.208267 11.456158 9.888 63050395015845506 996741216 bright_1x1 mwm_bin_gaia_sb_boss mwm_bin science 0 0 1.3870574235916138 0.0 -999 ""
FIBERMAP 1137 R-1C6 METROLOGY 0 0 0 1 0 0 -160.33224549442198 -34.48359574842726 143.1 -161.3365181779414 -29.44377502364238 329.21094 84.39008 -999.0 -999.0 -999.0 -999.0 -999.0 303.4043738332695 47.539256351146335 303.29695027420564 47.62754995948373 34.46514090448958 308.5975062250678 -999.0 6231.0 -999.0 -1 -999 {-999.0 -999.0 -999.0 -999.0 -999.0} "" -999.0 -999.0 -999.0 -999.0 -999 -999 "" "" "" "" 0 0 0.0 0.0 -999 ""
FIBERMAP 1140 R-5C12 APOGEE 1 1 0 1 0 0 16.638658596773297 -75.81390558262909 143.1 14.255395999623866 -76.29921174567694 151.45377 19.292288 304.58622509534786 47.328595436126676 -3.689607 -4.9583273 0.23261072 304.5862089502017 47.3285807301396 304.48071703554933 47.41907811414629 35.200466963964466 308.1388016992004 16000.0 16600.0 2016.0 2 159 {-999.0 16.649664 14.621909 13.613168 -999.0} sdss_psfmag_from_g3xp 15.655968 14.258902 13.108483 10.086 63050395015813816 1151795779 bright_1x1 mwm_galactic_core_dist_apogee_sparse mwm_galactic science 0 0 0.0 0.0 -999 ""
FIBERMAP 1140 R-5C12 BOSS 0 0 0 1 0 0 17.37188990093292 -75.93465742769894 143.1 14.984495729524966 -76.4428794462217 151.45377 19.292288 -999.0 -999.0 -999.0 -999.0 -999.0 304.5906987655011 47.327814445908515 304.48563262574584 47.4183812940407 35.20357090358333 308.1371085537099 -999.0 5400.0 -999.0 1 387 {-999.0 -999.0 -999.0 -999.0 -999.0} "" -999.0 -999.0 -999.0 -999.0 -999 -999 "" "" "" "" 0 0 0.0 0.0 -999 ""
FIBERMAP 1140 R-5C12 METROLOGY 0 0 0 1 0 0 16.909980236871036 -76.52035330048615 143.1 14.504454740579728 -77.01382484381664 151.45377 19.292288 -999.0 -999.0 -999.0 -999.0 -999.0 304.5875717127594 47.32525000842521 304.4823947314052 47.41579431488305 35.20088303449467 308.1345802603773 -999.0 6231.0 -999.0 -1 -999 {-999.0 -999.0 -999.0 -999.0 -999.0} "" -999.0 -999.0 -999.0 -999.0 -999 -999 "" "" "" "" 0 0 0.0 0.0 -999 ""
FIBERMAP 1143 R-2C5 APOGEE 1 1 0 1 0 0 -188.16204671426812 -20.120345230779996 143.1 -188.70308025654228 -14.215397984586051 172.30225 44.964886 303.219772480217 47.6070499843929 -3.939141 -6.3295975 0.18010573 303.2202153568307 47.60703121133246 303.1119842593753 47.694917531224945 34.35865047684689 308.7106802170911 16000.0 16600.0 2016.0 2 249 {-999.0 18.998623 15.830559 13.465486 -999.0} sdss_psfmag_ps1 17.22879 13.103719 11.483134 6.347 63050395015938702 1153345503 bright_1x1 mwm_galactic_core_dist_apogee_sparse mwm_galactic science 0 0 1.1169923543930054 0.0 -999 ""
FIBERMAP 1143 R-2C5 BOSS 0 0 0 1 0 0 -187.5775250922544 -19.66027569579628 143.1 -188.10442159961596 -13.77386087086326 172.30225 44.964886 -999.0 -999.0 -999.0 -999.0 -999.0 303.22366733529674 47.60900088353 303.1158630228807 47.696959646759986 34.361650571923754 308.71238711766244 -999.0 5400.0 -999.0 1 473 {-999.0 -999.0 -999.0 -999.0 -999.0} "" -999.0 -999.0 -999.0 -999.0 -999 -999 "" "" "" "" 0 0 0.0 0.0 -999 ""
FIBERMAP 1143 R-2C5 METROLOGY 0 0 0 1 0 0 -187.4663855978115 -20.404558276904183 143.1 -188.01665434838375 -14.521272122715487 172.30225 44.964886 -999.0 -999.0 -999.0 -999.0 -999.0 303.2244622629131 47.60563211293702 303.11655131431127 47.69357427252958 34.36134792464161 308.70826413184756 -999.0 6231.0 -999.0 -1 -999 {-999.0 -999.0 -999.0 -999.0 -999.0} "" -999.0 -999.0 -999.0 -999.0 -999 -999 "" "" "" "" 0 0 0.0 0.0 -999 ""
FIBERMAP 1144 R+12C1 APOGEE 0 0 0 1 0 0 -165.6254397893029 233.88899941157942 143.1 -158.21869385811428 238.9672020031622 124.34843 154.10443 -999.0 -999.0 -999.0 -999.0 -999.0 303.4121186840287 48.752855366722216 303.2989535404916 48.84086016134987 34.72688800926739 310.0367537328538 -999.0 16600.0 -999.0 2 129 {-999.0 -999.0 -999.0 -999.0 -999.0} "" -999.0 -999.0 -999.0 -999.0 -999 -999 "" "" "" "" 0 0 0.0 0.0 -999 ""
FIBERMAP 1144 R+12C1 BOSS 1 1 0 1 0 0 -165.68760188531775 234.61200602423708 143.1 -158.25817357948878 239.69181285813795 124.34843 154.10443 303.41082540666207 48.75600484516653 -1.3713688 1.5596836 0.4839513 303.4114143601208 48.75600947105796 303.2986709244923 48.84407341592616 34.727373228419175 310.0406251900517 5400.0 5400.0 2016.0 1 8 {-999.0 14.333529 12.61456 11.816774 -999.0} sdss_psfmag_from_g3xp 13.563073 12.419743 11.375901 8.814 63050395016043777 996741244 bright_1x1 mwm_bin_gaia_sb_boss mwm_bin science 0 0 1.4124418497085571 0.0 -999 ""
FIBERMAP 1144 R+12C1 METROLOGY 0 0 0 1 0 0 -165.01571228647077 234.3137063387923 143.1 -157.5959492537752 239.37260356733734 124.34843 154.10443 -999.0 -999.0 -999.0 -999.0 -999.0 303.4160550488808 48.7546636672268 303.3031993820555 48.84271921379947 34.73000746112977 310.0382605127009 -999.0 6231.0 -999.0 -1 -999 {-999.0 -999.0 -999.0 -999.0 -999.0} "" -999.0 -999.0 -999.0 -999.0 -999 -999 "" "" "" "" 0 0 0.0 0.0 -999 ""
FIBERMAP 1148 R0C11 APOGEE 1 1 0 1 0 0 -61.83192708014253 -14.879070727780537 143.1 -62.268743429834174 -12.934719604139955 310.62 95.8326 304.0708221370304 47.61741809564493 -14.680648 -24.469975 2.6718423 304.0707575428326 47.617345519719635 303.9634274983994 47.70682301187693 34.920465281173726 308.57286001045514 16000.0 16600.0 2016.0 2 285 {-999.0 11.356782 10.985819 10.887881 -999.0} sdss_psfmag_from_g3xp 11.297 11.009639 10.560855 9.84 63050395015852819 996666764 bright_1x1 mwm_bin_gaia_sb_apogee mwm_bin science 0 0 0.0 0.0 -999 ""
FIBERMAP 1148 R0C11 BOSS 0 0 0 1 0 0 -62.33856925040504 -15.420822805096575 143.1 -62.79211885642401 -13.460340542420168 310.62 95.8326 -999.0 -999.0 -999.0 -999.0 -999.0 304.0667574801941 47.614877146330606 303.95985816708986 47.70440955463362 34.917603497961835 308.5706098797498 -999.0 5400.0 -999.0 1 431 {-999.0 -999.0 -999.0 -999.0 -999.0} "" -999.0 -999.0 -999.0 -999.0 -999 -999 "" "" "" "" 0 0 0.0 0.0 -999 ""
FIBERMAP 1148 R0C11 METROLOGY 0 0 0 1 0 0 -62.55688675615856 -14.708083827659104 143.1 -62.988001522632395 -12.741099869488878 310.62 95.8326 -999.0 -999.0 -999.0 -999.0 -999.0 304.0655506133109 47.61816967482298 303.95851546626216 47.70768146551564 34.9174193900903 308.5747433879366 -999.0 6231.0 -999.0 -1 -999 {-999.0 -999.0 -999.0 -999.0 -999.0} "" -999.0 -999.0 -999.0 -999.0 -999 -999 "" "" "" "" 0 0 0.0 0.0 -999 ""
FIBERMAP 1149 R-5C9 APOGEE 1 1 0 1 0 0 -43.52088393070865 -80.0018446779908 143.1 -46.00678842453487 -78.60027563930485 117.625435 36.5868 304.18128316424577 47.318565640849194 -2.822155 -4.5325418 0.08347322 304.1812708172784 47.31855219770706 304.07536253978697 47.40829817481063 34.930184927451535 308.19747164927634 16000.0 16600.0 2016.0 2 284 {-999.0 16.498589 14.838926 14.053452 -999.0} sdss_psfmag_from_g3xp 15.769301 14.65367 13.602496 10.975 63050395015818340 1151795824 bright_1x1 mwm_galactic_core_dist_apogee_sparse mwm_galactic science 0 0 0.0 0.0 -999 ""
FIBERMAP 1149 R-5C9 BOSS 0 0 0 1 0 0 -42.84644706993615 -80.32008328478292 143.1 -45.34264276217292 -78.93949419103565 117.625435 36.5868 -999.0 -999.0 -999.0 -999.0 -999.0 304.1852804278567 47.31690939581985 304.0798047220616 47.40672611789371 34.932781481982005 308.1948082684163 -999.0 5400.0 -999.0 1 409 {-999.0 -999.0 -999.0 -999.0 -999.0} "" -999.0 -999.0 -999.0 -999.0 -999 -999 "" "" "" "" 0 0 0.0 0.0 -999 ""
FIBERMAP 1149 R-5C9 METROLOGY 0 0 0 1 0 0 -43.45377380402973 -80.75003718277551 143.1 -45.96315213324503 -79.35021545356412 117.625435 36.5868 -999.0 -999.0 -999.0 -999.0 -999.0 304.1812433808317 47.315065020106566 304.0756517976188 47.40485678771689 34.92963370190041 308.19332140231967 -999.0 6231.0 -999.0 -1 -999 {-999.0 -999.0 -999.0 -999.0 -999.0} "" -999.0 -999.0 -999.0 -999.0 -999 -999 "" "" "" "" 0 0 0.0 0.0 -999 ""
FIBERMAP 1150 R-9C10 APOGEE 1 1 0 1 0 0 -9.3214339386094 -173.0490982960812 143.1 -14.738887318103023 -172.67485576139038 232.44067 46.358345 304.3905401685644 46.891884509155595 -5.2612453 -5.1956353 2.6277516 304.39051733430665 46.89186909933154 304.2866666147017 46.98209486958515 34.97783311057674 307.65183838732065 16000.0 16600.0 2016.0 2 180 {-999.0 12.255121 11.870537 11.763911 -999.0} sdss_psfmag_from_g3xp 12.192317 11.894311 11.435333 10.704 63050395015341711 1076200355 bright_1x1 mwm_snc_ext_main_apogee mwm_snc science 0 0 0.0 0.0 -999 ""
FIBERMAP 1150 R-9C10 BOSS 0 0 0 1 0 0 -9.43371451306562 -172.32582036559 143.1 -14.828453213726046 -171.94840343244732 232.44067 46.358345 -999.0 -999.0 -999.0 -999.0 -999.0 304.3895025997882 46.89503228797216 304.2860546935265 46.985318649411326 34.9781298008798 307.6557891216807 -999.0 5400.0 -999.0 1 375 {-999.0 -999.0 -999.0 -999.0 -999.0} "" -999.0 -999.0 -999.0 -999.0 -999 -999 "" "" "" "" 0 0 0.0 0.0 -999 ""
FIBERMAP 1150 R-9C10 METROLOGY 0 0 0 1 0 0 -8.730243476393337 -172.59692203429262 143.1 -14.133810296048225 -172.2414171164952 232.44067 46.358345 -999.0 -999.0 -999.0 -999.0 -999.0 304.39423998946154 46.893731210223216 304.2906847246578 46.984008615439954 34.980926114277935 307.65338710676946 -999.0 6231.0 -999.0 -1 -999 {-999.0 -999.0 -999.0 -999.0 -999.0} "" -999.0 -999.0 -999.0 -999.0 -999 -999 "" "" "" "" 0 0 0.0 0.0 -999 ""
FIBERMAP 1151 R-9C4 APOGEE 0 0 0 1 0 0 -136.38219471210695 -163.1360218481751 143.1 -141.42871036355828 -158.78548858848467 171.00575 80.90148 -999.0 -999.0 -999.0 -999.0 -999.0 303.5485734165053 46.9538222436193 303.4435409849197 47.042463062426776 34.43080861199613 307.8790494237748 -999.0 16600.0 -999.0 2 -999 {-999.0 -999.0 -999.0 -999.0 -999.0} "" -999.0 -999.0 -999.0 -999.0 -999 -999 "" "" "" "" 0 0 0.0 0.0 -999 ""
FIBERMAP 1151 R-9C4 BOSS 1 1 0 1 0 0 -136.15921122248966 -162.44851882562145 143.1 -141.18429230637497 -158.10529848833315 171.00575 80.90148 303.54959844915953 46.95687907924158 15.141022 -28.628023 11.077509 303.5496642421882 46.956794170889516 303.4450422653356 47.045505754539896 34.4324946517107 307.88236127407407 5400.0 5400.0 2016.0 1 479 {-999.0 17.512175 16.04295 14.784078 -999.0} sdss_psfmag_ps1 16.845802 15.395082 14.220166 12.047 63050395014950070 1151076372 bright_1x1 mwm_snc_100pc_boss_single mwm_snc science 0 0 0.0 0.0 -999 ""
FIBERMAP 1151 R-9C4 METROLOGY 0 0 0 1 0 0 -135.6519761074144 -162.9829115288864 143.1 -140.6940414014082 -158.65532980126292 171.00575 80.90148 -999.0 -999.0 -999.0 -999.0 -999.0 303.5530863665056 46.95434999443419 303.4483609596045 47.043047431261954 34.434140162775364 307.8788368357325 -999.0 6231.0 -999.0 -1 -999 {-999.0 -999.0 -999.0 -999.0 -999.0} "" -999.0 -999.0 -999.0 -999.0 -999 -999 "" "" "" "" 0 0 0.0 0.0 -999 ""
FIBERMAP 1152 R-9C3 APOGEE 1 1 0 1 0 0 -162.31229619925963 -175.21122559168816 143.1 -167.72483027314289 -170.04252941963856 206.43521 89.171524 303.37600630251893 46.90249429624472 -999.0 -999.0 -999.0 303.37600630251893 46.90249429624471 303.27101087396125 46.9908226075322 34.30450651556597 307.8506116038652 16000.0 16600.0 2016.0 2 256 {-999.0 -999.0 -999.0 -999.0 -999.0} "" -999.0 -999.0 -999.0 9.897 63050395014951119 1151471866 bright_1x1 mwm_galactic_core_dist_apogee_sparse mwm_galactic science 0 0 0.0 0.0 -999 ""
FIBERMAP 1152 R-9C3 BOSS 0 0 0 1 0 0 -162.62545512983766 -174.54730991372392 143.1 -168.0170390250746 -169.36911733780354 206.43521 89.171524 -999.0 -999.0 -999.0 -999.0 -999.0 303.373544791769 46.90542922639545 303.2689603658307 46.993820732792905 34.303832004797414 307.8545324055839 -999.0 5400.0 -999.0 1 477 {-999.0 -999.0 -999.0 -999.0 -999.0} "" -999.0 -999.0 -999.0 -999.0 -999 -999 "" "" "" "" 0 0 0.0 0.0 -999 ""
FIBERMAP 1152 R-9C3 METROLOGY 0 0 0 1 0 0 -161.8521939750089 -174.6214616349391 143.1 -167.24646840657718 -169.46746124046464 206.43521 89.171524 -999.0 -999.0 -999.0 -999.0 -999.0 303.3787644624003 46.905029091636905 303.2740664396455 46.99341106100624 34.307128298774046 307.85308382867254 -999.0 6231.0 -999.0 -1 -999 {-999.0 -999.0 -999.0 -999.0 -999.0} "" -999.0 -999.0 -999.0 -999.0 -999 -999 "" "" "" "" 0 0 0.0 0.0 -999 ""
FIBERMAP 1153 R-6C11 APOGEE 0 0 0 1 0 0 6.121240112789591 -105.24178095725803 143.1 2.820954451060651 -105.38358450949188 60.534782 118.66304 -999.0 -999.0 -999.0 -999.0 -999.0 304.50873718084 47.19654386636621 304.4037225256892 47.286924950306165 35.12142628748398 307.9943936849181 -999.0 16600.0 -999.0 2 -999 {-999.0 -999.0 -999.0 -999.0 -999.0} "" -999.0 -999.0 -999.0 -999.0 -999 -999 "" "" "" "" 0 0 0.0 0.0 -999 ""
FIBERMAP 1153 R-6C11 BOSS 1 1 0 1 0 0 6.860913284790721 -105.2396658631763 143.1 3.5603425896083998 -105.40464545876169 60.534782 118.66304 304.51265282486554 47.19634159564165 -2.915139 -4.8999724 0.34015962 304.5132765797728 47.19632706273064 304.4086852686439 47.28677856122341 35.12468368715205 307.99333988096316 5400.0 5400.0 2016.0 1 386 {-999.0 11.771534 11.416903 11.285196 -999.0} sdss_psfmag_from_g3xp 11.69287 11.408846 10.9433565 10.253 63050395015808744 1068575174 bright_1x1 mwm_ob_core_boss_single mwm_ob science 0 0 1.5569283962249756 0.0 -999 ""
FIBERMAP 1153 R-6C11 METROLOGY 0 0 0 1 0 0 6.489455174304885 -105.89068745975672 143.1 3.1686634447658744 -106.0437195332061 60.534782 118.66304 -999.0 -999.0 -999.0 -999.0 -999.0 304.5107555936697 47.193455985524935 304.4060554740792 47.28388582310981 35.12232318333841 307.9903505371756 -999.0 6231.0 -999.0 -1 -999 {-999.0 -999.0 -999.0 -999.0 -999.0} "" -999.0 -999.0 -999.0 -999.0 -999 -999 "" "" "" "" 0 0 0.0 0.0 -999 ""
FIBERMAP 1156 R-11C14 APOGEE 1 1 0 1 0 0 131.45781635586073 -218.25641641349443 143.1 124.55708970592823 -222.2715221344947 298.31378 145.75476 305.3094790654382 46.66561801583997 -3.168243 -5.4775457 0.1897348 305.30946537265254 46.66560176989453 305.20760037620397 46.75757655346358 35.54451180908354 307.2176655846314 16000.0 16600.0 2016.0 2 239 {-999.0 17.062819 14.955384 13.840344 -999.0} sdss_psfmag_from_g3xp 16.026379 14.499266 13.312464 10.224 63050395015320168 1151795247 bright_1x1 mwm_galactic_core_dist_apogee_sparse mwm_galactic science 0 0 0.0 0.0 -999 ""
FIBERMAP 1156 R-11C14 BOSS 0 0 0 1 0 0 131.3841264001414 -218.99756366827825 143.1 124.46021352475609 -223.01000857299837 298.31378 145.75476 -999.0 -999.0 -999.0 -999.0 -999.0 305.30833934087474 46.662224499259395 305.2068941173463 46.75425815550107 35.54333792901805 307.2138049124138 -999.0 5400.0 -999.0 1 255 {-999.0 -999.0 -999.0 -999.0 -999.0} "" -999.0 -999.0 -999.0 -999.0 -999 -999 "" "" "" "" 0 0 0.0 0.0 -999 ""
FIBERMAP 1156 R-11C14 METROLOGY 0 0 0 1 0 0 130.77497077108262 -218.56370155696155 143.1 123.86494074221518 -222.55726678745103 298.31378 145.75476 -999.0 -999.0 -999.0 -999.0 -999.0 305.30459508775795 46.664290841572544 305.2030216804961 46.75630008476933 35.541176151475035 307.2169466084863 -999.0 6231.0 -999.0 -1 -999 {-999.0 -999.0 -999.0 -999.0 -999.0} "" -999.0 -999.0 -999.0 -999.0 -999 -999 "" "" "" "" 0 0 0.0 0.0 -999 ""
FIBERMAP 1158 R-5C22 APOGEE 0 0 0 1 0 0 236.81209477641627 -106.87743326434752 143.1 233.35099678698532 -114.24634076195898 251.23642 143.26268 -999.0 -999.0 -999.0 -999.0 -999.0 306.04291773130643 47.14579350747351 305.9399144055078 47.23901681739363 36.13181627721126 307.67308532231186 -999.0 16600.0 -999.0 2 211 {-999.0 -999.0 -999.0 -999.0 -999.0} "" -999.0 -999.0 -999.0 -999.0 -999 -999 "" "" "" "" 0 0 0.0 0.0 -999 ""
FIBERMAP 1158 R-5C22 BOSS 1 1 0 1 0 0 236.20103201985927 -107.2944219900503 143.1 232.72715938559568 -114.64398595488233 251.23642 143.26268 306.03836351596334 47.14398923713014 -2.0909598 -1.0216191 -2.4859474 306.03835439806716 47.143986207092645 305.93575638148474 47.23725670758263 36.128701063643206 307.6716395392134 5400.0 5400.0 2016.0 1 251 {-999.0 14.134203 13.6853285 13.487151 -999.0} sdss_psfmag_from_g3xp 14.033455 13.768165 13.143149 12.271 63050395015382290 1093754179 bright_1x1 mwm_astar_core_boss_single mwm_ob science 0 0 0.0 0.0 -999 ""
FIBERMAP 1158 R-5C22 METROLOGY 0 0 0 1 0 0 236.14319505641177 -106.55314948960938 143.1 232.69257503949098 -113.90125340008358 251.23642 143.26268 -999.0 -999.0 -999.0 -999.0 -999.0 306.03837808184704 47.147355832108346 305.9356517019195 47.24061003145641 36.12929391245283 307.67572682436025 -999.0 6231.0 -999.0 -1 -999 {-999.0 -999.0 -999.0 -999.0 -999.0} "" -999.0 -999.0 -999.0 -999.0 -999 -999 "" "" "" "" 0 0 0.0 0.0 -999 ""
FIBERMAP 1162 R-2C6 APOGEE 0 0 0 1 0 0 -148.99199841072215 -36.952896365002445 143.1 -150.07902385090435 -32.2672093370938 311.50174 163.7677 -999.0 -999.0 -999.0 -999.0 -999.0 303.4804225366521 47.52698197640402 303.3728284843898 47.61537367559929 34.51232271522906 308.5693696318416 -999.0 16600.0 -999.0 2 -999 {-999.0 -999.0 -999.0 -999.0 -999.0} "" -999.0 -999.0 -999.0 -999.0 -999 -999 "" "" "" "" 0 0 0.0 0.0 -999 ""
FIBERMAP 1162 R-2C6 BOSS 1 1 0 1 0 0 -148.6602155848425 -37.63060396092405 143.1 -149.76863216985166 -32.95499030030471 311.50174 163.7677 303.48206641187426 47.523810844598664 -5.011211 -6.5060678 0.663136 303.48204440212083 47.52379154814127 303.37489478909185 47.61225256794357 34.51299162158594 308.56530201100225 5400.0 5400.0 2016.0 1 472 {-999.0 15.294215 14.327298 13.86433 -999.0} sdss_psfmag_from_g3xp 14.972063 14.296121 13.485556 11.689 63050395015843931 1034773353 bright_1x1 mwm_yso_variable_boss_single mwm_yso science 0 0 0.0 0.0 -999 ""
FIBERMAP 1162 R-2C6 METROLOGY 0 0 0 1 0 0 -149.40313141728265 -37.575497064832064 143.1 -150.5094685803877 -32.87663294075359 311.50174 163.7677 -999.0 -999.0 -999.0 -999.0 -999.0 303.47720747524477 47.52413724306781 303.3699296656853 47.612570459476956 34.50979745050461 308.56657584425955 -999.0 6231.0 -999.0 -1 -999 {-999.0 -999.0 -999.0 -999.0 -999.0} "" -999.0 -999.0 -999.0 -999.0 -999 -999 "" "" "" "" 0 0 0.0 0.0 -999 ""
FIBERMAP 1163 R-8C7 APOGEE 0 0 0 1 0 0 -49.506262499695474 -167.87485020028103 143.1 -54.742513648839456 -166.24401587556645 35.643337 25.57138 -999.0 -999.0 -999.0 -999.0 -999.0 304.12441492656916 46.92108648647359 304.02014686975104 47.01081017061076 34.80680214748006 307.73467226268093 -999.0 16600.0 -999.0 2 -999 {-999.0 -999.0 -999.0 -999.0 -999.0} "" -999.0 -999.0 -999.0 -999.0 -999 -999 "" "" "" "" 0 0 0.0 0.0 -999 ""
FIBERMAP 1163 R-8C7 BOSS 1 1 0 1 0 0 -49.84204192951311 -168.54709882247784 143.1 -55.0991961320038 -166.90542475908373 35.643337 25.57138 304.12162493088226 46.91798671881421 -2.3398592 -1.7230855 0.46603894 304.1216147707436 46.917981608285565 304.0177761445976 47.00776559995583 34.80455282757335 307.73149094810213 5400.0 5400.0 2016.0 1 401 {-999.0 17.43897 16.605492 16.231989 15.973167} sdss_psfmag_from_ps1dr2 17.1758 16.6026 15.8709 14.593 63050395015793196 1038706545 "" ops_std_boss_ps1dr2 ops_std standard_boss 0 0 0.0 0.0 -999 ""
FIBERMAP 1163 R-8C7 METROLOGY 0 0 0 1 0 0 -50.25130878966122 -167.91444825983044 143.1 -55.48844674938045 -166.26025174188143 35.643337 25.57138 -999.0 -999.0 -999.0 -999.0 -999.0 304.119133832774 46.92092390680793 304.015161203555 47.0106842102212 34.80345879698234 307.73543739108624 -999.0 6231.0 -999.0 -1 -999 {-999.0 -999.0 -999.0 -999.0 -999.0} "" -999.0 -999.0 -999.0 -999.0 -999 -999 "" "" "" "" 0 0 0.0 0.0 -999 ""
FIBERMAP 1167 R-3C5 APOGEE 1 1 0 1 0 0 -170.44786503768847 -78.36598166478258 143.1 -172.82223250490946 -72.98838221029844 315.4478 54.506462 303.33189214779327 47.34111221750692 -2.0008457 -3.1794343 0.061261535 303.3318833903272 47.341102787569156 303.22494062786024 47.42925520676067 34.37349826263681 308.37633863142906 16000.0 16600.0 2016.0 2 264 {-999.0 17.037735 14.965367 13.693746 -999.0} sdss_psfmag_from_g3xp 16.026627 14.384299 13.157722 9.986 63050395015840681 1151795967 bright_1x1 mwm_galactic_core_dist_apogee_sparse mwm_galactic science 0 0 0.0 0.0 -999 ""
FIBERMAP 1167 R-3C5 BOSS 0 0 0 1 0 0 -171.19604787373024 -78.50018568251218 143.1 -173.57426480443655 -73.09908082981546 315.4478 54.506462 -999.0 -999.0 -999.0 -999.0 -999.0 303.3263824975175 47.340480545064636 303.2198656489621 47.42868971757121 34.37002578842074 308.37660556583705 -999.0 5400.0 -999.0 1 466 {-999.0 -999.0 -999.0 -999.0 -999.0} "" -999.0 -999.0 -999.0 -999.0 -999 -999 "" "" "" "" 0 0 0.0 0.0 -999 ""
FIBERMAP 1167 R-3C5 METROLOGY 0 0 0 1 0 0 -170.92744426571133 -77.79533453948743 143.1 -173.28370475389247 -72.40298019337374 315.4478 54.506462 -999.0 -999.0 -999.0 -999.0 -999.0 303.32838564859765 47.343673267184094 303.22173539849837 47.43186653186395 34.3719720724705 308.3800116812778 -999.0 6231.0 -999.0 -1 -999 {-999.0 -999.0 -999.0 -999.0 -999.0} "" -999.0 -999.0 -999.0 -999.0 -999 -999 "" "" "" "" 0 0 0.0 0.0 -999 ""
FIBERMAP 1169 R-11C9 APOGEE 0 0 0 1 0 0 24.654315338463505 -229.47909467878125 143.1 17.452691369576957 -230.14256088060196 9.097601 43.917877 -999.0 -999.0 -999.0 -999.0 -999.0 304.6026816778988 46.6328805737429 304.50015831193673 46.72355449521787 35.06373750317296 307.304783861702 -999.0 16600.0 -999.0 2 168 {-999.0 -999.0 -999.0 -999.0 -999.0} "" -999.0 -999.0 -999.0 -999.0 -999 -999 "" "" "" "" 0 0 0.0 0.0 -999 ""
FIBERMAP 1169 R-11C9 BOSS 1 1 0 1 0 0 24.232786413786695 -230.09413670860994 143.1 17.012092483594003 -230.74410368492642 9.097601 43.917877 304.59890312621167 46.630124824726856 -5.7944093 -10.192228 0.6082087 304.5993430099624 46.63009459542349 304.49724086923345 46.720826678171655 35.06118821376313 307.3020678361307 5400.0 5400.0 2016.0 1 361 {-999.0 14.174316 13.071055 12.619366 -999.0} sdss_psfmag_from_g3xp 13.786127 13.06573 12.241913 10.426 63050395015331984 996779800 bright_1x1 mwm_bin_gaia_sb_boss mwm_bin science 0 0 1.149322509765625 0.0 -999 ""
FIBERMAP 1169 R-11C9 METROLOGY 0 0 0 1 0 0 23.90727077662163 -229.41715664729367 143.1 16.70794221998007 -230.05724627094253 9.097601 43.917877 -999.0 -999.0 -999.0 -999.0 -999.0 304.5974742599281 46.63320135678591 304.4952400166834 46.72391116574151 35.060526067936124 307.30611176361015 -999.0 6231.0 -999.0 -1 -999 {-999.0 -999.0 -999.0 -999.0 -999.0} "" -999.0 -999.0 -999.0 -999.0 -999 -999 "" "" "" "" 0 0 0.0 0.0 -999 ""
FIBERMAP 1170 R-5C6 APOGEE 0 0 0 1 0 0 -133.8175212189166 -100.73905332060265 143.1 -136.91026695485712 -96.49851001018386 182.64565 132.75627 -999.0 -999.0 -999.0 -999.0 -999.0 303.57336226216205 47.23576673768771 303.4671396259441 47.32439424855557 34.50986122411647 308.20788246815613 -999.0 16600.0 -999.0 2 -999 {-999.0 -999.0 -999.0 -999.0 -999.0} "" -999.0 -999.0 -999.0 -999.0 -999 -999 "" "" "" "" 0 0 0.0 0.0 -999 ""
FIBERMAP 1170 R-5C6 BOSS 1 1 0 1 0 0 -134.36182848275817 -100.23578450111648 143.1 -137.43854755809306 -95.97842627450287 182.64565 132.75627 303.5693049005536 47.2380121038382 -999.0 -999.0 -999.0 303.5693049005536 47.2380121038382 303.46349448576655 47.3266977195169 34.50796697223482 308.2112766455048 5400.0 5400.0 2015.5 1 456 {-999.0 -999.0 -999.0 -999.0 -999.0} "" -999.0 -999.0 -999.0 -999.0 27021603114181175 818195281 "" ops_sky_boss_good ops_sky sky_boss 0 0 0.0 0.0 -999 ""
FIBERMAP 1170 R-5C6 METROLOGY 0 0 0 1 0 0 -133.63874560634406 -100.01469066221865 143.1 -136.70888091238047 -95.78009268318424 182.64565 132.75627 -999.0 -999.0 -999.0 -999.0 -999.0 303.5742900683834 47.23895748016542 303.46836007507915 47.32763345979388 34.511390628224575 308.211490187265 -999.0 6231.0 -999.0 -1 -999 {-999.0 -999.0 -999.0 -999.0 -999.0} "" -999.0 -999.0 -999.0 -999.0 -999 -999 "" "" "" "" 0 0 0.0 0.0 -999 ""
FIBERMAP 1172 R-3C6 APOGEE 0 0 0 1 0 0 -157.1104109601718 -71.88985810048987 143.1 -159.28820656253146 -66.93321631425445 263.4765 78.71734 -999.0 -999.0 -999.0 -999.0 -999.0 303.42159451436123 47.36914198173343 303.3146265958005 47.45745677281352 34.43893046740032 308.3931832928335 -999.0 16600.0 -999.0 2 -999 {-999.0 -999.0 -999.0 -999.0 -999.0} "" -999.0 -999.0 -999.0 -999.0 -999 -999 "" "" "" "" 0 0 0.0 0.0 -999 ""
FIBERMAP 1172 R-3C6 BOSS 1 1 0 1 0 0 -157.82044092342255 -71.67694568008123 143.1 -159.99122844565247 -66.69815874120548 263.4765 78.71734 303.41545673083607 47.37009660443233 -0.6056395 -1.2766063 0.6682264 303.4163767189909 47.370092818124235 303.309827368102 47.45846414311006 34.43599253783823 308.39525275065796 5400.0 5400.0 2016.0 1 467 {-999.0 9.622494 9.637252 9.700082 -999.0} sdss_psfmag_from_g3xp 9.679098 9.583653 9.374049 9.152 63050395015839814 1068575231 bright_1x1 mwm_ob_core_boss_single mwm_ob science 0 0 2.2495229244232178 0.0 -999 ""
FIBERMAP 1172 R-3C6 METROLOGY 0 0 0 1 0 0 -157.27952615857026 -71.1631793336455 143.1 -159.43447353574146 -66.20158405253709 263.4765 78.71734 -999.0 -999.0 -999.0 -999.0 -999.0 303.4201857178582 47.372392020685496 303.31350913947995 47.46075104688303 34.43892978933813 308.3972813675663 -999.0 6231.0 -999.0 -1 -999 {-999.0 -999.0 -999.0 -999.0 -999.0} "" -999.0 -999.0 -999.0 -999.0 -999 -999 "" "" "" "" 0 0 0.0 0.0 -999 ""
FIBERMAP 1174 R-1C1 APOGEE 1 1 0 1 0 0 -262.4340719138521 -25.803151012553666 143.1 -263.1178810835748 -17.56845393264404 20.511997 69.19451 302.72578525322587 47.58648964952402 -2.8207238 -4.0360627 0.067764916 302.72577284948756 47.586477678897346 302.61710021516245 47.673437433541395 34.029232741685675 308.7762712687651 16000.0 16600.0 2016.0 2 293 {-999.0 15.832269 14.110793 13.311013 -999.0} sdss_psfmag_from_g3xp 15.061213 13.913789 12.867852 10.274 63050395015074943 1151794889 bright_1x1 mwm_galactic_core_dist_apogee_sparse mwm_galactic science 0 0 0.0 0.0 -999 ""
FIBERMAP 1174 R-1C1 BOSS 0 0 0 1 0 0 -262.38450347589765 -26.539844729527715 143.1 -263.09141787592546 -18.30635081367822 20.511997 69.19451 -999.0 -999.0 -999.0 -999.0 -999.0 302.72560014790196 47.58307361356435 302.6173786990411 47.67010271234404 34.02865348067857 308.7723022097065 -999.0 5400.0 -999.0 1 425 {-999.0 -999.0 -999.0 -999.0 -999.0} "" -999.0 -999.0 -999.0 -999.0 -999 -999 "" "" "" "" 0 0 0.0 0.0 -999 ""
FIBERMAP 1174 R-1C1 METROLOGY 0 0 0 1 0 0 -263.06251849728824 -26.20522748688012 143.1 -263.7586268329452 -17.950649296018295 20.511997 69.19451 -999.0 -999.0 -999.0 -999.0 -999.0 302.72127319274324 47.58464560370737 302.61291656106965 47.6716466752963 34.026081014267 308.77494431295304 -999.0 6231.0 -999.0 -1 -999 {-999.0 -999.0 -999.0 -999.0 -999.0} "" -999.0 -999.0 -999.0 -999.0 -999 -999 "" "" "" "" 0 0 0.0 0.0 -999 ""
FIBERMAP 1176 R+12C11 APOGEE 0 0 0 1 0 0 68.02692531457394 250.0510059036668 143.1 75.8290789663433 247.80086324078334 117.77983 82.369125 -999.0 -999.0 -999.0 -999.0 -999.0 305.01795715581494 48.7955372703023 304.90654576590697 48.88652962051614 35.77248105070876 309.8347581550972 -999.0 16600.0 -999.0 2 -999 {-999.0 -999.0 -999.0 -999.0 -999.0} "" -999.0 -999.0 -999.0 -999.0 -999 -999 "" "" "" "" 0 0 0.0 0.0 -999 ""
FIBERMAP 1176 R+12C11 BOSS 1 1 0 1 0 0 68.71457874819892 250.31706830594842 143.1 76.52474192687265 248.04525409408413 117.77983 82.369125 305.02232074021447 48.79656591534788 0.76293945 -7.327222 0.56778425 305.02232417530666 48.79654418341779 304.91133615240665 48.887597952427726 35.77577600608609 309.8353178131538 5400.0 5400.0 2016.0 1 102 {-999.0 16.298903 15.260794 14.814283 -999.0} sdss_psfmag_ps1 15.91351 15.2288 14.4200735 12.801 63050395016114459 1034764169 bright_1x1 mwm_yso_variable_boss_single mwm_yso science 0 0 0.0 0.0 -999 ""
FIBERMAP 1176 R+12C11 METROLOGY 0 0 0 1 0 0 68.60193971249588 249.5755898514617 143.1 76.38892478733169 247.30765694463582 117.77983 82.369125 -999.0 -999.0 -999.0 -999.0 -999.0 305.0214823700579 48.79327220566864 304.9103883299912 48.88430985957822 35.77454290211851 309.83148309580633 -999.0 6231.0 -999.0 -1 -999 {-999.0 -999.0 -999.0 -999.0 -999.0} "" -999.0 -999.0 -999.0 -999.0 -999 -999 "" "" "" "" 0 0 0.0 0.0 -999 ""
FIBERMAP 1177 R+4C12 APOGEE 0 0 0 1 0 0 -15.61235932646075 77.13035194027502 143.1 -13.188337979191093 77.58287741430925 199.17955 98.956696 -999.0 -999.0 -999.0 -999.0 -999.0 304.40360875841543 48.029664138388725 304.2948563991015 48.119675106809375 35.2240708021021 309.00935029631376 -999.0 16600.0 -999.0 2 -999 {-999.0 -999.0 -999.0 -999.0 -999.0} "" -999.0 -999.0 -999.0 -999.0 -999 -999 "" "" "" "" 0 0 0.0 0.0 -999 ""
FIBERMAP 1177 R+4C12 BOSS 1 1 0 1 0 0 -15.968627295774931 77.78229870972162 143.1 -13.52401029888472 78.24567694120294 199.17955 98.956696 304.40089760985285 48.032663409203195 -999.0 -999.0 -999.0 304.40089760985285 48.032663409203195 304.29255219913887 48.122727877341944 35.22319098233999 309.01339390430803 5400.0 5400.0 2015.5 1 115 {-999.0 -999.0 -999.0 -999.0 -999.0} "" -999.0 -999.0 -999.0 -999.0 27021603114183795 808300406 "" ops_sky_boss_good ops_sky sky_boss 0 0 0.0 0.0 -999 ""
FIBERMAP 1177 R+4C12 METROLOGY 0 0 0 1 0 0 -15.223477594454025 77.76708813291938 143.1 -12.779691070582095 78.20712696210403 199.17955 98.956696 -999.0 -999.0 -999.0 -999.0 -999.0 304.4060895929741 48.03249217580798 304.2976309984261 48.12254956028285 35.226472810096695 309.01232967479405 -999.0 6231.0 -999.0 -1 -999 {-999.0 -999.0 -999.0 -999.0 -999.0} "" -999.0 -999.0 -999.0 -999.0 -999 -999 "" "" "" "" 0 0 0.0 0.0 -999 ""
FIBERMAP 1189 R-13C11 APOGEE 0 0 0 1 0 0 65.75933618336182 -267.30772101409667 143.1 57.35296367038611 -269.2411010104239 277.5743 59.891632 -999.0 -999.0 -999.0 -999.0 -999.0 304.86323416055274 46.45764200032921 304.76173033435583 46.54883569427206 35.20076511014591 307.0482758468064 -999.0 16600.0 -999.0 2 189 {-999.0 -999.0 -999.0 -999.0 -999.0} "" -999.0 -999.0 -999.0 -999.0 -999 -999 "" "" "" "" 0 0 0.0 0.0 -999 ""
FIBERMAP 1189 R-13C11 BOSS 1 1 0 1 0 0 65.0789147584629 -267.0284421235675 143.1 56.68161562151578 -268.94063616620144 277.5743 59.891632 304.8579723365214 46.45896803704705 -6.0455666 -12.831728 0.53485954 304.858441367887 46.45892997920721 304.75733683410084 46.550177748897205 35.19810964301266 307.0506862377664 5400.0 5400.0 2016.0 1 336 {-999.0 13.965663 12.845702 12.364075 -999.0} sdss_psfmag_from_g3xp 13.562613 12.820246 11.980767 10.146 63050395015304213 996779799 bright_1x1 mwm_bin_gaia_sb_boss mwm_bin science 0 0 1.2277226448059082 0.0 -999 ""
FIBERMAP 1189 R-13C11 METROLOGY 0 0 0 1 0 0 65.6945561197208 -266.5653691029309 143.1 57.311473341174825 -268.4970720201076 277.5743 59.891632 -999.0 -999.0 -999.0 -999.0 -999.0 304.8627211865303 46.46091006663965 304.7614970329547 46.55214734075285 35.20133179256584 307.05227365199755 -999.0 6231.0 -999.0 -1 -999 {-999.0 -999.0 -999.0 -999.0 -999.0} "" -999.0 -999.0 -999.0 -999.0 -999 -999 "" "" "" "" 0 0 0.0 0.0 -999 ""
FIBERMAP 1190 R+13C5 APOGEE 1 1 0 1 0 0 -67.58450695778643 240.5708195155931 143.1 -60.014973695158794 242.57408327147968 246.71767 92.47581 304.0843327243023 48.77465798820268 -7.4864116 -10.816638 0.71319956 304.0842990318719 48.77462590695002 303.97183252716667 48.863885606958945 35.16504663505313 309.9542077046957 16000.0 16600.0 2016.0 2 111 {-999.0 12.037906 10.499678 9.807126 -999.0} sdss_psfmag_from_g3xp 11.379236 10.37683 9.39938 7.124 63050395016025497 1155633653 bright_1x1 mwm_galactic_core_dist_apogee_extra mwm_galactic science 0 0 0.0 0.0 -999 ""
FIBERMAP 1190 R+13C5 BOSS 0 0 0 1 0 0 -68.2839256550202 240.8102498148323 143.1 -60.7065585082045 242.83531366245026 246.71767 92.47581 -999.0 -999.0 -999.0 -999.0 -999.0 304.0791123693177 48.775739312183646 303.967065656399 48.865046785670074 35.16220611244036 309.95636594409393 -999.0 5400.0 -999.0 1 85 {-999.0 -999.0 -999.0 -999.0 -999.0} "" -999.0 -999.0 -999.0 -999.0 -999 -999 "" "" "" "" 0 0 0.0 0.0 -999 ""
FIBERMAP 1190 R+13C5 METROLOGY 0 0 0 1 0 0 -67.72864600257898 241.30910220507565 143.1 -60.1359128091939 243.31653140533226 246.71767 92.47581 -999.0 -999.0 -999.0 -999.0 -999.0 304.0831580746134 48.77791542049216 303.97098420014936 48.86721359036344 35.165164787102036 309.9583329508009 -999.0 6231.0 -999.0 -1 -999 {-999.0 -999.0 -999.0 -999.0 -999.0} "" -999.0 -999.0 -999.0 -999.0 -999 -999 "" "" "" "" 0 0 0.0 0.0 -999 ""
FIBERMAP 1192 R-11C4 APOGEE 1 1 0 1 0 0 -87.30267069064551 -215.51039712066995 143.1 -94.01346183846904 -212.67272206707273 357.5452 112.705154 303.8662054881781 46.7118906369942 -4.988699 -7.1242065 0.47507712 303.86618390911207 46.711869507188695 303.7625249741803 46.801155663655486 34.58839221962443 307.53396351047246 16000.0 16600.0 2016.0 2 164 {-999.0 13.947612 12.290885 11.512409 -999.0} sdss_psfmag_from_g3xp 13.217206 12.098522 11.060543 8.486 63050395014913740 1151794861 bright_1x1 mwm_galactic_core_dist_apogee_sparse mwm_galactic science 0 0 0.0 0.0 -999 ""
FIBERMAP 1192 R-11C4 BOSS 0 0 0 1 0 0 -87.0412890994008 -216.20463001637054 143.1 -93.77395571722636 -213.37481470817602 357.5452 112.705154 -999.0 -999.0 -999.0 -999.0 -999.0 303.86736739619045 46.708622848396416 303.7641441299464 46.79797863675188 34.58875374775173 307.52989990535104 -999.0 5400.0 -999.0 1 349 {-999.0 -999.0 -999.0 -999.0 -999.0} "" -999.0 -999.0 -999.0 -999.0 -999 -999 "" "" "" "" 0 0 0.0 0.0 -999 ""
FIBERMAP 1192 R-11C4 METROLOGY 0 0 0 1 0 0 -87.77541761591146 -216.08968919472974 143.1 -94.50413430118952 -213.23692716018573 357.5452 112.705154 -999.0 -999.0 -999.0 -999.0 -999.0 303.86266401889196 46.709264057084965 303.7593138389651 46.79859200477447 34.58567138953918 307.531533788148 -999.0 6231.0 -999.0 -1 -999 {-999.0 -999.0 -999.0 -999.0 -999.0} "" -999.0 -999.0 -999.0 -999.0 -999 -999 "" "" "" "" 0 0 0.0 0.0 -999 ""
FIBERMAP 1194 R-7C9 APOGEE 1 1 0 1 0 0 -47.41323465195707 -124.88408500193835 143.1 -51.30351652231141 -123.33924644463384 174.31075 79.330315 304.1464453684139 47.11533146828638 -999.0 -999.0 -999.0 304.1464453684139 47.11533146828638 304.04137186626343 47.205055285601325 34.8635665770997 307.96167898343924 16000.0 16600.0 2015.5 2 171 {-999.0 -999.0 -999.0 -999.0 -999.0} "" -999.0 -999.0 -999.0 -999.0 27021603114180298 830409449 "" ops_sky_apogee_best ops_sky sky_apogee 0 0 0.0 0.0 -999 ""
FIBERMAP 1194 R-7C9 BOSS 0 0 0 1 0 0 -47.17823714791248 -124.17915492575224 143.1 -51.046544141674104 -122.64201398428972 174.31075 79.330315 -999.0 -999.0 -999.0 -999.0 -999.0 304.14769862073604 47.11837933984109 304.0430336171478 47.20816873933571 34.86534830549579 307.9650813965514 -999.0 5400.0 -999.0 1 388 {-999.0 -999.0 -999.0 -999.0 -999.0} "" -999.0 -999.0 -999.0 -999.0 -999 -999 "" "" "" "" 0 0 0.0 0.0 -999 ""
FIBERMAP 1194 R-7C9 METROLOGY 0 0 0 1 0 0 -46.68112474090158 -124.7350342586926 143.1 -50.56708434449634 -123.21320456277425 174.31075 79.330315 -999.0 -999.0 -999.0 -999.0 -999.0 304.15103853151084 47.11581712461449 304.0462690968068 47.20559518046045 34.86693126135149 307.9614354579747 -999.0 6231.0 -999.0 -1 -999 {-999.0 -999.0 -999.0 -999.0 -999.0} "" -999.0 -999.0 -999.0 -999.0 -999 -999 "" "" "" "" 0 0 0.0 0.0 -999 ""
FIBERMAP 1200 R+2C7 APOGEE 1 1 0 1 0 0 -141.61085780849004 20.255784559355945 143.1 -140.90895749374627 24.6830388415857 297.14407 58.329685 303.538310784947 47.78633144471099 -1.9978645 -4.362514 0.28155893 303.5383019658934 47.786318505857274 303.4296303671274 47.874763960810824 34.60643246913282 308.8665206495162 16000.0 16600.0 2016.0 2 146 {-999.0 15.097173 13.55087 12.846998 -999.0} sdss_psfmag_from_g3xp 14.438373 13.410673 12.414951 10.011 63050395015860552 1151795864 bright_1x1 mwm_galactic_core_dist_apogee_sparse mwm_galactic science 0 0 0.0 0.0 -999 ""
FIBERMAP 1200 R+2C7 BOSS 0 0 0 1 0 0 -142.35218237296993 20.284831509764583 143.1 -141.64901988817275 24.735298775691582 297.14407 58.329685 -999.0 -999.0 -999.0 -999.0 -999.0 303.53279364554965 47.78646764038781 303.42454510845783 47.87496690627496 34.60314723943472 308.86766211641276 -999.0 5400.0 -999.0 1 47 {-999.0 -999.0 -999.0 -999.0 -999.0} "" -999.0 -999.0 -999.0 -999.0 -999 -999 "" "" "" "" 0 0 0.0 0.0 -999 ""
FIBERMAP 1200 R+2C7 METROLOGY 0 0 0 1 0 0 -141.9527124283598 20.91833521658966 143.1 -141.22989107424868 25.35598562877611 297.14407 58.329685 -999.0 -999.0 -999.0 -999.0 -999.0 303.5357213776719 47.78932571372802 303.427341651791 47.877811648175324 34.60559647638162 308.87054028548283 -999.0 6231.0 -999.0 -1 -999 {-999.0 -999.0 -999.0 -999.0 -999.0} "" -999.0 -999.0 -999.0 -999.0 -999 -999 "" "" "" "" 0 0 0.0 0.0 -999 ""
FIBERMAP 1203 R-3C1 APOGEE 1 1 0 1 0 0 -269.90142257008165 -56.23595563563401 143.1 -271.53518931046324 -47.75284173256697 164.19737 122.7152 302.67477890593733 47.44936392557457 -3.425045 -4.215029 0.10549599 302.6747638840915 47.44935142414921 302.5666445178937 47.536244221176055 33.96463751122407 308.62462512444705 16000.0 16600.0 2016.0 2 269 {-999.0 15.331313 13.746121 13.00952 -999.0} sdss_psfmag_from_g3xp 14.6493435 13.5865965 12.574622 10.117 63050395015072188 1151794874 bright_1x1 mwm_galactic_core_dist_apogee_sparse mwm_galactic science 0 0 0.0 0.0 -999 ""
FIBERMAP 1203 R-3C1 BOSS 0 0 0 1 0 0 -270.12140522290207 -55.53902659450529 143.1 -271.7332316812419 -47.04935131564417 164.19737 122.7152 -999.0 -999.0 -999.0 -999.0 -999.0 302.672918512667 47.45244506134256 302.5652195519552 47.53940343033603 33.96442969817514 308.62859900612324 -999.0 5400.0 -999.0 1 496 {-999.0 -999.0 -999.0 -999.0 -999.0} "" -999.0 -999.0 -999.0 -999.0 -999 -999 "" "" "" "" 0 0 0.0 0.0 -999 ""
FIBERMAP 1203 R-3C1 METROLOGY 0 0 0 1 0 0 -269.40031336264155 -55.68806000746527 143.1 -271.0171517324506 -47.220906805477796 164.19737 122.7152 -999.0 -999.0 -999.0 -999.0 -999.0 302.67778020190025 47.45174635903561 302.56996583868425 47.53869427306339 33.967384144643 308.62687654135397 -999.0 6231.0 -999.0 -1 -999 {-999.0 -999.0 -999.0 -999.0 -999.0} "" -999.0 -999.0 -999.0 -999.0 -999 -999 "" "" "" "" 0 0 0.0 0.0 -999 ""
FIBERMAP 1207 R-4C13 APOGEE 0 0 0 1 0 0 41.086678342910105 -76.29720381942552 143.1 38.67666189690698 -77.54827254337648 47.522907 66.36999 -999.0 -999.0 -999.0 -999.0 -999.0 304.7502511809744 47.32238075642961 304.64497440902386 47.4131838866004 35.30788827418968 308.10311483799984 -999.0 16600.0 -999.0 2 -999 {-999.0 -999.0 -999.0 -999.0 -999.0} "" -999.0 -999.0 -999.0 -999.0 -999 -999 "" "" "" "" 0 0 0.0 0.0 -999 ""
FIBERMAP 1207 R-4C13 BOSS 1 1 0 1 0 0 41.3983141129365 -76.95055133461585 143.1 38.96767932764751 -78.21107375886959 47.522907 66.36999 304.75178883220923 47.31925970599362 -999.0 -999.0 -999.0 304.75178883220923 47.31925970599363 304.64694307115644 47.41012663492909 35.30855042579413 308.0991095900008 5400.0 5400.0 2015.5 1 363 {-999.0 -999.0 -999.0 -999.0 -999.0} "" -999.0 -999.0 -999.0 -999.0 27021603114172136 818193968 "" ops_sky_boss_good ops_sky sky_boss 0 0 0.0 0.0 -999 ""
FIBERMAP 1207 R-4C13 METROLOGY 0 0 0 1 0 0 40.653182063867774 -76.90444591000247 143.1 38.22434572383488 -78.1416441583153 47.522907 66.36999 -999.0 -999.0 -999.0 -999.0 -999.0 304.746911136878 47.31961841304085 304.64194034901607 47.410459148776916 35.30530973226611 308.1003772543602 -999.0 6231.0 -999.0 -1 -999 {-999.0 -999.0 -999.0 -999.0 -999.0} "" -999.0 -999.0 -999.0 -999.0 -999 -999 "" "" "" "" 0 0 0.0 0.0 -999 ""
FIBERMAP 1208 R-3C19 APOGEE 0 0 0 1 0 0 139.84151659436355 -66.68984345205067 143.1 137.68560985698937 -71.0396081734962 208.76584 140.7125 -999.0 -999.0 -999.0 -999.0 -999.0 305.41465752930316 47.34785089037487 305.31005033960304 47.43987740748175 35.75370194833102 308.0214761853433 -999.0 16600.0 -999.0 2 -999 {-999.0 -999.0 -999.0 -999.0 -999.0} "" -999.0 -999.0 -999.0 -999.0 -999 -999 "" "" "" "" 0 0 0.0 0.0 -999 ""
FIBERMAP 1208 R-3C19 BOSS 1 1 0 1 0 0 139.12341452820777 -66.58632432118165 143.1 136.9710922535113 -70.91363902368168 208.76584 140.7125 305.4095580678314 47.34838072290807 -999.0 -999.0 -999.0 305.4095580678314 47.34838072290807 305.30535264878705 47.44045491920664 35.750706679102365 308.0229638363188 5400.0 5400.0 2015.5 1 289 {-999.0 -999.0 -999.0 -999.0 -999.0} "" -999.0 -999.0 -999.0 -999.0 27021603114173039 818194120 "" ops_sky_boss_good ops_sky sky_boss 0 0 0.0 0.0 -999 ""
FIBERMAP 1208 R-3C19 METROLOGY 0 0 0 1 0 0 139.57048924305326 -65.99471313667554 143.1 137.4364906743319 -70.33631632321656 208.76584 140.7125 -999.0 -999.0 -999.0 -999.0 -999.0 305.4128374102918 47.35099663639412 305.3085085183463 47.44306011014023 35.75332329389101 308.02557668169374 -999.0 6231.0 -999.0 -1 -999 {-999.0 -999.0 -999.0 -999.0 -999.0} "" -999.0 -999.0 -999.0 -999.0 -999 -999 "" "" "" "" 0 0 0.0 0.0 -999 ""
FIBERMAP 1213 R+9C2 APOGEE 0 0 0 1 0 0 -182.77518502625952 180.614166971241 143.1 -177.0294721138104 186.2549985798123 177.79541 95.68448 -999.0 -999.0 -999.0 -999.0 -999.0 303.2855853073196 48.51521259030469 303.17335861229736 48.60302965699366 34.59599268399984 309.77516622284105 -999.0 16600.0 -999.0 2 -999 {-999.0 -999.0 -999.0 -999.0 -999.0} "" -999.0 -999.0 -999.0 -999.0 -999 -999 "" "" "" "" 0 0 0.0 0.0 -999 ""
FIBERMAP 1213 R+9C2 BOSS 1 1 0 1 0 0 -182.82001874697886 181.36020426762784 143.1 -177.05091010497992 187.00208625700026 177.79541 95.68448 303.2849604221636 48.51851461329054 -999.0 -999.0 -999.0 303.2849604221636 48.51851461329054 303.1731547570921 48.60639238039299 34.596573091981035 309.77919332053995 5400.0 5400.0 2015.5 1 19 {-999.0 -999.0 -999.0 -999.0 -999.0} "" -999.0 -999.0 -999.0 -999.0 27021603114187834 808300676 "" ops_sky_boss_good ops_sky sky_boss 0 0 0.0 0.0 -999 ""
FIBERMAP 1213 R+9C2 METROLOGY 0 0 0 1 0 0 -182.15126778185825 181.02329928804147 143.1 -176.393032482467 186.64438834533414 177.79541 95.68448 -999.0 -999.0 -999.0 -999.0 -999.0 303.2895657756919 48.51698302449835 303.17764850876637 48.60485203041362 34.59915101248485 309.7766000769369 -999.0 6231.0 -999.0 -1 -999 {-999.0 -999.0 -999.0 -999.0 -999.0} "" -999.0 -999.0 -999.0 -999.0 -999 -999 "" "" "" "" 0 0 0.0 0.0 -999 ""
FIBERMAP 1215 R-1C15 APOGEE 0 0 0 1 0 0 35.261809207510815 -7.282909831582485 143.1 35.01687768340066 -8.384254754619187 75.4767 123.23674 -999.0 -999.0 -999.0 -999.0 -999.0 304.72856738218525 47.63736521959706 304.6219097819168 47.72806224871705 35.35808341853076 308.48462921435913 -999.0 16600.0 -999.0 2 -999 {-999.0 -999.0 -999.0 -999.0 -999.0} "" -999.0 -999.0 -999.0 -999.0 -999 -999 "" "" "" "" 0 0 0.0 0.0 -999 ""
FIBERMAP 1215 R-1C15 BOSS 1 1 0 1 0 0 35.95862484254791 -7.028945398757114 143.1 35.72131944680075 -8.152243190058607 75.4767 123.23674 304.7329617559105 47.638348144342764 -2.0216827 -2.6342266 0.34742177 304.7329528570225 47.638340331445754 304.62671401155905 47.72910451321576 35.361460298381004 308.48506363847315 5400.0 5400.0 2016.0 1 272 {-999.0 17.007696 16.12644 15.714762 15.430277} sdss_psfmag_from_ps1dr2 16.7167 16.1149 15.3485 13.891 63050395015870263 1038707043 "" ops_std_boss_ps1dr2 ops_std standard_boss 0 0 0.0 0.0 -999 ""
FIBERMAP 1215 R-1C15 METROLOGY 0 0 0 1 0 0 35.83310068972696 -7.76279317455147 143.1 35.57286239012298 -8.881809575446589 75.4767 123.23674 -999.0 -999.0 -999.0 -999.0 -999.0 304.732031424993 47.63503788453714 304.6256873931598 47.725784232172636 35.36010069414795 308.48125399431586 -999.0 6231.0 -999.0 -1 -999 {-999.0 -999.0 -999.0 -999.0 -999.0} "" -999.0 -999.0 -999.0 -999.0 -999 -999 "" "" "" "" 0 0 0.0 0.0 -999 ""
FIBERMAP 1222 R+1C10 APOGEE 0 0 0 1 0 0 -79.81877306587343 0.27510394101863156 143.1 -79.77224430817108 2.77581180542666 308.7368 66.58126 -999.0 -999.0 -999.0 -999.0 -999.0 303.9521324719214 47.688623318369324 303.8443567846082 47.77786382943284 34.8574252477346 308.67832714662813 -999.0 16600.0 -999.0 2 -999 {-999.0 -999.0 -999.0 -999.0 -999.0} "" -999.0 -999.0 -999.0 -999.0 -999 -999 "" "" "" "" 0 0 0.0 0.0 -999 ""
FIBERMAP 1222 R+1C10 BOSS 1 1 0 1 0 0 -80.54089285726603 0.056072761297576865 143.1 -80.50088370015344 2.5795097187819582 308.7368 66.58126 303.9467390789445 47.68767376932319 -2.9989555 -6.482926 0.24638636 303.9467258658963 47.68765454150398 303.83937369588716 47.7769478292666 34.85395806463144 308.6781099080055 5400.0 5400.0 2016.0 1 30 {-999.0 14.089069 13.724225 13.58522 -999.0} sdss_psfmag_from_g3xp 14.028821 13.7148 13.220099 12.37 63050395015855030 1068575199 bright_1x1 mwm_ob_core_boss_single mwm_ob science 0 0 0.0 0.0 -999 ""
FIBERMAP 1222 R+1C10 METROLOGY 0 0 0 1 0 0 -80.36371335400354 0.7847136572569369 143.1 -80.30095896550603 3.3022532598704455 308.7368 66.58126 -999.0 -999.0 -999.0 -999.0 -999.0 303.94818940821085 47.690967139343556 303.8407038359815 47.78024465795826 34.85553669033463 308.6818013407046 -999.0 6231.0 -999.0 -1 -999 {-999.0 -999.0 -999.0 -999.0 -999.0} "" -999.0 -999.0 -999.0 -999.0 -999 -999 "" "" "" "" 0 0 0.0 0.0 -999 ""
FIBERMAP 1226 R+8C2 APOGEE 0 0 0 1 0 0 -198.84520274446504 159.73178804703832 143.1 -193.74613286791907 165.88603467336338 216.39279 55.222786 -999.0 -999.0 -999.0 -999.0 -999.0 303.1731761187009 48.42208259476566 303.06124442581876 48.509707893283284 34.50361403543172 309.6836482564131 -999.0 16600.0 -999.0 2 -999 {-999.0 -999.0 -999.0 -999.0 -999.0} "" -999.0 -999.0 -999.0 -999.0 -999 -999 "" "" "" "" 0 0 0.0 0.0 -999 ""
FIBERMAP 1226 R+8C2 BOSS 1 1 0 1 0 0 -198.87935808696693 160.47530413608305 143.1 -193.75697654559139 166.63026777148153 216.39279 55.222786 303.1726111072105 48.42537749372554 -999.0 -999.0 -999.0 303.1726111072105 48.42537749372554 303.0611010468327 48.51306450709143 34.50423988971539 309.6876516184055 5400.0 5400.0 2015.5 1 69 {-999.0 -999.0 -999.0 -999.0 -999.0} "" -999.0 -999.0 -999.0 -999.0 27021603114186103 818195712 "" ops_sky_boss_good ops_sky sky_boss 0 0 0.0 0.0 -999 ""
FIBERMAP 1226 R+8C2 METROLOGY 0 0 0 1 0 0 -198.2207353105565 160.14008010488357 143.1 -193.10916963491496 166.27456734076554 216.39279 55.222786 -999.0 -999.0 -999.0 -999.0 -999.0 303.1771392195825 48.42385515707051 303.06551722959523 48.511533013821484 34.50676979905087 309.6850762586398 -999.0 6231.0 -999.0 -1 -999 {-999.0 -999.0 -999.0 -999.0 -999.0} "" -999.0 -999.0 -999.0 -999.0 -999 -999 "" "" "" "" 0 0 0.0 0.0 -999 ""
FIBERMAP 1229 R-10C17 APOGEE 1 1 0 1 0 0 185.3848339604321 -207.4764525437112 143.1 178.79624704619562 -213.18629020918377 307.76035 104.0773 305.66676094836157 46.70427823722398 -2.9891753 -4.0871496 0.16941096 305.66674802023607 46.70426611507776 305.56513477114004 46.796890728636306 35.79217256195481 307.20197561217253 16000.0 16600.0 2016.0 2 188 {-999.0 18.152552 15.772457 14.776986 -999.0} sdss_psfmag_ps1 16.915604 15.298884 14.081902 10.729 63050395015362575 1153345161 bright_1x1 mwm_galactic_core_dist_apogee_sparse mwm_galactic science 0 0 0.0 0.0 -999 ""
FIBERMAP 1229 R-10C17 BOSS 0 0 0 1 0 0 184.92897986821623 -208.04445452859 143.1 178.32281312834928 -213.73973985234863 307.76035 104.0773 -999.0 -999.0 -999.0 -999.0 -999.0 305.6631447254913 46.70175629456148 305.5619417181806 46.794433303988335 35.78952537738822 307.19956938876004 -999.0 5400.0 -999.0 1 329 {-999.0 -999.0 -999.0 -999.0 -999.0} "" -999.0 -999.0 -999.0 -999.0 -999 -999 "" "" "" "" 0 0 0.0 0.0 -999 ""
FIBERMAP 1229 R-10C17 METROLOGY 0 0 0 1 0 0 184.6492413360556 -207.36037085480694 143.1 178.06464079476868 -213.0472164631428 307.76035 104.0773 -999.0 -999.0 -999.0 -999.0 -999.0 305.6616882441543 46.70488120176834 305.5603561225942 46.797538292984136 35.789106057965824 307.2035912525755 -999.0 6231.0 -999.0 -1 -999 {-999.0 -999.0 -999.0 -999.0 -999.0} "" -999.0 -999.0 -999.0 -999.0 -999 -999 "" "" "" "" 0 0 0.0 0.0 -999 ""
FIBERMAP 1232 R-4C22 APOGEE 0 0 0 1 0 0 209.63022330176383 -65.98121755713055 143.1 207.4633732041912 -72.51790075714109 179.15276 71.94924 -999.0 -999.0 -999.0 -999.0 -999.0 305.8792724410119 47.33638892827947 305.77527130023674 47.429272586249155 36.05995322440836 307.93115306045183 -999.0 16600.0 -999.0 2 -999 {-999.0 -999.0 -999.0 -999.0 -999.0} "" -999.0 -999.0 -999.0 -999.0 -999 -999 "" "" "" "" 0 0 0.0 0.0 -999 ""
FIBERMAP 1232 R-4C22 BOSS 1 1 0 1 0 0 209.855588563725 -65.27731067615564 143.1 207.7106858593113 -71.82138921386225 179.15276 71.94924 305.88013734241133 47.33946935705596 -3.1604702 -4.8521385 0.028527902 305.8806753650356 47.339454966016255 305.77706880055274 47.43239569807531 36.06176043958069 307.93464450937927 5400.0 5400.0 2016.0 1 322 {-999.0 16.743685 14.846989 12.247107 -999.0} sdss_psfmag_gaia 15.173954 12.967378 11.58741 7.371 63050395015391653 996700269 bright_1x1 mwm_bin_gaia_sb_boss mwm_bin science 0 0 1.346279263496399 0.0 -999 ""
FIBERMAP 1232 R-4C22 METROLOGY 0 0 0 1 0 0 210.3601207083658 -65.82658329072255 143.1 208.19776886828632 -72.38620868298328 179.15276 71.94924 -999.0 -999.0 -999.0 -999.0 -999.0 305.8839181906726 47.33687734150125 305.78021135018935 47.42980892966466 36.06333532643699 307.9309893306708 -999.0 6231.0 -999.0 -1 -999 {-999.0 -999.0 -999.0 -999.0 -999.0} "" -999.0 -999.0 -999.0 -999.0 -999 -999 "" "" "" "" 0 0 0.0 0.0 -999 ""
FIBERMAP 1240 R+7C16 APOGEE 1 1 0 1 0 0 113.57690644785944 125.90872565221848 143.1 117.46786784516665 122.29039615591468 231.15515 112.95423 305.295873718163 48.22766415677508 -3.5802088 -2.2934318 0.15760383 305.29585777844693 48.227657354646325 305.18731196846534 48.319281781521006 35.84650619216728 309.10445547112323 16000.0 16600.0 2016.0 2 66 {-999.0 17.553562 15.339093 14.291845 -999.0} sdss_psfmag_ps1 16.418398 14.900855 13.72002 10.594 63050395016073313 1153345556 bright_1x1 mwm_galactic_core_dist_apogee_sparse mwm_galactic science 0 0 0.0 0.0 -999 ""
FIBERMAP 1240 R+7C16 BOSS 0 0 0 1 0 0 112.86637274828158 126.11180932662134 143.1 116.76403451602336 122.51564543384335 231.15515 112.95423 -999.0 -999.0 -999.0 -999.0 -999.0 305.29072854156 48.22871582274026 305.1825881547086 48.32038490413171 35.8436364309081 309.10653746386004 -999.0 5400.0 -999.0 1 201 {-999.0 -999.0 -999.0 -999.0 -999.0} "" -999.0 -999.0 -999.0 -999.0 -999 -999 "" "" "" "" 0 0 0.0 0.0 -999 ""
FIBERMAP 1240 R+7C16 METROLOGY 0 0 0 1 0 0 113.38714115484933 126.63657216257872 143.1 117.30099717206512 123.02384260410524 231.15515 112.95423 -999.0 -999.0 -999.0 -999.0 -999.0 305.2945246502745 48.230986415061345 305.18626097678106 48.32264660892765 35.84646865722593 309.10869488651406 -999.0 6231.0 -999.0 -1 -999 {-999.0 -999.0 -999.0 -999.0 -999.0} "" -999.0 -999.0 -999.0 -999.0 -999 -999 "" "" "" "" 0 0 0.0 0.0 -999 ""
FIBERMAP 1241 R+7C13 APOGEE 1 1 0 1 0 0 76.64316765734517 130.96172283251974 143.1 80.7099882354335 128.49818133141082 52.622356 34.837906 305.0458031566758 48.258119460319875 0.94297403 0.010872665 1.6458586 305.04580735746214 48.25811949256722 304.93681972114905 48.34927544100339 35.68895768876446 309.18050878866893 16000.0 16600.0 2016.0 2 48 {-999.0 10.8497715 10.704534 10.701047 -999.0} sdss_psfmag_from_g3xp 10.877253 10.691685 10.37371 9.919 63050395015900820 974805537 "" ops_std_apogee ops_std standard_apogee 0 0 0.0 0.0 -999 ""
FIBERMAP 1241 R+7C13 BOSS 0 0 0 1 0 0 76.61299767793416 130.21639760572927 143.1 80.65648045911725 127.75415536089531 52.622356 34.837906 -999.0 -999.0 -999.0 -999.0 -999.0 305.04502938750727 48.254744719494816 304.936474829376 48.34595500922327 35.68808504240825 309.17655422767496 -999.0 5400.0 -999.0 1 150 {-999.0 -999.0 -999.0 -999.0 -999.0} "" -999.0 -999.0 -999.0 -999.0 -999 -999 "" "" "" "" 0 0 0.0 0.0 -999 ""
FIBERMAP 1241 R+7C13 METROLOGY 0 0 0 1 0 0 75.97978909376347 130.61452169140324 143.1 80.03604642079823 128.17192970846622 52.622356 34.837906 -999.0 -999.0 -999.0 -999.0 -999.0 305.040929212411 48.25667802519003 304.93224247249015 48.347864634463505 35.68569888997494 309.1795360090614 -999.0 6231.0 -999.0 -1 -999 {-999.0 -999.0 -999.0 -999.0 -999.0} "" -999.0 -999.0 -999.0 -999.0 -999 -999 "" "" "" "" 0 0 0.0 0.0 -999 ""
FIBERMAP 1251 R+6C7 APOGEE 1 1 0 1 0 0 -74.83953154762656 114.23355816922376 143.1 -71.22488314074666 116.5241353925979 8.032434 101.25567 304.007957514542 48.20613629419618 -0.112926394 -3.6341715 0.4290421 304.0079570119853 48.20612551554611 303.8979585698038 48.295361659260735 35.00146299471474 309.28616430843357 16000.0 16600.0 2016.0 2 100 {-999.0 14.551467 12.737175 11.870785 -999.0} sdss_psfmag_from_g3xp 13.715573 12.490665 11.411621 8.73 63050395015914184 1151796001 bright_1x1 mwm_galactic_core_dist_apogee_sparse mwm_galactic science 0 0 0.0 0.0 -999 ""
FIBERMAP 1251 R+6C7 BOSS 0 0 0 1 0 0 -74.61065658398485 113.52635812374503 143.1 -71.01827448802534 115.81010024040289 8.032434 101.25567 -999.0 -999.0 -999.0 -999.0 -999.0 304.0089022275874 48.202879617047024 303.89934737946464 48.292178480795464 35.00170699085904 309.28212884878326 -999.0 5400.0 -999.0 1 66 {-999.0 -999.0 -999.0 -999.0 -999.0} "" -999.0 -999.0 -999.0 -999.0 -999 -999 "" "" "" "" 0 0 0.0 0.0 -999 ""
FIBERMAP 1251 R+6C7 METROLOGY 0 0 0 1 0 0 -75.37036974379966 113.6950778540486 143.1 -71.77234059244162 116.00254275932443 8.032434 101.25567 -999.0 -999.0 -999.0 -999.0 -999.0 304.0038863307228 48.203742937459715 303.89420053476346 48.29301516027609 34.99853058334415 309.2839948924131 -999.0 6231.0 -999.0 -1 -999 {-999.0 -999.0 -999.0 -999.0 -999.0} "" -999.0 -999.0 -999.0 -999.0 -999 -999 "" "" "" "" 0 0 0.0 0.0 -999 ""
FIBERMAP 1252 R+13C7 APOGEE 1 1 0 1 0 0 -8.455355108862081 238.10225455650402 143.1 -0.9912485490760136 238.2540882113164 290.9688 108.264275 304.4892840318542 48.75575225531099 -8.097171 -15.55173 1.4579693 304.48986315065486 48.75570613016837 304.3779753368913 48.84572626352499 35.42341714806543 309.8676952689282 16000.0 16600.0 2016.0 2 46 {-999.0 10.2900305 8.802194 7.981059 -999.0} sdss_psfmag_from_g3xp 9.668988 8.591173 7.568617 5.226 63050395015934212 1151795859 bright_1x1 mwm_galactic_core_dist_apogee_sparse mwm_galactic science 0 0 1.460920810699463 0.0 -999 ""
FIBERMAP 1252 R+13C7 BOSS 0 0 0 1 0 0 -9.006629271396962 237.60896967379583 143.1 -1.557716222431209 237.7783098338839 290.9688 108.264275 -999.0 -999.0 -999.0 -999.0 -999.0 304.48553228171176 48.75355956602475 304.3740762748526 48.843627849579846 35.42049053599162 309.8657853761891 -999.0 5400.0 -999.0 1 167 {-999.0 -999.0 -999.0 -999.0 -999.0} "" -999.0 -999.0 -999.0 -999.0 -999 -999 "" "" "" "" 0 0 0.0 0.0 -999 ""
FIBERMAP 1252 R+13C7 METROLOGY 0 0 0 1 0 0 -9.161106649045934 238.33948654395286 143.1 -1.689232073646927 238.51331975177084 290.9688 108.264275 -999.0 -999.0 -999.0 -999.0 -999.0 304.48476369603713 48.756858599709574 304.37317083339593 48.846908878857974 35.420547561856374 309.86987683184725 -999.0 6231.0 -999.0 -1 -999 {-999.0 -999.0 -999.0 -999.0 -999.0} "" -999.0 -999.0 -999.0 -999.0 -999 -999 "" "" "" "" 0 0 0.0 0.0 -999 ""
FIBERMAP 1254 R+2C6 APOGEE 0 0 0 1 0 0 -154.17426632215842 54.51078188476261 143.1 -152.39314010275683 59.31539690740384 102.579025 93.18442 -999.0 -999.0 -999.0 -999.0 -999.0 303.45873650712207 47.94311420287346 303.3492804185524 48.03137726184278 34.58786730769039 309.06642820741445 -999.0 16600.0 -999.0 2 -999 {-999.0 -999.0 -999.0 -999.0 -999.0} "" -999.0 -999.0 -999.0 -999.0 -999 -999 "" "" "" "" 0 0 0.0 0.0 -999 ""
FIBERMAP 1254 R+2C6 BOSS 1 1 0 1 0 0 -153.48698500250498 54.72049267472763 143.1 -151.69961465763163 59.50347457105281 102.579025 93.18442 303.4629005937294 47.94396407935276 -999.0 -999.0 -999.0 303.4629005937294 47.94396407935276 303.3538769294005 48.03229871493329 34.59106760041204 309.0667130235844 5400.0 5400.0 2015.5 1 48 {-999.0 -999.0 -999.0 -999.0 -999.0} "" -999.0 -999.0 -999.0 -999.0 27021603114185581 818195665 "" ops_sky_boss_good ops_sky sky_boss 0 0 0.0 0.0 -999 ""
FIBERMAP 1254 R+2C6 METROLOGY 0 0 0 1 0 0 -153.63479657787417 53.99538458605636 143.1 -151.8700747244685 58.7833420193765 102.579025 93.18442 -999.0 -999.0 -999.0 -999.0 -999.0 303.4619276302427 47.940698103863895 303.3527950616706 48.02901349603336 34.58965040914625 309.06300709981787 -999.0 6231.0 -999.0 -1 -999 {-999.0 -999.0 -999.0 -999.0 -999.0} "" -999.0 -999.0 -999.0 -999.0 -999 -999 "" "" "" "" 0 0 0.0 0.0 -999 ""
FIBERMAP 1256 R-7C15 APOGEE 0 0 0 1 0 0 94.57757619125289 -153.35850590660655 143.1 89.72771169205966 -156.24892273200584 288.3926 73.02881 -999.0 -999.0 -999.0 -999.0 -999.0 305.0862551284982 46.96385407676199 304.9828870204461 47.05535436421733 35.45716023158369 307.61495387905535 -999.0 16600.0 -999.0 2 -999 {-999.0 -999.0 -999.0 -999.0 -999.0} "" -999.0 -999.0 -999.0 -999.0 -999 -999 "" "" "" "" 0 0 0.0 0.0 -999 ""
FIBERMAP 1256 R-7C15 BOSS 1 1 0 1 0 0 93.73880607211251 -153.33049538201652 143.1 88.89021755130375 -156.1946456201882 288.3926 73.02881 305.0799580909165 46.9640306617756 -3.4621816 -3.270266 0.04434952 305.0803213330251 46.96402096243776 304.9773565442922 47.055570407264376 35.45352182753588 307.61618507159744 5400.0 5400.0 2016.0 1 317 {-999.0 14.178777 13.665707 13.292064 -999.0} sdss_psfmag_from_g3xp 14.005774 13.724316 12.87534 11.673 63050395015348308 1068575162 bright_1x1 mwm_ob_core_boss_single mwm_ob science 0 0 0.9293968677520752 0.0 -999 ""
FIBERMAP 1256 R-7C15 METROLOGY 0 0 0 1 0 0 94.17808949493077 -152.7283691278248 143.1 89.34815783297759 -155.60656873155628 288.3926 73.02881 -999.0 -999.0 -999.0 -999.0 -999.0 305.0835266551759 46.96668893095508 304.9804378458072 47.05822667180164 35.456132312565416 307.61883174804683 -999.0 6231.0 -999.0 -1 -999 {-999.0 -999.0 -999.0 -999.0 -999.0} "" -999.0 -999.0 -999.0 -999.0 -999 -999 "" "" "" "" 0 0 0.0 0.0 -999 ""
FIBERMAP 1260 R+1C4 APOGEE 0 0 0 1 0 0 -223.16043239121495 7.626058042479539 143.1 -222.8155084384859 14.614377779954427 245.34628 98.396355 -999.0 -999.0 -999.0 -999.0 -999.0 302.9894187351613 47.73549670105447 302.880367576926 47.82292158692658 34.2354746559215 308.9038120002108 -999.0 16600.0 -999.0 2 -999 {-999.0 -999.0 -999.0 -999.0 -999.0} "" -999.0 -999.0 -999.0 -999.0 -999 -999 "" "" "" "" 0 0 0.0 0.0 -999 ""
FIBERMAP 1260 R+1C4 BOSS 1 1 0 1 0 0 -223.88131636796524 7.808969753901678 143.1 -223.53031914601982 14.819788964703445 245.34628 98.396355 302.9832470914773 47.736308700225244 -0.93130374 -0.3740009 0.7494919 302.98413603336786 47.73630759096962 302.8755101364377 47.82378956842898 34.23249044278429 308.90571863044016 5400.0 5400.0 2016.0 1 62 {-999.0 9.664751 9.761116 9.863193 -999.0} sdss_psfmag_from_g3xp 9.753664 9.685561 9.536315 9.331 63050395015947243 1068575232 bright_1x1 mwm_ob_core_boss_single mwm_ob science 0 0 2.1622118949890137 0.0 -999 ""
FIBERMAP 1260 R+1C4 METROLOGY 0 0 0 1 0 0 -223.36060733734914 8.344801370415148 143.1 -222.99306903669824 15.339051518819128 245.34628 98.396355 -999.0 -999.0 -999.0 -999.0 -999.0 302.9877992921161 47.73872195946111 302.8790435665267 47.82619116001357 34.23534036373158 308.9079071567646 -999.0 6231.0 -999.0 -1 -999 {-999.0 -999.0 -999.0 -999.0 -999.0} "" -999.0 -999.0 -999.0 -999.0 -999 -999 "" "" "" "" 0 0 0.0 0.0 -999 ""
FIBERMAP 1265 R+5C6 APOGEE 0 0 0 1 0 0 -124.15463747866697 79.52976291380068 143.1 -121.60388771604187 83.3819366165383 297.85123 78.82676 -999.0 -999.0 -999.0 -999.0 -999.0 303.66602748409247 48.053964336921766 303.55631252094736 48.14259266710426 34.746813909318995 309.1624042387989 -999.0 16600.0 -999.0 2 -999 {-999.0 -999.0 -999.0 -999.0 -999.0} "" -999.0 -999.0 -999.0 -999.0 -999 -999 "" "" "" "" 0 0 0.0 0.0 -999 ""
FIBERMAP 1265 R+5C6 BOSS 1 1 0 1 0 0 -124.8339576030189 79.26552998822105 143.1 -122.29116400497111 83.13911327631459 297.85123 78.82676 303.6608898966507 48.05280983600634 -3.7343957 -3.1490877 0.41079637 303.6608733270019 48.052800496073296 303.55158789953566 48.14148206343279 34.743497020232425 309.16190050621475 5400.0 5400.0 2016.0 1 50 {-999.0 17.863104 16.851908 16.348814 -999.0} sdss_psfmag_ps1 17.50779 16.786148 15.958793 14.333 63050395015960092 980252350 "" ops_std_boss_red ops_std standard_boss 0 0 0.0 0.0 -999 ""
FIBERMAP 1265 R+5C6 METROLOGY 0 0 0 1 0 0 -124.73686862304902 79.9963128843541 143.1 -122.1712246432122 83.86650715310304 297.85123 78.82676 -999.0 -999.0 -999.0 -999.0 -999.0 303.66179297166 48.05612080476514 303.5523719241878 48.144785576961496 34.744711586624405 309.1656930705845 -999.0 6231.0 -999.0 -1 -999 {-999.0 -999.0 -999.0 -999.0 -999.0} "" -999.0 -999.0 -999.0 -999.0 -999 -999 "" "" "" "" 0 0 0.0 0.0 -999 ""
FIBERMAP 1266 R-1C23 APOGEE 0 0 0 1 0 0 227.6210063655572 -25.42910750178224 143.1 226.71616840188136 -32.54872809482341 0.6093662 93.441864 -999.0 -999.0 -999.0 -999.0 -999.0 306.01346256628995 47.51578610678321 305.9088673777168 47.608878775194185 36.183491879256344 308.1274301455297 -999.0 16600.0 -999.0 2 -999 {-999.0 -999.0 -999.0 -999.0 -999.0} "" -999.0 -999.0 -999.0 -999.0 -999 -999 "" "" "" "" 0 0 0.0 0.0 -999 ""
FIBERMAP 1266 R-1C23 BOSS 1 1 0 1 0 0 227.6925007560968 -26.17737939646302 143.1 226.7641843873562 -33.29888462665137 0.6093662 93.441864 306.0133067427706 47.512324163078034 -999.0 -999.0 -999.0 306.0133067427706 47.512324163078034 305.9091316617157 47.60547115370438 36.18300784980271 308.12324524580026 5400.0 5400.0 2015.5 1 312 {-999.0 -999.0 -999.0 -999.0 -999.0} "" -999.0 -999.0 -999.0 -999.0 27021603114172834 808299719 "" ops_sky_boss_good ops_sky sky_boss 0 0 0.0 0.0 -999 ""
FIBERMAP 1266 R-1C23 METROLOGY 0 0 0 1 0 0 227.00826934645326 -25.854801436354276 143.1 226.09038478623904 -32.95502190505349 0.6093662 93.441864 -999.0 -999.0 -999.0 -999.0 -999.0 306.00899418271615 47.513960844324345 305.90469191064864 47.60708432609812 36.180382948612134 308.12592323799083 -999.0 6231.0 -999.0 -1 -999 {-999.0 -999.0 -999.0 -999.0 -999.0} "" -999.0 -999.0 -999.0 -999.0 -999 -999 "" "" "" "" 0 0 0.0 0.0 -999 ""
FIBERMAP 1270 R+5C12 APOGEE 1 1 0 1 0 0 0.8794035441781005 89.3239387732133 143.1 3.6776350994592346 89.25396201812384 212.35614 121.9931 304.518764455511 48.082574861567025 -3.330808 -4.1762624 0.1473909 304.5187496680473 48.08256247511956 304.40990032590474 48.17277666676821 35.310051374157624 309.05383806768873 16000.0 16600.0 2016.0 2 8 {-999.0 15.519981 13.741182 12.875851 -999.0} sdss_psfmag_from_g3xp 14.711112 13.48688 12.406768 9.676 63050395015884668 1151796012 bright_1x1 mwm_galactic_core_dist_apogee_sparse mwm_galactic science 0 0 0.0 0.0 -999 ""
FIBERMAP 1270 R+5C12 BOSS 0 0 0 1 0 0 0.21668255692931382 89.65867114697143 143.1 3.0257165200157368 89.60929942782771 212.35614 121.9931 -999.0 -999.0 -999.0 -999.0 -999.0 304.51389295834235 48.084174774763994 304.4054533022487 48.17443802565185 35.30748502273601 309.05656955063415 -999.0 5400.0 -999.0 1 116 {-999.0 -999.0 -999.0 -999.0 -999.0} "" -999.0 -999.0 -999.0 -999.0 -999 -999 "" "" "" "" 0 0 0.0 0.0 -999 ""
FIBERMAP 1270 R+5C12 METROLOGY 0 0 0 1 0 0 0.8324317995009292 90.064724013439 143.1 3.6538955451947395 89.9958671209843 212.35614 121.9931 -999.0 -999.0 -999.0 -999.0 -999.0 304.51830375413175 48.08593120089402 304.4097418143416 48.176185703719156 35.3106401527218 309.0579548972817 -999.0 6231.0 -999.0 -1 -999 {-999.0 -999.0 -999.0 -999.0 -999.0} "" -999.0 -999.0 -999.0 -999.0 -999 -999 "" "" "" "" 0 0 0.0 0.0 -999 ""
FIBERMAP 1271 R-4C14 APOGEE 0 0 0 1 0 0 35.6956553423819 -70.46270677265133 143.1 33.47100262207321 -71.5476379390162 128.13237 129.99135 -999.0 -999.0 -999.0 -999.0 -999.0 304.71553359740454 47.34980328716172 304.6100993265559 47.44053627320652 35.290548689451775 308.14194207178167 -999.0 16600.0 -999.0 2 -999 {-999.0 -999.0 -999.0 -999.0 -999.0} "" -999.0 -999.0 -999.0 -999.0 -999 -999 "" "" "" "" 0 0 0.0 0.0 -999 ""
FIBERMAP 1271 R-4C14 BOSS 1 1 0 1 0 0 35.84241780840868 -69.73770519088512 143.1 33.64041074081802 -70.82757897353514 128.13237 129.99135 304.7163120567376 47.35297851405916 -999.0 -999.0 -999.0 304.7163120567376 47.35297851405916 304.6112814739346 47.443772607372075 35.29200850293289 308.1456138440682 5400.0 5400.0 2015.5 1 324 {-999.0 -999.0 -999.0 -999.0 -999.0} "" -999.0 -999.0 -999.0 -999.0 27021603114180645 818195264 "" ops_sky_boss_good ops_sky sky_boss 0 0 0.0 0.0 -999 ""
FIBERMAP 1271 R-4C14 METROLOGY 0 0 0 1 0 0 36.40338309127419 -70.22652164619406 143.1 34.18579426511091 -71.33373912910567 128.13237 129.99135 -999.0 -999.0 -999.0 -999.0 -999.0 304.72007039200804 47.350686385650874 304.614935888517 47.44147083026035 35.2939430938038 308.14222196506563 -999.0 6231.0 -999.0 -1 -999 {-999.0 -999.0 -999.0 -999.0 -999.0} "" -999.0 -999.0 -999.0 -999.0 -999 -999 "" "" "" "" 0 0 0.0 0.0 -999 ""
FIBERMAP 1272 R+1C9 APOGEE 1 1 0 1 0 0 -116.11645283564098 7.801694443506653 143.1 -115.81686570391481 11.436086831423067 258.8047 68.052185 303.7083312650335 47.72708714441582 -2.4076076 -3.6774611 0.13099572 303.70832064936934 47.72707623737173 303.6001009425154 47.8158526937207 34.70535202371846 308.76645866726165 16000.0 16600.0 2016.0 2 147 {-999.0 16.060667 14.131355 13.207064 -999.0} sdss_psfmag_from_g3xp 15.144599 13.8403015 12.730058 9.882 63050395015859061 1151795838 bright_1x1 mwm_galactic_core_dist_apogee_sparse mwm_galactic science 0 0 0.0 0.0 -999 ""
FIBERMAP 1272 R+1C9 BOSS 0 0 0 1 0 0 -116.74455149189563 8.21258081971111 143.1 -116.4317923800735 11.866457306675631 258.8047 68.052185 -999.0 -999.0 -999.0 -999.0 -999.0 303.7036426149082 47.72895541903519 303.5958372754189 47.81778632355112 34.702974699687914 308.7695079455295 -999.0 5400.0 -999.0 1 45 {-999.0 -999.0 -999.0 -999.0 -999.0} "" -999.0 -999.0 -999.0 -999.0 -999 -999 "" "" "" "" 0 0 0.0 0.0 -999 ""
FIBERMAP 1272 R+1C9 METROLOGY 0 0 0 1 0 0 -116.07313678817361 8.556008231807358 143.1 -115.74993647843637 12.188685208919344 258.8047 68.052185 -999.0 -999.0 -999.0 -999.0 -999.0 303.7083666328649 47.73046232409384 303.60043867403147 47.81928370403243 34.70631507058983 308.7704739186757 -999.0 6231.0 -999.0 -1 -999 {-999.0 -999.0 -999.0 -999.0 -999.0} "" -999.0 -999.0 -999.0 -999.0 -999 -999 "" "" "" "" 0 0 0.0 0.0 -999 ""
FIBERMAP 1276 R-2C3 APOGEE 1 1 0 1 0 0 -226.10265027174975 -29.314612988790362 143.1 -226.91373401081833 -22.2165645707538 71.494804 143.30246 302.9662929112792 47.568260671283085 -0.75664115 -3.4880779 0.18696982 302.96628958521364 47.56825032593445 302.8579547859148 47.65566724801123 34.183158954606206 308.71085262431023 16000.0 16600.0 2016.0 2 257 {-999.0 15.623698 13.897059 13.065716 -999.0} sdss_psfmag_from_g3xp 14.845476 13.676378 12.619941 10.082 63050395015939741 1155633725 bright_1x1 mwm_galactic_core_dist_apogee_extra mwm_galactic science 0 0 0.0 0.0 -999 ""
FIBERMAP 1276 R-2C3 BOSS 0 0 0 1 0 0 -225.509043098286 -28.86751487627989 143.1 -226.30640053113544 -21.78827738239297 71.494804 143.30246 -999.0 -999.0 -999.0 -999.0 -999.0 302.9697863464408 47.570163088565586 302.8618807427004 47.657653954609735 34.18618400777556 308.712469604154 -999.0 5400.0 -999.0 1 475 {-999.0 -999.0 -999.0 -999.0 -999.0} "" -999.0 -999.0 -999.0 -999.0 -999 -999 "" "" "" "" 0 0 0.0 0.0 -999 ""
FIBERMAP 1276 R-2C3 METROLOGY 0 0 0 1 0 0 -225.42055850109926 -29.61902091383748 143.1 -226.24150373880067 -22.54219884900816 71.494804 143.30246 -999.0 -999.0 -999.0 -999.0 -999.0 302.97044229027057 47.56677089444783 302.8624294047982 47.6542445106601 34.185773489503845 308.7083536932271 -999.0 6231.0 -999.0 -1 -999 {-999.0 -999.0 -999.0 -999.0 -999.0} "" -999.0 -999.0 -999.0 -999.0 -999 -999 "" "" "" "" 0 0 0.0 0.0 -999 ""
FIBERMAP 1281 R+5C7 APOGEE 1 1 0 1 0 0 -99.1359885644223 81.35445829359696 143.1 -96.53995086216584 84.42189462679927 295.68735 97.33461 303.8362278543146 48.059667420783384 -3.543122 -1.2782019 0.12960173 303.8362121312584 48.059663629741785 303.72666671757264 48.148609390750785 34.85917473643715 309.14023248122686 16000.0 16600.0 2016.0 2 108 {-999.0 17.068058 15.130431 14.178788 -999.0} sdss_psfmag_ps1 16.1387 14.819431 13.701065 10.876 63050395015865558 1156407479 bright_1x1 mwm_galactic_core_dist_apogee_extra mwm_galactic science 0 0 0.0 0.0 -999 ""
FIBERMAP 1281 R+5C7 BOSS 0 0 0 1 0 0 -99.76239198521996 80.96427206813776 143.1 -97.17828188045203 84.05151984984033 295.68735 97.33461 -999.0 -999.0 -999.0 -999.0 -999.0 303.8313919280605 48.05793499621726 303.7222773513257 48.146933825437735 34.85595857858581 309.1389893898564 -999.0 5400.0 -999.0 1 54 {-999.0 -999.0 -999.0 -999.0 -999.0} "" -999.0 -999.0 -999.0 -999.0 -999 -999 "" "" "" "" 0 0 0.0 0.0 -999 ""
FIBERMAP 1281 R+5C7 METROLOGY 0 0 0 1 0 0 -99.79190109777568 81.70855590068268 143.1 -97.1844574803484 84.79637475366677 295.68735 97.33461 -999.0 -999.0 -999.0 -999.0 -999.0 303.8314627583542 48.061329396707855 303.7222116936049 48.15031013711779 34.856628063940725 309.14302254644167 -999.0 6231.0 -999.0 -1 -999 {-999.0 -999.0 -999.0 -999.0 -999.0} "" -999.0 -999.0 -999.0 -999.0 -999 -999 "" "" "" "" 0 0 0.0 0.0 -999 ""
FIBERMAP 1285 R+9C4 APOGEE 0 0 0 1 0 0 -112.75346021141567 180.4699216209997 143.1 -107.04552302889282 183.91693901903932 22.33683 123.82459 -999.0 -999.0 -999.0 -999.0 -999.0 303.76236273722674 48.509587959295224 303.65071472665267 48.59830089814096 34.90369711346752 309.68917484330666 -999.0 16600.0 -999.0 2 -999 {-999.0 -999.0 -999.0 -999.0 -999.0} "" -999.0 -999.0 -999.0 -999.0 -999 -999 "" "" "" "" 0 0 0.0 0.0 -999 ""
FIBERMAP 1285 R+9C4 BOSS 1 1 0 1 0 0 -112.12385678048308 180.06580057325615 143.1 -106.42888032513463 183.49328351231935 22.33683 123.82459 303.7661356750596 48.507700484516015 -4.1692758 -3.9453163 0.15892547 303.766117010365 48.507688783034794 303.65491414886503 48.596469501441426 34.9060362486765 309.6862904854594 5400.0 5400.0 2016.0 1 15 {-999.0 15.011255 14.495825 14.245949 -999.0} sdss_psfmag_from_g3xp 14.887296 14.525916 13.898232 12.943 63050395016013312 1093845843 bright_1x1 mwm_astar_core_boss_single mwm_ob science 0 0 0.0 0.0 -999 ""
FIBERMAP 1285 R+9C4 METROLOGY 0 0 0 1 0 0 -112.78413775495152 179.72445474122944 143.1 -107.09954256646435 183.17278736554502 22.33683 123.82459 -999.0 -999.0 -999.0 -999.0 -999.0 303.76166871729976 48.506221717920454 303.65034481109296 48.59497731035608 34.90277123937256 309.6852712885823 -999.0 6231.0 -999.0 -1 -999 {-999.0 -999.0 -999.0 -999.0 -999.0} "" -999.0 -999.0 -999.0 -999.0 -999 -999 "" "" "" "" 0 0 0.0 0.0 -999 ""
FIBERMAP 1287 R+12C7 APOGEE 0 0 0 1 0 0 -8.025798416027092 228.30055004924097 143.1 -0.8689975626073129 228.44358031545414 358.89813 100.19054 -999.0 -999.0 -999.0 -999.0 -999.0 304.4905073758108 48.71176729098024 304.3788189627942 48.8017975209587 35.41536551103603 309.81469926268005 -999.0 16600.0 -999.0 2 -999 {-999.0 -999.0 -999.0 -999.0 -999.0} "" -999.0 -999.0 -999.0 -999.0 -999 -999 "" "" "" "" 0 0 0.0 0.0 -999 ""
FIBERMAP 1287 R+12C7 BOSS 1 1 0 1 0 0 -7.890531605432924 227.56753855434613 143.1 -0.756761314756025 227.70667885270515 358.89813 100.19054 304.4907374820185 48.7082793227752 22.992468 54.706085 12.8431 304.4908408229462 48.70844157642314 304.3795911995004 48.79853166614534 35.41522428733743 309.8106473440101 5400.0 5400.0 2016.0 1 155 {-999.0 16.511478 15.062281 13.979788 -999.0} sdss_psfmag_ps1 15.89215 14.478464 13.28641 -999.0 63050395015933978 1151085223 bright_1x1 mwm_snc_100pc_boss_single mwm_snc science 0 0 0.0 0.0 -999 ""
FIBERMAP 1287 R+12C7 METROLOGY 0 0 0 1 0 0 -8.593259137429103 227.81614287528737 143.1 -1.4513659555827851 227.9771825788592 358.89813 100.19054 -999.0 -999.0 -999.0 -999.0 -999.0 304.486190466682 48.7096730388614 304.3748120661519 48.79973594101683 35.41237340133163 309.8128533992935 -999.0 6231.0 -999.0 -1 -999 {-999.0 -999.0 -999.0 -999.0 -999.0} "" -999.0 -999.0 -999.0 -999.0 -999 -999 "" "" "" "" 0 0 0.0 0.0 -999 ""
FIBERMAP 1289 R-2C15 APOGEE 1 1 0 1 0 0 62.554659652609054 -37.995439445529456 143.1 61.334497259452014 -39.93732246730948 37.684483 77.862144 304.90465840216893 47.492865432363644 -2.0900173 -3.0857155 0.061657596 304.90464922800686 47.49285628038792 304.798821002741 47.583909994609 35.44501281568009 308.2814676888983 16000.0 16600.0 2016.0 2 219 {-999.0 17.299551 14.962685 13.483584 -999.0} sdss_psfmag_from_g3xp 16.081417 14.179413 12.891452 9.385 63050395015413632 1151795337 bright_1x1 mwm_galactic_core_dist_apogee_sparse mwm_galactic science 0 0 0.0 0.0 -999 ""
FIBERMAP 1289 R-2C15 BOSS 0 0 0 1 0 0 62.8732447065768 -38.658490671440056 143.1 61.63215664221835 -40.61004051601231 37.684483 77.862144 -999.0 -999.0 -999.0 -999.0 -999.0 304.9062478365526 47.48970353878632 304.80085038833977 47.580819793879904 35.44571648147739 308.27740987408396 -999.0 5400.0 -999.0 1 273 {-999.0 -999.0 -999.0 -999.0 -999.0} "" -999.0 -999.0 -999.0 -999.0 -999 -999 "" "" "" "" 0 0 0.0 0.0 -999 ""
FIBERMAP 1289 R-2C15 METROLOGY 0 0 0 1 0 0 62.12655153332668 -38.61983314672507 143.1 60.887029302107344 -40.54800636573365 37.684483 77.862144 -999.0 -999.0 -999.0 -999.0 -999.0 304.90133970242533 47.49003236251709 304.7958174043565 47.58112277094016 35.4424565511949 308.2786315571607 -999.0 6231.0 -999.0 -1 -999 {-999.0 -999.0 -999.0 -999.0 -999.0} "" -999.0 -999.0 -999.0 -999.0 -999 -999 "" "" "" "" 0 0 0.0 0.0 -999 ""
FIBERMAP 1296 R-5C7 APOGEE 1 1 0 1 0 0 -85.46683586800583 -97.61312655350302 143.1 -88.48460557027133 -94.88896533897848 16.984419 97.772514 303.89688290382117 47.24414478465802 -999.0 -999.0 -999.0 303.89688290382117 47.24414478465802 303.79097878904315 47.33337572686762 34.725895251886634 308.1594633120431 16000.0 16600.0 2015.5 2 262 {-999.0 -999.0 -999.0 -999.0 -999.0} "" -999.0 -999.0 -999.0 -999.0 27021603114180411 830409465 "" ops_sky_apogee_best ops_sky sky_apogee 0 0 0.0 0.0 -999 ""
FIBERMAP 1296 R-5C7 BOSS 0 0 0 1 0 0 -85.15584506733762 -98.29132517746365 143.1 -88.19501142403212 -95.57658565255689 16.984419 97.772514 -999.0 -999.0 -999.0 -999.0 -999.0 303.8983716626951 47.24092145324271 303.7929062992204 47.33022045059197 34.72647668124473 308.15536884016694 -999.0 5400.0 -999.0 1 464 {-999.0 -999.0 -999.0 -999.0 -999.0} "" -999.0 -999.0 -999.0 -999.0 -999 -999 "" "" "" "" 0 0 0.0 0.0 -999 ""
FIBERMAP 1296 R-5C7 METROLOGY 0 0 0 1 0 0 -85.89194423772155 -98.22324374911499 143.1 -88.92862789902598 -95.48547349886935 16.984419 97.772514 -999.0 -999.0 -999.0 -999.0 -999.0 303.8935877137761 47.24135013215241 303.7879953034032 47.33062181186342 34.72331765044656 308.15673494758664 -999.0 6231.0 -999.0 -1 -999 {-999.0 -999.0 -999.0 -999.0 -999.0} "" -999.0 -999.0 -999.0 -999.0 -999 -999 "" "" "" "" 0 0 0.0 0.0 -999 ""
FIBERMAP 1300 R+11C12 APOGEE 1 1 0 1 0 0 82.92159010975475 203.51015173042754 143.1 89.25847683768279 200.8154417482738 276.5645 134.39783 305.1079909801987 48.58415142270651 -999.0 -999.0 -999.0 305.1079909801987 48.58415142270651 304.9976373634583 48.675354410014116 35.791354048568216 309.5651399415748 16000.0 16600.0 2015.5 2 11 {-999.0 -999.0 -999.0 -999.0 -999.0} "" -999.0 -999.0 -999.0 -999.0 27021603114190355 840307537 "" ops_sky_apogee_best ops_sky sky_apogee 0 0 0.0 0.0 -999 ""
FIBERMAP 1300 R+11C12 BOSS 0 0 0 1 0 0 82.48338987866286 202.90222556774472 143.1 88.80143751369289 200.22153376779954 276.5645 134.39783 -999.0 -999.0 -999.0 -999.0 -999.0 305.1044401111439 48.58149615878915 304.99451416809586 48.67274700240782 35.7888327674429 309.5624687469516 -999.0 5400.0 -999.0 1 142 {-999.0 -999.0 -999.0 -999.0 -999.0} "" -999.0 -999.0 -999.0 -999.0 -999 -999 "" "" "" "" 0 0 0.0 0.0 -999 ""
FIBERMAP 1300 R+11C12 METROLOGY 0 0 0 1 0 0 82.1803682126351 203.58725080230028 143.1 88.52002260487316 200.91572776511742 276.5645 134.39783 -999.0 -999.0 -999.0 -999.0 -999.0 305.102660567239 48.58464283745175 304.99259930272837 48.67587446278247 35.78818733699479 309.5665505545014 -999.0 6231.0 -999.0 -1 -999 {-999.0 -999.0 -999.0 -999.0 -999.0} "" -999.0 -999.0 -999.0 -999.0 -999 -999 "" "" "" "" 0 0 0.0 0.0 -999 ""
FIBERMAP 1301 R+2C23 APOGEE 1 1 0 1 0 0 232.59722123487356 47.24513669458337 143.1 233.9670098718494 39.935087927416205 37.690804 123.56024 306.072779278653 47.84333606855557 8.561717 28.15971 5.9567323 306.0728171137111 47.84341958790458 305.9668999759018 47.93655437968581 36.28435419631455 308.51695706330077 16000.0 16600.0 2016.0 2 82 {-999.0 10.339112 10.029748 9.926935 -999.0} sdss_psfmag_from_g3xp 10.302387 10.033281 9.602938 8.885 63050395015633295 1076200365 bright_1x1 mwm_snc_ext_main_apogee mwm_snc science 0 0 0.0 0.0 -999 ""
FIBERMAP 1301 R+2C23 BOSS 0 0 0 1 0 0 233.30417352410768 47.02156059354968 143.1 234.66662143401297 39.689468166394015 37.690804 123.56024 -999.0 -999.0 -999.0 -999.0 -999.0 306.0770854767125 47.842182174200566 305.9715874232532 47.93537630444139 36.28721607726092 308.51478696281964 -999.0 5400.0 -999.0 1 225 {-999.0 -999.0 -999.0 -999.0 -999.0} "" -999.0 -999.0 -999.0 -999.0 -999 -999 "" "" "" "" 0 0 0.0 0.0 -999 ""
FIBERMAP 1301 R+2C23 METROLOGY 0 0 0 1 0 0 232.73660572811593 46.51772511068794 143.1 234.0835373000606 39.20365470302905 37.690804 123.56024 -999.0 -999.0 -999.0 -999.0 -999.0 306.0732316271346 47.84006196265986 305.96762249317953 47.93323464547499 36.284203349758556 308.51279939932886 -999.0 6231.0 -999.0 -1 -999 {-999.0 -999.0 -999.0 -999.0 -999.0} "" -999.0 -999.0 -999.0 -999.0 -999 -999 "" "" "" "" 0 0 0.0 0.0 -999 ""
FIBERMAP 1302 R-9C18 APOGEE 1 1 0 1 0 0 200.29634275087224 -185.3855740739752 143.1 194.39281315055138 -191.57310295171237 325.41516 105.07946 305.7727430837313 46.80035584744486 -2.7548397 -3.388521 0.14159416 305.77273114784333 46.8003457973732 305.67084377141504 46.89314516268111 35.882734546349 307.2998144988166 16000.0 16600.0 2016.0 2 187 {-999.0 17.422377 14.993703 13.993328 -999.0} sdss_psfmag_ps1 16.139378 14.440717 13.203658 9.747 63050395015363277 1153345163 bright_1x1 mwm_galactic_core_dist_apogee_sparse mwm_galactic science 0 0 0.0 0.0 -999 ""
FIBERMAP 1302 R-9C18 BOSS 0 0 0 1 0 0 200.05459885772507 -186.09707556221085 143.1 194.12889169304074 -192.2766923288556 325.41516 105.07946 -999.0 -999.0 -999.0 -999.0 -999.0 305.77047153286566 46.79714721139282 305.6689983707423 46.89000075034563 35.88085663760299 307.29633428607076 -999.0 5400.0 -999.0 1 330 {-999.0 -999.0 -999.0 -999.0 -999.0} "" -999.0 -999.0 -999.0 -999.0 -999 -999 "" "" "" "" 0 0 0.0 0.0 -999 ""
FIBERMAP 1302 R-9C18 METROLOGY 0 0 0 1 0 0 199.55736575215656 -185.53909474499514 143.1 193.64937709719624 -191.70339748251874 325.41516 105.07946 -999.0 -999.0 -999.0 -999.0 -999.0 305.7675466049767 46.79975754697598 305.66594483068957 46.89258882600848 35.87934382943087 307.299988009937 -999.0 6231.0 -999.0 -1 -999 {-999.0 -999.0 -999.0 -999.0 -999.0} "" -999.0 -999.0 -999.0 -999.0 -999 -999 "" "" "" "" 0 0 0.0 0.0 -999 ""
FIBERMAP 1303 R-7C11 APOGEE 1 1 0 1 0 0 22.37338094888457 -145.52419427894 143.1 17.803269715542026 -146.1560692550988 332.8187 104.10978 304.6078166109111 47.01139108015272 -1.282069 -2.3862073 0.0637059 304.6078110341817 47.01138400286027 304.5036972188617 47.10198797670941 35.1481836752776 307.75571175734376 16000.0 16600.0 2016.0 2 151 {-999.0 17.08467 14.818356 13.535678 -999.0} sdss_psfmag_from_g3xp 15.924372 14.216692 12.97672 9.579 63050395015354793 1151795277 bright_1x1 mwm_galactic_core_dist_apogee_sparse mwm_galactic science 0 0 0.0 0.0 -999 ""
FIBERMAP 1303 R-7C11 BOSS 0 0 0 1 0 0 22.211150415137688 -146.2540334113071 143.1 17.618249308011546 -146.8804788365094 332.8187 104.10978 -999.0 -999.0 -999.0 -999.0 -999.0 304.6061477669092 47.00798842585905 304.50246181233956 47.098652181341926 35.146646160982186 307.7519480870722 -999.0 5400.0 -999.0 1 377 {-999.0 -999.0 -999.0 -999.0 -999.0} "" -999.0 -999.0 -999.0 -999.0 -999 -999 "" "" "" "" 0 0 0.0 0.0 -999 ""
FIBERMAP 1303 R-7C11 METROLOGY 0 0 0 1 0 0 21.66694716980477 -145.75690919360883 143.1 17.089880154549537 -146.36654004333357 332.8187 104.10978 -999.0 -999.0 -999.0 -999.0 -999.0 304.60275566318177 47.01035268222743 304.4989381697949 47.10099203102607 35.14480593857965 307.75537277586955 -999.0 6231.0 -999.0 -1 -999 {-999.0 -999.0 -999.0 -999.0 -999.0} "" -999.0 -999.0 -999.0 -999.0 -999 -999 "" "" "" "" 0 0 0.0 0.0 -999 ""
FIBERMAP 1304 R+7C15 APOGEE 0 0 0 1 0 0 113.15017839073035 147.58456475134875 143.1 117.72047809829824 143.96931048384135 74.30964 84.17907 -999.0 -999.0 -999.0 -999.0 -999.0 305.2990842825161 48.32576014640685 305.19011170971254 48.41737013621253 35.86716867335474 309.2227866344967 -999.0 16600.0 -999.0 2 -999 {-999.0 -999.0 -999.0 -999.0 -999.0} "" -999.0 -999.0 -999.0 -999.0 -999 -999 "" "" "" "" 0 0 0.0 0.0 -999 ""
FIBERMAP 1304 R+7C15 BOSS 1 1 0 1 0 0 113.82005575881816 147.32094485511212 143.1 118.38177771730061 143.6848275574565 74.30964 84.17907 305.3032030322171 48.32441445288556 0.43313336 -1.1325591 0.41142902 305.30320496425793 48.32441109380966 305.19466030775095 48.41608301034691 35.86988537741415 309.2205145912756 5400.0 5400.0 2016.0 1 187 {-999.0 17.89949 16.933466 16.456509 16.141066} sdss_psfmag_from_ps1dr2 17.5757 16.9021 16.101 14.703 63050395016075527 1038708232 "" ops_std_boss_ps1dr2 ops_std standard_boss 0 0 0.0 0.0 -999 ""
FIBERMAP 1304 R+7C15 METROLOGY 0 0 0 1 0 0 113.25062269448017 146.84525904843824 143.1 117.79771117129043 143.22720884237043 74.30964 84.17907 -999.0 -999.0 -999.0 -999.0 -999.0 305.299303768652 48.32239357987444 305.1906450535189 48.41404335996625 35.86687921406857 309.2186737302426 -999.0 6231.0 -999.0 -1 -999 {-999.0 -999.0 -999.0 -999.0 -999.0} "" -999.0 -999.0 -999.0 -999.0 -999 -999 "" "" "" "" 0 0 0.0 0.0 -999 ""
FIBERMAP 1306 R-11C6 APOGEE 1 1 0 1 0 0 -44.75400479520027 -220.64612455647674 143.1 -51.64591395241982 -219.1391220577914 330.57123 114.77302 304.14626396648475 46.682888140359665 -3.4122033 -5.5282664 0.14715402 304.14624921461655 46.68287174398074 304.0430153938508 46.77268639650961 34.76913685352918 307.44774445844814 16000.0 16600.0 2016.0 2 177 {-999.0 17.117186 14.903209 12.835731 -999.0} sdss_psfmag_from_g3xp 16.017502 13.517633 12.108974 8.247 63050395015786273 1151795827 bright_1x1 mwm_galactic_core_dist_apogee_sparse mwm_galactic science 0 0 0.0 0.0 -999 ""
FIBERMAP 1306 R-11C6 BOSS 0 0 0 1 0 0 -44.79403386345144 -221.38728100741926 143.1 -51.70914552124842 -219.87867233276265 330.57123 114.77302 -999.0 -999.0 -999.0 -999.0 -999.0 304.14542011633375 46.67945161238752 304.0426176236398 46.769331022991736 34.76812163528388 307.44383717581616 -999.0 5400.0 -999.0 1 358 {-999.0 -999.0 -999.0 -999.0 -999.0} "" -999.0 -999.0 -999.0 -999.0 -999 -999 "" "" "" "" 0 0 0.0 0.0 -999 ""
FIBERMAP 1306 R-11C6 METROLOGY 0 0 0 1 0 0 -45.41925460753872 -220.97699114847543 143.1 -52.32121434183876 -219.44898826064286 330.57123 114.77302 -999.0 -999.0 -999.0 -999.0 -999.0 304.1414862624577 46.68140767316273 304.03855287062134 46.77126075711649 34.76583922279755 307.4468842193754 -999.0 6231.0 -999.0 -1 -999 {-999.0 -999.0 -999.0 -999.0 -999.0} "" -999.0 -999.0 -999.0 -999.0 -999 -999 "" "" "" "" 0 0 0.0 0.0 -999 ""
FIBERMAP 1308 R-4C5 APOGEE 1 1 0 1 0 0 -158.94238926427724 -90.11291798020618 143.1 -161.69026981407464 -85.09022273221015 256.54306 122.57909 303.4072107724365 47.28668369041877 -2.4561563 -3.6053112 0.12734237 303.40720003319655 47.286672997365535 303.3005759911859 47.374978289156275 34.411196944465 308.2983125746026 16000.0 16600.0 2016.0 2 252 {-999.0 16.469902 14.615081 13.7344885 -999.0} sdss_psfmag_from_g3xp 15.596904 14.35677 13.261703 10.486 63050395015838399 1151795946 bright_1x1 mwm_galactic_core_dist_apogee_sparse mwm_galactic science 0 0 0.0 0.0 -999 ""
FIBERMAP 1308 R-4C5 BOSS 0 0 0 1 0 0 -159.65051565434192 -90.32553841385818 143.1 -162.40472159277388 -85.28055555118712 256.54306 122.57909 -999.0 -999.0 -999.0 -999.0 -999.0 303.4019590156842 47.285690786844995 303.29576171304234 47.374053238129314 34.407812293364266 308.2981070096056 -999.0 5400.0 -999.0 1 459 {-999.0 -999.0 -999.0 -999.0 -999.0} "" -999.0 -999.0 -999.0 -999.0 -999 -999 "" "" "" "" 0 0 0.0 0.0 -999 ""
FIBERMAP 1308 R-4C5 METROLOGY 0 0 0 1 0 0 -159.49471097808984 -89.59860172418068 143.1 -162.2262149285843 -84.55884570248874 256.54306 122.57909 -999.0 -999.0 -999.0 -999.0 -999.0 303.40321613696005 47.28899404388593 303.29688448252335 47.37733920791911 34.409290867347444 308.30178132921867 -999.0 6231.0 -999.0 -1 -999 {-999.0 -999.0 -999.0 -999.0 -999.0} "" -999.0 -999.0 -999.0 -999.0 -999 -999 "" "" "" "" 0 0 0.0 0.0 -999 ""
FIBERMAP 1312 R-11C11 APOGEE 1 1 0 1 0 0 34.67730159466534 -212.07030042216329 143.1 28.016360184069075 -213.05606957647032 240.17264 36.06763 304.67311231761033 46.709384908071854 9.764817 -4.62957 2.3513224 304.6731545542503 46.70937117714489 304.5703880486853 46.80016021000655 35.12741111906838 307.38331593414847 16000.0 16600.0 2016.0 2 156 {-999.0 11.702832 11.376343 11.2708235 -999.0} sdss_psfmag_from_g3xp 11.659267 11.38343 10.943037 10.232 63050395015333078 1076200354 bright_1x1 mwm_snc_ext_main_apogee mwm_snc science 0 0 0.0 0.0 -999 ""
FIBERMAP 1312 R-11C11 BOSS 0 0 0 1 0 0 34.58761599828182 -211.32966463785172 143.1 27.949922382062137 -212.31297557129716 240.17264 36.06763 -999.0 -999.0 -999.0 -999.0 -999.0 304.67234126501273 46.712605051960416 304.5699739362976 46.803454477324784 35.127850923943406 307.38732274090955 -999.0 5400.0 -999.0 1 393 {-999.0 -999.0 -999.0 -999.0 -999.0} "" -999.0 -999.0 -999.0 -999.0 -999 -999 "" "" "" "" 0 0 0.0 0.0 -999 ""
FIBERMAP 1312 R-11C11 METROLOGY 0 0 0 1 0 0 35.27184233224179 -211.61554110044855 143.1 28.62486682132833 -212.6201540674659 240.17264 36.06763 -999.0 -999.0 -999.0 -999.0 -999.0 304.6769092272151 46.71123992164106 304.5744356094175 46.80208024093818 35.13053308565114 307.38487064927983 -999.0 6231.0 -999.0 -1 -999 {-999.0 -999.0 -999.0 -999.0 -999.0} "" -999.0 -999.0 -999.0 -999.0 -999 -999 "" "" "" "" 0 0 0.0 0.0 -999 ""
FIBERMAP 1314 R-13C8 APOGEE 1 1 0 1 0 0 1.788413271656456 -240.02121293484922 143.1 -5.7326506357479765 -239.9632501871454 144.23622 99.587494 304.4489339650665 46.589223052817985 2.6918535 -2.3770397 0.82348067 304.4494635500475 46.58921600271564 304.34695443199985 46.6796147180776 34.951573745235066 307.2807022156188 16000.0 16600.0 2016.0 2 273 {-999.0 10.402137 8.996675 8.367571 -999.0} sdss_psfmag_from_g3xp 9.832629 8.913717 7.9761853 5.801 63050395015334628 1151795329 bright_1x1 mwm_galactic_core_dist_apogee_sparse mwm_galactic science 0 0 1.281455159187317 0.0 -999 ""
FIBERMAP 1314 R-13C8 BOSS 0 0 0 1 0 0 2.1251923858953248 -239.37123585341834 143.1 -5.375666742795817 -239.32413358825679 144.23622 99.587494 -999.0 -999.0 -999.0 -999.0 -999.0 304.45141084465115 46.59197796354198 304.3493069193961 46.68244407236595 34.95377371855967 307.28363300669844 -999.0 5400.0 -999.0 1 417 {-999.0 -999.0 -999.0 -999.0 -999.0} "" -999.0 -999.0 -999.0 -999.0 -999 -999 "" "" "" "" 0 0 0.0 0.0 -999 ""
FIBERMAP 1314 R-13C8 METROLOGY 0 0 0 1 0 0 2.527554730610891 -239.99199280479735 143.1 -4.992944717421937 -239.95720231444136 144.23622 99.587494 -999.0 -999.0 -999.0 -999.0 -999.0 304.45404346781044 46.58916649902678 304.35183672691886 46.67961981119154 34.95484153583065 307.27980406633725 -999.0 6231.0 -999.0 -1 -999 {-999.0 -999.0 -999.0 -999.0 -999.0} "" -999.0 -999.0 -999.0 -999.0 -999 -999 "" "" "" "" 0 0 0.0 0.0 -999 ""
FIBERMAP 1316 R-8C11 APOGEE 0 0 0 1 0 0 4.904567967104285 -162.69393277695008 143.1 -0.19519951744383598 -162.77032973230402 245.02802 67.57254 -999.0 -999.0 -999.0 -999.0 -999.0 304.4874278949431 46.9364712662815 304.3834966344839 47.02686735114367 35.05202643670825 307.6876493242377 -999.0 16600.0 -999.0 2 -999 {-999.0 -999.0 -999.0 -999.0 -999.0} "" -999.0 -999.0 -999.0 -999.0 -999 -999 "" "" "" "" 0 0 0.0 0.0 -999 ""
FIBERMAP 1316 R-8C11 BOSS 1 1 0 1 0 0 4.381525621770905 -162.15070822497455 143.1 -0.7009734304432806 -162.2109755017181 245.02802 67.57254 304.4836541399328 46.93888759148637 -999.0 -999.0 -999.0 304.4836541399328 46.93888759148637 304.38012458655805 47.02933916069299 35.050318570948356 307.69120575356624 5400.0 5400.0 2015.5 1 373 {-999.0 -999.0 -999.0 -999.0 -999.0} "" -999.0 -999.0 -999.0 -999.0 27021603114172008 818193972 "" ops_sky_boss_good ops_sky sky_boss 0 0 0.0 0.0 -999 ""
FIBERMAP 1316 R-8C11 METROLOGY 0 0 0 1 0 0 5.110989645726338 -161.97695852977893 143.1 0.03358797108838933 -162.0601634989975 245.02802 67.57254 -999.0 -999.0 -999.0 -999.0 -999.0 304.4886666836233 46.939588455001314 304.3850217486787 47.030031319103465 35.05372728340539 307.6911470374347 -999.0 6231.0 -999.0 -1 -999 {-999.0 -999.0 -999.0 -999.0 -999.0} "" -999.0 -999.0 -999.0 -999.0 -999 -999 "" "" "" "" 0 0 0.0 0.0 -999 ""
FIBERMAP 1317 R-12C9 APOGEE 0 0 0 1 0 0 43.010982066189655 -231.07497857818 143.1 35.750638361821345 -232.31282795609735 64.97081 42.792587 -999.0 -999.0 -999.0 -999.0 -999.0 304.72336032015846 46.62285689306613 304.6210127146382 46.71375677013908 35.14244857717993 307.27096302037165 -999.0 16600.0 -999.0 2 -999 {-999.0 -999.0 -999.0 -999.0 -999.0} "" -999.0 -999.0 -999.0 -999.0 -999 -999 "" "" "" "" 0 0 0.0 0.0 -999 ""
FIBERMAP 1317 R-12C9 BOSS 1 1 0 1 0 0 43.23629223814701 -231.80029667958385 143.1 35.953116250825026 -233.0448608690572 64.97081 42.792587 304.7242541715827 46.61948147562628 -999.0 -999.0 -999.0 304.7242541715827 46.61948147562628 304.6223338678058 46.71044684111782 35.142611101167525 307.2667711492846 5400.0 5400.0 2015.5 1 405 {-999.0 -999.0 -999.0 -999.0 -999.0} "" -999.0 -999.0 -999.0 -999.0 27021603114171529 818193877 "" ops_sky_boss_good ops_sky sky_boss 0 0 0.0 0.0 -999 ""
FIBERMAP 1317 R-12C9 METROLOGY 0 0 0 1 0 0 42.5159112521205 -231.6331603313471 143.1 35.23831402999654 -232.85523331453135 64.97081 42.792587 -999.0 -999.0 -999.0 -999.0 -999.0 304.71966296623634 46.62036744314394 304.61761703488776 46.71130623590624 35.13964206975317 307.26865908304546 -999.0 6231.0 -999.0 -1 -999 {-999.0 -999.0 -999.0 -999.0 -999.0} "" -999.0 -999.0 -999.0 -999.0 -999 -999 "" "" "" "" 0 0 0.0 0.0 -999 ""
FIBERMAP 1318 R-11C7 APOGEE 1 1 0 1 0 0 -23.05891385410034 -208.12704440526537 143.1 -29.56888590624209 -207.30572658046586 18.447554 126.21368 304.2920982468009 46.73593293262539 -4.30574 -5.9555006 0.29010263 304.29207961363244 46.73591526910491 304.18878079250146 46.82599031392752 34.87827507898083 307.484026249287 16000.0 16600.0 2016.0 2 169 {-999.0 15.140587 13.58975 12.86061 -999.0} sdss_psfmag_from_g3xp 14.480174 13.4295025 12.41828 9.958 63050395015337406 1151795349 bright_1x1 mwm_galactic_core_dist_apogee_sparse mwm_galactic science 0 0 0.0 0.0 -999 ""
FIBERMAP 1318 R-11C7 BOSS 0 0 0 1 0 0 -22.43574734292531 -208.53202213943675 143.1 -28.958703906307566 -207.7300366886566 18.447554 126.21368 -999.0 -999.0 -999.0 -999.0 -999.0 304.295695825041 46.73389378789808 304.1928262264318 46.82404062079252 34.8805431732092 307.48096198776454 -999.0 5400.0 -999.0 1 359 {-999.0 -999.0 -999.0 -999.0 -999.0} "" -999.0 -999.0 -999.0 -999.0 -999 -999 "" "" "" "" 0 0 0.0 0.0 -999 ""
FIBERMAP 1318 R-11C7 METROLOGY 0 0 0 1 0 0 -23.10258569762109 -208.87685871469387 143.1 -29.636029783558573 -208.0538164684759 18.447554 126.21368 -999.0 -999.0 -999.0 -999.0 -999.0 304.29133342794705 46.73247018872942 304.1883469921893 46.82259089134614 34.87723344846703 307.48006526836167 -999.0 6231.0 -999.0 -1 -999 {-999.0 -999.0 -999.0 -999.0 -999.0} "" -999.0 -999.0 -999.0 -999.0 -999 -999 "" "" "" "" 0 0 0.0 0.0 -999 ""
FIBERMAP 1323 R+2C5 APOGEE 1 1 0 1 0 0 -173.0376259232272 57.33523226032146 143.1 -171.15904653947106 62.729522386676926 119.36461 57.423775 303.3318536438606 47.95748879892282 0.10971728 -4.155171 0.21829885 303.3318541297813 47.95747647503182 303.2221919602936 48.04549833600059 34.50798243783342 309.10555623911347 16000.0 16600.0 2016.0 2 140 {-999.0 15.417152 13.931447 13.237743 -999.0} sdss_psfmag_from_g3xp 14.795024 13.795954 12.809449 10.491 63050395015958100 1151796019 bright_1x1 mwm_galactic_core_dist_apogee_sparse mwm_galactic science 0 0 0.0 0.0 -999 ""
FIBERMAP 1323 R+2C5 BOSS 0 0 0 1 0 0 -172.29470152930867 57.312756107067024 143.1 -170.41717920277944 62.683780003983955 119.36461 57.423775 -999.0 -999.0 -999.0 -999.0 -999.0 303.3363504838759 47.95727174536764 303.22712698866474 48.04536655809481 34.51117398892714 309.10452877552547 -999.0 5400.0 -999.0 1 34 {-999.0 -999.0 -999.0 -999.0 -999.0} "" -999.0 -999.0 -999.0 -999.0 -999 -999 "" "" "" "" 0 0 0.0 0.0 -999 ""
FIBERMAP 1323 R+2C5 METROLOGY 0 0 0 1 0 0 -172.68459294562683 56.663464181920375 143.1 -170.82722870556108 62.04701232182286 119.36461 57.423775 -999.0 -999.0 -999.0 -999.0 -999.0 303.33376519303226 47.95436980400494 303.22442911864414 48.042442112636216 34.508777059902975 309.1015412657049 -999.0 6231.0 -999.0 -1 -999 {-999.0 -999.0 -999.0 -999.0 -999.0} "" -999.0 -999.0 -999.0 -999.0 -999 -999 "" "" "" "" 0 0 0.0 0.0 -999 ""
FIBERMAP 1324 R-4C11 APOGEE 0 0 0 1 0 0 -38.70199674032956 -78.77308908144218 143.1 -41.151691225679215 -77.5230863921924 206.56735 92.23107 -999.0 -999.0 -999.0 -999.0 -999.0 304.2138689993545 47.323460092722726 304.10797619535487 47.413265776559264 34.95280779093471 308.1975867360211 -999.0 16600.0 -999.0 2 -999 {-999.0 -999.0 -999.0 -999.0 -999.0} "" -999.0 -999.0 -999.0 -999.0 -999 -999 "" "" "" "" 0 0 0.0 0.0 -999 ""
FIBERMAP 1324 R-4C11 BOSS 1 1 0 1 0 0 -39.06333160736785 -78.10208945108529 143.1 -41.49183108270213 -76.84108430011476 206.56735 92.23107 304.2106382460292 47.32647478647772 -1.0870986 -4.86999 1.0449104 304.2111270962457 47.326460342493114 304.10563888924577 47.416323255632776 34.95192149529039 308.20164504773555 5400.0 5400.0 2016.0 1 357 {-999.0 13.164699 12.601278 12.397548 -999.0} sdss_psfmag_from_g3xp 13.027512 12.62795 12.058736 11.126 63050395015819291 996741212 bright_1x1 mwm_bin_gaia_sb_boss mwm_bin science 0 0 1.2044761180877686 0.0 -999 ""
FIBERMAP 1324 R-4C11 METROLOGY 0 0 0 1 0 0 -38.32690104082425 -78.12813544223668 143.1 -40.75656633741452 -76.89019136415733 206.56735 92.23107 -999.0 -999.0 -999.0 -999.0 -999.0 304.2161918593748 47.32626275358356 304.110591126565 47.41611715024342 34.95514962288518 308.2005193308996 -999.0 6231.0 -999.0 -1 -999 {-999.0 -999.0 -999.0 -999.0 -999.0} "" -999.0 -999.0 -999.0 -999.0 -999 -999 "" "" "" "" 0 0 0.0 0.0 -999 ""
FIBERMAP 1326 R-3C23 APOGEE 0 0 0 1 0 0 222.5937394361254 -58.37729655221681 143.1 220.65897434050254 -65.32375703883038 176.39133 122.489494 -999.0 -999.0 -999.0 -999.0 -999.0 305.96790590254164 47.36789176864102 305.86387963221864 47.460931529202426 36.124927489223964 307.9550117660148 -999.0 16600.0 -999.0 2 -999 {-999.0 -999.0 -999.0 -999.0 -999.0} "" -999.0 -999.0 -999.0 -999.0 -999 -999 "" "" "" "" 0 0 0.0 0.0 -999 ""
FIBERMAP 1326 R-3C23 BOSS 1 1 0 1 0 0 222.23316235113728 -57.75189030394542 143.1 220.31816339849814 -64.68735041700687 176.39133 122.489494 305.96541149866 47.37074989316553 -2.6584868 -4.50934 0.4888208 305.9653998562395 47.37073651883849 305.86176365874815 47.46382582136537 36.124090702077254 307.958872208768 5400.0 5400.0 2016.0 1 323 {-999.0 16.546026 15.764351 15.366284 -999.0} sdss_psfmag_ps1 16.273247 15.684564 14.943052 13.577 63050395015388717 1034680053 bright_1x1 mwm_yso_disk_boss_single mwm_yso science 0 0 0.0 0.0 -999 ""
FIBERMAP 1326 R-3C23 METROLOGY 0 0 0 1 0 0 222.97961310510303 -57.738732935885935 143.1 221.06467187058848 -64.69758668827082 176.39133 122.489494 -999.0 -999.0 -999.0 -999.0 -999.0 305.97044675718206 47.37064527758831 305.86670229693374 47.46372826666344 36.127345979726286 307.9579452883304 -999.0 6231.0 -999.0 -1 -999 {-999.0 -999.0 -999.0 -999.0 -999.0} "" -999.0 -999.0 -999.0 -999.0 -999 -999 "" "" "" "" 0 0 0.0 0.0 -999 ""
FIBERMAP 1328 R-3C12 APOGEE 1 1 0 1 0 0 -9.550968895277098 -73.4963298638376 143.1 -11.849179891952659 -73.16217753317108 291.45953 100.691925 304.4108085323869 47.34320169623531 -2.253834 -4.438093 0.30009958 304.410798667231 47.343188533219994 304.3050437426567 47.43335679045185 35.08734852805423 308.18668966285736 16000.0 16600.0 2016.0 2 154 {-999.0 14.392734 12.62799 11.604678 -999.0} sdss_psfmag_from_g3xp 13.592949 12.263944 11.140496 8.445 63050395015815185 1151795790 bright_1x1 mwm_galactic_core_dist_apogee_sparse mwm_galactic science 0 0 0.0 0.0 -999 ""
FIBERMAP 1328 R-3C12 BOSS 0 0 0 1 0 0 -10.160395339701365 -73.90719530041373 143.1 -12.471189906789109 -73.55375361322436 291.45953 100.691925 -999.0 -999.0 -999.0 -999.0 -999.0 304.4061837967609 47.34131262100406 304.30085083243887 47.43153444380406 35.08418920137554 308.1852519257377 -999.0 5400.0 -999.0 1 356 {-999.0 -999.0 -999.0 -999.0 -999.0} "" -999.0 -999.0 -999.0 -999.0 -999 -999 "" "" "" "" 0 0 0.0 0.0 -999 ""
FIBERMAP 1328 R-3C12 METROLOGY 0 0 0 1 0 0 -10.214685727617418 -73.16336871594137 143.1 -12.502149338606664 -72.80857930681967 291.45953 100.691925 -999.0 -999.0 -999.0 -999.0 -999.0 304.40610448868 47.34472790928076 304.30063797790024 47.434931342185756 35.0847720135055 308.18934529206456 -999.0 6231.0 -999.0 -1 -999 {-999.0 -999.0 -999.0 -999.0 -999.0} "" -999.0 -999.0 -999.0 -999.0 -999 -999 "" "" "" "" 0 0 0.0 0.0 -999 ""
FIBERMAP 1329 R+3C16 APOGEE 1 1 0 1 0 0 77.03004847089251 49.87826174192189 143.1 78.55622226016594 47.441108705537275 203.95056 159.89001 305.02641174402424 47.89002189933743 -4.3787107 -5.2704244 0.20724009 305.0263923766768 47.89000626769592 304.9189921889677 47.98120263424054 35.60463929782397 308.73936750814215 16000.0 16600.0 2016.0 2 63 {-999.0 15.250475 13.007728 11.751995 -999.0} sdss_psfmag_from_g3xp 14.110755 12.425171 11.195114 7.896 63050395015885853 1151796030 bright_1x1 mwm_galactic_core_dist_apogee_sparse mwm_galactic science 0 0 0.0 0.0 -999 ""
FIBERMAP 1329 R+3C16 BOSS 0 0 0 1 0 0 76.27862027187922 49.85741937843885 143.1 77.80449792491957 47.44381958192043 203.95056 159.89001 -999.0 -999.0 -999.0 -999.0 -999.0 305.0209349362051 47.89002125363317 304.9139448839674 47.98126435603344 35.60134122333551 308.7402718959668 -999.0 5400.0 -999.0 1 220 {-999.0 -999.0 -999.0 -999.0 -999.0} "" -999.0 -999.0 -999.0 -999.0 -999 -999 "" "" "" "" 0 0 0.0 0.0 -999 ""
FIBERMAP 1329 R+3C16 METROLOGY 0 0 0 1 0 0 76.62783113011515 50.51648262773274 143.1 78.17419234038702 48.091628528599294 203.95056 159.89001 -999.0 -999.0 -999.0 -999.0 -999.0 305.0235902018123 47.89296362636059 304.91647243401707 47.984194895903286 35.60358431962405 308.7433879000997 -999.0 6231.0 -999.0 -1 -999 {-999.0 -999.0 -999.0 -999.0 -999.0} "" -999.0 -999.0 -999.0 -999.0 -999 -999 "" "" "" "" 0 0 0.0 0.0 -999 ""
FIBERMAP 1330 R-3C11 APOGEE 1 1 0 1 0 0 -18.459070557894908 -47.55556572813473 143.1 -19.94028875816243 -46.95462996450222 76.17629 69.44295 304.35658604097154 47.462540514610325 -2.4683933 -2.9669795 0.10971233 304.3565752121739 47.462531714795624 304.25024377704 47.55257398867104 35.07650541182678 308.338661321528 16000.0 16600.0 2016.0 2 208 {-999.0 18.395685 15.456024 14.079847 -999.0} sdss_psfmag_ps1 16.436655 14.605465 13.277004 9.747 63050395015822906 1153345489 bright_1x1 mwm_galactic_core_dist_apogee_sparse mwm_galactic science 0 0 0.0 0.0 -999 ""
FIBERMAP 1330 R-3C11 BOSS 0 0 0 1 0 0 -17.853142577678845 -47.968665986963494 143.1 -19.34759159240986 -47.38651863130996 76.17629 69.44295 -999.0 -999.0 -999.0 -999.0 -999.0 304.36013075236593 47.460474965413596 304.25423247464704 47.55058583596873 35.0787145230271 308.33558940227294 -999.0 5400.0 -999.0 1 347 {-999.0 -999.0 -999.0 -999.0 -999.0} "" -999.0 -999.0 -999.0 -999.0 -999 -999 "" "" "" "" 0 0 0.0 0.0 -999 ""
FIBERMAP 1330 R-3C11 METROLOGY 0 0 0 1 0 0 -18.512332816265705 -48.30335748158383 143.1 -20.016955125803253 -47.7003977754527 76.17629 69.44295 -999.0 -999.0 -999.0 -999.0 -999.0 304.355739083048 47.459071470517344 304.2497227918159 47.5491570324541 35.075436885244805 308.3346723035038 -999.0 6231.0 -999.0 -1 -999 {-999.0 -999.0 -999.0 -999.0 -999.0} "" -999.0 -999.0 -999.0 -999.0 -999 -999 "" "" "" "" 0 0 0.0 0.0 -999 ""
FIBERMAP 1331 R-10C3 APOGEE 1 1 0 1 0 0 -145.8852952349223 -212.57778412478578 143.1 -152.4763799476031 -207.90602286358336 302.68985 29.718327 303.48070283562714 46.732710375332836 -3.414328 -3.3844965 0.14342986 303.4806880609404 46.73270033719719 303.37653057514336 46.8212609626084 34.33575681571173 307.6307533993006 16000.0 16600.0 2016.0 2 242 {-999.0 15.882741 14.149481 13.323419 -999.0} sdss_psfmag_from_g3xp 15.10222 13.925245 12.859474 10.146 63050395014918572 1151794898 bright_1x1 mwm_galactic_core_dist_apogee_sparse mwm_galactic science 0 0 0.0 0.0 -999 ""
FIBERMAP 1331 R-10C3 BOSS 0 0 0 1 0 0 -146.55793818715642 -212.27878194368137 143.1 -153.139335258691 -207.58608780710847 302.68985 29.718327 -999.0 -999.0 -999.0 -999.0 -999.0 303.47585844761744 46.734044645053345 303.37211448647287 46.822664522421206 34.333138743171155 307.6332489535743 -999.0 5400.0 -999.0 1 478 {-999.0 -999.0 -999.0 -999.0 -999.0} "" -999.0 -999.0 -999.0 -999.0 -999 -999 "" "" "" "" 0 0 0.0 0.0 -999 ""
FIBERMAP 1331 R-10C3 METROLOGY 0 0 0 1 0 0 -145.95886536753707 -211.83853014596156 143.1 -152.52675323374487 -207.1648149285926 302.68985 29.718327 -999.0 -999.0 -999.0 -999.0 -999.0 303.47996079353203 46.735964218140936 303.3760926764791 46.82457191005708 34.33622641152629 307.63473906563087 -999.0 6231.0 -999.0 -1 -999 {-999.0 -999.0 -999.0 -999.0 -999.0} "" -999.0 -999.0 -999.0 -999.0 -999 -999 "" "" "" "" 0 0 0.0 0.0 -999 ""
FIBERMAP 1333 R-5C14 APOGEE 1 1 0 1 0 0 69.152142713133 -110.94406938526075 143.1 65.64325996967628 -113.0580147441114 358.9116 64.3373 304.92902261882784 47.160287315015026 -2.4082477 -3.4337337 0.16303475 304.9290121141379 47.16027713084626 304.82463259519596 47.2514454754506 35.39306937918844 307.8779435085827 16000.0 16600.0 2016.0 2 195 {-999.0 16.011612 14.42388 13.673482 -999.0} sdss_psfmag_from_g3xp 15.328189 14.24853 13.227857 10.795 63050395015357729 1151795291 bright_1x1 mwm_galactic_core_dist_apogee_sparse mwm_galactic science 0 0 0.0 0.0 -999 ""
FIBERMAP 1333 R-5C14 BOSS 0 0 0 1 0 0 68.79857642300557 -111.60110244088217 143.1 65.26927579982572 -113.70365799931295 358.9116 64.3373 -999.0 -999.0 -999.0 -999.0 -999.0 304.9260958279891 47.15725111534723 304.82213907024607 47.248474780642105 35.390792041929394 307.8748152295439 -999.0 5400.0 -999.0 1 325 {-999.0 -999.0 -999.0 -999.0 -999.0} "" -999.0 -999.0 -999.0 -999.0 -999 -999 "" "" "" "" 0 0 0.0 0.0 -999 ""
FIBERMAP 1333 R-5C14 METROLOGY 0 0 0 1 0 0 68.40141506768381 -110.95868173589506 143.1 64.89243105065609 -113.0490987631436 358.9116 64.3373 -999.0 -999.0 -999.0 -999.0 -999.0 304.9237285339607 47.16025927263698 304.8196391783958 47.251460888757656 35.38975841587514 307.87883297003316 -999.0 6231.0 -999.0 -1 -999 {-999.0 -999.0 -999.0 -999.0 -999.0} "" -999.0 -999.0 -999.0 -999.0 -999 -999 "" "" "" "" 0 0 0.0 0.0 -999 ""
FIBERMAP 1334 R-4C16 APOGEE 0 0 0 1 0 0 85.12737289775615 -86.10061184664535 143.1 82.38928457646023 -88.72688367733637 205.7233 147.57611 -999.0 -999.0 -999.0 -999.0 -999.0 305.0428347978148 47.270166754860746 304.9381200983542 47.36152276948306 35.49125352297174 307.9904317744618 -999.0 16600.0 -999.0 2 -999 {-999.0 -999.0 -999.0 -999.0 -999.0} "" -999.0 -999.0 -999.0 -999.0 -999 -999 "" "" "" "" 0 0 0.0 0.0 -999 ""
FIBERMAP 1334 R-4C16 BOSS 1 1 0 1 0 0 84.37707051274845 -86.01864346063192 143.1 81.64190673118543 -88.62144615407423 205.7233 147.57611 305.0374912394829 47.27059523459441 -3.443827 -6.404514 0.3541473 305.03747618635526 47.270576239338595 304.93316640390026 47.3619814920317 35.48806557738452 307.99183581886643 5400.0 5400.0 2016.0 1 283 {-999.0 18.08013 16.976757 16.517075 -999.0} sdss_psfmag_ps1 17.690422 16.98177 16.157452 14.502 63050395015409040 980252151 "" ops_std_boss_red ops_std standard_boss 0 0 0.0 0.0 -999 ""
FIBERMAP 1334 R-4C16 METROLOGY 0 0 0 1 0 0 84.81953679373386 -85.4209803924202 143.1 82.10288852122757 -88.03793005525078 205.7233 147.57611 -999.0 -999.0 -999.0 -999.0 -999.0 305.0407163518556 47.273233632977 304.93628203462197 47.3646274745071 35.490677856690525 307.9944788118934 -999.0 6231.0 -999.0 -1 -999 {-999.0 -999.0 -999.0 -999.0 -999.0} "" -999.0 -999.0 -999.0 -999.0 -999 -999 "" "" "" "" 0 0 0.0 0.0 -999 ""
FIBERMAP 1335 R-7C1 APOGEE 1 1 0 1 0 0 -198.06061289336247 -123.75289714847352 143.1 -201.84390411418497 -117.48859386081499 85.368805 63.610954 303.14436799176093 47.138410863955386 -3.2917988 -5.5806665 0.09804654 303.14435363896314 47.138394312162156 303.03809312341923 47.22623760554697 34.20410916130906 308.17178386092553 16000.0 16600.0 2016.0 2 260 {-999.0 16.364094 14.692676 13.895778 -999.0} sdss_psfmag_from_g3xp 15.625213 14.490069 13.443877 10.81 63050395014961123 1151794817 bright_1x1 mwm_galactic_core_dist_apogee_sparse mwm_galactic science 0 0 0.0 0.0 -999 ""
FIBERMAP 1335 R-7C1 BOSS 0 0 0 1 0 0 -197.4253072927898 -124.14574240043753 143.1 -201.22120866187095 -117.9011575844009 85.368805 63.610954 -999.0 -999.0 -999.0 -999.0 -999.0 303.1480484003797 47.13647163445659 303.0422298376492 47.22439089189087 34.206421147943665 308.16883255934295 -999.0 5400.0 -999.0 1 500 {-999.0 -999.0 -999.0 -999.0 -999.0} "" -999.0 -999.0 -999.0 -999.0 -999 -999 "" "" "" "" 0 0 0.0 0.0 -999 ""
FIBERMAP 1335 R-7C1 METROLOGY 0 0 0 1 0 0 -198.08559855100884 -124.49878906181782 143.1 -201.89224778610867 -118.23334868109943 85.368805 63.610954 -999.0 -999.0 -999.0 -999.0 -999.0 303.14379017889365 47.13496601264702 303.03785189371433 47.22285815933062 34.20317597351809 308.167851577304 -999.0 6231.0 -999.0 -1 -999 {-999.0 -999.0 -999.0 -999.0 -999.0} "" -999.0 -999.0 -999.0 -999.0 -999 -999 "" "" "" "" 0 0 0.0 0.0 -999 ""
FIBERMAP 1336 R-9C8 APOGEE 0 0 0 1 0 0 -43.35751239778217 -166.60633926369746 143.1 -48.556939554480934 -165.16875671367464 135.43837 121.3534 -999.0 -999.0 -999.0 -999.0 -999.0 304.16553183788676 46.92594447816802 304.0612882964767 47.01574376830731 34.835250755238505 307.73299372687643 -999.0 16600.0 -999.0 2 173 {-999.0 -999.0 -999.0 -999.0 -999.0} "" -999.0 -999.0 -999.0 -999.0 -999 -999 "" "" "" "" 0 0 0.0 0.0 -999 ""
FIBERMAP 1336 R-9C8 BOSS 1 1 0 1 0 0 -43.200269603738334 -165.88517257363912 143.1 -48.37717623802309 -164.45285918250272 135.43837 121.3534 304.16626380309896 46.929057579008976 2.0193346 1.4912415 0.48600158 304.1662725732688 46.929062001906644 304.0624354989809 47.01892663698786 34.83671509565022 307.7365661839038 5400.0 5400.0 2016.0 1 383 {-999.0 16.738613 15.866123 15.683016 -999.0} sdss_psfmag_ps1 16.495716 15.969798 15.279732 13.935 63050395015793121 1034680111 bright_1x1 mwm_yso_disk_boss_single mwm_yso science 0 0 0.0 0.0 -999 ""
FIBERMAP 1336 R-9C8 METROLOGY 0 0 0 1 0 0 -42.64268892840987 -166.38193209343842 143.1 -47.835424581562506 -164.9668525853741 135.43837 121.3534 -999.0 -999.0 -999.0 -999.0 -999.0 304.17000912301205 46.926766815980436 304.06606722734637 47.016620516118515 34.83862210288209 307.7331607880246 -999.0 6231.0 -999.0 -1 -999 {-999.0 -999.0 -999.0 -999.0 -999.0} "" -999.0 -999.0 -999.0 -999.0 -999 -999 "" "" "" "" 0 0 0.0 0.0 -999 ""
FIBERMAP 1338 R-8C12 APOGEE 0 0 0 1 0 0 45.624636332507094 -166.52960832928542 143.1 40.38535183853681 -167.8800026633939 260.0363 131.87216 -999.0 -999.0 -999.0 -999.0 -999.0 304.7573251579631 46.91268075411792 304.65379784917536 47.00358280194027 35.226968665941726 307.611271131988 -999.0 16600.0 -999.0 2 -999 {-999.0 -999.0 -999.0 -999.0 -999.0} "" -999.0 -999.0 -999.0 -999.0 -999 -999 "" "" "" "" 0 0 0.0 0.0 -999 ""
FIBERMAP 1338 R-8C12 BOSS 1 1 0 1 0 0 45.01113213334362 -166.9199073929755 143.1 39.75991038010631 -168.2508943764108 260.0363 131.87216 304.7527730263062 46.91090800611244 -4.937828 -1.5185837 0.034372296 304.752751588097 46.910903502117755 304.64964014768253 47.00185931233368 35.22382979771869 307.60995399570277 5400.0 5400.0 2016.0 1 382 {-999.0 15.90864 15.258663 14.936421 -999.0} sdss_psfmag_ps1 15.681251 15.25518 14.549388 13.394 63050395015352406 1093686237 bright_1x1 mwm_astar_core_boss_single mwm_ob science 0 0 0.0 0.0 -999 ""
FIBERMAP 1338 R-8C12 METROLOGY 0 0 0 1 0 0 44.96213734401395 -166.18645082789962 143.1 39.7339191239433 -167.51625108306058 260.0363 131.87216 -999.0 -999.0 -999.0 -999.0 -999.0 304.7527295291461 46.91425025727835 304.6494867214417 47.0051877790732 35.22444083171729 307.61396129502145 -999.0 6231.0 -999.0 -1 -999 {-999.0 -999.0 -999.0 -999.0 -999.0} "" -999.0 -999.0 -999.0 -999.0 -999 -999 "" "" "" "" 0 0 0.0 0.0 -999 ""
FIBERMAP 1339 R-4C7 APOGEE 1 0 1 1 0 0 -111.31033332959873 -70.09538061692447 143.1 -113.45365775264693 -66.57457430610339 10.015488 169.97621 303.6370045802253 47.39489281504731 -3.9232566 -5.63882 0.21054573 303.72823386728925 47.37228158698758 303.621588239146 47.461170167004084 34.642130573421575 308.34172506037663 16000.0 16600.0 2016.0 2 259 {-999.0 16.696613 14.677498 13.674582 -999.0} sdss_psfmag_from_g3xp 15.712579 14.317762 13.177098 10.164 63050395015836306 1151795937 bright_1x1 mwm_galactic_core_dist_apogee_sparse mwm_galactic science 0 0 0.0 0.0 -999 ""
FIBERMAP 1339 R-4C7 BOSS 0 0 1 1 0 0 -110.57121293610861 -70.08408257976676 143.1 -112.71453441507818 -66.58643935431314 10.015488 169.97621 -999.0 -999.0 -999.0 -999.0 -999.0 303.7326929456947 47.37215369354572 303.6264783464288 47.46111551671705 34.645343717170526 308.3407762326717 -999.0 5400.0 -999.0 1 460 {-999.0 -999.0 -999.0 -999.0 -999.0} "" -999.0 -999.0 -999.0 -999.0 -999 -999 "" "" "" "" 0 0 0.0 0.0 -999 ""
FIBERMAP 1339 R-4C7 METROLOGY 0 0 1 1 0 0 -110.9245302055358 -70.74657305648405 143.1 -113.08844067145807 -67.23754524082936 10.015488 169.97621 -999.0 -999.0 -999.0 -999.0 -999.0 303.73035673979814 47.3692083888531 303.62403177092506 47.45814809503983 34.643077296430356 308.337699964152 -999.0 6231.0 -999.0 -1 -999 {-999.0 -999.0 -999.0 -999.0 -999.0} "" -999.0 -999.0 -999.0 -999.0 -999 -999 "" "" "" "" 0 0 0.0 0.0 -999 ""
FIBERMAP 1340 R+9C17 APOGEE 0 0 0 1 0 0 179.81680098680567 169.81674895192288 143.1 185.0520046050795 164.10217319388258 337.95792 118.87055 -999.0 -999.0 -999.0 -999.0 -999.0 305.75808268036167 48.41016915740084 305.6493160827063 48.50260772470948 36.18228972279727 309.25538548502567 -999.0 16600.0 -999.0 2 -999 {-999.0 -999.0 -999.0 -999.0 -999.0} "" -999.0 -999.0 -999.0 -999.0 -999 -999 "" "" "" "" 0 0 0.0 0.0 -999 ""
FIBERMAP 1340 R+9C17 BOSS 1 1 0 1 0 0 179.92117829605334 169.08455709998037 143.1 185.1333917029386 163.36705879791154 337.95792 118.87055 305.7582017785893 48.406841755922954 -3.871076 -9.091719 0.46356243 305.7581844832519 48.406814790641 305.6498460172222 48.499305958644996 36.18202316446582 309.2512850236508 5400.0 5400.0 2016.0 1 240 {-999.0 18.589975 17.385628 16.799555 16.346725} sdss_psfmag_from_ps1dr2 18.1663 17.3401 16.4442 14.533 63050395015678113 1038705486 "" ops_std_boss_ps1dr2 ops_std standard_boss 0 0 0.0 0.0 -999 ""
FIBERMAP 1340 R+9C17 METROLOGY 0 0 0 1 0 0 179.22536902424218 169.3619190780468 143.1 184.44660305584088 163.6660897637718 337.95792 118.87055 -999.0 -999.0 -999.0 -999.0 -999.0 305.7536708590008 48.408251809700076 305.64520331328725 48.50071967047803 36.17926202146615 309.2537122536554 -999.0 6231.0 -999.0 -1 -999 {-999.0 -999.0 -999.0 -999.0 -999.0} "" -999.0 -999.0 -999.0 -999.0 -999 -999 "" "" "" "" 0 0 0.0 0.0 -999 ""
FIBERMAP 1341 R-6C4 APOGEE 0 0 0 1 0 0 -151.98491298425827 -123.77381092831304 143.1 -155.79074278541106 -118.95311655689011 259.15372 154.2121 -999.0 -999.0 -999.0 -999.0 -999.0 303.44961395266927 47.133461499245634 303.3437006757013 47.22187879185367 34.405232264578295 308.10952758131043 -999.0 16600.0 -999.0 2 -999 {-999.0 -999.0 -999.0 -999.0 -999.0} "" -999.0 -999.0 -999.0 -999.0 -999 -999 "" "" "" "" 0 0 0.0 0.0 -999 ""
FIBERMAP 1341 R-6C4 BOSS 1 1 0 1 0 0 -152.41015675814018 -124.37982212094313 143.1 -156.23477180696335 -119.54551642150567 259.15372 154.2121 303.4462361925542 47.130669365689975 -999.0 -999.0 -999.0 303.4462361925542 47.130669365689975 303.34075828835455 47.21914811339385 34.402668941671344 308.1068502180769 5400.0 5400.0 2015.5 1 453 {-999.0 -999.0 -999.0 -999.0 -999.0} "" -999.0 -999.0 -999.0 -999.0 27021603114181157 818195262 "" ops_sky_boss_good ops_sky sky_boss 0 0 0.0 0.0 -999 ""
FIBERMAP 1341 R-6C4 METROLOGY 0 0 0 1 0 0 -152.7271467212741 -123.69797518379036 143.1 -156.53024795943844 -118.85406156496927 259.15372 154.2121 -999.0 -999.0 -999.0 -999.0 -999.0 303.44433964134123 47.13381421122607 303.33872508426697 47.22226969237961 34.40202852572721 308.1109137054457 -999.0 6231.0 -999.0 -1 -999 {-999.0 -999.0 -999.0 -999.0 -999.0} "" -999.0 -999.0 -999.0 -999.0 -999 -999 "" "" "" "" 0 0 0.0 0.0 -999 ""
FIBERMAP 1342 R+2C4 APOGEE 0 0 0 1 0 0 -211.89547123831238 57.1763110375569 143.1 -210.0034158349723 63.788149584587096 180.2481 39.49611 -999.0 -999.0 -999.0 -999.0 -999.0 303.0704376623573 47.95939948584962 302.9604766779126 48.04692937201894 34.337581970598364 309.15371856642304 -999.0 16600.0 -999.0 2 -999 {-999.0 -999.0 -999.0 -999.0 -999.0} "" -999.0 -999.0 -999.0 -999.0 -999 -999 "" "" "" "" 0 0 0.0 0.0 -999 ""
FIBERMAP 1342 R+2C4 BOSS 1 1 0 1 0 0 -211.34283735285953 57.65597530100949 143.1 -209.43601583834766 64.25027120967752 180.2481 39.49611 303.07372303288304 47.9615066778346 -2.580245 -6.769076 0.5888506 303.0737116044941 47.96148660131856 302.96418003937526 48.049088071114795 34.340472677110526 309.1556075277907 5400.0 5400.0 2016.0 1 35 {-999.0 17.27582 16.190077 15.719117 -999.0} sdss_psfmag_ps1 16.84379 16.195831 15.333106 13.682 63050395015952555 980252348 "" ops_std_boss_red ops_std standard_boss 0 0 0.0 0.0 -999 ""
FIBERMAP 1342 R+2C4 METROLOGY 0 0 0 1 0 0 -211.1910576976543 56.93041767805056 143.1 -209.30704104786733 63.520302707207065 180.2481 39.49611 -999.0 -999.0 -999.0 -999.0 -999.0 303.0747739420909 47.95820631759854 302.9651349606282 48.04579174776581 34.34036868647215 309.15154313957885 -999.0 6231.0 -999.0 -1 -999 {-999.0 -999.0 -999.0 -999.0 -999.0} "" -999.0 -999.0 -999.0 -999.0 -999 -999 "" "" "" "" 0 0 0.0 0.0 -999 ""
FIBERMAP 1345 R-1C16 APOGEE 1 1 0 1 0 0 72.15094008892895 -33.015161818259045 143.1 71.0822593701433 -35.26007564285041 22.096664 39.645264 304.9706235641942 47.51379742922985 -2.0242493 -1.9369106 0.040511906 304.9706146751775 47.51379168451384 304.864773959304 47.60496319563659 35.4928646594934 308.2955553089794 16000.0 16600.0 2016.0 2 231 {-999.0 18.151619 15.892135 14.833197 -999.0} sdss_psfmag_ps1 16.956053 15.360856 14.148188 10.877 63050395015416522 1153345304 bright_1x1 mwm_galactic_core_dist_apogee_sparse mwm_galactic science 0 0 0.0 0.0 -999 ""
FIBERMAP 1345 R-1C16 BOSS 0 0 0 1 0 0 71.7954259691872 -33.67587987458057 143.1 70.706212839342 -35.90934112024614 22.096664 39.645264 -999.0 -999.0 -999.0 -999.0 -999.0 304.9676786547549 47.51077367115255 304.86226236969435 47.60199893973126 35.490599928130464 308.2924178745301 -999.0 5400.0 -999.0 1 281 {-999.0 -999.0 -999.0 -999.0 -999.0} "" -999.0 -999.0 -999.0 -999.0 -999 -999 "" "" "" "" 0 0 0.0 0.0 -999 ""
FIBERMAP 1345 R-1C16 METROLOGY 0 0 0 1 0 0 71.39774351860642 -33.04207661501415 143.1 70.32857724527585 -35.26337891002985 22.096664 39.645264 -999.0 -999.0 -999.0 -999.0 -999.0 304.96528272454634 47.51374902979886 304.85973327239583 47.60495264270863 35.48953598733534 308.29639767598536 -999.0 6231.0 -999.0 -1 -999 {-999.0 -999.0 -999.0 -999.0 -999.0} "" -999.0 -999.0 -999.0 -999.0 -999 -999 "" "" "" "" 0 0 0.0 0.0 -999 ""
FIBERMAP 1346 R+3C6 APOGEE 0 0 0 1 0 0 -133.43467763615786 45.66288631098094 143.1 -131.940619001844 49.82190202926041 344.58865 83.07206 -999.0 -999.0 -999.0 -999.0 -999.0 303.5975032184196 47.90101980425936 303.4883902750212 47.989551973469645 34.669705780860134 308.9923785947885 -999.0 16600.0 -999.0 2 -999 {-999.0 -999.0 -999.0 -999.0 -999.0} "" -999.0 -999.0 -999.0 -999.0 -999 -999 "" "" "" "" 0 0 0.0 0.0 -999 ""
FIBERMAP 1346 R+3C6 BOSS 1 1 0 1 0 0 -133.71003726262603 44.98610088820212 143.1 -132.23705252218457 49.154065459360545 344.58865 83.07206 303.5945174743771 47.89794240117425 -1.3700815 -5.1879015 0.4995265 303.5950232339611 47.89792701429017 303.4863510861654 47.98651876606144 34.667719589141996 308.98913465527966 5400.0 5400.0 2016.0 1 39 {-999.0 13.8854 12.849313 12.34878 -999.0} sdss_psfmag_from_g3xp 13.52416 12.795273 11.955202 10.158 63050395015861777 996741224 bright_1x1 mwm_bin_gaia_sb_boss mwm_bin science 0 0 1.2353460788726807 0.0 -999 ""
FIBERMAP 1346 R+3C6 METROLOGY 0 0 0 1 0 0 -134.17237238225934 45.55122413257629 143.1 -132.681461923985 49.73340593583667 344.58865 83.07206 -999.0 -999.0 -999.0 -999.0 -999.0 303.59212468097115 47.90055451605073 303.4833158740364 47.98912220245853 34.66629679511507 308.99275781446477 -999.0 6231.0 -999.0 -1 -999 {-999.0 -999.0 -999.0 -999.0 -999.0} "" -999.0 -999.0 -999.0 -999.0 -999 -999 "" "" "" "" 0 0 0.0 0.0 -999 ""
FIBERMAP 1349 R-5C10 APOGEE 1 1 0 1 0 0 -20.133005751197672 -100.65851465188352 143.1 -23.277221733334617 -99.97991119599845 353.17938 110.29816 304.333894157896 47.22135577063052 -3.8143308 -6.885106 0.3100065 304.33387750076986 47.22133534997788 304.2285590417627 47.31138605768501 35.01064178079042 308.0546994197018 16000.0 16600.0 2016.0 2 289 {-999.0 14.359569 12.686679 11.906429 -999.0} sdss_psfmag_from_g3xp 13.616864 12.499648 11.462227 8.928 63050395015811027 1151795763 bright_1x1 mwm_galactic_core_dist_apogee_sparse mwm_galactic science 0 0 0.0 0.0 -999 ""
FIBERMAP 1349 R-5C10 BOSS 0 0 0 1 0 0 -19.9640959649356 -101.39696549200977 143.1 -23.131528910919688 -100.72330350407476 353.17938 110.29816 -999.0 -999.0 -999.0 -999.0 -999.0 304.3344163844061 47.21784678237041 304.2295325851561 47.3079617945127 35.01054953653043 308.0504431326139 -999.0 5400.0 -999.0 1 398 {-999.0 -999.0 -999.0 -999.0 -999.0} "" -999.0 -999.0 -999.0 -999.0 -999 -999 "" "" "" "" 0 0 0.0 0.0 -999 ""
FIBERMAP 1349 R-5C10 METROLOGY 0 0 0 1 0 0 -20.672516878816044 -101.17873213008096 143.1 -23.832775796021895 -100.4829779305109 353.17938 110.29816 -999.0 -999.0 -999.0 -999.0 -999.0 304.32983772519424 47.21896900604832 304.2248252315237 47.3090575253603 35.007668368201514 308.05258833619814 -999.0 6231.0 -999.0 -1 -999 {-999.0 -999.0 -999.0 -999.0 -999.0} "" -999.0 -999.0 -999.0 -999.0 -999 -999 "" "" "" "" 0 0 0.0 0.0 -999 ""
FIBERMAP 1351 R-3C8 APOGEE 0 0 0 1 0 0 -95.99938329180634 -73.05801428146762 143.1 -98.24280317181943 -70.01551527474791 307.0971 97.80624 -999.0 -999.0 -999.0 -999.0 -999.0 303.8303994255618 47.35699006287107 303.723933200491 47.446072948630636 34.706332047066326 308.3053411704496 -999.0 16600.0 -999.0 2 -999 {-999.0 -999.0 -999.0 -999.0 -999.0} "" -999.0 -999.0 -999.0 -999.0 -999 -999 "" "" "" "" 0 0 0.0 0.0 -999 ""
FIBERMAP 1351 R-3C8 BOSS 1 1 0 1 0 0 -96.52162439318164 -73.5966131490441 143.1 -98.7816713262643 -70.53749576363029 307.0971 97.80624 303.8263208387583 47.354511095106496 -999.0 -999.0 -999.0 303.8263208387583 47.354511095106496 303.7202854841829 47.44365137268133 34.70339441101045 308.3031246514626 5400.0 5400.0 2015.5 1 469 {-999.0 -999.0 -999.0 -999.0 -999.0} "" -999.0 -999.0 -999.0 -999.0 27021603114181304 818195271 "" ops_sky_boss_good ops_sky sky_boss 0 0 0.0 0.0 -999 ""
FIBERMAP 1351 R-3C8 METROLOGY 0 0 0 1 0 0 -96.72242542531374 -72.87397066249413 143.1 -98.95973554679578 -69.8089051018414 307.0971 97.80624 -999.0 -999.0 -999.0 -999.0 -999.0 303.82522448765576 47.357843457936795 303.71905310029837 47.446962701021555 34.70330687154524 308.3072767363951 -999.0 6231.0 -999.0 -1 -999 {-999.0 -999.0 -999.0 -999.0 -999.0} "" -999.0 -999.0 -999.0 -999.0 -999 -999 "" "" "" "" 0 0 0.0 0.0 -999 ""
FIBERMAP 1353 R-12C3 APOGEE 0 0 0 1 0 0 -91.4568571082913 -234.04026029115994 143.1 -98.7462428819393 -231.06362789619178 55.564087 45.291264 -999.0 -999.0 -999.0 -999.0 -999.0 303.8361884462777 46.62944195697708 303.7328469214353 46.718689458772616 34.54989658306722 307.4420192925203 -999.0 16600.0 -999.0 2 -999 {-999.0 -999.0 -999.0 -999.0 -999.0} "" -999.0 -999.0 -999.0 -999.0 -999 -999 "" "" "" "" 0 0 0.0 0.0 -999 ""
FIBERMAP 1353 R-12C3 BOSS 1 1 0 1 0 0 -91.31566021094653 -234.786519977963 143.1 -98.62849444895552 -231.81395705697884 55.564087 45.291264 303.83607186278937 46.62601889626308 -2.5518355 -6.091551 0.4579684 303.8365836201617 46.62600082922995 303.73367742377116 46.71531716866454 34.5496844166978 307.43787494144664 5400.0 5400.0 2016.0 1 350 {-999.0 12.732208 12.311089 12.12283 -999.0} sdss_psfmag_from_g3xp 12.644342 12.298688 11.764302 10.916 63050395014912796 1068575103 bright_1x1 mwm_ob_core_boss_single mwm_ob science 0 0 1.2924782037734985 0.0 -999 ""
FIBERMAP 1353 R-12C3 METROLOGY 0 0 0 1 0 0 -92.0187322194452 -234.53113536689466 143.1 -99.3232309663039 -231.53666546799653 55.564087 45.291264 -999.0 -999.0 -999.0 -999.0 -999.0 303.83211442545996 46.62726271682104 303.72907907840613 46.716551303270826 34.54689491767743 307.4402043273357 -999.0 6231.0 -999.0 -1 -999 {-999.0 -999.0 -999.0 -999.0 -999.0} "" -999.0 -999.0 -999.0 -999.0 -999 -999 "" "" "" "" 0 0 0.0 0.0 -999 ""
FIBERMAP 1354 R+3C8 APOGEE 0 0 0 1 0 0 -95.96692098640622 46.87912470254313 143.1 -94.45255087080157 49.86364333939953 289.74673 123.349846 -999.0 -999.0 -999.0 -999.0 -999.0 303.8513833285057 47.90260971938205 303.74255138603917 47.991616874956165 34.83630587347651 308.95053429817074 -999.0 16600.0 -999.0 2 -999 {-999.0 -999.0 -999.0 -999.0 -999.0} "" -999.0 -999.0 -999.0 -999.0 -999 -999 "" "" "" "" 0 0 0.0 0.0 -999 ""
FIBERMAP 1354 R+3C8 BOSS 1 1 0 1 0 0 -96.43885119508731 46.274363305098866 143.1 -94.94320499586263 49.27395543045213 289.74673 123.349846 303.84759285664137 47.899881145612 -2.8268538 -2.3518438 0.41151422 303.8475803508842 47.899874170238306 303.7391837150044 47.988937141464994 34.83353379705984 308.94792796023677 5400.0 5400.0 2016.0 1 52 {-999.0 17.043434 16.11745 15.715588 15.408886} sdss_psfmag_from_ps1dr2 16.7275 16.1157 15.3389 13.881 63050395015862853 1038706979 "" ops_std_boss_ps1dr2 ops_std standard_boss 0 0 0.0 0.0 -999 ""
FIBERMAP 1354 R+3C8 METROLOGY 0 0 0 1 0 0 -96.70787295937834 46.96660129518678 143.1 -95.19041016480769 49.974293491168446 289.74673 123.349846 -999.0 -999.0 -999.0 -999.0 -999.0 303.84601595468075 47.903066479625586 303.7374823189127 47.99210812688061 34.83309545766757 308.9519977804601 -999.0 6231.0 -999.0 -1 -999 {-999.0 -999.0 -999.0 -999.0 -999.0} "" -999.0 -999.0 -999.0 -999.0 -999 -999 "" "" "" "" 0 0 0.0 0.0 -999 ""
FIBERMAP 1355 R0C10 APOGEE 0 0 0 1 0 0 -95.86423013603435 -15.671527312352563 143.1 -96.30971190908726 -12.660518148831846 274.80634 89.548706 -999.0 -999.0 -999.0 -999.0 -999.0 303.8409782361145 47.61797963970309 303.7333864260887 47.70702727176968 34.76931964239454 308.6136019836902 -999.0 16600.0 -999.0 2 -999 {-999.0 -999.0 -999.0 -999.0 -999.0} "" -999.0 -999.0 -999.0 -999.0 -999 -999 "" "" "" "" 0 0 0.0 0.0 -999 ""
FIBERMAP 1355 R0C10 BOSS 1 1 0 1 0 0 -96.60707423883962 -15.738986912915319 143.1 -97.05431681107822 -12.704671321256537 274.80634 89.548706 303.83498329928875 47.61770490679344 0.056959268 -4.7172914 1.0190977 303.83546226819635 47.617690915700024 303.72829134141546 47.70679190628856 34.765921093247016 308.614223741491 5400.0 5400.0 2016.0 1 491 {-999.0 13.275618 12.749072 12.544479 -999.0} sdss_psfmag_from_g3xp 13.151368 12.76387 12.201229 11.247 63050395015851938 996741223 bright_1x1 mwm_bin_gaia_sb_boss mwm_bin science 0 0 1.1616898775100708 0.0 -999 ""
FIBERMAP 1355 R0C10 METROLOGY 0 0 0 1 0 0 -96.2852183079734 -15.055547653922835 143.1 -96.71120059503501 -12.031640872335393 274.80634 89.548706 -999.0 -999.0 -999.0 -999.0 -999.0 303.83788374721144 47.62078251522567 303.7305814824555 47.70986920751964 34.76809048179089 308.61747616948725 -999.0 6231.0 -999.0 -1 -999 {-999.0 -999.0 -999.0 -999.0 -999.0} "" -999.0 -999.0 -999.0 -999.0 -999 -999 "" "" "" "" 0 0 0.0 0.0 -999 ""
FIBERMAP 1356 R+8C9 APOGEE 0 0 0 1 0 0 -17.58141823605255 161.4433505098403 143.1 -12.514812538540369 161.9175256199432 355.00873 160.98242 -999.0 -999.0 -999.0 -999.0 -999.0 304.40941638091516 48.41228229622088 304.2989735978878 48.502224068783605 35.304294033208286 309.4674687790294 -999.0 16600.0 -999.0 2 -999 {-999.0 -999.0 -999.0 -999.0 -999.0} "" -999.0 -999.0 -999.0 -999.0 -999 -999 "" "" "" "" 0 0 0.0 0.0 -999 ""
FIBERMAP 1356 R+8C9 BOSS 1 1 0 1 0 0 -16.874373998425064 161.12509752662572 143.1 -11.818075436396011 161.57727106196478 355.00873 160.98242 304.41376719317856 48.410732433513104 -3.3899152 2.2567675 0.39781845 304.41375204642077 48.410739126896665 304.30374686026573 48.50074703790067 35.30709661907362 309.4649189646755 5400.0 5400.0 2016.0 1 123 {-999.0 19.547623 17.90137 17.228954 -999.0} sdss_psfmag_ps1 18.798819 17.645248 16.59894 14.179 63050395015924021 980252338 "" ops_std_boss_red ops_std standard_boss 0 0 0.0 0.0 -999 ""
FIBERMAP 1356 R+8C9 METROLOGY 0 0 0 1 0 0 -17.496247852546084 160.7021299041599 143.1 -12.45290612824878 161.17398853935975 355.00873 160.98242 -999.0 -999.0 -999.0 -999.0 -999.0 304.40951898706646 48.40892531136046 304.2993962867599 48.49890932218395 35.30390406575558 309.4634207008074 -999.0 6231.0 -999.0 -1 -999 {-999.0 -999.0 -999.0 -999.0 -999.0} "" -999.0 -999.0 -999.0 -999.0 -999 -999 "" "" "" "" 0 0 0.0 0.0 -999 ""
FIBERMAP 1357 R+3C5 APOGEE 1 1 0 1 0 0 -171.65332221668743 79.98888723702747 143.1 -169.06562826219346 85.329045920238 175.28508 16.152807 303.3445435280108 48.060133333762884 -1.8789768 -2.9382405 0.1106046 303.34453518973675 48.06012461918581 303.2344287797919 48.14814858200173 34.538236077342866 309.225025693886 16000.0 16600.0 2016.0 2 148 {-999.0 16.156206 14.121598 13.035149 -999.0} sdss_psfmag_from_g3xp 15.162258 13.702397 12.538934 9.531 63050395015959381 1151796020 bright_1x1 mwm_galactic_core_dist_apogee_sparse mwm_galactic science 0 0 0.0 0.0 -999 ""
FIBERMAP 1357 R+3C5 BOSS 0 0 0 1 0 0 -170.92236267066366 80.14402197794716 143.1 -168.3301552825359 85.46120495283425 175.28508 16.152807 -999.0 -999.0 -999.0 -999.0 -999.0 303.3489916079339 48.0607339375145 303.23932070171224 48.14883016151757 34.541570180720704 309.2249763837672 -999.0 5400.0 -999.0 1 40 {-999.0 -999.0 -999.0 -999.0 -999.0} "" -999.0 -999.0 -999.0 -999.0 -999 -999 "" "" "" "" 0 0 0.0 0.0 -999 ""
FIBERMAP 1357 R+3C5 METROLOGY 0 0 0 1 0 0 -171.15283566174415 79.4366821827922 143.1 -168.58268079910215 84.76142215841271 175.28508 16.152807 -999.0 -999.0 -999.0 -999.0 -999.0 303.3474644888063 48.05755740902006 303.2376832945366 48.14563330234016 34.53981200305539 309.22147419147336 -999.0 6231.0 -999.0 -1 -999 {-999.0 -999.0 -999.0 -999.0 -999.0} "" -999.0 -999.0 -999.0 -999.0 -999 -999 "" "" "" "" 0 0 0.0 0.0 -999 ""
FIBERMAP 1358 R-3C14 APOGEE 1 1 0 1 0 0 38.993872041037115 -47.07042783713566 143.1 37.5005670577284 -48.2698069349828 60.194897 120.941765 304.74364697802196 47.45564377346713 -999.0 -999.0 -999.0 304.74364697802196 47.45564377346712 304.63779092823734 47.54640677489523 35.330949360003714 308.26403511068617 16000.0 16600.0 2015.5 2 215 {-999.0 -999.0 -999.0 -999.0 -999.0} "" -999.0 -999.0 -999.0 -999.0 27021603114182364 840306877 "" ops_sky_apogee_best ops_sky sky_apogee 0 0 0.0 0.0 -999 ""
FIBERMAP 1358 R-3C14 BOSS 0 0 0 1 0 0 39.7397444923697 -47.04139381891667 143.1 38.2469949404413 -48.26415597752308 60.194897 120.941765 -999.0 -999.0 -999.0 -999.0 -999.0 304.74828965061084 47.455564768571485 304.64285591737723 47.54639618650754 35.334291284950595 308.2631508796395 -999.0 5400.0 -999.0 1 264 {-999.0 -999.0 -999.0 -999.0 -999.0} "" -999.0 -999.0 -999.0 -999.0 -999 -999 "" "" "" "" 0 0 0.0 0.0 -999 ""
FIBERMAP 1358 R-3C14 METROLOGY 0 0 0 1 0 0 39.39548791784474 -47.70426613021079 143.1 37.88213311221806 -48.91592740204688 60.194897 120.941765 -999.0 -999.0 -999.0 -999.0 -999.0 304.74591509020047 47.452628383094364 304.64037315448405 47.54343908322707 35.33203704867865 308.26003258422907 -999.0 6231.0 -999.0 -1 -999 {-999.0 -999.0 -999.0 -999.0 -999.0} "" -999.0 -999.0 -999.0 -999.0 -999 -999 "" "" "" "" 0 0 0.0 0.0 -999 ""
FIBERMAP 1359 R-7C12 APOGEE 1 1 0 1 0 0 52.81759267300166 -136.2671200690362 143.1 48.52305981134886 -137.85725316184025 44.252926 63.74932 304.8131478809971 47.04833355398155 -2.6844332 -4.492142 0.21723276 304.81313619619584 47.04832023066119 304.7090986377656 47.13929735482073 35.29269241456612 307.76382786701845 16000.0 16600.0 2016.0 2 161 {-999.0 16.246279 14.220715 13.122714 -999.0} sdss_psfmag_from_g3xp 15.266347 13.7850685 12.611996 9.617 63050395015356287 1151795288 bright_1x1 mwm_galactic_core_dist_apogee_sparse mwm_galactic science 0 0 0.0 0.0 -999 ""
FIBERMAP 1359 R-7C12 BOSS 0 0 0 1 0 0 53.03662439555436 -136.96564165941038 143.1 48.72010180660768 -138.56230557760716 44.252926 63.74932 -999.0 -999.0 -999.0 -999.0 -999.0 304.81402564471864 47.04500654623312 304.7104168117885 47.136047037574606 35.29287953332545 307.7597032573311 -999.0 5400.0 -999.0 1 381 {-999.0 -999.0 -999.0 -999.0 -999.0} "" -999.0 -999.0 -999.0 -999.0 -999 -999 "" "" "" "" 0 0 0.0 0.0 -999 ""
FIBERMAP 1359 R-7C12 METROLOGY 0 0 0 1 0 0 52.314445075548385 -136.81774163500302 143.1 48.002899403836416 -138.39184886633225 44.252926 63.74932 -999.0 -999.0 -999.0 -999.0 -999.0 304.80936145843674 47.045824231257065 304.7056266440492 47.13683861569751 35.28986299572418 307.76149765458376 -999.0 6231.0 -999.0 -1 -999 {-999.0 -999.0 -999.0 -999.0 -999.0} "" -999.0 -999.0 -999.0 -999.0 -999 -999 "" "" "" "" 0 0 0.0 0.0 -999 ""
FIBERMAP 1362 R-12C4 APOGEE 0 0 0 1 0 0 -97.2758833032145 -224.76317271357834 143.1 -104.27184069406856 -221.60862783050976 117.372635 132.2464 -999.0 -999.0 -999.0 -999.0 -999.0 303.79914384839185 46.67175297433251 303.69558347222426 46.76092230963949 34.53462585673349 307.49899513355086 -999.0 16600.0 -999.0 2 -999 {-999.0 -999.0 -999.0 -999.0 -999.0} "" -999.0 -999.0 -999.0 -999.0 -999 -999 "" "" "" "" 0 0 0.0 0.0 -999 ""
FIBERMAP 1362 R-12C4 BOSS 1 1 0 1 0 0 -97.01821697176577 -224.05753368126463 143.1 -103.99218803979407 -220.91139699816168 117.372635 132.2464 303.80049951061466 46.67478856983813 -999.0 -999.0 -999.0 303.80049951061466 46.67478856983812 303.6973487615037 46.76402706641091 34.536508844506486 307.5023320103307 5400.0 5400.0 2015.5 1 351 {-999.0 -999.0 -999.0 -999.0 -999.0} "" -999.0 -999.0 -999.0 -999.0 27021603114161019 818192733 "" ops_sky_boss_good ops_sky sky_boss 0 0 0.0 0.0 -999 ""
FIBERMAP 1362 R-12C4 METROLOGY 0 0 0 1 0 0 -96.54093341261992 -224.63467898288775 143.1 -103.53321396671436 -221.50322217849975 117.372635 132.2464 -999.0 -999.0 -999.0 -999.0 -999.0 303.8036882860685 46.6721632556508 303.7004326798681 46.761389199500336 34.53796696836531 307.4986309040577 -999.0 6231.0 -999.0 -1 -999 {-999.0 -999.0 -999.0 -999.0 -999.0} "" -999.0 -999.0 -999.0 -999.0 -999 -999 "" "" "" "" 0 0 0.0 0.0 -999 ""
FIBERMAP 1363 R-6C13 APOGEE 0 0 0 1 0 0 50.728947625499295 -106.662145863481 143.1 47.362973751870044 -108.20089933086358 47.884827 128.16313 -999.0 -999.0 -999.0 -999.0 -999.0 304.80699154921723 47.18285764575007 304.70237560586366 47.273795181213664 35.316644073981465 307.92609757099314 -999.0 16600.0 -999.0 2 -999 {-999.0 -999.0 -999.0 -999.0 -999.0} "" -999.0 -999.0 -999.0 -999.0 -999 -999 "" "" "" "" 0 0 0.0 0.0 -999 ""
FIBERMAP 1363 R-6C13 BOSS 1 1 0 1 0 0 51.46901859997483 -106.70599783634297 143.1 48.10131928873887 -108.26791797908187 47.884827 128.16313 304.81154274749605 47.18242695206108 1.1789181 -0.6595322 0.35723796 304.81154789203947 47.1824249959434 304.70735347497094 47.27343167752868 35.31986932078909 307.9247907830342 5400.0 5400.0 2016.0 1 380 {-999.0 18.406544 17.540384 17.164204 16.946432} sdss_psfmag_from_ps1dr2 18.1253 17.5501 16.8232 15.004 63050395015358360 1038702329 "" ops_std_boss_ps1dr2 ops_std standard_boss 0 0 0.0 0.0 -999 ""
FIBERMAP 1363 R-6C13 METROLOGY 0 0 0 1 0 0 51.06412047700109 -107.32872004549525 143.1 47.677102674565084 -108.87765838234657 47.884827 128.16313 -999.0 -999.0 -999.0 -999.0 -999.0 304.80878685317293 47.17969379486703 304.7044834674686 47.27067872475709 35.31738615356118 307.9219948180796 -999.0 6231.0 -999.0 -1 -999 {-999.0 -999.0 -999.0 -999.0 -999.0} "" -999.0 -999.0 -999.0 -999.0 -999 -999 "" "" "" "" 0 0 0.0 0.0 -999 ""
FIBERMAP 1364 R+13C6 APOGEE 1 1 0 1 0 0 -40.48977154050876 234.04807429052488 143.1 -33.13747384392136 235.20551841680452 293.15628 65.5605 304.2683550813966 48.74214830749843 18.656523 -8.313079 0.9628703 304.2688701145475 48.74212365156812 304.1567742609876 48.83173473376371 35.27792008347805 309.8859992423848 16000.0 16600.0 2016.0 2 105 {-999.0 11.014569 9.681238 9.104012 -999.0} sdss_psfmag_from_g3xp 10.487671 9.621118 8.711834 6.632 63050395015935119 1155633722 bright_1x1 mwm_galactic_core_dist_apogee_extra mwm_galactic science 0 0 1.0234956741333008 0.0 -999 ""
FIBERMAP 1364 R+13C6 BOSS 0 0 0 1 0 0 -41.22820603274611 234.07766802146168 143.1 -33.87463040729316 235.2582343215725 293.15628 65.5605 -999.0 -999.0 -999.0 -999.0 -999.0 304.26336992889645 48.742327799112076 304.15169573203906 48.83198550233314 35.27469303349063 309.887111642583 -999.0 5400.0 -999.0 1 84 {-999.0 -999.0 -999.0 -999.0 -999.0} "" -999.0 -999.0 -999.0 -999.0 -999 -999 "" "" "" "" 0 0 0.0 0.0 -999 ""
FIBERMAP 1364 R+13C6 METROLOGY 0 0 0 1 0 0 -40.8447849375863 234.70843150602724 143.1 -33.47162867569238 235.8766850876962 293.15628 65.5605 -999.0 -999.0 -999.0 -999.0 -999.0 304.2662692838011 48.745108419870384 304.15446441761844 48.834754751755504 35.27702804723383 309.88999421772763 -999.0 6231.0 -999.0 -1 -999 {-999.0 -999.0 -999.0 -999.0 -999.0} "" -999.0 -999.0 -999.0 -999.0 -999 -999 "" "" "" "" 0 0 0.0 0.0 -999 ""
FIBERMAP 1365 R+12C3 APOGEE 0 0 0 1 0 0 -116.23343990288303 245.89211872066767 143.1 -108.47407711898819 249.41709715536385 112.357925 111.44973 -999.0 -999.0 -999.0 -999.0 -999.0 303.7519125046798 48.803137191099175 303.6389180417191 48.89176892469249 34.9562111599645 310.04147745740653 -999.0 16600.0 -999.0 2 -999 {-999.0 -999.0 -999.0 -999.0 -999.0} "" -999.0 -999.0 -999.0 -999.0 -999 -999 "" "" "" "" 0 0 0.0 0.0 -999 ""
FIBERMAP 1365 R+12C3 BOSS 1 1 0 1 0 0 -115.70901012410533 246.4177890141934 143.1 -107.93342639771024 249.92608663607464 112.357925 111.44973 303.7551793745794 48.80538028471316 -999.0 -999.0 -999.0 303.7551793745794 48.80538028471315 303.64261277907013 48.894076897832115 34.95905859986776 310.04363248566244 5400.0 5400.0 2015.5 1 94 {-999.0 -999.0 -999.0 -999.0 -999.0} "" -999.0 -999.0 -999.0 -999.0 27021603114188424 818195896 "" ops_sky_boss_good ops_sky sky_boss 0 0 0.0 0.0 -999 ""
FIBERMAP 1365 R+12C3 METROLOGY 0 0 0 1 0 0 -115.51281014262825 245.6988450050545 143.1 -107.7598451639089 249.20133685275627 112.357925 111.44973 -999.0 -999.0 -999.0 -999.0 -999.0 303.75649473891514 48.802174336688466 303.6438212339705 48.89085730683366 34.95918243265005 310.0395890088317 -999.0 6231.0 -999.0 -1 -999 {-999.0 -999.0 -999.0 -999.0 -999.0} "" -999.0 -999.0 -999.0 -999.0 -999 -999 "" "" "" "" 0 0 0.0 0.0 -999 ""
FIBERMAP 1369 R-1C18 APOGEE 1 1 0 1 0 0 105.28268177397693 -30.219453682285742 143.1 104.28585898519856 -33.50376107600142 281.4916 128.77216 305.19432002090406 47.52031161262947 -2.0228462 -3.396786 0.23873173 305.19431113694657 47.52030153804473 305.0887068587982 47.61188548800525 35.64208703933428 308.2661074338576 16000.0 16600.0 2016.0 2 217 {-999.0 15.555071 13.65698 12.746165 -999.0} sdss_psfmag_from_g3xp 14.655204 13.373041 12.270691 9.49 63050395015415386 1151795346 bright_1x1 mwm_galactic_core_dist_apogee_sparse mwm_galactic science 0 0 0.0 0.0 -999 ""
FIBERMAP 1369 R-1C18 BOSS 0 0 0 1 0 0 104.79304108337595 -30.771411720910116 143.1 103.77915719589376 -34.04011580948551 281.4916 128.77216 -999.0 -999.0 -999.0 -999.0 -999.0 305.1905160388564 47.51781349394949 305.0853309014118 47.60944843871945 35.63936513732259 308.2637372816432 -999.0 5400.0 -999.0 1 295 {-999.0 -999.0 -999.0 -999.0 -999.0} "" -999.0 -999.0 -999.0 -999.0 -999 -999 "" "" "" "" 0 0 0.0 0.0 -999 ""
FIBERMAP 1369 R-1C18 METROLOGY 0 0 0 1 0 0 104.54208834048754 -30.068336743694026 143.1 103.55035200520533 -33.329512037372105 281.4916 128.77216 -999.0 -999.0 -999.0 -999.0 -999.0 305.1891402864315 47.52107771102583 305.0838225199264 47.61269312527005 35.639025813886114 308.2679003421998 -999.0 6231.0 -999.0 -1 -999 {-999.0 -999.0 -999.0 -999.0 -999.0} "" -999.0 -999.0 -999.0 -999.0 -999 -999 "" "" "" "" 0 0 0.0 0.0 -999 ""
FIBERMAP 1370 R0C23 APOGEE 1 1 0 1 0 0 222.1604179493416 5.657833541078431 143.1 222.23217263533635 -1.3054633745036495 79.653046 36.99677 305.988512487926 47.65780503340156 -999.0 -999.0 -999.0 305.988512487926 47.65780503340155 305.8832838792717 47.750822543060885 36.19392549391658 308.30412201337384 16000.0 16600.0 2015.5 2 89 {-999.0 -999.0 -999.0 -999.0 -999.0} "" -999.0 -999.0 -999.0 -999.0 27021603114176942 840306277 "" ops_sky_apogee_best ops_sky sky_apogee 0 0 0.0 0.0 -999 ""
FIBERMAP 1370 R0C23 BOSS 0 0 0 1 0 0 222.38194304735296 4.9554879830725245 143.1 222.43158701136252 -2.014416062824508 79.653046 36.99677 -999.0 -999.0 -999.0 -999.0 -999.0 305.9893875591073 47.654517762945105 305.88458060305584 47.74759101701262 36.194161213748856 308.2999848489861 -999.0 5400.0 -999.0 1 245 {-999.0 -999.0 -999.0 -999.0 -999.0} "" -999.0 -999.0 -999.0 -999.0 -999 -999 "" "" "" "" 0 0 0.0 0.0 -999 ""
FIBERMAP 1370 R0C23 METROLOGY 0 0 0 1 0 0 221.6453601862192 5.111926537449138 143.1 221.7002554329131 -1.8349735929519744 79.653046 36.99677 -999.0 -999.0 -999.0 -999.0 -999.0 305.9846458296989 47.65541848894919 305.8797139757994 47.74846772229137 36.19111798499284 308.30182907372716 -999.0 6231.0 -999.0 -1 -999 {-999.0 -999.0 -999.0 -999.0 -999.0} "" -999.0 -999.0 -999.0 -999.0 -999 -999 "" "" "" "" 0 0 0.0 0.0 -999 ""
FIBERMAP 1372 R-11C10 APOGEE 1 1 0 1 0 0 40.543666449908955 -219.97503112235262 143.1 33.6322721150072 -221.14084774499392 284.38843 146.21579 304.7099385261382 46.67298136261006 -4.1995955 -2.1577232 0.22944075 304.70992037348816 46.67297496298129 304.60734800069713 46.7638394397938 35.14421409070901 307.33323425736955 16000.0 16600.0 2016.0 2 157 {-999.0 16.076227 13.965591 12.243664 -999.0} sdss_psfmag_from_g3xp 15.05064 12.948172 11.618635 8.168 63050395015332569 1151795313 bright_1x1 mwm_galactic_core_dist_apogee_sparse mwm_galactic science 0 0 0.0 0.0 -999 ""
FIBERMAP 1372 R-11C10 BOSS 0 0 0 1 0 0 40.2972552283707 -220.6799236964863 143.1 33.36389261273295 -221.83768511268855 284.38843 146.21579 -999.0 -999.0 -999.0 -999.0 -999.0 304.70770941567315 46.669752601758525 304.6055606384384 46.76067662004599 35.14233096877518 307.3297847774214 -999.0 5400.0 -999.0 1 362 {-999.0 -999.0 -999.0 -999.0 -999.0} "" -999.0 -999.0 -999.0 -999.0 -999 -999 "" "" "" "" 0 0 0.0 0.0 -999 ""
FIBERMAP 1372 R-11C10 METROLOGY 0 0 0 1 0 0 39.805486304175716 -220.1209688677958 143.1 32.889870120287924 -221.26358791824492 284.38843 146.21579 -999.0 -999.0 -999.0 -999.0 -999.0 304.70471948486295 46.67236219359259 304.6024395592328 46.76326226755317 35.14080676872981 307.33343989763324 -999.0 6231.0 -999.0 -1 -999 {-999.0 -999.0 -999.0 -999.0 -999.0} "" -999.0 -999.0 -999.0 -999.0 -999 -999 "" "" "" "" 0 0 0.0 0.0 -999 ""
FIBERMAP 1373 R-9C2 APOGEE 0 0 0 1 0 0 -177.79261080945037 -189.21422719662726 143.1 -183.63652707403767 -183.5538595754956 267.30026 82.69743 -999.0 -999.0 -999.0 -999.0 -999.0 303.27296907527625 46.84136088995798 303.16812773280134 46.92950891000812 34.2220683905778 307.79795386510324 -999.0 16600.0 -999.0 2 -999 {-999.0 -999.0 -999.0 -999.0 -999.0} "" -999.0 -999.0 -999.0 -999.0 -999 -999 "" "" "" "" 0 0 0.0 0.0 -999 ""
FIBERMAP 1373 R-9C2 BOSS 1 1 0 1 0 0 -178.51753949300087 -189.10314219196565 143.1 -184.35763100280207 -183.42011425737056 267.30026 82.69743 303.2678062202083 46.84190954738761 -7.1148763 -14.466254 0.5374542 303.2677753697831 46.8418666416778 303.1633532597543 46.93007410291989 34.21902651599416 307.7995294478132 5400.0 5400.0 2016.0 1 490 {-999.0 16.85782 16.328709 16.095865 -999.0} sdss_psfmag_ps1 16.708061 16.281824 15.685829 14.584 63050395014948012 982106679 "" ops_std_boss_tic ops_std standard_boss 0 0 0.0 0.0 -999 ""
FIBERMAP 1373 R-9C2 METROLOGY 0 0 0 1 0 0 -178.04989890858022 -188.51389526492778 143.1 -183.87175055565075 -182.84579905016219 267.30026 82.69743 -999.0 -999.0 -999.0 -999.0 -999.0 303.27101457687087 46.8444792244851 303.16646372097813 46.93267248475463 34.221693193548674 307.80199376594237 -999.0 6231.0 -999.0 -1 -999 {-999.0 -999.0 -999.0 -999.0 -999.0} "" -999.0 -999.0 -999.0 -999.0 -999 -999 "" "" "" "" 0 0 0.0 0.0 -999 ""
FIBERMAP 1374 R-5C8 APOGEE 0 0 0 1 0 0 -65.03600135268194 -101.69423315183776 143.1 -68.19134155166068 -99.60826147541339 350.8113 108.240326 -999.0 -999.0 -999.0 -999.0 -999.0 304.03291415438247 47.22295043003813 303.9272521122125 47.312439832253105 34.811441370798725 308.1099648142139 -999.0 16600.0 -999.0 2 -999 {-999.0 -999.0 -999.0 -999.0 -999.0} "" -999.0 -999.0 -999.0 -999.0 -999 -999 "" "" "" "" 0 0 0.0 0.0 -999 ""
FIBERMAP 1374 R-5C8 BOSS 1 1 0 1 0 0 -64.90835842912092 -102.43155802549632 143.1 -68.08686071437732 -100.3492354008228 350.8113 108.240326 304.0331826053358 47.21949977626899 -3.116047 -7.250864 0.43028852 304.0331689980818 47.21947827080914 303.92794401162445 47.309032993020274 34.81115492800877 308.10579078551706 5400.0 5400.0 2016.0 1 463 {-999.0 16.244486 15.292602 14.816153 -999.0} sdss_psfmag_ps1 15.913117 15.229933 14.412078 12.655 63050395015805410 1034764162 bright_1x1 mwm_yso_variable_boss_single mwm_yso science 0 0 0.0 0.0 -999 ""
FIBERMAP 1374 R-5C8 METROLOGY 0 0 0 1 0 0 -65.61002939969428 -102.1708396790224 143.1 -68.78002974550725 -100.06665650621474 350.8113 108.240326 -999.0 -999.0 -999.0 -999.0 -999.0 304.0286466187668 47.22078191475341 303.92329152884554 47.31030971115729 34.80835555854409 308.10814758458184 -999.0 6231.0 -999.0 -1 -999 {-999.0 -999.0 -999.0 -999.0 -999.0} "" -999.0 -999.0 -999.0 -999.0 -999 -999 "" "" "" "" 0 0 0.0 0.0 -999 ""
FIBERMAP 1376 R+4C13 APOGEE 0 0 0 1 0 0 9.772763806750184 87.70126306167325 143.1 12.515930729120944 87.35341504259134 162.99826 92.95169 -999.0 -999.0 -999.0 -999.0 -999.0 304.5789540540091 48.073775620226066 304.4702149283851 48.164103569583375 35.347683083324796 309.0334290237976 -999.0 16600.0 -999.0 2 -999 {-999.0 -999.0 -999.0 -999.0 -999.0} "" -999.0 -999.0 -999.0 -999.0 -999 -999 "" "" "" "" 0 0 0.0 0.0 -999 ""
FIBERMAP 1376 R+4C13 BOSS 1 1 0 1 0 0 9.93527164311446 88.42021581972293 143.1 12.700887221587996 88.06693473179418 162.99826 92.95169 304.5798216897681 48.077003197510955 -999.0 -999.0 -999.0 304.5798216897681 48.07700319751096 304.47149137640884 48.16739026457832 35.34918227781928 309.03716375730374 5400.0 5400.0 2015.5 1 107 {-999.0 -999.0 -999.0 -999.0 -999.0} "" -999.0 -999.0 -999.0 -999.0 27021603114182962 818195421 "" ops_sky_boss_good ops_sky sky_boss 0 0 0.0 0.0 -999 ""
FIBERMAP 1376 R+4C13 METROLOGY 0 0 0 1 0 0 10.486377175026625 87.91901967151311 143.1 13.236027803918914 87.54870968333984 162.99826 92.95169 -999.0 -999.0 -999.0 -999.0 -999.0 304.58357383171807 48.07464488073199 304.4751386993283 48.16502292278717 35.351085330757236 309.03371755875884 -999.0 6231.0 -999.0 -1 -999 {-999.0 -999.0 -999.0 -999.0 -999.0} "" -999.0 -999.0 -999.0 -999.0 -999 -999 "" "" "" "" 0 0 0.0 0.0 -999 ""
FIBERMAP 1378 R-3C2 APOGEE 0 0 0 1 0 0 -232.5643174499083 -41.96097065006019 143.1 -233.76856108866338 -34.6544624829686 105.8344 88.3638 -999.0 -999.0 -999.0 -999.0 -999.0 302.92232091961904 47.5114186082757 302.81419002679354 47.598764795564364 34.141536713896315 308.65195045509785 -999.0 16600.0 -999.0 2 -999 {-999.0 -999.0 -999.0 -999.0 -999.0} "" -999.0 -999.0 -999.0 -999.0 -999 -999 "" "" "" "" 0 0 0.0 0.0 -999 ""
FIBERMAP 1378 R-3C2 BOSS 1 1 0 1 0 0 -231.84079438977918 -41.75676756349725 143.1 -233.03898368019247 -34.47302541344144 105.8344 88.3638 302.9266683996464 47.51222151277248 -2.8660436 -0.8525423 -0.6548556 302.92665581446454 47.51221898420237 302.818960056691 47.59964140413026 34.144868201001756 308.6520992596185 5400.0 5400.0 2016.0 1 436 {-999.0 15.985252 15.405289 15.095288 -999.0} sdss_psfmag_ps1 15.774724 15.97858 14.701859 13.601 63050395015066194 1093561503 bright_1x1 mwm_astar_core_boss_single mwm_ob science 0 0 0.0 0.0 -999 ""
FIBERMAP 1378 R-3C2 METROLOGY 0 0 0 1 0 0 -232.0315306927771 -42.48327348552773 143.1 -233.2523918840255 -35.193210240292174 105.8344 88.3638 -999.0 -999.0 -999.0 -999.0 -999.0 302.9254652895794 47.50896244045726 302.8176595861373 47.596363986913396 34.14326984511192 308.64848338372667 -999.0 6231.0 -999.0 -1 -999 {-999.0 -999.0 -999.0 -999.0 -999.0} "" -999.0 -999.0 -999.0 -999.0 -999 -999 "" "" "" "" 0 0 0.0 0.0 -999 ""
FIBERMAP 1381 R-7C10 APOGEE 1 1 0 1 0 0 -32.550410721167026 -136.04069379971097 143.1 -36.797304400643135 -134.95623043293068 241.41505 40.666462 304.2434894330514 47.06265670795806 3.0300343 0.94057107 2.894187 304.24350262573216 47.0626594976128 304.13876162064093 47.15257576935631 34.9167160542418 307.8816298398594 16000.0 16600.0 2016.0 2 170 {-999.0 18.361984 16.951174 15.631259 -999.0} sdss_psfmag_ps1 17.740177 16.285885 15.095678 12.783 63050395015794787 1034921872 bright_1x1 mwm_yso_pms_apogee_sagitta_edr3_single mwm_yso science 0 0 0.0 0.0 -999 ""
FIBERMAP 1381 R-7C10 BOSS 0 0 0 1 0 0 -32.70030014951263 -135.31194982229815 143.1 -36.92429002888316 -134.22313631290555 241.41505 40.666462 -999.0 -999.0 -999.0 -999.0 -999.0 304.24220699526904 47.06586504010002 304.137870599407 47.155841348812224 34.91683661174579 307.8856776247498 -999.0 5400.0 -999.0 1 385 {-999.0 -999.0 -999.0 -999.0 -999.0} "" -999.0 -999.0 -999.0 -999.0 -999 -999 "" "" "" "" 0 0 0.0 0.0 -999 ""
FIBERMAP 1381 R-7C10 METROLOGY 0 0 0 1 0 0 -31.99096158578376 -135.538491127553 143.1 -36.222386229739755 -134.47179463530526 241.41505 40.666462 -999.0 -999.0 -999.0 -999.0 -999.0 304.24701919474916 47.06476446177591 304.14257406299913 47.15473191508563 34.919716328788326 307.88350696213666 -999.0 6231.0 -999.0 -1 -999 {-999.0 -999.0 -999.0 -999.0 -999.0} "" -999.0 -999.0 -999.0 -999.0 -999 -999 "" "" "" "" 0 0 0.0 0.0 -999 ""
FIBERMAP 1382 R+4C14 APOGEE 0 0 0 1 0 0 43.78201198011994 85.16185750595115 143.1 46.429463177429476 83.74965623394453 18.656828 171.52518 -999.0 -999.0 -999.0 -999.0 -999.0 304.8099076072572 48.05648832410341 304.70152041216147 48.14724877212213 35.49543601398157 308.97504717064123 -999.0 16600.0 -999.0 2 -999 {-999.0 -999.0 -999.0 -999.0 -999.0} "" -999.0 -999.0 -999.0 -999.0 -999 -999 "" "" "" "" 0 0 0.0 0.0 -999 ""
FIBERMAP 1382 R+4C14 BOSS 1 1 0 1 0 0 44.51772929467875 85.31966562323335 143.1 47.16977542673301 83.88433830537821 18.656828 171.52518 304.81407087510013 48.05708796864287 -2.824801 -9.663354 1.6007298 304.8145714246692 48.057059307938985 304.7066066306236 48.14788576250154 35.49888839607638 308.97497962716926 5400.0 5400.0 2016.0 1 158 {-999.0 12.699315 12.38854 12.288685 -999.0} sdss_psfmag_from_g3xp 12.657548 12.39158 11.957751 11.285 63050395015895052 996741231 bright_1x1 mwm_bin_gaia_sb_boss mwm_bin science 0 0 1.2345852851867676 0.0 -999 ""
FIBERMAP 1382 R+4C14 METROLOGY 0 0 0 1 0 0 44.274671843428784 84.60154666401044 143.1 46.90433369997127 83.17417575585813 18.656828 171.52518 -999.0 -999.0 -999.0 -999.0 -999.0 304.8128448058043 48.05384830166699 304.70477344816743 48.14465573988252 35.49704366037351 308.9713930874158 -999.0 6231.0 -999.0 -1 -999 {-999.0 -999.0 -999.0 -999.0 -999.0} "" -999.0 -999.0 -999.0 -999.0 -999 -999 "" "" "" "" 0 0 0.0 0.0 -999 ""
FIBERMAP 1383 R-9C6 APOGEE 1 1 0 1 0 0 -77.68070127446894 -185.96064320194262 143.1 -83.47022543817529 -183.43847291977968 258.13666 133.55162 303.93386154673516 46.84339901665816 0.9679369 1.6775275 1.1988678 303.93430627410913 46.84340399206513 303.8301613937949 46.93278965679564 34.66306022701156 307.67718989373407 16000.0 16600.0 2016.0 2 165 {-999.0 10.227849 9.090189 8.64924 -999.0} sdss_psfmag_from_g3xp 9.782664 9.115446 8.268523 6.449 63050395015795981 1151795880 bright_1x1 mwm_galactic_core_dist_apogee_sparse mwm_galactic science 0 0 1.0847532749176025 0.0 -999 ""
FIBERMAP 1383 R-9C6 BOSS 0 0 0 1 0 0 -78.30269183028187 -186.36360826761245 143.1 -84.10454606702842 -183.82175872922457 258.13666 133.55162 -999.0 -999.0 -999.0 -999.0 -999.0 303.92967049525447 46.84156327734116 303.8259493881192 46.931006463634276 34.65985783345424 307.6758597811146 -999.0 5400.0 -999.0 1 402 {-999.0 -999.0 -999.0 -999.0 -999.0} "" -999.0 -999.0 -999.0 -999.0 -999 -999 "" "" "" "" 0 0 0.0 0.0 -999 ""
FIBERMAP 1383 R-9C6 METROLOGY 0 0 0 1 0 0 -78.34360067491703 -185.6181654911646 143.1 -84.12207967338175 -183.07538826170224 258.13666 133.55162 -999.0 -999.0 -999.0 -999.0 -999.0 303.9296423758139 46.844954004209335 303.82578758671775 46.93437770829274 34.660504905501476 307.6798843991389 -999.0 6231.0 -999.0 -1 -999 {-999.0 -999.0 -999.0 -999.0 -999.0} "" -999.0 -999.0 -999.0 -999.0 -999 -999 "" "" "" "" 0 0 0.0 0.0 -999 ""
FIBERMAP 1384 R-12C6 APOGEE 0 0 0 1 0 0 -61.29943404835758 -229.5362388012646 143.1 -68.4620253130111 -227.50662158791718 195.37868 87.21245 -999.0 -999.0 -999.0 -999.0 -999.0 304.0355220511206 46.64539273131443 303.9323267765402 46.73500887821501 34.68678328753003 307.42375707373435 -999.0 16600.0 -999.0 2 -999 {-999.0 -999.0 -999.0 -999.0 -999.0} "" -999.0 -999.0 -999.0 -999.0 -999 -999 "" "" "" "" 0 0 0.0 0.0 -999 ""
FIBERMAP 1384 R-12C6 BOSS 1 1 0 1 0 0 -61.465560976448906 -228.81487329433426 143.1 -68.60547190735036 -226.78039368948453 195.37868 87.21245 304.0335365733657 46.64855657047869 2.6387177 -1.7177485 0.7708248 304.03411492166776 46.64855147577902 303.93132331608155 46.73823072445707 34.68683808550929 307.42776301069887 5400.0 5400.0 2016.0 1 403 {-999.0 13.276799 12.198008 11.781933 -999.0} sdss_psfmag_from_g3xp 12.90041 12.211893 11.41139 9.71 63050395014911876 996738809 bright_1x1 mwm_bin_gaia_sb_boss mwm_bin science 0 0 1.401096224784851 0.0 -999 ""
FIBERMAP 1384 R-12C6 METROLOGY 0 0 0 1 0 0 -60.75444918098525 -229.0266767590686 143.1 -67.90133396062687 -227.01437672893007 195.37868 87.21245 -999.0 -999.0 -999.0 -999.0 -999.0 304.0388901316529 46.6475272173902 303.9359894574591 46.7371966607434 34.689721404365834 307.42566269681726 -999.0 6231.0 -999.0 -1 -999 {-999.0 -999.0 -999.0 -999.0 -999.0} "" -999.0 -999.0 -999.0 -999.0 -999 -999 "" "" "" "" 0 0 0.0 0.0 -999 ""
FIBERMAP 1388 R-10C8 APOGEE 0 0 0 1 0 0 -6.5638953799217 -198.92646009966595 143.1 -12.793433902773405 -198.6263250018469 12.453898 85.13968 -999.0 -999.0 -999.0 -999.0 -999.0 304.4032295193696 46.77482738915573 304.29988866534245 46.865100949618785 34.96102134363662 307.51012111078 -999.0 16600.0 -999.0 2 -999 {-999.0 -999.0 -999.0 -999.0 -999.0} "" -999.0 -999.0 -999.0 -999.0 -999 -999 "" "" "" "" 0 0 0.0 0.0 -999 ""
FIBERMAP 1388 R-10C8 BOSS 1 1 0 1 0 0 -6.444640815551267 -199.69136310606405 143.1 -12.698201503793149 -199.39460114243846 12.453898 85.13968 304.4034415092692 46.77127118385388 -1.7251188 -5.3846736 0.42644003 304.403434038889 46.77125521336006 304.3005243603497 46.86159401334231 34.96067508513332 307.50582999378634 5400.0 5400.0 2016.0 1 372 {-999.0 19.021734 17.946543 17.474155 -999.0} sdss_psfmag_ps1 18.62409 17.926668 17.037983 15.488 63050395015340150 980252120 "" ops_std_boss_red ops_std standard_boss 0 0 0.0 0.0 -999 ""
FIBERMAP 1388 R-10C8 METROLOGY 0 0 0 1 0 0 -7.143276932434993 -199.3965441316423 143.1 -13.387268700228486 -199.0780329021201 12.453898 85.13968 -999.0 -999.0 -999.0 -999.0 -999.0 304.398987255976 46.77271426752307 304.29594872728603 46.86302628145794 34.957937566217154 307.50837347562936 -999.0 6231.0 -999.0 -1 -999 {-999.0 -999.0 -999.0 -999.0 -999.0} "" -999.0 -999.0 -999.0 -999.0 -999 -999 "" "" "" "" 0 0 0.0 0.0 -999 ""
FIBERMAP 1391 R-5C4 APOGEE 0 0 0 1 0 0 -167.1732374073317 -89.22077076002188 143.1 -169.889256502195 -83.94061475933925 19.565525 164.07277 -999.0 -999.0 -999.0 -999.0 -999.0 303.3524858926316 47.29156292868877 303.24578139857323 47.37976451152459 34.37611643897022 308.3140690676212 -999.0 16600.0 -999.0 2 -999 {-999.0 -999.0 -999.0 -999.0 -999.0} "" -999.0 -999.0 -999.0 -999.0 -999 -999 "" "" "" "" 0 0 0.0 0.0 -999 ""
FIBERMAP 1391 R-5C4 BOSS 1 1 0 1 0 0 -166.42165425874597 -89.16070337109439 143.1 -169.13614831373744 -83.90412409471669 19.565525 164.07277 303.35699866561737 47.29166870687949 -999.0 -999.0 -999.0 303.35699866561737 47.291668706879484 303.25072726057005 47.37994573336092 34.3794203390378 308.3133702095186 5400.0 5400.0 2015.5 1 454 {-999.0 -999.0 -999.0 -999.0 -999.0} "" -999.0 -999.0 -999.0 -999.0 27021603114181424 818195304 "" ops_sky_boss_good ops_sky sky_boss 0 0 0.0 0.0 -999 ""
FIBERMAP 1391 R-5C4 METROLOGY 0 0 0 1 0 0 -166.74701710485294 -89.83314175400078 143.1 -169.48242510595202 -84.56604901557142 19.565525 164.07277 -999.0 -999.0 -999.0 -999.0 -999.0 303.35489237878653 47.28867705484125 303.2485102095595 47.376931793533885 34.37727957479967 308.3102211833075 -999.0 6231.0 -999.0 -1 -999 {-999.0 -999.0 -999.0 -999.0 -999.0} "" -999.0 -999.0 -999.0 -999.0 -999 -999 "" "" "" "" 0 0 0.0 0.0 -999 ""
FIBERMAP 1392 R-12C10 APOGEE 0 0 0 1 0 0 52.87199670324375 -223.55165479036668 143.1 45.8426862832095 -225.10203728096354 43.584164 122.74304 -999.0 -999.0 -999.0 -999.0 -999.0 304.7903642357079 46.654977525328114 304.6879569190728 46.74599484865536 35.19424644270705 307.29725148088386 -999.0 16600.0 -999.0 2 -999 {-999.0 -999.0 -999.0 -999.0 -999.0} "" -999.0 -999.0 -999.0 -999.0 -999 -999 "" "" "" "" 0 0 0.0 0.0 -999 ""
FIBERMAP 1392 R-12C10 BOSS 1 1 0 1 0 0 53.61552805754305 -223.71552596134785 143.1 46.58073017997398 -225.28912654379366 43.584164 122.74304 304.79484776306714 46.65404839471045 -5.3422456 -7.0013065 0.07059405 304.7948246794312 46.65402762941584 304.6928380329596 46.745116091084185 35.19732096154325 307.2953141208803 5400.0 5400.0 2016.0 1 406 {-999.0 16.029715 15.396329 15.221897 -999.0} sdss_psfmag_ps1 15.846835 15.362415 14.689316 13.592 63050395015330933 1068524501 bright_1x1 mwm_ob_core_boss_single mwm_ob science 0 0 0.0 0.0 -999 ""
FIBERMAP 1392 R-12C10 METROLOGY 0 0 0 1 0 0 53.09788708345312 -224.2627353179025 143.1 46.04619018884485 -225.81985756085868 43.584164 122.74304 -999.0 -999.0 -999.0 -999.0 -999.0 304.79137856283205 46.65168390044877 304.6892811781415 46.74274871686273 35.19442822029311 307.29313293905864 -999.0 6231.0 -999.0 -1 -999 {-999.0 -999.0 -999.0 -999.0 -999.0} "" -999.0 -999.0 -999.0 -999.0 -999 -999 "" "" "" "" 0 0 0.0 0.0 -999 ""
FIBERMAP 1393 R-12C5 APOGEE 0 0 0 1 0 0 -49.32566493255917 -237.75307569934984 143.1 -56.75138853127188 -236.09471160084328 25.742348 70.44119 -999.0 -999.0 -999.0 -999.0 -999.0 304.1130433978537 46.606911804386726 304.01009414199854 46.69668059494706 34.73011964209596 307.3637438056546 -999.0 16600.0 -999.0 2 -999 {-999.0 -999.0 -999.0 -999.0 -999.0} "" -999.0 -999.0 -999.0 -999.0 -999 -999 "" "" "" "" 0 0 0.0 0.0 -999 ""
FIBERMAP 1393 R-12C5 BOSS 1 1 0 1 0 0 -49.24603648404316 -238.49673894132292 143.1 -56.69509795522474 -236.8405165207044 25.742348 70.44119 304.11249254159475 46.60350007984699 -3.725828 -5.4512334 0.3153751 304.1130117454425 46.603483911941474 304.01049457557946 46.693319480066314 34.72963214022985 307.35968357199135 5400.0 5400.0 2016.0 1 352 {-999.0 15.047013 13.107524 12.157661 -999.0} sdss_psfmag_from_g3xp 14.124741 12.784669 11.66034 8.685 63050395015785951 996741207 bright_1x1 mwm_bin_gaia_sb_boss mwm_bin science 0 0 1.3239573240280151 0.0 -999 ""
FIBERMAP 1393 R-12C5 METROLOGY 0 0 0 1 0 0 -49.92789596271862 -238.193507041133 143.1 -57.36713289216604 -236.51606498680894 25.742348 70.44119 -999.0 -999.0 -999.0 -999.0 -999.0 304.10869258762347 46.604962137303595 304.00604621140326 46.69477057951235 34.726985133354766 307.36223816885644 -999.0 6231.0 -999.0 -1 -999 {-999.0 -999.0 -999.0 -999.0 -999.0} "" -999.0 -999.0 -999.0 -999.0 -999 -999 "" "" "" "" 0 0 0.0 0.0 -999 ""
FIBERMAP 1395 R+4C20 APOGEE 0 0 0 1 0 0 186.4664708997803 63.50536007864025 143.1 188.36762550708085 57.63293229492076 318.66858 95.51635 -999.0 -999.0 -999.0 -999.0 -999.0 305.7696284235026 47.92842419022661 305.66296984178155 48.02098371986748 36.10062518602124 308.66752099658055 -999.0 16600.0 -999.0 2 -999 {-999.0 -999.0 -999.0 -999.0 -999.0} "" -999.0 -999.0 -999.0 -999.0 -999 -999 "" "" "" "" 0 0 0.0 0.0 -999 ""
FIBERMAP 1395 R+4C20 BOSS 1 1 0 1 0 0 186.02758514343034 62.891155457100496 143.1 187.90970427014915 57.03277031600398 318.66858 95.51635 305.76614562876375 47.92571170589247 -0.9832552 -1.3870105 0.14718644 305.76614127675543 47.92570759213485 305.6599003729697 48.01831471388902 36.098100039107926 308.66476394342305 5400.0 5400.0 2016.0 1 205 {-999.0 16.616356 15.534541 15.155455 -999.0} sdss_psfmag_ps1 16.225979 15.928562 14.818194 13.396 63050395015663459 1093562389 bright_1x1 mwm_astar_core_boss_single mwm_ob science 0 0 0.0 0.0 -999 ""
FIBERMAP 1395 R+4C20 METROLOGY 0 0 0 1 0 0 185.72405494678085 63.57939070232887 143.1 187.62788164654472 57.730188732429056 318.66858 95.51635 -999.0 -999.0 -999.0 -999.0 -999.0 305.7644291785199 47.92891051314954 305.6580560815115 48.02149865697793 36.09749745505211 308.66892347980064 -999.0 6231.0 -999.0 -1 -999 {-999.0 -999.0 -999.0 -999.0 -999.0} "" -999.0 -999.0 -999.0 -999.0 -999 -999 "" "" "" "" 0 0 0.0 0.0 -999 ""
FIBERMAP 1396 R0C3 APOGEE 1 1 0 1 0 0 -253.06567290923473 8.084500462830972 143.1 -252.69218200899903 16.00957724882956 106.62635 137.98608 302.7904215386184 47.739315810149236 -1.4879272 -1.2726562 0.14176498 302.79041497648274 47.739312035556715 302.6811317915552 47.82636115240941 34.10591057537568 308.94423722271506 16000.0 16600.0 2016.0 2 297 {-999.0 16.063688 14.311056 12.888795 -999.0} sdss_psfmag_from_g3xp 15.301636 13.631523 12.418748 9.514 63050395015948504 1151795942 bright_1x1 mwm_galactic_core_dist_apogee_sparse mwm_galactic science 0 0 0.0 0.0 -999 ""
FIBERMAP 1396 R0C3 BOSS 0 0 0 1 0 0 -252.74608491375574 8.754968530492437 143.1 -252.3517390575378 16.669713724715354 106.62635 137.98608 -999.0 -999.0 -999.0 -999.0 -999.0 302.7921291114362 47.74226398785931 302.6832712002927 47.829383683880025 34.10799290392146 308.94740111814093 -999.0 5400.0 -999.0 1 422 {-999.0 -999.0 -999.0 -999.0 -999.0} "" -999.0 -999.0 -999.0 -999.0 -999 -999 "" "" "" "" 0 0 0.0 0.0 -999 ""
FIBERMAP 1396 R0C3 METROLOGY 0 0 0 1 0 0 -252.31630963474933 8.153862419011922 143.1 -251.94100142798658 16.055427618209738 106.62635 137.98608 -999.0 -999.0 -999.0 -999.0 -999.0 302.79506181329054 47.739539424490864 302.686095438216 47.82664595781737 34.10922123925377 308.94366261662367 -999.0 6231.0 -999.0 -1 -999 {-999.0 -999.0 -999.0 -999.0 -999.0} "" -999.0 -999.0 -999.0 -999.0 -999 -999 "" "" "" "" 0 0 0.0 0.0 -999 ""
FIBERMAP 1400 R-5C13 APOGEE 1 1 0 1 0 0 35.438803625403516 -84.61178644472515 143.1 32.77096160176392 -85.68195006907995 79.024055 120.020294 304.71023912969105 47.28553702106645 -999.0 -999.0 -999.0 304.71023912969105 47.28553702106645 304.6050739850981 47.376273634840146 35.27373138347449 308.06584880393274 16000.0 16600.0 2015.5 2 155 {-999.0 -999.0 -999.0 -999.0 -999.0} "" -999.0 -999.0 -999.0 -999.0 27021603114172127 840305460 "" ops_sky_apogee_best ops_sky sky_apogee 0 0 0.0 0.0 -999 ""
FIBERMAP 1400 R-5C13 BOSS 0 0 0 1 0 0 36.13593687342095 -84.34516618150124 143.1 33.4761173529129 -85.43729863619382 79.024055 120.020294 -999.0 -999.0 -999.0 -999.0 -999.0 304.7145914568712 47.286530268262524 304.6098429760407 47.37733534164199 35.27711192993554 308.0662881948584 -999.0 5400.0 -999.0 1 379 {-999.0 -999.0 -999.0 -999.0 -999.0} "" -999.0 -999.0 -999.0 -999.0 -999 -999 "" "" "" "" 0 0 0.0 0.0 -999 ""
FIBERMAP 1400 R-5C13 METROLOGY 0 0 0 1 0 0 36.02389394697629 -85.08002981084786 143.1 33.34110329162751 -86.16830277913758 79.024055 120.020294 -999.0 -999.0 -999.0 -999.0 -999.0 304.71376738260096 47.28323466813009 304.6089141590927 47.3740217433909 35.27580010196461 308.0624821066735 -999.0 6231.0 -999.0 -1 -999 {-999.0 -999.0 -999.0 -999.0 -999.0} "" -999.0 -999.0 -999.0 -999.0 -999 -999 "" "" "" "" 0 0 0.0 0.0 -999 ""
