#%yanny
#
# confSummary-27746.par
#
# Created by pydl.pydlutils.yanny.yanny
#
# 2026-09-20 02:32:31 UTC
#
configuration_id 27746
robostrategy_run iota-1
fps_calibrations_version 2025.12.04
jaeger_version 1.11.2a1
coordio_version 1.18.1
kaiju_version 1.4.1
design_id 752502
field_id 100488
focal_scale 1.0000753
instruments BOSS APOGEE
epoch 2461303.6081409645
obstime Sun Sep 20 02:32:31 2026
MJD 61303
observatory APO
temperature 16.7
raCen 289.886244695463
decCen 8.4443972563036
pa 29.60772
is_dithered 0
parent_configuration -999
dither_radius -999.0
cloned_from -999

typedef enum {
    BOSS,
    APOGEE,
    METROLOGY,
    NONE
} FIBERTYPE;

typedef struct {
    short positionerId;
    char holeId[28];
    FIBERTYPE fiberType;
    short assigned;
    short on_target;
    short disabled;
    short valid;
    short decollided;
    short too;
    double xwok;
    double ywok;
    double zwok;
    double xFocal;
    double yFocal;
    float alpha;
    float beta;
    double racat;
    double deccat;
    float pmra;
    float pmdec;
    float parallax;
    double ra;
    double dec;
    double ra_observed;
    double dec_observed;
    double alt_observed;
    double az_observed;
    float lambda_design;
    float lambda_eff;
    float coord_epoch;
    short spectrographId;
    short fiberId;
    float mag[5];
    char optical_prov[120];
    float bp_mag;
    float gaia_g_mag;
    float rp_mag;
    float h_mag;
    long catalogid;
    long carton_to_target_pk;
    char cadence[400];
    char firstcarton[400];
    char program[400];
    char category[400];
    long sdssv_boss_target0;
    long sdssv_apogee_target0;
    double delta_ra;
    double delta_dec;
    long too_id;
    char too_program[80];
} FIBERMAP;

FIBERMAP 3 R-1C14 APOGEE 1 1 0 1 0 0 -2.432872154969047 -9.854746822436988 143.1 -6.984560496712654 -7.366568683244157 171.81586 86.41625 289.8539583868026 8.41106799016795 13.935546 -29.847483 7.3685946 289.8540003256057 8.410979130777328 289.83541696149325 8.468168097190574 65.64532462376994 184.28620830871304 16000.0 16600.0 2016.0 2 214 {-999.0 16.37914 14.898568 13.952283 -999.0} sdss_psfmag_from_g3xp 15.766735 14.602061 13.530247 11.369 63050395674938010 1068915814 bright_18x1 mwm_bin_rv_short_mdwarf_apogee_18epoch mwm_bin science 0 0 0.0 0.0 -999 ""
FIBERMAP 3 R-1C14 BOSS 0 0 0 1 0 0 -2.3121592956597663 -9.127444943312089 143.1 -6.520244300337991 -6.79382794982828 171.81586 86.41625 -999.0 -999.0 -999.0 -999.0 -999.0 289.85613310051485 8.413487373087145 289.83755123439477 8.47077328676227 65.64805861742347 184.28150038605762 -999.0 5400.0 -999.0 1 263 {-999.0 -999.0 -999.0 -999.0 -999.0} "" -999.0 -999.0 -999.0 -999.0 -999 -999 "" "" "" "" 0 0 0.0 0.0 -999 ""
FIBERMAP 3 R-1C14 METROLOGY 0 0 0 1 0 0 -1.7299575454016463 -9.600785581090927 143.1 -6.2478992869968915 -7.493058400837674 171.81586 86.41625 -999.0 -999.0 -999.0 -999.0 -999.0 289.857382167684 8.410325277403507 289.8388066128993 8.467588646205709 65.64495916999837 184.27800534467465 -999.0 6231.0 -999.0 -1 -999 {-999.0 -999.0 -999.0 -999.0 -999.0} "" -999.0 -999.0 -999.0 -999.0 -999 -999 "" "" "" "" 0 0 0.0 0.0 -999 ""
FIBERMAP 16 R+7C7 APOGEE 1 1 0 1 0 0 -60.491805721573975 133.91271690566288 143.1 13.568515019806503 146.32505447587872 31.606565 74.393074 289.95040518759066 9.109639359039207 0.55424935 -3.7368689 0.18501951 289.95040685873244 9.109628233950872 289.93006534151147 9.166939191544685 66.34858522926645 184.16443525760394 16000.0 16600.0 2016.0 2 102 {-999.0 18.472967 15.964184 14.723967 -999.0} sdss_psfmag_ps1 17.15639 15.290644 14.016198 10.501 63050395675354708 1154165058 bright_1x1 mwm_galactic_core_dist_apogee_sparse mwm_galactic science 0 0 0.0 0.0 -999 ""
FIBERMAP 16 R+7C7 BOSS 0 0 0 1 0 0 -60.28190387134818 133.20653835033525 143.1 13.402103229947963 145.60732486405036 31.606565 74.393074 -999.0 -999.0 -999.0 -999.0 -999.0 289.9496327070186 9.106348424334545 289.92930503210505 9.163747325592034 66.34535304635857 184.16581021673403 -999.0 5400.0 -999.0 1 76 {-999.0 -999.0 -999.0 -999.0 -999.0} "" -999.0 -999.0 -999.0 -999.0 -999 -999 "" "" "" "" 0 0 0.0 0.0 -999 ""
FIBERMAP 16 R+7C7 METROLOGY 0 0 0 1 0 0 -61.00303496749869 133.36707486144712 143.1 12.854404670114072 146.1032185196575 31.606565 74.393074 -999.0 -999.0 -999.0 -999.0 -999.0 289.9471164160872 9.108616023817428 289.92678133953586 9.165983050232292 66.34743020191141 184.17235332535762 -999.0 6231.0 -999.0 -1 -999 {-999.0 -999.0 -999.0 -999.0 -999.0} "" -999.0 -999.0 -999.0 -999.0 -999 -999 "" "" "" "" 0 0 0.0 0.0 -999 ""
FIBERMAP 37 R-9C9 APOGEE 1 1 0 1 0 0 6.995559372436694 -175.2635630350571 143.1 -80.5144682421461 -155.84706719960448 37.187035 72.66307 289.51550411525966 7.737525320538573 -43.29961 -101.734764 6.335556 289.5153740229736 7.737222444426658 289.4984821089381 7.793689602196968 64.94955865519165 184.9718399505624 16000.0 16600.0 2016.0 2 167 {-999.0 16.015203 14.619413 13.754992 -999.0} sdss_psfmag_from_g3xp 15.459795 14.388401 13.355499 11.279 63050395674607972 1068869843 bright_18x1 mwm_bin_rv_short_mdwarf_apogee_18epoch mwm_bin science 0 0 0.0 0.0 -999 ""
FIBERMAP 37 R-9C9 BOSS 0 0 0 1 0 0 7.246674731320837 -175.95906304204647 143.1 -80.63976890989207 -156.5758753183143 37.187035 72.66307 -999.0 -999.0 -999.0 -999.0 -999.0 289.5147686159665 7.733785410144558 289.49789400725126 7.790346756528159 64.94618200979168 184.97263135939687 -999.0 5400.0 -999.0 1 376 {-999.0 -999.0 -999.0 -999.0 -999.0} "" -999.0 -999.0 -999.0 -999.0 -999 -999 "" "" "" "" 0 0 0.0 0.0 -999 ""
FIBERMAP 37 R-9C9 METROLOGY 0 0 0 1 0 0 6.501814194304906 -175.8239239680532 143.1 -81.22064884997086 -156.0903399507013 37.187035 72.66307 -999.0 -999.0 -999.0 -999.0 -999.0 289.5121140467265 7.7360276212870325 289.4952317642786 7.792555053654106 64.9481901425214 184.97922729777355 -999.0 6231.0 -999.0 -1 -999 {-999.0 -999.0 -999.0 -999.0 -999.0} "" -999.0 -999.0 -999.0 -999.0 -999 -999 "" "" "" "" 0 0 0.0 0.0 -999 ""
FIBERMAP 40 R+12C6 APOGEE 0 0 0 1 0 0 -34.502751708883096 246.30300588648672 143.1 91.6974542391331 231.20662463680944 80.773544 83.91418 -999.0 -999.0 -999.0 -999.0 -999.0 290.30981706518304 9.49008644248266 290.28852846337173 9.548217994054989 66.74898042965432 183.3304219710883 -999.0 16600.0 -999.0 2 -999 {-999.0 -999.0 -999.0 -999.0 -999.0} "" -999.0 -999.0 -999.0 -999.0 -999 -999 "" "" "" "" 0 0 0.0 0.0 -999 ""
FIBERMAP 40 R+12C6 BOSS 1 1 0 1 0 0 -33.768391874272766 246.12564968464315 143.1 92.24834455990572 230.6895700941173 80.773544 83.91418 290.3123474121094 9.487684970428333 -999.0 -999.0 -999.0 290.3123474121094 9.487684970428331 290.2910694629611 9.545910799448231 66.74680006336719 183.32379333263353 5400.0 5400.0 2015.5 1 156 {-999.0 -999.0 -999.0 -999.0 -999.0} "" -999.0 -999.0 -999.0 -999.0 27021603151005386 852979908 "" ops_sky_boss_fallback ops_sky sky_boss 0 0 0.0 0.0 -999 ""
FIBERMAP 40 R+12C6 METROLOGY 0 0 0 1 0 0 -34.28706710891275 245.58876353696698 143.1 91.53208622430424 230.4790263708453 80.773544 83.91418 -999.0 -999.0 -999.0 -999.0 -999.0 290.30906601387 9.48678983066465 290.2877888683033 9.544982910499595 66.74571318223667 183.33186114940568 -999.0 6231.0 -999.0 -1 -999 {-999.0 -999.0 -999.0 -999.0 -999.0} "" -999.0 -999.0 -999.0 -999.0 -999 -999 "" "" "" "" 0 0 0.0 0.0 -999 ""
FIBERMAP 52 R+5C17 APOGEE 0 0 0 1 0 0 133.98247411521254 83.78779539161184 143.1 157.89616837638707 6.65273763126279 339.6608 84.63224 -999.0 -999.0 -999.0 -999.0 -999.0 290.61191568361545 8.472248524444199 290.59319965451226 8.531287847940957 65.74594997146188 182.47520783408828 -999.0 16600.0 -999.0 2 -999 {-999.0 -999.0 -999.0 -999.0 -999.0} "" -999.0 -999.0 -999.0 -999.0 -999 -999 "" "" "" "" 0 0 0.0 0.0 -999 ""
FIBERMAP 52 R+5C17 BOSS 1 1 0 1 0 0 133.66347260048565 83.13149840305898 143.1 157.29452466438457 6.239708887642127 339.6608 84.63224 290.60921289940933 8.470307446159286 -0.8470687 -4.6576166 0.3550809 290.60921034977787 8.47029357989899 290.59050255591535 8.529418597715521 65.7439839117249 182.4815291814587 5400.0 5400.0 2016.0 1 206 {-999.0 18.386044 17.40802 16.972584 -999.0} sdss_psfmag_ps1 18.067598 17.336916 16.52726 15.005 63050395674870262 980289874 "" ops_std_boss_red ops_std standard_boss 0 0 0.0 0.0 -999 ""
FIBERMAP 52 R+5C17 METROLOGY 0 0 0 1 0 0 133.23881081521813 83.72757183514742 143.1 157.21980148928338 6.967814845596137 339.6608 84.63224 -999.0 -999.0 -999.0 -999.0 -999.0 290.6088729607519 8.47363052083565 290.59015583579026 8.532728071889611 65.74727851783703 182.48265979851226 -999.0 6231.0 -999.0 -1 -999 {-999.0 -999.0 -999.0 -999.0 -999.0} "" -999.0 -999.0 -999.0 -999.0 -999 -999 "" "" "" "" 0 0 0.0 0.0 -999 ""
FIBERMAP 56 R-8C4 APOGEE 0 0 0 1 0 0 -142.79925958756374 -174.9687229669222 143.1 -210.61446064877143 -81.5776517562178 311.15356 36.342285 -999.0 -999.0 -999.0 -999.0 -999.0 288.92102641226387 8.0758568761028 288.9032748153335 8.130800270155351 65.23574914053677 186.43407817678644 -999.0 16600.0 -999.0 2 -999 {-999.0 -999.0 -999.0 -999.0 -999.0} "" -999.0 -999.0 -999.0 -999.0 -999 -999 "" "" "" "" 0 0 0.0 0.0 -999 ""
FIBERMAP 56 R-8C4 BOSS 1 1 0 1 0 0 -143.5400518988158 -174.78802451969887 143.1 -211.16929257752668 -81.05451288937529 311.15356 36.342285 288.91845703124994 8.078127023160022 -999.0 -999.0 -999.0 288.91845703124994 8.078127023160024 288.9007088029646 8.133157490329396 65.23785372351495 186.44065118270052 5400.0 5400.0 2015.5 1 452 {-999.0 -999.0 -999.0 -999.0 -999.0} "" -999.0 -999.0 -999.0 -999.0 27021603150994991 852977821 "" ops_sky_boss_fallback ops_sky sky_boss 0 0 0.0 0.0 -999 ""
FIBERMAP 56 R-8C4 METROLOGY 0 0 0 1 0 0 -143.0326973369937 -174.26008427361447 143.1 -210.46729763332203 -80.84615407074898 311.15356 36.342285 -999.0 -999.0 -999.0 -999.0 -999.0 288.9216467297078 8.079087661255723 288.903893456263 8.13409926907401 65.23909145272218 186.43337236286249 -999.0 6231.0 -999.0 -1 -999 {-999.0 -999.0 -999.0 -999.0 -999.0} "" -999.0 -999.0 -999.0 -999.0 -999 -999 "" "" "" "" 0 0 0.0 0.0 -999 ""
FIBERMAP 59 R+4C8 APOGEE 0 0 0 1 0 0 -84.37651801972342 58.3576144754704 143.1 -44.53058561250137 92.43170468667451 335.8102 51.555412 -999.0 -999.0 -999.0 -999.0 -999.0 289.6821809390944 8.865631451295148 289.6624474571818 8.922322469913295 66.08696177705845 184.77810958817773 -999.0 16600.0 -999.0 2 -999 {-999.0 -999.0 -999.0 -999.0 -999.0} "" -999.0 -999.0 -999.0 -999.0 -999 -999 "" "" "" "" 0 0 0.0 0.0 -999 ""
FIBERMAP 59 R+4C8 BOSS 1 1 0 1 0 0 -85.01496751804436 57.95308401049875 143.1 -45.28559048958246 92.39542342462704 335.8102 51.555412 289.67867732117895 8.865433520019993 -0.6526873 -2.992444 0.43414637 289.67867535455866 8.865424611169958 289.6589487675302 8.92219740089642 66.08659174229724 184.78659316286013 5400.0 5400.0 2016.0 1 33 {-999.0 18.10846 16.924128 16.354853 15.914422} sdss_psfmag_from_ps1dr2 17.6601 16.8704 15.9824 14.206 63050395675303649 1040152064 "" ops_std_boss_ps1dr2 ops_std standard_boss 0 0 0.0 0.0 -999 ""
FIBERMAP 59 R+4C8 METROLOGY 0 0 0 1 0 0 -85.04147342069211 58.695987487447354 143.1 -44.94157140878158 93.05446988497826 335.8102 51.555412 -999.0 -999.0 -999.0 -999.0 -999.0 289.68027370332277 8.868435389143825 289.6605377400039 8.925185994330063 66.089684253028 184.78325353371054 -999.0 6231.0 -999.0 -1 -999 {-999.0 -999.0 -999.0 -999.0 -999.0} "" -999.0 -999.0 -999.0 -999.0 -999 -999 "" "" "" "" 0 0 0.0 0.0 -999 ""
FIBERMAP 63 R+5C19 APOGEE 0 0 0 1 0 0 165.60698879190787 86.16359423019789 143.1 186.5673621839376 -6.907073083324794 240.63148 134.1873 -999.0 -999.0 -999.0 -999.0 -999.0 290.74253187610765 8.410062224260418 290.72397539850215 8.469431726380764 65.68857301289461 182.15571598149498 -999.0 16600.0 -999.0 2 -999 {-999.0 -999.0 -999.0 -999.0 -999.0} "" -999.0 -999.0 -999.0 -999.0 -999 -999 "" "" "" "" 0 0 0.0 0.0 -999 ""
FIBERMAP 63 R+5C19 BOSS 1 1 0 1 0 0 164.8827554618334 85.96093395769122 143.1 185.83751209293195 -6.7254439903205085 240.63148 134.1873 290.7392680360256 8.410823744382979 -2.6394353 -5.6012535 0.0029634123 290.73926009269076 8.410807068807056 290.7207047241463 8.470260677399885 65.68929789417153 182.16363449020687 5400.0 5400.0 2016.0 1 204 {-999.0 16.45814 15.787449 15.3979225 -999.0} sdss_psfmag_ps1 16.087994 15.768592 14.865177 13.504 63050395674873838 1093384069 bright_3x1 mwm_astar_core_boss mwm_ob science 0 0 0.0 0.0 -999 ""
FIBERMAP 63 R+5C19 METROLOGY 0 0 0 1 0 0 165.07983339194908 86.69158018153192 143.1 186.36987967575072 -6.187527062612709 240.63148 134.1873 -999.0 -999.0 -999.0 -999.0 -999.0 290.7416894958756 8.413265670196603 290.72312711121646 8.472698670525485 65.69181143864478 182.1580069708151 -999.0 6231.0 -999.0 -1 -999 {-999.0 -999.0 -999.0 -999.0 -999.0} "" -999.0 -999.0 -999.0 -999.0 -999 -999 "" "" "" "" 0 0 0.0 0.0 -999 ""
FIBERMAP 65 R+5C14 APOGEE 1 1 0 1 0 0 51.7870323387142 117.02426645396663 143.1 102.84975311137161 76.16410143644183 156.75902 48.93923 290.3604187390048 8.78947859853276 41.45987 4.9967856 7.5014243 290.3605436365483 8.789493474517686 290.3410212533457 8.847864343585453 66.05191233202326 183.11732826194313 16000.0 16600.0 2016.0 2 41 {-999.0 15.639174 14.225103 13.396384 -999.0} sdss_psfmag_from_g3xp 15.054374 14.0163555 12.994723 10.921 63050395675011757 1068922934 bright_18x1 mwm_bin_rv_short_mdwarf_apogee_18epoch mwm_bin science 0 0 0.0 0.0 -999 ""
FIBERMAP 65 R+5C14 BOSS 0 0 0 1 0 0 52.45741895156897 117.34392253364916 143.1 103.5905909997387 76.11080493606676 156.75902 48.93923 -999.0 -999.0 -999.0 -999.0 -999.0 290.3639852765107 8.789176022974821 290.3444699057636 8.847645852809421 66.05185156493258 183.1089171561096 -999.0 5400.0 -999.0 1 159 {-999.0 -999.0 -999.0 -999.0 -999.0} "" -999.0 -999.0 -999.0 -999.0 -999 -999 "" "" "" "" 0 0 0.0 0.0 -999 ""
FIBERMAP 65 R+5C14 METROLOGY 0 0 0 1 0 0 52.40878439207569 116.61244796848828 143.1 103.18688473237515 75.49882246238046 156.75902 48.93923 -999.0 -999.0 -999.0 -999.0 -999.0 290.3621171627218 8.78642405568784 290.3426074583778 8.84486407849491 66.04898776544375 183.11312931688627 -999.0 6231.0 -999.0 -1 -999 {-999.0 -999.0 -999.0 -999.0 -999.0} "" -999.0 -999.0 -999.0 -999.0 -999 -999 "" "" "" "" 0 0 0.0 0.0 -999 ""
FIBERMAP 71 R-4C9 APOGEE 1 1 0 1 0 0 -59.405861750336754 -82.52285909168683 143.1 -92.42726336142526 -42.4009055841667 289.98712 149.74034 289.46067126316797 8.252308097249463 1.0220436 -8.356442 0.5148524 289.4606743377445 8.252283219159283 289.4424848934438 8.308529662357405 65.4587667907277 185.19605829495146 16000.0 16600.0 2016.0 2 270 {-999.0 17.715454 15.217265 15.023049 -999.0} sdss_psfmag_ps1 16.203655 15.504675 14.201853 12.556 63050395675084932 916907493 bright_3x1 mwm_yso_disk_apogee mwm_yso science 0 0 0.0 0.0 -999 ""
FIBERMAP 71 R-4C9 BOSS 0 0 0 1 0 0 -59.545565186541054 -83.25759001864948 143.1 -92.91176241180939 -42.97072265662664 289.98712 149.74034 -999.0 -999.0 -999.0 -999.0 -999.0 289.4583947816215 8.249581457272454 289.44021943737243 8.305915729994496 65.45598802021136 185.20095439068507 -999.0 5400.0 -999.0 1 462 {-999.0 -999.0 -999.0 -999.0 -999.0} "" -999.0 -999.0 -999.0 -999.0 -999 -999 "" "" "" "" 0 0 0.0 0.0 -999 ""
FIBERMAP 71 R-4C9 METROLOGY 0 0 0 1 0 0 -60.10837604916316 -82.7693591930438 143.1 -93.1598899823538 -42.26812624336611 289.98712 149.74034 -999.0 -999.0 -999.0 -999.0 -999.0 289.4572681569398 8.25281128722458 289.4390825844727 8.309115878381686 65.45909196912064 185.20424828252715 -999.0 6231.0 -999.0 -1 -999 {-999.0 -999.0 -999.0 -999.0 -999.0} "" -999.0 -999.0 -999.0 -999.0 -999 -999 "" "" "" "" 0 0 0.0 0.0 -999 ""
FIBERMAP 78 R-5C11 APOGEE 1 1 0 1 0 0 -25.758050588579156 -107.69171002750707 143.1 -75.60653306580103 -80.91032264111323 250.38959 78.11991 289.5378112792969 8.076949656675836 -999.0 -999.0 -999.0 289.5378112792969 8.076949656675836 289.5200655295717 8.133415326700403 65.28993602093254 184.98064348414854 16000.0 16600.0 2015.5 2 160 {-999.0 -999.0 -999.0 -999.0 -999.0} "" -999.0 -999.0 -999.0 -999.0 27021603150991830 848255772 "" ops_sky_apogee_best ops_sky sky_apogee 0 0 0.0 0.0 -999 ""
FIBERMAP 78 R-5C11 BOSS 0 0 0 1 0 0 -26.389324588078075 -107.31174135124616 143.1 -75.9676808306206 -80.2680321222549 250.38959 78.11991 -999.0 -999.0 -999.0 -999.0 -999.0 289.53611126526704 8.079742351583205 289.51836538315655 8.136297105395078 65.2926857760572 184.98516734622532 -999.0 5400.0 -999.0 1 366 {-999.0 -999.0 -999.0 -999.0 -999.0} "" -999.0 -999.0 -999.0 -999.0 -999 -999 "" "" "" "" 0 0 0.0 0.0 -999 ""
FIBERMAP 78 R-5C11 METROLOGY 0 0 0 1 0 0 -25.740638658691644 -106.94726873520408 143.1 -75.22356787156093 -80.27163869483587 250.38959 78.11991 -999.0 -999.0 -999.0 -999.0 -999.0 289.5395368832389 8.079750236805724 289.52178904062356 8.136286866883333 65.29292553239264 184.97707913412236 -999.0 6231.0 -999.0 -1 -999 {-999.0 -999.0 -999.0 -999.0 -999.0} "" -999.0 -999.0 -999.0 -999.0 -999 -999 "" "" "" "" 0 0 0.0 0.0 -999 ""
FIBERMAP 86 R-12C11 APOGEE 0 0 0 1 0 0 70.72604177642842 -212.19692742421043 143.1 -43.34984235435848 -219.4493903371262 141.17448 42.001812 -999.0 -999.0 -999.0 -999.0 -999.0 289.68555587434525 7.449973461366387 289.6693891386318 7.506907979999517 64.67538383569968 184.52747213972128 -999.0 16600.0 -999.0 2 -999 {-999.0 -999.0 -999.0 -999.0 -999.0} "" -999.0 -999.0 -999.0 -999.0 -999 -999 "" "" "" "" 0 0 0.0 0.0 -999 ""
FIBERMAP 86 R-12C11 BOSS 1 1 0 1 0 0 71.47324114155124 -212.16531088047185 143.1 -42.68453549727441 -219.79108832910833 141.17448 42.001812 289.6883155355891 7.448316216191535 -3.342909 -7.600414 -0.5183719 289.6885821048805 7.448293588885496 289.6724261961984 7.505332306012176 64.67401311491486 184.52020254284022 5400.0 5400.0 2016.0 1 407 {-999.0 15.893018 14.357571 13.525958 -999.0} sdss_psfmag_ps1 15.148 14.3145275 12.731248 10.327 63050395674509004 1093383900 bright_3x1 mwm_astar_core_boss mwm_ob science 0 0 0.9873801469802856 0.0 -999 ""
FIBERMAP 86 R-12C11 METROLOGY 0 0 0 1 0 0 71.13468762305891 -212.8211633992579 143.1 -43.302959945203234 -220.19407003785278 141.17448 42.001812 -999.0 -999.0 -999.0 -999.0 -999.0 289.68575933037573 7.446531894435375 289.6696059166105 7.503536624960368 64.67203443060133 184.52644326050975 -999.0 6231.0 -999.0 -1 -999 {-999.0 -999.0 -999.0 -999.0 -999.0} "" -999.0 -999.0 -999.0 -999.0 -999 -999 "" "" "" "" 0 0 0.0 0.0 -999 ""
FIBERMAP 97 R-4C15 APOGEE 1 1 0 1 0 0 88.0801566638204 -70.806371240346 143.1 41.59999292375327 -105.0857758154433 96.18443 16.354418 290.07614618221805 7.96575251401334 14.603357 -6.902104 1.7728182 290.0761900816723 7.965731965653976 290.05873242529725 8.023541099894748 65.2145349777607 183.69240962157792 16000.0 16600.0 2016.0 2 191 {-999.0 13.7537985 12.542879 11.969737 -999.0} sdss_psfmag_from_g3xp 13.296433 12.471578 11.577762 9.733 63050395674587669 1150049354 bright_12x1 mwm_bin_rv_short_subgiant_apogee_12epoch mwm_bin science 0 0 0.0 0.0 -999 ""
FIBERMAP 97 R-4C15 BOSS 0 0 0 1 0 0 88.37145288551729 -71.48567728546864 143.1 41.51763064389821 -105.82035659655904 96.18443 16.354418 -999.0 -999.0 -999.0 -999.0 -999.0 290.07581236893384 7.962253716749504 290.05836903328463 8.020156670797398 65.21113593828068 183.69282494957298 -999.0 5400.0 -999.0 1 314 {-999.0 -999.0 -999.0 -999.0 -999.0} "" -999.0 -999.0 -999.0 -999.0 -999 -999 "" "" "" "" 0 0 0.0 0.0 -999 ""
FIBERMAP 97 R-4C15 METROLOGY 0 0 0 1 0 0 87.62862591988748 -71.40239813501509 143.1 40.91289508941531 -105.38091789274087 96.18443 16.354418 -999.0 -999.0 -999.0 -999.0 -999.0 290.07303998089697 7.964291146491593 290.055590013194 8.022160244663484 65.21298586008784 183.69964025039707 -999.0 6231.0 -999.0 -1 -999 {-999.0 -999.0 -999.0 -999.0 -999.0} "" -999.0 -999.0 -999.0 -999.0 -999 -999 "" "" "" "" 0 0 0.0 0.0 -999 ""
FIBERMAP 103 R-8C3 APOGEE 1 1 0 1 0 0 -170.2093136022359 -173.18207837908932 143.1 -233.5645593251887 -66.48097122150483 315.1479 10.075568 288.81686043554987 8.144556576067885 -1.8555467 -5.5053086 0.09432841 288.81685485508837 8.144540186130952 288.79892813796357 8.19921458226517 65.29380863921332 186.6956426734516 16000.0 16600.0 2016.0 2 267 {-999.0 21.275433 17.92427 16.172215 -999.0} sdss_psfmag_ps1 19.239916 16.684334 15.249785 10.904 63050395675061035 1154163445 bright_1x1 mwm_galactic_core_dist_apogee_sparse mwm_galactic science 0 0 0.0 0.0 -999 ""
FIBERMAP 103 R-8C3 BOSS 0 0 0 1 0 0 -170.8284925902779 -172.77926075615557 143.1 -233.90390097391688 -65.82478978379396 315.1479 10.075568 -999.0 -999.0 -999.0 -999.0 -999.0 288.81527399287694 8.147413248784469 288.79734933959554 8.202176770862886 65.29660141653443 186.70006530512825 -999.0 5400.0 -999.0 1 476 {-999.0 -999.0 -999.0 -999.0 -999.0} "" -999.0 -999.0 -999.0 -999.0 -999 -999 "" "" "" "" 0 0 0.0 0.0 -999 ""
FIBERMAP 103 R-8C3 METROLOGY 0 0 0 1 0 0 -170.16403295041084 -172.42820315882824 143.1 -233.1527011808594 -65.84785436318259 315.1479 10.075568 -999.0 -999.0 -999.0 -999.0 -999.0 288.8186791433313 8.147326344630109 288.80075207759927 8.202071802899665 65.29683059859371 186.6920212525263 -999.0 6231.0 -999.0 -1 -999 {-999.0 -999.0 -999.0 -999.0 -999.0} "" -999.0 -999.0 -999.0 -999.0 -999 -999 "" "" "" "" 0 0 0.0 0.0 -999 ""
FIBERMAP 107 R-3C24 APOGEE 1 1 0 1 0 0 248.65461320349826 -64.70514534693027 143.1 184.2330857759915 -179.12002951071545 197.45628 135.12733 290.7254252306398 7.630866415721336 -3.2229583 -7.1641507 0.07050497 290.7254155497905 7.630845087220673 290.7088069349646 7.6903028842166 64.90936038863731 182.1323922050891 16000.0 16600.0 2016.0 2 222 {-999.0 15.775687 14.016889 13.24162 -999.0} sdss_psfmag_from_g3xp 14.951032 13.859208 12.771071 10.223 63050395662927443 1152354600 bright_1x1 mwm_galactic_core_dist_apogee_sparse mwm_galactic science 0 0 0.0 0.0 -999 ""
FIBERMAP 107 R-3C24 BOSS 0 0 0 1 0 0 247.99555575745126 -64.36146634759665 143.1 183.82984988345765 -178.49556494634294 197.45628 135.12733 -999.0 -999.0 -999.0 -999.0 -999.0 290.72363029612023 7.633538933470118 290.7070179280594 7.6930874989138305 64.91208758246812 182.13677858779087 -999.0 5400.0 -999.0 1 253 {-999.0 -999.0 -999.0 -999.0 -999.0} "" -999.0 -999.0 -999.0 -999.0 -999 -999 "" "" "" "" 0 0 0.0 0.0 -999 ""
FIBERMAP 107 R-3C24 METROLOGY 0 0 0 1 0 0 248.6303246380422 -63.95888410898142 143.1 184.580691874831 -178.45915907579615 197.45628 135.12733 -999.0 -999.0 -999.0 -999.0 -999.0 290.72703227465695 7.633742558884338 290.71041857530906 7.69327232914252 64.91237874128082 182.12884822690265 -999.0 6231.0 -999.0 -1 -999 {-999.0 -999.0 -999.0 -999.0 -999.0} "" -999.0 -999.0 -999.0 -999.0 -999 -999 "" "" "" "" 0 0 0.0 0.0 -999 ""
FIBERMAP 110 R-1C13 APOGEE 1 1 0 1 0 0 -19.561634993459787 -17.04087004250991 143.1 -25.42855052468281 -5.151601557240804 112.77516 156.71759 289.7690951851911 8.421280704525813 -2.9325097 -5.3912735 0.15359968 289.76908635961564 8.421264654084514 289.7504770071341 8.478242816738344 65.64991248947462 184.49110909451588 16000.0 16600.0 2016.0 2 162 {-999.0 17.768871 15.277208 14.290872 -999.0} sdss_psfmag_ps1 16.502594 14.817223 13.589733 10.354 63050395674937341 1154163097 bright_1x1 mwm_galactic_core_dist_apogee_sparse mwm_galactic science 0 0 0.0 0.0 -999 ""
FIBERMAP 110 R-1C13 BOSS 0 0 0 1 0 0 -19.56234922767247 -16.301622661802742 143.1 -25.063912210486937 -4.508477615916687 112.77516 156.71759 -999.0 -999.0 -999.0 -999.0 -999.0 289.77075089919225 8.424096099808642 289.7521406285618 8.481170125762826 65.65294281250479 184.48759925890587 -999.0 5400.0 -999.0 1 346 {-999.0 -999.0 -999.0 -999.0 -999.0} "" -999.0 -999.0 -999.0 -999.0 -999 -999 "" "" "" "" 0 0 0.0 0.0 -999 ""
FIBERMAP 110 R-1C13 METROLOGY 0 0 0 1 0 0 -18.912547739356327 -16.658336542418063 143.1 -24.675164801716825 -5.139702595491139 112.77516 156.71759 -999.0 -999.0 -999.0 -999.0 -999.0 289.7725393774155 8.421242805944141 289.75393457449314 8.47829557485357 65.65019258914677 184.48284156414846 -999.0 6231.0 -999.0 -1 -999 {-999.0 -999.0 -999.0 -999.0 -999.0} "" -999.0 -999.0 -999.0 -999.0 -999 -999 "" "" "" "" 0 0 0.0 0.0 -999 ""
FIBERMAP 114 R-12C15 APOGEE 1 1 0 1 0 0 149.54944311868687 -245.24281370666924 143.1 8.85877175724068 -287.1289294187306 250.2271 108.25931 289.92333047471726 7.147276184903567 -3.9453893 -6.5311284 0.4638856 289.92331863685536 7.147256740983071 289.90791204962886 7.204827573288185 64.3886897121991 183.93447195607393 16000.0 16600.0 2016.0 2 236 {-999.0 18.968502 17.009867 16.231056 -999.0} sdss_psfmag_ps1 17.875666 16.91019 15.390835 12.669 63050395662619491 917015998 bright_3x1 mwm_yso_variable_apogee mwm_yso science 0 0 0.0 0.0 -999 ""
FIBERMAP 114 R-12C15 BOSS 0 0 0 1 0 0 148.806360913286 -245.21138922639452 143.1 8.228193076826145 -286.7344519180013 250.2271 108.25931 -999.0 -999.0 -999.0 -999.0 -999.0 289.9204471166879 7.148927349551867 289.9050421336402 7.206588579406863 64.39028200666534 183.94128478025323 -999.0 5400.0 -999.0 1 258 {-999.0 -999.0 -999.0 -999.0 -999.0} "" -999.0 -999.0 -999.0 -999.0 -999 -999 "" "" "" "" 0 0 0.0 0.0 -999 ""
FIBERMAP 114 R-12C15 METROLOGY 0 0 0 1 0 0 149.20967367222417 -244.57545411406466 143.1 8.89308416991316 -286.38078556731557 250.2271 108.25931 -999.0 -999.0 -999.0 -999.0 -999.0 289.9234806260606 7.1505167786258585 289.90807003338733 7.208157493962798 64.39202311638577 183.93455782474402 -999.0 6231.0 -999.0 -1 -999 {-999.0 -999.0 -999.0 -999.0 -999.0} "" -999.0 -999.0 -999.0 -999.0 -999 -999 "" "" "" "" 0 0 0.0 0.0 -999 ""
FIBERMAP 115 R-11C13 APOGEE 1 1 0 1 0 0 115.46323669095946 -222.76798876330176 143.1 -9.674248579345177 -250.74534191281816 359.41565 82.22586 289.8392486010906 7.309360270984956 -1.8589854 -6.382821 -0.01804443 289.83924302133454 7.309341268592534 289.82343009535646 7.366677837179274 64.54524256672144 184.15098315734974 16000.0 16600.0 2016.0 2 166 {-999.0 21.0965 18.087645 15.41745 -999.0} sdss_psfmag_ps1 19.367002 15.888464 14.381486 9.997 63050395662628678 1154144880 bright_1x1 mwm_galactic_core_dist_apogee_sparse mwm_galactic science 0 0 0.0 0.0 -999 ""
FIBERMAP 115 R-11C13 BOSS 0 0 0 1 0 0 115.36183473615172 -223.50058466390496 143.1 -10.12438981928663 -251.33222721019646 359.41565 82.22586 -999.0 -999.0 -999.0 -999.0 -999.0 289.83717667804643 7.306609381750753 289.8213765448114 7.364038395709765 64.54248305147061 184.15533524050548 -999.0 5400.0 -999.0 1 395 {-999.0 -999.0 -999.0 -999.0 -999.0} "" -999.0 -999.0 -999.0 -999.0 -999 -999 "" "" "" "" 0 0 0.0 0.0 -999 ""
FIBERMAP 115 R-11C13 METROLOGY 0 0 0 1 0 0 114.77174720106096 -223.04778599753533 143.1 -10.41374118435709 -250.64696154023187 359.41565 82.22586 -999.0 -999.0 -999.0 -999.0 -999.0 289.835863653206 7.309705133685798 289.82005404734974 7.367102875803422 64.54546112297228 184.1588191751912 -999.0 6231.0 -999.0 -1 -999 {-999.0 -999.0 -999.0 -999.0 -999.0} "" -999.0 -999.0 -999.0 -999.0 -999 -999 "" "" "" "" 0 0 0.0 0.0 -999 ""
FIBERMAP 117 R-1C9 APOGEE 1 1 0 1 0 0 -95.3003527763333 -0.20438573823512138 143.1 -82.96405554062899 46.90983193045162 126.23131 53.43668 289.50478618571566 8.65879318893909 -3.7604718 -10.336631 1.3352357 289.5047748612884 8.658762415600254 289.4855593081213 8.715050450989269 65.8673586084925 185.16875133093032 16000.0 16600.0 2016.0 2 244 {-999.0 10.279738 10.256762 10.306791 -999.0} sdss_psfmag_from_g3xp 10.3256855 10.202079 9.974957 9.701 63050395675280092 975060404 "" ops_std_apogee ops_std standard_apogee 0 0 0.0 0.0 -999 ""
FIBERMAP 117 R-1C9 BOSS 0 0 0 1 0 0 -94.55811984174342 -0.1873581149524739 143.1 -82.31027529473178 46.55790285661044 126.23131 53.43668 -999.0 -999.0 -999.0 -999.0 -999.0 289.5077289125947 8.65709058482106 289.48852501875854 8.713477407342648 65.86601469504546 185.16130770439835 -999.0 5400.0 -999.0 1 481 {-999.0 -999.0 -999.0 -999.0 -999.0} "" -999.0 -999.0 -999.0 -999.0 -999 -999 "" "" "" "" 0 0 0.0 0.0 -999 ""
FIBERMAP 117 R-1C9 METROLOGY 0 0 0 1 0 0 -94.91148960571645 -0.8463322498870589 143.1 -82.9431247555199 46.15952757275246 126.23131 53.43668 -999.0 -999.0 -999.0 -999.0 -999.0 289.5048241097984 8.655301407651566 289.48562266608445 8.71165550880649 65.8639784545915 185.1679621417907 -999.0 6231.0 -999.0 -1 -999 {-999.0 -999.0 -999.0 -999.0 -999.0} "" -999.0 -999.0 -999.0 -999.0 -999 -999 "" "" "" "" 0 0 0.0 0.0 -999 ""
FIBERMAP 119 R0C6 APOGEE 0 0 0 1 0 0 -171.6955543086516 18.117359862033805 143.1 -140.33650713819532 100.58705709913437 116.732895 56.219585 -999.0 -999.0 -999.0 -999.0 -999.0 289.24207970240917 8.902502064372637 289.22224043696286 8.958102195058919 66.0883329789822 185.85457139738125 -999.0 16600.0 -999.0 2 -999 {-999.0 -999.0 -999.0 -999.0 -999.0} "" -999.0 -999.0 -999.0 -999.0 -999 -999 "" "" "" "" 0 0 0.0 0.0 -999 ""
FIBERMAP 119 R0C6 BOSS 1 1 0 1 0 0 -170.96696170180851 18.061464842433427 143.1 -139.7306178753966 100.17846187117124 116.732895 56.219585 289.24480151108304 8.900640849130212 -2.3148746 -14.64835 1.3251541 289.244794535436 8.900597239308347 289.22496785623895 8.956294656706037 66.08676605298876 185.84756301471094 5400.0 5400.0 2016.0 1 494 {-999.0 17.13965 16.05979 15.634201 -999.0} sdss_psfmag_ps1 16.676582 16.0248 15.224821 13.628 63050395675371048 1095131316 bright_1x1 mwm_bin_vis_boss mwm_filler science 0 0 0.0 0.0 -999 ""
FIBERMAP 119 R0C6 METROLOGY 0 0 0 1 0 0 -171.39234202910316 17.435652964575056 143.1 -140.40969473126148 99.84450111256935 116.732895 56.219585 -999.0 -999.0 -999.0 -999.0 -999.0 289.2416888832461 8.899096317527656 289.22186394998187 8.954760717031515 66.08497182919753 185.85476959436383 -999.0 6231.0 -999.0 -1 -999 {-999.0 -999.0 -999.0 -999.0 -999.0} "" -999.0 -999.0 -999.0 -999.0 -999 -999 "" "" "" "" 0 0 0.0 0.0 -999 ""
FIBERMAP 120 R-7C13 APOGEE 1 1 0 1 0 0 52.5792305805114 -153.32207452891808 143.1 -30.038540566859364 -159.29179782497633 292.52612 79.82695 289.74662801827463 7.721006871787127 14.215408 -60.644535 6.714596 289.746670726353 7.7208263260300045 289.7298223872397 7.777866007006786 64.94971463871681 184.42921864034525 16000.0 16600.0 2016.0 2 163 {-999.0 15.454532 14.057177 13.35902 -999.0} sdss_psfmag_from_g3xp 14.885887 13.94354 12.980557 11.072 63050395674535293 1068915835 bright_18x1 mwm_bin_rv_short_mdwarf_apogee_18epoch mwm_bin science 0 0 0.0 0.0 -999 ""
FIBERMAP 120 R-7C13 BOSS 0 0 0 1 0 0 51.84588153934905 -153.47929920221787 143.1 -30.75386715464702 -159.0661587201298 292.52612 79.82695 -999.0 -999.0 -999.0 -999.0 -999.0 289.74337257463776 7.721705256391292 289.7265299812581 7.778831801957109 64.9504643633193 184.4370559313419 -999.0 5400.0 -999.0 1 354 {-999.0 -999.0 -999.0 -999.0 -999.0} "" -999.0 -999.0 -999.0 -999.0 -999 -999 "" "" "" "" 0 0 0.0 0.0 -999 ""
FIBERMAP 120 R-7C13 METROLOGY 0 0 0 1 0 0 52.06489117452907 -152.7777007517111 143.1 -30.21678248446226 -158.56433502485925 292.52612 79.82695 -999.0 -999.0 -999.0 -999.0 -999.0 289.7458421033017 7.724004774414134 289.7289919587073 7.78111000884238 64.95289772409791 184.43165994435043 -999.0 6231.0 -999.0 -1 -999 {-999.0 -999.0 -999.0 -999.0 -999.0} "" -999.0 -999.0 -999.0 -999.0 -999 -999 "" "" "" "" 0 0 0.0 0.0 -999 ""
FIBERMAP 124 R-6C12 APOGEE 0 0 0 1 0 0 14.664302085719715 -136.43603288567164 143.1 -54.66200784391505 -125.87586584926997 312.55646 37.468548 -999.0 -999.0 -999.0 -999.0 -999.0 289.63384916525115 7.872505405833174 289.6166196614481 7.929241758802767 65.0931527330074 184.7184358832625 -999.0 16600.0 -999.0 2 -999 {-999.0 -999.0 -999.0 -999.0 -999.0} "" -999.0 -999.0 -999.0 -999.0 -999 -999 "" "" "" "" 0 0 0.0 0.0 -999 ""
FIBERMAP 124 R-6C12 BOSS 1 1 0 1 0 0 13.935301216572814 -136.31119294611565 143.1 -55.23418666393322 -125.40712171751193 312.55646 37.468548 289.6311950683594 7.87449325575453 -999.0 -999.0 -999.0 289.6311950683594 7.87449325575453 289.6139672991933 7.931317355723777 65.09503965788019 184.72500323484698 5400.0 5400.0 2015.5 1 378 {-999.0 -999.0 -999.0 -999.0 -999.0} "" -999.0 -999.0 -999.0 -999.0 27021603150991492 852977124 "" ops_sky_boss_fallback ops_sky sky_boss 0 0 0.0 0.0 -999 ""
FIBERMAP 124 R-6C12 METROLOGY 0 0 0 1 0 0 14.401612612687096 -135.73770902006942 143.1 -54.54537553921342 -125.1388836768517 312.55646 37.468548 -999.0 -999.0 -999.0 -999.0 -999.0 289.63436270290964 7.875735766157611 289.61712986717 7.932540644055064 65.09647885320628 184.71778589998985 -999.0 6231.0 -999.0 -1 -999 {-999.0 -999.0 -999.0 -999.0 -999.0} "" -999.0 -999.0 -999.0 -999.0 -999 -999 "" "" "" "" 0 0 0.0 0.0 -999 ""
FIBERMAP 126 R-7C19 APOGEE 0 0 0 1 0 0 201.3934901584799 -131.7860050673106 143.1 109.99543137861468 -214.09488131102754 10.8047695 126.97977 -999.0 -999.0 -999.0 -999.0 -999.0 290.38630322732604 7.473088331768349 290.37008437063815 7.5317415035840245 64.73838437958456 182.9071720894241 -999.0 16600.0 -999.0 2 -999 {-999.0 -999.0 -999.0 -999.0 -999.0} "" -999.0 -999.0 -999.0 -999.0 -999 -999 "" "" "" "" 0 0 0.0 0.0 -999 ""
FIBERMAP 126 R-7C19 BOSS 1 1 0 1 0 0 201.95818677774025 -132.26650515416057 143.1 110.24901833172939 -214.79168763981804 10.8047695 126.97977 290.3874466496453 7.469856917011716 -2.577743 -4.253468 -0.0039736344 290.38743890972233 7.469844253948155 290.3712324265915 7.528597081701518 64.73529179941532 182.90419107128966 5400.0 5400.0 2016.0 1 320 {-999.0 15.998258 15.325294 15.002501 -999.0} sdss_psfmag_ps1 15.751816 15.313166 14.493786 13.313 63050395662658102 1093382625 bright_3x1 mwm_astar_core_boss mwm_ob science 0 0 0.0 0.0 -999 ""
FIBERMAP 126 R-7C19 METROLOGY 0 0 0 1 0 0 201.24746143537564 -132.5176727463428 143.1 109.50694606948261 -214.65890960794582 10.8047695 126.97977 -999.0 -999.0 -999.0 -999.0 -999.0 290.3840617381818 7.470467306374475 290.36785241388185 7.529184444548454 64.73573442317432 182.91209405090567 -999.0 6231.0 -999.0 -1 -999 {-999.0 -999.0 -999.0 -999.0 -999.0} "" -999.0 -999.0 -999.0 -999.0 -999 -999 "" "" "" "" 0 0 0.0 0.0 -999 ""
FIBERMAP 129 R-6C21 APOGEE 1 1 0 1 0 0 244.08082047231738 -108.88833425563277 143.1 158.42545456181705 -215.27714622788665 89.31579 29.130026 290.6064583143547 7.468334745627396 -2.5810168 -7.271381 0.073199004 290.6064505646292 7.468313097890176 290.59024607679925 7.527506864126707 64.74271706396485 182.39568218246086 16000.0 16600.0 2016.0 2 194 {-999.0 16.743376 14.844422 13.89427 -999.0} sdss_psfmag_from_g3xp 15.846779 14.537851 13.426888 10.758 63050395662667390 1152354356 bright_1x1 mwm_galactic_core_dist_apogee_sparse mwm_galactic science 0 0 0.0 0.0 -999 ""
FIBERMAP 129 R-6C21 BOSS 0 0 0 1 0 0 244.46117916170823 -109.52402949882364 143.1 158.44207948103733 -216.01781311416417 89.31579 29.130026 -999.0 -999.0 -999.0 -999.0 -999.0 290.60648595518387 7.464897145162979 290.5902933852172 7.524187906172131 64.7394018576821 182.3952964210771 -999.0 5400.0 -999.0 1 333 {-999.0 -999.0 -999.0 -999.0 -999.0} "" -999.0 -999.0 -999.0 -999.0 -999 -999 "" "" "" "" 0 0 0.0 0.0 -999 ""
FIBERMAP 129 R-6C21 METROLOGY 0 0 0 1 0 0 243.71288087275673 -109.53427844076192 143.1 157.7863747677375 -215.65699315001407 89.31579 29.130026 -999.0 -999.0 -999.0 -999.0 -999.0 290.60353059031166 7.4665314013818325 290.58733293789356 7.52578733982281 64.74089609058917 182.40230301231506 -999.0 6231.0 -999.0 -1 -999 {-999.0 -999.0 -999.0 -999.0 -999.0} "" -999.0 -999.0 -999.0 -999.0 -999 -999 "" "" "" "" 0 0 0.0 0.0 -999 ""
FIBERMAP 130 R-9C15 APOGEE 0 0 0 1 0 0 135.26735240939635 -172.03657054501198 143.1 32.61150994396651 -216.4198251905576 7.3655405 122.50139 -999.0 -999.0 -999.0 -999.0 -999.0 290.0329178439912 7.462652594912845 290.01672182346937 7.520439669059071 64.70990711626511 183.72535327528152 -999.0 16600.0 -999.0 2 -999 {-999.0 -999.0 -999.0 -999.0 -999.0} "" -999.0 -999.0 -999.0 -999.0 -999 -999 "" "" "" "" 0 0 0.0 0.0 -999 ""
FIBERMAP 130 R-9C15 BOSS 1 1 0 1 0 0 135.74827255639872 -172.58841890366256 143.1 32.757000859441106 -217.1372747636308 7.3655405 122.50139 290.0335693359375 7.4592936360043325 -999.0 -999.0 -999.0 290.03356933593756 7.4592936360043325 290.01738717535113 7.517179267138403 64.70668800454095 183.72339135285588 5400.0 5400.0 2015.5 1 265 {-999.0 -999.0 -999.0 -999.0 -999.0} "" -999.0 -999.0 -999.0 -999.0 27021603150812248 852958768 "" ops_sky_boss_fallback ops_sky sky_boss 0 0 0.0 0.0 -999 ""
FIBERMAP 130 R-9C15 METROLOGY 0 0 0 1 0 0 135.0252480902649 -172.74229533497595 143.1 32.05230577971048 -216.9138257165098 7.3655405 122.50139 -999.0 -999.0 -999.0 -999.0 -999.0 290.030352196966 7.460336354806995 290.0141658103156 7.518186582879403 64.70751770515304 183.73098483528545 -999.0 6231.0 -999.0 -1 -999 {-999.0 -999.0 -999.0 -999.0 -999.0} "" -999.0 -999.0 -999.0 -999.0 -999 -999 "" "" "" "" 0 0 0.0 0.0 -999 ""
FIBERMAP 136 R-10C12 APOGEE 0 0 0 1 0 0 59.4445506689593 -212.78945590169138 143.1 -53.45179541560476 -214.39044808403003 299.32388 54.349022 -999.0 -999.0 -999.0 -999.0 -999.0 289.6393827444685 7.472872503001947 289.62315819883634 7.5296894408721755 64.69500688508724 184.6380262497057 -999.0 16600.0 -999.0 2 -999 {-999.0 -999.0 -999.0 -999.0 -999.0} "" -999.0 -999.0 -999.0 -999.0 -999 -999 "" "" "" "" 0 0 0.0 0.0 -999 ""
FIBERMAP 136 R-10C12 BOSS 1 1 0 1 0 0 58.73419318208575 -212.72471402891276 143.1 -54.03745815727478 -213.98317047560718 299.32388 54.349022 289.6366882324218 7.474577152988601 -999.0 -999.0 -999.0 289.6366882324218 7.474577152988603 289.62046615254116 7.5314835187805595 64.69661355584162 184.64454376510105 5400.0 5400.0 2015.5 1 369 {-999.0 -999.0 -999.0 -999.0 -999.0} "" -999.0 -999.0 -999.0 -999.0 27021603150989919 852976808 "" ops_sky_boss_fallback ops_sky sky_boss 0 0 0.0 0.0 -999 ""
FIBERMAP 136 R-10C12 METROLOGY 0 0 0 1 0 0 59.140770299452996 -212.10800196515981 143.1 -53.379226760293236 -213.64783135433115 299.32388 54.349022 -999.0 -999.0 -999.0 -999.0 -999.0 289.6396995735594 7.476105033333985 289.62347169628094 7.532991250190257 64.69832223523605 184.63783063230122 -999.0 6231.0 -999.0 -1 -999 {-999.0 -999.0 -999.0 -999.0 -999.0} "" -999.0 -999.0 -999.0 -999.0 -999 -999 "" "" "" "" 0 0 0.0 0.0 -999 ""
FIBERMAP 138 R-2C24 APOGEE 0 0 0 1 0 0 245.29008198124595 -56.776593305162564 143.1 185.22511421057243 -170.56380022203288 301.12537 77.65744 -999.0 -999.0 -999.0 -999.0 -999.0 290.73036592402207 7.669322555409705 290.713661285922 7.728786001010728 64.94797597901294 182.12390711026606 -999.0 16600.0 -999.0 2 -999 {-999.0 -999.0 -999.0 -999.0 -999.0} "" -999.0 -999.0 -999.0 -999.0 -999 -999 "" "" "" "" 0 0 0.0 0.0 -999 ""
FIBERMAP 138 R-2C24 BOSS 1 1 0 1 0 0 244.59325637674172 -57.02483281694634 143.1 184.49657443817574 -170.43534405023814 301.12537 77.65744 290.72708129882807 7.669783327332766 -999.0 -999.0 -999.0 290.72708129882807 7.669783327332767 290.71037857589465 7.72933408978941 64.94842130632384 182.13162634759334 5400.0 5400.0 2015.5 1 260 {-999.0 -999.0 -999.0 -999.0 -999.0} "" -999.0 -999.0 -999.0 -999.0 27021603150813467 852959173 "" ops_sky_boss_fallback ops_sky sky_boss 0 0 0.0 0.0 -999 ""
FIBERMAP 138 R-2C24 METROLOGY 0 0 0 1 0 0 244.71955227235867 -56.29580454511424 143.1 184.96659805431767 -169.86386078614026 301.12537 77.65744 -999.0 -999.0 -999.0 -999.0 -999.0 290.72923944906233 7.672389377379619 290.7125293123831 7.731917932095062 64.95107105843132 182.12678771327515 -999.0 6231.0 -999.0 -1 -999 {-999.0 -999.0 -999.0 -999.0 -999.0} "" -999.0 -999.0 -999.0 -999.0 -999 -999 "" "" "" "" 0 0 0.0 0.0 -999 ""
FIBERMAP 140 R-4C12 APOGEE 0 0 0 1 0 0 -11.71636410766738 -61.10012557978559 143.1 -40.37664746305213 -47.337171360767556 177.3137 52.03673 -999.0 -999.0 -999.0 -999.0 -999.0 289.69990834153407 8.229283062772376 289.68178140010497 8.286122727969843 65.45364112373352 184.62359416885695 -999.0 16600.0 -999.0 2 -999 {-999.0 -999.0 -999.0 -999.0 -999.0} "" -999.0 -999.0 -999.0 -999.0 -999 -999 "" "" "" "" 0 0 0.0 0.0 -999 ""
FIBERMAP 140 R-4C12 BOSS 1 1 0 1 0 0 -11.256181861135325 -60.526195103619266 143.1 -39.692944957388406 -47.06551665789009 177.3137 52.03673 289.703030528668 8.230403570246898 -1.1195006 -3.280896 0.15622997 289.70302716110143 8.230393802642343 289.6849039623069 8.287334041444469 65.45506108306878 184.61637317366532 5400.0 5400.0 2016.0 1 365 {-999.0 17.383097 16.137712 15.454132 -999.0} sdss_psfmag_ps1 16.931808 15.981463 15.013826 13.189 63050395674693063 1093383998 bright_3x1 mwm_astar_core_boss mwm_ob science 0 0 0.0 0.0 -999 ""
FIBERMAP 140 R-4C12 METROLOGY 0 0 0 1 0 0 -10.97990090695161 -61.219640995123086 143.1 -39.795349364442096 -47.80497296135776 177.3137 52.03673 -999.0 -999.0 -999.0 -999.0 -999.0 289.7025562705394 8.227059341045946 289.68443960482944 8.283972603989806 65.45167609380402 184.61692309121543 -999.0 6231.0 -999.0 -1 -999 {-999.0 -999.0 -999.0 -999.0 -999.0} "" -999.0 -999.0 -999.0 -999.0 -999 -999 "" "" "" "" 0 0 0.0 0.0 -999 ""
FIBERMAP 142 R0C2 APOGEE 1 1 0 1 0 0 -249.47340059731596 -7.805004170956982 143.1 -220.77200715536395 116.47746120437174 36.55884 45.841118 288.87565375676195 8.973022278780132 -0.84591675 -5.4641495 0.7122224 288.8756512071684 8.973006011378763 288.85562310901145 9.02768949453944 66.12374605629383 186.76073038946637 16000.0 16600.0 2016.0 2 295 {-999.0 15.707569 14.027937 13.247938 -999.0} sdss_psfmag_from_g3xp 14.953872 13.8409815 12.799986 10.029 63050395676541649 1150114456 bright_12x1 mwm_bin_rv_short_subgiant_apogee_12epoch mwm_bin science 0 0 0.0 0.0 -999 ""
FIBERMAP 142 R0C2 BOSS 0 0 0 1 0 0 -249.62504057990975 -8.531410203102185 143.1 -221.26277166019733 115.9207803790927 36.55884 45.841118 -999.0 -999.0 -999.0 -999.0 -999.0 288.87338273085896 8.970400456605706 288.85337049527743 9.025168725506239 66.12101492932102 186.7655741500557 -999.0 5400.0 -999.0 1 423 {-999.0 -999.0 -999.0 -999.0 -999.0} "" -999.0 -999.0 -999.0 -999.0 -999 -999 "" "" "" "" 0 0 0.0 0.0 -999 ""
FIBERMAP 142 R0C2 METROLOGY 0 0 0 1 0 0 -250.18217184560993 -8.034498774607684 143.1 -221.50167180315185 116.62811825568879 36.55884 45.841118 -999.0 -999.0 -999.0 -999.0 -999.0 288.8723251964573 8.973609824709174 288.85230217334106 9.028349443979037 66.12407374237259 186.76895593799088 -999.0 6231.0 -999.0 -1 -999 {-999.0 -999.0 -999.0 -999.0 -999.0} "" -999.0 -999.0 -999.0 -999.0 -999 -999 "" "" "" "" 0 0 0.0 0.0 -999 ""
FIBERMAP 144 R-4C4 APOGEE 0 0 0 1 0 0 -162.70801213492282 -86.47861473359437 143.1 -184.20237028955307 5.200791289325706 13.590629 69.180756 -999.0 -999.0 -999.0 -999.0 -999.0 289.0405958856153 8.469253373694189 289.02185006318103 8.524427196497177 65.6386474423563 186.24191881680989 -999.0 16600.0 -999.0 2 -999 {-999.0 -999.0 -999.0 -999.0 -999.0} "" -999.0 -999.0 -999.0 -999.0 -999 -999 "" "" "" "" 0 0 0.0 0.0 -999 ""
FIBERMAP 144 R-4C4 BOSS 1 1 0 1 0 0 -162.79919688415148 -87.22670313210658 143.1 -184.65128251687602 4.595387077853843 13.590629 69.180756 289.0385016264936 8.46645204756123 -5.636367 -12.8970585 0.17444 289.03848466150254 8.466413651534587 289.0197546769739 8.52167485045065 65.63571524408091 186.2463038936915 5400.0 5400.0 2016.0 1 455 {-999.0 17.105549 15.891247 15.444654 -999.0} sdss_psfmag_ps1 16.483698 15.982447 14.910252 13.296 63050395675189454 1093383734 bright_3x1 mwm_astar_core_boss mwm_ob science 0 0 0.0 0.0 -999 ""
FIBERMAP 144 R-4C4 METROLOGY 0 0 0 1 0 0 -163.39357887665682 -86.77299581848271 143.1 -184.94391892702433 5.28356468618063 13.590629 69.180756 -999.0 -999.0 -999.0 -999.0 -999.0 289.0371646271577 8.469564887466781 289.01842415541904 8.524796186190194 65.63870142540769 186.25018003211022 -999.0 6231.0 -999.0 -1 -999 {-999.0 -999.0 -999.0 -999.0 -999.0} "" -999.0 -999.0 -999.0 -999.0 -999 -999 "" "" "" "" 0 0 0.0 0.0 -999 ""
FIBERMAP 146 R-8C5 APOGEE 1 1 0 1 0 0 -123.0008569796704 -155.8623483514782 143.1 -183.9594841408949 -74.74709268762093 163.27423 135.38617 289.0420532226562 8.10638485014806 -999.0 -999.0 -999.0 289.0420532226562 8.106384850148062 289.024225996754 8.161622298320108 65.27758921197542 186.15612251457435 16000.0 16600.0 2015.5 2 265 {-999.0 -999.0 -999.0 -999.0 -999.0} "" -999.0 -999.0 -999.0 -999.0 27021603150994883 849034556 "" ops_sky_apogee_good ops_sky sky_apogee 0 0 0.0 0.0 -999 ""
FIBERMAP 146 R-8C5 BOSS 0 0 0 1 0 0 -123.36762772246158 -155.20995343977248 143.1 -183.9560431812129 -73.99861929555654 163.27423 135.38617 -999.0 -999.0 -999.0 -999.0 -999.0 289.042004275885 8.10966551572273 289.0241773339139 8.164995952217511 65.28094445450047 186.1569719932043 -999.0 5400.0 -999.0 1 480 {-999.0 -999.0 -999.0 -999.0 -999.0} "" -999.0 -999.0 -999.0 -999.0 -999 -999 "" "" "" "" 0 0 0.0 0.0 -999 ""
FIBERMAP 146 R-8C5 METROLOGY 0 0 0 1 0 0 -122.61775240476231 -155.22112603874282 143.1 -183.30955155352672 -74.37884436143018 163.27423 135.38617 -999.0 -999.0 -999.0 -999.0 -999.0 289.04496352062114 8.107962544081674 289.0271384646852 8.163274039204953 65.2794965908802 186.14961695556508 -999.0 6231.0 -999.0 -1 -999 {-999.0 -999.0 -999.0 -999.0 -999.0} "" -999.0 -999.0 -999.0 -999.0 -999 -999 "" "" "" "" 0 0 0.0 0.0 -999 ""
FIBERMAP 147 R-3C3 APOGEE 1 1 0 1 0 0 -203.7669514195026 -42.92005220700559 143.1 -198.38074382311783 63.36175961394914 95.093636 76.872025 288.97644195907543 8.733107248111285 -8.602871 0.04409242 0.5036745 288.97641604692205 8.733107379378612 288.9569998102392 8.78807922245091 65.89509942211167 186.4578524258583 16000.0 16600.0 2016.0 2 278 {-999.0 16.05684 14.404734 13.595 -999.0} sdss_psfmag_from_g3xp 15.325921 14.190929 13.142669 10.678 63050395675231976 1150360895 bright_12x1 mwm_bin_rv_short_subgiant_apogee_12epoch mwm_bin science 0 0 0.0 0.0 -999 ""
FIBERMAP 147 R-3C3 BOSS 0 0 0 1 0 0 -203.02253398803612 -43.02144881840546 143.1 -197.7835771373626 62.90578204635389 95.093636 76.872025 -999.0 -999.0 -999.0 -999.0 -999.0 288.9790742932491 8.730970445267298 288.9596724391738 8.786040191415893 65.89332237816168 186.45093740022142 -999.0 5400.0 -999.0 1 442 {-999.0 -999.0 -999.0 -999.0 -999.0} "" -999.0 -999.0 -999.0 -999.0 -999 -999 "" "" "" "" 0 0 0.0 0.0 -999 ""
FIBERMAP 147 R-3C3 METROLOGY 0 0 0 1 0 0 -203.5067811856925 -43.62115535563008 143.1 -198.5009398240307 62.6236056186512 95.093636 76.872025 -999.0 -999.0 -999.0 -999.0 -999.0 288.97581688238927 8.729706054356711 288.95641566494277 8.78474217533994 65.89172245079462 186.4584772480256 -999.0 6231.0 -999.0 -1 -999 {-999.0 -999.0 -999.0 -999.0 -999.0} "" -999.0 -999.0 -999.0 -999.0 -999 -999 "" "" "" "" 0 0 0.0 0.0 -999 ""
FIBERMAP 148 R-10C10 APOGEE 0 0 0 1 0 0 41.94616936948239 -188.64813034542877 143.1 -56.73839239495539 -184.7538302609436 70.91855 50.090286 -999.0 -999.0 -999.0 -999.0 -999.0 289.62429488590146 7.606280945167844 289.607734947925 7.663038309678151 64.82698261302352 184.69537936783115 -999.0 16600.0 -999.0 2 -999 {-999.0 -999.0 -999.0 -999.0 -999.0} "" -999.0 -999.0 -999.0 -999.0 -999 -999 "" "" "" "" 0 0 0.0 0.0 -999 ""
FIBERMAP 148 R-10C10 BOSS 1 1 0 1 0 0 42.328245178540065 -189.29622830524806 143.1 -56.72640258617252 -185.50612965521748 70.91855 50.090286 289.62432861328125 7.602744720335437 -999.0 -999.0 -999.0 289.62432861328125 7.602744720335438 289.6077843687534 7.659598556726271 64.82355456149726 184.69470309882158 5400.0 5400.0 2015.5 1 370 {-999.0 -999.0 -999.0 -999.0 -999.0} "" -999.0 -999.0 -999.0 -999.0 27021603150990112 851825420 "" ops_sky_boss_fallback ops_sky sky_boss 0 0 0.0 0.0 -999 ""
FIBERMAP 148 R-10C10 METROLOGY 0 0 0 1 0 0 41.587820309822774 -189.302536894871 143.1 -57.37331449592502 -185.14577380619306 70.91855 50.090286 -999.0 -999.0 -999.0 -999.0 -999.0 289.62137217170215 7.604417230363282 289.60482172323674 7.661236350311777 64.82498434700736 184.70185608616495 -999.0 6231.0 -999.0 -1 -999 {-999.0 -999.0 -999.0 -999.0 -999.0} "" -999.0 -999.0 -999.0 -999.0 -999 -999 "" "" "" "" 0 0 0.0 0.0 -999 ""
FIBERMAP 153 R-7C3 APOGEE 1 1 0 1 0 0 -184.85724908483658 -143.0444340221607 143.1 -231.40995278331042 -33.03898566516551 238.68594 75.238235 288.82619559563113 8.295951151105259 -2.1929362 -5.192903 -0.2755576 288.8261889979702 8.295935691235666 288.8078788148798 8.350608116088775 65.44533419105649 186.71052398236017 16000.0 16600.0 2016.0 2 300 {-999.0 25.210896 21.572433 17.526276 -999.0} sdss_psfmag_ps1 19.987019 17.874916 16.10263 10.741 63050395675150138 1154163856 bright_1x1 mwm_galactic_core_dist_apogee_sparse mwm_galactic science 0 0 0.0 0.0 -999 ""
FIBERMAP 153 R-7C3 BOSS 0 0 0 1 0 0 -185.37650675279025 -142.5262748178842 143.1 -231.60542362077535 -32.33188617997933 238.68594 75.238235 -999.0 -999.0 -999.0 -999.0 -999.0 288.82525528383536 8.299042781058574 288.8069465104814 8.35380524343543 65.44842388481567 186.71349692484526 -999.0 5400.0 -999.0 1 446 {-999.0 -999.0 -999.0 -999.0 -999.0} "" -999.0 -999.0 -999.0 -999.0 -999 -999 "" "" "" "" 0 0 0.0 0.0 -999 ""
FIBERMAP 153 R-7C3 METROLOGY 0 0 0 1 0 0 -184.66985700161447 -142.319259104644 143.1 -230.88871033643636 -32.50104026424452 238.68594 75.238235 -999.0 -999.0 -999.0 -999.0 -999.0 288.8285106670996 8.29829916111362 288.81020116370496 8.353043484388717 65.44798564561864 186.70560347846552 -999.0 6231.0 -999.0 -1 -999 {-999.0 -999.0 -999.0 -999.0 -999.0} "" -999.0 -999.0 -999.0 -999.0 -999 -999 "" "" "" "" 0 0 0.0 0.0 -999 ""
FIBERMAP 155 R-11C15 APOGEE 0 0 0 1 0 0 159.81701880610493 -208.86788800323023 143.1 35.75907882175016 -260.57432606550225 32.495697 102.05178 -999.0 -999.0 -999.0 -999.0 -999.0 290.04636277348317 7.265111883962676 290.0306616018979 7.322965333451344 64.51348387376856 183.66797981340338 -999.0 16600.0 -999.0 2 -999 {-999.0 -999.0 -999.0 -999.0 -999.0} "" -999.0 -999.0 -999.0 -999.0 -999 -999 "" "" "" "" 0 0 0.0 0.0 -999 ""
FIBERMAP 155 R-11C15 BOSS 1 1 0 1 0 0 160.3519401342501 -209.38314954412547 143.1 35.96960083972627 -261.28664540553103 32.495697 102.05178 290.0473022460937 7.26183118154745 -999.0 -999.0 -999.0 290.0473022460937 7.261831181547451 290.0316146888166 7.319784745361359 64.51035921320633 183.6653857232392 5400.0 5400.0 2015.5 1 267 {-999.0 -999.0 -999.0 -999.0 -999.0} "" -999.0 -999.0 -999.0 -999.0 27021603150812169 852958741 "" ops_sky_boss_fallback ops_sky sky_boss 0 0 0.0 0.0 -999 ""
FIBERMAP 155 R-11C15 METROLOGY 0 0 0 1 0 0 159.63220707914405 -209.59073418748352 143.1 35.241230597043035 -261.1115215914796 32.495697 102.05178 -999.0 -999.0 -999.0 -999.0 -999.0 290.04398671927254 7.26264446193201 290.02829553453904 7.320562176032794 64.5109568867172 183.67312224424126 -999.0 6231.0 -999.0 -1 -999 {-999.0 -999.0 -999.0 -999.0 -999.0} "" -999.0 -999.0 -999.0 -999.0 -999 -999 "" "" "" "" 0 0 0.0 0.0 -999 ""
FIBERMAP 159 R-8C14 APOGEE 0 0 0 1 0 0 91.11011487397707 -166.85653722404612 143.1 -3.223501030281492 -190.09789399579648 264.09308 130.31915 -999.0 -999.0 -999.0 -999.0 -999.0 289.8693152890386 7.58139356164097 289.8528200516342 7.638758325644165 64.81859604962129 184.12189708561203 -999.0 16600.0 -999.0 2 -999 {-999.0 -999.0 -999.0 -999.0 -999.0} "" -999.0 -999.0 -999.0 -999.0 -999 -999 "" "" "" "" 0 0 0.0 0.0 -999 ""
FIBERMAP 159 R-8C14 BOSS 1 1 0 1 0 0 90.50163690016493 -167.286282628553 143.1 -3.9649044578543053 -190.17090830931522 264.09308 130.31915 289.8659003203358 7.580997399291783 4.163933 -24.3387 5.0294724 289.86591282614944 7.5809249401847145 289.84942342801264 7.63837738656244 64.81801032461519 184.12973986672452 5400.0 5400.0 2016.0 1 327 {-999.0 20.285267 18.751406 17.42605 -999.0} sdss_psfmag_ps1 19.67436 18.158258 16.9885 14.269 63050395674514315 1096480870 bright_1x1 mwm_bin_vis_boss mwm_filler science 0 0 0.0 0.0 -999 ""
FIBERMAP 159 R-8C14 METROLOGY 0 0 0 1 0 0 90.43041089116439 -166.54886129671286 143.1 -3.6624779410537003 -189.4945325048383 264.09308 130.31915 -999.0 -999.0 -999.0 -999.0 -999.0 289.86730575642304 7.58400674504352 289.85080818139164 7.6414348193391906 64.82114588092342 184.12695887057527 -999.0 6231.0 -999.0 -1 -999 {-999.0 -999.0 -999.0 -999.0 -999.0} "" -999.0 -999.0 -999.0 -999.0 -999 -999 "" "" "" "" 0 0 0.0 0.0 -999 ""
FIBERMAP 160 R+8C5 APOGEE 1 1 0 1 0 0 -130.8183068500132 150.878496121258 143.1 -39.19721684836721 195.82475330131024 235.31403 66.85696 289.70822880461077 9.333634524072172 -2.5133355 -2.055504 0.3353885 289.70822122172996 9.333628404600054 289.6873040996867 9.390307028015837 66.55550665583714 184.8000229822179 16000.0 16600.0 2016.0 2 92 {-999.0 18.704659 15.943568 14.558966 -999.0} sdss_psfmag_ps1 17.18407 15.05048 13.717502 10.02 63050395675439548 1154165242 bright_1x1 mwm_galactic_core_dist_apogee_sparse mwm_galactic science 0 0 0.0 0.0 -999 ""
FIBERMAP 160 R+8C5 BOSS 0 0 0 1 0 0 -131.23602486757255 151.49626389172448 143.1 -39.25518336965899 196.56829146338583 235.31403 66.85696 -999.0 -999.0 -999.0 -999.0 -999.0 289.70795044558395 9.336936720840766 289.6870313480108 9.393702485913419 66.55887427589576 184.80130626089945 -999.0 5400.0 -999.0 1 68 {-999.0 -999.0 -999.0 -999.0 -999.0} "" -999.0 -999.0 -999.0 -999.0 -999 -999 "" "" "" "" 0 0 0.0 0.0 -999 ""
FIBERMAP 160 R+8C5 METROLOGY 0 0 0 1 0 0 -130.48725380082408 151.54799095773035 143.1 -38.578573394664986 196.2433028747243 235.31403 66.85696 -999.0 -999.0 -999.0 -999.0 -999.0 289.7110598156794 9.335487734723074 289.690142682961 9.39223635488116 66.5576306758822 184.79334702255653 -999.0 6231.0 -999.0 -1 -999 {-999.0 -999.0 -999.0 -999.0 -999.0} "" -999.0 -999.0 -999.0 -999.0 -999 -999 "" "" "" "" 0 0 0.0 0.0 -999 ""
FIBERMAP 162 R-9C14 APOGEE 1 1 0 1 0 0 101.22230471907245 -183.39613770840654 143.1 -2.603168369591434 -209.47536944721944 226.6877 155.38246 289.8718517942102 7.4942170972941655 32.677837 -16.977964 1.237279 289.87194991804955 7.494166551930811 289.8556733324872 7.551552483371233 64.73172378254213 184.10282459108487 16000.0 16600.0 2016.0 2 192 {-999.0 19.07348 17.096071 15.993706 -999.0} sdss_psfmag_ps1 18.27555 16.644567 15.419721 12.261 63050395674513159 1009266240 bright_3x1 mwm_yso_pms_apogee_sagitta_edr3 mwm_yso science 0 0 0.0 0.0 -999 ""
FIBERMAP 162 R-9C14 BOSS 0 0 0 1 0 0 100.55335558834415 -183.6948930576449 143.1 -3.3324294042026184 -209.4046101450375 226.6877 155.38246 -999.0 -999.0 -999.0 -999.0 -999.0 289.86860668717986 7.49435059655655 289.8523357728556 7.551824495068042 64.731794311419 184.11059992129503 -999.0 5400.0 -999.0 1 328 {-999.0 -999.0 -999.0 -999.0 -999.0} "" -999.0 -999.0 -999.0 -999.0 -999 -999 "" "" "" "" 0 0 0.0 0.0 -999 ""
FIBERMAP 162 R-9C14 METROLOGY 0 0 0 1 0 0 100.6264376323693 -182.9521673351966 143.1 -2.9019070454435765 -208.79492426913583 226.6877 155.38246 -999.0 -999.0 -999.0 -999.0 -999.0 289.8705849192243 7.497122661268235 289.8543053851931 7.55457367602943 64.73465707114104 184.10642537086406 -999.0 6231.0 -999.0 -1 -999 {-999.0 -999.0 -999.0 -999.0 -999.0} "" -999.0 -999.0 -999.0 -999.0 -999 -999 "" "" "" "" 0 0 0.0 0.0 -999 ""
FIBERMAP 167 R-6C5 APOGEE 1 1 0 1 0 0 -136.43997409848413 -133.9403835919317 143.1 -184.81315371638001 -49.04586248501256 294.55444 81.577705 289.0379333496094 8.222969450869854 -999.0 -999.0 -999.0 289.0379333496094 8.222969450869854 289.0198111338771 8.278177393246201 65.39325743820673 186.19207104299866 16000.0 16600.0 2015.5 2 251 {-999.0 -999.0 -999.0 -999.0 -999.0} "" -999.0 -999.0 -999.0 -999.0 27021603150995181 849034567 "" ops_sky_apogee_good ops_sky sky_apogee 0 0 0.0 0.0 -999 ""
FIBERMAP 167 R-6C5 BOSS 0 0 0 1 0 0 -137.1407655485932 -134.1753515110737 143.1 -185.53858432332765 -48.903907235897755 294.55444 81.577705 -999.0 -999.0 -999.0 -999.0 -999.0 289.0345679182591 8.223514247250481 289.0164528753328 8.278806948160023 65.39357955784828 186.20015712266985 -999.0 5400.0 -999.0 1 457 {-999.0 -999.0 -999.0 -999.0 -999.0} "" -999.0 -999.0 -999.0 -999.0 -999 -999 "" "" "" "" 0 0 0.0 0.0 -999 ""
FIBERMAP 167 R-6C5 METROLOGY 0 0 0 1 0 0 -136.99237162368402 -133.44640253538807 143.1 -185.0493857868518 -48.34341147205291 294.55444 81.577705 -999.0 -999.0 -999.0 -999.0 -999.0 289.0368046760481 8.226081884459852 289.0186807049898 8.281353276885408 65.3963173971083 186.19544555550053 -999.0 6231.0 -999.0 -1 -999 {-999.0 -999.0 -999.0 -999.0 -999.0} "" -999.0 -999.0 -999.0 -999.0 -999 -999 "" "" "" "" 0 0 0.0 0.0 -999 ""
FIBERMAP 170 R-2C20 APOGEE 0 0 0 1 0 0 173.13132377685963 -37.66289544742119 143.1 131.92752459057894 -118.29118808148192 30.936756 87.531334 -999.0 -999.0 -999.0 -999.0 -999.0 290.48989412964573 7.905181088417817 290.472595899146 7.9640157742877244 65.17450891404532 182.70988383748673 -999.0 16600.0 -999.0 2 -999 {-999.0 -999.0 -999.0 -999.0 -999.0} "" -999.0 -999.0 -999.0 -999.0 -999 -999 "" "" "" "" 0 0 0.0 0.0 -999 ""
FIBERMAP 170 R-2C20 BOSS 1 1 0 1 0 0 173.49979213044975 -38.321074951421515 143.1 131.9227015478359 -119.04552992396972 30.936756 87.531334 290.4898918903338 7.901642978878193 -2.473208 -3.3735428 -0.34852457 290.48988445673126 7.9016329354532955 290.47259901062796 7.960562634910783 65.17105867844204 182.70954656452113 5400.0 5400.0 2016.0 1 298 {-999.0 15.12725 14.46999 14.12342 -999.0} sdss_psfmag_from_g3xp 14.920218 14.556829 13.7381935 12.335 63050395674708964 1093195329 bright_3x1 mwm_astar_core_boss mwm_ob science 0 0 0.0 0.0 -999 ""
FIBERMAP 170 R-2C20 METROLOGY 0 0 0 1 0 0 172.75148194248402 -38.305065332552815 143.1 131.27996074405354 -118.66187242379434 30.936756 87.531334 -999.0 -999.0 -999.0 -999.0 -999.0 290.4869533235974 7.903406665626518 290.4696622331919 7.962302111881264 65.17267986086617 182.71663390342118 -999.0 6231.0 -999.0 -1 -999 {-999.0 -999.0 -999.0 -999.0 -999.0} "" -999.0 -999.0 -999.0 -999.0 -999 -999 "" "" "" "" 0 0 0.0 0.0 -999 ""
FIBERMAP 171 R-12C7 APOGEE 0 0 0 1 0 0 -43.48474575919268 -238.79900197323278 143.1 -155.79940261446404 -186.1486117828672 265.0428 28.019442 -999.0 -999.0 -999.0 -999.0 -999.0 289.17224602139964 7.602446769389223 289.1556924806733 7.658089820678685 64.78746748810323 185.74384344422515 -999.0 16600.0 -999.0 2 -999 {-999.0 -999.0 -999.0 -999.0 -999.0} "" -999.0 -999.0 -999.0 -999.0 -999 -999 "" "" "" "" 0 0 0.0 0.0 -999 ""
FIBERMAP 171 R-12C7 BOSS 1 1 0 1 0 0 -43.7813205516191 -238.12126409678342 143.1 -155.7224048455357 -185.41278639290252 265.0428 28.019442 289.17256006589895 7.605652701875405 -2.8972023 -5.756255 0.13025928 289.1725513640403 7.605635564841769 289.15599806578035 7.661374661350724 64.7907661754868 185.7437900041379 5400.0 5400.0 2016.0 1 404 {-999.0 18.91225 17.395607 16.66769 16.01289} sdss_psfmag_from_ps1dr2 18.26 17.3016 16.3025 14.379 63050395673720000 1040149908 "" ops_std_boss_ps1dr2 ops_std standard_boss 0 0 0.0 0.0 -999 ""
FIBERMAP 171 R-12C7 METROLOGY 0 0 0 1 0 0 -43.04812320552473 -238.1940038524586 143.1 -155.12083471076218 -185.83830319931198 265.0428 28.019442 -999.0 -999.0 -999.0 -999.0 -999.0 289.175302684713 7.60373522452255 289.1587518117534 7.659454281186475 64.78908433635917 185.73702290073373 -999.0 6231.0 -999.0 -1 -999 {-999.0 -999.0 -999.0 -999.0 -999.0} "" -999.0 -999.0 -999.0 -999.0 -999 -999 "" "" "" "" 0 0 0.0 0.0 -999 ""
FIBERMAP 177 R-4C3 APOGEE 1 1 0 1 0 0 -197.5538313454574 -58.06421269553268 143.1 -200.46114666783575 47.12412627292563 131.26071 52.81468 288.9667774275805 8.659483059604067 -3.1495717 -6.457048 -0.04005637 288.9667679428234 8.659463836229671 288.94753848028864 8.714423918559332 65.82088720206367 186.46337117940615 16000.0 16600.0 2016.0 2 286 {-999.0 22.882511 19.576105 16.215837 -999.0} sdss_psfmag_ps1 21.055676 16.11116 14.430364 8.761 63050395675203387 1154164106 bright_1x1 mwm_galactic_core_dist_apogee_sparse mwm_galactic science 0 0 0.0 0.0 -999 ""
FIBERMAP 177 R-4C3 BOSS 0 0 0 1 0 0 -196.81964725004065 -58.00725717904552 143.1 -199.79463661688325 46.8108911571261 131.26071 52.81468 -999.0 -999.0 -999.0 -999.0 -999.0 288.9697420823869 8.657968501774352 288.9505252818306 8.713027486960634 65.81977974411676 186.45586995747215 -999.0 5400.0 -999.0 1 443 {-999.0 -999.0 -999.0 -999.0 -999.0} "" -999.0 -999.0 -999.0 -999.0 -999 -999 "" "" "" "" 0 0 0.0 0.0 -999 ""
FIBERMAP 177 R-4C3 METROLOGY 0 0 0 1 0 0 -197.1331594761327 -58.6887240378932 143.1 -200.40394376402318 46.37326512966301 131.26071 52.81468 -999.0 -999.0 -999.0 -999.0 -999.0 288.9669769374698 8.656002245525436 288.9477625569322 8.711028850714886 65.81752894885216 186.46203913123952 -999.0 6231.0 -999.0 -1 -999 {-999.0 -999.0 -999.0 -999.0 -999.0} "" -999.0 -999.0 -999.0 -999.0 -999 -999 "" "" "" "" 0 0 0.0 0.0 -999 ""
FIBERMAP 179 R-4C8 APOGEE 0 0 0 1 0 0 -97.61176518069118 -84.04787637126124 143.1 -126.40056617111088 -24.849506242690314 192.2854 140.99173 -999.0 -999.0 -999.0 -999.0 -999.0 289.3048477448252 8.332423619029685 289.28645310308804 8.388272465116179 65.52593259655998 185.58237830075132 -999.0 16600.0 -999.0 2 -999 {-999.0 -999.0 -999.0 -999.0 -999.0} "" -999.0 -999.0 -999.0 -999.0 -999 -999 "" "" "" "" 0 0 0.0 0.0 -999 ""
FIBERMAP 179 R-4C8 BOSS 1 1 0 1 0 0 -98.27814971297653 -83.71671922817877 143.1 -126.81635992180662 -24.23230906953123 192.2854 140.99173 289.30288623249663 8.335141221795155 -1.8857877 -3.438694 0.24698195 289.3028805583543 8.335130984407625 289.2844868259657 8.39106719281222 65.52855682642178 185.5876161326304 5400.0 5400.0 2016.0 1 461 {-999.0 19.32365 17.836657 17.103523 -999.0} sdss_psfmag_ps1 18.723543 17.639034 16.612854 14.53 63050395675093246 980289900 "" ops_std_boss_red ops_std standard_boss 0 0 0.0 0.0 -999 ""
FIBERMAP 179 R-4C8 METROLOGY 0 0 0 1 0 0 -97.66055405065705 -83.30337544669548 143.1 -126.0751327002145 -24.178060881560512 192.2854 140.99173 -999.0 -999.0 -999.0 -999.0 -999.0 289.3062903531914 8.335400533585746 289.28789377947606 8.391318845551282 65.5290863662785 185.57955743799263 -999.0 6231.0 -999.0 -1 -999 {-999.0 -999.0 -999.0 -999.0 -999.0} "" -999.0 -999.0 -999.0 -999.0 -999 -999 "" "" "" "" 0 0 0.0 0.0 -999 ""
FIBERMAP 187 R-7C8 APOGEE 1 1 0 1 0 0 -48.6627261635478 -145.58890278114293 143.1 -114.24686698439339 -102.54458452541631 301.31436 124.35234 289.3606567382812 7.979240156838486 -999.0 -999.0 -999.0 289.3606567382812 7.979240156838484 289.343154834603 8.035285293366742 65.17866329924799 185.37956660904 16000.0 16600.0 2015.5 2 288 {-999.0 -999.0 -999.0 -999.0 -999.0} "" -999.0 -999.0 -999.0 -999.0 27021603150991407 849034516 "" ops_sky_apogee_good ops_sky sky_apogee 0 0 0.0 0.0 -999 ""
FIBERMAP 187 R-7C8 BOSS 0 0 0 1 0 0 -48.95926915143704 -146.2688787435584 143.1 -114.84068283722063 -102.98929866407329 301.31436 124.35234 -999.0 -999.0 -999.0 -999.0 -999.0 289.3578890441696 7.977099372393103 289.34040003662346 8.033232234083107 65.17639947248809 185.38565383339127 -999.0 5400.0 -999.0 1 400 {-999.0 -999.0 -999.0 -999.0 -999.0} "" -999.0 -999.0 -999.0 -999.0 -999 -999 "" "" "" "" 0 0 0.0 0.0 -999 ""
FIBERMAP 187 R-7C8 METROLOGY 0 0 0 1 0 0 -49.40590007454448 -145.67253566738626 143.1 -114.93437481213621 -102.25010338428751 301.31436 124.35234 -999.0 -999.0 -999.0 -999.0 -999.0 289.3574666047517 7.980488367288375 289.3399668881646 8.03659291803224 65.17971526943826 185.38731043707438 -999.0 6231.0 -999.0 -1 -999 {-999.0 -999.0 -999.0 -999.0 -999.0} "" -999.0 -999.0 -999.0 -999.0 -999 -999 "" "" "" "" 0 0 0.0 0.0 -999 ""
FIBERMAP 188 R-1C2 APOGEE 0 0 0 1 0 0 -242.731479772006 -31.640890329280627 143.1 -226.68716980491126 92.42114751581003 7.3415427 63.030773 -999.0 -999.0 -999.0 -999.0 -999.0 288.84829720109207 8.864194764434782 288.8285451230422 8.918828392404096 66.01274803637074 186.79936048142145 -999.0 16600.0 -999.0 2 -999 {-999.0 -999.0 -999.0 -999.0 -999.0} "" -999.0 -999.0 -999.0 -999.0 -999 -999 "" "" "" "" 0 0 0.0 0.0 -999 ""
FIBERMAP 188 R-1C2 BOSS 1 1 0 1 0 0 -242.98206537697232 -32.353009705457275 143.1 -227.2569079357993 91.92577750783292 7.3415427 63.030773 288.8456726074219 8.861862095795175 -999.0 -999.0 -999.0 288.8456726074219 8.861862095795175 288.8259357508785 8.91658006495777 66.0102512724462 186.80511152340372 5400.0 5400.0 2015.5 1 434 {-999.0 -999.0 -999.0 -999.0 -999.0} "" -999.0 -999.0 -999.0 -999.0 27021603150997101 852978241 "" ops_sky_boss_fallback ops_sky sky_boss 0 0 0.0 0.0 -999 ""
FIBERMAP 188 R-1C2 METROLOGY 0 0 0 1 0 0 -243.4648746826199 -31.77798112254343 143.1 -227.39258820188442 92.66431556916866 7.3415427 63.030773 -999.0 -999.0 -999.0 -999.0 -999.0 288.84508058913445 8.86522091571264 288.8253324785484 8.919911228331376 66.01350533255476 186.8073963616395 -999.0 6231.0 -999.0 -1 -999 {-999.0 -999.0 -999.0 -999.0 -999.0} "" -999.0 -999.0 -999.0 -999.0 -999 -999 "" "" "" "" 0 0 0.0 0.0 -999 ""
FIBERMAP 189 R-5C5 APOGEE 1 1 0 1 0 0 -130.064025978266 -112.59171110343011 143.1 -168.72100774810153 -33.633655211743424 31.470873 19.164392 289.11125772656584 8.292823210144771 -4.841726 -6.8003745 0.16904172 289.11124315988076 8.292802964647558 289.0929453581661 8.348180446845117 65.46952214956188 186.03397438895195 16000.0 16600.0 2016.0 2 263 {-999.0 18.089636 15.586837 14.408832 -999.0} sdss_psfmag_ps1 16.724972 14.976488 13.728918 10.361 63050395675107844 1154163933 bright_1x1 mwm_galactic_core_dist_apogee_sparse mwm_galactic science 0 0 0.0 0.0 -999 ""
FIBERMAP 189 R-5C5 BOSS 0 0 0 1 0 0 -130.5385201671988 -113.1631560385964 143.1 -169.41592630305297 -33.89607727540105 31.470873 19.164392 -999.0 -999.0 -999.0 -999.0 -999.0 289.10800707407543 8.291512307259806 289.08972088283224 8.346974871141224 65.4680362154977 186.04136788315714 -999.0 5400.0 -999.0 1 458 {-999.0 -999.0 -999.0 -999.0 -999.0} "" -999.0 -999.0 -999.0 -999.0 -999 -999 "" "" "" "" 0 0 0.0 0.0 -999 ""
FIBERMAP 189 R-5C5 METROLOGY 0 0 0 1 0 0 -130.8014126407824 -112.45811724633062 143.1 -169.29615268619722 -33.15315621383387 31.470873 19.164392 -999.0 -999.0 -999.0 -999.0 -999.0 289.1085648033188 8.294914441731414 289.0902676230429 8.350351492952512 65.4714476876 186.04079761300454 -999.0 6231.0 -999.0 -1 -999 {-999.0 -999.0 -999.0 -999.0 -999.0} "" -999.0 -999.0 -999.0 -999.0 -999 -999 "" "" "" "" 0 0 0.0 0.0 -999 ""
FIBERMAP 192 R+4C10 APOGEE 0 0 0 1 0 0 -44.99956632747621 57.64973886533564 143.1 -10.642327493727375 72.36020822123814 319.18216 57.332775 -999.0 -999.0 -999.0 -999.0 -999.0 289.8380449980895 8.774096139612421 289.81854729212745 8.831185795294822 66.00651913072903 184.38384342136803 -999.0 16600.0 -999.0 2 -999 {-999.0 -999.0 -999.0 -999.0 -999.0} "" -999.0 -999.0 -999.0 -999.0 -999 -999 "" "" "" "" 0 0 0.0 0.0 -999 ""
FIBERMAP 192 R+4C10 BOSS 1 1 0 1 0 0 -45.735612652767124 57.431451125687 143.1 -11.390170383702785 72.53408608417132 319.18216 57.332775 289.8342127984421 8.774862089413364 -2.5548174 -6.6299644 0.06211608 289.83458915707837 8.774842351246967 289.81509552333176 8.832014116931827 66.00712361209439 184.39234655689378 5400.0 5400.0 2016.0 1 74 {-999.0 14.373438 12.774764 11.975615 -999.0} sdss_psfmag_from_g3xp 13.6584835 12.56133 11.522065 9.66 63050395675274869 1093266009 bright_3x1 mwm_astar_core_boss mwm_ob science 0 0 1.366414189338684 0.0 -999 ""
FIBERMAP 192 R+4C10 METROLOGY 0 0 0 1 0 0 -45.54960059476421 58.153846279802806 143.1 -10.871501330839335 73.07029636319362 319.18216 57.332775 -999.0 -999.0 -999.0 -999.0 -999.0 289.83698818060464 8.77729531932605 289.8174866598816 8.834446861715781 66.00970508972048 184.386937386288 -999.0 6231.0 -999.0 -1 -999 {-999.0 -999.0 -999.0 -999.0 -999.0} "" -999.0 -999.0 -999.0 -999.0 -999 -999 "" "" "" "" 0 0 0.0 0.0 -999 ""
FIBERMAP 194 R-10C1 APOGEE 1 1 0 1 0 0 -196.55400729639612 -185.98520174213462 143.1 -262.79708296465407 -64.59639449792107 198.20189 64.95569 288.68499755859375 8.153485643590756 -999.0 -999.0 -999.0 288.68499755859375 8.153485643590756 288.66704659394014 8.20783229092115 65.28915136462088 187.0084004435565 16000.0 16600.0 2015.5 2 291 {-999.0 -999.0 -999.0 -999.0 -999.0} "" -999.0 -999.0 -999.0 -999.0 27021603150995920 849034599 "" ops_sky_apogee_good ops_sky sky_apogee 0 0 0.0 0.0 -999 ""
FIBERMAP 194 R-10C1 BOSS 0 0 0 1 0 0 -196.47888591026702 -185.2432747690579 143.1 -262.36518206955105 -63.988410760899384 198.20189 64.95569 -999.0 -999.0 -999.0 -999.0 -999.0 288.68691422682497 8.156131662517108 288.66896634156603 8.210576106545226 65.29207732635159 187.00455952113924 -999.0 5400.0 -999.0 1 420 {-999.0 -999.0 -999.0 -999.0 -999.0} "" -999.0 -999.0 -999.0 -999.0 -999 -999 "" "" "" "" 0 0 0.0 0.0 -999 ""
FIBERMAP 194 R-10C1 METROLOGY 0 0 0 1 0 0 -195.87068845248874 -185.67667741205162 143.1 -262.05050073649824 -64.66575975243732 198.20189 64.95569 -999.0 -999.0 -999.0 -999.0 -999.0 288.68834851502 8.153093994856624 288.670405556079 8.207516007003958 65.28918122464928 187.00041193274703 -999.0 6231.0 -999.0 -1 -999 {-999.0 -999.0 -999.0 -999.0 -999.0} "" -999.0 -999.0 -999.0 -999.0 -999 -999 "" "" "" "" 0 0 0.0 0.0 -999 ""
FIBERMAP 199 R+10C9 APOGEE 0 0 0 1 0 0 11.81171222603922 204.89558146333795 143.1 111.50834326737083 172.31932277001636 64.83178 92.39662 -999.0 -999.0 -999.0 -999.0 -999.0 290.4007877871857 9.224761226258881 290.3801725518497 9.283159201611618 66.48852420598372 183.07107356574843 -999.0 16600.0 -999.0 2 -999 {-999.0 -999.0 -999.0 -999.0 -999.0} "" -999.0 -999.0 -999.0 -999.0 -999 -999 "" "" "" "" 0 0 0.0 0.0 -999 ""
FIBERMAP 199 R+10C9 BOSS 1 1 0 1 0 0 12.507188591118597 204.61416149657305 143.1 111.97400713817393 171.7309976004759 64.83178 92.39662 290.4029478465841 9.222052682481662 -0.84937334 -3.4285467 0.44788328 290.40294528479 9.222042475303944 290.38234105201525 9.28053499365095 66.48600032603396 183.06541503878913 5400.0 5400.0 2016.0 1 121 {-999.0 17.76194 16.391214 15.662871 15.132536} sdss_psfmag_from_ps1dr2 17.1998 16.2835 15.3186 13.571 63050395676076853 1035763827 "" ops_std_boss_ps1dr2 ops_std standard_boss 0 0 0.0 0.0 -999 ""
FIBERMAP 199 R+10C9 METROLOGY 0 0 0 1 0 0 11.91617904375239 204.156833424756 143.1 111.23416390806766 171.62536924427096 64.83178 92.39662 -999.0 -999.0 -999.0 -999.0 -999.0 290.399549391129 9.221610111600187 290.37894499900915 9.280069199569555 66.48538210243642 183.07375330854552 -999.0 6231.0 -999.0 -1 -999 {-999.0 -999.0 -999.0 -999.0 -999.0} "" -999.0 -999.0 -999.0 -999.0 -999 -999 "" "" "" "" 0 0 0.0 0.0 -999 ""
FIBERMAP 200 R+7C19 APOGEE 0 0 0 1 0 0 179.17808104522828 147.69613010080323 143.1 228.77033662750688 39.889662194122046 156.65388 91.719864 -999.0 -999.0 -999.0 -999.0 -999.0 290.9352662260514 8.621253279330858 290.916186766041 8.681059328820057 65.90556219772363 181.70709809205408 -999.0 16600.0 -999.0 2 -999 {-999.0 -999.0 -999.0 -999.0 -999.0} "" -999.0 -999.0 -999.0 -999.0 -999 -999 "" "" "" "" 0 0 0.0 0.0 -999 ""
FIBERMAP 200 R+7C19 BOSS 1 1 0 1 0 0 179.45936443914158 148.38992421168763 143.1 229.35771185235598 40.35393083540151 156.65388 91.719864 290.93797616049454 8.623266248117089 -3.467982 -4.8749022 0.29710296 290.9379657178656 8.62325173497234 290.9188836742651 8.683155383436382 65.90772501069382 181.7006995001897 5400.0 5400.0 2016.0 1 238 {-999.0 18.192242 17.126627 16.631166 16.292633} sdss_psfmag_from_ps1dr2 17.7674 17.1023 16.2373 14.647 63050395675510813 1040152372 "" ops_std_boss_ps1dr2 ops_std standard_boss 0 0 0.0 0.0 -999 ""
FIBERMAP 200 R+7C19 METROLOGY 0 0 0 1 0 0 179.91632694199393 147.8040883168891 143.1 229.46557863077658 39.61876669055673 156.65388 91.719864 -999.0 -999.0 -999.0 -999.0 -999.0 290.93843728385656 8.61994265844314 290.91936288081047 8.679822131022421 65.90440477594841 181.69933323836472 -999.0 6231.0 -999.0 -1 -999 {-999.0 -999.0 -999.0 -999.0 -999.0} "" -999.0 -999.0 -999.0 -999.0 -999 -999 "" "" "" "" 0 0 0.0 0.0 -999 ""
FIBERMAP 202 R-10C6 APOGEE 0 0 0 1 0 0 -84.29267078101496 -191.3364142386822 143.1 -167.8305566957999 -124.71714280221934 200.42586 83.96912 -999.0 -999.0 -999.0 -999.0 -999.0 289.1162027724023 7.879806693557775 289.09894893093804 7.935264995703421 65.05875461859966 185.93245078252232 -999.0 16600.0 -999.0 2 -999 {-999.0 -999.0 -999.0 -999.0 -999.0} "" -999.0 -999.0 -999.0 -999.0 -999 -999 "" "" "" "" 0 0 0.0 0.0 -999 ""
FIBERMAP 202 R-10C6 BOSS 1 1 0 1 0 0 -84.47928928961669 -190.61286592311163 143.1 -167.63531785103666 -123.9958145020098 200.42586 83.96912 289.11701672162957 7.8829515198337825 5.5272965 -3.1408832 0.7501256 289.1170333340084 7.882942169062948 289.0997798769818 7.93849664103517 65.06204600380737 185.93117917394753 5400.0 5400.0 2016.0 1 391 {-999.0 18.737736 17.437094 16.680548 -999.0} sdss_psfmag_ps1 18.046844 17.207981 16.234705 14.379 63050395674632522 980289851 "" ops_std_boss_red ops_std standard_boss 0 0 0.0 0.0 -999 ""
FIBERMAP 202 R-10C6 METROLOGY 0 0 0 1 0 0 -83.76397712617504 -190.809968610109 143.1 -167.1107460266103 -124.5206271095044 200.42586 83.96912 -999.0 -999.0 -999.0 -999.0 -999.0 289.119440294402 7.880589214994848 289.10219053365665 7.936123199830594 65.05989106902226 185.92504485329556 -999.0 6231.0 -999.0 -1 -999 {-999.0 -999.0 -999.0 -999.0 -999.0} "" -999.0 -999.0 -999.0 -999.0 -999 -999 "" "" "" "" 0 0 0.0 0.0 -999 ""
FIBERMAP 204 R-3C18 APOGEE 1 1 0 1 0 0 108.29091194810498 -48.85438970382267 143.1 70.0195111653323 -95.98472096762738 179.38551 75.898254 290.2068640204411 8.006918662464228 2.1009 -40.47001 6.457186 290.2068703366349 8.006798178593785 290.1893107039866 8.064921574077898 65.26263996551288 183.3893224382259 16000.0 16600.0 2016.0 2 224 {-999.0 15.924282 14.507703 13.645353 -999.0} sdss_psfmag_from_g3xp 15.341093 14.272697 13.23877 11.24 63050395674755034 1068922943 bright_18x1 mwm_bin_rv_short_mdwarf_apogee_18epoch mwm_bin science 0 0 0.0 0.0 -999 ""
FIBERMAP 204 R-3C18 BOSS 0 0 0 1 0 0 108.40209222927476 -48.12982845962093 143.1 70.47418470641634 -95.40965318855882 179.38551 75.898254 -999.0 -999.0 -999.0 -999.0 -999.0 290.2089949390034 8.009268912951548 290.19143550535773 8.0674909688261 65.26531168499145 183.384608996044 -999.0 5400.0 -999.0 1 293 {-999.0 -999.0 -999.0 -999.0 -999.0} "" -999.0 -999.0 -999.0 -999.0 -999 -999 "" "" "" "" 0 0 0.0 0.0 -999 ""
FIBERMAP 204 R-3C18 METROLOGY 0 0 0 1 0 0 108.99000200522336 -48.59588430560553 143.1 70.7550922010007 -96.10536987192289 179.38551 75.898254 -999.0 -999.0 -999.0 -999.0 -999.0 290.2102652604563 8.006140829583954 290.1927123444154 8.064339899318643 65.26222793079899 183.3812141720009 -999.0 6231.0 -999.0 -1 -999 {-999.0 -999.0 -999.0 -999.0 -999.0} "" -999.0 -999.0 -999.0 -999.0 -999 -999 "" "" "" "" 0 0 0.0 0.0 -999 ""
FIBERMAP 208 R-7C5 APOGEE 1 1 0 1 0 0 -135.30359305585418 -148.1346060050172 143.1 -190.83838904425374 -61.94913295946183 252.41753 85.66013 289.0106217164857 8.164526974683794 -3.8237312 -7.8033304 0.32076728 289.01061021623633 8.164503743271583 288.99263546010263 8.219653865274507 65.3325072608607 186.24339340897066 16000.0 16600.0 2016.0 2 253 {-999.0 16.73769 14.320296 13.103341 -999.0} sdss_psfmag_from_g3xp 15.452519 13.776095 12.548144 9.322 63050395675065073 1152366683 bright_1x1 mwm_galactic_core_dist_apogee_sparse mwm_galactic science 0 0 0.0 0.0 -999 ""
FIBERMAP 208 R-7C5 BOSS 0 0 0 1 0 0 -136.00574156304256 -147.8874269071771 143.1 -191.32677258539908 -61.387283334199886 252.41753 85.66013 -999.0 -999.0 -999.0 -999.0 -999.0 289.00832569731125 8.166948962945925 288.9903534974707 8.22218643772595 65.33482021664432 186.2493428105551 -999.0 5400.0 -999.0 1 451 {-999.0 -999.0 -999.0 -999.0 -999.0} "" -999.0 -999.0 -999.0 -999.0 -999 -999 "" "" "" "" 0 0 0.0 0.0 -999 ""
FIBERMAP 208 R-7C5 METROLOGY 0 0 0 1 0 0 -135.43055882446845 -147.40010987730412 143.1 -190.58587323716642 -61.2477597974148 252.41753 85.66013 -999.0 -999.0 -999.0 -999.0 -999.0 289.01170733677816 8.167602031098346 288.9937310394041 8.22282128032617 65.33576131053252 186.24150725573676 -999.0 6231.0 -999.0 -1 -999 {-999.0 -999.0 -999.0 -999.0 -999.0} "" -999.0 -999.0 -999.0 -999.0 -999 -999 "" "" "" "" 0 0 0.0 0.0 -999 ""
FIBERMAP 214 R-11C5 APOGEE 1 1 0 1 0 0 -83.61948492030395 -195.42766939458167 143.1 -169.26669944686722 -128.60708253143 147.63779 67.644264 289.10974696597253 7.862270236842939 -4.1589236 -5.8856277 0.06709923 289.1097344668847 7.862252714652105 289.0925249462852 7.917697967463781 65.04069663342659 185.9438182163924 16000.0 16600.0 2016.0 2 153 {-999.0 19.678684 16.537067 14.842329 -999.0} sdss_psfmag_ps1 17.771091 15.444501 14.034911 9.914 63050395674632190 1154162716 bright_1x1 mwm_galactic_core_dist_apogee_sparse mwm_galactic science 0 0 0.0 0.0 -999 ""
FIBERMAP 214 R-11C5 BOSS 0 0 0 1 0 0 -83.03160704263394 -194.98178311129325 143.1 -168.53523252872043 -128.50985539366587 147.63779 67.644264 -999.0 -999.0 -999.0 -999.0 -999.0 289.1130169598725 7.862553180233894 289.09581508396394 7.918101203548462 65.04138462602589 185.93620908911518 -999.0 5400.0 -999.0 1 392 {-999.0 -999.0 -999.0 -999.0 -999.0} "" -999.0 -999.0 -999.0 -999.0 -999 -999 "" "" "" "" 0 0 0.0 0.0 -999 ""
FIBERMAP 214 R-11C5 METROLOGY 0 0 0 1 0 0 -82.92579909788671 -195.71185007649757 143.1 -168.80395650079274 -129.1969234254165 147.63779 67.644264 -999.0 -999.0 -999.0 -999.0 -999.0 289.1118163353841 7.859486156225738 289.094619806723 7.915004893843811 65.03819631271577 185.93835938745116 -999.0 6231.0 -999.0 -1 -999 {-999.0 -999.0 -999.0 -999.0 -999.0} "" -999.0 -999.0 -999.0 -999.0 -999 -999 "" "" "" "" 0 0 0.0 0.0 -999 ""
FIBERMAP 215 R-10C15 APOGEE 1 1 0 1 0 0 139.6070635485568 -172.74734126998533 143.1 36.03367290156173 -219.18207082450965 154.62706 13.510936 290.04850901009166 7.4502426775113095 -0.75211924 -3.0711691 0.20289391 290.0485067518821 7.450233534287596 290.03234199841296 7.508061023282737 64.69839617953279 183.68757730879437 16000.0 16600.0 2016.0 2 237 {-999.0 19.128223 16.375635 15.031685 -999.0} sdss_psfmag_ps1 17.577093 15.573777 14.273335 10.693 63050395662637461 1154144958 bright_1x1 mwm_galactic_core_dist_apogee_sparse mwm_galactic science 0 0 0.0 0.0 -999 ""
FIBERMAP 215 R-10C15 BOSS 0 0 0 1 0 0 140.33911901446865 -172.86714833231537 143.1 36.61099440025189 -219.64794816525685 154.62706 13.510936 -999.0 -999.0 -999.0 -999.0 -999.0 290.05113688685367 7.448003828249695 290.03498302339 7.505934591491618 64.69641562103155 183.6811887405519 -999.0 5400.0 -999.0 1 266 {-999.0 -999.0 -999.0 -999.0 -999.0} "" -999.0 -999.0 -999.0 -999.0 -999 -999 "" "" "" "" 0 0 0.0 0.0 -999 ""
FIBERMAP 215 R-10C15 METROLOGY 0 0 0 1 0 0 139.86768108923735 -173.4447410129123 143.1 35.915695669971775 -219.9172257440147 154.62706 13.510936 -999.0 -999.0 -999.0 -999.0 -999.0 290.0479532825528 7.446834857567038 290.03180082622583 7.50473066667465 64.69504151576109 183.68840548757487 -999.0 6231.0 -999.0 -1 -999 {-999.0 -999.0 -999.0 -999.0 -999.0} "" -999.0 -999.0 -999.0 -999.0 -999 -999 "" "" "" "" 0 0 0.0 0.0 -999 ""
FIBERMAP 222 R-12C12 APOGEE 0 0 0 1 0 0 86.17897584954412 -243.46491391048545 143.1 -45.363005357091396 -254.2719481683161 236.04166 133.35396 -999.0 -999.0 -999.0 -999.0 -999.0 289.6764131377535 7.294201341665556 289.6606374382871 7.351139588432716 64.51938385512933 184.52336138045564 -999.0 16600.0 -999.0 2 -999 {-999.0 -999.0 -999.0 -999.0 -999.0} "" -999.0 -999.0 -999.0 -999.0 -999 -999 "" "" "" "" 0 0 0.0 0.0 -999 ""
FIBERMAP 222 R-12C12 BOSS 1 1 0 1 0 0 85.43165866921808 -243.59585258826974 143.1 -46.077489344761304 -254.01655194763137 236.04166 133.35396 289.6731471690832 7.295252252423665 -0.6201559 -2.6885946 0.80370885 289.67314530774024 7.2952442481684106 289.6573734200353 7.352271417669525 64.5202964999298 184.53104561872846 5400.0 5400.0 2016.0 1 343 {-999.0 17.161322 16.210485 15.788655 -999.0} sdss_psfmag_ps1 16.829277 16.143728 15.333836 13.895 63050395674500926 982160204 "" ops_std_boss_tic ops_std standard_boss 0 0 0.0 0.0 -999 ""
FIBERMAP 222 R-12C12 METROLOGY 0 0 0 1 0 0 85.69944591208193 -242.89332575491426 143.1 -45.49753413489809 -253.53802186077274 236.04166 133.35396 -999.0 -999.0 -999.0 -999.0 -999.0 289.6757909416483 7.297398051273932 289.66001192152737 7.35440382475549 64.52259929168389 184.5253077705586 -999.0 6231.0 -999.0 -1 -999 {-999.0 -999.0 -999.0 -999.0 -999.0} "" -999.0 -999.0 -999.0 -999.0 -999 -999 "" "" "" "" 0 0 0.0 0.0 -999 ""
FIBERMAP 228 R+13C11 APOGEE 1 1 0 1 0 0 80.0456197660155 235.7780363395891 143.1 186.09620950659976 165.45731113913098 299.68234 91.85291 290.74166966534375 9.190601782123137 -2.201264 -5.7372575 0.18337516 290.74166302670454 9.190584701647774 290.7211477672261 9.24982339717559 66.46846093940138 182.2252076396547 16000.0 16600.0 2016.0 2 53 {-999.0 19.272232 16.927677 14.954872 -999.0} sdss_psfmag_ps1 16.70467 15.202715 13.228225 9.798 63050395675710977 1154165445 bright_1x1 mwm_galactic_core_dist_apogee_sparse mwm_galactic science 0 0 0.0 0.0 -999 ""
FIBERMAP 228 R+13C11 BOSS 0 0 0 1 0 0 79.43030819817945 235.36205421155125 143.1 185.3556646940225 165.39964036264314 299.68234 91.85291 -999.0 -999.0 -999.0 -999.0 -999.0 290.7383070703142 9.1902898538315 290.7177953781121 9.249609295190591 66.46813730121946 182.2334725334551 -999.0 5400.0 -999.0 1 163 {-999.0 -999.0 -999.0 -999.0 -999.0} "" -999.0 -999.0 -999.0 -999.0 -999 -999 "" "" "" "" 0 0 0.0 0.0 -999 ""
FIBERMAP 228 R+13C11 METROLOGY 0 0 0 1 0 0 79.37288987536787 236.10480464895323 143.1 185.67272999976962 166.0738274660054 299.68234 91.85291 -999.0 -999.0 -999.0 -999.0 -999.0 290.7397403679394 9.1933287764576 290.7192202416825 9.252626021013286 66.47119902551023 182.2302026071331 -999.0 6231.0 -999.0 -1 -999 {-999.0 -999.0 -999.0 -999.0 -999.0} "" -999.0 -999.0 -999.0 -999.0 -999 -999 "" "" "" "" 0 0 0.0 0.0 -999 ""
FIBERMAP 233 R+4C4 APOGEE 0 0 0 1 0 0 -189.99990879323624 79.01686983109589 143.1 -126.1618128622003 162.5829180006169 149.56462 137.19922 -999.0 -999.0 -999.0 -999.0 -999.0 289.30826902277244 9.183156747196614 289.2877196914929 9.23887432322484 66.37363050014463 185.75475063867907 -999.0 16600.0 -999.0 2 -999 {-999.0 -999.0 -999.0 -999.0 -999.0} "" -999.0 -999.0 -999.0 -999.0 -999 -999 "" "" "" "" 0 0 0.0 0.0 -999 ""
FIBERMAP 233 R+4C4 BOSS 1 1 0 1 0 0 -190.22583488025725 79.7141640041513 143.1 -126.01372378716151 163.30084021165044 149.56462 137.19922 289.3089341558253 9.186362668790553 -2.1984644 -5.378705 0.15979134 289.30892752570827 9.186346655767082 289.28837788346306 9.242154365078674 66.37695403946465 185.75383476758657 5400.0 5400.0 2016.0 1 36 {-999.0 16.928009 15.220511 14.473735 -999.0} sdss_psfmag_ps1 16.16541 14.956692 13.871911 11.791 63050395675403479 1093597392 bright_1x1 mwm_astar_core_boss_single mwm_ob science 0 0 0.0 0.0 -999 ""
FIBERMAP 233 R+4C4 METROLOGY 0 0 0 1 0 0 -189.4988328211566 79.56966712732323 143.1 -125.45299533856075 162.81599209858544 149.56462 137.19922 -999.0 -999.0 -999.0 -999.0 -999.0 289.3114923026172 9.184185598911586 289.2909459979227 9.239974761251593 66.37499876831086 185.7470680253241 -999.0 6231.0 -999.0 -1 -999 {-999.0 -999.0 -999.0 -999.0 -999.0} "" -999.0 -999.0 -999.0 -999.0 -999 -999 "" "" "" "" 0 0 0.0 0.0 -999 ""
FIBERMAP 238 R-5C3 APOGEE 1 1 0 1 0 0 -200.5107904050682 -82.85942973396493 143.1 -215.28342735625466 27.02586018653078 156.29352 80.96281 288.89923095703125 8.568215661512312 -999.0 -999.0 -999.0 288.89923095703125 8.568215661512312 288.88023159688555 8.62302380438933 65.7234764573922 186.60319721630373 16000.0 16600.0 2015.5 2 290 {-999.0 -999.0 -999.0 -999.0 -999.0} "" -999.0 -999.0 -999.0 -999.0 27021603150996655 849034674 "" ops_sky_apogee_good ops_sky sky_apogee 0 0 0.0 0.0 -999 ""
FIBERMAP 238 R-5C3 BOSS 0 0 0 1 0 0 -200.12273852600356 -82.2343836171033 143.1 -214.63718571565192 27.377598965834384 156.29352 80.96281 -999.0 -999.0 -999.0 -999.0 -999.0 288.90211512144407 8.569728110920218 288.8831210112292 8.624634826884206 65.72535902625903 186.5966647724437 -999.0 5400.0 -999.0 1 444 {-999.0 -999.0 -999.0 -999.0 -999.0} "" -999.0 -999.0 -999.0 -999.0 -999 -999 "" "" "" "" 0 0 0.0 0.0 -999 ""
FIBERMAP 238 R-5C3 METROLOGY 0 0 0 1 0 0 -199.76297576383323 -82.88560673485144 143.1 -214.64614109232232 26.633607058127843 156.29352 80.96281 -999.0 -999.0 -999.0 -999.0 -999.0 288.9020819233996 8.56637924812881 288.8830937280088 8.621260458912614 65.72199816578586 186.59592821566727 -999.0 6231.0 -999.0 -1 -999 {-999.0 -999.0 -999.0 -999.0 -999.0} "" -999.0 -999.0 -999.0 -999.0 -999 -999 "" "" "" "" 0 0 0.0 0.0 -999 ""
FIBERMAP 240 R-13C13 APOGEE 1 1 0 1 0 0 124.07758161748116 -237.8480444286189 143.1 -9.635127264844 -268.1136726281376 95.52024 108.03133 289.8393136213329 7.231968283905345 -11.199087 -16.084505 2.0595334 289.8392800129989 7.2319203984827665 289.82366064677035 7.289270174148013 64.46799441089148 184.13943123180667 16000.0 16600.0 2016.0 2 176 {-999.0 17.392511 15.614195 14.961122 -999.0} sdss_psfmag_ps1 16.565641 15.427576 14.378381 12.042 63050395662626202 1009266071 bright_3x1 mwm_yso_pms_apogee_sagitta_edr3 mwm_yso science 0 0 0.0 0.0 -999 ""
FIBERMAP 240 R-13C13 BOSS 0 0 0 1 0 0 124.7646364827038 -237.55676708696234 143.1 -8.893818260970576 -268.19987998679204 95.52024 108.03133 -999.0 -999.0 -999.0 -999.0 -999.0 289.84265159537756 7.231424011500587 289.82703995112894 7.288879525072789 64.46780942100987 184.13161324782502 -999.0 5400.0 -999.0 1 345 {-999.0 -999.0 -999.0 -999.0 -999.0} "" -999.0 -999.0 -999.0 -999.0 -999 -999 "" "" "" "" 0 0 0.0 0.0 -999 ""
FIBERMAP 240 R-13C13 METROLOGY 0 0 0 1 0 0 124.67276956714146 -238.29341880302127 143.1 -9.33767280614653 -268.79500301755814 95.52024 108.03133 -999.0 -999.0 -999.0 -999.0 -999.0 289.8406253269074 7.228812988686674 289.82501852235185 7.286236363946005 64.46504867092757 184.13588160646248 -999.0 6231.0 -999.0 -1 -999 {-999.0 -999.0 -999.0 -999.0 -999.0} "" -999.0 -999.0 -999.0 -999.0 -999 -999 "" "" "" "" 0 0 0.0 0.0 -999 ""
FIBERMAP 245 R-9C16 APOGEE 1 1 0 1 0 0 154.5532095713222 -158.21186803840865 143.1 56.21117712165907 -213.92840069762937 103.56438 67.06737 290.1408527811488 7.473751673889646 -1.2371107 -4.998974 0.06962025 290.140849066571 7.4737367913696096 290.1246262718804 7.53178723972786 64.72693745975138 183.47663723221322 16000.0 16600.0 2016.0 2 193 {-999.0 19.556726 16.619904 14.714311 -999.0} sdss_psfmag_ps1 17.895367 15.296511 13.880885 9.81 63050395662692882 1154145030 bright_1x1 mwm_galactic_core_dist_apogee_sparse mwm_galactic science 0 0 0.0 0.0 -999 ""
FIBERMAP 245 R-9C16 BOSS 0 0 0 1 0 0 155.28511704466504 -158.33349248264213 143.1 56.78747198019388 -214.39578511817058 103.56438 67.06737 -999.0 -999.0 -999.0 -999.0 -999.0 290.1434755145479 7.471501313198401 290.1272632798248 7.529654918830701 64.72494230423047 183.47026536189574 -999.0 5400.0 -999.0 1 308 {-999.0 -999.0 -999.0 -999.0 -999.0} "" -999.0 -999.0 -999.0 -999.0 -999 -999 "" "" "" "" 0 0 0.0 0.0 -999 ""
FIBERMAP 245 R-9C16 METROLOGY 0 0 0 1 0 0 154.81568575405788 -158.9087859982842 143.1 56.09505401506411 -214.66405505775464 103.56438 67.06737 -999.0 -999.0 -999.0 -999.0 -999.0 290.14030381248404 7.470333995350948 290.1240930642379 7.528452710423847 64.72358015647364 183.47747173867995 -999.0 6231.0 -999.0 -1 -999 {-999.0 -999.0 -999.0 -999.0 -999.0} "" -999.0 -999.0 -999.0 -999.0 -999 -999 "" "" "" "" 0 0 0.0 0.0 -999 ""
FIBERMAP 251 R-9C13 APOGEE 1 1 0 1 0 0 71.64635880260892 -188.9729934580655 143.1 -31.074774386952434 -199.71104806671835 262.8188 98.36512 289.74174095304784 7.53849196633878 -3.094035 -5.99507 -0.023186639 289.74173166144266 7.538474118325916 289.72534314013865 7.595532086124341 64.76748074277968 184.41157786502114 16000.0 16600.0 2016.0 2 172 {-999.0 20.605267 17.313074 15.243902 -999.0} sdss_psfmag_ps1 18.666157 15.803841 14.339922 9.923 63050395674527978 1154162452 bright_1x1 mwm_galactic_core_dist_apogee_sparse mwm_galactic science 0 0 0.0 0.0 -999 ""
FIBERMAP 251 R-9C13 BOSS 0 0 0 1 0 0 70.9086544154286 -188.98640187260986 143.1 -31.72282885143345 -199.35820965134462 262.8188 98.36512 -999.0 -999.0 -999.0 -999.0 -999.0 289.7387527370281 7.539927496310525 289.7223668174936 7.597073945384332 64.76882664824934 184.41871990491907 -999.0 5400.0 -999.0 1 397 {-999.0 -999.0 -999.0 -999.0 -999.0} "" -999.0 -999.0 -999.0 -999.0 -999 -999 "" "" "" "" 0 0 0.0 0.0 -999 ""
FIBERMAP 251 R-9C13 METROLOGY 0 0 0 1 0 0 71.26998707174674 -188.3297385638562 143.1 -31.084197475314557 -198.96577805161522 262.8188 98.36512 -999.0 -999.0 -999.0 -999.0 -999.0 289.74168044955275 7.541720604745389 289.7252882443386 7.598846732574708 64.77078477756166 184.41221252154844 -999.0 6231.0 -999.0 -1 -999 {-999.0 -999.0 -999.0 -999.0 -999.0} "" -999.0 -999.0 -999.0 -999.0 -999 -999 "" "" "" "" 0 0 0.0 0.0 -999 ""
FIBERMAP 256 R-3C17 APOGEE 0 0 0 1 0 0 108.13048258958621 -71.67325252318268 143.1 58.6053049635601 -115.74631399691705 313.6423 100.679596 -999.0 -999.0 -999.0 -999.0 -999.0 290.15406896075575 7.917183670595339 290.1367348291425 7.975192210580301 65.1703702546263 183.50243055551965 -999.0 16600.0 -999.0 2 -999 {-999.0 -999.0 -999.0 -999.0 -999.0} "" -999.0 -999.0 -999.0 -999.0 -999 -999 "" "" "" "" 0 0 0.0 0.0 -999 ""
FIBERMAP 256 R-3C17 BOSS 1 1 0 1 0 0 107.71185169716064 -72.29412088139098 143.1 57.93453927408374 -116.07931126591026 313.6423 100.679596 290.1510130085847 7.9155464473682935 -3.2483542 -3.970627 0.1542935 290.15100324483325 7.915534626354771 290.13367819581765 7.9736303169894205 65.16865328738508 183.50943632305444 5400.0 5400.0 2016.0 1 302 {-999.0 17.131153 15.980777 15.33129 -999.0} sdss_psfmag_ps1 16.635178 15.808854 14.888323 13.244 63050395674581410 1093383940 bright_3x1 mwm_astar_core_boss mwm_ob science 0 0 0.0 0.0 -999 ""
FIBERMAP 256 R-3C17 METROLOGY 0 0 0 1 0 0 107.3856160594933 -71.6304059030224 143.1 57.9788184599658 -115.34102338787633 313.6423 100.679596 -999.0 -999.0 -999.0 -999.0 -999.0 290.1512184404869 7.918920046027584 290.13388346027347 7.976988933215073 65.1720179333388 183.50936841975764 -999.0 6231.0 -999.0 -1 -999 {-999.0 -999.0 -999.0 -999.0 -999.0} "" -999.0 -999.0 -999.0 -999.0 -999 -999 "" "" "" "" 0 0 0.0 0.0 -999 ""
FIBERMAP 260 R+3C9 APOGEE 1 1 0 1 0 0 -89.74478592636284 39.76265428714252 143.1 -58.38596100784147 78.91594230039615 302.82333 36.744797 289.6182268928339 8.804270234869843 -1.1621537 -3.4471898 0.41849482 289.61822339171493 8.804259972189344 289.5986432045315 8.86080357666132 66.02106610450716 184.9221124896797 16000.0 16600.0 2016.0 2 121 {-999.0 18.64775 16.810661 16.01318 -999.0} sdss_psfmag_ps1 17.823177 16.59281 15.51206 12.885 63050395675300363 916907476 bright_3x1 mwm_yso_disk_apogee mwm_yso science 0 0 0.0 0.0 -999 ""
FIBERMAP 260 R+3C9 BOSS 0 0 0 1 0 0 -90.43067525274637 40.01040468398003 143.1 -58.859925014821414 79.47025506683916 302.82333 36.744797 -999.0 -999.0 -999.0 -999.0 -999.0 289.6160122492812 8.806730615893015 289.5964325101032 8.863358972749497 66.02345508300087 184.92793238318092 -999.0 5400.0 -999.0 1 32 {-999.0 -999.0 -999.0 -999.0 -999.0} "" -999.0 -999.0 -999.0 -999.0 -999 -999 "" "" "" "" 0 0 0.0 0.0 -999 ""
FIBERMAP 260 R+3C9 METROLOGY 0 0 0 1 0 0 -89.87622714523295 40.503598531707844 143.1 -58.13415058700281 79.62513336335496 302.82333 36.744797 -999.0 -999.0 -999.0 -999.0 -999.0 289.6193627080547 8.807450204784805 289.5997793301592 8.864061014238596 66.02439680748404 184.91994248993115 -999.0 6231.0 -999.0 -1 -999 {-999.0 -999.0 -999.0 -999.0 -999.0} "" -999.0 -999.0 -999.0 -999.0 -999 -999 "" "" "" "" 0 0 0.0 0.0 -999 ""
FIBERMAP 261 R+4C15 APOGEE 1 1 0 1 0 0 46.11092477055847 75.4276499619389 143.1 77.36168159477081 42.80064308645368 245.64017 41.615917 290.242988970889 8.638307135200982 -3.3530598 -6.6321096 0.19620758 290.2429788739066 8.63828739064775 290.2238351856974 8.696394524989095 65.89503137597649 183.38349749895505 16000.0 16600.0 2016.0 2 65 {-999.0 17.167393 14.701748 13.299567 -999.0} sdss_psfmag_from_g3xp 15.857095 13.988732 12.714672 9.319 63050395674997301 1152366637 bright_1x1 mwm_galactic_core_dist_apogee_sparse mwm_galactic science 0 0 0.0 0.0 -999 ""
FIBERMAP 261 R+4C15 BOSS 0 0 0 1 0 0 45.86640150457744 76.1254703424564 143.1 77.49386053445247 43.52821162745854 245.64017 41.615917 -999.0 -999.0 -999.0 -999.0 -999.0 290.2436310628289 8.641526879954288 290.22448385941726 8.699726352196887 65.89839119341771 183.38233870386554 -999.0 5400.0 -999.0 1 212 {-999.0 -999.0 -999.0 -999.0 -999.0} "" -999.0 -999.0 -999.0 -999.0 -999 -999 "" "" "" "" 0 0 0.0 0.0 -999 ""
FIBERMAP 261 R+4C15 METROLOGY 0 0 0 1 0 0 46.59877565441787 75.99979165610917 143.1 78.06855797962213 43.057071485295815 245.64017 41.615917 -999.0 -999.0 -999.0 -999.0 -999.0 290.246262559654 8.63939365879612 290.2271194787324 8.697574082395084 65.89637225794284 183.37570275019988 -999.0 6231.0 -999.0 -1 -999 {-999.0 -999.0 -999.0 -999.0 -999.0} "" -999.0 -999.0 -999.0 -999.0 -999 -999 "" "" "" "" 0 0 0.0 0.0 -999 ""
FIBERMAP 264 R+10C3 APOGEE 1 1 0 1 0 0 -139.0807798623045 173.19088944526612 143.1 -35.356917003522526 219.30769844892546 319.39526 39.31919 289.72628232521487 9.43919299468627 -5.9952364 -2.5689018 2.3752875 289.72626423172494 9.439185346769793 289.7050797313227 9.495891251987208 66.66207082724333 184.7748882584876 16000.0 16600.0 2016.0 2 136 {-999.0 12.354838 11.785757 11.542973 -999.0} sdss_psfmag_from_g3xp 12.214793 11.799919 11.202042 10.124 63050395675445676 1069524485 bright_18x1 mwm_bin_rv_short_subgiant_apogee mwm_bin science 0 0 0.0 0.0 -999 ""
FIBERMAP 264 R+10C3 BOSS 0 0 0 1 0 0 -139.82375340795696 173.1944588988552 143.1 -36.001164268348525 219.67790248727536 319.39526 39.31919 -999.0 -999.0 -999.0 -999.0 -999.0 289.72329675281225 9.440799461251123 289.70211494007066 9.497585658484494 66.66355327031883 184.78255482680052 -999.0 5400.0 -999.0 1 16 {-999.0 -999.0 -999.0 -999.0 -999.0} "" -999.0 -999.0 -999.0 -999.0 -999 -999 "" "" "" "" 0 0 0.0 0.0 -999 ""
FIBERMAP 264 R+10C3 METROLOGY 0 0 0 1 0 0 -139.45231701374328 173.84209288471612 143.1 -35.358209108717915 220.05749092770324 319.39526 39.31919 -999.0 -999.0 -999.0 -999.0 -999.0 289.72626064101763 9.442518242860324 289.70507277944307 9.499286536002932 66.6654570676715 184.7755136661779 -999.0 6231.0 -999.0 -1 -999 {-999.0 -999.0 -999.0 -999.0 -999.0} "" -999.0 -999.0 -999.0 -999.0 -999 -999 "" "" "" "" 0 0 0.0 0.0 -999 ""
FIBERMAP 285 R-8C18 APOGEE 0 0 0 1 0 0 191.98879878433104 -161.16026982155304 143.1 87.30439701818112 -234.98880099757073 343.20422 110.10411 -999.0 -999.0 -999.0 -999.0 -999.0 290.2821052151596 7.379382349836954 290.2661196904324 7.437795606413655 64.63992244881584 183.1382075257768 -999.0 16600.0 -999.0 2 -999 {-999.0 -999.0 -999.0 -999.0 -999.0} "" -999.0 -999.0 -999.0 -999.0 -999 -999 "" "" "" "" 0 0 0.0 0.0 -999 ""
FIBERMAP 285 R-8C18 BOSS 1 1 0 1 0 0 192.04120624258883 -161.89067922030213 143.1 86.98907245713987 -235.64978179465805 343.20422 110.10411 290.2806564257775 7.376354084683175 -3.1558747 -15.088918 1.3885618 290.28064695197344 7.37630916323976 290.26467335554815 7.434816123041888 64.63687956523651 183.14122928681735 5400.0 5400.0 2016.0 1 319 {-999.0 21.160925 19.19217 18.18607 -999.0} sdss_psfmag_ps1 20.127476 18.754412 17.646687 15.458 63050395662652240 1095083763 bright_1x1 mwm_bin_vis_boss mwm_filler science 0 0 0.0 0.0 -999 ""
FIBERMAP 285 R-8C18 METROLOGY 0 0 0 1 0 0 191.36827028726503 -161.57452380746122 143.1 86.56016998628876 -235.04239150011642 343.20422 110.10411 -999.0 -999.0 -999.0 -999.0 -999.0 290.27871360781717 7.379055051628069 290.26273213060625 7.437529350970658 64.63950034521653 183.14601275882816 -999.0 6231.0 -999.0 -1 -999 {-999.0 -999.0 -999.0 -999.0 -999.0} "" -999.0 -999.0 -999.0 -999.0 -999 -999 "" "" "" "" 0 0 0.0 0.0 -999 ""
FIBERMAP 288 R-1C7 APOGEE 1 1 0 1 0 0 -130.2772700862099 -33.391789491256056 143.1 -129.7740402938524 35.33555155961699 15.932521 45.175365 289.28969791829024 8.606210020480358 -2.928725 -4.1110497 0.110665634 289.2896890998452 8.606197781412675 289.2706017261853 8.66196405002504 65.797363298206 185.67567050006667 16000.0 16600.0 2016.0 2 247 {-999.0 20.695957 17.515898 15.887834 -999.0} sdss_psfmag_ps1 18.772028 16.424416 15.038552 10.933 63050395675135735 1154163870 bright_1x1 mwm_galactic_core_dist_apogee_sparse mwm_galactic science 0 0 0.0 0.0 -999 ""
FIBERMAP 288 R-1C7 BOSS 0 0 0 1 0 0 -130.59934111884755 -34.0623217926027 143.1 -130.38538654699988 34.911661936463624 15.932521 45.175365 -999.0 -999.0 -999.0 -999.0 -999.0 289.2868191916293 8.604193599497764 289.26774460286435 8.660044621078935 65.79521295061035 185.68214125016624 -999.0 5400.0 -999.0 1 483 {-999.0 -999.0 -999.0 -999.0 -999.0} "" -999.0 -999.0 -999.0 -999.0 -999 -999 "" "" "" "" 0 0 0.0 0.0 -999 ""
FIBERMAP 288 R-1C7 METROLOGY 0 0 0 1 0 0 -131.0213328421991 -33.44247063609711 143.1 -130.44603963596867 35.65912321173573 15.932521 45.175365 -999.0 -999.0 -999.0 -999.0 -999.0 289.28656003843975 8.6076158878508 289.26747456492535 8.663439764056168 65.7985735448502 185.68348760419812 -999.0 6231.0 -999.0 -1 -999 {-999.0 -999.0 -999.0 -999.0 -999.0} "" -999.0 -999.0 -999.0 -999.0 -999 -999 "" "" "" "" 0 0 0.0 0.0 -999 ""
FIBERMAP 289 R-11C12 APOGEE 1 1 0 1 0 0 68.68580243450766 -194.98946096852458 143.1 -36.62167375511058 -203.47952977180148 174.82326 43.615753 289.7163391113281 7.521606719087558 -999.0 -999.0 -999.0 289.7163391113281 7.521606719087558 289.69999275743567 7.578604999355914 64.7489400790528 184.46777031902667 16000.0 16600.0 2015.5 2 175 {-999.0 -999.0 -999.0 -999.0 -999.0} "" -999.0 -999.0 -999.0 -999.0 27021603150990034 842879028 "" ops_sky_apogee_best ops_sky sky_apogee 0 0 0.0 0.0 -999 ""
FIBERMAP 289 R-11C12 BOSS 0 0 0 1 0 0 69.26164369148707 -194.5317584053999 143.1 -35.894834225260745 -203.36608120276912 174.82326 43.615753 -999.0 -999.0 -999.0 -999.0 -999.0 289.71964958413315 7.52196219803379 289.70330869993495 7.579064709602364 64.74961581133059 184.46015269933764 -999.0 5400.0 -999.0 1 394 {-999.0 -999.0 -999.0 -999.0 -999.0} "" -999.0 -999.0 -999.0 -999.0 -999 -999 "" "" "" "" 0 0 0.0 0.0 -999 ""
FIBERMAP 289 R-11C12 METROLOGY 0 0 0 1 0 0 69.37877447166832 -195.2611551200854 143.1 -36.153381893467866 -204.0581610260124 174.82326 43.615753 -999.0 -999.0 -999.0 -999.0 -999.0 289.7184685940429 7.51889027531152 289.7021336019996 7.5759631597764905 64.74644415979996 184.46239752824502 -999.0 6231.0 -999.0 -1 -999 {-999.0 -999.0 -999.0 -999.0 -999.0} "" -999.0 -999.0 -999.0 -999.0 -999 -999 "" "" "" "" 0 0 0.0 0.0 -999 ""
FIBERMAP 293 R-11C16 APOGEE 1 1 0 1 0 0 179.4410169424521 -196.77178659766372 143.1 58.79866222256022 -259.7529837523352 108.491035 51.389606 290.1513897651165 7.268748845470132 0.883874 -1.5230975 0.32823902 290.1513924178293 7.268744311033665 290.13568270856723 7.326855256302991 64.52283247324144 183.42667220940825 16000.0 16600.0 2016.0 2 218 {-999.0 16.235392 13.7345705 12.359812 -999.0} sdss_psfmag_from_g3xp 14.895219 13.053744 11.784784 8.421 63050395662614522 1152354233 bright_1x1 mwm_galactic_core_dist_apogee_sparse mwm_galactic science 0 0 0.0 0.0 -999 ""
FIBERMAP 293 R-11C16 BOSS 0 0 0 1 0 0 180.1352364038912 -197.01546024615416 143.1 59.28188353657324 -260.3078676994619 108.491035 51.389606 -999.0 -999.0 -999.0 -999.0 -999.0 290.1535737297826 7.266169071271789 290.13787545113183 7.324383028988664 64.52047354325406 183.42133174176112 -999.0 5400.0 -999.0 1 259 {-999.0 -999.0 -999.0 -999.0 -999.0} "" -999.0 -999.0 -999.0 -999.0 -999 -999 "" "" "" "" 0 0 0.0 0.0 -999 ""
FIBERMAP 293 R-11C16 METROLOGY 0 0 0 1 0 0 179.56887612045728 -197.50400205428699 143.1 58.54805010039597 -260.4528153151303 108.491035 51.389606 -999.0 -999.0 -999.0 -999.0 -999.0 290.150226927917 7.265553197652988 290.1345287719711 7.323731486873176 64.51965470686437 183.42896109919923 -999.0 6231.0 -999.0 -1 -999 {-999.0 -999.0 -999.0 -999.0 -999.0} "" -999.0 -999.0 -999.0 -999.0 -999 -999 "" "" "" "" 0 0 0.0 0.0 -999 ""
FIBERMAP 296 R+3C13 APOGEE 1 0 0 1 1 0 2.5696980052435627 72.16479556574929 143.1 37.89068928131193 61.47716685903948 144.36658 91.28314 289.97220228714696 8.602526666829183 -3.1699548 -43.134964 2.6502652 290.06151639039194 8.72395413596121 290.0421516621231 8.781601478540916 65.97049990514365 183.83439550387004 16000.0 16600.0 2016.0 2 5 {-999.0 12.305971 11.267687 10.881235 -999.0} sdss_psfmag_from_g3xp 11.946948 11.292717 10.5178795 8.954 63050395674954011 1149951129 bright_12x1 mwm_bin_rv_short_subgiant_apogee_12epoch mwm_bin science 0 0 0.0 0.0 -999 ""
FIBERMAP 296 R+3C13 BOSS 0 0 0 1 1 0 2.9852954364563438 72.76313130613319 143.1 38.54768411366823 61.79207097744123 144.36658 91.28314 -999.0 -999.0 -999.0 -999.0 -999.0 290.0645612900361 8.72531882396042 290.04519844618346 8.783064352444686 65.9721315806828 183.82721702201968 -999.0 5400.0 -999.0 1 106 {-999.0 -999.0 -999.0 -999.0 -999.0} "" -999.0 -999.0 -999.0 -999.0 -999 -999 "" "" "" "" 0 0 0.0 0.0 -999 ""
FIBERMAP 296 R+3C13 METROLOGY 0 0 0 1 1 0 3.3403395508705858 72.11627946059022 143.1 38.53678573093212 61.054211329992846 144.36658 91.28314 -999.0 -999.0 -999.0 -999.0 -999.0 290.06450018311864 8.721980550626412 290.04514426683306 8.779700720628133 65.96877033653801 183.82687919997613 -999.0 6231.0 -999.0 -1 -999 {-999.0 -999.0 -999.0 -999.0 -999.0} "" -999.0 -999.0 -999.0 -999.0 -999 -999 "" "" "" "" 0 0 0.0 0.0 -999 ""
FIBERMAP 298 R-12C13 APOGEE 0 0 0 1 0 0 117.43324060915232 -238.92378320984236 143.1 -15.94385928221953 -265.7660770911886 254.86766 161.52077 -999.0 -999.0 -999.0 -999.0 -999.0 289.81053590376615 7.242457980142557 289.7948904796402 7.299735192683706 64.47667897514961 184.20702309383145 -999.0 16600.0 -999.0 2 -999 {-999.0 -999.0 -999.0 -999.0 -999.0} "" -999.0 -999.0 -999.0 -999.0 -999 -999 "" "" "" "" 0 0 0.0 0.0 -999 ""
FIBERMAP 298 R-12C13 BOSS 1 1 0 1 0 0 117.03202707288182 -239.5429820316025 143.1 -16.598655776229233 -266.1062285583693 254.86766 161.52077 289.80752829373915 7.240858066801175 4.727732 -2.815714 2.2229805 289.8075424818908 7.2408496840969185 289.79190670543846 7.298217203618391 64.47497971823928 184.21365921773216 5400.0 5400.0 2016.0 1 344 {-999.0 21.554287 19.630623 18.401844 -999.0} sdss_psfmag_ps1 20.317062 19.015417 17.833614 15.164 63050395662627423 1096569652 bright_1x1 mwm_bin_vis_boss mwm_filler science 0 0 0.0 0.0 -999 ""
FIBERMAP 298 R-12C13 METROLOGY 0 0 0 1 0 0 116.68810026414697 -238.88599635026 143.1 -16.57308387476803 -265.3650506218695 254.86766 161.52077 -999.0 -999.0 -999.0 -999.0 -999.0 289.8076647831425 7.244178754574044 289.7920194242369 7.301518367689802 64.47828144061728 184.2138773089542 -999.0 6231.0 -999.0 -1 -999 {-999.0 -999.0 -999.0 -999.0 -999.0} "" -999.0 -999.0 -999.0 -999.0 -999 -999 "" "" "" "" 0 0 0.0 0.0 -999 ""
FIBERMAP 302 R-2C21 APOGEE 1 1 0 1 0 0 162.6317092472399 -26.31607367637387 143.1 128.40459622126326 -103.23737664151457 200.07726 44.54899 290.4742647206321 7.973450363688227 -1.7853264 -8.236917 0.40613472 290.47425935362475 7.973425841440402 290.4567899508771 8.032210792100418 65.24201459838598 182.75376280723998 16000.0 16600.0 2016.0 2 228 {-999.0 15.22799 13.844685 13.217347 -999.0} sdss_psfmag_from_g3xp 14.66422 13.768849 12.813749 10.739 63050395674713895 1150395605 bright_12x1 mwm_bin_rv_short_subgiant_apogee_12epoch mwm_bin science 0 0 0.0 0.0 -999 ""
FIBERMAP 302 R-2C21 BOSS 0 0 0 1 0 0 162.94291540053513 -25.64362543770726 143.1 129.00744218617973 -102.8064528268574 200.07726 44.54899 -999.0 -999.0 -999.0 -999.0 -999.0 290.47707029994575 7.975246338732615 290.45960029525753 8.03413199491617 65.24404761071187 182.74731001398652 -999.0 5400.0 -999.0 1 284 {-999.0 -999.0 -999.0 -999.0 -999.0} "" -999.0 -999.0 -999.0 -999.0 -999 -999 "" "" "" "" 0 0 0.0 0.0 -999 ""
FIBERMAP 302 R-2C21 METROLOGY 0 0 0 1 0 0 163.37647655621 -26.251131292488868 143.1 129.0842545921576 -103.54889635115369 200.07726 44.54899 -999.0 -999.0 -999.0 -999.0 -999.0 290.4773916560319 7.971912549679528 290.4599289070531 8.030772886701993 65.24070452709876 182.7462072421489 -999.0 6231.0 -999.0 -1 -999 {-999.0 -999.0 -999.0 -999.0 -999.0} "" -999.0 -999.0 -999.0 -999.0 -999 -999 "" "" "" "" 0 0 0.0 0.0 -999 ""
FIBERMAP 307 R0C7 APOGEE 1 1 0 1 0 0 -147.34694556499534 -9.739319547477576 143.1 -132.92942191484607 64.33529051540205 317.28326 115.16771 289.2755126953125 8.738007130251049 -999.0 -999.0 -999.0 289.2755126953125 8.73800713025105 289.2560912609013 8.793716742319221 65.9274304367769 185.73787343651068 16000.0 16600.0 2015.5 2 250 {-999.0 -999.0 -999.0 -999.0 -999.0} "" -999.0 -999.0 -999.0 -999.0 27021603150996750 849034667 "" ops_sky_apogee_good ops_sky sky_apogee 0 0 0.0 0.0 -999 ""
FIBERMAP 307 R0C7 BOSS 0 0 0 1 0 0 -147.5711594014795 -10.441551734646241 143.1 -133.47134473287588 63.835487166202654 317.28326 115.16771 -999.0 -999.0 -999.0 -999.0 -999.0 289.2729620053467 8.735668545520888 289.2535542220065 8.791463193884123 65.92497168001103 185.7435272204455 -999.0 5400.0 -999.0 1 493 {-999.0 -999.0 -999.0 -999.0 -999.0} "" -999.0 -999.0 -999.0 -999.0 -999 -999 "" "" "" "" 0 0 0.0 0.0 -999 ""
FIBERMAP 307 R0C7 METROLOGY 0 0 0 1 0 0 -148.0779111646437 -9.892486964786919 143.1 -133.64067144008015 64.56327972988122 317.28326 115.16771 -999.0 -999.0 -999.0 -999.0 -999.0 289.27220659906004 8.738995579083745 289.2527881423334 8.794762033668754 65.92819405169872 185.74606527858836 -999.0 6231.0 -999.0 -1 -999 {-999.0 -999.0 -999.0 -999.0 -999.0} "" -999.0 -999.0 -999.0 -999.0 -999 -999 "" "" "" "" 0 0 0.0 0.0 -999 ""
FIBERMAP 310 R+1C8 APOGEE 0 0 0 1 0 0 -102.56045459786313 19.45464571498993 143.1 -79.56321619451052 67.59042747002376 61.10845 42.50901 -999.0 -999.0 -999.0 -999.0 -999.0 289.52064141827987 8.75283038628395 289.5011886648932 8.809142023236188 65.96235615506399 185.14864880755093 -999.0 16600.0 -999.0 2 -999 {-999.0 -999.0 -999.0 -999.0 -999.0} "" -999.0 -999.0 -999.0 -999.0 -999 -999 "" "" "" "" 0 0 0.0 0.0 -999 ""
FIBERMAP 310 R+1C8 BOSS 1 1 0 1 0 0 -102.37644044969548 18.732259437705487 143.1 -79.76014535589361 66.87139635958728 61.10845 42.50901 289.5193723138383 8.749513650034851 -1.2672298 -3.8940344 0.37809092 289.51968164402876 8.749502057046655 289.5002443040644 8.80590274978777 65.95905506329098 185.15032588241618 5400.0 5400.0 2016.0 1 46 {-999.0 13.710874 13.020674 12.722321 -999.0} sdss_psfmag_from_g3xp 13.502623 13.018248 12.355943 11.339 63050395675289674 1068464604 bright_3x1 mwm_ob_core_boss mwm_ob science 0 0 1.1142113208770752 0.0 -999 ""
FIBERMAP 310 R+1C8 METROLOGY 0 0 0 1 0 0 -103.09913300556413 18.938421390118933 143.1 -80.28665823724552 67.40773256652122 61.10845 42.50901 -999.0 -999.0 -999.0 -999.0 -999.0 289.5172751078454 8.751962438129967 289.49782951424686 8.808331029820103 65.9612938536282 185.15662200973816 -999.0 6231.0 -999.0 -1 -999 {-999.0 -999.0 -999.0 -999.0 -999.0} "" -999.0 -999.0 -999.0 -999.0 -999 -999 "" "" "" "" 0 0 0.0 0.0 -999 ""
FIBERMAP 322 R+11C6 APOGEE 1 1 0 1 0 0 -68.96652675898069 200.0319653343718 143.1 38.86906803175363 208.0026610641396 263.41904 73.31008 290.067339045919 9.387554923413747 -2.7813334 -6.334239 0.12054817 290.06733065317104 9.387536065655688 290.0462910674652 9.445089003089029 66.63312206505151 183.91929968861004 16000.0 16600.0 2016.0 2 4 {-999.0 20.717968 17.211584 15.510672 -999.0} sdss_psfmag_ps1 18.501785 16.073458 14.631868 10.502 63050395676194828 1154166143 bright_1x1 mwm_galactic_core_dist_apogee_sparse mwm_galactic science 0 0 0.0 0.0 -999 ""
FIBERMAP 322 R+11C6 BOSS 0 0 0 1 0 0 -69.6467757768196 200.32054131471102 143.1 38.42018000477397 208.58968456866228 263.41904 73.31008 -999.0 -999.0 -999.0 -999.0 -999.0 290.06527397397986 9.390140485041076 290.04423289583013 9.447776047793699 66.63568616550893 183.92480504390662 -999.0 5400.0 -999.0 1 143 {-999.0 -999.0 -999.0 -999.0 -999.0} "" -999.0 -999.0 -999.0 -999.0 -999 -999 "" "" "" "" 0 0 0.0 0.0 -999 ""
FIBERMAP 322 R+11C6 METROLOGY 0 0 0 1 0 0 -69.05621960405186 200.7845036087533 143.1 39.16290697258544 208.70130535087492 263.41904 73.31008 -999.0 -999.0 -999.0 -999.0 -999.0 290.06868805914786 9.390642353973112 290.0476443626976 9.448261252619549 66.63636668607938 183.91640505730624 -999.0 6231.0 -999.0 -1 -999 {-999.0 -999.0 -999.0 -999.0 -999.0} "" -999.0 -999.0 -999.0 -999.0 -999 -999 "" "" "" "" 0 0 0.0 0.0 -999 ""
FIBERMAP 325 R+6C4 APOGEE 0 0 0 1 0 0 -169.6407887180979 134.44547683014804 143.1 -81.07261825058046 200.71838586016352 203.64801 15.16956 -999.0 -999.0 -999.0 -999.0 -999.0 289.51593500076206 9.355509090516934 289.49495535341225 9.411710581849926 66.56264123332895 185.27974664509108 -999.0 16600.0 -999.0 2 -999 {-999.0 -999.0 -999.0 -999.0 -999.0} "" -999.0 -999.0 -999.0 -999.0 -999 -999 "" "" "" "" 0 0 0.0 0.0 -999 ""
FIBERMAP 325 R+6C4 BOSS 1 1 0 1 0 0 -169.05611896406546 134.92367750722588 143.1 -80.3279743563397 200.84529528590835 203.64801 15.16956 289.5193390943912 9.356046525777899 -2.2389648 -2.9985352 -0.047152024 289.51933233886814 9.356037598793842 289.4983585766575 9.412335664293467 66.56352751156558 185.27145472723635 5400.0 5400.0 2016.0 1 38 {-999.0 17.004824 15.7775345 15.255366 -999.0} sdss_psfmag_ps1 16.421648 15.728391 14.656395 12.834 63050395675436400 1093383878 bright_3x1 mwm_astar_core_boss mwm_ob science 0 0 0.0 0.0 -999 ""
FIBERMAP 325 R+6C4 METROLOGY 0 0 0 1 0 0 -168.94264984387456 134.18229610743072 143.1 -80.5956274029488 200.14460406519436 203.64801 15.16956 -999.0 -999.0 -999.0 -999.0 -999.0 289.5180931989943 9.352901770063593 289.49712528603783 9.409172281808466 66.56027855332405 185.27388107933817 -999.0 6231.0 -999.0 -1 -999 {-999.0 -999.0 -999.0 -999.0 -999.0} "" -999.0 -999.0 -999.0 -999.0 -999 -999 "" "" "" "" 0 0 0.0 0.0 -999 ""
FIBERMAP 333 R+12C2 APOGEE 1 1 0 1 0 0 -125.12538656432535 249.77317010188847 143.1 14.616226840108052 279.00021235962754 109.11891 59.330807 289.9564526902255 9.705319891542997 -0.9908999 -2.7406847 -0.27904773 289.9564496973682 9.705311732209312 289.93460082826425 9.76254055882444 66.9433012203778 184.24710892334096 16000.0 16600.0 2016.0 2 132 {-999.0 24.381626 20.058079 17.36432 -999.0} sdss_psfmag_ps1 20.878859 17.405825 15.8354025 10.663 63050395676231675 1154166417 bright_1x1 mwm_galactic_core_dist_apogee_sparse mwm_galactic science 0 0 0.0 0.0 -999 ""
FIBERMAP 333 R+12C2 BOSS 0 0 0 1 0 0 -124.40329423188486 249.62595649492016 143.1 15.171343985547697 278.5154279438351 109.11891 59.330807 -999.0 -999.0 -999.0 -999.0 -999.0 289.9589848461011 9.703058027903943 289.93714729781203 9.760380243859645 66.9413036740083 184.24036561899814 -999.0 5400.0 -999.0 1 6 {-999.0 -999.0 -999.0 -999.0 -999.0} "" -999.0 -999.0 -999.0 -999.0 -999 -999 "" "" "" "" 0 0 0.0 0.0 -999 ""
FIBERMAP 333 R+12C2 METROLOGY 0 0 0 1 0 0 -124.88711036977125 249.06063203418742 143.1 14.4713441567225 278.2629335347125 109.11891 59.330807 -999.0 -999.0 -999.0 -999.0 -999.0 289.95577510911886 9.70197153220021 289.9339386008365 9.759261441795003 66.93998741763892 184.24824261548034 -999.0 6231.0 -999.0 -1 -999 {-999.0 -999.0 -999.0 -999.0 -999.0} "" -999.0 -999.0 -999.0 -999.0 -999 -999 "" "" "" "" 0 0 0.0 0.0 -999 ""
FIBERMAP 343 R+11C1 APOGEE 1 1 0 1 0 0 -183.42399190765835 198.78243304464505 143.1 -61.268381595083376 263.4692013192242 285.01926 41.83732 289.60829731365203 9.63690109089219 -13.175993 -125.27939 17.245905 289.60825752577955 9.63652811974344 289.5865636587437 9.692911821949918 66.84997647295214 185.10686631931213 16000.0 16600.0 2016.0 2 139 {-999.0 13.332946 12.035201 11.307015 -999.0} sdss_psfmag_from_g3xp 12.827003 11.889734 10.925735 9.119 63050395676625145 1069182945 bright_8x1 mwm_bin_rv_short_mdwarf_apogee_08epoch mwm_bin science 0 0 0.0 0.0 -999 ""
FIBERMAP 343 R+11C1 BOSS 0 0 0 1 0 0 -184.03254275733778 199.18387605494027 143.1 -61.59916133392439 264.1189362167284 285.01926 41.83732 -999.0 -999.0 -999.0 -999.0 -999.0 289.60674549401705 9.639333550748246 289.58505559200864 9.695799746042724 66.85274313120658 185.1111946596922 -999.0 5400.0 -999.0 1 9 {-999.0 -999.0 -999.0 -999.0 -999.0} "" -999.0 -999.0 -999.0 -999.0 -999 -999 "" "" "" "" 0 0 0.0 0.0 -999 ""
FIBERMAP 343 R+11C1 METROLOGY 0 0 0 1 0 0 -183.37108223699553 199.5214275548814 143.1 -60.857242568472834 264.08561002253276 285.01926 41.83732 -999.0 -999.0 -999.0 -999.0 -999.0 289.61014710973035 9.639213760309634 289.5884557366336 9.695663672876005 66.85286195478358 185.10266685963023 -999.0 6231.0 -999.0 -1 -999 {-999.0 -999.0 -999.0 -999.0 -999.0} "" -999.0 -999.0 -999.0 -999.0 -999 -999 "" "" "" "" 0 0 0.0 0.0 -999 ""
FIBERMAP 361 R+13C14 APOGEE 1 1 0 1 0 0 135.59884753934662 246.59642219885137 143.1 239.74472219198822 147.41519110984726 192.93399 132.46007 290.985030356262 9.106429319826303 39.895756 -11.093056 12.5151005 290.9851506466374 9.106396294503973 290.9648538353881 9.166244638220661 66.39178690688054 181.61786657008454 16000.0 16600.0 2016.0 2 98 {-999.0 16.449175 15.21477 14.014372 -999.0} sdss_psfmag_ps1 15.989726 14.592808 13.429059 11.342 63050395675727822 1068807180 bright_18x1 mwm_bin_rv_short_mdwarf_apogee_18epoch mwm_bin science 0 0 0.0 0.0 -999 ""
FIBERMAP 361 R+13C14 BOSS 0 0 0 1 0 0 134.99380697944204 247.01519471128938 143.1 239.42555706997237 148.0782594817389 192.93399 132.46007 -999.0 -999.0 -999.0 -999.0 -999.0 290.983688572816 9.10930398877134 290.9633897312686 9.16923723040988 66.39474383353695 181.6216546433068 -999.0 5400.0 -999.0 1 90 {-999.0 -999.0 -999.0 -999.0 -999.0} "" -999.0 -999.0 -999.0 -999.0 -999 -999 "" "" "" "" 0 0 0.0 0.0 -999 ""
FIBERMAP 361 R+13C14 METROLOGY 0 0 0 1 0 0 135.66044916124486 247.3427569725972 143.1 240.16704561307554 148.03368746678314 192.93399 132.46007 -999.0 -999.0 -999.0 -999.0 -999.0 290.9870372814781 9.109083194890362 290.96673850808276 9.168999365589125 66.39458552346622 181.61338674532453 -999.0 6231.0 -999.0 -1 -999 {-999.0 -999.0 -999.0 -999.0 -999.0} "" -999.0 -999.0 -999.0 -999.0 -999 -999 "" "" "" "" 0 0 0.0 0.0 -999 ""
FIBERMAP 368 R-8C2 APOGEE 0 0 0 1 0 0 -177.06160118278302 -147.55997738726816 143.1 -226.86279789172102 -40.81702294864 15.584723 162.51227 -999.0 -999.0 -999.0 -999.0 -999.0 288.8468478119594 8.260665104242745 288.8286272471359 8.315394455289363 65.4123231587703 186.65302136206157 -999.0 16600.0 -999.0 2 -999 {-999.0 -999.0 -999.0 -999.0 -999.0} "" -999.0 -999.0 -999.0 -999.0 -999 -999 "" "" "" "" 0 0 0.0 0.0 -999 ""
FIBERMAP 368 R-8C2 BOSS 1 1 0 1 0 0 -176.22593120096707 -147.6481293372354 143.1 -226.17974353875712 -41.306571904949614 15.584723 162.51227 288.84990603985176 8.258353216692102 -1.4191581 -3.7137566 0.3282887 288.84990177058467 8.258342160411713 288.83169641632446 8.313172488418452 65.41041079651343 186.64523300353892 5400.0 5400.0 2016.0 1 489 {-999.0 14.892738 13.937768 13.437535 -999.0} sdss_psfmag_from_g3xp 14.522241 13.899698 13.023444 11.663 63050395675074022 1093197366 bright_3x1 mwm_astar_core_boss mwm_ob science 0 0 0.0 0.0 -999 ""
FIBERMAP 368 R-8C2 METROLOGY 0 0 0 1 0 0 -176.7133025316619 -148.21978798898581 143.1 -226.88596428565398 -41.562817246790985 15.584723 162.51227 -999.0 -999.0 -999.0 -999.0 -999.0 288.84671587436367 8.257214934955474 288.82851071591733 8.312011202515432 65.40894499040529 186.65249664159654 -999.0 6231.0 -999.0 -1 -999 {-999.0 -999.0 -999.0 -999.0 -999.0} "" -999.0 -999.0 -999.0 -999.0 -999 -999 "" "" "" "" 0 0 0.0 0.0 -999 ""
FIBERMAP 372 R+12C4 APOGEE 0 0 0 1 0 0 -81.43116498895725 232.23221747544494 143.1 43.94116478668389 242.1593124555188 303.59085 158.7347 -999.0 -999.0 -999.0 -999.0 -999.0 290.09078216154126 9.540553568435614 290.06935643618414 9.598139212594011 66.78723425563705 183.8843219025863 -999.0 16600.0 -999.0 2 -999 {-999.0 -999.0 -999.0 -999.0 -999.0} "" -999.0 -999.0 -999.0 -999.0 -999 -999 "" "" "" "" 0 0 0.0 0.0 -999 ""
FIBERMAP 372 R+12C4 BOSS 1 1 0 1 0 0 -81.25239588046449 231.51865136035218 143.1 43.7440331044318 241.4505419760187 303.59085 158.7347 290.0898742675781 9.537326359169299 -999.0 -999.0 -999.0 290.0898742675781 9.5373263591693 290.0684618806762 9.594997780090669 66.78404709962652 183.8860955169908 5400.0 5400.0 2015.5 1 93 {-999.0 -999.0 -999.0 -999.0 -999.0} "" -999.0 -999.0 -999.0 -999.0 27021603151006204 851826165 "" ops_sky_boss_fallback ops_sky sky_boss 0 0 0.0 0.0 -999 ""
FIBERMAP 372 R+12C4 METROLOGY 0 0 0 1 0 0 -81.97214479669788 231.7184054201867 143.1 43.21691358409723 241.97985211863593 303.59085 158.7347 -999.0 -999.0 -999.0 -999.0 -999.0 290.08745702416644 9.539724626676547 290.0660369396334 9.59736492142608 66.78627197240216 183.89249832976526 -999.0 6231.0 -999.0 -1 -999 {-999.0 -999.0 -999.0 -999.0 -999.0} "" -999.0 -999.0 -999.0 -999.0 -999 -999 "" "" "" "" 0 0 0.0 0.0 -999 ""
FIBERMAP 373 R-8C13 APOGEE 0 0 0 1 0 0 59.643542579091296 -152.1944652567187 143.1 -23.339017348587532 -161.8017983685312 94.7781 163.45784 -999.0 -999.0 -999.0 -999.0 -999.0 289.7773726803494 7.709384942395589 289.7605550948439 7.766501979056397 64.94035387569714 184.355722461715 -999.0 16600.0 -999.0 2 -999 {-999.0 -999.0 -999.0 -999.0 -999.0} "" -999.0 -999.0 -999.0 -999.0 -999 -999 "" "" "" "" 0 0 0.0 0.0 -999 ""
FIBERMAP 373 R-8C13 BOSS 1 1 0 1 0 0 59.78805022773417 -151.46798892208372 143.1 -22.854419627967225 -161.24153235642584 94.7781 163.45784 289.77958762572536 7.711767225532737 -1.1947896 -2.354807 0.34732586 289.7795840362346 7.711760215001781 289.76276669789195 7.768977614365051 64.94296552775167 184.35093613680013 5400.0 5400.0 2016.0 1 353 {-999.0 19.028551 17.295876 16.331276 15.607167} sdss_psfmag_from_ps1dr2 18.2906 17.1198 16.0427 13.75 63050395674570881 1040150590 "" ops_std_boss_ps1dr2 ops_std standard_boss 0 0 0.0 0.0 -999 ""
FIBERMAP 373 R-8C13 METROLOGY 0 0 0 1 0 0 60.34629268760317 -151.94385746454464 143.1 -22.604156098085387 -161.9311226101598 94.7781 163.45784 -999.0 -999.0 -999.0 -999.0 -999.0 289.78073016628406 7.708676329551525 289.7639188429247 7.76587005897652 64.93993789296695 184.3477740428164 -999.0 6231.0 -999.0 -1 -999 {-999.0 -999.0 -999.0 -999.0 -999.0} "" -999.0 -999.0 -999.0 -999.0 -999 -999 "" "" "" "" 0 0 0.0 0.0 -999 ""
FIBERMAP 375 R+2C25 APOGEE 0 0 0 1 0 0 279.6439924191426 50.043708524998095 143.1 267.8751349352114 -94.65834349633478 65.82637 93.97136 -999.0 -999.0 -999.0 -999.0 -999.0 291.10741720220875 8.011882888505603 291.08986523459316 8.072211094765478 65.30063741996416 181.25878407052522 -999.0 16600.0 -999.0 2 57 {-999.0 -999.0 -999.0 -999.0 -999.0} "" -999.0 -999.0 -999.0 -999.0 -999 -999 "" "" "" "" 0 0 0.0 0.0 -999 ""
FIBERMAP 375 R+2C25 BOSS 1 1 0 1 0 0 280.33924854769845 49.80136639898138 143.1 268.3599155251137 -95.21258190618173 65.82637 93.97136 291.10954667451966 8.009303565097746 1.3759806 -2.8430297 2.4325027 291.10955081132477 8.009295101071247 291.0920065607203 8.069722960620101 65.2981891902337 181.2536007163575 5400.0 5400.0 2016.0 1 176 {-999.0 17.335506 15.84027 15.058649 -999.0} sdss_psfmag_ps1 16.66633 15.61314 14.592259 12.523 63050395663042803 917249755 bright_3x1 mwm_yso_pms_boss_zari18pms mwm_yso science 0 0 0.0 0.0 -999 ""
FIBERMAP 375 R+2C25 METROLOGY 0 0 0 1 0 0 279.7833676626643 49.31159144414893 143.1 267.6345845681284 -95.36377956644154 65.82637 93.97136 -999.0 -999.0 -999.0 -999.0 -999.0 291.1062883954327 8.008638743800608 291.0887457624326 8.069032065619117 65.29743824507945 181.2612939152803 -999.0 6231.0 -999.0 -1 -999 {-999.0 -999.0 -999.0 -999.0 -999.0} "" -999.0 -999.0 -999.0 -999.0 -999 -999 "" "" "" "" 0 0 0.0 0.0 -999 ""
FIBERMAP 380 R-1C10 APOGEE 0 0 0 1 0 0 -89.02451218359784 -23.493599555010615 143.1 -89.01436334201208 23.559134954373146 183.32648 132.1229 -999.0 -999.0 -999.0 -999.0 -999.0 289.47673905689044 8.552510804561164 289.45779169942404 8.608747211857567 65.75925774020884 185.2155811990387 -999.0 16600.0 -999.0 2 -999 {-999.0 -999.0 -999.0 -999.0 -999.0} "" -999.0 -999.0 -999.0 -999.0 -999 -999 "" "" "" "" 0 0 0.0 0.0 -999 ""
FIBERMAP 380 R-1C10 BOSS 1 1 0 1 0 0 -89.59105279257344 -22.98519743002329 143.1 -89.25576734124454 24.2811130416875 183.32648 132.1229 289.4755875714908 8.555738701569883 -1.4984542 -6.6681056 0.07113046 289.4755830602173 8.555718849852648 289.45663482033393 8.612043577781295 65.76245576881246 185.21898012123847 5400.0 5400.0 2016.0 1 441 {-999.0 16.33121 14.717801 13.893495 -999.0} sdss_psfmag_from_g3xp 15.606022 14.489592 13.443389 11.612 63050395675127841 1093195368 bright_3x1 mwm_astar_core_boss mwm_ob science 0 0 0.0 0.0 -999 ""
FIBERMAP 380 R-1C10 METROLOGY 0 0 0 1 0 0 -88.86572550732441 -22.76459422447466 143.1 -88.51610052756605 24.11454469924869 183.32648 132.1229 -999.0 -999.0 -999.0 -999.0 -999.0 289.47899244649994 8.554980836975277 289.4600440467545 8.611288104937449 65.76196312181516 185.21065132324551 -999.0 6231.0 -999.0 -1 -999 {-999.0 -999.0 -999.0 -999.0 -999.0} "" -999.0 -999.0 -999.0 -999.0 -999 -999 "" "" "" "" 0 0 0.0 0.0 -999 ""
FIBERMAP 382 R+9C5 APOGEE 1 1 0 1 0 0 -93.79819259965944 192.61905801078197 143.1 13.61539815478041 213.82641606629647 114.89494 61.83292 289.95129252933543 9.414178004948491 -0.117253594 -5.631745 1.249212 289.95129217549237 9.414161238596387 289.9301802613594 9.471424703105404 66.6524876502796 184.21167248905238 16000.0 16600.0 2016.0 2 112 {-999.0 11.341719 11.271815 11.299817 -999.0} sdss_psfmag_from_g3xp 11.37771 11.235016 10.966721 10.58 63050395676200223 975060392 "" ops_std_apogee ops_std standard_apogee 0 0 0.0 0.0 -999 ""
FIBERMAP 382 R+9C5 BOSS 0 0 0 1 0 0 -93.06208628904976 192.5028580341984 143.1 14.19802408539895 213.36167355731922 114.89494 61.83292 -999.0 -999.0 -999.0 -999.0 -999.0 289.95396320295566 9.412021107242772 289.9328626510271 9.469379476304132 66.65061194905701 184.20468659071884 -999.0 5400.0 -999.0 1 80 {-999.0 -999.0 -999.0 -999.0 -999.0} "" -999.0 -999.0 -999.0 -999.0 -999 -999 "" "" "" "" 0 0 0.0 0.0 -999 ""
FIBERMAP 382 R+9C5 METROLOGY 0 0 0 1 0 0 -93.53663286968454 191.91059817981323 143.1 13.492775403280204 213.08117893624316 114.89494 61.83292 -999.0 -999.0 -999.0 -999.0 -999.0 289.9507193616428 9.410787567557449 289.9296202257031 9.468113223137143 66.64914808404924 184.21254018584435 -999.0 6231.0 -999.0 -1 -999 {-999.0 -999.0 -999.0 -999.0 -999.0} "" -999.0 -999.0 -999.0 -999.0 -999 -999 "" "" "" "" 0 0 0.0 0.0 -999 ""
FIBERMAP 383 R+6C1 APOGEE 1 1 0 1 0 0 -222.8988447527726 123.73029089530723 143.1 -132.67450256379013 217.71620190733378 0.30010504 173.41095 289.28003936671143 9.43095926761026 -4.161676 -6.2420363 -0.6178766 289.2800268071665 9.430940684350015 289.258847152526 9.486548266785823 66.61791813791002 185.87955758565917 16000.0 16600.0 2016.0 2 119 {-999.0 24.760708 20.491838 17.860672 -999.0} sdss_psfmag_ps1 21.628283 18.01835 16.460768 10.822 63050395676616478 1154168179 bright_1x1 mwm_galactic_core_dist_apogee_sparse mwm_galactic science 0 0 0.0 0.0 -999 ""
FIBERMAP 383 R+6C1 BOSS 0 0 0 1 0 0 -222.1764954982722 123.6714363312239 143.1 -132.07550415711202 217.3081181904775 0.30010504 173.41095 -999.0 -999.0 -999.0 -999.0 -999.0 289.28273336897894 9.42905536138594 289.26156634457976 9.484757927548811 66.61636872136111 185.87243160731722 -999.0 5400.0 -999.0 1 83 {-999.0 -999.0 -999.0 -999.0 -999.0} "" -999.0 -999.0 -999.0 -999.0 -999 -999 "" "" "" "" 0 0 0.0 0.0 -999 ""
FIBERMAP 383 R+6C1 METROLOGY 0 0 0 1 0 0 -222.58340360841888 123.05007791474354 143.1 -132.73631909559444 216.96890263642567 0.30010504 173.41095 -999.0 -999.0 -999.0 -999.0 -999.0 289.2797069410714 9.427540085256817 289.2585414537217 9.483210497418595 66.6145667954097 185.87957975854846 -999.0 6231.0 -999.0 -1 -999 {-999.0 -999.0 -999.0 -999.0 -999.0} "" -999.0 -999.0 -999.0 -999.0 -999 -999 "" "" "" "" 0 0 0.0 0.0 -999 ""
FIBERMAP 386 R-4C2 APOGEE 0 0 0 1 0 0 -210.13246812037343 -74.50286216192576 143.1 -219.5204683735378 39.045878770662824 23.882648 107.28049 -999.0 -999.0 -999.0 -999.0 -999.0 288.88007359669285 8.622674837589017 288.86093559581815 8.677426658314658 65.7757419784859 186.6624313147977 -999.0 16600.0 -999.0 2 -999 {-999.0 -999.0 -999.0 -999.0 -999.0} "" -999.0 -999.0 -999.0 -999.0 -999 -999 "" "" "" "" 0 0 0.0 0.0 -999 ""
FIBERMAP 386 R-4C2 BOSS 1 1 0 1 0 0 -209.63069249993015 -75.06000659644499 143.1 -219.3594605235243 38.313519681673 23.882648 107.28049 288.8807490009972 8.619283323397298 0.42184827 -3.7129369 1.0490351 288.880750271234 8.619272269557221 288.8616298939415 8.674117827094934 65.7725170086373 186.65997134201774 5400.0 5400.0 2016.0 1 486 {-999.0 16.34331 15.3644085 15.071721 -999.0} sdss_psfmag_ps1 16.031414 15.396038 14.617779 13.179 63050395675220167 1096666456 bright_1x1 mwm_bin_vis_boss mwm_filler science 0 0 0.0 0.0 -999 ""
FIBERMAP 386 R-4C2 METROLOGY 0 0 0 1 0 0 -210.37050846769446 -75.20996807588709 143.1 -220.07682134750092 38.54866937279831 23.882648 107.28049 -999.0 -999.0 -999.0 -999.0 -999.0 288.87750697034386 8.620356359443953 288.85838138305843 8.67516776869183 65.77324483557184 186.66801129723234 -999.0 6231.0 -999.0 -1 -999 {-999.0 -999.0 -999.0 -999.0 -999.0} "" -999.0 -999.0 -999.0 -999.0 -999 -999 "" "" "" "" 0 0 0.0 0.0 -999 ""
FIBERMAP 388 R+2C3 APOGEE 1 1 0 1 0 0 -206.83201619106924 43.361623612850096 143.1 -158.41434887275463 139.89758182784146 49.871853 74.99261 289.16015625 9.080184734679335 -999.0 -999.0 -999.0 289.16015625000006 9.080184734679335 289.13986387096514 9.1355535978461 66.25787669161184 186.09408722377685 16000.0 16600.0 2015.5 2 116 {-999.0 -999.0 -999.0 -999.0 -999.0} "" -999.0 -999.0 -999.0 -999.0 27021603150998912 849034791 "" ops_sky_apogee_good ops_sky sky_apogee 0 0 0.0 0.0 -999 ""
FIBERMAP 388 R+2C3 BOSS 0 0 0 1 0 0 -206.3844808921968 42.761458608551735 143.1 -158.321758948926 139.1546165564608 49.871853 74.99261 -999.0 -999.0 -999.0 -999.0 -999.0 289.16051847575085 9.076770637111801 289.1402429300702 9.132230455889946 66.25460099749318 186.09241524630286 -999.0 5400.0 -999.0 1 60 {-999.0 -999.0 -999.0 -999.0 -999.0} "" -999.0 -999.0 -999.0 -999.0 -999 -999 "" "" "" "" 0 0 0.0 0.0 -999 ""
FIBERMAP 388 R+2C3 METROLOGY 0 0 0 1 0 0 -207.11762642409832 42.666086470053635 143.1 -159.00634748302377 139.43393550590983 49.871853 74.99261 -999.0 -999.0 -999.0 -999.0 -999.0 289.1574064949971 9.078039009783769 289.1371253127992 9.133465570430207 66.25555263873032 186.10030564796423 -999.0 6231.0 -999.0 -1 -999 {-999.0 -999.0 -999.0 -999.0 -999.0} "" -999.0 -999.0 -999.0 -999.0 -999 -999 "" "" "" "" 0 0 0.0 0.0 -999 ""
FIBERMAP 394 R-1C26 APOGEE 1 1 0 1 0 0 286.97049253468845 -25.932431295089657 143.1 236.7059581319072 -164.33912477559397 284.48697 145.63016 290.9632873535156 7.698013264299092 -999.0 -999.0 -999.0 290.9632873535156 7.698013264299095 290.94651502373904 7.75804183721518 64.98355012941967 181.58075112051333 16000.0 16600.0 2015.5 2 240 {-999.0 -999.0 -999.0 -999.0 -999.0} "" -999.0 -999.0 -999.0 -999.0 27021603150813497 848248445 "" ops_sky_apogee_best ops_sky sky_apogee 0 0 0.0 0.0 -999 ""
FIBERMAP 394 R-1C26 BOSS 0 0 0 1 0 0 286.72419330488566 -26.633281930023976 143.1 236.14551482025507 -164.82681456428568 284.48697 145.63016 -999.0 -999.0 -999.0 -999.0 -999.0 290.96071926009364 7.695728030891576 290.9439547686597 7.755846023997405 64.98129542293155 181.5866262132718 -999.0 5400.0 -999.0 1 262 {-999.0 -999.0 -999.0 -999.0 -999.0} "" -999.0 -999.0 -999.0 -999.0 -999 -999 "" "" "" "" 0 0 0.0 0.0 -999 ""
FIBERMAP 394 R-1C26 METROLOGY 0 0 0 1 0 0 286.2267641289177 -26.069458663955444 143.1 235.9915861623443 -164.0907958342168 284.48697 145.63016 -999.0 -999.0 -999.0 -999.0 -999.0 290.960074278476 7.699056131433138 290.9433008412913 7.7591449657187805 64.98457821945371 181.58834137818536 -999.0 6231.0 -999.0 -1 -999 {-999.0 -999.0 -999.0 -999.0 -999.0} "" -999.0 -999.0 -999.0 -999.0 -999 -999 "" "" "" "" 0 0 0.0 0.0 -999 ""
FIBERMAP 396 R+11C2 APOGEE 0 0 0 1 0 0 -127.30487207522397 219.68953069314594 143.1 -2.1430348928075915 253.91954887784362 66.293335 59.76688 -999.0 -999.0 -999.0 -999.0 -999.0 289.8793159668193 9.593891492893878 289.8577460871812 9.650948747410805 66.82705742858596 184.42134889212062 -999.0 16600.0 -999.0 2 -999 {-999.0 -999.0 -999.0 -999.0 -999.0} "" -999.0 -999.0 -999.0 -999.0 -999 -999 "" "" "" "" 0 0 0.0 0.0 -999 ""
FIBERMAP 396 R+11C2 BOSS 1 1 0 1 0 0 -126.85250661059887 219.09610922502335 143.1 -2.042913213895813 253.1800605029613 66.293335 59.76688 289.8797607421875 9.59052158243658 -999.0 -999.0 -999.0 289.8797607421875 9.59052158243658 289.85820532906774 9.647667749526667 66.8238132879302 184.41965300221528 5400.0 5400.0 2015.5 1 17 {-999.0 -999.0 -999.0 -999.0 -999.0} "" -999.0 -999.0 -999.0 -999.0 27021603151006438 852980120 "" ops_sky_boss_fallback ops_sky sky_boss 0 0 0.0 0.0 -999 ""
FIBERMAP 396 R+11C2 METROLOGY 0 0 0 1 0 0 -127.58967679059124 218.9999306245436 143.1 -2.731399624517864 253.46066680209663 66.293335 59.76688 -999.0 -999.0 -999.0 -999.0 -999.0 289.8766052561817 9.591801083297154 289.8550447459748 9.6489145472187 66.8248523986052 184.42776141653698 -999.0 6231.0 -999.0 -1 -999 {-999.0 -999.0 -999.0 -999.0 -999.0} "" -999.0 -999.0 -999.0 -999.0 -999 -999 "" "" "" "" 0 0 0.0 0.0 -999 ""
FIBERMAP 402 R+12C13 APOGEE 0 0 0 1 0 0 116.35444737597932 219.4685232425934 143.1 209.60804253951218 133.3362355568504 296.3687 110.43127 -999.0 -999.0 -999.0 -999.0 -999.0 290.84877932653035 9.044651395665694 290.82863509641066 9.104176124324207 66.3261751683506 181.94903115849615 -999.0 16600.0 -999.0 2 -999 {-999.0 -999.0 -999.0 -999.0 -999.0} "" -999.0 -999.0 -999.0 -999.0 -999 -999 "" "" "" "" 0 0 0.0 0.0 -999 ""
FIBERMAP 402 R+12C13 BOSS 1 1 0 1 0 0 115.83734778081178 218.91742036664448 143.1 208.8861297810199 133.11255195846795 296.3687 110.43127 290.8455270779933 9.043618049347732 -2.6026423 -5.608967 0.16460867 290.8455192320956 9.043601350808373 290.825380179397 9.10320781521641 66.32511398907508 181.95696200131192 5400.0 5400.0 2016.0 1 100 {-999.0 17.447334 15.732783 14.736137 -999.0} sdss_psfmag_gaia 16.62908 15.398369 14.291181 11.271 63050395675678556 1093478514 bright_3x1 mwm_astar_core_boss mwm_ob science 0 0 0.0 0.0 -999 ""
FIBERMAP 402 R+12C13 METROLOGY 0 0 0 1 0 0 115.62643492169262 219.63180167630475 143.1 209.0557154547866 133.8379133503004 296.3687 110.43127 -999.0 -999.0 -999.0 -999.0 -999.0 290.84628168231717 9.046886901015128 290.8261336283236 9.106469303842596 66.32839572794097 181.95534587990758 -999.0 6231.0 -999.0 -1 -999 {-999.0 -999.0 -999.0 -999.0 -999.0} "" -999.0 -999.0 -999.0 -999.0 -999 -999 "" "" "" "" 0 0 0.0 0.0 -999 ""
FIBERMAP 404 R+1C23 APOGEE 0 0 0 1 0 0 232.38362271301065 24.370762716205903 143.1 214.09762930254007 -93.6296416054538 68.59117 50.942665 -999.0 -999.0 -999.0 -999.0 -999.0 290.86489792477073 8.016567468545357 290.8473287418992 8.076301974230917 65.29922435274452 181.8335196625819 -999.0 16600.0 -999.0 2 -999 {-999.0 -999.0 -999.0 -999.0 -999.0} "" -999.0 -999.0 -999.0 -999.0 -999 -999 "" "" "" "" 0 0 0.0 0.0 -999 ""
FIBERMAP 404 R+1C23 BOSS 1 1 0 1 0 0 232.76548557124534 23.724911364132783 143.1 214.11054399229013 -94.3798823699435 68.59117 50.942665 290.86494785052327 8.013077203200302 1.4026046 -3.3764114 -1.0339769 290.8649520674108 8.013067151235143 290.8473942809518 8.072896320490015 65.29582171747246 181.83314319900563 5400.0 5400.0 2016.0 1 182 {-999.0 14.8725815 14.2963295 14.020506 -999.0} sdss_psfmag_ps1 14.596121 14.626289 13.573481 12.568 63050395663081057 1093382738 bright_3x1 mwm_astar_core_boss mwm_ob science 0 0 0.0 0.0 -999 ""
FIBERMAP 404 R+1C23 METROLOGY 0 0 0 1 0 0 232.0128691018694 23.72330326547752 143.1 213.4553540557316 -94.0094156491949 68.59117 50.942665 -999.0 -999.0 -999.0 -999.0 -999.0 290.8619939159534 8.014773549116093 290.84443100484043 8.074568567217291 65.29741348279936 181.84026958343782 -999.0 6231.0 -999.0 -1 -999 {-999.0 -999.0 -999.0 -999.0 -999.0} "" -999.0 -999.0 -999.0 -999.0 -999 -999 "" "" "" "" 0 0 0.0 0.0 -999 ""
FIBERMAP 409 R+9C6 APOGEE 1 1 0 1 0 0 -75.68440397191473 157.64040402819586 143.1 12.082405002584277 174.4627375417671 308.60236 85.028465 289.9438666275335 9.236903320821295 -3.6275282 -6.790729 0.020304887 289.94385568608874 9.236883104039828 289.9231922973253 9.294157156492249 66.4751358246167 184.20111040641282 16000.0 16600.0 2016.0 2 17 {-999.0 22.474123 19.002638 16.174662 -999.0} sdss_psfmag_ps1 20.503782 16.501833 14.917761 9.989 63050395675417466 1154165162 bright_1x1 mwm_galactic_core_dist_apogee_sparse mwm_galactic science 0 0 0.0 0.0 -999 ""
FIBERMAP 409 R+9C6 BOSS 0 0 0 1 0 0 -76.30314541396041 157.22594637732203 143.1 11.33963117392725 174.4080869766587 308.60236 85.028465 -999.0 -999.0 -999.0 -999.0 -999.0 289.940434784003 9.236613843149417 289.91977751618333 9.293968291792963 66.4747367701085 184.20950698105713 -999.0 5400.0 -999.0 1 147 {-999.0 -999.0 -999.0 -999.0 -999.0} "" -999.0 -999.0 -999.0 -999.0 -999 -999 "" "" "" "" 0 0 0.0 0.0 -999 ""
FIBERMAP 409 R+9C6 METROLOGY 0 0 0 1 0 0 -76.36692231275394 157.97636323104135 143.1 11.654955684374725 175.0920817301113 308.60236 85.028465 -999.0 -999.0 -999.0 -999.0 -999.0 289.9418939196582 9.2397121074365 289.9212272703207 9.297044473582796 66.47789638507736 184.2064112634718 -999.0 6231.0 -999.0 -1 -999 {-999.0 -999.0 -999.0 -999.0 -999.0} "" -999.0 -999.0 -999.0 -999.0 -999 -999 "" "" "" "" 0 0 0.0 0.0 -999 ""
FIBERMAP 410 R-2C2 APOGEE 0 0 0 1 0 0 -227.36893653238252 -27.896166018871316 143.1 -211.47927902413247 88.0865876776569 107.10292 16.409403 -999.0 -999.0 -999.0 -999.0 -999.0 288.91722239574386 8.844895112980454 288.8975210101587 8.899702312038121 66.00049755507271 186.6279307272315 -999.0 16600.0 -999.0 2 -999 {-999.0 -999.0 -999.0 -999.0 -999.0} "" -999.0 -999.0 -999.0 -999.0 -999 -999 "" "" "" "" 0 0 0.0 0.0 -999 ""
FIBERMAP 410 R-2C2 BOSS 1 1 0 1 0 0 -226.93313531595155 -28.511685011594906 143.1 -211.404478160302 87.33606997375988 107.10292 16.409403 288.9171999168038 8.841433535115675 -1.1098447 -3.321339 0.38625577 288.9175059354624 8.841423647107824 288.8978223915882 8.896322653391971 65.99716348035264 186.62638627683657 5400.0 5400.0 2016.0 1 435 {-999.0 13.832543 13.104806 12.779412 -999.0} sdss_psfmag_from_g3xp 13.619942 13.094967 12.400097 11.253 63050395675238728 1093197330 bright_3x1 mwm_astar_core_boss mwm_ob science 0 0 1.1004714965820312 0.0 -999 ""
FIBERMAP 410 R-2C2 METROLOGY 0 0 0 1 0 0 -227.68335253509628 -28.572778579905552 143.1 -212.08697350927392 87.65362898483383 107.10292 16.409403 -999.0 -999.0 -999.0 -999.0 -999.0 288.914420922453 8.842870883966471 288.8947310989881 8.897736359272683 65.99827021640522 186.63419940421326 -999.0 6231.0 -999.0 -1 -999 {-999.0 -999.0 -999.0 -999.0 -999.0} "" -999.0 -999.0 -999.0 -999.0 -999 -999 "" "" "" "" 0 0 0.0 0.0 -999 ""
FIBERMAP 415 R-2C4 APOGEE 0 0 0 1 0 0 -200.47548388402208 -18.648736344335283 143.1 -183.52646766738698 82.83921748379795 141.07141 51.230637 -999.0 -999.0 -999.0 -999.0 -999.0 289.0443737867849 8.821568457864108 289.02473472038344 8.876693692874635 65.9896515928369 186.31497842989066 -999.0 16600.0 -999.0 2 -999 {-999.0 -999.0 -999.0 -999.0 -999.0} "" -999.0 -999.0 -999.0 -999.0 -999 -999 "" "" "" "" 0 0 0.0 0.0 -999 ""
FIBERMAP 415 R-2C4 BOSS 1 1 0 1 0 0 -199.75786894058734 -18.478170112508842 143.1 -182.8182297669538 82.63295294006683 141.07141 51.230637 289.0475463867187 8.820572498210424 -999.0 -999.0 -999.0 289.0475463867187 8.820572498210426 289.0279186119865 8.875796338954439 65.98905246885309 186.30707527973854 5400.0 5400.0 2015.5 1 474 {-999.0 -999.0 -999.0 -999.0 -999.0} "" -999.0 -999.0 -999.0 -999.0 27021603150997043 852978232 "" ops_sky_boss_fallback ops_sky sky_boss 0 0 0.0 0.0 -999 ""
FIBERMAP 415 R-2C4 METROLOGY 0 0 0 1 0 0 -199.9747571377707 -19.2018499909761 143.1 -183.36438020996385 82.1108813847966 141.07141 51.230637 -999.0 -999.0 -999.0 -999.0 -999.0 289.04505859437876 8.818221204419348 289.0254342164873 8.873413615647552 65.98645059929376 186.31253306441042 -999.0 6231.0 -999.0 -1 -999 {-999.0 -999.0 -999.0 -999.0 -999.0} "" -999.0 -999.0 -999.0 -999.0 -999 -999 "" "" "" "" 0 0 0.0 0.0 -999 ""
FIBERMAP 417 R+13C12 APOGEE 1 1 0 1 0 0 95.345489242583 270.973004689432 143.1 216.78905253420976 188.4995115074387 153.10963 58.67471 290.8807145035851 9.292321703294645 -8.236745 -14.8947115 1.0311627 290.8806896557828 9.29227736002478 290.85992446869847 9.351839567097707 66.57461897594573 181.88944878680516 16000.0 16600.0 2016.0 2 93 {-999.0 15.46183 13.919974 13.193795 -999.0} sdss_psfmag_from_g3xp 14.802509 13.76578 12.7663765 10.53 63050395675773159 1150287552 bright_12x1 mwm_bin_rv_short_subgiant_apogee_12epoch mwm_bin science 0 0 0.0 0.0 -999 ""
FIBERMAP 417 R+13C12 BOSS 0 0 0 1 0 0 95.97354179318766 271.3774520998624 143.1 217.5349762924021 188.5408576466405 153.10963 58.67471 -999.0 -999.0 -999.0 -999.0 -999.0 290.88405145650756 9.292315722387693 290.8632890223079 9.35197459784801 66.57484703155508 181.88111072497227 -999.0 5400.0 -999.0 1 92 {-999.0 -999.0 -999.0 -999.0 -999.0} "" -999.0 -999.0 -999.0 -999.0 -999 -999 "" "" "" "" 0 0 0.0 0.0 -999 ""
FIBERMAP 417 R+13C12 METROLOGY 0 0 0 1 0 0 96.01610985980864 270.63839098220114 143.1 217.2068216593705 187.87721583950182 153.10963 58.67471 -999.0 -999.0 -999.0 -999.0 -999.0 290.88257956701733 9.289388854463848 290.8618237171024 9.349019544301138 66.5718526536586 181.88453782447183 -999.0 6231.0 -999.0 -1 -999 {-999.0 -999.0 -999.0 -999.0 -999.0} "" -999.0 -999.0 -999.0 -999.0 -999 -999 "" "" "" "" 0 0 0.0 0.0 -999 ""
FIBERMAP 422 R+8C8 APOGEE 0 0 0 1 0 0 -42.78965557112303 147.111391614527 143.1 35.48184074431865 149.05465530536102 223.92732 162.70285 -999.0 -999.0 -999.0 -999.0 -999.0 290.0513174675819 9.121637979251624 290.03094916940654 9.179194981884212 66.36679763628156 183.9183700239276 -999.0 16600.0 -999.0 2 -999 {-999.0 -999.0 -999.0 -999.0 -999.0} "" -999.0 -999.0 -999.0 -999.0 -999 -999 "" "" "" "" 0 0 0.0 0.0 -999 ""
FIBERMAP 422 R+8C8 BOSS 1 1 0 1 0 0 -43.45861894312137 146.7578520524776 143.1 34.72549865454614 149.07778710874422 223.92732 162.70285 290.0478733882905 9.121672886442367 -9.589643 16.596249 1.6715146 290.04784447315456 9.121722295381954 290.02748076088915 9.179360032853458 66.36676288444757 183.92692087004144 5400.0 5400.0 2016.0 1 132 {-999.0 -999.0 -999.0 -999.0 -999.0} "" -999.0 18.839268 -999.0 14.208 63050395675350093 1095235978 bright_1x1 mwm_bin_vis_boss mwm_filler science 0 0 0.0 0.0 -999 ""
FIBERMAP 422 R+8C8 METROLOGY 0 0 0 1 0 0 -43.42459116235126 147.50320633541364 143.1 35.12336233393136 149.7090550656365 223.92732 162.70285 -999.0 -999.0 -999.0 -999.0 -999.0 290.0496801045601 9.12458768212749 290.0293080792484 9.182204122579208 66.36970731550335 183.9228418761746 -999.0 6231.0 -999.0 -1 -999 {-999.0 -999.0 -999.0 -999.0 -999.0} "" -999.0 -999.0 -999.0 -999.0 -999 -999 "" "" "" "" 0 0 0.0 0.0 -999 ""
FIBERMAP 423 R-11C2 APOGEE 0 0 0 1 0 0 -162.23887831118031 -202.33672353972298 143.1 -241.0395149372283 -95.76891743215312 197.03375 54.88402 -999.0 -999.0 -999.0 -999.0 -999.0 288.78369397921426 8.012278055914978 288.76610179393157 8.066892360875409 65.15891207919759 186.7414279578557 -999.0 16600.0 -999.0 2 -999 {-999.0 -999.0 -999.0 -999.0 -999.0} "" -999.0 -999.0 -999.0 -999.0 -999 -999 "" "" "" "" 0 0 0.0 0.0 -999 ""
FIBERMAP 423 R-11C2 BOSS 1 1 0 1 0 0 -161.92931320873566 -201.55225695664183 143.1 -240.38274801536696 -95.23978352047205 197.03375 54.88402 288.78662109375 8.014554133023694 -999.0 -999.0 -999.0 288.78662109375 8.014554133023694 288.7690327628298 8.0692693922525 65.16156645301619 186.73511831312635 5400.0 5400.0 2015.5 1 428 {-999.0 -999.0 -999.0 -999.0 -999.0} "" -999.0 -999.0 -999.0 -999.0 27021603150994969 852977816 "" ops_sky_boss_fallback ops_sky sky_boss 0 0 0.0 0.0 -999 ""
FIBERMAP 423 R-11C2 METROLOGY 0 0 0 1 0 0 -161.511153131886 -202.17216946370888 143.1 -240.32545683249424 -95.98540493762629 197.03375 54.88402 -999.0 -999.0 -999.0 -999.0 -999.0 288.78690423258223 8.011213759416716 288.76932159131206 8.065903619949653 65.15824590246892 186.7336428353428 -999.0 6231.0 -999.0 -1 -999 {-999.0 -999.0 -999.0 -999.0 -999.0} "" -999.0 -999.0 -999.0 -999.0 -999 -999 "" "" "" "" 0 0 0.0 0.0 -999 ""
FIBERMAP 425 R-10C2 APOGEE 0 0 0 1 0 0 -156.18038001511897 -172.60909742749223 143.1 -221.08338032141873 -72.91441087168926 155.06442 33.03406 -999.0 -999.0 -999.0 -999.0 -999.0 288.8734383007409 8.115239790358004 288.8555864374216 8.170058985069844 65.27029042866417 186.55533707219925 -999.0 16600.0 -999.0 2 -999 {-999.0 -999.0 -999.0 -999.0 -999.0} "" -999.0 -999.0 -999.0 -999.0 -999 -999 "" "" "" "" 0 0 0.0 0.0 -999 ""
FIBERMAP 425 R-10C2 BOSS 1 1 0 1 0 0 -155.46414534732182 -172.49834932245227 143.1 -220.4058984724764 -73.17200491897496 155.06442 33.03406 288.8764757183394 8.113964241970576 -2.1832879 -1.7303374 -0.27009887 288.87646915271387 8.11395909055715 288.8586298514229 8.168879644632788 65.26940862862709 186.54789684806474 5400.0 5400.0 2016.0 1 427 {-999.0 16.670004 15.601713 15.088823 -999.0} sdss_psfmag_ps1 16.189938 15.582007 14.545056 12.867 63050395675056503 1093383589 bright_3x1 mwm_astar_core_boss mwm_ob science 0 0 0.0 0.0 -999 ""
FIBERMAP 425 R-10C2 METROLOGY 0 0 0 1 0 0 -155.71732952570397 -173.1941155680352 143.1 -220.96981602692085 -73.6518720353973 155.06442 33.03406 -999.0 -999.0 -999.0 -999.0 -999.0 288.87393241219985 8.11182460973728 288.8560958065578 8.166712711490646 65.26700881474724 186.55336199204294 -999.0 6231.0 -999.0 -1 -999 {-999.0 -999.0 -999.0 -999.0 -999.0} "" -999.0 -999.0 -999.0 -999.0 -999 -999 "" "" "" "" 0 0 0.0 0.0 -999 ""
FIBERMAP 428 R+3C23 APOGEE 0 0 0 1 0 0 248.91533860389237 59.69754605979036 143.1 245.926684484599 -71.08147956949333 14.76052 110.96634 -999.0 -999.0 -999.0 -999.0 -999.0 291.00975286554325 8.118387385195671 290.99193281471605 8.178459120701396 65.40488365957151 181.4964139201892 -999.0 16600.0 -999.0 2 -999 {-999.0 -999.0 -999.0 -999.0 -999.0} "" -999.0 -999.0 -999.0 -999.0 -999 -999 "" "" "" "" 0 0 0.0 0.0 -999 ""
FIBERMAP 428 R+3C23 BOSS 1 1 0 1 0 0 249.33540106966848 59.108519564468224 143.1 246.00089044457076 -71.80118575299026 14.76052 110.96634 291.01007256148176 8.115042550020707 -0.6637716 -2.4003878 0.8257287 291.0100705653695 8.115035403790285 290.9922608480774 8.175201994876131 65.40163453422863 181.49546064740227 5400.0 5400.0 2016.0 1 186 {-999.0 14.027255 13.712497 13.620564 -999.0} sdss_psfmag_gaia 13.973605 13.725442 13.2771015 -999.0 63050395663089732 979956391 "" ops_std_boss ops_std standard_boss 0 0 0.0 0.0 -999 ""
FIBERMAP 428 R+3C23 METROLOGY 0 0 0 1 0 0 248.59971819611047 59.02149447987697 143.1 245.3182199553259 -71.51335540069812 14.76052 110.96634 -999.0 -999.0 -999.0 -999.0 -999.0 291.00700020383863 8.11636835581839 290.9891866340568 8.176500699397721 65.40286528923866 181.50283852855895 -999.0 6231.0 -999.0 -1 -999 {-999.0 -999.0 -999.0 -999.0 -999.0} "" -999.0 -999.0 -999.0 -999.0 -999 -999 "" "" "" "" 0 0 0.0 0.0 -999 ""
FIBERMAP 432 R+11C15 APOGEE 0 0 0 1 0 0 135.302933604092 196.84080462030107 143.1 214.9033642806701 104.29919826935257 284.18045 63.32928 -999.0 -999.0 -999.0 -999.0 -999.0 290.87287535614036 8.913294574341775 290.8530617407631 8.972899843347387 66.19563816829698 181.8798567831453 -999.0 16600.0 -999.0 2 -999 {-999.0 -999.0 -999.0 -999.0 -999.0} "" -999.0 -999.0 -999.0 -999.0 -999 -999 "" "" "" "" 0 0 0.0 0.0 -999 ""
FIBERMAP 432 R+11C15 BOSS 1 1 0 1 0 0 134.59296538211015 196.97934514116548 143.1 214.35450363548327 104.77045101308912 284.18045 63.32928 290.87042321456994 8.915386459221695 -4.8639603 -4.946345 0.1798107 290.8704085569118 8.915371733383953 290.85059222199874 8.97506070952793 66.19772995525885 181.8860482197519 5400.0 5400.0 2016.0 1 178 {-999.0 15.384367 14.611008 14.240115 -999.0} sdss_psfmag_from_g3xp 15.146732 14.581966 13.850317 12.634 63050395675666751 1093252179 bright_3x1 mwm_astar_core_boss mwm_ob science 0 0 0.0 0.0 -999 ""
FIBERMAP 432 R+11C15 METROLOGY 0 0 0 1 0 0 135.07376417361382 197.5508351496772 143.1 215.05492627407892 105.02979718744399 284.18045 63.32928 -999.0 -999.0 -999.0 -999.0 -999.0 290.8735829477241 8.916534989876027 290.85376305374484 8.97620600360208 66.19896237759687 181.87836970858754 -999.0 6231.0 -999.0 -1 -999 {-999.0 -999.0 -999.0 -999.0 -999.0} "" -999.0 -999.0 -999.0 -999.0 -999 -999 "" "" "" "" 0 0 0.0 0.0 -999 ""
FIBERMAP 436 R+4C3 APOGEE 1 1 0 1 0 0 -203.99401837326593 87.66954399891057 143.1 -134.05435128507037 177.020801501116 79.99118 137.94058 289.2723290326924 9.248080514922624 57.33838 10.229039 10.33936 289.27250198371553 9.248110967907234 289.2517839452418 9.303729958669676 66.43518804226166 185.85698992000712 16000.0 16600.0 2016.0 2 149 {-999.0 14.994158 13.597257 12.730585 -999.0} sdss_psfmag_from_g3xp 14.429631 13.364939 12.335239 10.321 63050395676592660 1068874037 bright_18x1 mwm_bin_rv_short_mdwarf_apogee_18epoch mwm_bin science 0 0 0.0 0.0 -999 ""
FIBERMAP 436 R+4C3 BOSS 0 0 0 1 0 0 -203.41179760137516 88.12023800718025 143.1 -133.32542770678904 177.12500408069872 79.99118 137.94058 -999.0 -999.0 -999.0 -999.0 -999.0 289.2758050106743 9.248537907614793 289.25509645936853 9.304253503826736 66.43599366107975 185.8489576142366 -999.0 5400.0 -999.0 1 29 {-999.0 -999.0 -999.0 -999.0 -999.0} "" -999.0 -999.0 -999.0 -999.0 -999 -999 "" "" "" "" 0 0 0.0 0.0 -999 ""
FIBERMAP 436 R+4C3 METROLOGY 0 0 0 1 0 0 -203.31095339342906 87.38333885018703 143.1 -133.6018433775512 176.43444806389084 79.99118 137.94058 -999.0 -999.0 -999.0 -999.0 -999.0 289.27452880528966 9.245440917023581 289.2538258589019 9.301128723393672 66.43277178635405 185.85140324375587 -999.0 6231.0 -999.0 -1 -999 {-999.0 -999.0 -999.0 -999.0 -999.0} "" -999.0 -999.0 -999.0 -999.0 -999 -999 "" "" "" "" 0 0 0.0 0.0 -999 ""
FIBERMAP 440 R+8C4 APOGEE 0 0 0 1 0 0 -149.02090421825645 169.22799534358663 143.1 -45.957844857220614 220.77336432474127 189.0368 51.663155 -999.0 -999.0 -999.0 -999.0 -999.0 289.6775891779926 9.445766196533663 289.65638664140505 9.50235115840353 66.66506224343823 184.8969833058279 -999.0 16600.0 -999.0 2 -999 {-999.0 -999.0 -999.0 -999.0 -999.0} "" -999.0 -999.0 -999.0 -999.0 -999 -999 "" "" "" "" 0 0 0.0 0.0 -999 ""
FIBERMAP 440 R+8C4 BOSS 1 1 0 1 0 0 -148.64033259732122 169.90275048958344 143.1 -45.29354621155921 221.17202076574415 189.0368 51.663155 289.6806335449219 9.447504349979084 -999.0 -999.0 -999.0 289.6806335449219 9.447504349979084 289.6594332864971 9.504184413778747 66.66710917027615 184.88975393091076 5400.0 5400.0 2015.5 1 57 {-999.0 -999.0 -999.0 -999.0 -999.0} "" -999.0 -999.0 -999.0 -999.0 27021603150999650 852978751 "" ops_sky_boss_fallback ops_sky sky_boss 0 0 0.0 0.0 -999 ""
FIBERMAP 440 R+8C4 METROLOGY 0 0 0 1 0 0 -148.27514335089157 169.25041652149875 143.1 -45.29833216056657 220.42438177515675 189.0368 51.663155 -999.0 -999.0 -999.0 -999.0 -999.0 289.68060104573954 9.444168038789796 289.65940733208873 9.50082366797485 66.66375545501288 184.88920163478411 -999.0 6231.0 -999.0 -1 -999 {-999.0 -999.0 -999.0 -999.0 -999.0} "" -999.0 -999.0 -999.0 -999.0 -999 -999 "" "" "" "" 0 0 0.0 0.0 -999 ""
FIBERMAP 448 R+7C8 APOGEE 1 1 0 1 0 0 -50.30008677831729 117.8065005269436 143.1 14.472131189539656 127.28510880620676 328.7329 69.83214 289.9543746000708 9.023342289969953 -2.4858835 -3.2736168 0.1038805 289.9543671065745 9.023332544036224 289.93424375587307 9.080667362756449 66.26273205553974 184.1409485744017 16000.0 16600.0 2016.0 2 27 {-999.0 20.243055 17.287338 15.382158 -999.0} sdss_psfmag_ps1 18.57395 15.942303 14.513543 10.358 63050395675339767 1154164675 bright_1x1 mwm_galactic_core_dist_apogee_sparse mwm_galactic science 0 0 0.0 0.0 -999 ""
FIBERMAP 448 R+7C8 BOSS 0 0 0 1 0 0 -50.89014657247829 117.36076234662636 143.1 13.73884028557126 127.18908851975371 328.7329 69.83214 -999.0 -999.0 -999.0 -999.0 -999.0 289.9509890708553 9.022872583870035 289.9308723258343 9.080288839849251 66.26214933839576 184.149145096893 -999.0 5400.0 -999.0 1 104 {-999.0 -999.0 -999.0 -999.0 -999.0} "" -999.0 -999.0 -999.0 -999.0 -999 -999 "" "" "" "" 0 0 0.0 0.0 -999 ""
FIBERMAP 448 R+7C8 METROLOGY 0 0 0 1 0 0 -50.98628327019129 118.10744046478999 143.1 14.024180855214293 127.88582132001129 328.7329 69.83214 -999.0 -999.0 -999.0 -999.0 -999.0 289.95231130034205 9.026043580453639 289.93218499896733 9.083437146582465 66.26537150485636 184.14641274651865 -999.0 6231.0 -999.0 -1 -999 {-999.0 -999.0 -999.0 -999.0 -999.0} "" -999.0 -999.0 -999.0 -999.0 -999 -999 "" "" "" "" 0 0 0.0 0.0 -999 ""
FIBERMAP 450 R+2C17 APOGEE 1 1 0 1 0 0 80.10818761871904 52.61494990426949 143.1 95.65042322035643 6.167221937730263 150.50851 87.71945 290.3265349237871 8.471221999633332 -2.4778028 -4.473479 -0.2765927 290.3265274657159 8.471208681572444 290.30780622719834 8.529548475889754 65.73241247376123 183.16132210723168 16000.0 16600.0 2016.0 2 61 {-999.0 22.510584 19.249392 16.078161 -999.0} sdss_psfmag_ps1 20.249327 16.139536 14.505687 9.3 63050395674958501 1154163200 bright_1x1 mwm_galactic_core_dist_apogee_sparse mwm_galactic science 0 0 0.0 0.0 -999 ""
FIBERMAP 450 R+2C17 BOSS 0 0 0 1 0 0 80.4837310743532 53.262359755051136 143.1 96.2968387002813 6.544586210565141 150.50851 87.71945 -999.0 -999.0 -999.0 -999.0 -999.0 290.32954692031365 8.472826573290439 290.310825982279 8.531265501557378 65.73426749573053 183.15425925013196 -999.0 5400.0 -999.0 1 199 {-999.0 -999.0 -999.0 -999.0 -999.0} "" -999.0 -999.0 -999.0 -999.0 -999 -999 "" "" "" "" 0 0 0.0 0.0 -999 ""
FIBERMAP 450 R+2C17 METROLOGY 0 0 0 1 0 0 80.86186867463883 52.61590859729954 143.1 96.30621793948819 5.795664554606228 150.50851 87.71945 -999.0 -999.0 -999.0 -999.0 -999.0 290.3295701744454 8.469442446990662 290.310856504531 8.527855933006949 65.73086307254164 183.15379778193284 -999.0 6231.0 -999.0 -1 -999 {-999.0 -999.0 -999.0 -999.0 -999.0} "" -999.0 -999.0 -999.0 -999.0 -999 -999 "" "" "" "" 0 0 0.0 0.0 -999 ""
FIBERMAP 452 R+12C9 APOGEE 0 0 0 1 0 0 9.801007995055592 243.05327303170858 143.1 128.61361949954394 206.49068174966618 161.4691 93.3975 -999.0 -999.0 -999.0 -999.0 -999.0 290.47898029430746 9.377807666918414 290.45798242357074 9.43637234732044 66.64499182327432 182.895296417124 -999.0 16600.0 -999.0 2 -999 {-999.0 -999.0 -999.0 -999.0 -999.0} "" -999.0 -999.0 -999.0 -999.0 -999 -999 "" "" "" "" 0 0 0.0 0.0 -999 ""
FIBERMAP 452 R+12C9 BOSS 1 1 0 1 0 0 9.965721657712592 243.77078320949408 143.1 129.11135608059516 207.03316802851182 161.4691 93.3975 290.4812622070312 9.380153229022497 -999.0 -999.0 -999.0 290.4812622070312 9.380153229022497 290.4602624371408 9.438811243887331 66.64752520953951 182.88989266240677 5400.0 5400.0 2015.5 1 154 {-999.0 -999.0 -999.0 -999.0 -999.0} "" -999.0 -999.0 -999.0 -999.0 27021603151005314 852979891 "" ops_sky_boss_fallback ops_sky sky_boss 0 0 0.0 0.0 -999 ""
FIBERMAP 452 R+12C9 METROLOGY 0 0 0 1 0 0 10.51649196326164 243.264802395514 143.1 129.3402442588204 206.3210873035047 161.4691 93.3975 -999.0 -999.0 -999.0 -999.0 -999.0 290.4823129017461 9.37696823337026 290.46132004258686 9.435604379400516 66.64436612160378 182.88691558093763 -999.0 6231.0 -999.0 -1 -999 {-999.0 -999.0 -999.0 -999.0 -999.0} "" -999.0 -999.0 -999.0 -999.0 -999 -999 "" "" "" "" 0 0 0.0 0.0 -999 ""
FIBERMAP 455 R-2C17 APOGEE 1 1 0 1 0 0 91.029565376196 -57.479929943229685 143.1 50.74902989014871 -94.95580894604085 315.07538 67.22435 290.1184025437491 8.011670523430325 -2.20361 -4.5214167 -0.029718269 290.1183959186864 8.011657062652901 290.1008241562506 8.069562200389246 65.26273953083339 183.59898163113684 16000.0 16600.0 2016.0 2 238 {-999.0 19.272203 16.659698 14.683474 -999.0} sdss_psfmag_ps1 17.858559 15.25359 13.837345 9.952 63050395674588624 1154162669 bright_1x1 mwm_galactic_core_dist_apogee_sparse mwm_galactic science 0 0 0.0 0.0 -999 ""
FIBERMAP 455 R-2C17 BOSS 0 0 0 1 0 0 90.37911157453179 -57.82675344517018 143.1 50.012100137604136 -94.93598307852552 315.07538 67.22435 -999.0 -999.0 -999.0 -999.0 -999.0 290.1150295556608 8.011615332825299 290.09746284445663 8.069606196477189 65.26260584744435 183.60692879246233 -999.0 5400.0 -999.0 1 303 {-999.0 -999.0 -999.0 -999.0 -999.0} "" -999.0 -999.0 -999.0 -999.0 -999 -999 "" "" "" "" 0 0 0.0 0.0 -999 ""
FIBERMAP 455 R-2C17 METROLOGY 0 0 0 1 0 0 90.40655581594358 -57.07202616551454 143.1 50.40887063234645 -94.2933124568484 315.07538 67.22435 -999.0 -999.0 -999.0 -999.0 -999.0 290.11686108926995 8.014566770282109 290.09928555742874 8.072534996531706 65.26562683915405 183.60299585514312 -999.0 6231.0 -999.0 -1 -999 {-999.0 -999.0 -999.0 -999.0 -999.0} "" -999.0 -999.0 -999.0 -999.0 -999 -999 "" "" "" "" 0 0 0.0 0.0 -999 ""
FIBERMAP 463 R+8C11 APOGEE 0 0 1 1 0 0 22.931525032598245 162.67573293373417 143.1 100.31628439475928 130.1151672365592 10.0 170.0 -999.0 -999.0 -999.0 -999.0 -999.0 290.34932794998934 9.034358631788034 290.32919058288036 9.092661573654372 66.29589634336189 183.17453593435351 -999.0 16600.0 -999.0 2 -999 {-999.0 -999.0 -999.0 -999.0 -999.0} "" -999.0 -999.0 -999.0 -999.0 -999 -999 "" "" "" "" 0 0 0.0 0.0 -999 ""
FIBERMAP 463 R+8C11 BOSS 1 0 1 1 0 0 23.686080299166715 162.678936682972 143.1 100.97394850844748 129.74512997179258 10.0 170.0 290.3595980466256 8.93994948432961 1.2145458 -2.6466713 1.6192166 290.3523771576427 9.032619120614122 290.3322485574412 9.091019430963794 66.29439824893888 183.1668410181755 5400.0 5400.0 2016.0 1 134 {-999.0 17.889597 16.441778 15.701486 -999.0} sdss_psfmag_ps1 17.15292 16.229736 15.104195 12.736 63050395675021037 917203641 bright_5x1 mwm_yso_pms_boss_sagitta_edr3 mwm_yso science 0 0 0.0 0.0 -999 ""
FIBERMAP 463 R+8C11 METROLOGY 0 0 1 1 0 0 23.31066148381846 162.03314633889426 143.1 100.32844159462356 129.3691122657602 10.0 170.0 -999.0 -999.0 -999.0 -999.0 -999.0 290.3494053989706 9.030951287080885 290.3292796882238 9.089319193557229 66.29256183011395 183.1739253117166 -999.0 6231.0 -999.0 -1 -999 {-999.0 -999.0 -999.0 -999.0 -999.0} "" -999.0 -999.0 -999.0 -999.0 -999 -999 "" "" "" "" 0 0 0.0 0.0 -999 ""
FIBERMAP 466 R+5C5 APOGEE 1 0 0 1 1 0 -127.08212257189007 87.2021094920175 143.1 -67.41088958371894 138.61249309122513 33.58353 40.9328 289.46253830977247 9.100857426383907 1.4901311 1.3427026 1.5412576 289.57752719076365 9.07522476817428 289.55726015329117 9.131623719275641 66.28810937287815 185.07262050446323 16000.0 16600.0 2016.0 2 128 {-999.0 10.33116 10.279358 10.275646 -999.0} sdss_psfmag_from_g3xp 10.367431 10.249567 9.941959 9.521 63050395675398112 975060459 "" ops_std_apogee ops_std standard_apogee 0 0 0.0 0.0 -999 ""
FIBERMAP 466 R+5C5 BOSS 0 0 0 1 1 0 -127.29158834475152 86.4871982962755 143.1 -67.94625370154318 138.0943784597349 33.58353 40.9328 -999.0 -999.0 -999.0 -999.0 -999.0 289.575023984287 9.072839963478591 289.5547697582525 9.129322622558922 66.28562955468809 185.07828612962996 -999.0 5400.0 -999.0 1 42 {-999.0 -999.0 -999.0 -999.0 -999.0} "" -999.0 -999.0 -999.0 -999.0 -999 -999 "" "" "" "" 0 0 0.0 0.0 -999 ""
FIBERMAP 466 R+5C5 METROLOGY 0 0 0 1 1 0 -127.81219440761416 87.02561036307446 143.1 -68.13289009725389 138.81975392087594 33.58353 40.9328 -999.0 -999.0 -999.0 -999.0 -999.0 289.57418417257776 9.076140527829141 289.5539196207546 9.13259520946782 66.28882952959968 185.08098101259168 -999.0 6231.0 -999.0 -1 -999 {-999.0 -999.0 -999.0 -999.0 -999.0} "" -999.0 -999.0 -999.0 -999.0 -999 -999 "" "" "" "" 0 0 0.0 0.0 -999 ""
FIBERMAP 469 R+1C6 APOGEE 0 0 0 1 0 0 -173.31902243892586 25.17287310270222 143.1 -138.26200024835117 107.52393183905754 59.10664 167.8341 -999.0 -999.0 -999.0 -999.0 -999.0 289.25169976602695 8.933967209648417 289.23178097424443 8.989585927984509 66.12051529623906 185.83813437217134 -999.0 16600.0 -999.0 2 -999 {-999.0 -999.0 -999.0 -999.0 -999.0} "" -999.0 -999.0 -999.0 -999.0 -999 -999 "" "" "" "" 0 0 0.0 0.0 -999 ""
FIBERMAP 469 R+1C6 BOSS 1 1 0 1 0 0 -172.81959508031247 25.735006272325233 143.1 -137.5500033642036 107.7659379950804 59.10664 167.8341 289.2549133300781 8.93501507230151 -999.0 -999.0 -999.0 289.2549133300781 8.93501507230151 289.23499996335204 8.990731646937716 66.12193186261483 185.83055465633495 5400.0 5400.0 2015.5 1 20 {-999.0 -999.0 -999.0 -999.0 -999.0} "" -999.0 -999.0 -999.0 -999.0 27021603150998814 851825837 "" ops_sky_boss_fallback ops_sky sky_boss 0 0 0.0 0.0 -999 ""
FIBERMAP 469 R+1C6 METROLOGY 0 0 0 1 0 0 -172.58708253719823 25.028215020415825 143.1 -137.6970580270301 107.03650378946334 59.10664 167.8341 -999.0 -999.0 -999.0 -999.0 -999.0 289.2542373302372 8.931726715656422 289.23432996670726 8.987416637733988 66.11857204520703 185.8314748079488 -999.0 6231.0 -999.0 -1 -999 {-999.0 -999.0 -999.0 -999.0 -999.0} "" -999.0 -999.0 -999.0 -999.0 -999 -999 "" "" "" "" 0 0 0.0 0.0 -999 ""
FIBERMAP 481 R+7C10 APOGEE 1 1 0 1 0 0 -20.00807233075658 126.36326629667595 143.1 45.03871665774984 119.75799406591331 223.25746 120.351 290.09505734060957 8.98871109606445 -2.9497676 -4.9062057 0.17987403 290.0950484496237 8.988696489725895 290.07501727428473 9.046382711492724 66.2366944248371 183.7913680985022 16000.0 16600.0 2016.0 2 30 {-999.0 20.440283 17.381144 15.743418 -999.0} sdss_psfmag_ps1 18.675388 16.279156 14.888849 10.801 63050395675328940 1154164669 bright_1x1 mwm_galactic_core_dist_apogee_sparse mwm_galactic science 0 0 0.0 0.0 -999 ""
FIBERMAP 481 R+7C10 BOSS 0 0 0 1 0 0 -20.728443556010617 126.53835044940072 143.1 44.49886673570731 120.26616135689548 223.25746 120.351 -999.0 -999.0 -999.0 -999.0 -999.0 290.0925821303347 8.990974089763554 290.07255023288786 9.04874367059138 66.23891434905003 183.79773488261858 -999.0 5400.0 -999.0 1 127 {-999.0 -999.0 -999.0 -999.0 -999.0} "" -999.0 -999.0 -999.0 -999.0 -999 -999 "" "" "" "" 0 0 0.0 0.0 -999 ""
FIBERMAP 481 R+7C10 METROLOGY 0 0 0 1 0 0 -20.228412831454328 127.08889431664949 143.1 45.20566201232779 120.49779256510723 223.25746 120.351 -999.0 -999.0 -999.0 -999.0 -999.0 290.09583618316094 8.992027523460072 290.07580027548164 9.049779474866964 66.24012933452654 183.78992642762557 -999.0 6231.0 -999.0 -1 -999 {-999.0 -999.0 -999.0 -999.0 -999.0} "" -999.0 -999.0 -999.0 -999.0 -999 -999 "" "" "" "" 0 0 0.0 0.0 -999 ""
FIBERMAP 483 R+13C1 APOGEE 1 1 0 1 0 0 -140.89697721795696 260.8105024518097 143.1 6.3564301736406135 296.38978813030496 33.969646 140.66188 289.91875201365514 9.78251347131511 -1.002396 -3.0168643 0.067619264 289.9187489853753 9.782504489763138 289.89670262932526 9.83962813909601 67.01784078971225 184.35503040389142 16000.0 16600.0 2016.0 2 135 {-999.0 20.422907 20.77383 14.064481 -999.0} sdss_psfmag_gaia 18.026707 14.409489 12.871485 8.116 63050395676233453 1154787502 bright_1x1 mwm_galactic_core_dist_apogee_sparse mwm_galactic science 0 0 0.0 0.0 -999 ""
FIBERMAP 483 R+13C1 BOSS 0 0 0 1 0 0 -140.16004175171528 260.69775684592884 143.1 6.941483841476964 295.92763949269784 33.969646 140.66188 -999.0 -999.0 -999.0 -999.0 -999.0 289.9214179759056 9.780340849766807 289.899382864211 9.83755787967427 67.01594588345515 184.3479377247618 -999.0 5400.0 -999.0 1 7 {-999.0 -999.0 -999.0 -999.0 -999.0} "" -999.0 -999.0 -999.0 -999.0 -999 -999 "" "" "" "" 0 0 0.0 0.0 -999 ""
FIBERMAP 483 R+13C1 METROLOGY 0 0 0 1 0 0 -140.60523147690603 260.1103758063929 143.1 6.264171368189927 295.63688185975525 33.969646 140.66188 -999.0 -999.0 -999.0 -999.0 -999.0 289.91831430291234 9.779089836776363 289.8962806169648 9.83627493783907 67.01446769443469 184.35553629725123 -999.0 6231.0 -999.0 -1 -999 {-999.0 -999.0 -999.0 -999.0 -999.0} "" -999.0 -999.0 -999.0 -999.0 -999 -999 "" "" "" "" 0 0 0.0 0.0 -999 ""
FIBERMAP 488 R+13C8 APOGEE 1 1 0 1 0 0 23.041857632997797 270.21225770843415 143.1 153.54560831225191 223.56299776610373 127.577286 24.598162 290.59264994979696 9.453063539076751 -2.185027 -4.992807 -0.018095464 290.59264335516906 9.45304867491634 290.571460862412 9.511879593641556 66.72502703101097 182.62055399514847 16000.0 16600.0 2016.0 2 37 {-999.0 21.180882 18.268347 15.669861 -999.0} sdss_psfmag_ps1 19.558525 16.107101 14.5811205 10.166 63050395676136898 1154166214 bright_1x1 mwm_galactic_core_dist_apogee_sparse mwm_galactic science 0 0 0.0 0.0 -999 ""
FIBERMAP 488 R+13C8 BOSS 0 0 0 1 0 0 23.697427814787154 269.8748883732296 143.1 153.94892963120432 222.94574245988736 127.577286 24.598162 -999.0 -999.0 -999.0 -999.0 -999.0 290.59448969909903 9.450181283540497 290.5733179124946 9.5091050150052 66.72232589005263 182.61564904985994 -999.0 5400.0 -999.0 1 166 {-999.0 -999.0 -999.0 -999.0 -999.0} "" -999.0 -999.0 -999.0 -999.0 -999 -999 "" "" "" "" 0 0 0.0 0.0 -999 ""
FIBERMAP 488 R+13C8 METROLOGY 0 0 0 1 0 0 23.07154371853138 269.45952652429025 143.1 153.1994985478917 222.89383485858022 127.577286 24.598162 -999.0 -999.0 -999.0 -999.0 -999.0 290.5910730747094 9.450012907969183 290.5699005841704 9.508903410347685 66.72199308787815 182.62415117137326 -999.0 6231.0 -999.0 -1 -999 {-999.0 -999.0 -999.0 -999.0 -999.0} "" -999.0 -999.0 -999.0 -999.0 -999 -999 "" "" "" "" 0 0 0.0 0.0 -999 ""
FIBERMAP 489 R-5C2 APOGEE 0 0 0 1 0 0 -212.03225873481125 -104.85179713264195 143.1 -236.16761865233403 13.59634624190003 202.67297 170.50648 -999.0 -999.0 -999.0 -999.0 -999.0 288.8044980161577 8.507238493562799 288.78565150819617 8.561822405227776 65.65328670223406 186.8144569968661 -999.0 16600.0 -999.0 2 -999 {-999.0 -999.0 -999.0 -999.0 -999.0} "" -999.0 -999.0 -999.0 -999.0 -999 -999 "" "" "" "" 0 0 0.0 0.0 -999 ""
FIBERMAP 489 R-5C2 BOSS 1 1 0 1 0 0 -212.7469219606822 -105.02502966822462 143.1 -236.8746074631468 13.79883401845912 202.67297 170.50648 288.8012524391698 8.50804818817423 2.029516 4.7831526 0.830866 288.80125854850513 8.508062428169476 288.7824191918499 8.56273017505699 65.65386713725655 186.82239310043082 5400.0 5400.0 2016.0 1 487 {-999.0 17.231775 16.352674 16.010616 -999.0} sdss_psfmag_ps1 16.926182 16.326302 15.542175 13.574 63050395675163704 981900113 "" ops_std_boss_tic ops_std standard_boss 0 0 0.0 0.0 -999 ""
FIBERMAP 489 R-5C2 METROLOGY 0 0 0 1 0 0 -212.54369613453858 -104.30857179572185 143.1 -236.34390473339045 14.321376609945501 202.67297 170.50648 -999.0 -999.0 -999.0 -999.0 -999.0 288.8036700762108 8.510457940433536 288.7848221446499 8.565105170281292 65.65646994128511 186.81723995967886 -999.0 6231.0 -999.0 -1 -999 {-999.0 -999.0 -999.0 -999.0 -999.0} "" -999.0 -999.0 -999.0 -999.0 -999 -999 "" "" "" "" 0 0 0.0 0.0 -999 ""
FIBERMAP 493 R+8C15 APOGEE 1 1 0 1 0 0 123.9387038829385 153.37601076520878 143.1 183.54644623953644 72.12185087199403 344.6494 124.74787 290.7300197508091 8.76885438480071 -1.5729065 -4.5682173 -0.026008427 290.7300150127039 8.7688407846925 290.71055877215576 8.8281202867536 66.04664239772478 182.21660714719158 16000.0 16600.0 2016.0 2 78 {-999.0 20.523268 17.556879 14.437268 -999.0} sdss_psfmag_ps1 18.311842 15.154311 13.591652 9.514 63050395675647191 1154165423 bright_1x1 mwm_galactic_core_dist_apogee_sparse mwm_galactic science 0 0 0.0 0.0 -999 ""
FIBERMAP 493 R+8C15 BOSS 0 0 0 1 0 0 124.18255954607939 152.67263327394812 143.1 183.41094107588805 71.38978031749107 344.6494 124.74787 -999.0 -999.0 -999.0 -999.0 -999.0 290.72943524451244 8.765453557446786 290.70999043583436 8.824822921530176 66.0433283335327 182.21772205598967 -999.0 5400.0 -999.0 1 230 {-999.0 -999.0 -999.0 -999.0 -999.0} "" -999.0 -999.0 -999.0 -999.0 -999 -999 "" "" "" "" 0 0 0.0 0.0 -999 ""
FIBERMAP 493 R+8C15 METROLOGY 0 0 0 1 0 0 123.4500086315424 152.80939010233843 143.1 182.84156360301225 71.87064017464441 344.6494 124.74787 -999.0 -999.0 -999.0 -999.0 -999.0 290.726834336826 8.767675144599853 290.707383013345 8.827012058551682 66.04543131096578 182.2242421328011 -999.0 6231.0 -999.0 -1 -999 {-999.0 -999.0 -999.0 -999.0 -999.0} "" -999.0 -999.0 -999.0 -999.0 -999 -999 "" "" "" "" 0 0 0.0 0.0 -999 ""
FIBERMAP 495 R+5C10 APOGEE 1 1 0 1 0 0 -25.881310073049026 94.1010880173681 143.1 23.991352306412157 94.60817347949877 290.0116 157.98914 289.99786376953125 8.874839783624168 -999.0 -999.0 -999.0 289.99786376953125 8.874839783624166 289.9781167136118 8.93230588058866 66.11726488390556 184.0115684341981 16000.0 16600.0 2015.5 2 7 {-999.0 -999.0 -999.0 -999.0 -999.0} "" -999.0 -999.0 -999.0 -999.0 27021603150997927 849034770 "" ops_sky_apogee_good ops_sky sky_apogee 0 0 0.0 0.0 -999 ""
FIBERMAP 495 R+5C10 BOSS 0 0 0 1 0 0 -25.918954911906358 93.34975188128068 143.1 23.58738800628457 93.97349151289107 290.0116 157.98914 -999.0 -999.0 -999.0 -999.0 -999.0 289.99600217749287 8.871917206335455 289.976267821009 8.929469515935264 66.11432474329673 184.01565392532314 -999.0 5400.0 -999.0 1 129 {-999.0 -999.0 -999.0 -999.0 -999.0} "" -999.0 -999.0 -999.0 -999.0 -999 -999 "" "" "" "" 0 0 0.0 0.0 -999 ""
FIBERMAP 495 R+5C10 METROLOGY 0 0 0 1 0 0 -26.544237839755773 93.75778814791686 143.1 23.245317531644563 94.63722646272001 290.0116 157.98914 -999.0 -999.0 -999.0 -999.0 -999.0 289.9944328744321 8.874955717984385 289.97468925890655 8.932478069537181 66.11723493648951 184.0199417088702 -999.0 6231.0 -999.0 -1 -999 {-999.0 -999.0 -999.0 -999.0 -999.0} "" -999.0 -999.0 -999.0 -999.0 -999 -999 "" "" "" "" 0 0 0.0 0.0 -999 ""
FIBERMAP 501 R+6C19 APOGEE 1 1 0 1 0 0 190.76130331115664 97.3693852539803 143.1 213.9756225972712 -9.59235857947445 23.989025 10.3408375 290.8671569824219 8.397321650090703 -999.0 -999.0 -999.0 290.8671569824219 8.397321650090705 290.84863602344467 8.456998242987689 65.67981359704353 181.8555003481443 16000.0 16600.0 2015.5 2 34 {-999.0 -999.0 -999.0 -999.0 -999.0} "" -999.0 -999.0 -999.0 -999.0 27021603150992975 848255823 "" ops_sky_apogee_best ops_sky sky_apogee 0 0 0.0 0.0 -999 ""
FIBERMAP 501 R+6C19 BOSS 0 0 0 1 0 0 190.14294555067283 96.96211923850423 143.1 213.23673573723278 -9.640945637542192 23.989025 10.3408375 -999.0 -999.0 -999.0 -999.0 -999.0 290.86384282971085 8.397021883600818 290.8453250314635 8.456782712496523 65.6795078100587 181.86343484272297 -999.0 5400.0 -999.0 1 195 {-999.0 -999.0 -999.0 -999.0 -999.0} "" -999.0 -999.0 -999.0 -999.0 -999 -999 "" "" "" "" 0 0 0.0 0.0 -999 ""
FIBERMAP 501 R+6C19 METROLOGY 0 0 0 1 0 0 190.0983027955439 97.71064072435527 143.1 213.56776077355704 -8.968053002825597 23.989025 10.3408375 -999.0 -999.0 -999.0 -999.0 -999.0 290.86535424328105 8.400093737949648 290.84682806662414 8.459831589534147 65.68259658436223 181.86003061674862 -999.0 6231.0 -999.0 -1 -999 {-999.0 -999.0 -999.0 -999.0 -999.0} "" -999.0 -999.0 -999.0 -999.0 -999 -999 "" "" "" "" 0 0 0.0 0.0 -999 ""
FIBERMAP 506 R+6C10 APOGEE 0 0 0 1 0 0 -13.83468700250732 127.11666608009286 143.1 50.77868913383617 117.36282417853539 56.445618 110.230804 -999.0 -999.0 -999.0 -999.0 -999.0 290.1214497451622 8.977721465230236 290.10144712551806 9.03547433470831 66.22725980264309 183.7251958756221 -999.0 16600.0 -999.0 2 -999 {-999.0 -999.0 -999.0 -999.0 -999.0} "" -999.0 -999.0 -999.0 -999.0 -999 -999 "" "" "" "" 0 0 0.0 0.0 -999 ""
FIBERMAP 506 R+6C10 BOSS 1 1 0 1 0 0 -13.092520425650129 126.97023199200744 143.1 51.351645868394534 116.86879894132149 56.445618 110.230804 290.1241010699972 8.975436253104338 -0.4135115 -2.3910034 -0.2582284 290.12409982366495 8.97542913481234 290.1041081816433 9.033278749041106 66.2252128176942 183.71838584915153 5400.0 5400.0 2016.0 1 128 {-999.0 16.742376 15.541598 15.055023 -999.0} sdss_psfmag_ps1 16.1865 15.49994 14.534453 12.842 63050395675327681 1093383834 bright_3x1 mwm_astar_core_boss mwm_ob science 0 0 0.0 0.0 -999 ""
FIBERMAP 506 R+6C10 METROLOGY 0 0 0 1 0 0 -13.59076745866269 126.41156662849583 143.1 50.64238869997278 116.62922482691965 56.445618 110.230804 -999.0 -999.0 -999.0 -999.0 -999.0 290.120830046301 8.974372085580372 290.1008394674473 9.032188379974405 66.22394567821485 183.72623125632802 -999.0 6231.0 -999.0 -1 -999 {-999.0 -999.0 -999.0 -999.0 -999.0} "" -999.0 -999.0 -999.0 -999.0 -999 -999 "" "" "" "" 0 0 0.0 0.0 -999 ""
FIBERMAP 507 R+1C26 APOGEE 1 1 0 1 0 0 272.99726527675847 13.567809784668862 143.1 244.07324296631808 -123.08978986199452 174.4014 153.62209 290.9988914968077 7.883637168808701 -0.111664966 -2.5609677 0.15934542 290.9988911611963 7.883629544513396 290.9816566759221 7.943714005794217 65.16997019267086 181.50824300745649 16000.0 16600.0 2016.0 2 42 {-999.0 16.352245 14.486213 13.566074 -999.0} sdss_psfmag_from_g3xp 15.475218 14.209628 13.108413 10.443 63050395663032876 1152354699 bright_1x1 mwm_galactic_core_dist_apogee_sparse mwm_galactic science 0 0 0.0 0.0 -999 ""
FIBERMAP 507 R+1C26 BOSS 0 0 0 1 0 0 272.39694908077803 13.977142072268608 143.1 243.75352127020548 -122.43726399776808 174.4014 153.62209 -999.0 -999.0 -999.0 -999.0 -999.0 290.9974855175282 7.886472423042592 290.980246016753 7.94664745612382 65.1728716527368 181.51172552086192 -999.0 5400.0 -999.0 1 175 {-999.0 -999.0 -999.0 -999.0 -999.0} "" -999.0 -999.0 -999.0 -999.0 -999 -999 "" "" "" "" 0 0 0.0 0.0 -999 ""
FIBERMAP 507 R+1C26 METROLOGY 0 0 0 1 0 0 273.0524368367513 14.325310178745001 143.1 244.49549237901172 -122.45840799772309 174.4014 153.62209 -999.0 -999.0 -999.0 -999.0 -999.0 291.0008236352259 7.886410416740278 290.98358374424737 7.946566844052039 65.172864911249 181.503850324836 -999.0 6231.0 -999.0 -1 -999 {-999.0 -999.0 -999.0 -999.0 -999.0} "" -999.0 -999.0 -999.0 -999.0 -999 -999 "" "" "" "" 0 0 0.0 0.0 -999 ""
FIBERMAP 514 R+11C3 APOGEE 1 0 0 1 1 0 -121.03801579558791 230.1597712623476 143.1 8.479264301820693 259.92692851659456 109.99236 83.97628 289.88693778146575 9.616736533928433 -2.947959 -6.775926 0.15490988 289.92813354796095 9.620552324220876 289.9064981939604 9.677725285389542 66.85689593709671 184.30381704350694 16000.0 16600.0 2016.0 2 133 {-999.0 20.371246 16.990086 15.022315 -999.0} sdss_psfmag_ps1 18.365044 15.367376 13.900483 9.424 63050395676224868 1154166461 bright_1x1 mwm_galactic_core_dist_apogee_sparse mwm_galactic science 0 0 0.0 0.0 -999 ""
FIBERMAP 514 R+11C3 BOSS 0 0 0 1 1 0 -120.32858247701454 230.37264023601185 143.1 9.201289954704468 259.7614884560601 109.99236 83.97628 -999.0 -999.0 -999.0 -999.0 -999.0 289.93144002050855 9.619730824902492 289.90981255151536 9.676999193477236 66.85638027701229 184.29540314361952 -999.0 5400.0 -999.0 1 5 {-999.0 -999.0 -999.0 -999.0 -999.0} "" -999.0 -999.0 -999.0 -999.0 -999 -999 "" "" "" "" 0 0 0.0 0.0 -999 ""
FIBERMAP 514 R+11C3 METROLOGY 0 0 0 1 1 0 -120.49333336837987 229.64672247138836 143.1 8.69936684664499 259.21171022684615 109.99236 83.97628 -999.0 -999.0 -999.0 -999.0 -999.0 289.9291329327253 9.61730806146588 289.9075099052312 9.674546462582434 66.85378745014629 184.300767350475 -999.0 6231.0 -999.0 -1 -999 {-999.0 -999.0 -999.0 -999.0 -999.0} "" -999.0 -999.0 -999.0 -999.0 -999 -999 "" "" "" "" 0 0 0.0 0.0 -999 ""
FIBERMAP 515 R+3C19 APOGEE 0 0 0 1 0 0 132.19896279261945 41.01553758360252 143.1 135.21180537155726 -29.656250687330978 299.5226 31.319311 -999.0 -999.0 -999.0 -999.0 -999.0 290.5073431795312 8.307571135350523 290.4890372768717 8.366381519878509 65.57720364671962 182.7096389768072 -999.0 16600.0 -999.0 2 -999 {-999.0 -999.0 -999.0 -999.0 -999.0} "" -999.0 -999.0 -999.0 -999.0 -999 -999 "" "" "" "" 0 0 0.0 0.0 -999 ""
FIBERMAP 515 R+3C19 BOSS 1 1 0 1 0 0 131.54685131864264 41.355850654245494 143.1 134.8129458662816 -29.03814475575185 299.5226 31.319311 290.5055950907098 8.310302086545716 -4.494353 -6.416806 0.1907163 290.5055815685198 8.310282982975437 290.487272620746 8.369181284353116 65.57993093638822 182.71413079375932 5400.0 5400.0 2016.0 1 217 {-999.0 16.222107 15.255294 14.72661 -999.0} sdss_psfmag_ps1 15.705803 15.47486 14.050498 12.083 63050395674851906 1093384067 bright_3x1 mwm_astar_core_boss mwm_ob science 0 0 0.0 0.0 -999 ""
FIBERMAP 515 R+3C19 METROLOGY 0 0 0 1 0 0 132.17096284097005 41.761109835781625 143.1 135.55584401771372 -28.994145539402645 299.5226 31.319311 -999.0 -999.0 -999.0 -999.0 -999.0 290.50897605587517 8.31050039714739 290.49066554533186 8.369380713404336 65.58026510583909 182.70603700648928 -999.0 6231.0 -999.0 -1 -999 {-999.0 -999.0 -999.0 -999.0 -999.0} "" -999.0 -999.0 -999.0 -999.0 -999 -999 "" "" "" "" 0 0 0.0 0.0 -999 ""
FIBERMAP 533 R+1C3 APOGEE 1 1 0 1 0 0 -223.2079039442253 14.446828586876487 143.1 -186.93977325924502 122.84761001755766 339.21143 117.889854 289.02955673514515 9.00256692926992 12.353065 4.21251 3.786541 289.0295939703281 9.002579470395084 289.00949400440794 9.057638653661023 66.16837319998322 186.39398720015265 16000.0 16600.0 2016.0 2 104 {-999.0 11.950058 11.297398 11.043638 -999.0} sdss_psfmag_from_g3xp 11.776675 11.322631 10.7045355 9.658 63050395675392492 1150035740 bright_12x1 mwm_bin_rv_short_subgiant_apogee_12epoch mwm_bin science 0 0 0.0 0.0 -999 ""
FIBERMAP 533 R+1C3 BOSS 0 0 0 1 0 0 -223.09697926281677 13.717668296404295 143.1 -187.20360027577132 122.15880217365499 339.21143 117.889854 -999.0 -999.0 -999.0 -999.0 -999.0 289.02833258504063 8.999392964362913 289.008250263204 9.054539312383081 66.16517134658291 186.39628546961114 -999.0 5400.0 -999.0 1 61 {-999.0 -999.0 -999.0 -999.0 -999.0} "" -999.0 -999.0 -999.0 -999.0 -999 -999 "" "" "" "" 0 0 0.0 0.0 -999 ""
FIBERMAP 533 R+1C3 METROLOGY 0 0 0 1 0 0 -223.79779077787077 13.988602336590686 143.1 -187.67908408327764 122.74064597210487 339.21143 117.889854 -999.0 -999.0 -999.0 -999.0 -999.0 289.02618983112757 9.002033113918014 289.00609829202796 9.05714826757407 66.16756684204412 186.40213367208702 -999.0 6231.0 -999.0 -1 -999 {-999.0 -999.0 -999.0 -999.0 -999.0} "" -999.0 -999.0 -999.0 -999.0 -999 -999 "" "" "" "" 0 0 0.0 0.0 -999 ""
FIBERMAP 544 R-6C19 APOGEE 1 1 0 1 0 0 178.84387968877456 -107.08208206637093 143.1 102.59479904166334 -181.47329523828375 55.638317 146.88567 290.3537706088163 7.619766059786926 -6.1722302 -18.592329 1.8930873 290.35375206967615 7.619710708284907 290.3371657239874 7.678259372814046 64.88333627136501 182.99880904159767 16000.0 16600.0 2016.0 2 229 {-999.0 13.229613 12.361568 11.979982 -999.0} sdss_psfmag_from_g3xp 12.949805 12.359532 11.620188 10.32 63050395662712681 1150203111 bright_12x1 mwm_bin_rv_short_subgiant_apogee_12epoch mwm_bin science 0 0 0.0 0.0 -999 ""
FIBERMAP 544 R-6C19 BOSS 0 0 0 1 0 0 179.5155350315802 -106.7791600314183 143.1 103.3284718546563 -181.54176876207788 55.638317 146.88567 -999.0 -999.0 -999.0 -999.0 -999.0 290.35711836976753 7.619266864530376 290.3405378684321 7.677919498920095 64.883144883259 182.9909078671136 -999.0 5400.0 -999.0 1 277 {-999.0 -999.0 -999.0 -999.0 -999.0} "" -999.0 -999.0 -999.0 -999.0 -999 -999 "" "" "" "" 0 0 0.0 0.0 -999 ""
FIBERMAP 544 R-6C19 METROLOGY 0 0 0 1 0 0 179.44229947289787 -107.52056881570479 143.1 102.89846671001679 -182.15023371735347 55.638317 146.88567 -999.0 -999.0 -999.0 -999.0 -999.0 290.3551302213159 7.616560291915973 290.3385552592333 7.675181398087794 64.88032242078533 182.9952462761957 -999.0 6231.0 -999.0 -1 -999 {-999.0 -999.0 -999.0 -999.0 -999.0} "" -999.0 -999.0 -999.0 -999.0 -999 -999 "" "" "" "" 0 0 0.0 0.0 -999 ""
FIBERMAP 546 R-12C1 APOGEE 1 1 0 1 0 0 -158.34990172057087 -224.51833847873763 143.1 -248.61792585737692 -116.97722353004592 49.413082 157.0324 288.7501462543936 7.916803535047801 -2.6914382 -5.75506 0.10354849 288.75013816456965 7.916786401571688 288.7327874727531 7.9713335566632715 65.0605312579548 186.79668894383772 16000.0 16600.0 2016.0 2 296 {-999.0 23.947866 20.167076 16.786129 -999.0} sdss_psfmag_ps1 21.274694 16.854446 15.198324 9.819 63050395673936411 1154153353 bright_1x1 mwm_galactic_core_dist_apogee_sparse mwm_galactic science 0 0 0.0 0.0 -999 ""
FIBERMAP 546 R-12C1 BOSS 0 0 0 1 0 0 -157.70385932250812 -224.17240081914477 143.1 -247.88526948442794 -116.99563997417796 49.413082 157.0324 -999.0 -999.0 -999.0 -999.0 -999.0 288.7534267404231 7.916588480823656 288.73608615814027 7.971238321916479 65.06076459652374 186.7889577287398 -999.0 5400.0 -999.0 1 429 {-999.0 -999.0 -999.0 -999.0 -999.0} "" -999.0 -999.0 -999.0 -999.0 -999 -999 "" "" "" "" 0 0 0.0 0.0 -999 ""
FIBERMAP 546 R-12C1 METROLOGY 0 0 0 1 0 0 -157.71504454582603 -224.9140653397493 143.1 -248.2614486032864 -117.63498612675815 49.413082 157.0324 -999.0 -999.0 -999.0 -999.0 -999.0 288.75175887524927 7.913745554152992 288.73442275091776 7.968364964736944 65.05774037061012 186.79216049435598 -999.0 6231.0 -999.0 -1 -999 {-999.0 -999.0 -999.0 -999.0 -999.0} "" -999.0 -999.0 -999.0 -999.0 -999 -999 "" "" "" "" 0 0 0.0 0.0 -999 ""
FIBERMAP 548 R+1C14 APOGEE 1 1 0 1 0 0 26.310069849268324 26.806408622370707 143.1 36.12138873375552 10.308301005839262 54.207283 84.144165 290.052472760835 8.490990383274662 -2.474103 -4.2983246 0.49788025 290.0527329553871 8.490977586667993 290.0339547167846 8.548641803050165 65.73745598853996 183.82183253897495 16000.0 16600.0 2016.0 2 13 {-999.0 21.622166 18.471346 14.8433 -999.0} sdss_psfmag_ps1 20.15991 14.861632 13.201822 6.819 63050395674944133 1154163195 bright_1x1 mwm_galactic_core_dist_apogee_sparse mwm_galactic science 0 0 0.9529497623443604 0.0 -999 ""
FIBERMAP 548 R+1C14 BOSS 0 0 0 1 0 0 26.85397815362288 26.309352896091088 143.1 36.348720296334484 9.607371078426342 54.207283 84.144165 -999.0 -999.0 -999.0 -999.0 -999.0 290.0537855962552 8.487694942825058 290.0350209758877 8.545454223599537 65.73433327168262 183.81883117288967 -999.0 5400.0 -999.0 1 96 {-999.0 -999.0 -999.0 -999.0 -999.0} "" -999.0 -999.0 -999.0 -999.0 -999 -999 "" "" "" "" 0 0 0.0 0.0 -999 ""
FIBERMAP 548 R+1C14 METROLOGY 0 0 0 1 0 0 26.156255564332696 26.07595120863396 143.1 35.62673191410792 9.749171843806792 54.207283 84.144165 -999.0 -999.0 -999.0 -999.0 -999.0 290.05046029994423 8.488375801003311 290.0316923944223 8.546100739083395 65.73479213554154 183.82691699191193 -999.0 6231.0 -999.0 -1 -999 {-999.0 -999.0 -999.0 -999.0 -999.0} "" -999.0 -999.0 -999.0 -999.0 -999 -999 "" "" "" "" 0 0 0.0 0.0 -999 ""
FIBERMAP 550 R+1C1 APOGEE 1 1 0 1 0 0 -273.4891779057249 30.526428639538135 143.1 -222.71416143659278 161.67251055118356 59.935028 117.44387 288.868233704162 9.176550505183066 -3.3523629 -6.29119 0.3978796 288.8682235944042 9.17653177558637 288.8476776410166 9.231163684011344 66.32539373693562 186.83095439950517 16000.0 16600.0 2016.0 2 141 {-999.0 21.729118 20.423449 16.351688 -999.0} sdss_psfmag_ps1 21.424572 15.902786 14.191748 7.651 63050395676589078 1154167863 bright_1x1 mwm_galactic_core_dist_apogee_sparse mwm_galactic science 0 0 0.0 0.0 -999 ""
FIBERMAP 550 R+1C1 BOSS 0 0 0 1 0 0 -272.7616380370996 30.507989226891407 143.1 -222.09068084937238 161.2970028965691 59.935028 117.44387 -999.0 -999.0 -999.0 -999.0 -999.0 288.87102437495406 9.174778089369877 288.85049218137806 9.229506315743023 66.32402624317213 186.82365340999132 -999.0 5400.0 -999.0 1 12 {-999.0 -999.0 -999.0 -999.0 -999.0} "" -999.0 -999.0 -999.0 -999.0 -999 -999 "" "" "" "" 0 0 0.0 0.0 -999 ""
FIBERMAP 550 R+1C1 METROLOGY 0 0 0 1 0 0 -273.14982998210957 29.86120520274398 143.1 -222.74778489427155 160.92643234692426 59.935028 117.44387 -999.0 -999.0 -999.0 -999.0 -999.0 288.8680402450941 9.173111778088483 288.84750961014925 9.227807648353796 66.32203817540062 186.83051831904265 -999.0 6231.0 -999.0 -1 -999 {-999.0 -999.0 -999.0 -999.0 -999.0} "" -999.0 -999.0 -999.0 -999.0 -999 -999 "" "" "" "" 0 0 0.0 0.0 -999 ""
FIBERMAP 554 R-2C23 APOGEE 1 1 0 1 0 0 244.27471678637932 -30.015355651927834 143.1 197.56488679880405 -146.79338093067187 106.491196 9.531189 290.78753014831034 7.776483160535535 -4.7984624 -6.4886255 0.1413625 290.7875157301394 7.776463843150908 290.7705446158315 7.83604920576281 65.05690956394922 181.99834738286452 16000.0 16600.0 2016.0 2 197 {-999.0 15.535086 13.835074 12.938124 -999.0} sdss_psfmag_from_g3xp 14.772495 13.577727 12.48321 9.877 63050395662955029 1152354647 bright_1x1 mwm_galactic_core_dist_apogee_sparse mwm_galactic science 0 0 0.0 0.0 -999 ""
FIBERMAP 554 R-2C23 BOSS 0 0 0 1 0 0 244.5732193058795 -30.69456100600869 143.1 197.48884010153338 -147.53143476605212 106.491196 9.531189 -999.0 -999.0 -999.0 -999.0 -999.0 290.7871506126886 7.773027287427195 290.7701908726281 7.832707317130268 65.05355876807738 181.99894320509222 -999.0 5400.0 -999.0 1 310 {-999.0 -999.0 -999.0 -999.0 -999.0} "" -999.0 -999.0 -999.0 -999.0 -999 -999 "" "" "" "" 0 0 0.0 0.0 -999 ""
FIBERMAP 554 R-2C23 METROLOGY 0 0 0 1 0 0 243.8295128426776 -30.64570095395421 143.1 196.86633348291838 -147.1214886997112 106.491196 9.531189 -999.0 -999.0 -999.0 -999.0 -999.0 290.78434673335323 7.774900389551353 290.76738146991846 7.834546317487087 65.05531441880798 182.00566864262444 -999.0 6231.0 -999.0 -1 -999 {-999.0 -999.0 -999.0 -999.0 -999.0} "" -999.0 -999.0 -999.0 -999.0 -999 -999 "" "" "" "" 0 0 0.0 0.0 -999 ""
FIBERMAP 565 R+8C3 APOGEE 1 1 0 1 0 0 -154.08180708564916 139.04722630747128 143.1 -65.27047260265667 197.03194465469463 303.74524 91.95728 289.588422553518 9.339046595119532 -2.256361 -5.613415 0.079263136 289.58841574583874 9.33902988333817 289.56748058826435 9.395412620876385 66.55190680354647 185.09727280571204 16000.0 16600.0 2016.0 2 137 {-999.0 20.894667 17.436878 15.588413 -999.0} sdss_psfmag_ps1 18.747269 16.08657 14.645873 10.295 63050395675432252 1154165220 bright_1x1 mwm_galactic_core_dist_apogee_sparse mwm_galactic science 0 0 0.0 0.0 -999 ""
FIBERMAP 565 R+8C3 BOSS 0 0 0 1 0 0 -154.66914677521612 138.59356759160917 143.1 -66.00531189911987 196.92769351800857 303.74524 91.95728 -999.0 -999.0 -999.0 -999.0 -999.0 289.5850160182467 9.33851365621145 289.5640888044008 9.39497645969188 66.55121829732397 185.1055747340366 -999.0 5400.0 -999.0 1 25 {-999.0 -999.0 -999.0 -999.0 -999.0} "" -999.0 -999.0 -999.0 -999.0 -999 -999 "" "" "" "" 0 0 0.0 0.0 -999 ""
FIBERMAP 565 R+8C3 METROLOGY 0 0 0 1 0 0 -154.77840509086923 139.3366825303895 143.1 -65.73314104886023 197.62781149757967 303.74524 91.95728 -999.0 -999.0 -999.0 -999.0 -999.0 289.5862854302093 9.341681473052159 289.5653482953343 9.398121838214575 66.5544488454145 185.10306030699718 -999.0 6231.0 -999.0 -1 -999 {-999.0 -999.0 -999.0 -999.0 -999.0} "" -999.0 -999.0 -999.0 -999.0 -999 -999 "" "" "" "" 0 0 0.0 0.0 -999 ""
FIBERMAP 566 R+8C7 APOGEE 0 0 0 1 0 0 -54.97180618602568 144.06820644025677 143.1 23.385909582542936 152.4277791242471 344.44138 89.08623 -999.0 -999.0 -999.0 -999.0 -999.0 289.9956678715636 9.137108366780843 289.975258498181 9.194526082771752 66.37884498364087 184.05756732341692 -999.0 16600.0 -999.0 2 -999 {-999.0 -999.0 -999.0 -999.0 -999.0} "" -999.0 -999.0 -999.0 -999.0 -999 -999 "" "" "" "" 0 0 0.0 0.0 -999 ""
FIBERMAP 566 R+8C7 BOSS 1 1 0 1 0 0 -55.17533236414635 143.37993104833484 143.1 22.868870555718676 151.92988942868914 344.44138 89.08623 289.993283357362 9.134844701246683 0.8970973 -4.816568 0.61427695 289.99328606243085 9.134830361770137 289.9728877377034 9.192331801428141 66.37651353772414 184.06306704774988 5400.0 5400.0 2016.0 1 103 {-999.0 19.217222 17.569025 16.82465 -999.0} sdss_psfmag_ps1 18.468262 17.39661 16.300869 13.961 63050395675355027 980289925 "" ops_std_boss_red ops_std standard_boss 0 0 0.0 0.0 -999 ""
FIBERMAP 566 R+8C7 METROLOGY 0 0 0 1 0 0 -55.69537560538298 143.88624689562462 143.1 22.666864909207305 152.62707933676592 344.44138 89.08623 -999.0 -999.0 -999.0 -999.0 -999.0 289.9923625841938 9.138003632100329 289.9719547474993 9.19547698324767 66.37959737956405 184.06583506488988 -999.0 6231.0 -999.0 -1 -999 {-999.0 -999.0 -999.0 -999.0 -999.0} "" -999.0 -999.0 -999.0 -999.0 -999 -999 "" "" "" "" 0 0 0.0 0.0 -999 ""
FIBERMAP 572 R+10C5 APOGEE 0 0 0 1 0 0 -97.66300565700885 205.1341327236829 143.1 16.438618132100316 226.61778591044435 129.47954 112.63937 -999.0 -999.0 -999.0 -999.0 -999.0 289.9643825873464 9.471522163832654 289.94312625522275 9.528808443427463 66.71055670902635 184.18853087669876 -999.0 16600.0 -999.0 2 -999 {-999.0 -999.0 -999.0 -999.0 -999.0} "" -999.0 -999.0 -999.0 -999.0 -999 -999 "" "" "" "" 0 0 0.0 0.0 -999 ""
FIBERMAP 572 R+10C5 BOSS 1 1 0 1 0 0 -97.31975062827306 205.80104663002564 143.1 17.066595903985913 227.0280624290489 129.47954 112.63937 289.9669337489468 9.47326336900818 12.376181 12.345899 4.263456 289.96726981744285 9.473300124166197 289.946013613937 9.530681074415952 66.71260289315559 184.18163741946375 5400.0 5400.0 2016.0 1 146 {-999.0 14.639976 13.370317 12.887451 -999.0} sdss_psfmag_from_g3xp 14.146455 13.376668 12.522927 10.769 63050395676202678 1113573141 bright_2x1_long_v2 mwm_bin_gaia_astb_boss mwm_bin science 0 0 1.0607041120529175 0.0 -999 ""
FIBERMAP 572 R+10C5 METROLOGY 0 0 0 1 0 0 -96.91799303010636 205.1743591611051 143.1 17.10627774970415 226.28465462703863 129.47954 112.63937 -999.0 -999.0 -999.0 -999.0 -999.0 289.9674457838466 9.469984554282615 289.9461974425621 9.527341513356827 66.70928106636663 184.1806544828356 -999.0 6231.0 -999.0 -1 -999 {-999.0 -999.0 -999.0 -999.0 -999.0} "" -999.0 -999.0 -999.0 -999.0 -999 -999 "" "" "" "" 0 0 0.0 0.0 -999 ""
FIBERMAP 575 R+3C14 APOGEE 1 1 0 1 0 0 25.407092689967634 70.87249171964646 143.1 57.1091407474947 49.069646242415544 136.17708 102.276825 290.14986314170187 8.667181976196726 -0.057959713 -2.1698189 1.5735667 290.14986296715585 8.667175516396396 290.1306435090097 8.725049281893893 65.91886632438847 183.61249167188225 16000.0 16600.0 2016.0 2 24 {-999.0 17.248114 15.826083 15.236872 -999.0} sdss_psfmag_ps1 16.733639 15.774268 14.80052 12.591 63050395675001888 917016312 bright_3x1 mwm_yso_variable_apogee mwm_yso science 0 0 0.0 0.0 -999 ""
FIBERMAP 575 R+3C14 BOSS 0 0 0 1 0 0 25.785955786929733 71.50146765755179 143.1 57.74933450842066 49.42934211939688 136.17708 102.276825 -999.0 -999.0 -999.0 -999.0 -999.0 290.15283953005485 8.668736669807997 290.133621501594 8.726708617664025 65.92068091186839 183.60550537996951 -999.0 5400.0 -999.0 1 97 {-999.0 -999.0 -999.0 -999.0 -999.0} "" -999.0 -999.0 -999.0 -999.0 -999 -999 "" "" "" "" 0 0 0.0 0.0 -999 ""
FIBERMAP 575 R+3C14 METROLOGY 0 0 0 1 0 0 26.159339301240692 70.85505776140414 143.1 57.754600486378685 48.68280531605784 136.17708 102.276825 -999.0 -999.0 -999.0 -999.0 -999.0 290.1528503186913 8.665359294479709 290.13363939373613 8.723306000833112 65.91728411335129 183.60501599080072 -999.0 6231.0 -999.0 -1 -999 {-999.0 -999.0 -999.0 -999.0 -999.0} "" -999.0 -999.0 -999.0 -999.0 -999 -999 "" "" "" "" 0 0 0.0 0.0 -999 ""
FIBERMAP 577 R+6C15 APOGEE 1 1 0 1 0 0 76.09297241594193 123.63046782995974 143.1 127.24771731818281 69.89867969775091 164.61725 102.14678 290.4724704861345 8.76043817182767 -1.8418518 -5.87552 0.13779709 290.47246493800435 8.760420679728224 290.4530212019128 8.81907063458411 66.02804225407088 182.84193506446718 16000.0 16600.0 2016.0 2 36 {-999.0 17.663795 15.48459 14.540568 -999.0} sdss_psfmag_ps1 16.603218 15.107639 13.936272 10.957 63050395675009507 1154163361 bright_1x1 mwm_galactic_core_dist_apogee_sparse mwm_galactic science 0 0 0.0 0.0 -999 ""
FIBERMAP 577 R+6C15 BOSS 0 0 0 1 0 0 76.11623347119085 124.37402935950563 143.1 127.6353336034186 70.5337086650024 164.61725 102.14678 -999.0 -999.0 -999.0 -999.0 -999.0 290.47429614022934 8.763232146936753 290.45484922990363 8.821976868359272 66.03102206485008 182.8377940549482 -999.0 5400.0 -999.0 1 188 {-999.0 -999.0 -999.0 -999.0 -999.0} "" -999.0 -999.0 -999.0 -999.0 -999 -999 "" "" "" "" 0 0 0.0 0.0 -999 ""
FIBERMAP 577 R+6C15 METROLOGY 0 0 0 1 0 0 76.76084526693955 123.98445384271793 143.1 128.00333179627464 69.8764749028114 164.61725 102.14678 -999.0 -999.0 -999.0 -999.0 -999.0 290.47596846458293 8.760257265602643 290.45652798509667 8.818980870194205 66.02809855652372 182.83340393744234 -999.0 6231.0 -999.0 -1 -999 {-999.0 -999.0 -999.0 -999.0 -999.0} "" -999.0 -999.0 -999.0 -999.0 -999 -999 "" "" "" "" 0 0 0.0 0.0 -999 ""
FIBERMAP 580 R+9C7 APOGEE 1 1 0 1 0 0 -59.73063652632374 193.00198548370042 143.1 43.42613118942492 197.32671846371548 142.15338 69.121506 290.0882194391382 9.339424916137395 -1.3498935 -3.706061 0.22595039 290.0882153663627 9.339413882767916 290.0672982564896 9.397025971157818 66.586337748721 183.86018439717435 16000.0 16600.0 2016.0 2 29 {-999.0 18.140543 15.63438 14.616591 -999.0} sdss_psfmag_ps1 16.776245 15.079799 13.849017 10.56 63050395676194123 1154166457 bright_1x1 mwm_galactic_core_dist_apogee_sparse mwm_galactic science 0 0 0.0 0.0 -999 ""
FIBERMAP 580 R+9C7 BOSS 0 0 0 1 0 0 -59.10347896536328 193.39232211825473 143.1 44.16430467861679 197.3562375812701 142.15338 69.121506 -999.0 -999.0 -999.0 -999.0 -999.0 290.0916144225822 9.339490258927885 290.07070237271324 9.397198996739174 66.58670299075743 183.85177127712294 -999.0 5400.0 -999.0 1 118 {-999.0 -999.0 -999.0 -999.0 -999.0} "" -999.0 -999.0 -999.0 -999.0 -999 -999 "" "" "" "" 0 0 0.0 0.0 -999 ""
FIBERMAP 580 R+9C7 METROLOGY 0 0 0 1 0 0 -59.078483661066535 192.64543026637406 143.1 43.81700150088302 196.69446963443445 142.15338 69.121506 -999.0 -999.0 -999.0 -999.0 -999.0 290.09001350269216 9.336534537559494 290.0691074091837 9.394214805447342 66.58363356396734 183.85529441929745 -999.0 6231.0 -999.0 -1 -999 {-999.0 -999.0 -999.0 -999.0 -999.0} "" -999.0 -999.0 -999.0 -999.0 -999 -999 "" "" "" "" 0 0 0.0 0.0 -999 ""
FIBERMAP 581 R-1C19 APOGEE 0 0 0 1 0 0 115.60190309459243 -11.830845194155707 143.1 94.6695662958766 -67.40531031464603 112.27056 136.43846 -999.0 -999.0 -999.0 -999.0 -999.0 290.3206221952097 8.136433701086968 290.3027411811999 8.194814587098323 65.39780956327303 183.13564872814106 -999.0 16600.0 -999.0 2 -999 {-999.0 -999.0 -999.0 -999.0 -999.0} "" -999.0 -999.0 -999.0 -999.0 -999 -999 "" "" "" "" 0 0 0.0 0.0 -999 ""
FIBERMAP 581 R-1C19 BOSS 1 1 0 1 0 0 115.8673751053663 -11.123446488291528 143.1 95.24991559949919 -66.92140021724668 112.27056 136.43846 290.3233425958982 8.138523186203544 -2.5220444 -6.601585 1.0455654 290.32333501109343 8.138503532526014 290.3054530498173 8.196984183750946 65.40010142991555 183.1294500842145 5400.0 5400.0 2016.0 1 296 {-999.0 20.128153 18.4955 17.788322 -999.0} sdss_psfmag_ps1 19.366959 18.264011 17.188902 14.723 63050395674760523 1096756660 bright_1x1 mwm_bin_vis_boss mwm_filler science 0 0 0.0 0.0 -999 ""
FIBERMAP 581 R-1C19 METROLOGY 0 0 0 1 0 0 116.33604349424076 -11.697804395465916 143.1 95.3736318039606 -67.65236815663621 112.27056 136.43846 -999.0 -999.0 -999.0 -999.0 -999.0 290.3238796713724 8.135210748969131 290.306004933314 8.193666795309131 65.39681294045953 183.12776970640107 -999.0 6231.0 -999.0 -1 -999 {-999.0 -999.0 -999.0 -999.0 -999.0} "" -999.0 -999.0 -999.0 -999.0 -999 -999 "" "" "" "" 0 0 0.0 0.0 -999 ""
FIBERMAP 587 R-10C13 APOGEE 0 0 0 1 0 0 106.64657183187228 -190.38153430716653 143.1 -1.3382596040389385 -218.22923860938252 45.870296 77.95365 -999.0 -999.0 -999.0 -999.0 -999.0 289.8776413732301 7.45482768721349 289.86146375776195 7.512234215853052 64.69282521148064 184.08383760831 -999.0 16600.0 -999.0 2 -999 {-999.0 -999.0 -999.0 -999.0 -999.0} "" -999.0 -999.0 -999.0 -999.0 -999 -999 "" "" "" "" 0 0 0.0 0.0 -999 ""
FIBERMAP 587 R-10C13 BOSS 1 1 0 1 0 0 107.07991560212662 -190.98952974889667 143.1 -1.2618781164049393 -218.97200041719825 45.870296 77.95365 289.8779742757168 7.451376815037526 0.6909745 -7.427257 1.0124743 289.87797635034684 7.451354703239116 289.86181314546826 7.508859096235312 64.68947716762032 184.08255217938813 5400.0 5400.0 2016.0 1 396 {-999.0 18.752916 17.106691 16.23497 -999.0} sdss_psfmag_ps1 18.085987 16.835335 15.73587 13.294 63050395674510699 980589203 "" ops_std_boss_tic ops_std standard_boss 0 0 0.0 0.0 -999 ""
FIBERMAP 587 R-10C13 METROLOGY 0 0 0 1 0 0 106.33679872696547 -191.06028507437654 143.1 -1.942973597744478 -218.66635049755197 45.870296 77.95365 -999.0 -999.0 -999.0 -999.0 -999.0 289.8748664487152 7.452769980117633 289.8586981983061 7.5102391301397144 64.69066803661053 184.08995758363326 -999.0 6231.0 -999.0 -1 -999 {-999.0 -999.0 -999.0 -999.0 -999.0} "" -999.0 -999.0 -999.0 -999.0 -999 -999 "" "" "" "" 0 0 0.0 0.0 -999 ""
FIBERMAP 588 R+8C1 APOGEE 1 1 0 1 0 0 -187.3708357288548 169.55025978514013 143.1 -79.14364427925082 240.00212746635253 100.62354 49.02144 289.5257309291719 9.53230049281907 2.554716 -214.93425 17.210836 289.5257386413277 9.531660608839696 289.5043077923145 9.58785804340479 66.7389690335508 185.29145118847913 16000.0 16600.0 2016.0 2 94 {-999.0 17.490768 16.061972 14.532883 -999.0} sdss_psfmag_ps1 16.850677 15.107791 13.850077 11.384 63050395676621971 1068796269 bright_18x1 mwm_bin_rv_short_mdwarf_apogee_18epoch mwm_bin science 0 0 0.0 0.0 -999 ""
FIBERMAP 588 R+8C1 BOSS 0 0 0 1 0 0 -186.7539539601322 169.15603744216435 143.1 -78.80205315322414 239.35455461896714 100.62354 49.02144 -999.0 -999.0 -999.0 -999.0 -999.0 289.5272695440588 9.528702288953111 289.50585767863805 9.584991124774794 66.73623113340332 185.2870227876136 -999.0 5400.0 -999.0 1 81 {-999.0 -999.0 -999.0 -999.0 -999.0} "" -999.0 -999.0 -999.0 -999.0 -999 -999 "" "" "" "" 0 0 0.0 0.0 -999 ""
FIBERMAP 588 R+8C1 METROLOGY 0 0 0 1 0 0 -187.41923479875717 168.80583644405252 143.1 -79.55354373110542 239.3787697572958 100.62354 49.02144 -999.0 -999.0 -999.0 -999.0 -999.0 289.5238293069756 9.528821061735915 289.5024150300113 9.58507658855748 66.73604936949343 185.2956078160339 -999.0 6231.0 -999.0 -1 -999 {-999.0 -999.0 -999.0 -999.0 -999.0} "" -999.0 -999.0 -999.0 -999.0 -999 -999 "" "" "" "" 0 0 0.0 0.0 -999 ""
FIBERMAP 589 R-2C25 APOGEE 1 1 0 1 0 0 246.85564165955765 -42.263267042895606 143.1 193.7573383465543 -158.71808961447655 259.87924 26.175941 290.7696533203125 7.722716001257595 -999.0 -999.0 -999.0 290.7696533203125 7.722716001257594 290.7528161065835 7.782266661078871 65.00262627604454 182.03612906730476 16000.0 16600.0 2015.5 2 216 {-999.0 -999.0 -999.0 -999.0 -999.0} "" -999.0 -999.0 -999.0 -999.0 27021603150813484 848248469 "" ops_sky_apogee_best ops_sky sky_apogee 0 0 0.0 0.0 -999 ""
FIBERMAP 589 R-2C25 BOSS 0 0 0 1 0 0 246.6286206360973 -41.562221421122004 143.1 193.9063289577393 -157.9963645379502 259.87924 26.175941 -999.0 -999.0 -999.0 -999.0 -999.0 290.7703796127045 7.72585783407717 290.75353739035074 7.78550493619892 65.00588462341965 182.03466942121395 -999.0 5400.0 -999.0 1 254 {-999.0 -999.0 -999.0 -999.0 -999.0} "" -999.0 -999.0 -999.0 -999.0 -999 -999 "" "" "" "" 0 0 0.0 0.0 -999 ""
FIBERMAP 589 R-2C25 METROLOGY 0 0 0 1 0 0 247.36069094341096 -41.72509120797712 143.1 194.46238623152672 -158.49969198531946 259.87924 26.175941 -999.0 -999.0 -999.0 -999.0 -999.0 290.7728691010747 7.723627825654525 290.75603165970495 7.783254427011855 65.00370948930252 182.0286632100317 -999.0 6231.0 -999.0 -1 -999 {-999.0 -999.0 -999.0 -999.0 -999.0} "" -999.0 -999.0 -999.0 -999.0 -999 -999 "" "" "" "" 0 0 0.0 0.0 -999 ""
FIBERMAP 592 R0C5 APOGEE 1 1 0 1 0 0 -187.37117797683445 2.9797459096805614 143.1 -161.4458031286119 95.17026147422102 24.784653 103.643715 289.1454048422996 8.877748057086414 -3.3600075 -7.29918 -0.04630511 289.14539471787964 8.87772632658792 289.12561578952733 8.93309185394008 66.0549714960767 186.08352167594637 16000.0 16600.0 2016.0 2 243 {-999.0 23.36147 18.277729 16.461098 -999.0} sdss_psfmag_ps1 19.209002 16.87002 15.36405 10.893 63050395675386349 1154165072 bright_1x1 mwm_galactic_core_dist_apogee_sparse mwm_galactic science 0 0 0.0 0.0 -999 ""
FIBERMAP 592 R0C5 BOSS 0 0 0 1 0 0 -186.89490240342752 2.4131215303489593 143.1 -161.3116514172149 94.44225910850008 24.784653 103.643715 -999.0 -999.0 -999.0 -999.0 -999.0 289.1459403417299 8.874365109261053 289.1261781659594 8.929822900411187 66.05176598019621 186.08143191255235 -999.0 5400.0 -999.0 1 495 {-999.0 -999.0 -999.0 -999.0 -999.0} "" -999.0 -999.0 -999.0 -999.0 -999 -999 "" "" "" "" 0 0 0.0 0.0 -999 ""
FIBERMAP 592 R0C5 METROLOGY 0 0 0 1 0 0 -187.6180560000284 2.252779079470105 143.1 -162.01965361091632 94.66014979434027 24.784653 103.643715 -999.0 -999.0 -999.0 -999.0 -999.0 289.1427191595438 8.87536468708989 289.1229520244385 8.930788749379937 66.05244030036417 186.0894662588644 -999.0 6231.0 -999.0 -1 -999 {-999.0 -999.0 -999.0 -999.0 -999.0} "" -999.0 -999.0 -999.0 -999.0 -999 -999 "" "" "" "" 0 0 0.0 0.0 -999 ""
FIBERMAP 594 R+1C22 APOGEE 1 1 0 1 0 0 204.70233661154427 32.80846732371083 143.1 194.1979596131093 -72.61589063108774 93.03907 58.409718 290.77539141463825 8.111835970523863 -2.8331828 -7.518842 0.15794206 290.7753828946815 8.11181358606582 290.75757367722747 8.171313134034774 65.39163692923009 182.0529971101599 16000.0 16600.0 2016.0 2 86 {-999.0 16.318748 14.592957 13.780893 -999.0} sdss_psfmag_from_g3xp 15.538387 14.391057 13.34206 10.933 63050395663096486 1152354887 bright_1x1 mwm_galactic_core_dist_apogee_sparse mwm_galactic science 0 0 0.0 0.0 -999 ""
FIBERMAP 594 R+1C22 BOSS 0 0 0 1 0 0 205.33684885774406 32.43569021895753 143.1 194.56547634177278 -73.25352812830238 93.03907 58.409718 -999.0 -999.0 -999.0 -999.0 -999.0 290.77707262758634 8.108810754791149 290.7592737948538 8.168408472591004 65.38878477336587 182.04874564413117 -999.0 5400.0 -999.0 1 235 {-999.0 -999.0 -999.0 -999.0 -999.0} "" -999.0 -999.0 -999.0 -999.0 -999 -999 "" "" "" "" 0 0 0.0 0.0 -999 ""
FIBERMAP 594 R+1C22 METROLOGY 0 0 0 1 0 0 204.70183089083562 32.05553405329279 143.1 193.8254984092557 -73.27031159404221 93.03907 58.409718 -999.0 -999.0 -999.0 -999.0 -999.0 290.7736998060326 8.108770255839692 290.7559001906131 8.168333217615622 65.3886079401697 182.05675491476165 -999.0 6231.0 -999.0 -1 -999 {-999.0 -999.0 -999.0 -999.0 -999.0} "" -999.0 -999.0 -999.0 -999.0 -999 -999 "" "" "" "" 0 0 0.0 0.0 -999 ""
FIBERMAP 597 R+1C2 APOGEE 0 0 0 1 0 0 -252.94174039529764 27.92141290057888 143.1 -206.13541960265053 149.25505421885558 32.27822 142.9456 -999.0 -999.0 -999.0 -999.0 -999.0 288.94298891881203 9.121229770967348 288.92258585265375 9.176055500493657 66.27794554254174 186.6342048687068 -999.0 16600.0 -999.0 2 -999 {-999.0 -999.0 -999.0 -999.0 -999.0} "" -999.0 -999.0 -999.0 -999.0 -999 -999 "" "" "" "" 0 0 0.0 0.0 -999 ""
FIBERMAP 597 R+1C2 BOSS 1 1 0 1 0 0 -252.17591734651936 27.862858011834458 143.1 -205.49847293136256 148.82575083043824 32.27822 142.9456 288.94584875072366 9.11924860996589 -1.4112644 -3.9679368 0.21971317 288.9458444954432 9.119236796961836 288.9254555362774 9.174159258566146 66.27633711217901 186.62673392795946 5400.0 5400.0 2016.0 1 11 {-999.0 18.261597 16.042168 14.932671 -999.0} sdss_psfmag_ps1 17.093298 15.527589 14.317688 11.732 63050395676588157 1093384044 bright_3x1 mwm_astar_core_boss mwm_ob science 0 0 0.0 0.0 -999 ""
FIBERMAP 597 R+1C2 METROLOGY 0 0 0 1 0 0 -252.61755668819083 27.24942562052197 143.1 -206.18557024250194 148.5105874766267 32.27822 142.9456 -999.0 -999.0 -999.0 -999.0 -999.0 288.942720804786 9.117818691635517 288.92233281980145 9.172708344468989 66.27459005089905 186.63400405743258 -999.0 6231.0 -999.0 -1 -999 {-999.0 -999.0 -999.0 -999.0 -999.0} "" -999.0 -999.0 -999.0 -999.0 -999 -999 "" "" "" "" 0 0 0.0 0.0 -999 ""
FIBERMAP 598 R+11C9 APOGEE 1 1 0 1 0 0 16.239095137192287 230.13346179567355 143.1 127.82786669144679 192.0759509951177 104.4928 80.40123 290.4754966067782 9.313114602596618 -5.032958 -7.1357846 0.11586631 290.4754814229416 9.31309335854485 290.45464661266607 9.37166003001221 66.58019781378833 182.8965595050909 16000.0 16600.0 2016.0 2 21 {-999.0 18.813787 16.034119 14.687983 -999.0} sdss_psfmag_ps1 17.127743 15.129014 13.750613 10.075 63050395676089988 1154165975 bright_1x1 mwm_galactic_core_dist_apogee_sparse mwm_galactic science 0 0 0.0 0.0 -999 ""
FIBERMAP 598 R+11C9 BOSS 0 0 0 1 0 0 16.970257926764567 230.19708403034267 143.1 128.49504373584384 191.77000536548175 104.4928 80.40123 -999.0 -999.0 -999.0 -999.0 -999.0 290.4785520593414 9.311630354719222 290.4577248734828 9.370293202939484 66.57896288128796 182.88877730357552 -999.0 5400.0 -999.0 1 110 {-999.0 -999.0 -999.0 -999.0 -999.0} "" -999.0 -999.0 -999.0 -999.0 -999 -999 "" "" "" "" 0 0 0.0 0.0 -999 ""
FIBERMAP 598 R+11C9 METROLOGY 0 0 0 1 0 0 16.66571244860474 229.51919764295624 143.1 127.89530221817584 191.3310620996258 104.4928 80.40123 -999.0 -999.0 -999.0 -999.0 -999.0 290.4758069945697 9.309700978108722 290.45498347209946 9.36833236315355 66.5768875472256 182.89536347233815 -999.0 6231.0 -999.0 -1 -999 {-999.0 -999.0 -999.0 -999.0 -999.0} "" -999.0 -999.0 -999.0 -999.0 -999 -999 "" "" "" "" 0 0 0.0 0.0 -999 ""
FIBERMAP 599 R+2C11 APOGEE 1 1 0 1 0 0 -59.16720270811299 30.14881395578604 143.1 -36.549103043113625 55.44849910633329 234.49174 90.05237 289.71851064767856 8.697378730654098 -2.077883 -4.569257 0.20319559 289.71850438961945 8.697365127451143 289.6991971132854 8.754173230845645 65.92176741192992 184.6600855309765 16000.0 16600.0 2016.0 2 142 {-999.0 18.93686 15.994341 14.530717 -999.0} sdss_psfmag_ps1 17.273754 15.083131 13.741069 9.869 63050395675271014 1154164386 bright_1x1 mwm_galactic_core_dist_apogee_sparse mwm_galactic science 0 0 0.0 0.0 -999 ""
FIBERMAP 599 R+2C11 BOSS 0 0 0 1 0 0 -59.774082142495914 30.57578789158573 143.1 -36.865814762872255 56.11960714621423 234.49174 90.05237 -999.0 -999.0 -999.0 -999.0 -999.0 289.7170265547961 8.700361221934008 289.69771803993075 8.757256249393484 65.92474196532717 184.664182654593 -999.0 5400.0 -999.0 1 23 {-999.0 -999.0 -999.0 -999.0 -999.0} "" -999.0 -999.0 -999.0 -999.0 -999 -999 "" "" "" "" 0 0 0.0 0.0 -999 ""
FIBERMAP 599 R+2C11 METROLOGY 0 0 0 1 0 0 -59.0990075230771 30.895861415800603 143.1 -36.12069442392851 56.0643572849644 234.49174 90.05237 -999.0 -999.0 -999.0 -999.0 -999.0 289.7204638191081 8.700124192757158 289.7011541763573 8.757001915937515 65.92472298196773 184.65583444792063 -999.0 6231.0 -999.0 -1 -999 {-999.0 -999.0 -999.0 -999.0 -999.0} "" -999.0 -999.0 -999.0 -999.0 -999 -999 "" "" "" "" 0 0 0.0 0.0 -999 ""
FIBERMAP 600 R+1C17 APOGEE 0 0 0 1 0 0 67.55465928313478 16.443268649043695 143.1 66.86291673217863 -19.081181058025205 177.78027 132.28873 -999.0 -999.0 -999.0 -999.0 -999.0 290.19378132782197 8.356689982079226 290.1753444084458 8.41472290541556 65.61128773615202 183.4652728162972 -999.0 16600.0 -999.0 2 -999 {-999.0 -999.0 -999.0 -999.0 -999.0} "" -999.0 -999.0 -999.0 -999.0 -999 -999 "" "" "" "" 0 0 0.0 0.0 -999 ""
FIBERMAP 600 R+1C17 BOSS 1 1 0 1 0 0 67.03260887490805 17.016729612428477 143.1 66.69234201439431 -18.324617151754957 177.78027 132.28873 290.19305346573833 8.360035058867442 -4.288492 0.006642666 2.191141 290.19304056128095 8.360035078643214 290.17459953810305 8.418158161582793 65.61468057765335 183.46748281783982 5400.0 5400.0 2016.0 1 191 {-999.0 20.75179 18.826866 18.004974 -999.0} sdss_psfmag_ps1 19.810675 18.692373 17.429537 15.108 63050395674916301 1096202161 bright_1x1 mwm_bin_vis_boss mwm_filler science 0 0 0.0 0.0 -999 ""
FIBERMAP 600 R+1C17 METROLOGY 0 0 0 1 0 0 67.78977565784052 17.151352168734018 143.1 67.41721036127107 -18.58167691418862 177.78027 132.28873 -999.0 -999.0 -999.0 -999.0 -999.0 290.1963644759938 8.358882450406291 290.1779255497844 8.416987632192518 65.61368055413931 183.45937869078668 -999.0 6231.0 -999.0 -1 -999 {-999.0 -999.0 -999.0 -999.0 -999.0} "" -999.0 -999.0 -999.0 -999.0 -999 -999 "" "" "" "" 0 0 0.0 0.0 -999 ""
FIBERMAP 604 R+7C14 APOGEE 1 1 0 1 0 0 82.17318912656062 155.282396672252 143.1 148.17352666661102 94.41562463431272 128.99335 55.201702 290.56857456768876 8.87110358557278 -4.5047784 -3.0326402 0.23177084 290.568560994075 8.871094557053848 290.54884230165567 8.929961804494962 66.1426812168873 182.61967232236293 16000.0 16600.0 2016.0 2 43 {-999.0 17.021187 14.750457 13.579602 -999.0} sdss_psfmag_from_g3xp 15.852993 14.258151 13.0438795 9.883 63050395675684087 1152367047 bright_1x1 mwm_galactic_core_dist_apogee_sparse mwm_galactic science 0 0 0.0 0.0 -999 ""
FIBERMAP 604 R+7C14 BOSS 0 0 0 1 0 0 82.90325927537924 155.31240283297012 143.1 148.82314409153773 94.08098990524773 128.99335 55.201702 -999.0 -999.0 -999.0 -999.0 -999.0 290.5715761797262 8.869495708700226 290.55186514464657 8.928460887701204 66.14129744722324 182.61215056232612 -999.0 5400.0 -999.0 1 160 {-999.0 -999.0 -999.0 -999.0 -999.0} "" -999.0 -999.0 -999.0 -999.0 -999 -999 "" "" "" "" 0 0 0.0 0.0 -999 ""
FIBERMAP 604 R+7C14 METROLOGY 0 0 0 1 0 0 82.57254829116859 154.64406850338773 143.1 148.2053714632934 93.66328037240844 128.99335 55.201702 -999.0 -999.0 -999.0 -999.0 -999.0 290.56873765340964 8.867641260938239 290.5490301811146 8.926574209883313 66.13930340879234 182.618887848053 -999.0 6231.0 -999.0 -1 -999 {-999.0 -999.0 -999.0 -999.0 -999.0} "" -999.0 -999.0 -999.0 -999.0 -999 -999 "" "" "" "" 0 0 0.0 0.0 -999 ""
FIBERMAP 605 R+13C13 APOGEE 1 1 0 1 0 0 122.64045652496377 239.46341387592446 143.1 224.95308862935096 147.61577635730129 263.89948 122.58332 290.91826415301495 9.108186918378903 -4.029135 -7.1624775 0.0654856 290.9182520046403 9.108165594859521 290.8979511818062 9.167849802651197 66.39172227300052 181.78283739878052 16000.0 16600.0 2016.0 2 103 {-999.0 20.574585 17.551683 14.71824 -999.0} sdss_psfmag_ps1 18.948019 15.038702 13.460377 8.8 63050395675683582 1154165374 bright_1x1 mwm_galactic_core_dist_apogee_sparse mwm_galactic science 0 0 0.0 0.0 -999 ""
FIBERMAP 605 R+13C13 BOSS 0 0 0 1 0 0 121.96534632104058 239.16324396605262 143.1 224.21777165051094 147.68834987070815 263.89948 122.58332 -999.0 -999.0 -999.0 -999.0 -999.0 290.91492357037225 9.10844773281374 290.894624251675 9.168213010535895 66.39199811834675 181.79105965874516 -999.0 5400.0 -999.0 1 91 {-999.0 -999.0 -999.0 -999.0 -999.0} "" -999.0 -999.0 -999.0 -999.0 -999 -999 "" "" "" "" 0 0 0.0 0.0 -999 ""
FIBERMAP 605 R+13C13 METROLOGY 0 0 0 1 0 0 122.03225292744308 239.90279048978516 143.1 224.64135367425365 148.29832271330878 263.89948 122.58332 -999.0 -999.0 -999.0 -999.0 -999.0 290.91683313382737 9.111192045846321 290.8965263172491 9.170936239622344 66.39477031111454 181.78655306008318 -999.0 6231.0 -999.0 -1 -999 {-999.0 -999.0 -999.0 -999.0 -999.0} "" -999.0 -999.0 -999.0 -999.0 -999 -999 "" "" "" "" 0 0 0.0 0.0 -999 ""
FIBERMAP 610 R-4C21 APOGEE 1 1 0 1 0 0 201.8084071973504 -58.534757847417566 143.1 146.54936354696608 -150.6083823050769 133.48973 64.9484 290.55546713077666 7.759031430300557 -2.2793586 -6.918674 0.039805435 290.55546028216264 7.759010832612381 290.5385288942797 7.818030734182689 65.03117397833292 182.5413850163481 16000.0 16600.0 2016.0 2 232 {-999.0 18.034817 15.775893 13.769153 -999.0} sdss_psfmag_ps1 17.036795 13.938714 12.471104 8.662 63050395662971261 1154145175 bright_1x1 mwm_galactic_core_dist_apogee_sparse mwm_galactic science 0 0 0.0 0.0 -999 ""
FIBERMAP 610 R-4C21 BOSS 0 0 0 1 0 0 202.5169465095543 -58.29883716112753 143.1 147.2820016308947 -150.75333731840323 133.48973 64.9484 -999.0 -999.0 -999.0 -999.0 -999.0 290.55882177382273 7.7582300850692505 290.5418959298418 7.817353416745665 65.03062248731314 182.5334279518586 -999.0 5400.0 -999.0 1 279 {-999.0 -999.0 -999.0 -999.0 -999.0} "" -999.0 -999.0 -999.0 -999.0 -999 -999 "" "" "" "" 0 0 0.0 0.0 -999 ""
FIBERMAP 610 R-4C21 METROLOGY 0 0 0 1 0 0 202.34904358884327 -59.04659229392969 143.1 146.76654809167633 -151.32054559886078 133.48973 64.9484 -999.0 -999.0 -999.0 -999.0 -999.0 290.5564444327085 7.755701687576157 290.5395238567947 7.814792685287336 65.02797530244383 182.53876297355959 -999.0 6231.0 -999.0 -1 -999 {-999.0 -999.0 -999.0 -999.0 -999.0} "" -999.0 -999.0 -999.0 -999.0 -999 -999 "" "" "" "" 0 0 0.0 0.0 -999 ""
FIBERMAP 613 R0C25 APOGEE 1 1 0 1 0 0 261.9393393102453 -13.925928755026968 143.1 220.87389221233883 -141.53174663347437 18.019693 43.11357 290.89324951171875 7.800362600309086 -999.0 -999.0 -999.0 290.89324951171875 7.800362600309088 290.87622070251916 7.86020267956997 65.0839612323723 181.75167074455055 16000.0 16600.0 2015.5 2 35 {-999.0 -999.0 -999.0 -999.0 -999.0} "" -999.0 -999.0 -999.0 -999.0 27021603150813560 848248471 "" ops_sky_apogee_best ops_sky sky_apogee 0 0 0.0 0.0 -999 ""
FIBERMAP 613 R0C25 BOSS 0 0 0 1 0 0 261.5797495256664 -14.578363470209682 143.1 220.2388655845536 -141.92136264349662 18.019693 43.11357 -999.0 -999.0 -999.0 -999.0 -999.0 290.8903669034977 7.798500859463619 290.87334510637163 7.85842907222604 65.08211417243534 181.75832019058313 -999.0 5400.0 -999.0 1 172 {-999.0 -999.0 -999.0 -999.0 -999.0} "" -999.0 -999.0 -999.0 -999.0 -999 -999 "" "" "" "" 0 0 0.0 0.0 -999 ""
FIBERMAP 613 R0C25 METROLOGY 0 0 0 1 0 0 261.1872223873681 -13.9388820840577 143.1 220.21353099293836 -141.17139134464338 18.019693 43.11357 -999.0 -999.0 -999.0 -999.0 -999.0 290.890290697304 7.801907464839395 290.8732596925794 7.861808022888491 65.08548977245773 181.758729885092 -999.0 6231.0 -999.0 -1 -999 {-999.0 -999.0 -999.0 -999.0 -999.0} "" -999.0 -999.0 -999.0 -999.0 -999 -999 "" "" "" "" 0 0 0.0 0.0 -999 ""
FIBERMAP 614 R+1C11 APOGEE 1 1 0 1 0 0 -60.5645091040271 1.2418171304586594 143.1 -52.04689020406232 31.004447354090672 294.92908 71.697685 289.64688618088036 8.586207888955677 -2.1341982 -6.0820727 0.20628564 289.6468797551094 8.586189781925654 289.62785138118784 8.642839842579468 65.80575505380908 184.81300641733517 16000.0 16600.0 2016.0 2 134 {-999.0 19.746677 16.98764 14.528604 -999.0} sdss_psfmag_ps1 18.06332 14.987465 13.502878 9.185 63050395675258399 1154164470 bright_1x1 mwm_galactic_core_dist_apogee_sparse mwm_galactic science 0 0 0.0 0.0 -999 ""
FIBERMAP 614 R+1C11 BOSS 0 0 0 1 0 0 -61.304645179267176 1.1531689278633586 143.1 -52.73423470119114 31.293066725400912 294.92908 71.697685 -999.0 -999.0 -999.0 -999.0 -999.0 289.6436825135031 8.587434460257796 289.62465753296624 8.64416798529577 65.80685428829297 184.82092275799522 -999.0 5400.0 -999.0 1 31 {-999.0 -999.0 -999.0 -999.0 -999.0} "" -999.0 -999.0 -999.0 -999.0 -999 -999 "" "" "" "" 0 0 0.0 0.0 -999 ""
FIBERMAP 614 R+1C11 METROLOGY 0 0 0 1 0 0 -61.011412357307385 1.8509436909668828 143.1 -52.13450269709587 31.754892352019937 294.92908 71.697685 -999.0 -999.0 -999.0 -999.0 -999.0 289.64645571939775 8.589556142406005 289.6274235621885 8.646270196888063 65.80914647501564 184.81463317333717 -999.0 6231.0 -999.0 -1 -999 {-999.0 -999.0 -999.0 -999.0 -999.0} "" -999.0 -999.0 -999.0 -999.0 -999 -999 "" "" "" "" 0 0 0.0 0.0 -999 ""
FIBERMAP 615 R-10C5 APOGEE 0 0 0 1 0 0 -91.50433376699667 -213.9713868407057 143.1 -185.28490761247895 -140.8348565394487 314.79068 56.28411 -999.0 -999.0 -999.0 -999.0 -999.0 289.0371747904982 7.807429591699379 289.02010300551143 7.862704728147372 64.97953245370302 186.10135557656434 -999.0 16600.0 -999.0 2 -999 {-999.0 -999.0 -999.0 -999.0 -999.0} "" -999.0 -999.0 -999.0 -999.0 -999 -999 "" "" "" "" 0 0 0.0 0.0 -999 ""
FIBERMAP 615 R-10C5 BOSS 1 1 0 1 0 0 -92.22748744229523 -214.13948495311482 143.1 -185.99674191765314 -140.62370931462 314.79068 56.28411 289.0339063865256 7.808297694523779 -1.3199227 -3.7183568 0.103742935 289.0339024201889 7.808286624547815 289.016837185954 7.863648491144862 64.9801802860984 186.1091751350672 5400.0 5400.0 2016.0 1 348 {-999.0 14.804189 14.228301 13.906999 -999.0} sdss_psfmag_from_g3xp 14.647507 14.241336 13.531744 12.432 63050395674628678 1093197343 bright_3x1 mwm_astar_core_boss mwm_ob science 0 0 0.0 0.0 -999 ""
FIBERMAP 615 R-10C5 METROLOGY 0 0 0 1 0 0 -92.00800949549686 -213.42095724390734 143.1 -185.45088537067164 -140.10739712425928 314.79068 56.28411 -999.0 -999.0 -999.0 -999.0 -999.0 289.03637606583993 7.810632529105603 289.01930240948434 7.865973197266421 64.98271601832904 186.10392058700538 -999.0 6231.0 -999.0 -1 -999 {-999.0 -999.0 -999.0 -999.0 -999.0} "" -999.0 -999.0 -999.0 -999.0 -999 -999 "" "" "" "" 0 0 0.0 0.0 -999 ""
FIBERMAP 619 R+7C12 APOGEE 1 1 0 1 0 0 20.778738792641743 124.00171958815802 143.1 79.33576622290832 97.55203455780577 251.37506 85.22915 290.25276675832225 8.887513964983087 -31.876114 -106.679985 13.52341 290.2526707063046 8.887196366387126 290.2328972609927 8.945286605731411 66.14405887529946 183.39228756493165 16000.0 16600.0 2016.0 2 6 {-999.0 16.04049 14.629234 13.431098 -999.0} sdss_psfmag_from_g3xp 15.47747 14.131169 12.985586 10.84 63050395675322027 1068922948 bright_18x1 mwm_bin_rv_short_mdwarf_apogee_18epoch mwm_bin science 0 0 0.0 0.0 -999 ""
FIBERMAP 619 R+7C12 BOSS 0 0 0 1 0 0 20.106813954701856 124.30425260578014 143.1 78.90101213840533 98.14708067439395 251.37506 85.22915 -999.0 -999.0 -999.0 -999.0 -999.0 290.2507035241656 8.889861220299185 290.2309313382583 8.94803609642999 66.14670698265228 183.39742596294928 -999.0 5400.0 -999.0 1 138 {-999.0 -999.0 -999.0 -999.0 -999.0} "" -999.0 -999.0 -999.0 -999.0 -999 -999 "" "" "" "" 0 0 0.0 0.0 -999 ""
FIBERMAP 619 R+7C12 METROLOGY 0 0 0 1 0 0 20.710896154258112 124.75057511803175 143.1 79.64678415363261 98.2366806163613 251.37506 85.22915 -999.0 -999.0 -999.0 -999.0 -999.0 290.25412907512685 8.89026888497835 290.2343546612142 8.948426534332876 66.14726730723567 183.38912289498637 -999.0 6231.0 -999.0 -1 -999 {-999.0 -999.0 -999.0 -999.0 -999.0} "" -999.0 -999.0 -999.0 -999.0 -999 -999 "" "" "" "" 0 0 0.0 0.0 -999 ""
FIBERMAP 623 R+6C11 APOGEE 0 0 0 1 0 0 1.1413384923439964 94.51797460631083 143.1 47.693360757662674 81.6188652888009 343.41864 26.344255 -999.0 -999.0 -999.0 -999.0 -999.0 290.1068871327317 8.815416719471628 290.0872932713802 8.873160476817446 66.06442066131392 183.73748043417018 -999.0 16600.0 -999.0 2 -999 {-999.0 -999.0 -999.0 -999.0 -999.0} "" -999.0 -999.0 -999.0 -999.0 -999 -999 "" "" "" "" 0 0 0.0 0.0 -999 ""
FIBERMAP 623 R+6C11 BOSS 1 1 0 1 0 0 0.3877113935620613 94.3742645696179 143.1 46.96708005462805 81.86627459849308 343.41864 26.344255 290.10356404465654 8.816508588031216 -0.026879856 -1.5476867 0.32971796 290.10356396367524 8.816503980389937 290.083972350196 8.874329940503234 66.06540608619711 183.74571587840268 5400.0 5400.0 2016.0 1 136 {-999.0 19.395004 17.958776 17.191216 16.59911} sdss_psfmag_from_ps1dr2 18.8031 17.8466 16.8341 14.833 63050395675311456 1040152086 "" ops_std_boss_ps1dr2 ops_std standard_boss 0 0 0.0 0.0 -999 ""
FIBERMAP 623 R+6C11 METROLOGY 0 0 0 1 0 0 0.6441088404994337 95.07423412653348 143.1 47.535868366516006 82.34820880436355 343.41864 26.344255 -999.0 -999.0 -999.0 -999.0 -999.0 290.10618549952494 8.818703732274983 290.08658698176464 8.876510098672918 66.06772639654679 183.73965612330835 -999.0 6231.0 -999.0 -1 -999 {-999.0 -999.0 -999.0 -999.0 -999.0} "" -999.0 -999.0 -999.0 -999.0 -999 -999 "" "" "" "" 0 0 0.0 0.0 -999 ""
FIBERMAP 624 R-5C1 APOGEE 1 1 0 1 0 0 -256.8706106511516 -92.00190045673465 143.1 -268.8052038910124 46.9237123887256 243.66324 16.100172 288.6573933721236 8.657748125108183 -1.3196187 -7.8153296 0.46137357 288.65738939818476 8.657724857973326 288.63815788954344 8.71192002588365 65.78743835664852 187.20506299946922 16000.0 16600.0 2016.0 2 241 {-999.0 15.831976 14.261771 13.705891 -999.0} sdss_psfmag_ps1 15.132056 14.0741415 13.061998 10.715 63050395675187585 1150434282 bright_12x1 mwm_bin_rv_short_subgiant_apogee_12epoch mwm_bin science 0 0 0.0 0.0 -999 ""
FIBERMAP 624 R-5C1 BOSS 0 0 0 1 0 0 -256.7662947381009 -91.26657350874136 143.1 -268.35117958214795 47.51153253922271 243.66324 16.100172 -999.0 -999.0 -999.0 -999.0 -999.0 288.65942630626114 8.660297456724006 288.6401982535566 8.714588564341927 65.790306802017 187.2008670858065 -999.0 5400.0 -999.0 1 498 {-999.0 -999.0 -999.0 -999.0 -999.0} "" -999.0 -999.0 -999.0 -999.0 -999 -999 "" "" "" "" 0 0 0.0 0.0 -999 ""
FIBERMAP 624 R-5C1 METROLOGY 0 0 0 1 0 0 -256.17650174091114 -91.71045066557573 143.1 -268.05767623182896 46.83416959687153 243.66324 16.100172 -999.0 -999.0 -999.0 -999.0 -999.0 288.66074539263434 8.657266493561389 288.64152225844396 8.71153549103624 65.7874106425179 187.19690040227562 -999.0 6231.0 -999.0 -1 -999 {-999.0 -999.0 -999.0 -999.0 -999.0} "" -999.0 -999.0 -999.0 -999.0 -999 -999 "" "" "" "" 0 0 0.0 0.0 -999 ""
FIBERMAP 627 R+5C4 APOGEE 0 0 0 1 0 0 -176.24379333850933 91.3743607605648 143.1 -108.09516570848373 166.53083554595088 180.95946 145.98412 -999.0 -999.0 -999.0 -999.0 -999.0 289.391173979752 9.201211941414085 289.3705815200423 9.257131041306154 66.39868857055743 185.55512657160196 -999.0 16600.0 -999.0 2 -999 {-999.0 -999.0 -999.0 -999.0 -999.0} "" -999.0 -999.0 -999.0 -999.0 -999 -999 "" "" "" "" 0 0 0.0 0.0 -999 ""
FIBERMAP 627 R+5C4 BOSS 1 1 0 1 0 0 -176.88606627814627 91.7729813221974 143.1 -108.4566611578995 167.19477829891812 180.95946 145.98412 289.3894958496093 9.204156545992106 -999.0 -999.0 -999.0 289.3894958496093 9.204156545992106 289.36890340216365 9.260159970687498 66.40157050862744 185.55987394878233 5400.0 5400.0 2015.5 1 37 {-999.0 -999.0 -999.0 -999.0 -999.0} "" -999.0 -999.0 -999.0 -999.0 27021603150999049 852140447 "" ops_sky_boss_fallback ops_sky sky_boss 0 0 0.0 0.0 -999 ""
FIBERMAP 627 R+5C4 METROLOGY 0 0 0 1 0 0 -176.21962793551276 92.12006714635602 143.1 -107.70570333309237 167.1672826176834 180.95946 145.98412 -999.0 -999.0 -999.0 -999.0 -999.0 289.39294693067643 9.204058642386876 289.3723526472314 9.260045387128137 66.40173711597537 185.5513752548372 -999.0 6231.0 -999.0 -1 -999 {-999.0 -999.0 -999.0 -999.0 -999.0} "" -999.0 -999.0 -999.0 -999.0 -999 -999 "" "" "" "" 0 0 0.0 0.0 -999 ""
FIBERMAP 630 R+11C4 APOGEE 1 1 0 1 0 0 -102.70289918381698 227.63240812116533 143.1 23.172774605875322 248.6700900328134 106.51209 106.69001 289.99548455628354 9.570131825151867 -0.3787725 -14.358013 1.8351775 289.99548341271924 9.570089079695538 289.97397840992795 9.62743582466205 66.81087635426468 184.12703183506443 16000.0 16600.0 2016.0 2 26 {-999.0 13.196712 12.417986 12.092828 -999.0} sdss_psfmag_from_g3xp 12.958327 12.429282 11.739339 10.522 63050395676219767 1150283767 bright_12x1 mwm_bin_rv_short_subgiant_apogee_12epoch mwm_bin science 0 0 0.0 0.0 -999 ""
FIBERMAP 630 R+11C4 BOSS 0 0 0 1 0 0 -102.0733963892097 228.02781044155958 143.1 23.915490197492513 248.70285496190175 106.51209 106.69001 -999.0 -999.0 -999.0 -999.0 -999.0 289.99888915377085 9.570156240237933 289.9773899666535 9.627598649397978 66.81124512064336 184.11853114913544 -999.0 5400.0 -999.0 1 145 {-999.0 -999.0 -999.0 -999.0 -999.0} "" -999.0 -999.0 -999.0 -999.0 -999 -999 "" "" "" "" 0 0 0.0 0.0 -999 ""
FIBERMAP 630 R+11C4 METROLOGY 0 0 0 1 0 0 -102.03139286816456 227.29309499218527 143.1 23.588991873836445 248.0432706263875 106.51209 106.69001 -999.0 -999.0 -999.0 -999.0 -999.0 289.99738695194543 9.567235908739388 289.9758935585152 9.624650355283707 66.80821196008276 184.1218118599538 -999.0 6231.0 -999.0 -1 -999 {-999.0 -999.0 -999.0 -999.0 -999.0} "" -999.0 -999.0 -999.0 -999.0 -999 -999 "" "" "" "" 0 0 0.0 0.0 -999 ""
FIBERMAP 631 R-5C16 APOGEE 1 1 0 1 0 0 103.35908431347501 -104.42490088921116 143.1 38.27413791682629 -141.86614052197538 209.6602 173.33353 290.06027429268056 7.798958447899217 -1.840803 -5.561815 0.21745974 290.0602687612343 7.798941889736957 290.0432298691396 7.856739739260196 65.04714295198136 183.70713447664943 16000.0 16600.0 2016.0 2 202 {-999.0 17.644896 15.190656 14.117009 -999.0} sdss_psfmag_ps1 16.201408 14.666046 13.43116 10.261 63050395674559986 1154162519 bright_1x1 mwm_galactic_core_dist_apogee_sparse mwm_galactic science 0 0 0.0 0.0 -999 ""
FIBERMAP 631 R-5C16 BOSS 0 0 0 1 0 0 102.67648809157296 -104.7252661649217 143.1 37.532215361974075 -141.79003806477493 209.6602 173.33353 -999.0 -999.0 -999.0 -999.0 -999.0 290.0568754490084 7.799142374907584 290.0398412656004 7.857026758750603 65.04724511057475 183.7151165705307 -999.0 5400.0 -999.0 1 304 {-999.0 -999.0 -999.0 -999.0 -999.0} "" -999.0 -999.0 -999.0 -999.0 -999 -999 "" "" "" "" 0 0 0.0 0.0 -999 ""
FIBERMAP 631 R-5C16 METROLOGY 0 0 0 1 0 0 102.75116560636033 -103.988731610644 143.1 37.96106593993622 -141.18652368750872 209.6602 173.33353 -999.0 -999.0 -999.0 -999.0 -999.0 290.0588528304082 7.801909679726418 290.04181023102774 7.8597715543771045 65.05009297452244 183.7108575911707 -999.0 6231.0 -999.0 -1 -999 {-999.0 -999.0 -999.0 -999.0 -999.0} "" -999.0 -999.0 -999.0 -999.0 -999 -999 "" "" "" "" 0 0 0.0 0.0 -999 ""
FIBERMAP 635 R+9C12 APOGEE 1 1 0 1 0 0 38.510698882899774 166.19584787728508 143.1 115.60155551710153 125.4782745725167 249.7424 63.42765 290.4194641113281 9.012903737934266 -999.0 -999.0 -999.0 290.4194641113281 9.012903737934266 290.39938341036157 9.071382216426406 66.27781816915692 182.9999383666256 16000.0 16600.0 2015.5 2 25 {-999.0 -999.0 -999.0 -999.0 -999.0} "" -999.0 -999.0 -999.0 -999.0 27021603151001435 848256152 "" ops_sky_apogee_best ops_sky sky_apogee 0 0 0.0 0.0 -999 ""
FIBERMAP 635 R+9C12 BOSS 0 0 0 1 0 0 37.99717812915562 166.7364247498431 143.1 115.42214937633896 126.20203149446877 249.7424 63.42765 -999.0 -999.0 -999.0 -999.0 -999.0 290.41867897976886 9.016139210612119 290.3985940831252 9.074704902733187 66.28110280548577 183.00224209585684 -999.0 5400.0 -999.0 1 140 {-999.0 -999.0 -999.0 -999.0 -999.0} "" -999.0 -999.0 -999.0 -999.0 -999 -999 "" "" "" "" 0 0 0.0 0.0 -999 ""
FIBERMAP 635 R+9C12 METROLOGY 0 0 0 1 0 0 38.719053711058564 166.9158580903384 143.1 116.13847308053369 126.00137168170762 249.7424 63.42765 -999.0 -999.0 -999.0 -999.0 -999.0 290.42195821575916 9.015225641911579 290.40187458253314 9.0737741161618 66.28031722384026 182.99409384042121 -999.0 6231.0 -999.0 -1 -999 {-999.0 -999.0 -999.0 -999.0 -999.0} "" -999.0 -999.0 -999.0 -999.0 -999 -999 "" "" "" "" 0 0 0.0 0.0 -999 ""
FIBERMAP 637 R-13C10 APOGEE 1 1 0 1 0 0 63.174258492610186 -237.52649810380055 143.1 -62.431316498053754 -237.74198834014376 88.374695 91.16474 289.5984731794417 7.368365706323222 4.553563 14.327762 1.1773585 289.598486848804 7.368408361717139 289.5825242788851 7.425142150017934 64.58792405401829 184.71499229307534 16000.0 16600.0 2016.0 2 181 {-999.0 14.16881 12.903138 12.218442 -999.0} sdss_psfmag_from_g3xp 13.679238 12.806276 11.813515 9.777 63050395674506756 1150057631 bright_12x1 mwm_bin_rv_short_subgiant_apogee_12epoch mwm_bin science 0 0 0.0 0.0 -999 ""
FIBERMAP 637 R-13C10 BOSS 0 0 0 1 0 0 63.9197033930737 -237.55926289651242 143.1 -61.79934571215441 -238.138798632975 88.374695 91.16474 -999.0 -999.0 -999.0 -999.0 -999.0 289.60135879761935 7.366498354784384 289.5854080811301 7.423336344069874 64.58632182069394 184.7080515567716 -999.0 5400.0 -999.0 1 335 {-999.0 -999.0 -999.0 -999.0 -999.0} "" -999.0 -999.0 -999.0 -999.0 -999 -999 "" "" "" "" 0 0 0.0 0.0 -999 ""
FIBERMAP 637 R-13C10 METROLOGY 0 0 0 1 0 0 63.524475478874145 -238.18583453233293 143.1 -62.452580624225924 -238.48831818977564 88.374695 91.16474 -999.0 -999.0 -999.0 -999.0 -999.0 289.5983846753059 7.364983638965776 289.58243582695394 7.421787120590762 64.58457107600317 184.7146510908943 -999.0 6231.0 -999.0 -1 -999 {-999.0 -999.0 -999.0 -999.0 -999.0} "" -999.0 -999.0 -999.0 -999.0 -999 -999 "" "" "" "" 0 0 0.0 0.0 -999 ""
FIBERMAP 640 R-5C17 APOGEE 0 0 0 1 0 0 117.32907514737241 -91.5545506213079 143.1 56.78015025493591 -137.5779699594675 70.19908 165.28055 -999.0 -999.0 -999.0 -999.0 -999.0 290.1452412666487 7.818218659275356 290.12815522737657 7.876222063152538 65.07109238051298 183.51038670006326 -999.0 16600.0 -999.0 2 -999 {-999.0 -999.0 -999.0 -999.0 -999.0} "" -999.0 -999.0 -999.0 -999.0 -999 -999 "" "" "" "" 0 0 0.0 0.0 -999 ""
FIBERMAP 640 R-5C17 BOSS 1 1 0 1 0 0 117.7567645452255 -90.92161005642768 143.1 57.464757090729506 -137.23895175447507 70.19908 165.28055 290.148410058574 7.819612941172912 -1.6936767 -3.649364 -0.4389082 290.1484049689773 7.819602076596595 290.1313205521808 7.877707838334548 65.07273895191938 183.50314079053436 5400.0 5400.0 2016.0 1 300 {-999.0 16.190731 15.138577 14.587944 -999.0} sdss_psfmag_ps1 15.744465 15.162996 14.0807295 12.479 63050395674560558 1093383939 bright_3x1 mwm_astar_core_boss mwm_ob science 0 0 0.0 0.0 -999 ""
FIBERMAP 640 R-5C17 METROLOGY 0 0 0 1 0 0 118.07418098034326 -91.59301200693844 143.1 57.409011558712436 -137.97956587276204 70.19908 165.28055 -999.0 -999.0 -999.0 -999.0 -999.0 290.14813087676856 7.816283966189576 290.1310532954897 7.874362749777566 65.06938463823559 183.50335619241122 -999.0 6231.0 -999.0 -1 -999 {-999.0 -999.0 -999.0 -999.0 -999.0} "" -999.0 -999.0 -999.0 -999.0 -999 -999 "" "" "" "" 0 0 0.0 0.0 -999 ""
FIBERMAP 641 R-8C16 APOGEE 0 0 0 1 0 0 122.91929801271928 -168.49130942300488 143.1 23.626652877113383 -207.23611549593494 259.8524 82.455574 -999.0 -999.0 -999.0 -999.0 -999.0 289.9919931625501 7.503978348734617 289.9756932183611 7.561657854982461 64.74878915678269 183.82587568037712 -999.0 16600.0 -999.0 2 -999 {-999.0 -999.0 -999.0 -999.0 -999.0} "" -999.0 -999.0 -999.0 -999.0 -999 -999 "" "" "" "" 0 0 0.0 0.0 -999 ""
FIBERMAP 641 R-8C16 BOSS 1 1 0 1 0 0 122.19482952091762 -168.26828817527922 143.1 23.106925944499732 -206.68424275241412 259.8524 82.455574 289.9896240234375 7.506321552586044 -999.0 -999.0 -999.0 289.9896240234375 7.506321552586044 289.9733237681321 7.564091027529074 64.75108537398164 183.831696447372 5400.0 5400.0 2015.5 1 307 {-999.0 -999.0 -999.0 -999.0 -999.0} "" -999.0 -999.0 -999.0 -999.0 27021603150989768 852976776 "" ops_sky_boss_fallback ops_sky sky_boss 0 0 0.0 0.0 -999 ""
FIBERMAP 641 R-8C16 METROLOGY 0 0 0 1 0 0 122.74952004236735 -167.76478521742396 143.1 23.83800484208714 -206.5205205239961 259.8524 82.455574 -999.0 -999.0 -999.0 -999.0 -999.0 289.99297252759965 7.507088132672777 289.9766687360719 7.564838450485313 64.75201937669638 183.82403420631994 -999.0 6231.0 -999.0 -1 -999 {-999.0 -999.0 -999.0 -999.0 -999.0} "" -999.0 -999.0 -999.0 -999.0 -999 -999 "" "" "" "" 0 0 0.0 0.0 -999 ""
FIBERMAP 647 R-6C1 APOGEE 1 0 1 1 0 0 -223.54223212755537 -108.75858256029075 143.1 -248.10579748342914 15.886454738965298 10.001481 170.06497 288.76046742262633 8.576203371141018 -2.5284672 -4.9698825 -0.02279634 288.75052694070786 8.517548665354555 288.7316532930255 8.571997361544172 65.65796940633246 186.94582973637296 16000.0 16600.0 2016.0 2 261 {-999.0 22.34331 18.571737 15.668323 -999.0} sdss_psfmag_ps1 19.903395 15.944547 14.35253 9.202 63050395675180258 1154164089 bright_1x1 mwm_galactic_core_dist_apogee_sparse mwm_galactic science 0 0 0.0 0.0 -999 ""
FIBERMAP 647 R-6C1 BOSS 0 0 1 1 0 0 -222.80471080399673 -108.71587715103601 143.1 -247.44342665729548 15.559180330952872 10.001481 170.06497 -999.0 -999.0 -999.0 -999.0 -999.0 288.75348475523356 8.515980281002818 288.73462474384604 8.570528490949139 65.65681031619124 186.93837283404415 -999.0 5400.0 -999.0 1 499 {-999.0 -999.0 -999.0 -999.0 -999.0} "" -999.0 -999.0 -999.0 -999.0 -999 -999 "" "" "" "" 0 0 0.0 0.0 -999 ""
FIBERMAP 647 R-6C1 METROLOGY 0 0 1 1 0 0 -223.1031447612577 -109.39469634261191 143.1 -248.03831514023653 15.116406318229371 10.001481 170.06497 -999.0 -999.0 -999.0 -999.0 -999.0 288.7508059886584 8.51399782400683 288.73194824724237 8.568513684691709 65.65453418502652 186.94425693483964 -999.0 6231.0 -999.0 -1 -999 {-999.0 -999.0 -999.0 -999.0 -999.0} "" -999.0 -999.0 -999.0 -999.0 -999 -999 "" "" "" "" 0 0 0.0 0.0 -999 ""
FIBERMAP 648 R+10C6 APOGEE 0 0 0 1 0 0 -65.93764054954003 184.9153116306774 143.1 34.03358446737837 193.3622626190297 237.65242 151.72281 -999.0 -999.0 -999.0 -999.0 -999.0 290.04500560627963 9.321755301794074 290.0241314133252 9.379264108182918 66.56612929648665 183.9645382172847 -999.0 16600.0 -999.0 2 -999 {-999.0 -999.0 -999.0 -999.0 -999.0} "" -999.0 -999.0 -999.0 -999.0 -999 -999 "" "" "" "" 0 0 0.0 0.0 -999 ""
FIBERMAP 648 R+10C6 BOSS 1 1 0 1 0 0 -66.61728986646686 184.5427438784138 143.1 33.25854925749934 193.3741294133051 237.65242 151.72281 290.0414510947559 9.321796845821183 -1.9903588 -3.9489331 0.3450072 290.0414450899303 9.321785089393094 290.0205759675646 9.379373546351232 66.56603160449362 183.97335997199283 5400.0 5400.0 2016.0 1 119 {-999.0 16.431742 14.956825 14.178904 -999.0} sdss_psfmag_from_g3xp 15.799943 14.737246 13.702914 11.682 63050395676193490 1093276741 bright_3x1 mwm_astar_core_boss mwm_ob science 0 0 0.0 0.0 -999 ""
FIBERMAP 648 R+10C6 METROLOGY 0 0 0 1 0 0 -66.5822852526738 185.29093802383068 143.1 33.65866545249399 194.00738396361575 237.65242 151.72281 -999.0 -999.0 -999.0 -999.0 -999.0 290.0432894094026 9.324645121628691 290.02241163674915 9.382212576440423 66.56897259225582 183.96923477715606 -999.0 6231.0 -999.0 -1 -999 {-999.0 -999.0 -999.0 -999.0 -999.0} "" -999.0 -999.0 -999.0 -999.0 -999 -999 "" "" "" "" 0 0 0.0 0.0 -999 ""
FIBERMAP 650 R-2C1 APOGEE 1 1 0 1 0 0 -276.8079812843411 -20.461813510741102 143.1 -250.79293822776552 118.97835649070737 165.58325 53.99161 288.7399291992187 8.983398487487008 -999.0 -999.0 -999.0 288.7399291992187 8.98339848748701 288.71987139484963 9.03774457792995 66.11998135552626 187.09273295551836 16000.0 16600.0 2015.5 2 275 {-999.0 -999.0 -999.0 -999.0 -999.0} "" -999.0 -999.0 -999.0 -999.0 27021603151010781 849034943 "" ops_sky_apogee_good ops_sky sky_apogee 0 0 0.0 0.0 -999 ""
FIBERMAP 650 R-2C1 BOSS 0 0 0 1 0 0 -276.23789819276186 -19.97732470387943 143.1 -250.05787040546048 119.11794062132037 165.58325 53.99161 -999.0 -999.0 -999.0 -999.0 -999.0 288.74324238521075 8.983960179599265 288.72319277746163 9.038404316150713 66.1209821123546 187.08484604446994 -999.0 5400.0 -999.0 1 426 {-999.0 -999.0 -999.0 -999.0 -999.0} "" -999.0 -999.0 -999.0 -999.0 -999 -999 "" "" "" "" 0 0 0.0 0.0 -999 ""
FIBERMAP 650 R-2C1 METROLOGY 0 0 0 1 0 0 -276.10311640061417 -20.707517728136384 143.1 -250.30146408111054 118.4164471135215 165.58325 53.99161 -999.0 -999.0 -999.0 -999.0 -999.0 288.7421280441281 8.980816169857983 288.7220836860087 9.035232584307922 66.11771288060359 187.08671382078484 -999.0 6231.0 -999.0 -1 -999 {-999.0 -999.0 -999.0 -999.0 -999.0} "" -999.0 -999.0 -999.0 -999.0 -999 -999 "" "" "" "" 0 0 0.0 0.0 -999 ""
FIBERMAP 654 R+12C14 APOGEE 0 0 0 1 0 0 117.13564422345249 226.92691788745182 143.1 213.97245298437576 139.43527731857205 233.43086 75.96016 -999.0 -999.0 -999.0 -999.0 -999.0 290.86855211088977 9.071924726854084 290.8483401921058 9.131493341005287 66.3540380165664 181.90251724666473 -999.0 16600.0 -999.0 2 91 {-999.0 -999.0 -999.0 -999.0 -999.0} "" -999.0 -999.0 -999.0 -999.0 -999 -999 "" "" "" "" 0 0 0.0 0.0 -999 ""
FIBERMAP 654 R+12C14 BOSS 1 1 0 1 0 0 116.67393176953597 227.50738759953654 143.1 213.8578047421883 140.16812253348957 233.43086 75.96016 290.8680450840885 9.075170942192784 -2.3309329 -6.080155 0.16618136 290.8680380566662 9.075152840872375 290.8478206067281 9.134809070980127 66.35733790694474 181.90402988727834 5400.0 5400.0 2016.0 1 89 {-999.0 17.428406 15.821839 14.963701 -999.0} sdss_psfmag_gaia 16.322369 15.593858 14.153099 11.787 63050395675682320 1093676135 bright_1x1 mwm_astar_core_boss_single mwm_ob science 0 0 0.0 0.0 -999 ""
FIBERMAP 654 R+12C14 METROLOGY 0 0 0 1 0 0 117.41457290032625 227.6273363453458 143.1 214.5610538620904 139.90646924553312 233.43086 75.96016 -999.0 -999.0 -999.0 -999.0 -999.0 290.8712270941642 9.073959467941867 290.85101200367683 9.13359835860813 66.35621665709976 181.89609069945715 -999.0 6231.0 -999.0 -1 -999 {-999.0 -999.0 -999.0 -999.0 -999.0} "" -999.0 -999.0 -999.0 -999.0 -999 -999 "" "" "" "" 0 0 0.0 0.0 -999 ""
FIBERMAP 660 R+8C18 APOGEE 0 0 0 1 1 0 186.7746301421838 172.72559207021493 143.1 247.74245179051056 57.8991989044151 111.40384 63.964226 -999.0 -999.0 -999.0 -999.0 -999.0 291.02133578541384 8.70210577116145 291.00205681758445 8.762108851155784 65.98861168744399 181.50365002254478 -999.0 16600.0 -999.0 2 -999 {-999.0 -999.0 -999.0 -999.0 -999.0} "" -999.0 -999.0 -999.0 -999.0 -999 -999 "" "" "" "" 0 0 0.0 0.0 -999 ""
FIBERMAP 660 R+8C18 BOSS 1 0 0 1 1 0 187.52950790947256 172.67157824961052 143.1 248.37212533161141 57.47925196896557 111.40384 63.964226 290.9845454928257 8.65916977168237 -2.0863264 -4.019681 0.08929659 291.0241904468113 8.700094997015796 291.00491865871464 8.760196376884583 65.98676268682658 181.49659641718486 5400.0 5400.0 2016.0 1 239 {-999.0 16.071669 15.394276 15.144179 -999.0} sdss_psfmag_ps1 15.73821 15.620583 14.623459 13.394 63050395675515360 1093383955 bright_3x1 mwm_astar_core_boss mwm_ob science 0 0 0.0 0.0 -999 ""
FIBERMAP 660 R+8C18 METROLOGY 0 0 0 1 1 0 187.0988081221012 172.05360202724665 143.1 247.69229480575922 57.154732589634456 111.40384 63.964226 -999.0 -999.0 -999.0 -999.0 -999.0 291.02111268982736 8.698678160129571 291.00184376875274 8.758746470903503 65.98524544395141 181.5039828316098 -999.0 6231.0 -999.0 -1 -999 {-999.0 -999.0 -999.0 -999.0 -999.0} "" -999.0 -999.0 -999.0 -999.0 -999 -999 "" "" "" "" 0 0 0.0 0.0 -999 ""
FIBERMAP 661 R-11C8 APOGEE 1 1 0 1 0 0 -14.747763726893357 -195.26081856809589 143.1 -109.30072202292854 -162.49126387178447 141.14842 70.04095 289.38375539919986 7.707801292714163 0.5696044 -4.044012 1.9357698 289.3837571104387 7.707789253225168 289.3669392179936 7.763936712012666 64.91001511499795 185.27321982786486 16000.0 16600.0 2016.0 2 158 {-999.0 15.3446865 14.304525 13.797845 -999.0} sdss_psfmag_from_g3xp 14.978529 14.256878 13.419705 11.805 63050395674603159 917144056 bright_3x1 mwm_yso_pms_apogee_zari18pms mwm_yso science 0 0 0.0 0.0 -999 ""
FIBERMAP 661 R-11C8 BOSS 0 0 0 1 0 0 -14.127311480831306 -194.84681572480793 143.1 -108.55668537943343 -162.43785406086621 141.14842 70.04095 -999.0 -999.0 -999.0 -999.0 -999.0 289.38711904262266 7.707875868064956 289.37030890768796 7.764126924446853 64.91046497641717 185.26540473735824 -999.0 5400.0 -999.0 1 360 {-999.0 -999.0 -999.0 -999.0 -999.0} "" -999.0 -999.0 -999.0 -999.0 -999 -999 "" "" "" "" 0 0 0.0 0.0 -999 ""
FIBERMAP 661 R-11C8 METROLOGY 0 0 0 1 0 0 -14.08058674803541 -195.59628020141528 143.1 -108.88636607717748 -163.11259531752827 141.14842 70.04095 -999.0 -999.0 -999.0 -999.0 -999.0 289.38562792561714 7.704872524058782 289.3688232160403 7.761093390604705 64.90732598335316 185.2683083069002 -999.0 6231.0 -999.0 -1 -999 {-999.0 -999.0 -999.0 -999.0 -999.0} "" -999.0 -999.0 -999.0 -999.0 -999 -999 "" "" "" "" 0 0 0.0 0.0 -999 ""
FIBERMAP 663 R0C1 APOGEE 1 1 0 1 0 0 -298.913112259845 -8.426713198360105 143.1 -264.0667157863022 140.36486368679138 210.56706 132.35416 288.68085014161386 9.0791971435766 -9.560301 -21.133469 3.53259 288.68082131838236 9.079134226809016 288.66051735074643 9.13331851301851 66.20877703109865 187.26210459401892 16000.0 16600.0 2016.0 2 277 {-999.0 10.592566 10.242215 10.11437 -999.0} sdss_psfmag_from_g3xp 10.536969 10.243 9.782977 9.096 63050395676553628 1149963102 bright_12x1 mwm_bin_rv_short_subgiant_apogee_12epoch mwm_bin science 0 0 0.0 0.0 -999 ""
FIBERMAP 663 R0C1 BOSS 0 0 0 1 0 0 -299.6279913867907 -8.224772838459794 143.1 -264.5885208122697 140.89366865936057 210.56706 132.35416 -999.0 -999.0 -999.0 -999.0 -999.0 288.67850871032294 9.081385176988185 288.6582096281516 9.135652827476878 66.21085237103716 187.26834311733674 -999.0 5400.0 -999.0 1 424 {-999.0 -999.0 -999.0 -999.0 -999.0} "" -999.0 -999.0 -999.0 -999.0 -999 -999 "" "" "" "" 0 0 0.0 0.0 -999 ""
FIBERMAP 663 R0C1 METROLOGY 0 0 0 1 0 0 -299.10464651148584 -7.694653860118684 143.1 -263.8715458856816 141.09602111880645 210.56706 132.35416 -999.0 -999.0 -999.0 -999.0 -999.0 288.68174100370993 9.082350764641278 288.6614367540632 9.136600880921 66.21213805113074 187.26074310780177 -999.0 6231.0 -999.0 -1 -999 {-999.0 -999.0 -999.0 -999.0 -999.0} "" -999.0 -999.0 -999.0 -999.0 -999 -999 "" "" "" "" 0 0 0.0 0.0 -999 ""
FIBERMAP 664 R+7C5 APOGEE 1 1 0 1 0 0 -140.92103952556425 129.37008796311193 143.1 -58.60870380665691 182.11504700936442 239.7465 71.60587 289.61875512960114 9.271896243032767 -3.4359815 -14.882725 2.0460358 289.6187447648738 9.27185193544949 289.5979804999242 9.32832035982075 66.48726285937575 185.00931589553863 16000.0 16600.0 2016.0 2 117 {-999.0 12.605776 12.021465 11.790834 -999.0} sdss_psfmag_from_g3xp 12.455436 12.039549 11.447804 10.404 63050395675429608 1150234368 bright_12x1 mwm_bin_rv_short_subgiant_apogee_12epoch mwm_bin science 0 0 0.0 0.0 -999 ""
FIBERMAP 664 R+7C5 BOSS 0 0 0 1 0 0 -141.4043806982518 129.9307541351022 143.1 -58.75194294080217 182.84135983642415 239.7465 71.60587 -999.0 -999.0 -999.0 -999.0 -999.0 289.61807587959595 9.275088060941204 289.5973105508821 9.33164288622833 66.49052697523922 185.01158813811858 -999.0 5400.0 -999.0 1 56 {-999.0 -999.0 -999.0 -999.0 -999.0} "" -999.0 -999.0 -999.0 -999.0 -999 -999 "" "" "" "" 0 0 0.0 0.0 -999 ""
FIBERMAP 664 R+7C5 METROLOGY 0 0 0 1 0 0 -140.67457999264113 130.07196976232024 143.1 -58.04761161805976 182.60355418387059 239.7465 71.60587 -999.0 -999.0 -999.0 -999.0 -999.0 289.62131434219333 9.274032600655397 289.600549896288 9.330570461422933 66.48969528009877 185.0033972744294 -999.0 6231.0 -999.0 -1 -999 {-999.0 -999.0 -999.0 -999.0 -999.0} "" -999.0 -999.0 -999.0 -999.0 -999 -999 "" "" "" "" 0 0 0.0 0.0 -999 ""
FIBERMAP 665 R-5C18 APOGEE 1 1 0 1 0 0 150.5660043117758 -104.62697066438989 143.1 79.2204219658981 -165.36659967426414 262.63953 151.58055 290.24739285605784 7.692411629062561 -4.210291 -4.8200784 0.08259076 290.2473802077148 7.692397279134751 290.23061099161464 7.750672608858116 64.95078412478748 183.2555244681027 16000.0 16600.0 2016.0 2 220 {-999.0 18.158253 15.619576 14.277073 -999.0} sdss_psfmag_ps1 16.793533 14.795062 13.4892235 9.997 63050395674548275 1154162380 bright_1x1 mwm_galactic_core_dist_apogee_sparse mwm_galactic science 0 0 0.0 0.0 -999 ""
FIBERMAP 665 R-5C18 BOSS 0 0 0 1 0 0 150.15153506234353 -105.2392603815293 143.1 78.55751347347733 -165.69419411979752 262.63953 151.58055 -999.0 -999.0 -999.0 -999.0 -999.0 290.24435583013747 7.690775245492332 290.2275952370171 7.74913879052139 64.94910793320129 183.26239879608752 -999.0 5400.0 -999.0 1 292 {-999.0 -999.0 -999.0 -999.0 -999.0} "" -999.0 -999.0 -999.0 -999.0 -999 -999 "" "" "" "" 0 0 0.0 0.0 -999 ""
FIBERMAP 665 R-5C18 METROLOGY 0 0 0 1 0 0 149.82965633053269 -104.56137417070109 143.1 78.61258291453703 -164.9457371732041 262.63953 151.58055 -999.0 -999.0 -999.0 -999.0 -999.0 290.2446253301464 7.694191865509904 290.22785486341905 7.752528461278831 64.95250607253935 183.26217853845282 -999.0 6231.0 -999.0 -1 -999 {-999.0 -999.0 -999.0 -999.0 -999.0} "" -999.0 -999.0 -999.0 -999.0 -999 -999 "" "" "" "" 0 0 0.0 0.0 -999 ""
FIBERMAP 667 R0C9 APOGEE 1 1 0 1 0 0 -106.33185780222688 -17.76619457279648 143.1 -101.23310452512933 37.09057233156484 326.9024 71.75886 289.42070479869784 8.614140467386852 0.18239483 -0.5847976 1.0356889 289.42070534790355 8.614138726377082 289.40160067568695 8.670226861045027 65.81619271671055 185.3623744147068 16000.0 16600.0 2016.0 2 246 {-999.0 8.984043 8.847577 8.806954 -999.0} sdss_psfmag_from_g3xp 9.023105 8.836008 8.465811 8.013 63050395675134769 975060359 "" ops_std_apogee ops_std standard_apogee 0 0 0.0 0.0 -999 ""
FIBERMAP 667 R0C9 BOSS 0 0 0 1 0 0 -106.89933054044059 -18.244537244505803 143.1 -101.96286587912662 36.9550424618521 326.9024 71.75886 -999.0 -999.0 -999.0 -999.0 -999.0 289.4172949568407 8.613450077252864 289.39819952905384 8.669621348977364 65.81532165286009 185.37043789327868 -999.0 5400.0 -999.0 1 492 {-999.0 -999.0 -999.0 -999.0 -999.0} "" -999.0 -999.0 -999.0 -999.0 -999 -999 "" "" "" "" 0 0 0.0 0.0 -999 ""
FIBERMAP 667 R0C9 METROLOGY 0 0 0 1 0 0 -107.03408469179996 -17.511265114687593 143.1 -101.71772679556275 37.65919957574825 326.9024 71.75886 -999.0 -999.0 -999.0 -999.0 -999.0 289.4184389431229 8.616676210885533 289.39933328619554 8.67282384455974 65.81860319899623 185.36833285634418 -999.0 6231.0 -999.0 -1 -999 {-999.0 -999.0 -999.0 -999.0 -999.0} "" -999.0 -999.0 -999.0 -999.0 -999 -999 "" "" "" "" 0 0 0.0 0.0 -999 ""
FIBERMAP 669 R+3C3 APOGEE 1 1 0 1 0 0 -203.99317423954398 49.54154577947015 143.1 -152.8925171118292 143.86832498209105 312.36664 123.02557 289.1854944568015 9.098230294951115 -1.7818408 -2.7639914 0.45573214 289.18548908446564 9.09822206623095 289.16515153632554 9.153650532300743 66.27814695659659 186.0363511554245 16000.0 16600.0 2016.0 2 107 {-999.0 15.45638 14.72241 14.398526 -999.0} sdss_psfmag_from_g3xp 15.237298 14.717058 14.026249 12.841 63050395675395289 916918043 bright_3x1 mwm_yso_disk_apogee mwm_yso science 0 0 0.0 0.0 -999 ""
FIBERMAP 669 R+3C3 BOSS 0 0 0 1 0 0 -204.1990050510835 48.831104999547165 143.1 -153.42251183763153 143.35230132895143 312.36664 123.02557 -999.0 -999.0 -999.0 -999.0 -999.0 289.18301124813183 9.095823798593045 289.16268791244147 9.151335950226883 66.27562374345423 186.04185675201 -999.0 5400.0 -999.0 1 59 {-999.0 -999.0 -999.0 -999.0 -999.0} "" -999.0 -999.0 -999.0 -999.0 -999 -999 "" "" "" "" 0 0 0.0 0.0 -999 ""
FIBERMAP 669 R+3C3 METROLOGY 0 0 0 1 0 0 -204.72330819605128 49.35742501695203 143.1 -153.6183374593418 144.06898954197123 312.36664 123.02557 -999.0 -999.0 -999.0 -999.0 -999.0 289.1821426489138 9.099076302611287 289.16180872014064 9.154560428367464 66.27875739894694 186.04472427296068 -999.0 6231.0 -999.0 -1 -999 {-999.0 -999.0 -999.0 -999.0 -999.0} "" -999.0 -999.0 -999.0 -999.0 -999 -999 "" "" "" "" 0 0 0.0 0.0 -999 ""
FIBERMAP 671 R+1C15 APOGEE 0 0 0 1 0 0 33.67038248384007 38.00791089710646 143.1 48.055755133600854 16.411235538456797 129.32137 68.738464 -999.0 -999.0 -999.0 -999.0 -999.0 290.10776212841 8.518608915910644 290.0889158206792 8.576403760993845 65.7682036330816 183.69346553310703 -999.0 16600.0 -999.0 2 -999 {-999.0 -999.0 -999.0 -999.0 -999.0} "" -999.0 -999.0 -999.0 -999.0 -999 -999 "" "" "" "" 0 0 0.0 0.0 -999 ""
FIBERMAP 671 R+1C15 BOSS 1 1 0 1 0 0 34.394188418151806 38.26187675374479 143.1 48.81058350180885 16.2744275092448 129.32137 68.738464 290.1109183246893 8.517895834261816 -0.55982035 -1.3110816 0.4938458 290.11125752877706 8.517891931020973 290.09241814659424 8.575787305412039 65.76777759395723 183.6849583267864 5400.0 5400.0 2016.0 1 189 {-999.0 13.380121 12.647883 12.381309 -999.0} sdss_psfmag_gaia 13.169348 12.691251 12.027916 10.913 63050395674945425 1068394027 bright_3x1 mwm_ob_core_boss mwm_ob science 0 0 1.2136651277542114 0.0 -999 ""
FIBERMAP 671 R+1C15 METROLOGY 0 0 0 1 0 0 34.24137049699111 37.527666512079804 143.1 48.31493875622849 15.71154298688575 129.32137 68.738464 -999.0 -999.0 -999.0 -999.0 -999.0 290.10896414874725 8.515359455877405 290.0901296979162 8.573223592937138 65.76509395998292 183.6901213310532 -999.0 6231.0 -999.0 -1 -999 {-999.0 -999.0 -999.0 -999.0 -999.0} "" -999.0 -999.0 -999.0 -999.0 -999 -999 "" "" "" "" 0 0 0.0 0.0 -999 ""
FIBERMAP 673 R-11C1 APOGEE 0 0 0 1 0 0 -179.6549079650756 -201.01413587840287 143.1 -255.52915980707414 -86.01374119375556 161.98112 84.42958 -999.0 -999.0 -999.0 -999.0 -999.0 288.71816930486705 8.056630736815261 288.7004641040819 8.11107554205786 65.19631189983112 186.90605517352358 -999.0 16600.0 -999.0 2 271 {-999.0 -999.0 -999.0 -999.0 -999.0} "" -999.0 -999.0 -999.0 -999.0 -999 -999 "" "" "" "" 0 0 0.0 0.0 -999 ""
FIBERMAP 673 R-11C1 BOSS 1 1 0 1 0 0 -179.36451258858622 -200.32505185779726 143.1 -254.93618900734285 -85.55807014308853 161.98112 84.42958 288.72082493007696 8.058579721392993 -3.8070617 0.3906437 0.85397637 288.7208134829794 8.058580884384012 288.70311295171246 8.113125835193634 65.19861918538729 186.90033574445482 5400.0 5400.0 2016.0 1 421 {-999.0 16.512337 15.240482 14.665986 -999.0} sdss_psfmag_ps1 15.940356 15.1177 14.167221 11.93 63050395675057540 917203643 bright_3x1 mwm_yso_pms_boss_sagitta_edr3 mwm_yso science 0 0 0.0 0.0 -999 ""
FIBERMAP 673 R-11C1 METROLOGY 0 0 0 1 0 0 -178.90978258474473 -200.92123568853074 143.1 -254.8353762490814 -86.30112868512302 161.98112 84.42958 -999.0 -999.0 -999.0 -999.0 -999.0 288.7212902006868 8.055251394747618 288.7035954994113 8.109771457980457 65.19533106483246 186.89838686391235 -999.0 6231.0 -999.0 -1 -999 {-999.0 -999.0 -999.0 -999.0 -999.0} "" -999.0 -999.0 -999.0 -999.0 -999 -999 "" "" "" "" 0 0 0.0 0.0 -999 ""
FIBERMAP 674 R+4C1 APOGEE 0 0 0 1 0 0 -261.57175951858954 68.0205117794379 143.1 -193.82635485517295 188.38503335557203 243.55933 80.71981 -999.0 -999.0 -999.0 -999.0 -999.0 289.00025061842246 9.297554423865428 288.9794007017967 9.352492942822781 66.45901814233144 186.53800040233034 -999.0 16600.0 -999.0 2 144 {-999.0 -999.0 -999.0 -999.0 -999.0} "" -999.0 -999.0 -999.0 -999.0 -999 -999 "" "" "" "" 0 0 0.0 0.0 -999 ""
FIBERMAP 674 R+4C1 BOSS 1 1 0 1 0 0 -262.16475183238913 68.45345062187687 143.1 -194.1280445713598 189.05446627122225 243.55933 80.71981 288.99855360942246 9.300467473281218 0.5302386 -2.7898722 0.978035 288.9988951948452 9.300459167510928 288.9780464191674 9.355482458892773 66.46186382963498 186.54205720667494 5400.0 5400.0 2016.0 1 2 {-999.0 14.609404 13.143142 12.462616 -999.0} sdss_psfmag_from_g3xp 13.994901 13.018404 12.047388 9.871 63050395676595781 996712653 bright_1x1 mwm_bin_gaia_sb_boss mwm_bin science 0 0 1.2078593969345093 0.0 -999 ""
FIBERMAP 674 R+4C1 METROLOGY 0 0 0 1 0 0 -261.4803130298689 68.76123716919841 143.1 -193.38085308176704 188.98390615182535 243.55933 80.71981 -999.0 -999.0 -999.0 -999.0 -999.0 289.00229075046207 9.300194071698748 288.9814404487524 9.355200673489243 66.46190833362216 186.53364247456048 -999.0 6231.0 -999.0 -1 -999 {-999.0 -999.0 -999.0 -999.0 -999.0} "" -999.0 -999.0 -999.0 -999.0 -999 -999 "" "" "" "" 0 0 0.0 0.0 -999 ""
FIBERMAP 675 R-1C20 APOGEE 1 1 0 1 0 0 152.34996175674698 -1.1036025837745467 143.1 131.92206681698283 -76.23511586302239 117.51241 58.400986 290.49112850183235 8.095950435626069 -0.34032482 -5.349789 1.4065275 290.4911274784468 8.095934508688567 290.4733513281625 8.154740391946328 65.36510890591101 182.7264590829286 16000.0 16600.0 2016.0 2 227 {-999.0 10.692918 10.670524 10.721375 -999.0} sdss_psfmag_from_g3xp 10.745603 10.624224 10.391502 10.084 63050395674743673 975060378 "" ops_std_apogee ops_std standard_apogee 0 0 0.0 0.0 -999 ""
FIBERMAP 675 R-1C20 BOSS 0 0 0 1 0 0 153.09737654078964 -1.1240501965973628 143.1 132.5618362765362 -76.6221897558919 117.51241 58.400986 -999.0 -999.0 -999.0 -999.0 -999.0 290.49409035585995 8.094048311854925 290.47632309617035 8.152955355488237 65.36344403631414 182.71923477244144 -999.0 5400.0 -999.0 1 271 {-999.0 -999.0 -999.0 -999.0 -999.0} "" -999.0 -999.0 -999.0 -999.0 -999 -999 "" "" "" "" 0 0 0.0 0.0 -999 ""
FIBERMAP 675 R-1C20 METROLOGY 0 0 0 1 0 0 152.69461677036844 -1.7699486791020895 143.1 131.89250314001444 -76.98479242506767 117.51241 58.400986 -999.0 -999.0 -999.0 -999.0 -999.0 290.49100906804426 8.092439847834955 290.47324469830136 8.151313081612665 65.36168013258116 182.72637969425182 -999.0 6231.0 -999.0 -1 -999 {-999.0 -999.0 -999.0 -999.0 -999.0} "" -999.0 -999.0 -999.0 -999.0 -999 -999 "" "" "" "" 0 0 0.0 0.0 -999 ""
FIBERMAP 676 R-9C12 APOGEE 1 1 0 1 0 0 49.712335113839686 -158.5373953391054 143.1 -35.108158802280364 -162.40996490969476 143.09697 81.134384 289.72342295598486 7.706813685761235 -4.0779476 -4.3419123 0.109772354 289.72341070480445 7.7068007593889165 289.7065990761306 7.763785386227484 64.93414770766665 184.48123710910974 16000.0 16600.0 2016.0 2 152 {-999.0 17.703402 14.940024 12.939391 -999.0} sdss_psfmag_from_g3xp 16.179766 13.622293 12.2160015 8.277 63050395674535106 1152366200 bright_1x1 mwm_galactic_core_dist_apogee_sparse mwm_galactic science 0 0 0.0 0.0 -999 ""
FIBERMAP 676 R-9C12 BOSS 0 0 0 1 0 0 50.25102371698846 -158.01214472032902 143.1 -34.38024803696724 -162.21942673681062 143.09697 81.134384 -999.0 -999.0 -999.0 -999.0 -999.0 289.7267297541769 7.707500287189768 289.70992273933854 7.764588299415799 64.9351670417996 184.47360622172164 -999.0 5400.0 -999.0 1 368 {-999.0 -999.0 -999.0 -999.0 -999.0} "" -999.0 -999.0 -999.0 -999.0 -999 -999 "" "" "" "" 0 0 0.0 0.0 -999 ""
FIBERMAP 676 R-9C12 METROLOGY 0 0 0 1 0 0 50.43835535299755 -158.7384645622667 143.1 -34.576236222546996 -162.9435172156694 143.09697 81.134384 -999.0 -999.0 -999.0 -999.0 -999.0 289.7258322045087 7.704267634029857 289.70903149859 7.761326971509396 64.93185440401183 184.47517634331876 -999.0 6231.0 -999.0 -1 -999 {-999.0 -999.0 -999.0 -999.0 -999.0} "" -999.0 -999.0 -999.0 -999.0 -999 -999 "" "" "" "" 0 0 0.0 0.0 -999 ""
FIBERMAP 677 R-11C3 APOGEE 1 1 0 1 0 0 -136.5616450834925 -208.0526890886023 143.1 -221.53755588817185 -113.42593812190808 166.62032 107.66402 288.87227841222915 7.932177724970147 -20.258366 -28.235737 2.028152 288.8722175181296 7.932093663930021 288.8548286863303 7.9869403034147455 65.08795671276918 186.5149497937264 16000.0 16600.0 2016.0 2 206 {-999.0 13.775765 12.815777 12.439326 -999.0} sdss_psfmag_gaia 13.466101 12.844473 12.081234 10.663 63050395675030735 1150474257 bright_12x1 mwm_bin_rv_short_subgiant_apogee_12epoch mwm_bin science 0 0 0.0 0.0 -999 ""
FIBERMAP 677 R-11C3 BOSS 0 0 0 1 0 0 -136.65082125054172 -207.31787934288243 143.1 -221.2520272979823 -112.74296397022526 166.62032 107.66402 -999.0 -999.0 -999.0 -999.0 -999.0 288.8734608482187 7.935065453836534 288.8560741907543 7.990009056947138 65.09113001450561 186.51273671467996 -999.0 5400.0 -999.0 1 338 {-999.0 -999.0 -999.0 -999.0 -999.0} "" -999.0 -999.0 -999.0 -999.0 -999 -999 "" "" "" "" 0 0 0.0 0.0 -999 ""
FIBERMAP 677 R-11C3 METROLOGY 0 0 0 1 0 0 -135.970256131085 -207.60319310092964 143.1 -220.8012525708911 -113.32730717718748 166.62032 107.66402 -999.0 -999.0 -999.0 -999.0 -999.0 288.8755219936432 7.932445267019074 288.8581393645959 7.987367652058 65.08869776509988 186.507299991058 -999.0 6231.0 -999.0 -1 -999 {-999.0 -999.0 -999.0 -999.0 -999.0} "" -999.0 -999.0 -999.0 -999.0 -999 -999 "" "" "" "" 0 0 0.0 0.0 -999 ""
FIBERMAP 678 R+11C16 APOGEE 1 1 0 1 0 0 157.75953041663504 217.9255311433627 143.1 244.84712046407796 111.53651841881326 136.37135 133.77496 291.0084584907446 8.944541801599014 0.5222538 -5.8296 0.32889703 291.0084600646945 8.944524446209835 290.98857332044105 9.004456077570277 66.23059448761224 181.55010670350504 16000.0 16600.0 2016.0 2 58 {-999.0 15.440046 13.583622 12.723609 -999.0} sdss_psfmag_from_g3xp 14.573051 13.343345 12.262888 9.642 63050395675668925 1152367078 bright_1x1 mwm_galactic_core_dist_apogee_sparse mwm_galactic science 0 0 0.0 0.0 -999 ""
FIBERMAP 678 R+11C16 BOSS 0 0 0 1 0 0 157.75421009425395 218.6758933712118 143.1 245.21324561696125 112.19158250196973 136.37135 133.77496 -999.0 -999.0 -999.0 -999.0 -999.0 291.0101130746057 8.947371377034042 290.9902213605885 9.007396509375464 66.23357158403451 181.54623672001645 -999.0 5400.0 -999.0 1 171 {-999.0 -999.0 -999.0 -999.0 -999.0} "" -999.0 -999.0 -999.0 -999.0 -999 -999 "" "" "" "" 0 0 0.0 0.0 -999 ""
FIBERMAP 678 R+11C16 METROLOGY 0 0 0 1 0 0 158.40191869150337 218.3070742286991 143.1 245.59419210570374 111.55086616135569 136.37135 133.77496 -999.0 -999.0 -999.0 -999.0 -999.0 291.0118332760893 8.94448639475901 290.9919482642522 9.004490727419551 66.23070569463738 181.54184047829395 -999.0 6231.0 -999.0 -1 -999 {-999.0 -999.0 -999.0 -999.0 -999.0} "" -999.0 -999.0 -999.0 -999.0 -999 -999 "" "" "" "" 0 0 0.0 0.0 -999 ""
FIBERMAP 681 R+6C17 APOGEE 1 1 0 1 0 0 120.57788160997791 104.56721921713327 143.1 156.50799258292355 31.34347705314532 256.60995 75.95781 290.60599410959975 8.58448492002633 0.14728636 3.2614868 0.6244055 290.6059945530563 8.584494629847512 290.58699670876035 8.643500880107432 65.85786012776339 182.50026658023543 16000.0 16600.0 2016.0 2 71 {-999.0 14.497196 13.194855 12.610019 -999.0} sdss_psfmag_gaia 13.950665 13.141718 12.178996 10.252 63050395674973901 1150461604 bright_12x1 mwm_bin_rv_short_subgiant_apogee_12epoch mwm_bin science 0 0 0.0 0.0 -999 ""
FIBERMAP 681 R+6C17 BOSS 0 0 0 1 0 0 119.93077101212876 104.91843826466852 143.1 156.11886991057384 31.968594750417957 256.60995 75.95781 -999.0 -999.0 -999.0 -999.0 -999.0 290.60427750268815 8.587264451140866 290.58527618467116 8.646357511958902 65.86065162274 182.50468200037201 -999.0 5400.0 -999.0 1 207 {-999.0 -999.0 -999.0 -999.0 -999.0} "" -999.0 -999.0 -999.0 -999.0 -999 -999 "" "" "" "" 0 0 0.0 0.0 -999 ""
FIBERMAP 681 R+6C17 METROLOGY 0 0 0 1 0 0 120.5528266094655 105.32015441323232 143.1 156.85822984870012 32.010529146202984 256.60995 75.95781 -999.0 -999.0 -999.0 -999.0 -999.0 290.60765043007825 8.5874609200822 290.5886477382526 8.64653628353881 65.86095396605435 182.49655321735094 -999.0 6231.0 -999.0 -1 -999 {-999.0 -999.0 -999.0 -999.0 -999.0} "" -999.0 -999.0 -999.0 -999.0 -999 -999 "" "" "" "" 0 0 0.0 0.0 -999 ""
FIBERMAP 683 R-1C25 APOGEE 0 0 0 1 0 0 238.9069724014471 -28.39228013699845 143.1 193.69962161886613 -142.7299445644271 262.92642 46.994694 -999.0 -999.0 -999.0 -999.0 -999.0 290.7701950865039 7.7947565955869935 290.7531779561166 7.854296486941113 65.07463409694685 182.04043248086896 -999.0 16600.0 -999.0 2 -999 {-999.0 -999.0 -999.0 -999.0 -999.0} "" -999.0 -999.0 -999.0 -999.0 -999 -999 "" "" "" "" 0 0 0.0 0.0 -999 ""
FIBERMAP 683 R-1C25 BOSS 1 1 0 1 0 0 238.42363982787265 -27.808629722444312 143.1 193.5677463889667 -141.98365132891925 262.92642 46.994694 290.7696533203125 7.798009461997879 -999.0 -999.0 -999.0 290.7696533203125 7.798009461997877 290.75263103084643 7.8576423607842925 65.07796205823273 182.04195778219395 5400.0 5400.0 2015.5 1 261 {-999.0 -999.0 -999.0 -999.0 -999.0} "" -999.0 -999.0 -999.0 -999.0 27021603150813568 852137118 "" ops_sky_boss_fallback ops_sky sky_boss 0 0 0.0 0.0 -999 ""
FIBERMAP 683 R-1C25 METROLOGY 0 0 0 1 0 0 239.16159056052604 -27.690973090421103 143.1 194.26752369951458 -142.2459682801347 262.92642 46.994694 -999.0 -999.0 -999.0 -999.0 -999.0 290.7728094207477 7.796861505924336 290.75578915056127 7.856475438912706 65.07689011946874 182.03445327149112 -999.0 6231.0 -999.0 -1 -999 {-999.0 -999.0 -999.0 -999.0 -999.0} "" -999.0 -999.0 -999.0 -999.0 -999 -999 "" "" "" "" 0 0 0.0 0.0 -999 ""
FIBERMAP 685 R+6C6 APOGEE 0 0 0 1 0 0 -96.02236275110779 113.76673649408393 143.1 -27.279138080862182 146.363762607494 15.837086 90.00166 -999.0 -999.0 -999.0 -999.0 -999.0 289.76232316387524 9.110214788958032 289.7419736513111 9.167063018304848 66.33658748227603 184.6262269542825 -999.0 16600.0 -999.0 2 -999 {-999.0 -999.0 -999.0 -999.0 -999.0} "" -999.0 -999.0 -999.0 -999.0 -999 -999 "" "" "" "" 0 0 0.0 0.0 -999 ""
FIBERMAP 685 R+6C6 BOSS 1 1 0 1 0 0 -95.83632974979093 112.94309287814711 143.1 -27.52434273014989 145.55569135752674 15.837086 90.00166 289.76117122996965 9.106524250875689 -1.605364 -0.09076922 -0.06101585 289.7611663896075 9.10652398064526 289.7408324833237 9.163459293859678 66.33291485679382 184.62841030575217 5400.0 5400.0 2016.0 1 55 {-999.0 15.491775 14.537916 13.998072 -999.0} sdss_psfmag_ps1 15.181155 14.453691 13.564617 11.977 63050395675408771 1093634164 bright_1x1 mwm_astar_core_boss_single mwm_ob science 0 0 0.0 0.0 -999 ""
FIBERMAP 685 R+6C6 METROLOGY 0 0 0 1 0 0 -96.52604178128512 113.21630991853417 143.1 -27.989047583347357 146.13403599770828 15.837086 90.00166 -999.0 -999.0 -999.0 -999.0 -999.0 289.7590384180909 9.109160726136523 289.7386959332282 9.166065048998195 66.33536938637057 184.63409890014358 -999.0 6231.0 -999.0 -1 -999 {-999.0 -999.0 -999.0 -999.0 -999.0} "" -999.0 -999.0 -999.0 -999.0 -999 -999 "" "" "" "" 0 0 0.0 0.0 -999 ""
FIBERMAP 687 R-7C16 APOGEE 1 1 0 1 0 0 134.5028554310231 -144.4117541212637 143.1 45.59610190629001 -192.02248251870694 331.76758 110.535614 290.09243530729003 7.572306495358482 -2.2930117 -1.301101 0.6635605 290.09282313338434 7.572302621831216 290.07635281074624 7.630218496645055 64.82272823927988 183.60085740925595 16000.0 16600.0 2016.0 2 186 {-999.0 15.148502 12.8229265 10.266688 -999.0} sdss_psfmag_from_g3xp 13.985063 10.875186 9.415067 5.388 63050395674537716 1155918486 bright_1x1 mwm_galactic_core_dist_apogee_extra mwm_galactic science 0 0 1.4085739850997925 0.0 -999 ""
FIBERMAP 687 R-7C16 BOSS 0 0 0 1 0 0 134.3740421502434 -145.12853460524934 143.1 45.12994102494407 -192.5820725762729 331.76758 110.535614 -999.0 -999.0 -999.0 -999.0 -999.0 290.0906834477882 7.56963927155809 290.0742250435053 7.627646228382912 64.82004719011995 183.60548486621866 -999.0 5400.0 -999.0 1 306 {-999.0 -999.0 -999.0 -999.0 -999.0} "" -999.0 -999.0 -999.0 -999.0 -999 -999 "" "" "" "" 0 0 0.0 0.0 -999 ""
FIBERMAP 687 R-7C16 METROLOGY 0 0 0 1 0 0 133.8009253379146 -144.66465684830783 143.1 44.860819735482224 -191.89555887531327 331.76758 110.535614 -999.0 -999.0 -999.0 -999.0 -999.0 290.0894659537034 7.572769801366382 290.07299822956315 7.630746051644249 64.82307769181635 183.60872781700166 -999.0 6231.0 -999.0 -1 -999 {-999.0 -999.0 -999.0 -999.0 -999.0} "" -999.0 -999.0 -999.0 -999.0 -999 -999 "" "" "" "" 0 0 0.0 0.0 -999 ""
FIBERMAP 688 R-7C2 APOGEE 0 0 0 1 0 0 -193.58642177176296 -119.12441207402941 143.1 -227.18112220256515 -7.927622792985037 129.22087 81.81157 -999.0 -999.0 -999.0 -999.0 -999.0 288.8452042799291 8.409714531479084 288.82660587025794 8.464415196843996 65.56041768876483 186.69329294186437 -999.0 16600.0 -999.0 2 -999 {-999.0 -999.0 -999.0 -999.0 -999.0} "" -999.0 -999.0 -999.0 -999.0 -999 -999 "" "" "" "" 0 0 0.0 0.0 -999 ""
FIBERMAP 688 R-7C2 BOSS 1 1 0 1 0 0 -192.95003663002674 -118.69347113151316 143.1 -226.41486295368728 -7.867357792718105 129.22087 81.81157 288.84863633882577 8.40990735167105 -2.267376 -4.7204394 0.20845263 288.8486295152132 8.409893298379945 288.83004001937184 8.46469479152417 65.56103227487682 186.68519032605823 5400.0 5400.0 2016.0 1 488 {-999.0 16.46544 15.21419 14.729615 -999.0} sdss_psfmag_ps1 15.984656 15.1064 14.173542 12.621 63050395675155700 1068394017 bright_3x1 mwm_ob_core_boss mwm_ob science 0 0 0.0 0.0 -999 ""
FIBERMAP 688 R-7C2 METROLOGY 0 0 0 1 0 0 -192.91004544802604 -119.43933595245073 143.1 -226.7486198560833 -8.535642148968135 129.22087 81.81157 -999.0 -999.0 -999.0 -999.0 -999.0 288.8471291232265 8.406890802868208 288.82854456653644 8.461662905590394 65.55786886591885 186.6880222533068 -999.0 6231.0 -999.0 -1 -999 {-999.0 -999.0 -999.0 -999.0 -999.0} "" -999.0 -999.0 -999.0 -999.0 -999 -999 "" "" "" "" 0 0 0.0 0.0 -999 ""
FIBERMAP 689 R+5C20 APOGEE 1 1 0 1 0 0 181.02303854078505 82.79752908499057 143.1 198.30836235357475 -17.450857887115077 265.48022 87.314384 290.7957458496094 8.361973712105922 -999.0 -999.0 -999.0 290.7957458496094 8.361973712105923 290.7773113420995 8.421481448292614 65.64228132013037 182.02413774771478 16000.0 16600.0 2015.5 2 45 {-999.0 -999.0 -999.0 -999.0 -999.0} "" -999.0 -999.0 -999.0 -999.0 27021603150992978 848255824 "" ops_sky_apogee_best ops_sky sky_apogee 0 0 0.0 0.0 -999 ""
FIBERMAP 689 R+5C20 BOSS 0 0 0 1 0 0 180.2854388166969 82.9036615285094 143.1 197.71946357911003 -16.994131146128066 265.48022 87.314384 -999.0 -999.0 -999.0 -999.0 -999.0 290.793125527757 8.363960310966474 290.77468871610506 8.423553742591356 65.64427466262018 182.03057641267145 -999.0 5400.0 -999.0 1 194 {-999.0 -999.0 -999.0 -999.0 -999.0} "" -999.0 -999.0 -999.0 -999.0 -999 -999 "" "" "" "" 0 0 0.0 0.0 -999 ""
FIBERMAP 689 R+5C20 METROLOGY 0 0 0 1 0 0 180.75582953267454 83.49067046841232 143.1 198.41850430552844 -16.716148765810495 265.48022 87.314384 -999.0 -999.0 -999.0 -999.0 -999.0 290.7963040161025 8.365236091072651 290.7778632935532 8.424810889424352 65.64562565206282 182.02305655920293 -999.0 6231.0 -999.0 -1 -999 {-999.0 -999.0 -999.0 -999.0 -999.0} "" -999.0 -999.0 -999.0 -999.0 -999 -999 "" "" "" "" 0 0 0.0 0.0 -999 ""
FIBERMAP 690 R-4C17 APOGEE 1 1 0 1 0 0 121.33850474395503 -72.88154616372145 143.1 69.49258549381773 -123.32295168955352 6.075901 137.54393 290.203857421875 7.882730811845306 -999.0 -999.0 -999.0 290.203857421875 7.882730811845306 290.18661059216055 7.9408673914114605 65.13860775132198 183.38085984412996 16000.0 16600.0 2015.5 2 201 {-999.0 -999.0 -999.0 -999.0 -999.0} "" -999.0 -999.0 -999.0 -999.0 27021603150990486 848255721 "" ops_sky_apogee_best ops_sky sky_apogee 0 0 0.0 0.0 -999 ""
FIBERMAP 690 R-4C17 BOSS 0 0 0 1 0 0 121.9334720327059 -73.31901076078327 143.1 69.79375628029945 -123.99729554861008 6.075901 137.54393 -999.0 -999.0 -999.0 -999.0 -999.0 290.20524661385025 7.879526537012847 290.18801254759984 7.937761618639848 65.13557535764872 183.3771916877427 -999.0 5400.0 -999.0 1 301 {-999.0 -999.0 -999.0 -999.0 -999.0} "" -999.0 -999.0 -999.0 -999.0 -999 -999 "" "" "" "" 0 0 0.0 0.0 -999 ""
FIBERMAP 690 R-4C17 METROLOGY 0 0 0 1 0 0 121.24785415831506 -73.62046135800988 143.1 69.04867016397475 -123.92064378470526 6.075901 137.54393 -999.0 -999.0 -999.0 -999.0 -999.0 290.2018270342605 7.879915712055918 290.1845905902179 7.938115534181861 65.13575911802249 183.38528413332742 -999.0 6231.0 -999.0 -1 -999 {-999.0 -999.0 -999.0 -999.0 -999.0} "" -999.0 -999.0 -999.0 -999.0 -999 -999 "" "" "" "" 0 0 0.0 0.0 -999 ""
FIBERMAP 691 R+10C2 APOGEE 0 0 0 1 0 0 -162.4083161976331 183.7826875129621 143.1 -50.40669867107294 240.04324910716358 228.07687 131.10812 -999.0 -999.0 -999.0 -999.0 -999.0 289.65754056060456 9.532068048666222 289.63611830797726 9.588589631780952 66.74960412981254 184.9633763140869 -999.0 16600.0 -999.0 2 -999 {-999.0 -999.0 -999.0 -999.0 -999.0} "" -999.0 -999.0 -999.0 -999.0 -999 -999 "" "" "" "" 0 0 0.0 0.0 -999 ""
FIBERMAP 691 R+10C2 BOSS 1 1 0 1 0 0 -163.17231257857208 183.8059143502368 143.1 -51.05951252262464 240.44093242291103 228.07687 131.10812 289.654541015625 9.533780306489163 -999.0 -999.0 -999.0 289.654541015625 9.533780306489163 289.6331209503712 9.590381753980388 66.7511731188075 184.97117848822214 5400.0 5400.0 2015.5 1 18 {-999.0 -999.0 -999.0 -999.0 -999.0} "" -999.0 -999.0 -999.0 -999.0 27021603150999704 852978763 "" ops_sky_boss_fallback ops_sky sky_boss 0 0 0.0 0.0 -999 ""
FIBERMAP 691 R+10C2 METROLOGY 0 0 0 1 0 0 -162.7774132472813 184.43109274771334 143.1 -50.40725170516625 240.78940291913247 228.07687 131.10812 -999.0 -999.0 -999.0 -999.0 -999.0 289.6575446482018 9.535360071544659 289.6361187487331 9.591943848538234 66.75294923487269 184.96400223991995 -999.0 6231.0 -999.0 -1 -999 {-999.0 -999.0 -999.0 -999.0 -999.0} "" -999.0 -999.0 -999.0 -999.0 -999 -999 "" "" "" "" 0 0 0.0 0.0 -999 ""
FIBERMAP 692 R+8C17 APOGEE 1 1 0 1 0 0 140.69671576632425 160.55395929062988 143.1 201.66403151157684 70.08296254485195 187.97461 87.47256 290.81252764158216 8.758988338674312 0.24481167 -4.5405545 0.293308 290.81252837901485 8.758974820921333 290.79309965744983 8.818457901212808 66.03954729123356 182.01508624530598 16000.0 16600.0 2016.0 2 81 {-999.0 15.879622 13.695098 12.529313 -999.0} sdss_psfmag_from_g3xp 14.776869 13.205372 12.010016 8.97 63050395675645965 1152367060 bright_1x1 mwm_galactic_core_dist_apogee_sparse mwm_galactic science 0 0 0.0 0.0 -999 ""
FIBERMAP 692 R+8C17 BOSS 0 0 0 1 0 0 140.6718004974131 161.28647111989835 143.1 202.00429916476907 70.73218760548143 187.97461 87.47256 -999.0 -999.0 -999.0 -999.0 -999.0 290.81412161685614 8.76182801662443 290.79468853975175 8.821405252477728 66.04254026438635 182.01143832104887 -999.0 5400.0 -999.0 1 226 {-999.0 -999.0 -999.0 -999.0 -999.0} "" -999.0 -999.0 -999.0 -999.0 -999 -999 "" "" "" "" 0 0 0.0 0.0 -999 ""
FIBERMAP 692 R+8C17 METROLOGY 0 0 0 1 0 0 141.33787853814746 160.9669392695538 143.1 202.4255704361484 70.12524998901795 187.97461 87.47256 -999.0 -999.0 -999.0 -999.0 -999.0 290.8160250193812 8.759085704826095 290.79659810329196 8.818642345420145 66.03983487815351 182.0065905943159 -999.0 6231.0 -999.0 -1 -999 {-999.0 -999.0 -999.0 -999.0 -999.0} "" -999.0 -999.0 -999.0 -999.0 -999 -999 "" "" "" "" 0 0 0.0 0.0 -999 ""
FIBERMAP 693 R+2C15 APOGEE 1 1 0 1 0 0 61.778259762644765 47.092297725967256 143.1 76.98394236721721 10.422057975898884 68.90463 64.55413 290.24079126288206 8.490901039170126 -0.8031459 -4.0827045 0.753277 290.24078884532645 8.490888884489179 290.22201566264056 8.549015011421035 65.74774677966639 183.36985882087293 16000.0 16600.0 2016.0 2 54 {-999.0 11.199917 10.690489 10.430405 -999.0} sdss_psfmag_from_g3xp 11.075474 10.66936 10.076813 9.212 63050395674926538 975060187 "" ops_std_apogee ops_std standard_apogee 0 0 0.0 0.0 -999 ""
FIBERMAP 693 R+2C15 BOSS 0 0 0 1 0 0 62.29328847426525 46.561402471491306 143.1 77.16944331895608 9.705974084906353 68.90463 64.55413 -999.0 -999.0 -999.0 -999.0 -999.0 290.24166682614856 8.487538277441159 290.2229068596358 8.545759032289636 65.74453890450421 183.36731986030367 -999.0 5400.0 -999.0 1 198 {-999.0 -999.0 -999.0 -999.0 -999.0} "" -999.0 -999.0 -999.0 -999.0 -999 -999 "" "" "" "" 0 0 0.0 0.0 -999 ""
FIBERMAP 693 R+2C15 METROLOGY 0 0 0 1 0 0 61.572053879580494 46.3678165507441 143.1 76.4466842127911 9.894011607011564 68.90463 64.55413 -999.0 -999.0 -999.0 -999.0 -999.0 290.23833927443565 8.48843133162108 290.2195756647328 8.546617713889436 65.74523178328621 183.37543335160944 -999.0 6231.0 -999.0 -1 -999 {-999.0 -999.0 -999.0 -999.0 -999.0} "" -999.0 -999.0 -999.0 -999.0 -999 -999 "" "" "" "" 0 0 0.0 0.0 -999 ""
FIBERMAP 694 R+3C15 APOGEE 0 0 0 1 0 0 72.93799991045445 54.594993204073454 143.1 90.39432111397203 11.431620025416164 17.151213 85.21921 -999.0 -999.0 -999.0 -999.0 -999.0 290.3024577982303 8.49526307929215 290.2836753952698 8.553539828509773 65.75524717611125 183.2221087168813 -999.0 16600.0 -999.0 2 -999 {-999.0 -999.0 -999.0 -999.0 -999.0} "" -999.0 -999.0 -999.0 -999.0 -999 -999 "" "" "" "" 0 0 0.0 0.0 -999 ""
FIBERMAP 694 R+3C15 BOSS 1 1 0 1 0 0 73.09409921943163 53.82539176631325 143.1 90.14979133965922 10.68532824049968 17.151213 85.21921 290.30137496028277 8.491802084171251 -3.8312593 -6.3953056 0.30735242 290.30136342775285 8.491783044610749 290.28259418676345 8.550149604401025 65.75180970663398 183.22431478154877 5400.0 5400.0 2016.0 1 197 {-999.0 18.385115 16.33326 15.389975 -999.0} sdss_psfmag_ps1 17.343391 15.94179 14.792421 11.949 63050395674964930 1093383512 bright_3x1 mwm_astar_core_boss mwm_ob science 0 0 0.0 0.0 -999 ""
FIBERMAP 694 R+3C15 METROLOGY 0 0 0 1 0 0 72.39135811529829 54.087209068539224 143.1 89.6681252205773 11.26019849415759 17.151213 85.21921 -999.0 -999.0 -999.0 -999.0 -999.0 290.2991512165233 8.494433651127324 290.2803740031292 8.552768281145408 65.75432028825274 183.2299598585511 -999.0 6231.0 -999.0 -1 -999 {-999.0 -999.0 -999.0 -999.0 -999.0} "" -999.0 -999.0 -999.0 -999.0 -999 -999 "" "" "" "" 0 0 0.0 0.0 -999 ""
FIBERMAP 695 R-4C1 APOGEE 1 1 0 1 0 0 -251.76386100457879 -65.08335438336343 143.1 -251.0645646883136 67.80599658029614 117.33719 112.60184 288.7376026715605 8.752413768846708 -0.3118869 2.6027467 2.276147 288.73760173209735 8.752421517523024 288.7181306980116 8.806799696410632 65.89012555676803 187.03748194384139 16000.0 16600.0 2016.0 2 248 {-999.0 13.799522 12.841203 12.46562 -999.0} sdss_psfmag_gaia 13.481624 12.870104 12.098565 10.687 63050395675230338 1069273990 bright_18x1 mwm_bin_rv_short_subgiant_apogee mwm_bin science 0 0 0.0 0.0 -999 ""
FIBERMAP 695 R-4C1 BOSS 0 0 0 1 0 0 -251.30157944346652 -64.50482497177666 143.1 -250.3767645249551 68.08061276577578 117.33719 112.60184 -999.0 -999.0 -999.0 -999.0 -999.0 288.7406868531589 8.75358889343666 288.7212230737303 8.808065387122019 65.89170279270792 187.03036409582927 -999.0 5400.0 -999.0 1 497 {-999.0 -999.0 -999.0 -999.0 -999.0} "" -999.0 -999.0 -999.0 -999.0 -999 -999 "" "" "" "" 0 0 0.0 0.0 -999 ""
FIBERMAP 695 R-4C1 METROLOGY 0 0 0 1 0 0 -251.0243376096686 -65.20360738572334 143.1 -250.48097020867382 67.33604162195243 117.33719 112.60184 -999.0 -999.0 -999.0 -999.0 -999.0 288.74021232604167 8.750245762752327 288.72075430437604 8.804695874187775 65.88830335778258 187.03063286649487 -999.0 6231.0 -999.0 -1 -999 {-999.0 -999.0 -999.0 -999.0 -999.0} "" -999.0 -999.0 -999.0 -999.0 -999 -999 "" "" "" "" 0 0 0.0 0.0 -999 ""
FIBERMAP 698 R+7C18 APOGEE 1 1 0 1 0 0 156.88242463083577 149.27323336766833 143.1 210.16364156542528 52.27714332003977 160.16138 82.04941 290.8510044192809 8.678010192102366 -4.8030324 -6.354071 0.047089417 290.85098995450716 8.67799127530159 290.83176562712214 8.737581823143223 65.95982061237294 181.91537522284455 16000.0 16600.0 2016.0 2 40 {-999.0 18.199577 15.833916 18.457611 -999.0} sdss_psfmag_ps1 17.074812 14.137909 12.673058 8.781 63050395675522576 1154165287 bright_1x1 mwm_galactic_core_dist_apogee_sparse mwm_galactic science 0 0 0.0 0.0 -999 ""
FIBERMAP 698 R+7C18 BOSS 0 0 0 1 0 0 157.22238819493393 149.93707914412258 143.1 210.78724147771624 52.686378418853494 160.16138 82.04941 -999.0 -999.0 -999.0 -999.0 -999.0 290.8538681223738 8.67974456911135 290.8346420469624 8.73943295076962 65.96175169387288 181.90852770870706 -999.0 5400.0 -999.0 1 196 {-999.0 -999.0 -999.0 -999.0 -999.0} "" -999.0 -999.0 -999.0 -999.0 -999 -999 "" "" "" "" 0 0 0.0 0.0 -999 ""
FIBERMAP 698 R+7C18 METROLOGY 0 0 0 1 0 0 157.62706733749312 149.31558472788697 143.1 210.83202945597756 51.94604242010266 160.16138 82.04941 -999.0 -999.0 -999.0 -999.0 -999.0 290.8540548004001 8.67641129079923 290.83483634392496 8.736074877977133 65.95840040897963 181.90782296584928 -999.0 6231.0 -999.0 -1 -999 {-999.0 -999.0 -999.0 -999.0 -999.0} "" -999.0 -999.0 -999.0 -999.0 -999 -999 "" "" "" "" 0 0 0.0 0.0 -999 ""
FIBERMAP 704 R+5C16 APOGEE 1 1 0 1 0 0 89.93183063551079 78.30318264360184 143.1 116.88447896639275 23.649157084548307 308.1322 32.622753 290.4243200678312 8.550397306223662 -2.850154 -6.624807 0.07974468 290.42431148722625 8.550377583411633 290.4053940634135 8.608944145636142 65.8160907039235 182.9351411338198 16000.0 16600.0 2016.0 2 79 {-999.0 19.327375 16.748 15.181513 -999.0} sdss_psfmag_ps1 17.92546 15.768147 14.436003 10.908 63050395674963536 1154163286 bright_1x1 mwm_galactic_core_dist_apogee_sparse mwm_galactic science 0 0 0.0 0.0 -999 ""
FIBERMAP 704 R+5C16 BOSS 0 0 0 1 0 0 89.22907096770562 78.53435708026089 143.1 116.38765618226648 24.197392727714508 308.1322 32.622753 -999.0 -999.0 -999.0 -999.0 -999.0 290.42208888062265 8.552800816888658 290.40316930026495 8.611453171687778 65.81850146325732 182.94077254392806 -999.0 5400.0 -999.0 1 214 {-999.0 -999.0 -999.0 -999.0 -999.0} "" -999.0 -999.0 -999.0 -999.0 -999 -999 "" "" "" "" 0 0 0.0 0.0 -999 ""
FIBERMAP 704 R+5C16 METROLOGY 0 0 0 1 0 0 89.77671932931119 79.03107131108666 143.1 117.10925768091256 24.358691704384732 308.1322 32.622753 -999.0 -999.0 -999.0 -999.0 -999.0 290.42539432756064 8.55354420540492 290.4064718199229 8.612178569442143 65.81936845278588 182.93288581131554 -999.0 6231.0 -999.0 -1 -999 {-999.0 -999.0 -999.0 -999.0 -999.0} "" -999.0 -999.0 -999.0 -999.0 -999 -999 "" "" "" "" 0 0 0.0 0.0 -999 ""
FIBERMAP 706 R+6C21 APOGEE 1 1 0 1 0 0 207.24679846220127 114.78882958762603 143.1 236.91654061613673 -2.5916799412909923 211.23364 89.01098 290.9712756334152 8.428657791899314 13.524305 -33.742226 6.8606124 290.97131633644466 8.428557337411114 290.9527185262459 8.48848362516456 65.71393309773039 181.6074129418485 16000.0 16600.0 2016.0 2 67 {-999.0 15.22102 14.019051 13.508443 -999.0} sdss_psfmag_ps1 14.579085 13.616 12.638429 10.753 63050395674832522 1068807179 bright_18x1 mwm_bin_rv_short_mdwarf_apogee_18epoch mwm_bin science 0 0 0.0 0.0 -999 ""
FIBERMAP 706 R+6C21 BOSS 0 0 0 1 0 0 206.86302479978139 115.42506965344427 143.1 236.89721559371785 -1.8488520098321604 211.23364 89.01098 -999.0 -999.0 -999.0 -999.0 -999.0 290.97127473360626 8.43183074013091 290.95267264704165 8.4918483671568 65.71729580200505 181.60771820084773 -999.0 5400.0 -999.0 1 249 {-999.0 -999.0 -999.0 -999.0 -999.0} "" -999.0 -999.0 -999.0 -999.0 -999 -999 "" "" "" "" 0 0 0.0 0.0 -999 ""
FIBERMAP 706 R+6C21 METROLOGY 0 0 0 1 0 0 207.60508805030574 115.44532643730645 143.1 237.55244381640208 -2.1978895081981706 211.23364 89.01098 -999.0 -999.0 -999.0 -999.0 -999.0 290.97422374340397 8.430260476434132 290.95562503521813 8.490259466857754 65.71577684887254 181.60052791162073 -999.0 6231.0 -999.0 -1 -999 {-999.0 -999.0 -999.0 -999.0 -999.0} "" -999.0 -999.0 -999.0 -999.0 -999 -999 "" "" "" "" 0 0 0.0 0.0 -999 ""
FIBERMAP 709 R+2C18 APOGEE 0 0 0 1 0 0 104.49481765752803 24.77437401633741 143.1 103.09852441462338 -30.0893289114628 260.9892 96.22066 -999.0 -999.0 -999.0 -999.0 -999.0 290.36008481120194 8.306068974413007 290.3417790462746 8.364518481776289 65.5691087476811 183.06143481070956 -999.0 16600.0 -999.0 2 -999 {-999.0 -999.0 -999.0 -999.0 -999.0} "" -999.0 -999.0 -999.0 -999.0 -999 -999 "" "" "" "" 0 0 0.0 0.0 -999 ""
FIBERMAP 709 R+2C18 BOSS 1 1 0 1 0 0 103.76548946717502 24.784524329458378 143.1 102.46939327994102 -29.720144974787292 260.9892 96.22066 290.35635098230165 8.307661498843448 2.598385 -3.5622506 1.1764221 290.35724880992655 8.307650893613637 290.3389430440712 8.366185906990907 65.57064694111526 183.06839538664914 5400.0 5400.0 2016.0 1 200 {-999.0 8.55359 8.407862 8.352202 -999.0} sdss_psfmag_from_g3xp 8.562727 8.371119 8.017525 7.605 63050395674787334 1068464565 bright_3x1 mwm_ob_core_boss mwm_ob science 0 0 3.1704139709472656 0.0 -999 ""
FIBERMAP 709 R+2C18 METROLOGY 0 0 0 1 0 0 104.13708810979097 25.429119425781124 143.1 103.11098800972356 -29.343278996403793 260.9892 96.22066 -999.0 -999.0 -999.0 -999.0 -999.0 290.36019349998617 8.309385773113464 290.34188246377295 8.367901420984284 65.572492844268 183.06155897190988 -999.0 6231.0 -999.0 -1 -999 {-999.0 -999.0 -999.0 -999.0 -999.0} "" -999.0 -999.0 -999.0 -999.0 -999 -999 "" "" "" "" 0 0 0.0 0.0 -999 ""
FIBERMAP 710 R+8C6 APOGEE 0 0 0 1 0 0 -69.44692614827625 153.99891633247535 143.1 15.706608217651702 168.21457222109711 52.660034 49.343792 -999.0 -999.0 -999.0 -999.0 -999.0 289.96047276602275 9.20861046910564 289.9398814068768 9.26592998839227 66.44798560561468 184.15555967940702 -999.0 16600.0 -999.0 2 -999 {-999.0 -999.0 -999.0 -999.0 -999.0} "" -999.0 -999.0 -999.0 -999.0 -999 -999 "" "" "" "" 0 0 0.0 0.0 -999 ""
FIBERMAP 710 R+8C6 BOSS 1 1 0 1 0 0 -69.29132042389398 153.2617849229868 143.1 15.477692592807859 167.49675680390436 52.660034 49.343792 289.95941162109375 9.205337437937843 -999.0 -999.0 -999.0 289.95941162109375 9.205337437937844 289.93883414617466 9.262743777383378 66.4447416414674 184.15764907208688 5400.0 5400.0 2015.5 1 77 {-999.0 -999.0 -999.0 -999.0 -999.0} "" -999.0 -999.0 -999.0 -999.0 27021603150998410 852978505 "" ops_sky_boss_fallback ops_sky sky_boss 0 0 0.0 0.0 -999 ""
FIBERMAP 710 R+8C6 METROLOGY 0 0 0 1 0 0 -70.00234187725823 153.50074432552273 143.1 14.977532759275023 168.05584354393005 52.660034 49.343792 -999.0 -999.0 -999.0 -999.0 -999.0 289.95711563495115 9.207885788789861 289.9365299843552 9.265260868474813 66.44711334841752 184.1637181262794 -999.0 6231.0 -999.0 -1 -999 {-999.0 -999.0 -999.0 -999.0 -999.0} "" -999.0 -999.0 -999.0 -999.0 -999 -999 "" "" "" "" 0 0 0.0 0.0 -999 ""
FIBERMAP 714 R-3C22 APOGEE 1 1 0 1 0 0 225.4550736858421 -68.71321559711804 143.1 162.08085680430378 -171.14221710695548 344.8687 90.420395 290.6252655764085 7.666508884684037 1.1413513 -1.0290322 1.1418592 290.62526900498955 7.666505821136736 290.6085695899897 7.725712347118197 64.9414397697127 182.36943119076543 16000.0 16600.0 2016.0 2 209 {-999.0 9.327095 9.485054 9.615852 -999.0} sdss_psfmag_from_g3xp 9.4145975 9.387901 9.30216 9.271 63050395662931154 975058622 "" ops_std_apogee ops_std standard_apogee 0 0 0.0 0.0 -999 ""
FIBERMAP 714 R-3C22 BOSS 0 0 0 1 0 0 225.2922837174989 -69.42883729694753 143.1 161.58572595342056 -171.68401185594755 344.8687 90.420395 -999.0 -999.0 -999.0 -999.0 -999.0 290.62301109152173 7.663943886903717 290.60632165089675 7.723240754507711 64.93889147331559 182.37448187535662 -999.0 5400.0 -999.0 1 309 {-999.0 -999.0 -999.0 -999.0 -999.0} "" -999.0 -999.0 -999.0 -999.0 -999 -999 "" "" "" "" 0 0 0.0 0.0 -999 ""
FIBERMAP 714 R-3C22 METROLOGY 0 0 0 1 0 0 224.73926111743918 -68.91643504777822 143.1 161.35805222585503 -170.96523488242028 344.8687 90.420395 -999.0 -999.0 -999.0 -999.0 -999.0 290.6220060252016 7.6672102499817685 290.6053074521794 7.726477041485921 64.94209040478952 182.3771219193019 -999.0 6231.0 -999.0 -1 -999 {-999.0 -999.0 -999.0 -999.0 -999.0} "" -999.0 -999.0 -999.0 -999.0 -999 -999 "" "" "" "" 0 0 0.0 0.0 -999 ""
FIBERMAP 715 R-6C17 APOGEE 1 1 0 1 0 0 134.42961861346632 -107.42473943547668 143.1 63.807567089630126 -159.82631519788103 51.087727 149.34209 290.1769600801389 7.717510050264512 -3.260685 -4.4909935 0.023461288 290.17695028397344 7.7174966800602895 290.1601172640301 7.775594845362836 64.97222300014982 183.42326962789406 16000.0 16600.0 2016.0 2 205 {-999.0 17.835514 15.606002 14.472284 -999.0} sdss_psfmag_ps1 16.680687 14.988288 13.740039 10.531 63050395674550225 1156814263 bright_1x1 mwm_galactic_core_dist_apogee_extra mwm_galactic science 0 0 0.0 0.0 -999 ""
FIBERMAP 715 R-6C17 BOSS 0 0 0 1 0 0 135.1351281996623 -107.19258367305268 143.1 64.53571061081897 -159.97304681313423 51.087727 149.34209 -999.0 -999.0 -999.0 -999.0 -999.0 290.1802982298686 7.716681916090298 290.1634720949155 7.774883702304481 64.97168102540698 183.4153374611971 -999.0 5400.0 -999.0 1 299 {-999.0 -999.0 -999.0 -999.0 -999.0} "" -999.0 -999.0 -999.0 -999.0 -999 -999 "" "" "" "" 0 0 0.0 0.0 -999 ""
FIBERMAP 715 R-6C17 METROLOGY 0 0 0 1 0 0 135.01089686704216 -107.92698916019847 143.1 64.06482525771655 -160.55022562557554 51.087727 149.34209 -999.0 -999.0 -999.0 -999.0 -999.0 290.17812462239993 7.714112602523373 290.1613035233575 7.772282492791861 64.96897443849404 183.42009837940944 -999.0 6231.0 -999.0 -1 -999 {-999.0 -999.0 -999.0 -999.0 -999.0} "" -999.0 -999.0 -999.0 -999.0 -999 -999 "" "" "" "" 0 0 0.0 0.0 -999 ""
FIBERMAP 717 R+6C9 APOGEE 0 0 0 1 0 0 -43.428059431198356 98.13693904683643 143.1 10.728660633483086 106.7871036040455 311.7732 74.0617 -999.0 -999.0 -999.0 -999.0 -999.0 289.93690035366967 8.930352527354675 289.91701117721914 8.987659643836748 66.16885159872666 184.16884069778985 -999.0 16600.0 -999.0 2 -999 {-999.0 -999.0 -999.0 -999.0 -999.0} "" -999.0 -999.0 -999.0 -999.0 -999 -999 "" "" "" "" 0 0 0.0 0.0 -999 ""
FIBERMAP 717 R+6C9 BOSS 1 1 0 1 0 0 -44.10250877170876 97.79351714973599 143.1 9.972547627910506 106.8217432510426 311.7732 74.0617 289.93342111565397 8.93049090269427 -1.516772 -3.7273085 0.16183533 289.93341654463666 8.930479806068165 289.9135326335621 8.987868402726198 66.16884709674667 184.17736019387294 5400.0 5400.0 2016.0 1 130 {-999.0 19.494978 17.95896 17.18762 16.511522} sdss_psfmag_from_ps1dr2 18.8319 17.8533 16.8189 -999.0 63050395675337028 1040152137 "" ops_std_boss_ps1dr2 ops_std standard_boss 0 0 0.0 0.0 -999 ""
FIBERMAP 717 R+6C9 METROLOGY 0 0 0 1 0 0 -44.054638943699814 98.54198237171073 143.1 10.38398398526893 107.44887684703605 311.7732 74.0617 -999.0 -999.0 -999.0 -999.0 -999.0 289.93531978421987 8.933339100028599 289.9154270720369 8.990706371666114 66.17179559577211 184.17317292401705 -999.0 6231.0 -999.0 -1 -999 {-999.0 -999.0 -999.0 -999.0 -999.0} "" -999.0 -999.0 -999.0 -999.0 -999 -999 "" "" "" "" 0 0 0.0 0.0 -999 ""
FIBERMAP 719 R+3C18 APOGEE 1 1 0 1 0 0 131.8455152206873 61.5779276012488 143.1 145.06428406794734 -11.602742201650907 346.76993 146.33302 290.55284421689106 8.389517832700596 -0.4468462 -5.560898 0.19979732 290.55284287218905 8.38950127726826 290.53433273240347 8.4484095838995 65.66093510007637 182.6090126015492 16000.0 16600.0 2016.0 2 87 {-999.0 16.57409 14.693688 13.831763 -999.0} sdss_psfmag_from_g3xp 15.684111 14.460833 13.380059 10.829 63050395674863553 1152366584 bright_1x1 mwm_galactic_core_dist_apogee_sparse mwm_galactic science 0 0 0.0 0.0 -999 ""
FIBERMAP 719 R+3C18 BOSS 0 0 0 1 0 0 132.34637972201784 61.01280749072207 143.1 145.22055895414124 -12.341585911258676 346.76993 146.33302 -999.0 -999.0 -999.0 -999.0 -999.0 290.55359674002244 8.3860417088158 290.535098885 8.445044786280882 65.65760213743206 182.6068593182844 -999.0 5400.0 -999.0 1 218 {-999.0 -999.0 -999.0 -999.0 -999.0} "" -999.0 -999.0 -999.0 -999.0 -999 -999 "" "" "" "" 0 0 0.0 0.0 -999 ""
FIBERMAP 719 R+3C18 METROLOGY 0 0 0 1 0 0 131.61109288562798 60.866624680899825 143.1 144.50900320835345 -12.105388516882055 346.76993 146.33302 -999.0 -999.0 -999.0 -999.0 -999.0 290.55033473811847 8.38715525786963 290.53183298764986 8.446123981026284 65.65855542705093 182.6147923570656 -999.0 6231.0 -999.0 -1 -999 {-999.0 -999.0 -999.0 -999.0 -999.0} "" -999.0 -999.0 -999.0 -999.0 -999 -999 "" "" "" "" 0 0 0.0 0.0 -999 ""
FIBERMAP 721 R+9C9 APOGEE 1 1 0 1 0 0 -19.57820359389572 163.33906129353113 143.1 63.68208541368775 151.6958233836784 240.21886 111.32772 290.18109419617383 9.133012850605358 -2.4292703 -2.5238636 0.2316729 290.1810868710934 9.133005336773241 290.1606946238207 9.190879224736587 66.38561748915488 183.60087562804094 16000.0 16600.0 2016.0 2 9 {-999.0 18.745863 16.007307 14.832472 -999.0} sdss_psfmag_ps1 17.220766 15.345911 14.068851 10.584 63050395675351504 1154164931 bright_1x1 mwm_galactic_core_dist_apogee_sparse mwm_galactic science 0 0 0.0 0.0 -999 ""
FIBERMAP 721 R+9C9 BOSS 0 0 0 1 0 0 -20.313524445307564 163.43773124039953 143.1 63.09148091358178 152.14493554745053 240.21886 111.32772 -999.0 -999.0 -999.0 -999.0 -999.0 290.17839085847226 9.135014469042922 290.1579982761708 9.192970581603731 66.38756331252577 183.60779044613537 -999.0 5400.0 -999.0 1 125 {-999.0 -999.0 -999.0 -999.0 -999.0} "" -999.0 -999.0 -999.0 -999.0 -999 -999 "" "" "" "" 0 0 0.0 0.0 -999 ""
FIBERMAP 721 R+9C9 METROLOGY 0 0 0 1 0 0 -19.869865978802206 164.0289838645059 143.1 63.769374902181944 152.43981608844146 240.21886 111.32772 -999.0 -999.0 -999.0 -999.0 -999.0 290.1815074988984 9.13634759150208 290.1611102862371 9.194285861829362 66.38904120259637 183.6003074821587 -999.0 6231.0 -999.0 -1 -999 {-999.0 -999.0 -999.0 -999.0 -999.0} "" -999.0 -999.0 -999.0 -999.0 -999 -999 "" "" "" "" 0 0 0.0 0.0 -999 ""
FIBERMAP 723 R-2C19 APOGEE 1 1 0 1 0 0 144.97251907700223 -22.331173555726576 143.1 115.01896330384076 -91.047191437908 107.338 57.193523 290.4133354514998 8.028838801619427 1.8744394 -2.9357855 0.19463512 290.41334108716256 8.028830061448245 290.39573176941474 8.087456362403708 65.29467787591875 182.903672124961 16000.0 16600.0 2016.0 2 212 {-999.0 16.279657 14.502995 13.636754 -999.0} sdss_psfmag_from_g3xp 15.463091 14.252917 13.179715 10.543 63050395674723838 1152366310 bright_1x1 mwm_galactic_core_dist_apogee_sparse mwm_galactic science 0 0 0.0 0.0 -999 ""
FIBERMAP 723 R-2C19 BOSS 0 0 0 1 0 0 145.68428053922938 -22.538326670035307 143.1 115.53548193730336 -91.57898844195192 107.338 57.193523 -999.0 -999.0 -999.0 -999.0 -999.0 290.4157334368564 8.026282033928947 290.39813460277594 8.08500853268969 65.29233455908651 182.89773383517513 -999.0 5400.0 -999.0 1 297 {-999.0 -999.0 -999.0 -999.0 -999.0} "" -999.0 -999.0 -999.0 -999.0 -999 -999 "" "" "" "" 0 0 0.0 0.0 -999 ""
FIBERMAP 723 R-2C19 METROLOGY 0 0 0 1 0 0 145.15659444549212 -23.05234687167801 143.1 114.82268669276012 -91.76519813467175 107.338 57.193523 -999.0 -999.0 -999.0 -999.0 -999.0 290.4124564834775 8.025475733101892 290.39485845747834 8.084167718605258 65.29135507121504 182.90540001936142 -999.0 6231.0 -999.0 -1 -999 {-999.0 -999.0 -999.0 -999.0 -999.0} "" -999.0 -999.0 -999.0 -999.0 -999 -999 "" "" "" "" 0 0 0.0 0.0 -999 ""
FIBERMAP 724 R+1C21 APOGEE 0 0 0 1 0 0 146.18160031551858 22.806200821185296 143.1 138.37245804779778 -52.39792510773861 242.37569 24.139828 -999.0 -999.0 -999.0 -999.0 -999.0 290.52127409793985 8.204150040501078 290.5032277739126 8.26301176932637 65.4744755475451 182.66582959389942 -999.0 16600.0 -999.0 2 -999 {-999.0 -999.0 -999.0 -999.0 -999.0} "" -999.0 -999.0 -999.0 -999.0 -999 -999 "" "" "" "" 0 0 0.0 0.0 -999 ""
FIBERMAP 724 R+1C21 BOSS 1 1 0 1 0 0 146.19904646156357 23.54689645940461 143.1 138.75360227925177 -51.76251489067337 242.37569 24.139828 290.5228122244296 8.206939524241172 -0.4972575 -6.683008 0.02635185 290.5230841550213 8.206919628157232 290.5050347172882 8.265878458386595 65.47741061367537 182.661797788636 5400.0 5400.0 2016.0 1 234 {-999.0 13.873128 13.420895 13.122589 -999.0} sdss_psfmag_from_g3xp 13.746453 13.527027 12.765795 11.791 63050395674775106 1093266018 bright_3x1 mwm_astar_core_boss mwm_ob science 0 0 0.9742540717124939 0.0 -999 ""
FIBERMAP 724 R+1C21 METROLOGY 0 0 0 1 0 0 146.83891348808365 23.159190018873023 143.1 139.11839842802263 -52.415779130039844 242.37569 24.139828 -999.0 -999.0 -999.0 -999.0 -999.0 290.52472839265033 8.203976508611722 290.50668524361674 8.262913476691493 65.47451234415178 182.65758385727455 -999.0 6231.0 -999.0 -1 -999 {-999.0 -999.0 -999.0 -999.0 -999.0} "" -999.0 -999.0 -999.0 -999.0 -999 -999 "" "" "" "" 0 0 0.0 0.0 -999 ""
FIBERMAP 730 R+6C13 APOGEE 0 0 0 1 0 0 24.221133669295536 111.50690394880694 143.1 76.15526617286609 84.98699507956987 252.36995 43.913612 -999.0 -999.0 -999.0 -999.0 -999.0 290.23791718649886 8.830184513331924 290.2182902779533 8.888247599960563 66.08636303019706 183.42075660263484 -999.0 16600.0 -999.0 2 -999 {-999.0 -999.0 -999.0 -999.0 -999.0} "" -999.0 -999.0 -999.0 -999.0 -999 -999 "" "" "" "" 0 0 0.0 0.0 -999 ""
FIBERMAP 730 R+6C13 BOSS 1 1 0 1 0 0 23.894004136880923 112.1857214772536 143.1 76.20623023568098 85.73885620182219 252.36995 43.913612 290.2381896972656 8.833548730318569 -999.0 -999.0 -999.0 290.2381896972656 8.833548730318569 290.2185590547655 8.89170238920311 66.08982684326097 183.42053532705293 5400.0 5400.0 2015.5 1 149 {-999.0 -999.0 -999.0 -999.0 -999.0} "" -999.0 -999.0 -999.0 -999.0 27021603150994569 852977734 "" ops_sky_boss_fallback ops_sky sky_boss 0 0 0.0 0.0 -999 ""
FIBERMAP 730 R+6C13 METROLOGY 0 0 0 1 0 0 24.630523769273278 112.13065207630073 143.1 76.81941993338653 85.32706213082442 252.36995 43.913612 -999.0 -999.0 -999.0 -999.0 -999.0 290.24100126838243 8.831682831537183 290.2213740154216 8.889818069939649 66.088086035569 183.4134465210374 -999.0 6231.0 -999.0 -1 -999 {-999.0 -999.0 -999.0 -999.0 -999.0} "" -999.0 -999.0 -999.0 -999.0 -999 -999 "" "" "" "" 0 0 0.0 0.0 -999 ""
FIBERMAP 733 R+2C2 APOGEE 0 0 0 1 0 0 -238.39065166682863 29.066825818379 143.1 -192.91739345127226 143.0613457533 307.0291 121.5677 -999.0 -999.0 -999.0 -999.0 -999.0 289.0028938080732 9.093692669398417 288.9825624734157 9.14867092411265 66.2564504669903 186.481164688493 -999.0 16600.0 -999.0 2 -999 {-999.0 -999.0 -999.0 -999.0 -999.0} "" -999.0 -999.0 -999.0 -999.0 -999 -999 "" "" "" "" 0 0 0.0 0.0 -999 ""
FIBERMAP 733 R+2C2 BOSS 1 1 0 1 0 0 -238.63208305346353 28.394796896528458 143.1 -193.4593635038065 142.5963110835726 307.0291 121.5677 289.0003921192274 9.091522914992169 -3.1206558 -4.8245783 0.5375969 289.00038271047634 9.091508551667667 288.9800655495085 9.14657042732001 66.25412260161116 186.48675693752028 5400.0 5400.0 2016.0 1 10 {-999.0 18.19507 16.73294 16.11809 -999.0} sdss_psfmag_ps1 17.566652 16.614576 15.648783 13.652 63050395676585337 980290065 "" ops_std_boss_red ops_std standard_boss 0 0 0.0 0.0 -999 ""
FIBERMAP 733 R+2C2 METROLOGY 0 0 0 1 0 0 -239.1272549767382 28.948176990563127 143.1 -193.61648942624038 143.32213423990504 307.0291 121.5677 -999.0 -999.0 -999.0 -999.0 -999.0 288.99969587050816 9.094799131078958 288.9793679101674 9.149833399513543 66.25730414828018 186.48923926424925 -999.0 6231.0 -999.0 -1 -999 {-999.0 -999.0 -999.0 -999.0 -999.0} "" -999.0 -999.0 -999.0 -999.0 -999 -999 "" "" "" "" 0 0 0.0 0.0 -999 ""
FIBERMAP 741 R+5C9 APOGEE 1 1 0 1 0 0 -63.07502277366103 76.70145270622383 143.1 -16.945445665882573 97.85657067815195 315.51556 36.361122 289.80931738611133 8.890102321806891 -4.499186 -5.9199595 0.17642951 289.8093038286462 8.890084697406284 289.78951238546284 8.947084592044394 66.12028220174426 184.47316710026274 16000.0 16600.0 2016.0 2 101 {-999.0 21.408155 18.175875 14.972282 -999.0} sdss_psfmag_ps1 19.641806 15.013614 13.3711 8.072 63050395675335318 1154164820 bright_1x1 mwm_galactic_core_dist_apogee_sparse mwm_galactic science 0 0 0.0 0.0 -999 ""
FIBERMAP 741 R+5C9 BOSS 0 0 0 1 0 0 -63.80993815026626 76.78433230583089 143.1 -17.54349955903757 98.29175288874075 315.51556 36.361122 -999.0 -999.0 -999.0 -999.0 -999.0 289.8065389982261 8.892025178102037 289.7867486268457 8.949108183329889 66.12211993013491 184.48022847780473 -999.0 5400.0 -999.0 1 75 {-999.0 -999.0 -999.0 -999.0 -999.0} "" -999.0 -999.0 -999.0 -999.0 -999 -999 "" "" "" "" 0 0 0.0 0.0 -999 ""
FIBERMAP 741 R+5C9 METROLOGY 0 0 0 1 0 0 -63.38282628839321 77.38768950266632 143.1 -16.874011917544102 98.60533389591096 315.51556 36.361122 -999.0 -999.0 -999.0 -999.0 -999.0 289.8096306110315 8.893460685769169 289.78983497504123 8.950525485715392 66.12373666475968 184.4729457582443 -999.0 6231.0 -999.0 -1 -999 {-999.0 -999.0 -999.0 -999.0 -999.0} "" -999.0 -999.0 -999.0 -999.0 -999 -999 "" "" "" "" 0 0 0.0 0.0 -999 ""
FIBERMAP 742 R-5C19 APOGEE 0 0 0 1 0 0 148.8781918669586 -92.16853137141015 143.1 83.90854721016362 -153.70012175220188 212.9017 59.544483 -999.0 -999.0 -999.0 -999.0 -999.0 290.2691596145191 7.745098917310645 290.2522586389517 7.803418875453866 65.00449658967642 183.21084234172616 -999.0 16600.0 -999.0 2 -999 {-999.0 -999.0 -999.0 -999.0 -999.0} "" -999.0 -999.0 -999.0 -999.0 -999 -999 "" "" "" "" 0 0 0.0 0.0 -999 ""
FIBERMAP 742 R-5C19 BOSS 1 1 0 1 0 0 148.8311539744089 -91.42824743661934 143.1 84.23341954642305 -153.03320818901102 212.9017 59.544483 290.27024513923 7.747979526016175 -0.6268819 -3.443445 0.67892075 290.2706873301927 7.7479692744845075 290.25378365089324 7.8063876367416505 65.00753378342976 183.20760454332478 5400.0 5400.0 2016.0 1 287 {-999.0 11.577738 11.299099 11.208336 -999.0} sdss_psfmag_from_g3xp 11.549217 11.2909355 10.866875 10.254 63050395674552614 1093276750 bright_3x1 mwm_astar_core_boss mwm_ob science 0 0 1.5840731859207153 0.0 -999 ""
FIBERMAP 742 R-5C19 METROLOGY 0 0 0 1 0 0 149.50325962917128 -91.76115897033932 143.1 84.65332094006594 -153.65475757900558 212.9017 59.544483 -999.0 -999.0 -999.0 -999.0 -999.0 290.27258869558534 7.745193412959745 290.2556907988973 7.8035899461830445 65.00482891422189 183.20282325874493 -999.0 6231.0 -999.0 -1 -999 {-999.0 -999.0 -999.0 -999.0 -999.0} "" -999.0 -999.0 -999.0 -999.0 -999 -999 "" "" "" "" 0 0 0.0 0.0 -999 ""
FIBERMAP 743 R-1C3 APOGEE 1 1 0 1 0 0 -246.15115778908103 -11.925354713114137 143.1 -219.91918713937324 111.2533341918532 145.15295 115.97359 288.8793968611485 8.949453364839778 -1.6494056 -4.2565756 0.60375774 288.8793918901615 8.949440692524721 288.85942382500974 9.004137273546313 66.10068799500304 186.74568416938777 16000.0 16600.0 2016.0 2 281 {-999.0 12.863943 12.316407 12.089673 -999.0} sdss_psfmag_from_g3xp 12.730042 12.31813 11.723798 10.75 63050395676540661 1150402078 bright_12x1 mwm_bin_rv_short_subgiant_apogee_12epoch mwm_bin science 0 0 0.0 0.0 -999 ""
FIBERMAP 743 R-1C3 BOSS 0 0 0 1 0 0 -246.04722993269752 -11.185929687010535 143.1 -219.4634753984854 111.84490933333959 145.15295 115.97359 -999.0 -999.0 -999.0 -999.0 -999.0 288.8814411094665 8.952044752017018 288.8614757192263 9.00683602213412 66.10357583613458 186.7413724267185 -999.0 5400.0 -999.0 1 433 {-999.0 -999.0 -999.0 -999.0 -999.0} "" -999.0 -999.0 -999.0 -999.0 -999 -999 "" "" "" "" 0 0 0.0 0.0 -999 ""
FIBERMAP 743 R-1C3 METROLOGY 0 0 0 1 0 0 -245.4561035684724 -11.640105299012273 143.1 -219.17390112151782 111.15793313608673 145.15295 115.97359 -999.0 -999.0 -999.0 -999.0 -999.0 288.8827461024472 8.94897241607739 288.8627859568435 9.003741901535642 66.1006264926807 186.73743088009175 -999.0 6231.0 -999.0 -1 -999 {-999.0 -999.0 -999.0 -999.0 -999.0} "" -999.0 -999.0 -999.0 -999.0 -999 -999 "" "" "" "" 0 0 0.0 0.0 -999 ""
FIBERMAP 748 R-1C24 APOGEE 1 1 0 1 0 0 237.0499115681949 -5.272444874632615 143.1 203.50834188085148 -121.70982357348795 90.47529 107.546295 290.81566939005666 7.889669992689854 -1.8234149 -3.3468695 0.08694998 290.8156639096647 7.8896600286745215 290.7984107035447 7.949295302390571 65.17091276165037 181.9406347179657 16000.0 16600.0 2016.0 2 210 {-999.0 -999.0 -999.0 -999.0 -999.0} "" -999.0 14.36902 -999.0 10.259 63050395662998400 1151532744 bright_1x1 mwm_galactic_core_dist_apogee_sparse mwm_galactic science 0 0 0.0 0.0 -999 ""
FIBERMAP 748 R-1C24 BOSS 0 0 0 1 0 0 237.75641971796693 -5.033464637859108 143.1 204.24072559389415 -121.85111473684779 90.47529 107.546295 -999.0 -999.0 -999.0 -999.0 -999.0 290.81900058968137 7.888913570297152 290.8017519938013 7.948651616990348 65.17036429455355 181.93271323589536 -999.0 5400.0 -999.0 1 311 {-999.0 -999.0 -999.0 -999.0 -999.0} "" -999.0 -999.0 -999.0 -999.0 -999 -999 "" "" "" "" 0 0 0.0 0.0 -999 ""
FIBERMAP 748 R-1C24 METROLOGY 0 0 0 1 0 0 237.61701273305871 -5.762409058729146 143.1 203.75934339687194 -122.4160469533923 90.47529 107.546295 -999.0 -999.0 -999.0 -999.0 -999.0 290.816787355541 7.88639147707741 290.7995442450305 7.946097761966673 65.16774879754941 181.9377435037427 -999.0 6231.0 -999.0 -1 -999 {-999.0 -999.0 -999.0 -999.0 -999.0} "" -999.0 -999.0 -999.0 -999.0 -999 -999 "" "" "" "" 0 0 0.0 0.0 -999 ""
FIBERMAP 751 R-10C16 APOGEE 0 0 0 1 0 0 177.30234877843722 -192.7371194670548 143.1 58.932617214556075 -255.18815769579572 61.61114 45.277756 -999.0 -999.0 -999.0 -999.0 -999.0 290.1521369781741 7.289089918128897 290.1363763818895 7.347199247060545 64.54318519166586 183.42747193493815 -999.0 16600.0 -999.0 2 -999 {-999.0 -999.0 -999.0 -999.0 -999.0} "" -999.0 -999.0 -999.0 -999.0 -999 -999 "" "" "" "" 0 0 0.0 0.0 -999 ""
FIBERMAP 751 R-10C16 BOSS 1 1 0 1 0 0 177.530497444084 -193.4533338065686 143.1 58.77711227520409 -255.92362904264098 61.61114 45.277756 290.1514117059931 7.285706568659742 -2.6017826 -1.0188202 0.37772524 290.1514038971394 7.285703535514876 290.1356567190003 7.343908782849669 64.53986276938448 183.42874234532604 5400.0 5400.0 2016.0 1 268 {-999.0 17.626255 16.44915 15.887415 15.431112} sdss_psfmag_from_ps1dr2 17.1933 16.4007 15.5198 14.023 63050395662631155 1040133824 "" ops_std_boss_ps1dr2 ops_std standard_boss 0 0 0.0 0.0 -999 ""
FIBERMAP 751 R-10C16 METROLOGY 0 0 0 1 0 0 176.80171557505417 -193.29031778247366 143.1 58.223986533502305 -255.42179924781877 61.61114 45.277756 -999.0 -999.0 -999.0 -999.0 -999.0 290.148898459585 7.28797074562104 290.1331442135498 7.3461419116856765 64.54196655707872 183.43479524357937 -999.0 6231.0 -999.0 -1 -999 {-999.0 -999.0 -999.0 -999.0 -999.0} "" -999.0 -999.0 -999.0 -999.0 -999 -999 "" "" "" "" 0 0 0.0 0.0 -999 ""
FIBERMAP 753 R-2C22 APOGEE 0 0 0 1 0 0 191.84096538553408 -23.410365181980122 143.1 155.23756397488413 -115.14306406256117 159.89462 72.46119 -999.0 -999.0 -999.0 -999.0 -999.0 290.59642179735744 7.91936063343011 290.57909006746064 7.9784540518978755 65.19297541227775 182.46010402451535 -999.0 16600.0 -999.0 2 -999 {-999.0 -999.0 -999.0 -999.0 -999.0} "" -999.0 -999.0 -999.0 -999.0 -999 -999 "" "" "" "" 0 0 0.0 0.0 -999 ""
FIBERMAP 753 R-2C22 BOSS 1 1 0 1 0 0 192.29655172144862 -22.809283294376144 143.1 155.93068577435315 -114.84553055273297 159.89462 72.46119 290.5996221117975 7.920577219661041 3.2115264 1.1908416 1.2091517 290.5996317649719 7.920580764933186 290.5823002720551 7.979776227052005 65.19441240182171 182.45264647402 5400.0 5400.0 2016.0 1 285 {-999.0 20.724264 19.006409 18.159687 -999.0} sdss_psfmag_ps1 19.750803 18.687283 17.500952 14.895 63050395663007637 1096230073 bright_1x1 mwm_bin_vis_boss mwm_filler science 0 0 0.0 0.0 -999 ""
FIBERMAP 753 R-2C22 METROLOGY 0 0 0 1 0 0 192.58250147654516 -23.49274361507885 143.1 155.8416221628831 -115.58108178192163 159.89462 72.46119 -999.0 -999.0 -999.0 -999.0 -999.0 290.599191666291 7.91728355352986 290.58186766802464 7.976451733474117 65.1910745376711 182.45337875929255 -999.0 6231.0 -999.0 -1 -999 {-999.0 -999.0 -999.0 -999.0 -999.0} "" -999.0 -999.0 -999.0 -999.0 -999 -999 "" "" "" "" 0 0 0.0 0.0 -999 ""
FIBERMAP 756 R-13C9 APOGEE 1 1 0 1 0 0 33.940650259028295 -235.28741413771414 143.1 -86.74343574109268 -221.35090330831596 116.85032 84.329605 289.48743605294214 7.442408750753895 -3.0987425 -4.92252 0.20735034 289.4874267492513 7.442394095845189 289.4712779612743 7.498841683686422 64.65352588761547 184.98401242321563 16000.0 16600.0 2016.0 2 207 {-999.0 18.813337 16.244013 14.975555 -999.0} sdss_psfmag_ps1 17.433603 15.598164 14.325145 10.897 63050395674517772 1154162320 bright_1x1 mwm_galactic_core_dist_apogee_sparse mwm_galactic science 0 0 0.0 0.0 -999 ""
FIBERMAP 756 R-13C9 BOSS 0 0 0 1 0 0 34.620737925677176 -234.99370558920094 143.1 -86.00698342331637 -221.43155428111504 116.85032 84.329605 -999.0 -999.0 -999.0 -999.0 -999.0 289.49076805200207 7.44188839964022 289.47462771214094 7.498440812683146 64.65337063134174 184.97620644625155 -999.0 5400.0 -999.0 1 334 {-999.0 -999.0 -999.0 -999.0 -999.0} "" -999.0 -999.0 -999.0 -999.0 -999 -999 "" "" "" "" 0 0 0.0 0.0 -999 ""
FIBERMAP 756 R-13C9 METROLOGY 0 0 0 1 0 0 34.536340858207886 -235.7341420595126 143.1 -86.44621301438843 -222.03365895608178 116.85032 84.329605 -999.0 -999.0 -999.0 -999.0 -999.0 289.4887765642929 7.4392350249331285 289.4726408560634 7.495755633837846 64.65054775414652 184.98033360593323 -999.0 6231.0 -999.0 -1 -999 {-999.0 -999.0 -999.0 -999.0 -999.0} "" -999.0 -999.0 -999.0 -999.0 -999 -999 "" "" "" "" 0 0 0.0 0.0 -999 ""
FIBERMAP 758 R+4C17 APOGEE 1 1 0 1 0 0 93.75660733322324 68.07922114529865 143.1 115.1584780000383 12.869677872325584 262.18378 49.667793 290.4162231708397 8.501372256114495 -1.6252908 -2.3091798 0.3393772 290.41621827840584 8.501365381420694 290.3974236546974 8.559920210689533 65.76676948797075 182.94912385866465 16000.0 16600.0 2016.0 2 83 {-999.0 15.509024 13.655094 12.729783 -999.0} sdss_psfmag_from_g3xp 14.640682 13.363956 12.260396 9.618 63050395674959176 1152366611 bright_1x1 mwm_galactic_core_dist_apogee_sparse mwm_galactic science 0 0 0.0 0.0 -999 ""
FIBERMAP 758 R+4C17 BOSS 0 0 0 1 0 0 93.2612791734596 68.63101452437316 143.1 115.0004322410762 13.594198585639141 262.18378 49.667793 -999.0 -999.0 -999.0 -999.0 -999.0 290.41555379324757 8.504579250259992 290.3967551633216 8.563223762843752 65.77004094776964 182.95108502599487 -999.0 5400.0 -999.0 1 210 {-999.0 -999.0 -999.0 -999.0 -999.0} "" -999.0 -999.0 -999.0 -999.0 -999 -999 "" "" "" "" 0 0 0.0 0.0 -999 ""
FIBERMAP 758 R+4C17 METROLOGY 0 0 0 1 0 0 93.98131397360206 68.79522788080351 143.1 115.70763526028182 13.381214613857237 262.18378 49.667793 -999.0 -999.0 -999.0 -999.0 -999.0 290.4187872283882 8.503621632514509 290.39998993229796 8.56224820616037 65.76920617464806 182.94319454288635 -999.0 6231.0 -999.0 -1 -999 {-999.0 -999.0 -999.0 -999.0 -999.0} "" -999.0 -999.0 -999.0 -999.0 -999 -999 "" "" "" "" 0 0 0.0 0.0 -999 ""
FIBERMAP 760 R+10C10 APOGEE 0 0 0 1 0 0 43.07254541982005 199.7449209533172 143.1 136.14452315319429 152.39499568992576 85.54858 28.023937 -999.0 -999.0 -999.0 -999.0 -999.0 290.5136711321413 9.13393613300024 290.4932891842765 9.192625710934253 66.40293255745338 182.78209254569862 -999.0 16600.0 -999.0 2 -999 {-999.0 -999.0 -999.0 -999.0 -999.0} "" -999.0 -999.0 -999.0 -999.0 -999 -999 "" "" "" "" 0 0 0.0 0.0 -999 ""
FIBERMAP 760 R+10C10 BOSS 1 1 0 1 0 0 43.380209533817 199.04655068486866 143.1 136.0669730941223 151.63575137042298 85.54858 28.023937 290.5133521928425 9.13046849081498 -2.2817013 -3.9200888 0.26442504 290.51334531278206 9.130456820259843 290.49297585757745 9.18923535566357 66.39953230938708 182.78251451775316 5400.0 5400.0 2016.0 1 122 {-999.0 18.538572 16.992584 16.196568 15.575897} sdss_psfmag_from_ps1dr2 17.8619 16.8637 15.8459 13.891 63050395676068409 1040153242 "" ops_std_boss_ps1dr2 ops_std standard_boss 0 0 0.0 0.0 -999 ""
FIBERMAP 760 R+10C10 METROLOGY 0 0 0 1 0 0 42.63392631070344 199.14136875372753 143.1 135.46493368102796 152.08693081642818 85.54858 28.023937 -999.0 -999.0 -999.0 -999.0 -999.0 290.5105835904947 9.132535902038207 290.49020773319205 9.191282043250936 66.40146410596739 182.78954580860758 -999.0 6231.0 -999.0 -1 -999 {-999.0 -999.0 -999.0 -999.0 -999.0} "" -999.0 -999.0 -999.0 -999.0 -999 -999 "" "" "" "" 0 0 0.0 0.0 -999 ""
FIBERMAP 761 R+4C9 APOGEE 1 1 0 1 0 0 -89.5571133756735 79.98575373989505 143.1 -38.34869948611376 113.79695104668063 256.8226 7.6106763 289.7109282130671 8.962649911413518 -2.424883 -5.283698 -0.105756946 289.71092090467755 8.96263418123663 289.6909430925495 9.019380048383681 66.1857626910193 184.72562745162287 16000.0 16600.0 2016.0 2 118 {-999.0 21.057526 17.938034 15.821573 -999.0} sdss_psfmag_ps1 19.28513 16.313526 14.851794 10.547 63050395675306469 1154164705 bright_1x1 mwm_galactic_core_dist_apogee_sparse mwm_galactic science 0 0 0.0 0.0 -999 ""
FIBERMAP 761 R+4C9 BOSS 0 0 0 1 0 0 -89.49249707038534 80.73060512508941 143.1 -37.92448775307702 114.41266806274703 256.8226 7.6106763 -999.0 -999.0 -999.0 -999.0 -999.0 289.7128585874525 8.965387959392238 289.69288019636593 9.022228075564962 66.18873784854424 184.72139504251905 -999.0 5400.0 -999.0 1 64 {-999.0 -999.0 -999.0 -999.0 -999.0} "" -999.0 -999.0 -999.0 -999.0 -999 -999 "" "" "" "" 0 0 0.0 0.0 -999 ""
FIBERMAP 761 R+4C9 METROLOGY 0 0 0 1 0 0 -88.86002046875775 80.33687971995128 143.1 -37.56909148085684 113.75782195175876 256.8226 7.6106763 -999.0 -999.0 -999.0 -999.0 -999.0 289.7144917376135 8.96242946734129 289.69451906236964 9.019248612061881 66.18587908105158 184.71687905126342 -999.0 6231.0 -999.0 -1 -999 {-999.0 -999.0 -999.0 -999.0 -999.0} "" -999.0 -999.0 -999.0 -999.0 -999 -999 "" "" "" "" 0 0 0.0 0.0 -999 ""
FIBERMAP 762 R+2C22 APOGEE 0 0 0 1 0 0 193.2236079976401 19.784057099522276 143.1 177.78196397741337 -78.26893862187048 303.40964 47.73672 -999.0 -999.0 -999.0 -999.0 -999.0 290.70047754139057 8.086316984006354 290.6827303440181 8.145637395568563 65.36362307489856 182.2287710762894 -999.0 16600.0 -999.0 2 -999 {-999.0 -999.0 -999.0 -999.0 -999.0} "" -999.0 -999.0 -999.0 -999.0 -999 -999 "" "" "" "" 0 0 0.0 0.0 -999 ""
FIBERMAP 762 R+2C22 BOSS 1 1 0 1 0 0 192.5015581168187 19.88501339816691 143.1 177.20402818220546 -77.82439562572598 303.40964 47.73672 290.6975784550844 8.088217822183452 1.8370605 1.5063921 0.4721148 290.697903936739 8.088222306886 290.6801550037487 8.147629736903001 65.36552998730502 182.23504187956053 5400.0 5400.0 2016.0 1 224 {-999.0 13.711922 12.956414 12.628879 -999.0} sdss_psfmag_from_g3xp 13.4871435 12.978926 12.271299 11.05 63050395674734845 1093260948 bright_3x1 mwm_astar_core_boss mwm_ob science 0 0 1.140389323234558 0.0 -999 ""
FIBERMAP 762 R+2C22 METROLOGY 0 0 0 1 0 0 192.95407896419584 20.479769741812465 143.1 177.89135913092724 -77.53084749108103 303.40964 47.73672 -999.0 -999.0 -999.0 -999.0 -999.0 290.7010367775458 8.089578566373754 290.6832836730592 8.14896689380726 65.36696884719348 182.22772153569372 -999.0 6231.0 -999.0 -1 -999 {-999.0 -999.0 -999.0 -999.0 -999.0} "" -999.0 -999.0 -999.0 -999.0 -999 -999 "" "" "" "" 0 0 0.0 0.0 -999 ""
FIBERMAP 765 R+2C19 APOGEE 1 1 0 1 0 0 146.737948224729 28.3522074129635 143.1 141.59646001861 -47.85059595999377 342.00293 93.50866 290.5361462985648 8.224792596490214 -1.5586971 -6.125006 0.083571926 290.536141609919 8.224774361642359 290.5180440078049 8.28366910187263 65.49569278070749 182.63247614146806 16000.0 16600.0 2016.0 2 72 {-999.0 16.24036 14.582312 13.827195 -999.0} sdss_psfmag_from_g3xp 15.493738 14.417245 13.387089 10.9 63050395674775501 1152366461 bright_1x1 mwm_galactic_core_dist_apogee_sparse mwm_galactic science 0 0 0.0 0.0 -999 ""
FIBERMAP 765 R+2C19 BOSS 0 0 0 1 0 0 146.5552007082476 27.628936322286947 143.1 141.08019666753367 -48.38918085808224 342.00293 93.50866 -999.0 -999.0 -999.0 -999.0 -999.0 290.53381683628413 8.222221420419833 290.5157292033686 8.28120394425758 65.49314001809397 182.63776212758907 -999.0 5400.0 -999.0 1 221 {-999.0 -999.0 -999.0 -999.0 -999.0} "" -999.0 -999.0 -999.0 -999.0 -999 -999 "" "" "" "" 0 0 0.0 0.0 -999 ""
FIBERMAP 765 R+2C19 METROLOGY 0 0 0 1 0 0 146.01632856390302 28.1500592844935 143.1 140.86913554533814 -47.66981296500235 342.00293 93.50866 -999.0 -999.0 -999.0 -999.0 -999.0 290.53285977365914 8.225523387803497 290.5147628026755 8.284476634446866 65.49637278557083 182.64037470196865 -999.0 6231.0 -999.0 -1 -999 {-999.0 -999.0 -999.0 -999.0 -999.0} "" -999.0 -999.0 -999.0 -999.0 -999 -999 "" "" "" "" 0 0 0.0 0.0 -999 ""
FIBERMAP 766 R+7C3 APOGEE 1 1 0 1 0 0 -177.63854510807784 142.0026966847729 143.1 -84.29262437076294 211.24100314268347 130.8184 130.94542 289.50141021560023 9.402769390982831 -1.9023874 -3.8481803 0.07192674 289.50140447484307 9.402757934507509 289.48030444431265 9.45891593744286 66.60856136549617 185.32536184884412 16000.0 16600.0 2016.0 2 123 {-999.0 20.9869 17.756054 15.311852 -999.0} sdss_psfmag_ps1 19.186998 15.766938 14.2475815 9.705 63050395675438867 1154165241 bright_1x1 mwm_galactic_core_dist_apogee_sparse mwm_galactic science 0 0 0.0 0.0 -999 ""
FIBERMAP 766 R+7C3 BOSS 0 0 0 1 0 0 -177.54361705928866 142.74900481471036 143.1 -83.84133699151867 211.8430098714398 130.8184 130.94542 -999.0 -999.0 -999.0 -999.0 -999.0 289.5034680195478 9.405411823539106 289.482368354215 9.461662559831105 66.6114603964185 185.32079667044346 -999.0 5400.0 -999.0 1 26 {-999.0 -999.0 -999.0 -999.0 -999.0} "" -999.0 -999.0 -999.0 -999.0 -999 -999 "" "" "" "" 0 0 0.0 0.0 -999 ""
FIBERMAP 766 R+7C3 METROLOGY 0 0 0 1 0 0 -176.9504314364495 142.29333715526963 143.1 -83.55070941687877 211.15371887623832 130.8184 130.94542 -999.0 -999.0 -999.0 -999.0 -999.0 289.5047896329117 9.402338240469273 289.48369580795514 9.45856778096028 66.60847876801985 185.3168926146633 -999.0 6231.0 -999.0 -1 -999 {-999.0 -999.0 -999.0 -999.0 -999.0} "" -999.0 -999.0 -999.0 -999.0 -999 -999 "" "" "" "" 0 0 0.0 0.0 -999 ""
FIBERMAP 776 R+1C5 APOGEE 1 0 0 1 1 0 -176.28595216174617 32.88909687907471 143.1 -137.0291703541062 115.6990896118132 93.43413 56.56909 289.2689232995876 8.971297461692988 9.467439 -12.518424 6.319217 289.2574933559969 8.971021723355626 289.2374807508132 9.026648673958354 66.15792621368982 185.83220062874992 16000.0 16600.0 2016.0 2 110 {-999.0 13.248826 12.392789 12.108063 -999.0} sdss_psfmag_from_g3xp 12.990603 12.450084 11.762171 10.435 63050395675389009 1076226043 bright_1x1 mwm_snc_ext_main_apogee mwm_snc science 0 0 0.0 0.0 -999 ""
FIBERMAP 776 R+1C5 BOSS 0 0 0 1 1 0 -175.65212302191773 32.48276825642559 143.1 -136.67882526038912 115.0326167968713 93.43413 56.56909 -999.0 -999.0 -999.0 -999.0 -999.0 289.2590350892833 8.967952047682253 289.23903821740487 9.023673262213237 66.15509498011714 185.82777318246062 -999.0 5400.0 -999.0 1 63 {-999.0 -999.0 -999.0 -999.0 -999.0} "" -999.0 -999.0 -999.0 -999.0 -999 -999 "" "" "" "" 0 0 0.0 0.0 -999 ""
FIBERMAP 776 R+1C5 METROLOGY 0 0 0 1 1 0 -176.32119704564462 32.13914334693034 143.1 -137.4303647688081 115.06442400213848 93.43413 56.56909 -999.0 -999.0 -999.0 -999.0 -999.0 289.2556035427342 8.968106632248574 289.235603950011 9.023793860548377 66.15492169184867 185.83615751179846 -999.0 6231.0 -999.0 -1 -999 {-999.0 -999.0 -999.0 -999.0 -999.0} "" -999.0 -999.0 -999.0 -999.0 -999 -999 "" "" "" "" 0 0 0.0 0.0 -999 ""
FIBERMAP 779 R+1C20 APOGEE 1 1 0 1 0 0 146.33162161971566 -2.7861529545809756 143.1 125.85781538595579 -74.72444392712305 346.1668 19.539534 290.4634094238281 8.102852513359181 -999.0 -999.0 -999.0 290.4634094238281 8.102852513359181 290.44561571043283 8.161589252098349 65.37082912681791 182.79294855661868 16000.0 16600.0 2015.5 2 85 {-999.0 -999.0 -999.0 -999.0 -999.0} "" -999.0 -999.0 -999.0 -999.0 27021603150992348 848255793 "" ops_sky_apogee_best ops_sky sky_apogee 0 0 0.0 0.0 -999 ""
FIBERMAP 779 R+1C20 BOSS 0 0 0 1 0 0 145.5997553384767 -2.8752259875426667 143.1 125.17745151665883 -74.44028001715381 346.1668 19.539534 -999.0 -999.0 -999.0 -999.0 -999.0 290.4603473299119 8.104026620912489 290.4425544610123 8.16284922680886 65.37196242593225 182.8003388325442 -999.0 5400.0 -999.0 1 233 {-999.0 -999.0 -999.0 -999.0 -999.0} "" -999.0 -999.0 -999.0 -999.0 -999 -999 "" "" "" "" 0 0 0.0 0.0 -999 ""
FIBERMAP 779 R+1C20 METROLOGY 0 0 0 1 0 0 145.88724882963515 -2.1842577235613376 143.1 125.76883014251122 -73.98153681791295 346.1668 19.539534 -999.0 -999.0 -999.0 -999.0 -999.0 290.4630590871412 8.106136821522476 290.44525986938856 8.164939201284513 65.37416162364217 182.79412574086857 -999.0 6231.0 -999.0 -1 -999 {-999.0 -999.0 -999.0 -999.0 -999.0} "" -999.0 -999.0 -999.0 -999.0 -999 -999 "" "" "" "" 0 0 0.0 0.0 -999 ""
FIBERMAP 781 R+8C12 APOGEE 0 0 0 1 0 0 47.67083038367828 166.22543140463696 143.1 123.58085050419861 120.97801091809835 63.17174 128.65514 -999.0 -999.0 -999.0 -999.0 -999.0 290.45604085425657 8.992270966156175 290.43601335139675 9.050842513594928 66.25888553452431 182.9079044719764 -999.0 16600.0 -999.0 2 -999 {-999.0 -999.0 -999.0 -999.0 -999.0} "" -999.0 -999.0 -999.0 -999.0 -999 -999 "" "" "" "" 0 0 0.0 0.0 -999 ""
FIBERMAP 781 R+8C12 BOSS 1 1 0 1 0 0 48.40605464232804 166.37949251422876 143.1 124.29624447716319 120.74869457623541 63.17174 128.65514 290.459360977187 8.991171419823045 -1.4904869 -4.391339 0.3056039 290.45935648463376 8.991158346302331 290.439335817758 9.049827986156812 66.25801347881671 182.89965399765143 5400.0 5400.0 2016.0 1 139 {-999.0 17.976967 16.020473 15.071716 -999.0} sdss_psfmag_ps1 17.028467 15.670877 14.52932 11.76 63050395675692773 1093384014 bright_3x1 mwm_astar_core_boss mwm_ob science 0 0 0.0 0.0 -999 ""
FIBERMAP 781 R+8C12 METROLOGY 0 0 0 1 0 0 48.17668217563854 165.67700096685803 143.1 123.7497081130715 120.25121457462372 63.17174 128.65514 -999.0 -999.0 -999.0 -999.0 -999.0 290.4568418312212 8.988940461840421 290.4368255545309 9.047578859516086 66.25565955771982 182.90556419539197 -999.0 6231.0 -999.0 -1 -999 {-999.0 -999.0 -999.0 -999.0 -999.0} "" -999.0 -999.0 -999.0 -999.0 -999 -999 "" "" "" "" 0 0 0.0 0.0 -999 ""
FIBERMAP 784 R0C21 APOGEE 1 1 0 1 0 0 151.9040966507503 13.346167903205968 143.1 138.6739668328441 -63.45082922761679 118.72404 107.1727 290.5223781736618 8.153940625401667 -3.7176363 -3.7764966 0.15965001 290.52236699279905 8.153929382336694 290.50444656077974 8.212802155233184 65.42435263632743 182.65816041293277 16000.0 16600.0 2016.0 2 73 {-999.0 16.020948 14.41125 13.675216 -999.0} sdss_psfmag_from_g3xp 15.314134 14.2534685 13.245598 10.875 63050395674749258 1152366442 bright_1x1 mwm_galactic_core_dist_apogee_sparse mwm_galactic science 0 0 0.0 0.0 -999 ""
FIBERMAP 784 R0C21 BOSS 0 0 0 1 0 0 152.41322115355504 13.881726729988479 143.1 139.381265041748 -63.23672062118253 118.72404 107.1727 -999.0 -999.0 -999.0 -999.0 -999.0 290.5256575808187 8.154776936521943 290.5077387744995 8.213750979971893 65.42542893089511 182.65042110971422 -999.0 5400.0 -999.0 1 243 {-999.0 -999.0 -999.0 -999.0 -999.0} "" -999.0 -999.0 -999.0 -999.0 -999 -999 "" "" "" "" 0 0 0.0 0.0 -999 ""
FIBERMAP 784 R0C21 METROLOGY 0 0 0 1 0 0 152.6324248477509 13.170497007674301 143.1 139.22044538537148 -63.963438197515444 118.72404 107.1727 -999.0 -999.0 -999.0 -999.0 -999.0 290.524893436013 8.15150845488137 290.5069817517369 8.210454725560085 65.42210577830122 182.65190978496886 -999.0 6231.0 -999.0 -1 -999 {-999.0 -999.0 -999.0 -999.0 -999.0} "" -999.0 -999.0 -999.0 -999.0 -999 -999 "" "" "" "" 0 0 0.0 0.0 -999 ""
FIBERMAP 786 R+11C5 APOGEE 1 1 0 1 0 0 -69.8423724836253 230.56843891767048 143.1 53.195481741960116 234.98668868377322 108.458496 63.03979 290.1332382534906 9.508244471234935 -0.025687674 -3.267194 0.20736554 290.13323817595017 9.508234744422571 290.11189606311444 9.565929922081931 66.75746589350716 183.77348568246498 16000.0 16600.0 2016.0 2 22 {-999.0 19.235538 16.22434 14.709808 -999.0} sdss_psfmag_ps1 17.518688 15.255327 13.8923435 9.898 63050395676199452 1154166331 bright_1x1 mwm_galactic_core_dist_apogee_sparse mwm_galactic science 0 0 0.0 0.0 -999 ""
FIBERMAP 786 R+11C5 BOSS 0 0 0 1 0 0 -69.10786904207498 230.46050343837507 143.1 53.78079744468153 234.52992407579006 108.458496 63.03979 -999.0 -999.0 -999.0 -999.0 -999.0 290.1359250468427 9.506115327419067 290.11459337364766 9.563905054189615 66.7555933461765 183.76646855581677 -999.0 5400.0 -999.0 1 144 {-999.0 -999.0 -999.0 -999.0 -999.0} "" -999.0 -999.0 -999.0 -999.0 -999 -999 "" "" "" "" 0 0 0.0 0.0 -999 ""
FIBERMAP 786 R+11C5 METROLOGY 0 0 0 1 0 0 -69.56363794302341 229.8663315702878 143.1 53.09093112056411 234.23848899003232 108.458496 63.03979 -999.0 -999.0 -999.0 -999.0 -999.0 290.1327581511583 9.504847840186663 290.11142814292555 9.56260517182995 66.75412049092736 183.7741799972534 -999.0 6231.0 -999.0 -1 -999 {-999.0 -999.0 -999.0 -999.0 -999.0} "" -999.0 -999.0 -999.0 -999.0 -999 -999 "" "" "" "" 0 0 0.0 0.0 -999 ""
FIBERMAP 787 R+9C16 APOGEE 1 1 0 1 0 0 157.8674406145158 190.41382697987666 143.1 231.34751868346194 87.56194320638485 103.65961 52.31116 290.9474013964062 8.836923808202556 -2.5038502 -3.3400166 0.2564045 290.9473938526083 8.836913864588952 290.92777455294265 8.89671395093926 66.12143714501497 181.69232561206522 16000.0 16600.0 2016.0 2 88 {-999.0 18.936525 18.354292 12.998511 -999.0} sdss_psfmag_gaia 16.731792 13.489537 11.985812 7.883 63050395675548302 1154787443 bright_1x1 mwm_galactic_core_dist_apogee_sparse mwm_galactic science 0 0 0.0 0.0 -999 ""
FIBERMAP 787 R+9C16 BOSS 0 0 0 1 0 0 158.5582760114155 190.12891497413645 143.1 231.80742185778138 86.97287481531444 103.65961 52.31116 -999.0 -999.0 -999.0 -999.0 -999.0 290.94949407592435 8.834148723694424 290.9298840693487 8.894044816337923 66.11882115680896 181.68701326541233 -999.0 5400.0 -999.0 1 227 {-999.0 -999.0 -999.0 -999.0 -999.0} "" -999.0 -999.0 -999.0 -999.0 -999 -999 "" "" "" "" 0 0 0.0 0.0 -999 ""
FIBERMAP 787 R+9C16 METROLOGY 0 0 0 1 0 0 157.9770557874106 189.66969029879556 143.1 231.0751532793657 86.86076050636692 103.65961 52.31116 -999.0 -999.0 -999.0 -999.0 -999.0 290.94617306846567 8.83369748066376 290.92656342868185 8.893559905088253 66.11825399853818 181.69508424283575 -999.0 6231.0 -999.0 -1 -999 {-999.0 -999.0 -999.0 -999.0 -999.0} "" -999.0 -999.0 -999.0 -999.0 -999 -999 "" "" "" "" 0 0 0.0 0.0 -999 ""
FIBERMAP 789 R+2C9 APOGEE 1 1 0 1 0 0 -79.59518987936231 51.02417271141481 143.1 -43.99667612104817 83.6928861145555 71.29458 93.89435 289.6845250173772 8.825908264477883 2.3482938 -0.62650186 0.33227572 289.68453209229114 8.825906399309737 289.664899085233 8.882609735661687 66.04752018848525 184.76522289269832 16000.0 16600.0 2016.0 2 109 {-999.0 15.699269 17.512783 14.37909 -999.0} sdss_psfmag_ps1 14.942572 13.098774 11.826274 8.492 63050395675296339 1154164452 bright_1x1 mwm_galactic_core_dist_apogee_sparse mwm_galactic science 0 0 0.0 0.0 -999 ""
FIBERMAP 789 R+2C9 BOSS 0 0 0 1 0 0 -78.86202107098156 50.8582070185132 143.1 -43.44119338282891 83.18632403073669 71.29458 93.89435 -999.0 -999.0 -999.0 -999.0 -999.0 289.68705538844847 8.82355096061055 289.66743490491655 8.880351425279754 66.04544454415255 184.7586740857899 -999.0 5400.0 -999.0 1 53 {-999.0 -999.0 -999.0 -999.0 -999.0} "" -999.0 -999.0 -999.0 -999.0 -999 -999 "" "" "" "" 0 0 0.0 0.0 -999 ""
FIBERMAP 789 R+2C9 METROLOGY 0 0 0 1 0 0 -79.36943488030684 50.30998974990703 143.1 -44.15325864255292 82.96036373998001 71.29458 93.89435 -999.0 -999.0 -999.0 -999.0 -999.0 289.68377924403893 8.82254558319132 289.66415937736576 8.879312492888964 66.04417952593451 184.76644402052497 -999.0 6231.0 -999.0 -1 -999 {-999.0 -999.0 -999.0 -999.0 -999.0} "" -999.0 -999.0 -999.0 -999.0 -999 -999 "" "" "" "" 0 0 0.0 0.0 -999 ""
FIBERMAP 790 R+6C16 APOGEE 0 0 0 1 0 0 96.39385658489866 108.39056833884538 143.1 137.3692342395474 46.617090896762 237.59026 83.24504 -999.0 -999.0 -999.0 -999.0 -999.0 290.51858774938347 8.654372640811477 290.49941189164184 8.713153147597206 65.92410715781767 182.71867583129355 -999.0 16600.0 -999.0 2 -999 {-999.0 -999.0 -999.0 -999.0 -999.0} "" -999.0 -999.0 -999.0 -999.0 -999 -999 "" "" "" "" 0 0 0.0 0.0 -999 ""
FIBERMAP 790 R+6C16 BOSS 1 1 0 1 0 0 95.7923444842356 108.87109251481031 143.1 137.0836483546196 47.332108561087466 237.59026 83.24504 290.51734845106404 8.657579669495615 -3.1885602 -7.7841096 0.054384865 290.5173388489437 8.657556495306068 290.4981587471384 8.71642460938937 65.92732593682838 182.7220339038905 5400.0 5400.0 2016.0 1 215 {-999.0 16.255016 15.367077 15.090458 -999.0} sdss_psfmag_ps1 15.890421 15.355789 14.641792 13.665 63050395674985164 1093383553 bright_3x1 mwm_astar_core_boss mwm_ob science 0 0 0.0 0.0 -999 ""
FIBERMAP 790 R+6C16 METROLOGY 0 0 0 1 0 0 96.50505373084542 109.12833332530457 143.1 137.83044636359017 47.20363091551467 237.59026 83.24504 -999.0 -999.0 -999.0 -999.0 -999.0 290.52075062946346 8.656976757627813 290.5015709638235 8.715827486892126 65.92686535853325 182.71371265781482 -999.0 6231.0 -999.0 -1 -999 {-999.0 -999.0 -999.0 -999.0 -999.0} "" -999.0 -999.0 -999.0 -999.0 -999 -999 "" "" "" "" 0 0 0.0 0.0 -999 ""
FIBERMAP 791 R+7C20 APOGEE 1 1 0 1 0 0 191.1990397829173 130.26165088808955 143.1 230.60817587787756 18.790979709657144 270.64722 17.93243 290.9432470662127 8.525621344339424 -6.056038 -6.07901 0.33544645 290.94322883523387 8.525603246427114 290.92438905698555 8.585444613836641 65.81018163502318 181.6813987264428 16000.0 16600.0 2016.0 2 76 {-999.0 14.708437 13.12915 12.4067135 -999.0} sdss_psfmag_from_g3xp 14.025273 12.98337 11.981151 9.651 63050395675472269 1152366909 bright_1x1 mwm_galactic_core_dist_apogee_sparse mwm_galactic science 0 0 0.0 0.0 -999 ""
FIBERMAP 791 R+7C20 BOSS 0 0 0 1 0 0 190.8958086460028 130.94018578819293 143.1 230.67977980267705 19.53078698142677 270.64722 17.93243 -999.0 -999.0 -999.0 -999.0 -999.0 290.9436001995218 8.528864667314533 290.9247545969587 8.588798120282087 65.81354311668821 181.68072086832257 -999.0 5400.0 -999.0 1 250 {-999.0 -999.0 -999.0 -999.0 -999.0} "" -999.0 -999.0 -999.0 -999.0 -999 -999 "" "" "" "" 0 0 0.0 0.0 -999 ""
FIBERMAP 791 R+7C20 METROLOGY 0 0 0 1 0 0 191.63630453568987 130.86995395901818 143.1 231.288935133121 19.103844618850278 270.64722 17.93243 -999.0 -999.0 -999.0 -999.0 -999.0 290.9463440258491 8.526938493872716 290.92750266751887 8.586852986707077 65.81166622543168 181.6739727940335 -999.0 6231.0 -999.0 -1 -999 {-999.0 -999.0 -999.0 -999.0 -999.0} "" -999.0 -999.0 -999.0 -999.0 -999 -999 "" "" "" "" 0 0 0.0 0.0 -999 ""
FIBERMAP 792 R-7C14 APOGEE 1 1 0 1 0 0 67.57019352013663 -147.03053148001513 143.1 -13.89536305487889 -161.22831804662113 242.94557 99.34494 289.8206892918868 7.711880879805919 -2.3698564 -8.636056 1.9906179 289.82068217215715 7.711855169274159 289.803858422021 7.769078425794639 64.94565868309304 184.2550079039681 16000.0 16600.0 2016.0 2 184 {-999.0 18.465258 16.561169 15.674687 -999.0} sdss_psfmag_ps1 17.534693 16.270943 15.167705 12.623 63050395674567288 1009266244 bright_3x1 mwm_yso_pms_apogee_sagitta_edr3 mwm_yso science 0 0 0.0 0.0 -999 ""
FIBERMAP 792 R-7C14 BOSS 0 0 0 1 0 0 66.8574258890418 -146.8284284722429 143.1 -14.415251784520269 -160.70041493484828 242.94557 99.34494 -999.0 -999.0 -999.0 -999.0 -999.0 289.81829040465334 7.714096264372394 289.80146751520874 7.7714085157444455 64.94783487547315 184.2609376087859 -999.0 5400.0 -999.0 1 326 {-999.0 -999.0 -999.0 -999.0 -999.0} "" -999.0 -999.0 -999.0 -999.0 -999 -999 "" "" "" "" 0 0 0.0 0.0 -999 ""
FIBERMAP 792 R-7C14 METROLOGY 0 0 0 1 0 0 67.40275198823544 -146.30613074667443 143.1 -13.683028770680862 -160.51572384611308 242.94557 99.34494 -999.0 -999.0 -999.0 -999.0 -999.0 289.8216529524525 7.7149600501490445 289.80482620099417 7.772253422570036 64.94888775338028 184.25321978527705 -999.0 6231.0 -999.0 -1 -999 {-999.0 -999.0 -999.0 -999.0 -999.0} "" -999.0 -999.0 -999.0 -999.0 -999 -999 "" "" "" "" 0 0 0.0 0.0 -999 ""
FIBERMAP 793 R+7C1 APOGEE 1 1 0 1 0 0 -204.10343488008897 150.13246572083796 143.1 -103.28679475128973 231.38598920737 87.40105 84.60016 289.4149025052418 9.49278532411515 -3.8339536 -6.133342 -0.12032224 289.41489093265085 9.49276706445112 289.39355910511165 9.548697209564635 66.69113092745195 185.55882828215448 16000.0 16600.0 2016.0 2 97 {-999.0 23.173187 19.515884 16.713757 -999.0} sdss_psfmag_ps1 21.144121 17.065878 15.481235 10.304 63050395676615824 1156816745 bright_1x1 mwm_galactic_core_dist_apogee_extra mwm_galactic science 0 0 0.0 0.0 -999 ""
FIBERMAP 793 R+7C1 BOSS 0 0 0 1 0 0 -203.36950518785238 150.0342417710084 143.1 -102.69717949006069 230.93795220176395 87.40105 84.60016 -999.0 -999.0 -999.0 -999.0 -999.0 289.4175616997584 9.490703686508626 289.3962425077713 9.546728478971994 66.6893873577031 185.55175278679482 -999.0 5400.0 -999.0 1 82 {-999.0 -999.0 -999.0 -999.0 -999.0} "" -999.0 -999.0 -999.0 -999.0 -999 -999 "" "" "" "" 0 0 0.0 0.0 -999 ""
FIBERMAP 793 R+7C1 METROLOGY 0 0 0 1 0 0 -203.8196159283231 149.43637509564334 143.1 -103.38395166882849 230.64050882814834 87.40105 84.60016 -999.0 -999.0 -999.0 -999.0 -999.0 289.41441272617465 9.489380566765847 289.3930946979425 9.545372953667533 66.68778020830516 185.55928757123442 -999.0 6231.0 -999.0 -1 -999 {-999.0 -999.0 -999.0 -999.0 -999.0} "" -999.0 -999.0 -999.0 -999.0 -999 -999 "" "" "" "" 0 0 0.0 0.0 -999 ""
FIBERMAP 795 R+5C3 APOGEE 1 1 0 1 0 0 -194.63237020213867 107.771274429967 143.1 -115.98226688312032 189.87357723226273 99.91803 128.355 289.3555944967941 9.306308897633865 -2.8632026 -6.840332 -0.027591594 289.35558585902015 9.306288533178664 289.3347255626296 9.362102756698738 66.50034794758265 185.66526138288705 16000.0 16600.0 2016.0 2 130 {-999.0 21.528814 17.963295 15.359156 -999.0} sdss_psfmag_ps1 19.4178 15.670708 14.120431 9.22 63050395675434547 1154165226 bright_1x1 mwm_galactic_core_dist_apogee_sparse mwm_galactic science 0 0 0.0 0.0 -999 ""
FIBERMAP 795 R+5C3 BOSS 0 0 0 1 0 0 -194.1589354878222 108.32628865953333 143.1 -115.29638788434588 190.12223638108102 99.91803 128.355 -999.0 -999.0 -999.0 -999.0 -999.0 289.3587056202909 9.307364301849926 289.33785019136684 9.363274552176978 66.50177480210465 185.6578036346672 -999.0 5400.0 -999.0 1 28 {-999.0 -999.0 -999.0 -999.0 -999.0} "" -999.0 -999.0 -999.0 -999.0 -999 -999 "" "" "" "" 0 0 0.0 0.0 -999 ""
FIBERMAP 795 R+5C3 METROLOGY 0 0 0 1 0 0 -193.9010855813411 107.62703376190005 143.1 -115.41768818174084 189.38683589359 99.91803 128.355 -999.0 -999.0 -999.0 -999.0 -999.0 289.3581370970661 9.304071618664414 289.33728786739636 9.359955930491312 66.49842129653284 185.6584908580796 -999.0 6231.0 -999.0 -1 -999 {-999.0 -999.0 -999.0 -999.0 -999.0} "" -999.0 -999.0 -999.0 -999.0 -999 -999 "" "" "" "" 0 0 0.0 0.0 -999 ""
FIBERMAP 796 R-1C17 APOGEE 0 0 0 1 0 0 69.08191410459727 -31.81661617144539 143.1 44.345828718915214 -61.79746427597829 248.52397 99.634964 -999.0 -999.0 -999.0 -999.0 -999.0 290.08953317238974 8.162505511549309 290.0715819227074 8.220314613200603 65.4117096458998 183.68775362795347 -999.0 16600.0 -999.0 2 -999 {-999.0 -999.0 -999.0 -999.0 -999.0} "" -999.0 -999.0 -999.0 -999.0 -999 -999 "" "" "" "" 0 0 0.0 0.0 -999 ""
FIBERMAP 796 R-1C17 BOSS 1 1 0 1 0 0 68.3525547168809 -31.681720406053863 143.1 43.778306714744915 -61.3197995229691 248.52397 99.634964 290.086957198862 8.164578402138853 -2.7617862 -6.1930647 0.11149107 290.0869488925159 8.164559964672986 290.0689976440882 8.22245570905846 65.41370764151232 183.69417324808717 5400.0 5400.0 2016.0 1 280 {-999.0 15.461714 14.289124 13.662203 -999.0} sdss_psfmag_from_g3xp 15.005078 14.174213 13.265356 12.031 63050395674900980 1093276786 bright_3x1 mwm_astar_core_boss mwm_ob science 0 0 0.0 0.0 -999 ""
FIBERMAP 796 R-1C17 METROLOGY 0 0 0 1 0 0 68.83161585784835 -31.113755752737518 143.1 44.47547661223386 -61.06266005666514 248.52397 99.634964 -999.0 -999.0 -999.0 -999.0 -999.0 290.09015642132886 8.16575474197836 290.07220071709935 8.223631713322503 65.41505525351224 183.6867194779224 -999.0 6231.0 -999.0 -1 -999 {-999.0 -999.0 -999.0 -999.0 -999.0} "" -999.0 -999.0 -999.0 -999.0 -999 -999 "" "" "" "" 0 0 0.0 0.0 -999 ""
FIBERMAP 800 R+11C7 APOGEE 1 1 0 1 0 0 -18.506909565618386 211.66447127969144 143.1 88.4909713713523 193.1851471651907 11.457865 99.53452 290.29521394091284 9.31956866764926 -3.9686174 -6.3087673 0.20763564 290.295201967844 9.319549885723244 290.27434338498375 9.377673380996406 66.57795156739084 183.34433447863344 16000.0 16600.0 2016.0 2 16 {-999.0 22.749914 19.064074 15.929443 -999.0} sdss_psfmag_ps1 20.562834 16.154135 14.536899 9.448 63050395676102455 1154165945 bright_1x1 mwm_galactic_core_dist_apogee_sparse mwm_galactic science 0 0 0.0 0.0 -999 ""
FIBERMAP 800 R+11C7 BOSS 0 0 0 1 0 0 -18.245095295627983 210.96580659194626 143.1 88.37340968406758 192.4483010845348 11.457865 99.53452 -999.0 -999.0 -999.0 -999.0 -999.0 290.29467705314073 9.316190030676932 290.27383136960754 9.37440118565877 66.57465830387198 183.34519421197763 -999.0 5400.0 -999.0 1 112 {-999.0 -999.0 -999.0 -999.0 -999.0} "" -999.0 -999.0 -999.0 -999.0 -999 -999 "" "" "" "" 0 0 0.0 0.0 -999 ""
FIBERMAP 800 R+11C7 METROLOGY 0 0 0 1 0 0 -18.979571227646392 211.0824355461462 143.1 87.79241331380344 192.9126110230062 11.457865 99.53452 -999.0 -999.0 -999.0 -999.0 -999.0 290.29200820898035 9.318315351313553 290.271155794202 9.376494551635643 66.57661765751308 183.35208858148428 -999.0 6231.0 -999.0 -1 -999 {-999.0 -999.0 -999.0 -999.0 -999.0} "" -999.0 -999.0 -999.0 -999.0 -999 -999 "" "" "" "" 0 0 0.0 0.0 -999 ""
FIBERMAP 804 R-6C16 APOGEE 0 0 0 1 0 0 95.3229273323476 -120.55286495747282 143.1 23.317982873385603 -151.91867108105757 220.58507 87.44447 -999.0 -999.0 -999.0 -999.0 -999.0 289.99148653701917 7.75356325282672 289.9745605694905 7.8111996191691375 64.99786304063583 183.86194380151537 -999.0 16600.0 -999.0 2 -999 {-999.0 -999.0 -999.0 -999.0 -999.0} "" -999.0 -999.0 -999.0 -999.0 -999 -999 "" "" "" "" 0 0 0.0 0.0 -999 ""
FIBERMAP 804 R-6C16 BOSS 1 1 0 1 0 0 94.85423922665395 -119.95040637087384 143.1 23.20813396475413 -151.16326003211148 220.58507 87.44447 289.9909973144531 7.756831680236559 -999.0 -999.0 -999.0 289.9909973144531 7.75683168023656 289.9740687114017 7.814561396190399 65.00119145109156 183.86354992476512 5400.0 5400.0 2015.5 1 305 {-999.0 -999.0 -999.0 -999.0 -999.0} "" -999.0 -999.0 -999.0 -999.0 27021603150990564 851825453 "" ops_sky_boss_fallback ops_sky sky_boss 0 0 0.0 0.0 -999 ""
FIBERMAP 804 R-6C16 METROLOGY 0 0 0 1 0 0 95.59067041503356 -119.85646304608427 143.1 23.89487338545477 -151.44544475671904 220.58507 87.44447 -999.0 -999.0 -999.0 -999.0 -999.0 289.9941433908993 7.755585378594977 289.97721631589457 7.813296091577708 65.00010638427214 183.85601184955888 -999.0 6231.0 -999.0 -1 -999 {-999.0 -999.0 -999.0 -999.0 -999.0} "" -999.0 -999.0 -999.0 -999.0 -999 -999 "" "" "" "" 0 0 0.0 0.0 -999 ""
FIBERMAP 805 R0C18 APOGEE 0 0 0 1 0 0 91.32856736365947 13.963418471584959 143.1 86.30889867008213 -32.983993618711374 91.46455 108.622894 -999.0 -999.0 -999.0 -999.0 -999.0 290.2829278007373 8.293127793383714 290.26465268139196 8.351390116242182 65.55242779349693 183.24418817554283 -999.0 16600.0 -999.0 2 -999 {-999.0 -999.0 -999.0 -999.0 -999.0} "" -999.0 -999.0 -999.0 -999.0 -999 -999 "" "" "" "" 0 0 0.0 0.0 -999 ""
FIBERMAP 805 R0C18 BOSS 1 1 0 1 0 0 92.03263680598512 14.233489104966878 143.1 87.05452358947412 -33.09704691772649 91.46455 108.622894 290.2863933695407 8.292507331877054 -1.0822338 -4.559674 0.16398965 290.286390113564 8.292493757203816 290.268121203498 8.350857456196739 65.55206058848229 183.23584412891404 5400.0 5400.0 2016.0 1 241 {-999.0 17.401217 16.122406 15.463665 -999.0} sdss_psfmag_ps1 16.831823 15.963389 14.9606 13.142 63050395674783917 1093384015 bright_3x1 mwm_astar_core_boss mwm_ob science 0 0 0.0 0.0 -999 ""
FIBERMAP 805 R0C18 METROLOGY 0 0 0 1 0 0 91.91075125543517 13.496809538249241 143.1 86.58455426530226 -33.67736207039217 91.46455 108.622894 -999.0 -999.0 -999.0 -999.0 -999.0 290.28421337439386 8.289887933797067 290.26594965283937 8.348220437534936 65.54932346492714 183.24072318142376 -999.0 6231.0 -999.0 -1 -999 {-999.0 -999.0 -999.0 -999.0 -999.0} "" -999.0 -999.0 -999.0 -999.0 -999 -999 "" "" "" "" 0 0 0.0 0.0 -999 ""
FIBERMAP 806 R+4C22 APOGEE 0 0 0 1 0 0 220.64451876250598 90.55913930774295 143.1 236.59397745673132 -30.27900924776505 107.43182 113.78184 -999.0 -999.0 -999.0 -999.0 -999.0 290.9690826158643 8.303140209320182 290.9507999933778 8.363081726127238 65.58852158111887 181.6047678937324 -999.0 16600.0 -999.0 2 -999 {-999.0 -999.0 -999.0 -999.0 -999.0} "" -999.0 -999.0 -999.0 -999.0 -999 -999 "" "" "" "" 0 0 0.0 0.0 -999 ""
FIBERMAP 806 R+4C22 BOSS 1 1 0 1 0 0 221.17573319310029 91.0592440931893 143.1 237.30296501388145 -30.10664226155902 107.43182 113.78184 290.97233242961664 8.30383272821548 -3.7381284 -6.7448597 0.2329867 290.97232118286956 8.30381264799235 290.9540392041033 8.363854666001961 65.58937039750576 181.59706021136202 5400.0 5400.0 2016.0 1 236 {-999.0 17.230978 15.815116 15.326152 -999.0} sdss_psfmag_ps1 16.553846 15.775547 14.78994 12.605 63050395674820438 1093384056 bright_3x1 mwm_astar_core_boss mwm_ob science 0 0 0.0 0.0 -999 ""
FIBERMAP 806 R+4C22 METROLOGY 0 0 0 1 0 0 221.35457304064226 90.3300434705652 143.1 237.09816988772403 -30.829041800885374 107.43182 113.78184 -999.0 -999.0 -999.0 -999.0 -999.0 290.9713669255971 8.30057127176184 290.9530923801274 8.360585233473987 65.58607968140518 181.5991384271845 -999.0 6231.0 -999.0 -1 -999 {-999.0 -999.0 -999.0 -999.0 -999.0} "" -999.0 -999.0 -999.0 -999.0 -999 -999 "" "" "" "" 0 0 0.0 0.0 -999 ""
FIBERMAP 808 R-9C5 APOGEE 1 1 0 1 0 0 -122.34378505727321 -172.70122690481844 143.1 -191.70819039647185 -89.71305055019118 241.31552 32.524094 289.00700014894505 8.038717457143656 0.21389697 -6.6306276 3.0494392 289.0070007920603 8.038697717002673 288.98934350698596 8.093859852719342 65.20694891287297 186.22341507965163 16000.0 16600.0 2016.0 2 287 {-999.0 9.825169 9.791106 9.81475 -999.0} sdss_psfmag_gaia 9.878948 9.749373 9.498841 9.147 63050395675035051 975480303 "" ops_std_apogee ops_std standard_apogee 0 0 0.0 0.0 -999 ""
FIBERMAP 808 R-9C5 BOSS 0 0 0 1 0 0 -122.39437908899166 -171.94712819551552 143.1 -191.37958427343366 -89.03236805079347 241.31552 32.524094 -999.0 -999.0 -999.0 -999.0 -999.0 289.0084327981058 8.041661377192108 288.9907775263824 8.096920446477338 65.21012720989104 186.22071536611543 -999.0 5400.0 -999.0 1 412 {-999.0 -999.0 -999.0 -999.0 -999.0} "" -999.0 -999.0 -999.0 -999.0 -999 -999 "" "" "" "" 0 0 0.0 0.0 -999 ""
FIBERMAP 808 R-9C5 METROLOGY 0 0 0 1 0 0 -121.71626504247419 -172.2898227777143 143.1 -190.959292387468 -89.66539246479327 241.31552 32.524094 -999.0 -999.0 -999.0 -999.0 -999.0 289.0103639645299 8.038817655433842 288.9927134169794 8.094055353469992 65.20745058584883 186.21553534769498 -999.0 6231.0 -999.0 -1 -999 {-999.0 -999.0 -999.0 -999.0 -999.0} "" -999.0 -999.0 -999.0 -999.0 -999 -999 "" "" "" "" 0 0 0.0 0.0 -999 ""
FIBERMAP 809 R+9C1 APOGEE 1 1 0 1 0 0 -198.7350470216707 168.49557630355886 143.1 -89.54587107235278 244.70010052294364 187.47067 140.81462 289.47821890775475 9.552513347820563 -5.9260197 -3.5628195 0.2988255 289.47820101724193 9.55250274089679 289.45671977264294 9.608579252423652 66.75589157631403 185.414104397335 16000.0 16600.0 2016.0 2 120 {-999.0 18.154993 15.254068 13.915447 -999.0} sdss_psfmag_ps1 16.498457 14.243266 12.882299 8.958 63050395676622348 1154168404 bright_1x1 mwm_galactic_core_dist_apogee_sparse mwm_galactic science 0 0 0.0 0.0 -999 ""
FIBERMAP 809 R+9C1 BOSS 0 0 0 1 0 0 -199.38687578973122 168.86652211841388 143.1 -89.92934924345381 245.34470175287422 187.47067 140.81462 -999.0 -999.0 -999.0 -999.0 -999.0 289.4764514419798 9.555298421881208 289.45497019607427 9.61145761223467 66.75862172463886 185.4190484949603 -999.0 5400.0 -999.0 1 78 {-999.0 -999.0 -999.0 -999.0 -999.0} "" -999.0 -999.0 -999.0 -999.0 -999 -999 "" "" "" "" 0 0 0.0 0.0 -999 ""
FIBERMAP 809 R+9C1 METROLOGY 0 0 0 1 0 0 -198.73720973518192 169.25042602834495 143.1 -89.17478314274642 245.35750629441966 187.47067 140.81462 -999.0 -999.0 -999.0 -999.0 -999.0 289.47991108775915 9.55538860503511 289.45842770902084 9.611531523613568 66.75896974808484 185.4104525797293 -999.0 6231.0 -999.0 -1 -999 {-999.0 -999.0 -999.0 -999.0 -999.0} "" -999.0 -999.0 -999.0 -999.0 -999 -999 "" "" "" "" 0 0 0.0 0.0 -999 ""
FIBERMAP 816 R+4C16 APOGEE 0 0 0 1 0 0 99.43237303848396 93.22109502924174 143.1 132.51602614547548 31.926007862657862 97.240166 71.64399 -999.0 -999.0 -999.0 -999.0 -999.0 290.49613549960833 8.58769603733798 290.47712640082045 8.646432527192884 65.85654524199892 182.765915497874 -999.0 16600.0 -999.0 2 -999 {-999.0 -999.0 -999.0 -999.0 -999.0} "" -999.0 -999.0 -999.0 -999.0 -999 -999 "" "" "" "" 0 0 0.0 0.0 -999 ""
FIBERMAP 816 R+4C16 BOSS 1 1 0 1 0 0 100.14821639607598 93.09015763131634 143.1 133.07375185916607 31.458463105155246 97.240166 71.64399 290.4987358461375 8.585479464677778 0.15913054 -0.2101488 0.34431323 290.49873632525635 8.585478839040643 290.479736650081 8.644313580641064 65.85453386576427 182.75939969771278 5400.0 5400.0 2016.0 1 211 {-999.0 18.387684 17.20459 16.61853 16.192358} sdss_psfmag_from_ps1dr2 17.9216 17.144 16.2484 14.6 63050395674964103 1040151353 "" ops_std_boss_ps1dr2 ops_std standard_boss 0 0 0.0 0.0 -999 ""
FIBERMAP 816 R+4C16 METROLOGY 0 0 0 1 0 0 99.67834801063009 92.51670998284345 143.1 132.38186587875907 31.192014102604706 97.240166 71.64399 -999.0 -999.0 -999.0 -999.0 -999.0 290.4955516507946 8.584306061334303 290.4765537725543 8.643107255340434 65.85319953314257 182.7669646105917 -999.0 6231.0 -999.0 -1 -999 {-999.0 -999.0 -999.0 -999.0 -999.0} "" -999.0 -999.0 -999.0 -999.0 -999 -999 "" "" "" "" 0 0 0.0 0.0 -999 ""
FIBERMAP 818 R+7C11 APOGEE 1 1 0 1 0 0 10.594671961268425 118.01893384746727 143.1 67.52471106684617 97.38194815885217 301.64157 79.46051 290.19833400120257 8.88669321804875 -0.24250853 -5.1730046 0.13891274 290.1983332704548 8.886677817419077 290.17856279373115 8.94463444175967 66.14065135641643 183.5247323580912 16000.0 16600.0 2016.0 2 19 {-999.0 19.946398 16.86239 20.142778 -999.0} sdss_psfmag_ps1 18.264343 14.630749 13.100686 8.542 63050395675321856 1156814151 bright_1x1 mwm_galactic_core_dist_apogee_extra mwm_galactic science 0 0 0.0 0.0 -999 ""
FIBERMAP 818 R+7C11 BOSS 0 0 0 1 0 0 9.900976910550588 117.72149039964279 143.1 66.77458181286433 97.4660750167539 301.64157 79.46051 -999.0 -999.0 -999.0 -999.0 -999.0 290.1949082553283 8.88702927255788 290.17514153952425 8.945067658159507 66.14090690294333 183.53313212711038 -999.0 5400.0 -999.0 1 135 {-999.0 -999.0 -999.0 -999.0 -999.0} "" -999.0 -999.0 -999.0 -999.0 -999 -999 "" "" "" "" 0 0 0.0 0.0 -999 ""
FIBERMAP 818 R+7C11 METROLOGY 0 0 0 1 0 0 9.982821435105551 118.45130799917266 143.1 67.20634523969214 98.06020785083454 301.64157 79.46051 -999.0 -999.0 -999.0 -999.0 -999.0 290.19689635052947 8.88973632364211 290.1771215142377 8.947753566657672 66.14369165514032 183.52865119082566 -999.0 6231.0 -999.0 -1 -999 {-999.0 -999.0 -999.0 -999.0 -999.0} "" -999.0 -999.0 -999.0 -999.0 -999 -999 "" "" "" "" 0 0 0.0 0.0 -999 ""
FIBERMAP 819 R+10C16 APOGEE 0 0 0 1 0 0 143.74208252020313 187.51862965123064 143.1 217.63510083114596 92.02387301508661 215.6086 107.88873 -999.0 -999.0 -999.0 -999.0 -999.0 290.88524506825866 8.857678530855479 290.8655714138661 8.917323214449208 66.1404247290794 181.8454790527492 -999.0 16600.0 -999.0 2 -999 {-999.0 -999.0 -999.0 -999.0 -999.0} "" -999.0 -999.0 -999.0 -999.0 -999 -999 "" "" "" "" 0 0 0.0 0.0 -999 ""
FIBERMAP 819 R+10C16 BOSS 1 1 0 1 0 0 143.13893347375264 187.9688945710057 143.1 217.33314064784295 92.71338925139504 215.6086 107.88873 290.88390489104586 8.860742388541809 -0.43730006 -3.6864777 0.22922495 290.8839035734284 8.860731413473864 290.8642247407839 8.920462628999068 66.14352645741565 181.84898016337448 5400.0 5400.0 2016.0 1 177 {-999.0 18.22296 16.950184 16.343344 15.871177} sdss_psfmag_from_ps1dr2 17.705 16.8873 15.9636 14.194 63050395675651335 1040152607 "" ops_std_boss_ps1dr2 ops_std standard_boss 0 0 0.0 0.0 -999 ""
FIBERMAP 819 R+10C16 METROLOGY 0 0 0 1 0 0 143.8158516456054 188.26107163323945 143.1 218.06608040784872 92.63297269611382 215.6086 107.88873 -999.0 -999.0 -999.0 -999.0 -999.0 290.8872237806368 8.860359387997008 290.86754526787485 8.920073187770791 66.14322705626341 181.8408459443757 -999.0 6231.0 -999.0 -1 -999 {-999.0 -999.0 -999.0 -999.0 -999.0} "" -999.0 -999.0 -999.0 -999.0 -999 -999 "" "" "" "" 0 0 0.0 0.0 -999 ""
FIBERMAP 820 R+4C5 APOGEE 1 1 0 1 0 0 -171.42907365883133 60.75462058387386 143.1 -119.03789450254548 137.52822540442722 307.20227 15.950358 289.3403840107378 9.070052751032724 -3.2057369 -5.655138 -0.14768657 289.3403743460469 9.070035915036387 289.32011311550366 9.125851147766413 66.26371980457174 185.6515994770887 16000.0 16600.0 2016.0 2 127 {-999.0 23.121685 19.254417 16.759495 -999.0} sdss_psfmag_ps1 20.644888 17.067772 15.510914 10.455 63050395675397504 1154164873 bright_1x1 mwm_galactic_core_dist_apogee_sparse mwm_galactic science 0 0 0.0 0.0 -999 ""
FIBERMAP 820 R+4C5 BOSS 0 0 0 1 0 0 -172.03465402140773 61.17833067188188 143.1 -119.3550893422321 138.19585368230213 307.20227 15.950358 -999.0 -999.0 -999.0 -999.0 -999.0 289.33888903905705 9.073005049905383 289.3186277962192 9.12890563752622 66.26664048567847 185.6558666332579 -999.0 5400.0 -999.0 1 41 {-999.0 -999.0 -999.0 -999.0 -999.0} "" -999.0 -999.0 -999.0 -999.0 -999 -999 "" "" "" "" 0 0 0.0 0.0 -999 ""
FIBERMAP 820 R+4C5 METROLOGY 0 0 0 1 0 0 -171.3631292591726 61.50010396328425 143.1 -118.61221573368654 138.14383572916066 307.20227 15.950358 -999.0 -999.0 -999.0 -999.0 -999.0 289.34230391830187 9.072794907008012 289.32204114057873 9.128678587624975 66.26669689601874 185.64747546594648 -999.0 6231.0 -999.0 -1 -999 {-999.0 -999.0 -999.0 -999.0 -999.0} "" -999.0 -999.0 -999.0 -999.0 -999 -999 "" "" "" "" 0 0 0.0 0.0 -999 ""
FIBERMAP 824 R-6C7 APOGEE 1 1 0 1 0 0 -86.3858302731383 -123.99999565404772 143.1 -136.37987608222898 -65.1343197029882 240.08466 159.75856 289.25918723888793 8.149406999169642 -3.4667656 -6.227658 -0.06872252 289.25917681264195 8.149388458716073 289.24124397159443 8.205154929035736 65.3397283480118 185.6529683276247 16000.0 16600.0 2016.0 2 280 {-999.0 20.23274 17.2288 15.685666 -999.0} sdss_psfmag_ps1 18.450167 16.18557 14.806402 10.933 63050395675042666 1154163542 bright_1x1 mwm_galactic_core_dist_apogee_sparse mwm_galactic science 0 0 0.0 0.0 -999 ""
FIBERMAP 824 R-6C7 BOSS 0 0 0 1 0 0 -86.95185135923559 -124.50094073760098 143.1 -137.11954299991348 -65.29021948630432 240.08466 159.75856 -999.0 -999.0 -999.0 -999.0 -999.0 289.25573209584144 8.148570920377974 289.23780913761766 8.20442249006788 65.33871378328874 185.66094043445025 -999.0 5400.0 -999.0 1 438 {-999.0 -999.0 -999.0 -999.0 -999.0} "" -999.0 -999.0 -999.0 -999.0 -999 -999 "" "" "" "" 0 0 0.0 0.0 -999 ""
FIBERMAP 824 R-6C7 METROLOGY 0 0 0 1 0 0 -87.09726387722186 -123.77251856589764 143.1 -136.88606764640653 -64.58501312243298 240.08466 159.75856 -999.0 -999.0 -999.0 -999.0 -999.0 289.2568099478618 8.151802849158178 289.238876588422 8.207630045512458 65.34199858501134 185.65906125307677 -999.0 6231.0 -999.0 -1 -999 {-999.0 -999.0 -999.0 -999.0 -999.0} "" -999.0 -999.0 -999.0 -999.0 -999 -999 "" "" "" "" 0 0 0.0 0.0 -999 ""
FIBERMAP 825 R+3C17 APOGEE 0 0 0 1 0 0 83.23069037961746 58.47556325073432 143.1 101.26112702553654 9.720172307364049 209.69258 80.61527 -999.0 -999.0 -999.0 -999.0 -999.0 290.3523596806639 8.487284468758258 290.333598679603 8.54568498186153 65.74971625619307 183.10113215867932 -999.0 16600.0 -999.0 2 -999 {-999.0 -999.0 -999.0 -999.0 -999.0} "" -999.0 -999.0 -999.0 -999.0 -999 -999 "" "" "" "" 0 0 0.0 0.0 -999 ""
FIBERMAP 825 R+3C17 BOSS 1 1 0 1 0 0 82.9483105007121 59.15318685780467 143.1 101.35041072420765 10.448884687694274 209.69258 80.61527 290.3528293302478 8.49052547720824 -0.9609444 -4.319964 0.2866462 290.3528264377044 8.490512616178808 290.33406161953764 8.54900566258073 65.75305447584074 183.10039073043353 5400.0 5400.0 2016.0 1 219 {-999.0 18.514753 17.249813 16.636574 16.182575} sdss_psfmag_from_ps1dr2 18.0168 17.1844 16.2781 14.672 63050395674958772 1040151347 "" ops_std_boss_ps1dr2 ops_std standard_boss 0 0 0.0 0.0 -999 ""
FIBERMAP 825 R+3C17 METROLOGY 0 0 0 1 0 0 83.68634112733669 59.06636302782864 143.1 101.9492244787364 10.008733759852495 209.69258 80.61527 -999.0 -999.0 -999.0 -999.0 -999.0 290.3555620571639 8.488523660031069 290.336801090346 8.546997698464258 65.75117308839233 183.0935765105187 -999.0 6231.0 -999.0 -1 -999 {-999.0 -999.0 -999.0 -999.0 -999.0} "" -999.0 -999.0 -999.0 -999.0 -999 -999 "" "" "" "" 0 0 0.0 0.0 -999 ""
FIBERMAP 827 R+5C13 APOGEE 1 1 0 1 0 0 51.30578412620662 93.11660368691227 143.1 90.61862495506632 55.614318946910096 25.384945 73.61654 290.3041138929531 8.696354425519946 -4.068405 -7.1103597 -0.19974996 290.3041016399776 8.696333257161324 290.2848137881334 8.754580826402961 65.95611078591224 183.24293389523277 16000.0 16600.0 2016.0 2 3 {-999.0 20.087835 17.15292 14.829021 -999.0} sdss_psfmag_ps1 18.507236 15.24266 13.750115 9.322 63050395675000584 1154163373 bright_1x1 mwm_galactic_core_dist_apogee_sparse mwm_galactic science 0 0 0.0 0.0 -999 ""
FIBERMAP 827 R+5C13 BOSS 0 0 0 1 0 0 51.40959706343009 92.38284150726683 143.1 90.34634054476169 54.925023674656074 25.384945 73.61654 -999.0 -999.0 -999.0 -999.0 -999.0 290.30288056939867 8.69313841048268 290.28360508856656 8.751474562031738 65.95295060912106 183.24549512623716 -999.0 5400.0 -999.0 1 148 {-999.0 -999.0 -999.0 -999.0 -999.0} "" -999.0 -999.0 -999.0 -999.0 -999 -999 "" "" "" "" 0 0 0.0 0.0 -999 ""
FIBERMAP 827 R+5C13 METROLOGY 0 0 0 1 0 0 50.714266981666164 92.64905496712427 143.1 89.87329038881757 55.50005460213825 25.384945 73.61654 -999.0 -999.0 -999.0 -999.0 -999.0 290.30070586700634 8.695784904909033 290.28142240860456 8.754089472196501 65.9554584809495 183.251092670887 -999.0 6231.0 -999.0 -1 -999 {-999.0 -999.0 -999.0 -999.0 -999.0} "" -999.0 -999.0 -999.0 -999.0 -999 -999 "" "" "" "" 0 0 0.0 0.0 -999 ""
FIBERMAP 828 R-2C18 APOGEE 0 0 0 1 0 0 107.32185032743081 -32.78666379159299 143.1 77.11592069631733 -81.53512264262444 47.88247 172.60898 -999.0 -999.0 -999.0 -999.0 -999.0 290.23974862648663 8.07238462921157 290.2220266528611 8.130577677571596 65.32982468198725 183.31972470417233 -999.0 16600.0 -999.0 2 -999 {-999.0 -999.0 -999.0 -999.0 -999.0} "" -999.0 -999.0 -999.0 -999.0 -999 -999 "" "" "" "" 0 0 0.0 0.0 -999 ""
FIBERMAP 828 R-2C18 BOSS 1 1 0 1 0 0 107.87156795790497 -32.29130085589663 143.1 77.83865374167445 -81.37602102666615 47.88247 172.60898 290.24310841877417 8.072980167246257 -2.3637419 -3.696101 0.43644106 290.24310131120694 8.072969163528617 290.2253825498428 8.131264072034606 65.33067346095459 183.31185586614964 5400.0 5400.0 2016.0 1 294 {-999.0 18.47635 17.401836 16.916565 -999.0} sdss_psfmag_ps1 18.088999 17.315483 16.416561 14.727 63050395674759481 980289865 "" ops_std_boss_red ops_std standard_boss 0 0 0.0 0.0 -999 ""
FIBERMAP 828 R-2C18 METROLOGY 0 0 0 1 0 0 108.02719121104235 -33.02988430556724 143.1 77.60903591040989 -82.09510764473868 47.88247 172.60898 -999.0 -999.0 -999.0 -999.0 -999.0 290.24202662075527 8.069736428762669 290.22431467193167 8.128002679754198 65.32736411151512 183.31400174678882 -999.0 6231.0 -999.0 -1 -999 {-999.0 -999.0 -999.0 -999.0 -999.0} "" -999.0 -999.0 -999.0 -999.0 -999 -999 "" "" "" "" 0 0 0.0 0.0 -999 ""
FIBERMAP 830 R+9C18 APOGEE 1 1 0 1 0 0 204.36697120514944 158.3055136268436 143.1 255.91397765708018 36.66872036150475 17.996042 31.968304 291.0579498645869 8.60579312769615 -3.1159127 -6.6819944 0.117839485 291.0579404825268 8.605773234630165 291.03890388588076 8.665881705434412 65.89319453175838 181.40922809831858 16000.0 16600.0 2016.0 2 52 {-999.0 17.281603 15.262166 13.974867 -999.0} sdss_psfmag_ps1 16.25513 14.566969 13.33727 10.275 63050395675478777 1154165261 bright_1x1 mwm_galactic_core_dist_apogee_sparse mwm_galactic science 0 0 0.0 0.0 -999 ""
FIBERMAP 830 R+9C18 BOSS 0 0 0 1 0 0 203.8984109467212 157.73574916054025 143.1 255.2250489314394 36.40482752253326 17.996042 31.968304 -999.0 -999.0 -999.0 -999.0 -999.0 291.05484198425233 8.60451345523953 291.03581033567946 8.66470595926746 65.89195490276713 181.41665334271863 -999.0 5400.0 -999.0 1 169 {-999.0 -999.0 -999.0 -999.0 -999.0} "" -999.0 -999.0 -999.0 -999.0 -999 -999 "" "" "" "" 0 0 0.0 0.0 -999 ""
FIBERMAP 830 R+9C18 METROLOGY 0 0 0 1 0 0 203.62907503810774 158.430466872865 143.1 255.33412041466818 37.141958145601514 17.996042 31.968304 -999.0 -999.0 -999.0 -999.0 -999.0 291.0553414563265 8.607869803420687 291.03630087572526 8.668037060436625 65.89529546197947 181.4156377330325 -999.0 6231.0 -999.0 -1 -999 {-999.0 -999.0 -999.0 -999.0 -999.0} "" -999.0 -999.0 -999.0 -999.0 -999 -999 "" "" "" "" 0 0 0.0 0.0 -999 ""
FIBERMAP 831 R-6C18 APOGEE 0 0 0 1 0 0 149.30178702709534 -131.02654874818316 143.1 65.07726108893495 -187.69622511293005 264.3113 92.51079 -999.0 -999.0 -999.0 -999.0 -999.0 290.18206663004963 7.59170945509176 290.1655487498293 7.649841303146467 64.84690130597838 183.39562731966862 -999.0 16600.0 -999.0 2 -999 {-999.0 -999.0 -999.0 -999.0 -999.0} "" -999.0 -999.0 -999.0 -999.0 -999 -999 "" "" "" "" 0 0 0.0 0.0 -999 ""
FIBERMAP 831 R-6C18 BOSS 1 1 0 1 0 0 148.54734941466185 -131.00393679048963 143.1 64.43245471800293 -187.30379938257474 264.3113 92.51079 290.17913818359375 7.593336632958028 -999.0 -999.0 -999.0 290.17913818359375 7.593336632958028 290.16262114310547 7.651556812177231 64.84846867758034 183.40264863977896 5400.0 5400.0 2015.5 1 288 {-999.0 -999.0 -999.0 -999.0 -999.0} "" -999.0 -999.0 -999.0 -999.0 27021603150812538 852958864 "" ops_sky_boss_fallback ops_sky sky_boss 0 0 0.0 0.0 -999 ""
FIBERMAP 831 R-6C18 METROLOGY 0 0 0 1 0 0 148.94075437142163 -130.37361888820664 143.1 65.08595559591518 -186.95012175379625 264.3113 92.51079 -999.0 -999.0 -999.0 -999.0 -999.0 290.18213551440874 7.594964346495009 290.1656129677752 7.653164460863581 64.85022346317415 183.39587069840036 -999.0 6231.0 -999.0 -1 -999 {-999.0 -999.0 -999.0 -999.0 -999.0} "" -999.0 -999.0 -999.0 -999.0 -999 -999 "" "" "" "" 0 0 0.0 0.0 -999 ""
FIBERMAP 835 R+3C22 APOGEE 1 1 0 1 0 0 225.1949560600525 59.286220889700544 143.1 225.09872386038046 -59.71897291801762 1.7224681 120.86026 290.91606932666133 8.169978159638763 -1.5374645 -4.709385 0.12257028 290.9160647025217 8.169964139258255 290.89811354241976 8.22979819688063 65.45399232507302 181.7226159879419 16000.0 16600.0 2016.0 2 31 {-999.0 16.594027 14.527137 12.13082 -999.0} sdss_psfmag_from_g3xp 15.835151 12.746997 11.231971 7.302 63050395663104240 1152354938 bright_1x1 mwm_galactic_core_dist_apogee_sparse mwm_galactic science 0 0 0.0 0.0 -999 ""
FIBERMAP 835 R+3C22 BOSS 0 0 0 1 0 0 225.61709825243886 58.660632450052624 143.1 225.1566730113339 -60.47149707179943 1.7224681 120.86026 -999.0 -999.0 -999.0 -999.0 -999.0 290.9163298956526 8.16645405457633 290.8983898765034 8.226382626145778 65.45058485315602 181.7217478042668 -999.0 5400.0 -999.0 1 192 {-999.0 -999.0 -999.0 -999.0 -999.0} "" -999.0 -999.0 -999.0 -999.0 -999 -999 "" "" "" "" 0 0 0.0 0.0 -999 ""
FIBERMAP 835 R+3C22 METROLOGY 0 0 0 1 0 0 224.8710457387504 58.609041004225055 143.1 224.48249381088624 -60.1477337890196 1.7224681 120.86026 -999.0 -999.0 -999.0 -999.0 -999.0 290.9132828238984 8.167954810768924 290.89533830369515 8.227849239768064 65.45197372464925 181.72910506605584 -999.0 6231.0 -999.0 -1 -999 {-999.0 -999.0 -999.0 -999.0 -999.0} "" -999.0 -999.0 -999.0 -999.0 -999 -999 "" "" "" "" 0 0 0.0 0.0 -999 ""
FIBERMAP 837 R+1C18 APOGEE 1 1 0 1 0 0 82.75490909307926 25.686939114072615 143.1 84.64670288510688 -18.5542525393981 202.54158 66.56074 290.2755470057535 8.358844379616466 0.6080728 -2.5329025 0.26619318 290.27554883549345 8.358836838874497 290.2571085185776 8.417070152691474 65.6176707752656 183.2698973234495 16000.0 16600.0 2016.0 2 69 {-999.0 16.862322 14.4253025 13.059786 -999.0} sdss_psfmag_from_g3xp 15.570677 13.747845 12.486342 9.16 63050395674917207 1152366496 bright_1x1 mwm_galactic_core_dist_apogee_sparse mwm_galactic science 0 0 0.0 0.0 -999 ""
FIBERMAP 837 R+1C18 BOSS 0 0 0 1 0 0 82.76729300671789 26.41714974391727 143.1 85.01826493368205 -17.925457742589703 202.54158 66.56074 -999.0 -999.0 -999.0 -999.0 -999.0 290.277306125108 8.361592335528506 290.25886345639145 8.419921972863428 65.62060337206059 183.26603135757657 -999.0 5400.0 -999.0 1 231 {-999.0 -999.0 -999.0 -999.0 -999.0} "" -999.0 -999.0 -999.0 -999.0 -999 -999 "" "" "" "" 0 0 0.0 0.0 -999 ""
FIBERMAP 837 R+1C18 METROLOGY 0 0 0 1 0 0 83.40782186923565 26.048986160064644 143.1 85.39329259638623 -18.562056599198186 202.54158 66.56074 -999.0 -999.0 -999.0 -999.0 -999.0 290.27901176878083 8.35871639740257 290.26057507765483 8.417024500850362 65.61779123789402 183.26159476973027 -999.0 6231.0 -999.0 -1 -999 {-999.0 -999.0 -999.0 -999.0 -999.0} "" -999.0 -999.0 -999.0 -999.0 -999 -999 "" "" "" "" 0 0 0.0 0.0 -999 ""
FIBERMAP 838 R-8C6 APOGEE 0 0 0 1 0 0 -81.71941172161267 -155.2715860603621 143.1 -147.77362852756357 -94.63043457440911 304.1652 160.63202 -999.0 -999.0 -999.0 -999.0 -999.0 289.2072748573866 8.015671677122418 289.1896789519267 8.07133224709056 65.20207606765302 185.74756646143325 -999.0 16600.0 -999.0 2 -999 {-999.0 -999.0 -999.0 -999.0 -999.0} "" -999.0 -999.0 -999.0 -999.0 -999 -999 "" "" "" "" 0 0 0.0 0.0 -999 ""
FIBERMAP 838 R-8C6 BOSS 1 1 0 1 0 0 -81.51503896098092 -155.9704451849364 143.1 -147.94123132367594 -95.33906808404514 304.1652 160.63202 289.2064633459038 8.012358353753573 -0.8157773 -7.1007805 0.8236567 289.2064608932988 8.012337213913465 289.1888813695553 8.068090403743206 65.19877879542175 185.7487850681058 5400.0 5400.0 2016.0 1 411 {-999.0 17.476427 16.309958 15.823715 -999.0} sdss_psfmag_ps1 17.003649 16.229435 15.361051 13.815 63050395675037095 981900088 "" ops_std_boss_tic ops_std standard_boss 0 0 0.0 0.0 -999 ""
FIBERMAP 838 R-8C6 METROLOGY 0 0 0 1 0 0 -82.23754287884564 -155.80843062298356 143.1 -148.48939324419496 -94.84121096632252 304.1652 160.63202 -999.0 -999.0 -999.0 -999.0 -999.0 289.20396352053217 8.01463597966821 289.18637600677835 8.070355942802015 65.200824979644 185.7551369241674 -999.0 6231.0 -999.0 -1 -999 {-999.0 -999.0 -999.0 -999.0 -999.0} "" -999.0 -999.0 -999.0 -999.0 -999 -999 "" "" "" "" 0 0 0.0 0.0 -999 ""
FIBERMAP 839 R+3C1 APOGEE 1 1 0 1 0 0 -250.89983857655085 45.351013818345976 143.1 -195.74809862795067 163.40108881282012 308.76917 107.260895 288.99064356944575 9.185117331622154 -1.9450785 39.810093 7.8913484 288.990637703507 9.185235850846906 288.9700712534276 9.240169078810002 66.34633085415307 186.53367780421613 16000.0 16600.0 2016.0 2 143 {-999.0 15.855895 14.427358 13.476214 -999.0} sdss_psfmag_from_g3xp 15.27191 14.130792 13.064889 11.041 63050395676589445 1068874005 bright_18x1 mwm_bin_rv_short_mdwarf_apogee_18epoch mwm_bin science 0 0 0.0 0.0 -999 ""
FIBERMAP 839 R+3C1 BOSS 0 0 0 1 0 0 -251.29245910725302 44.73310672851279 143.1 -196.3947853167225 163.05781472701818 308.76917 107.260895 -999.0 -999.0 -999.0 -999.0 -999.0 288.98766200129006 9.183593218911584 288.9671104263541 9.238608249077872 66.34449394541701 186.5405497551902 -999.0 5400.0 -999.0 1 3 {-999.0 -999.0 -999.0 -999.0 -999.0} "" -999.0 -999.0 -999.0 -999.0 -999 -999 "" "" "" "" 0 0 0.0 0.0 -999 ""
FIBERMAP 839 R+3C1 METROLOGY 0 0 0 1 0 0 -251.64629028867031 45.40306950648051 143.1 -196.37141327187055 163.81516988214824 308.76917 107.260895 -999.0 -999.0 -999.0 -999.0 -999.0 288.9877997339758 9.187023477126708 288.96723694462906 9.242013037577491 66.34789478197781 186.54106352668944 -999.0 6231.0 -999.0 -1 -999 {-999.0 -999.0 -999.0 -999.0 -999.0} "" -999.0 -999.0 -999.0 -999.0 -999 -999 "" "" "" "" 0 0 0.0 0.0 -999 ""
FIBERMAP 840 R+10C12 APOGEE 0 0 0 1 0 0 56.38776180816119 179.95832243368463 143.1 137.94553819466705 128.6116721533806 264.30936 80.95827 -999.0 -999.0 -999.0 -999.0 -999.0 290.52189390900423 9.026353633090121 290.5017830633452 9.085081003894459 66.29582341463077 182.75018667949848 -999.0 16600.0 -999.0 2 -999 {-999.0 -999.0 -999.0 -999.0 -999.0} "" -999.0 -999.0 -999.0 -999.0 -999 -999 "" "" "" "" 0 0 0.0 0.0 -999 ""
FIBERMAP 840 R+10C12 BOSS 1 1 0 1 0 0 55.66041637806739 180.12402273064993 143.1 137.39498771684484 129.1151261678695 264.30936 80.95827 290.519414578192 9.028613169753354 -1.8125914 -5.2510924 0.058965195 290.51940911420076 9.028597536647265 290.49929630856184 9.087408062797454 66.29804807490606 182.75652693089899 5400.0 5400.0 2016.0 1 141 {-999.0 16.73276 15.529831 14.868559 -999.0} sdss_psfmag_ps1 16.22536 15.332993 14.329838 12.647 63050395675693587 1093384016 bright_3x1 mwm_astar_core_boss mwm_ob science 0 0 0.0 0.0 -999 ""
FIBERMAP 840 R+10C12 METROLOGY 0 0 0 1 0 0 56.173901230981144 180.67311305620288 143.1 138.11276308568512 129.33884589657157 264.30936 80.95827 -999.0 -999.0 -999.0 -999.0 -999.0 290.52269039943127 9.029603101837774 290.50257406485053 9.08839610486548 66.29916765375933 182.74858213033608 -999.0 6231.0 -999.0 -1 -999 {-999.0 -999.0 -999.0 -999.0 -999.0} "" -999.0 -999.0 -999.0 -999.0 -999 -999 "" "" "" "" 0 0 0.0 0.0 -999 ""
FIBERMAP 842 R-4C20 APOGEE 0 0 0 1 0 0 174.83946072261577 -56.96626033783567 143.1 123.87501951082994 -135.91932887836282 165.343 36.70486 -999.0 -999.0 -999.0 -999.0 -999.0 290.452515277286 7.82540272452781 290.4354160681392 7.884159109784525 65.09321864599717 182.78965027247517 -999.0 16600.0 -999.0 2 -999 {-999.0 -999.0 -999.0 -999.0 -999.0} "" -999.0 -999.0 -999.0 -999.0 -999 -999 "" "" "" "" 0 0 0.0 0.0 -999 ""
FIBERMAP 842 R-4C20 BOSS 1 1 0 1 0 0 175.5019756346927 -56.68129883924794 143.1 124.59187054251797 -135.9989027255477 165.343 36.70486 290.45580014580025 7.824982236107175 6.9663343 -25.394857 2.292382 290.4558210803051 7.824906632695751 290.4387265971845 7.883766033946942 65.09296119602475 182.78183209267422 5400.0 5400.0 2016.0 1 286 {-999.0 19.70011 18.071554 17.071543 -999.0} sdss_psfmag_ps1 18.768747 17.650763 16.504124 14.336 63050395662983781 1096591475 bright_1x1 mwm_bin_vis_boss mwm_filler science 0 0 0.0 0.0 -999 ""
FIBERMAP 842 R-4C20 METROLOGY 0 0 0 1 0 0 175.4346343141188 -57.41618297172865 143.1 124.17021420737635 -136.60460685706437 165.343 36.70486 -999.0 -999.0 -999.0 -999.0 -999.0 290.45386777891474 7.8222014877627215 290.43677943585305 7.8810296528932335 65.09014761879759 182.7861396790893 -999.0 6231.0 -999.0 -1 -999 {-999.0 -999.0 -999.0 -999.0 -999.0} "" -999.0 -999.0 -999.0 -999.0 -999 -999 "" "" "" "" 0 0 0.0 0.0 -999 ""
FIBERMAP 846 R+1C13 APOGEE 1 1 0 1 0 0 -10.065391079596175 28.25549271626879 143.1 5.209136642989547 29.541248438686623 42.79412 149.5199 289.91029574643835 8.578997070398408 -2.577596 -4.7967277 0.016921818 289.9105867078625 8.578982789988471 289.8915832449553 8.6362830168139 65.81659330963402 184.17700734321195 16000.0 16600.0 2016.0 2 131 {-999.0 19.577858 18.059082 14.452741 -999.0} sdss_psfmag_ps1 18.89592 14.13256 12.275401 6.515 63050395675261250 1154164519 bright_1x1 mwm_galactic_core_dist_apogee_sparse mwm_galactic science 0 0 1.0633668899536133 0.0 -999 ""
FIBERMAP 846 R+1C13 BOSS 0 0 0 1 0 0 -9.34914139853595 28.451565112704543 143.1 5.928789955723166 29.35783591884512 42.79412 149.5199 -999.0 -999.0 -999.0 -999.0 -999.0 289.9138974679563 8.578063991985942 289.89490207462677 8.63546408031778 65.81597902251582 184.16888929406844 -999.0 5400.0 -999.0 1 13 {-999.0 -999.0 -999.0 -999.0 -999.0} "" -999.0 -999.0 -999.0 -999.0 -999 -999 "" "" "" "" 0 0 0.0 0.0 -999 ""
FIBERMAP 846 R+1C13 METROLOGY 0 0 0 1 0 0 -9.532483487827708 27.72947660952642 143.1 5.412593939265894 28.82057304947531 42.79412 149.5199 -999.0 -999.0 -999.0 -999.0 -999.0 289.91151390736155 8.575645423675983 289.8925229280302 8.63301410741174 65.81338821431268 184.1742496933844 -999.0 6231.0 -999.0 -1 -999 {-999.0 -999.0 -999.0 -999.0 -999.0} "" -999.0 -999.0 -999.0 -999.0 -999 -999 "" "" "" "" 0 0 0.0 0.0 -999 ""
FIBERMAP 847 R+5C22 APOGEE 1 1 0 1 0 0 218.7598205250253 95.83472309079511 143.1 237.5618899616997 -24.760699391466783 205.90588 92.008095 290.9736328760208 8.328136321268921 -1.5028719 -6.2776794 0.6505198 290.9736283541141 8.32811763189526 290.9552833341935 8.388066121790883 65.61360420862948 181.59546906711512 16000.0 16600.0 2016.0 2 74 {-999.0 17.042187 15.785085 15.263906 -999.0} sdss_psfmag_ps1 16.483177 15.736119 14.777361 12.797 63050395674821198 917016302 bright_3x1 mwm_yso_variable_apogee mwm_yso science 0 0 0.0 0.0 -999 ""
FIBERMAP 847 R+5C22 BOSS 0 0 0 1 0 0 218.39117435599897 96.49680386210383 143.1 237.56848599644718 -24.00287756316632 205.90588 92.008095 -999.0 -999.0 -999.0 -999.0 -999.0 290.97370842557785 8.33145425494654 290.9553573750048 8.391494942224945 65.61703380397259 181.59548806544836 -999.0 5400.0 -999.0 1 248 {-999.0 -999.0 -999.0 -999.0 -999.0} "" -999.0 -999.0 -999.0 -999.0 -999 -999 "" "" "" "" 0 0 0.0 0.0 -999 ""
FIBERMAP 847 R+5C22 METROLOGY 0 0 0 1 0 0 219.13217906563713 96.48603449202884 143.1 238.20746391897453 -24.378369090088967 205.90588 92.008095 -999.0 -999.0 -999.0 -999.0 -999.0 290.97658025091636 8.329769032738662 290.95823285920346 8.389790792678808 65.61539730484134 181.5885020475688 -999.0 6231.0 -999.0 -1 -999 {-999.0 -999.0 -999.0 -999.0 -999.0} "" -999.0 -999.0 -999.0 -999.0 -999 -999 "" "" "" "" 0 0 0.0 0.0 -999 ""
FIBERMAP 849 R+6C12 APOGEE 0 0 0 1 0 0 13.8835657967051 114.01198068137376 143.1 68.40456357141683 92.27289706725416 147.11697 155.3933 -999.0 -999.0 -999.0 -999.0 -999.0 290.20233209455256 8.863451194647144 290.1826202335847 8.921421451176533 66.11767943483052 183.51184456429976 -999.0 16600.0 -999.0 2 -999 {-999.0 -999.0 -999.0 -999.0 -999.0} "" -999.0 -999.0 -999.0 -999.0 -999 -999 "" "" "" "" 0 0 0.0 0.0 -999 ""
FIBERMAP 849 R+6C12 BOSS 1 1 0 1 0 0 13.472702874063872 114.62977263419488 143.1 68.3525694613125 93.01306917925139 147.11697 155.3933 290.2021307407389 8.866738365590516 -1.1699796 9.570625 1.7300345 290.20212721544596 8.866766858442652 290.18241139544415 8.924826424159718 66.12106901307014 183.512792264857 5400.0 5400.0 2016.0 1 117 {-999.0 17.015488 15.815868 15.31688 -999.0} sdss_psfmag_ps1 16.577118 15.773785 14.819979 12.932 63050395675321728 1096177890 bright_1x1 mwm_bin_vis_boss mwm_filler science 0 0 0.0 0.0 -999 ""
FIBERMAP 849 R+6C12 METROLOGY 0 0 0 1 0 0 14.21149745169173 114.68214693699211 143.1 69.02082473776196 92.69357270455365 147.11697 155.3933 -999.0 -999.0 -999.0 -999.0 -999.0 290.20519427213253 8.865319423649451 290.1854812118565 8.923361126732894 66.11976369985383 183.50512223837774 -999.0 6231.0 -999.0 -1 -999 {-999.0 -999.0 -999.0 -999.0 -999.0} "" -999.0 -999.0 -999.0 -999.0 -999 -999 "" "" "" "" 0 0 0.0 0.0 -999 ""
FIBERMAP 852 R0C15 APOGEE 1 1 0 1 0 0 28.441608111359248 -13.532158115171683 143.1 18.043614769477546 -25.819019128788046 307.45157 103.74417 289.9690246582031 8.326628979292437 -999.0 -999.0 -999.0 289.9690246582031 8.326628979292437 289.95065820755354 8.384114638744599 65.56842919198644 183.99820656434179 16000.0 16600.0 2015.5 2 32 {-999.0 -999.0 -999.0 -999.0 -999.0} "" -999.0 -999.0 -999.0 -999.0 27021603150993706 849034544 "" ops_sky_apogee_good ops_sky sky_apogee 0 0 0.0 0.0 -999 ""
FIBERMAP 852 R0C15 BOSS 0 0 0 1 0 0 27.97181869534667 -14.104699408294522 143.1 17.352245279258515 -26.084719079446867 307.45157 103.74417 -999.0 -999.0 -999.0 -999.0 -999.0 289.96584251632976 8.325319453796903 289.947484786021 8.382890154995831 65.56702063702886 184.00560778779456 -999.0 5400.0 -999.0 1 180 {-999.0 -999.0 -999.0 -999.0 -999.0} "" -999.0 -999.0 -999.0 -999.0 -999 -999 "" "" "" "" 0 0 0.0 0.0 -999 ""
FIBERMAP 852 R0C15 METROLOGY 0 0 0 1 0 0 27.700956546237606 -13.41669614042549 143.1 17.45667212415904 -25.35267251478623 307.45157 103.74417 -999.0 -999.0 -999.0 -999.0 -999.0 289.9663324535561 8.328682125401695 289.9479646915965 8.386227207749892 65.57037999047954 184.00494090919062 -999.0 6231.0 -999.0 -1 -999 {-999.0 -999.0 -999.0 -999.0 -999.0} "" -999.0 -999.0 -999.0 -999.0 -999 -999 "" "" "" "" 0 0 0.0 0.0 -999 ""
FIBERMAP 857 R+13C3 APOGEE 1 1 0 1 0 0 -83.44182328801317 243.5863987651309 143.1 47.80296784535322 253.02516176643817 20.092161 62.576797 290.1081950038496 9.588999124542742 0.3916705 -5.007914 0.67869574 290.1085288139673 9.588984215406654 290.08698119828426 9.646605596472492 66.83661963744159 183.84734142742414 16000.0 16600.0 2016.0 2 106 {-999.0 15.081559 12.471504 10.590224 -999.0} sdss_psfmag_from_g3xp 13.683316 11.278932 9.912411 6.138 63050395676212729 1152367495 bright_1x1 mwm_galactic_core_dist_apogee_sparse mwm_galactic science 0 0 1.1807283163070679 0.0 -999 ""
FIBERMAP 857 R+13C3 BOSS 0 0 0 1 0 0 -83.53622125561796 242.84659986515507 143.1 47.35535755435049 252.42855286190192 20.092161 62.576797 -999.0 -999.0 -999.0 -999.0 -999.0 290.10647206302974 9.586262468676523 290.08493642754775 9.643966498783056 66.83386943445345 183.85207316398152 -999.0 5400.0 -999.0 1 87 {-999.0 -999.0 -999.0 -999.0 -999.0} "" -999.0 -999.0 -999.0 -999.0 -999 -999 "" "" "" "" 0 0 0.0 0.0 -999 ""
FIBERMAP 857 R+13C3 METROLOGY 0 0 0 1 0 0 -84.13672180701803 243.28964164527324 143.1 47.052131295167904 253.11048001140813 20.092161 62.576797 -999.0 -999.0 -999.0 -999.0 -999.0 290.1050829264702 9.589332611006471 290.0835380228708 9.647007988517288 66.83682688404822 183.85601530303495 -999.0 6231.0 -999.0 -1 -999 {-999.0 -999.0 -999.0 -999.0 -999.0} "" -999.0 -999.0 -999.0 -999.0 -999 -999 "" "" "" "" 0 0 0.0 0.0 -999 ""
FIBERMAP 859 R-9C1 APOGEE 1 1 0 1 0 0 -189.652152787335 -164.70427551425033 143.1 -246.2811378041848 -49.502940539472846 58.447163 141.18811 288.75916799419986 8.221545181471518 -4.2075214 -8.473257 0.012373065 288.7591553378502 8.221519955610614 288.74103283351013 8.276038859240103 65.3645046593626 186.8506669675142 16000.0 16600.0 2016.0 2 272 {-999.0 20.41363 17.230577 15.781454 -999.0} sdss_psfmag_ps1 18.580286 16.304146 14.932172 10.965 63050395675141547 1154164009 bright_1x1 mwm_galactic_core_dist_apogee_sparse mwm_galactic science 0 0 0.0 0.0 -999 ""
FIBERMAP 859 R-9C1 BOSS 0 0 0 1 0 0 -188.9460748445196 -164.437977901867 143.1 -245.5356307414104 -49.62026684948964 58.447163 141.18811 -999.0 -999.0 -999.0 -999.0 -999.0 288.76249075080284 8.220883859238338 288.74437941693526 8.275504324060597 65.36430835455326 186.84263300761305 -999.0 5400.0 -999.0 1 419 {-999.0 -999.0 -999.0 -999.0 -999.0} "" -999.0 -999.0 -999.0 -999.0 -999 -999 "" "" "" "" 0 0 0.0 0.0 -999 ""
FIBERMAP 859 R-9C1 METROLOGY 0 0 0 1 0 0 -189.06597348654637 -165.17639806850113 143.1 -246.00473248470766 -50.203077167044626 58.447163 141.18811 -999.0 -999.0 -999.0 -999.0 -999.0 288.76039018284183 8.218279310141943 288.7422827119764 8.272868603913956 65.3614760606402 186.8469444084957 -999.0 6231.0 -999.0 -1 -999 {-999.0 -999.0 -999.0 -999.0 -999.0} "" -999.0 -999.0 -999.0 -999.0 -999 -999 "" "" "" "" 0 0 0.0 0.0 -999 ""
FIBERMAP 865 R-9C11 APOGEE 1 1 0 1 0 0 46.41802226608949 -166.16440272383417 143.1 -41.74101903627347 -167.41389329330542 53.541393 97.61295 289.6930088697778 7.684308005882285 -5.6702375 -7.1635814 0.18229274 289.6929918358624 7.684286679076394 289.67623646493445 7.74120017564704 64.90960317281969 184.54849885710814 16000.0 16600.0 2016.0 2 179 {-999.0 18.657177 16.068672 14.844165 -999.0} sdss_psfmag_ps1 17.253094 15.411338 14.142872 10.64 63050395674534606 1156814105 bright_1x1 mwm_galactic_core_dist_apogee_extra mwm_galactic science 0 0 0.0 0.0 -999 ""
FIBERMAP 865 R-9C11 BOSS 0 0 0 1 0 0 47.07051806773161 -166.51502510423362 143.1 -41.3469191514431 -168.04115300101918 53.541393 97.61295 -999.0 -999.0 -999.0 -999.0 -999.0 289.6947754967305 7.681296674825403 289.67803412293375 7.738310509952311 64.90683987096378 184.54384940897708 -999.0 5400.0 -999.0 1 374 {-999.0 -999.0 -999.0 -999.0 -999.0} "" -999.0 -999.0 -999.0 -999.0 -999 -999 "" "" "" "" 0 0 0.0 0.0 -999 ""
FIBERMAP 865 R-9C11 METROLOGY 0 0 0 1 0 0 46.4353242004468 -166.90861411420994 143.1 -42.09368714585124 -168.06952933037854 53.541393 97.61295 -999.0 -999.0 -999.0 -999.0 -999.0 289.69135780307727 7.681217621857084 289.67461476243255 7.738196005003157 64.9064976412861 184.5518024532997 -999.0 6231.0 -999.0 -1 -999 {-999.0 -999.0 -999.0 -999.0 -999.0} "" -999.0 -999.0 -999.0 -999.0 -999 -999 "" "" "" "" 0 0 0.0 0.0 -999 ""
FIBERMAP 866 R+11C13 APOGEE 1 1 0 1 0 0 84.43993945029636 223.77597720924345 143.1 183.98687133772032 152.85037795902912 191.80283 64.003784 290.73215487280135 9.13392293360159 0.13597496 -4.483304 0.43851173 290.7321552828134 9.133909586289933 290.7117820702837 9.193134304083081 66.41149607506539 182.24361279287044 16000.0 16600.0 2016.0 2 12 {-999.0 17.022076 14.445937 13.54175 -999.0} sdss_psfmag_ps1 15.598465 13.797241 12.54168 9.191 63050395675707792 1154165525 bright_1x1 mwm_galactic_core_dist_apogee_sparse mwm_galactic science 0 0 0.0 0.0 -999 ""
FIBERMAP 866 R+11C13 BOSS 0 0 0 1 0 0 84.61910695953699 224.50665427849026 143.1 184.5036811605843 153.39717117788015 191.80283 64.003784 -999.0 -999.0 -999.0 -999.0 -999.0 290.7345250423693 9.136278201542803 290.7141490151064 9.195597466167913 66.41403569323955 182.23798164683333 -999.0 5400.0 -999.0 1 99 {-999.0 -999.0 -999.0 -999.0 -999.0} "" -999.0 -999.0 -999.0 -999.0 -999 -999 "" "" "" "" 0 0 0.0 0.0 -999 ""
FIBERMAP 866 R+11C13 METROLOGY 0 0 0 1 0 0 85.16095639428696 223.9883262970859 143.1 184.718712007885 152.67876243544475 191.80283 64.003784 -999.0 -999.0 -999.0 -999.0 -999.0 290.73550463065743 9.133050828569626 290.7151359028549 9.192347767000362 66.410820176764 182.23527840383468 -999.0 6231.0 -999.0 -1 -999 {-999.0 -999.0 -999.0 -999.0 -999.0} "" -999.0 -999.0 -999.0 -999.0 -999 -999 "" "" "" "" 0 0 0.0 0.0 -999 ""
FIBERMAP 868 R+9C15 APOGEE 0 0 0 1 0 0 130.4587035174177 194.27904386970724 143.1 209.42557977614098 104.46527886163805 130.33047 40.89299 -999.0 -999.0 -999.0 -999.0 -999.0 290.8479994635711 8.914287766674546 290.82818242138035 8.973832023921755 66.19587258210653 181.94078488195842 -999.0 16600.0 -999.0 2 -999 {-999.0 -999.0 -999.0 -999.0 -999.0} "" -999.0 -999.0 -999.0 -999.0 -999 -999 "" "" "" "" 0 0 0.0 0.0 -999 ""
FIBERMAP 868 R+9C15 BOSS 1 1 0 1 0 0 131.20212964257485 194.17597068035985 143.1 210.02105613634413 104.00833332055197 130.33047 40.89299 290.85073738049766 8.912121275711415 -2.1093795 -0.38712832 1.3478941 290.85073102388964 8.912120123185826 290.8309218720192 8.971761544120229 66.19388083377552 181.93393618458592 5400.0 5400.0 2016.0 1 229 {-999.0 14.708832 14.114109 13.836258 -999.0} sdss_psfmag_from_g3xp 14.55261 14.111662 13.489036 12.428 63050395675666686 981668883 "" ops_std_boss_tic ops_std standard_boss 0 0 0.0 0.0 -999 ""
FIBERMAP 868 R+9C15 METROLOGY 0 0 0 1 0 0 130.73836066188454 193.58734027562923 143.1 209.32697180830024 103.72566931218597 130.33047 40.89299 -999.0 -999.0 -999.0 -999.0 -999.0 290.8475719898149 8.910895368721523 290.8277653297565 8.970503704065905 66.1925337660999 181.9415673658966 -999.0 6231.0 -999.0 -1 -999 {-999.0 -999.0 -999.0 -999.0 -999.0} "" -999.0 -999.0 -999.0 -999.0 -999 -999 "" "" "" "" 0 0 0.0 0.0 -999 ""
FIBERMAP 869 R+10C1 APOGEE 1 1 0 1 0 0 -172.7929860905979 176.51519332370978 143.1 -63.02694654091477 238.85523384541258 330.34277 72.54081 289.599609375 9.526688311690279 -999.0 -999.0 -999.0 289.599609375 9.526688311690279 289.57819854391835 9.583068113170008 66.73982366728497 185.10657185117654 16000.0 16600.0 2015.5 2 115 {-999.0 -999.0 -999.0 -999.0 -999.0} "" -999.0 -999.0 -999.0 -999.0 27021603151013278 849035057 "" ops_sky_apogee_good ops_sky sky_apogee 0 0 0.0 0.0 -999 ""
FIBERMAP 869 R+10C1 BOSS 0 0 0 1 0 0 -173.36220413885871 176.04776094355856 143.1 -63.75283469742235 238.73005275805693 330.34277 72.54081 -999.0 -999.0 -999.0 -999.0 -999.0 289.5962634478209 9.526058971418632 289.57486077832806 9.582518199081047 66.73902533043996 185.1147757566757 -999.0 5400.0 -999.0 1 79 {-999.0 -999.0 -999.0 -999.0 -999.0} "" -999.0 -999.0 -999.0 -999.0 -999 -999 "" "" "" "" 0 0 0.0 0.0 -999 ""
FIBERMAP 869 R+10C1 METROLOGY 0 0 0 1 0 0 -173.48983125200854 176.78866390642742 143.1 -63.49772833229977 239.4373233916161 330.34277 72.54081 -999.0 -999.0 -999.0 -999.0 -999.0 289.5974535353687 9.52924215942323 289.57604091092855 9.585678976845708 66.74226541359741 185.11244590208815 -999.0 6231.0 -999.0 -1 -999 {-999.0 -999.0 -999.0 -999.0 -999.0} "" -999.0 -999.0 -999.0 -999.0 -999 -999 "" "" "" "" 0 0 0.0 0.0 -999 ""
FIBERMAP 870 R0C26 APOGEE 1 1 0 1 0 0 281.2935253215349 -15.622399538768663 143.1 236.86401785088862 -152.56964767217892 0.7457645 54.66479 290.96475597456435 7.750892597312389 -8.886939 -3.4120703 0.17478804 290.96472927317615 7.750882439185963 290.94782513202017 7.810905654271825 65.03642984612908 181.58060890825456 16000.0 16600.0 2016.0 2 38 {-999.0 15.428365 14.062311 13.397169 -999.0} sdss_psfmag_from_g3xp 14.869167 13.939163 12.979647 10.834 63050395662947985 1152354609 bright_1x1 mwm_galactic_core_dist_apogee_sparse mwm_galactic science 0 0 0.0 0.0 -999 ""
FIBERMAP 870 R0C26 BOSS 0 0 0 1 0 0 280.8997580453514 -16.249019670955974 143.1 236.21202899269736 -152.91993109199404 0.7457645 54.66479 -999.0 -999.0 -999.0 -999.0 -999.0 290.96176309819174 7.749208148036503 290.9448653049786 7.809319471299075 65.03477530148174 181.58746648495622 -999.0 5400.0 -999.0 1 173 {-999.0 -999.0 -999.0 -999.0 -999.0} "" -999.0 -999.0 -999.0 -999.0 -999 -999 "" "" "" "" 0 0 0.0 0.0 -999 ""
FIBERMAP 870 R0C26 METROLOGY 0 0 0 1 0 0 280.5493641956269 -15.56855999234744 143.1 236.24357625519718 -152.1551473190546 0.7457645 54.66479 -999.0 -999.0 -999.0 -999.0 -999.0 290.9619513983046 7.752673605585299 290.945044328519 7.812757850458583 65.03821690020581 181.58723789951307 -999.0 6231.0 -999.0 -1 -999 {-999.0 -999.0 -999.0 -999.0 -999.0} "" -999.0 -999.0 -999.0 -999.0 -999 -999 "" "" "" "" 0 0 0.0 0.0 -999 ""
FIBERMAP 871 R-7C18 APOGEE 1 0 0 1 0 0 187.32332033117086 -140.80347474188684 143.1 93.30600776044116 -214.9834978843296 37.184456 55.165375 290.2635162518544 7.503456196381483 -5.0132947 -8.530194 0.024660598 290.31018480400303 7.469019408124303 290.2939753556057 7.527486474117529 64.73078938587645 183.0833387263354 16000.0 16600.0 2016.0 2 234 {-999.0 16.342144 14.077276 12.171909 -999.0} sdss_psfmag_from_g3xp 15.30755 12.910094 11.528927 7.926 63050395662690224 1152354342 bright_1x1 mwm_galactic_core_dist_apogee_sparse mwm_galactic science 0 0 0.0 0.0 -999 ""
FIBERMAP 871 R-7C18 BOSS 0 0 0 1 0 0 187.31567759200942 -141.55728641608792 143.1 92.92690694704572 -215.63515624011956 37.184456 55.165375 -999.0 -999.0 -999.0 -999.0 -999.0 290.3084407301262 7.465968346314744 290.292243339464 7.5245279896110855 64.72775560004379 183.0870404496455 -999.0 5400.0 -999.0 1 276 {-999.0 -999.0 -999.0 -999.0 -999.0} "" -999.0 -999.0 -999.0 -999.0 -999 -999 "" "" "" "" 0 0 0.0 0.0 -999 ""
FIBERMAP 871 R-7C18 METROLOGY 0 0 0 1 0 0 186.66556398943592 -141.1922683474326 143.1 92.54199122477327 -214.99655660575553 37.184456 55.165375 -999.0 -999.0 -999.0 -999.0 -999.0 290.30670627204637 7.468865304197521 290.29050036336287 7.527392890144336 64.73053852167905 183.09139069080015 -999.0 6231.0 -999.0 -1 -999 {-999.0 -999.0 -999.0 -999.0 -999.0} "" -999.0 -999.0 -999.0 -999.0 -999 -999 "" "" "" "" 0 0 0.0 0.0 -999 ""
FIBERMAP 872 R+4C23 APOGEE 1 1 0 1 0 0 261.5216093877537 85.88549877123369 143.1 269.82712767161513 -54.53992684846909 59.27156 81.83667 291.1180389304212 8.192963229518119 -2.9944508 -4.9738064 0.1530117 291.1180299236719 8.192948421924434 291.1000265820089 8.253272308951024 65.48185401232129 181.24269626343573 16000.0 16600.0 2016.0 2 77 {-999.0 15.231966 13.864732 13.284867 -999.0} sdss_psfmag_from_g3xp 14.681714 13.801898 12.884192 10.789 63050395663112648 1152354733 bright_1x1 mwm_galactic_core_dist_apogee_sparse mwm_galactic science 0 0 0.0 0.0 -999 ""
FIBERMAP 872 R+4C23 BOSS 0 0 0 1 0 0 262.07710250912186 85.3942769654056 143.1 270.06741467922285 -55.24150823230458 59.27156 81.83667 -999.0 -999.0 -999.0 -999.0 -999.0 291.1190769585753 8.189683950704946 291.1010834872439 8.250104112904653 65.47870560813432 181.2400356323996 -999.0 5400.0 -999.0 1 247 {-999.0 -999.0 -999.0 -999.0 -999.0} "" -999.0 -999.0 -999.0 -999.0 -999 -999 "" "" "" "" 0 0 0.0 0.0 -999 ""
FIBERMAP 872 R+4C23 METROLOGY 0 0 0 1 0 0 261.3672336497269 85.15137326394841 143.1 269.3301702808086 -55.10196798338228 59.27156 81.83667 -999.0 -999.0 -999.0 -999.0 -999.0 291.11576982844406 8.190348223055482 291.0977741287688 8.250733788347604 65.47927476204501 181.24795359118133 -999.0 6231.0 -999.0 -1 -999 {-999.0 -999.0 -999.0 -999.0 -999.0} "" -999.0 -999.0 -999.0 -999.0 -999 -999 "" "" "" "" 0 0 0.0 0.0 -999 ""
FIBERMAP 875 R+1C7 APOGEE 1 1 0 1 0 0 -134.49801461003239 35.6074351045341 143.1 -99.35169558650374 97.41540595808597 106.130394 56.447815 289.43006478561745 8.888365816026777 -2.1120706 -4.9982023 0.25817484 289.4300584213135 8.888350935803611 289.41026021521367 8.944417062314404 66.0901918696517 185.39511291316748 16000.0 16600.0 2016.0 2 138 {-999.0 21.427391 17.990328 15.930455 -999.0} sdss_psfmag_ps1 19.289635 16.413313 14.941295 10.437 63050395675367893 1154164775 bright_1x1 mwm_galactic_core_dist_apogee_sparse mwm_galactic science 0 0 0.0 0.0 -999 ""
FIBERMAP 875 R+1C7 BOSS 0 0 0 1 0 0 -133.78899476284494 35.36979502857825 143.1 -98.8526242629278 96.85845535043532 106.130394 56.447815 -999.0 -999.0 -999.0 -999.0 -999.0 289.43229458334645 8.885773419594628 289.41251029086243 8.941935767712934 66.08789633094312 185.3891566900745 -999.0 5400.0 -999.0 1 21 {-999.0 -999.0 -999.0 -999.0 -999.0} "" -999.0 -999.0 -999.0 -999.0 -999 -999 "" "" "" "" 0 0 0.0 0.0 -999 ""
FIBERMAP 875 R+1C7 METROLOGY 0 0 0 1 0 0 -134.349405186608 34.867326636373775 143.1 -99.58816540534256 96.69845885258547 106.130394 56.447815 -999.0 -999.0 -999.0 -999.0 -999.0 289.4289226971723 8.885063201617443 289.40913803919005 8.941191767654972 66.08688819237352 185.39720189647085 -999.0 6231.0 -999.0 -1 -999 {-999.0 -999.0 -999.0 -999.0 -999.0} "" -999.0 -999.0 -999.0 -999.0 -999 -999 "" "" "" "" 0 0 0.0 0.0 -999 ""
FIBERMAP 877 R+13C4 APOGEE 1 1 0 1 0 0 -58.11148234023684 254.81721381628276 143.1 75.37664643061936 250.27466051488844 65.02013 45.773746 290.23495958075654 9.575889596845814 -2.3017237 -3.9395652 0.043406773 290.2349526314295 9.575877868307147 290.2134439520647 9.63381175973631 66.8306856291909 183.52911418585776 16000.0 16600.0 2016.0 2 114 {-999.0 21.054922 17.790201 15.963225 -999.0} sdss_psfmag_ps1 19.09939 16.493052 15.06143 10.712 63050395676208051 1154166186 bright_1x1 mwm_galactic_core_dist_apogee_sparse mwm_galactic science 0 0 0.0 0.0 -999 ""
FIBERMAP 877 R+13C4 BOSS 0 0 0 1 0 0 -57.830793789818934 254.1357049335256 143.1 75.2839724322231 249.54340559030925 65.02013 45.773746 -999.0 -999.0 -999.0 -999.0 -999.0 290.23452944046755 9.572543082640578 290.2130337683608 9.630563801561593 66.82742092169653 183.5297069377824 -999.0 5400.0 -999.0 1 86 {-999.0 -999.0 -999.0 -999.0 -999.0} "" -999.0 -999.0 -999.0 -999.0 -999 -999 "" "" "" "" 0 0 0.0 0.0 -999 ""
FIBERMAP 877 R+13C4 METROLOGY 0 0 0 1 0 0 -58.557077723909735 254.21744131810604 143.1 74.69285866690801 249.97332901935965 65.02013 45.773746 -999.0 -999.0 -999.0 -999.0 -999.0 290.2318192255217 9.574502281036553 290.2103171648273 9.632491276741147 66.82920495415084 183.53676159560962 -999.0 6231.0 -999.0 -1 -999 {-999.0 -999.0 -999.0 -999.0 -999.0} "" -999.0 -999.0 -999.0 -999.0 -999 -999 "" "" "" "" 0 0 0.0 0.0 -999 ""
FIBERMAP 880 R-8C1 APOGEE 1 1 0 1 0 0 -200.75492618351 -134.4662921535317 143.1 -240.9944575575912 -17.725362023952467 147.50781 42.89932 288.78273170809314 8.365361441474642 -2.1703262 -5.0614634 0.2017976 288.78272517729795 8.36534637291611 288.7642382902628 8.419899823225716 65.50995081263919 186.8307514879317 16000.0 16600.0 2016.0 2 276 {-999.0 17.967567 15.620279 14.598178 -999.0} sdss_psfmag_ps1 16.688173 15.063561 13.85489 10.685 63050395675157761 1154163955 bright_1x1 mwm_galactic_core_dist_apogee_sparse mwm_galactic science 0 0 0.0 0.0 -999 ""
FIBERMAP 880 R-8C1 BOSS 0 0 0 1 0 0 -200.01662248278666 -134.30695858747168 143.1 -240.27378092791395 -17.951615538103287 147.50781 42.89932 -999.0 -999.0 -999.0 -999.0 -999.0 288.7859457826395 8.364224944406658 288.76747126845004 8.418879127731687 65.5092584979272 186.82282711346045 -999.0 5400.0 -999.0 1 418 {-999.0 -999.0 -999.0 -999.0 -999.0} "" -999.0 -999.0 -999.0 -999.0 -999 -999 "" "" "" "" 0 0 0.0 0.0 -999 ""
FIBERMAP 880 R-8C1 METROLOGY 0 0 0 1 0 0 -200.2499185440822 -135.0189711481582 143.1 -240.82843313002073 -18.45543536884314 147.50781 42.89932 -999.0 -999.0 -999.0 -999.0 -999.0 288.7834510674967 8.361971329894097 288.7649795434377 8.416593483173639 65.50673553512571 186.82818540608366 -999.0 6231.0 -999.0 -1 -999 {-999.0 -999.0 -999.0 -999.0 -999.0} "" -999.0 -999.0 -999.0 -999.0 -999 -999 "" "" "" "" 0 0 0.0 0.0 -999 ""
FIBERMAP 885 R+12C10 APOGEE 0 0 1 1 0 0 44.94901951212375 240.38483040940227 143.1 157.85613145289955 186.80398770692804 9.965719 171.27586 -999.0 -999.0 -999.0 -999.0 -999.0 290.61275437870256 9.28802400542233 290.591988476455 9.34693112518794 66.56097979700228 182.55350624133123 -999.0 16600.0 -999.0 2 -999 {-999.0 -999.0 -999.0 -999.0 -999.0} "" -999.0 -999.0 -999.0 -999.0 -999 -999 "" "" "" "" 0 0 0.0 0.0 -999 ""
FIBERMAP 885 R+12C10 BOSS 1 0 1 1 0 0 45.699456831168156 240.42025521097227 143.1 158.52613533675935 186.46400111086362 9.965719 171.27586 290.58088645141663 9.293464989619558 -1.6447577 -10.326989 0.92145926 290.6158284308571 9.286394062819253 290.595070161349 9.345397492494953 66.55956254075195 182.54572129228876 5400.0 5400.0 2016.0 1 153 {-999.0 16.454906 15.339767 14.842851 -999.0} sdss_psfmag_ps1 16.040333 15.298186 14.443334 12.789 63050395676085339 980290033 "" ops_std_boss_red ops_std standard_boss 0 0 0.0 0.0 -999 ""
FIBERMAP 885 R+12C10 METROLOGY 0 0 1 1 0 0 45.35339524974655 239.75781984861896 143.1 157.89793011626892 186.059005365726 9.965719 171.27586 -999.0 -999.0 -999.0 -999.0 -999.0 290.61296246793495 9.284625252899353 290.59220757498696 9.343596873560989 66.55765615535938 182.55264498950763 -999.0 6231.0 -999.0 -1 -999 {-999.0 -999.0 -999.0 -999.0 -999.0} "" -999.0 -999.0 -999.0 -999.0 -999 -999 "" "" "" "" 0 0 0.0 0.0 -999 ""
FIBERMAP 886 R+3C2 APOGEE 0 0 0 1 0 0 -241.65712911940216 44.18771324194553 143.1 -188.286402143334 157.82281832687613 260.8419 101.287544 -999.0 -999.0 -999.0 -999.0 -999.0 289.02440083696 9.160347689612177 289.0039006739679 9.215368210749338 66.32486016859802 186.44492272745532 -999.0 16600.0 -999.0 2 -999 {-999.0 -999.0 -999.0 -999.0 -999.0} "" -999.0 -999.0 -999.0 -999.0 -999 -999 "" "" "" "" 0 0 0.0 0.0 -999 ""
FIBERMAP 886 R+3C2 BOSS 1 1 0 1 0 0 -242.36924977501982 44.138392895672446 143.1 -188.92995566063564 158.13179071391 260.8419 101.287544 289.0214538574218 9.161647058320014 -999.0 -999.0 -999.0 289.0214538574218 9.161647058320014 289.0009590642917 9.216749244276766 66.32595704730876 186.45245002560625 5400.0 5400.0 2015.5 1 73 {-999.0 -999.0 -999.0 -999.0 -999.0} "" -999.0 -999.0 -999.0 -999.0 27021603151012495 820768753 "" ops_sky_boss_good ops_sky sky_boss 0 0 0.0 0.0 -999 ""
FIBERMAP 886 R+3C2 METROLOGY 0 0 0 1 0 0 -242.06197327418414 44.81442146021831 143.1 -188.3287574788276 158.56776922627662 260.8419 101.287544 -999.0 -999.0 -999.0 -999.0 -999.0 289.02421005401055 9.163649620864422 289.0037077083379 9.2187330170915 66.32819133812396 186.44619633103645 -999.0 6231.0 -999.0 -1 -999 {-999.0 -999.0 -999.0 -999.0 -999.0} "" -999.0 -999.0 -999.0 -999.0 -999 -999 "" "" "" "" 0 0 0.0 0.0 -999 ""
FIBERMAP 891 R+9C3 APOGEE 1 1 0 1 0 0 -152.76769764116295 161.4270362851426 143.1 -53.07008302672305 215.84175497485234 254.4437 104.163666 289.6448368468499 9.423639104153672 -2.928018 -5.9925485 0.1343374 289.6448280105552 9.423621263647636 289.6236804140517 9.480129167483197 66.64053397451801 184.97405010925706 16000.0 16600.0 2016.0 2 99 {-999.0 19.391472 16.531334 15.272509 -999.0} sdss_psfmag_ps1 17.6881 15.731303 14.429534 10.817 63050395675447960 1154165340 bright_1x1 mwm_galactic_core_dist_apogee_sparse mwm_galactic science 0 0 0.0 0.0 -999 ""
FIBERMAP 891 R+9C3 BOSS 0 0 0 1 0 0 -153.5244082481802 161.43755606481506 143.1 -53.7228404518868 216.22478970898487 254.4437 104.163666 -999.0 -999.0 -999.0 -999.0 -999.0 289.6418209058329 9.425289658621674 289.6206755455727 9.481877869958957 66.64205864044177 184.98183093255594 -999.0 5400.0 -999.0 1 58 {-999.0 -999.0 -999.0 -999.0 -999.0} "" -999.0 -999.0 -999.0 -999.0 -999 -999 "" "" "" "" 0 0 0.0 0.0 -999 ""
FIBERMAP 891 R+9C3 METROLOGY 0 0 0 1 0 0 -153.1442501719285 162.07965852643548 143.1 -53.075034948701436 216.59525917305433 254.4437 104.163666 -999.0 -999.0 -999.0 -999.0 -999.0 289.64480749531964 9.426971198635059 289.6236561006028 9.483541550828875 66.64393525401721 184.97474649461668 -999.0 6231.0 -999.0 -1 -999 {-999.0 -999.0 -999.0 -999.0 -999.0} "" -999.0 -999.0 -999.0 -999.0 -999 -999 "" "" "" "" 0 0 0.0 0.0 -999 ""
FIBERMAP 894 R+13C9 APOGEE 1 1 0 1 0 0 22.23698731198524 257.61706611273337 143.1 146.6225419718235 213.00923969196776 148.1331 122.41347 290.5612143271104 9.406186701144225 -3.744065 -3.0224786 0.05307196 290.56120302868567 9.406177702877729 290.54013727399354 9.464939246218886 66.67690223766877 182.69391278999947 16000.0 16600.0 2016.0 2 56 {-999.0 21.052095 17.900835 15.714035 -999.0} sdss_psfmag_ps1 19.220886 16.275368 14.797685 10.339 63050395676094717 1156816057 bright_1x1 mwm_galactic_core_dist_apogee_extra mwm_galactic science 0 0 0.0 0.0 -999 ""
FIBERMAP 894 R+13C9 BOSS 0 0 0 1 0 0 22.216121764227623 258.36276489038437 143.1 146.97284645394572 213.66792977101926 148.1331 122.41347 -999.0 -999.0 -999.0 -999.0 -999.0 290.5627983081121 9.409034098501113 290.5417289351501 9.467887081004935 66.67991057387742 182.69024822840453 -999.0 5400.0 -999.0 1 165 {-999.0 -999.0 -999.0 -999.0 -999.0} "" -999.0 -999.0 -999.0 -999.0 -999 -999 "" "" "" "" 0 0 0.0 0.0 -999 ""
FIBERMAP 894 R+13C9 METROLOGY 0 0 0 1 0 0 22.88167445384971 258.01657603263214 143.1 147.3804898091749 213.0380736249239 148.1331 122.41347 -999.0 -999.0 -999.0 -999.0 -999.0 290.5646652974617 9.40621335484193 290.54360210026783 9.465046442199656 66.67714606786441 182.68529801805335 -999.0 6231.0 -999.0 -1 -999 {-999.0 -999.0 -999.0 -999.0 -999.0} "" -999.0 -999.0 -999.0 -999.0 -999 -999 "" "" "" "" 0 0 0.0 0.0 -999 ""
FIBERMAP 895 R+11C14 APOGEE 1 1 0 1 0 0 132.03376351195487 230.6124478687915 143.1 228.74728230806625 135.2787184948786 110.34732 59.95164 290.93548264466597 9.052380607872857 18.324476 7.5728197 1.843068 290.9355378867879 9.052403153023867 290.915377277728 9.112138824774249 66.3364802819664 181.7363050456503 16000.0 16600.0 2016.0 2 96 {-999.0 13.132624 12.038581 11.536049 -999.0} sdss_psfmag_from_g3xp 12.751396 12.011899 11.155123 9.411 63050395675680688 1149998230 bright_12x1 mwm_bin_rv_short_subgiant_apogee_12epoch mwm_bin science 0 0 0.0 0.0 -999 ""
FIBERMAP 895 R+11C14 BOSS 0 0 0 1 0 0 132.77294741632497 230.48676783283892 143.1 229.3279001259901 134.8042125052702 110.34732 59.95164 -999.0 -999.0 -999.0 -999.0 -999.0 290.9381733260397 9.050148209234418 290.9180212129631 9.109980153799322 66.3343895633363 181.72966452637547 -999.0 5400.0 -999.0 1 88 {-999.0 -999.0 -999.0 -999.0 -999.0} "" -999.0 -999.0 -999.0 -999.0 -999 -999 "" "" "" "" 0 0 0.0 0.0 -999 ""
FIBERMAP 895 R+11C14 METROLOGY 0 0 0 1 0 0 132.30019601770064 229.90882306893334 143.1 228.63128537565885 134.5352777744842 110.34732 59.95164 -999.0 -999.0 -999.0 -999.0 -999.0 290.9350202786033 9.048998589340966 290.91487026999636 9.108797653114003 66.3331273038301 181.73733678244088 -999.0 6231.0 -999.0 -1 -999 {-999.0 -999.0 -999.0 -999.0 -999.0} "" -999.0 -999.0 -999.0 -999.0 -999 -999 "" "" "" "" 0 0 0.0 0.0 -999 ""
FIBERMAP 896 R-8C17 APOGEE 1 1 0 1 0 0 150.0339869188348 -137.31011125996852 143.1 62.60921989650312 -193.52152118464122 154.2044 63.891235 290.1706272201497 7.565499872389002 -0.23075068 -6.971773 2.0152984 290.1706265271458 7.565479116618587 290.15417377280914 7.623587316186682 64.82011222834511 183.41899237168 16000.0 16600.0 2016.0 2 230 {-999.0 15.160395 14.20207 13.756096 -999.0} sdss_psfmag_from_g3xp 14.840263 14.180176 13.391511 11.987 63050395662697601 917144235 bright_3x1 mwm_yso_pms_apogee_zari18pms mwm_yso science 0 0 0.0 0.0 -999 ""
FIBERMAP 896 R-8C17 BOSS 0 0 0 1 0 0 150.58992042941225 -136.83217499972878 143.1 63.32874715682608 -193.38064319843954 154.2044 63.891235 -999.0 -999.0 -999.0 -999.0 -999.0 290.1739305201218 7.565969044717372 290.157481911055 7.624181152682749 64.82087102103556 183.41136580136035 -999.0 5400.0 -999.0 1 275 {-999.0 -999.0 -999.0 -999.0 -999.0} "" -999.0 -999.0 -999.0 -999.0 -999 -999 "" "" "" "" 0 0 0.0 0.0 -999 ""
FIBERMAP 896 R-8C17 METROLOGY 0 0 0 1 0 0 150.74141256655972 -137.56256401604477 143.1 63.09958618421742 -194.09056363842473 154.2044 63.891235 -999.0 -999.0 -999.0 -999.0 -999.0 290.1728622508347 7.562809904356328 290.1564201587874 7.6209927476130375 64.81763354154037 183.41345762731274 -999.0 6231.0 -999.0 -1 -999 {-999.0 -999.0 -999.0 -999.0 -999.0} "" -999.0 -999.0 -999.0 -999.0 -999 -999 "" "" "" "" 0 0 0.0 0.0 -999 ""
FIBERMAP 897 R-6C3 APOGEE 1 1 0 1 0 0 -172.83538564906382 -111.95972374696433 143.1 -205.59817878081176 -11.950978963817443 331.49277 164.67432 288.94317626953125 8.391430103903915 -999.0 -999.0 -999.0 288.94317626953125 8.391430103903913 288.9246259461077 8.446376019778363 65.55190131246826 186.45585975117012 16000.0 16600.0 2015.5 2 298 {-999.0 -999.0 -999.0 -999.0 -999.0} "" -999.0 -999.0 -999.0 -999.0 27021603150996109 849034606 "" ops_sky_apogee_good ops_sky sky_apogee 0 0 0.0 0.0 -999 ""
FIBERMAP 897 R-6C3 BOSS 0 0 0 1 0 0 -172.2965550380745 -112.46893195775144 143.1 -205.3812667379742 -12.65996653250528 331.49277 164.67432 -999.0 -999.0 -999.0 -999.0 -999.0 288.94410632673436 8.388117390523998 288.9255733108276 8.443158617806525 65.54878819140254 186.4528629980921 -999.0 5400.0 -999.0 1 445 {-999.0 -999.0 -999.0 -999.0 -999.0} "" -999.0 -999.0 -999.0 -999.0 -999 -999 "" "" "" "" 0 0 0.0 0.0 -999 ""
FIBERMAP 897 R-6C3 METROLOGY 0 0 0 1 0 0 -173.00831815548375 -112.68397824596182 143.1 -206.10639393947216 -12.495268488749865 331.49277 164.67432 -999.0 -999.0 -999.0 -999.0 -999.0 288.9408221337334 8.388893469515812 288.9222845604571 8.443900244591825 65.54921543268044 186.46085764364565 -999.0 6231.0 -999.0 -1 -999 {-999.0 -999.0 -999.0 -999.0 -999.0} "" -999.0 -999.0 -999.0 -999.0 -999 -999 "" "" "" "" 0 0 0.0 0.0 -999 ""
FIBERMAP 898 R+4C19 APOGEE 1 1 0 1 0 0 177.68695481971722 76.16317205950155 143.1 192.1296473929695 -21.5710440713237 57.08281 42.38619 290.7675272060384 8.34339103741363 -3.3624156 -2.141848 0.40492496 290.7675170886602 8.343384660885432 290.7491282350239 8.402826404750531 65.62278423790016 182.09029993340636 16000.0 16600.0 2016.0 2 90 {-999.0 14.078071 12.449221 11.732791 -999.0} sdss_psfmag_from_g3xp 13.360316 12.313424 11.308452 8.965 63050395674816641 1152366560 bright_1x1 mwm_galactic_core_dist_apogee_sparse mwm_galactic science 0 0 0.0 0.0 -999 ""
FIBERMAP 898 R+4C19 BOSS 0 0 0 1 0 0 177.78185441150768 75.43998123125635 143.1 191.85483614851856 -22.246743568409784 57.08281 42.38619 -999.0 -999.0 -999.0 -999.0 -999.0 290.76629746279554 8.340223604264947 290.74791942409036 8.399755420205073 65.61967763505419 182.0929646767051 -999.0 5400.0 -999.0 1 208 {-999.0 -999.0 -999.0 -999.0 -999.0} "" -999.0 -999.0 -999.0 -999.0 -999 -999 "" "" "" "" 0 0 0.0 0.0 -999 ""
FIBERMAP 898 R+4C19 METROLOGY 0 0 0 1 0 0 177.08977107062702 75.71062114825149 143.1 191.3867961094996 -21.669468066128186 57.08281 42.38619 -999.0 -999.0 -999.0 -999.0 -999.0 290.764171779878 8.342879652289838 290.7457862159798 8.402379590407897 65.62223494383018 182.09827236996912 -999.0 6231.0 -999.0 -1 -999 {-999.0 -999.0 -999.0 -999.0 -999.0} "" -999.0 -999.0 -999.0 -999.0 -999 -999 "" "" "" "" 0 0 0.0 0.0 -999 ""
FIBERMAP 899 R+4C21 APOGEE 1 1 0 1 0 0 194.30548373792695 92.07644956437709 143.1 214.44204611561975 -15.945699688424687 139.44087 92.712975 290.8691169439981 8.368508154117093 -1.5425047 -3.2346509 -0.005526372 290.8691123023625 8.3684985241895 290.8506635170901 8.428184688163707 65.65106602075318 181.8487139940086 16000.0 16600.0 2016.0 2 33 {-999.0 17.392956 15.390489 17.289036 -999.0} sdss_psfmag_ps1 16.334257 14.096165 12.711466 9.267 63050395674835318 1154163027 bright_1x1 mwm_galactic_core_dist_apogee_sparse mwm_galactic science 0 0 0.0 0.0 -999 ""
FIBERMAP 899 R+4C21 BOSS 0 0 0 1 0 0 194.76353083733773 92.66346715730414 143.1 215.13035841894424 -15.66161085006931 139.44087 92.712975 -999.0 -999.0 -999.0 -999.0 -999.0 290.87228545812246 8.369677821910663 290.85383629116575 8.429463962808716 65.6524307119441 181.84118906348337 -999.0 5400.0 -999.0 1 193 {-999.0 -999.0 -999.0 -999.0 -999.0} "" -999.0 -999.0 -999.0 -999.0 -999 -999 "" "" "" "" 0 0 0.0 0.0 -999 ""
FIBERMAP 899 R+4C21 METROLOGY 0 0 0 1 0 0 195.04021488665654 91.9655263456679 143.1 215.0260835775793 -16.40517462666856 139.44087 92.712975 -999.0 -999.0 -999.0 -999.0 -999.0 290.87178443233825 8.366334572591285 290.85334289352903 8.426093865383196 65.64904853878969 181.8421490974313 -999.0 6231.0 -999.0 -1 -999 {-999.0 -999.0 -999.0 -999.0 -999.0} "" -999.0 -999.0 -999.0 -999.0 -999 -999 "" "" "" "" 0 0 0.0 0.0 -999 ""
FIBERMAP 901 R+8C13 APOGEE 0 0 0 1 0 0 78.34539771060935 162.67257410788545 143.1 148.4967443604198 102.73263563200938 38.966667 112.60994 -999.0 -999.0 -999.0 -999.0 -999.0 290.570092328364 8.908788393858512 290.5502789264101 8.967653186540769 66.18039927760164 182.6197919571479 -999.0 16600.0 -999.0 2 -999 {-999.0 -999.0 -999.0 -999.0 -999.0} "" -999.0 -999.0 -999.0 -999.0 -999 -999 "" "" "" "" 0 0 0.0 0.0 -999 ""
FIBERMAP 901 R+8C13 BOSS 1 1 0 1 0 0 79.00305835093188 162.316614849178 143.1 148.8926981092489 102.09818361423379 38.966667 112.60994 290.57168508590155 8.905845085347648 1.7055522 -1.6567508 0.34353286 290.5719427357479 8.905840153009958 290.5521403438122 8.964800103722188 66.17761982647568 182.61496844871218 5400.0 5400.0 2016.0 1 151 {-999.0 14.277723 13.669913 13.311122 -999.0} sdss_psfmag_from_g3xp 14.10943 13.679302 12.944478 11.835 63050395675684882 1093266013 bright_3x1 mwm_astar_core_boss mwm_ob science 0 0 0.898077666759491 0.0 -999 ""
FIBERMAP 901 R+8C13 METROLOGY 0 0 0 1 0 0 78.37315113318307 161.92699263812696 143.1 148.1524868043805 102.07064427853699 38.966667 112.60994 -999.0 -999.0 -999.0 -999.0 -999.0 290.5685474236664 8.90575993004806 290.54874412936067 8.964686025013837 66.17737533706708 182.62325673507584 -999.0 6231.0 -999.0 -1 -999 {-999.0 -999.0 -999.0 -999.0 -999.0} "" -999.0 -999.0 -999.0 -999.0 -999 -999 "" "" "" "" 0 0 0.0 0.0 -999 ""
FIBERMAP 903 R+10C13 APOGEE 0 0 0 1 0 0 95.00671579011555 214.4127539688036 143.1 188.54828502296897 139.48810881823275 138.12515 37.294067 -999.0 -999.0 -999.0 -999.0 -999.0 290.75299464865674 9.073429852229273 290.73277432633137 9.132715487348902 66.35179233648664 182.18694771336394 -999.0 16600.0 -999.0 2 -999 {-999.0 -999.0 -999.0 -999.0 -999.0} "" -999.0 -999.0 -999.0 -999.0 -999 -999 "" "" "" "" 0 0 0.0 0.0 -999 ""
FIBERMAP 903 R+10C13 BOSS 1 1 0 1 0 0 95.739879983824 214.3693128556628 143.1 189.1643026804742 139.08808338138243 138.12515 37.294067 290.75582711352394 9.07154007873396 -0.9790478 -4.959186 -0.084895 290.7558241618676 9.071525314666692 290.7356117456435 9.130907606732102 66.35007630477922 182.1798214864816 5400.0 5400.0 2016.0 1 98 {-999.0 16.441643 15.308448 14.6975355 -999.0} sdss_psfmag_ps1 15.966562 15.168906 14.215328 12.425 63050395675699411 1093384024 bright_3x1 mwm_astar_core_boss mwm_ob science 0 0 0.0 0.0 -999 ""
FIBERMAP 903 R+10C13 METROLOGY 0 0 0 1 0 0 95.33682010352673 213.74365522961847 143.1 188.5047095309314 138.74322829529228 138.12515 37.294067 -999.0 -999.0 -999.0 -999.0 -999.0 290.7528180331636 9.07002184234176 290.732608378499 9.129371687792613 66.34844497832292 182.18708502322178 -999.0 6231.0 -999.0 -1 -999 {-999.0 -999.0 -999.0 -999.0 -999.0} "" -999.0 -999.0 -999.0 -999.0 -999 -999 "" "" "" "" 0 0 0.0 0.0 -999 ""
FIBERMAP 904 R+7C9 APOGEE 1 1 0 1 0 0 -49.36695873530619 134.54879258853552 143.1 23.555783492777323 141.38137351761972 202.41518 97.48389 289.99635190870805 9.08711305239615 -3.0130844 -7.1110935 0.20964137 289.9963428243958 9.087091881852848 289.9760598465076 9.14451944459663 66.32897665954384 184.04809309156033 16000.0 16600.0 2016.0 2 23 {-999.0 20.52298 17.398697 15.76751 -999.0} sdss_psfmag_ps1 18.71409 16.304873 14.917401 10.876 63050395675349167 1154164894 bright_1x1 mwm_galactic_core_dist_apogee_sparse mwm_galactic science 0 0 0.0 0.0 -999 ""
FIBERMAP 904 R+7C9 BOSS 0 0 0 1 0 0 -49.74660700069613 135.1785260295368 143.1 23.536830578920668 142.1165056358278 202.41518 97.48389 -999.0 -999.0 -999.0 -999.0 -999.0 289.9962666935613 9.0903892560665 289.9759808179406 9.147905466409016 66.33235186721538 184.0487940687742 -999.0 5400.0 -999.0 1 131 {-999.0 -999.0 -999.0 -999.0 -999.0} "" -999.0 -999.0 -999.0 -999.0 -999 -999 "" "" "" "" 0 0 0.0 0.0 -999 ""
FIBERMAP 904 R+7C9 METROLOGY 0 0 0 1 0 0 -49.000748852756644 135.2072517588586 143.1 24.199542915454916 141.77295678886935 202.41518 97.48389 -999.0 -999.0 -999.0 -999.0 -999.0 289.9993146864731 9.088837388082691 289.9790312846993 9.146336019195795 66.33096619264478 184.0410705936841 -999.0 6231.0 -999.0 -1 -999 {-999.0 -999.0 -999.0 -999.0 -999.0} "" -999.0 -999.0 -999.0 -999.0 -999 -999 "" "" "" "" 0 0 0.0 0.0 -999 ""
FIBERMAP 905 R-1C5 APOGEE 1 1 0 1 0 0 -174.70094251375656 -33.87633355178729 143.1 -168.6395610365461 56.86381210996248 23.817902 33.932472 289.1119925273375 8.703913185452885 -2.5167508 -5.613655 -0.002725472 289.11198494738716 8.70389647295604 289.0926460405347 8.759208015343514 65.87885307448234 186.12454916647582 16000.0 16600.0 2016.0 2 266 {-999.0 21.596373 18.197433 15.767817 -999.0} sdss_psfmag_ps1 19.647966 16.203619 14.674322 9.904 63050395675213493 1154164429 bright_1x1 mwm_galactic_core_dist_apogee_sparse mwm_galactic science 0 0 0.0 0.0 -999 ""
FIBERMAP 905 R-1C5 BOSS 0 0 0 1 0 0 -175.0818619461495 -34.51071953993062 143.1 -169.2842158538267 56.500428255209435 23.817902 33.932472 -999.0 -999.0 -999.0 -999.0 -999.0 289.1089738169432 8.702169227625307 289.08964755870505 8.757564721643154 65.87694742409033 186.13140521469913 -999.0 5400.0 -999.0 1 485 {-999.0 -999.0 -999.0 -999.0 -999.0} "" -999.0 -999.0 -999.0 -999.0 -999 -999 "" "" "" "" 0 0 0.0 0.0 -999 ""
FIBERMAP 905 R-1C5 METROLOGY 0 0 0 1 0 0 -175.4509955018559 -33.86855894904171 143.1 -169.28788608464018 57.24117042533658 23.817902 33.932472 -999.0 -999.0 -999.0 -999.0 -999.0 289.10897797340004 8.70555417056107 289.0896407497319 8.760923290361726 65.88029148319107 186.132168483909 -999.0 6231.0 -999.0 -1 -999 {-999.0 -999.0 -999.0 -999.0 -999.0} "" -999.0 -999.0 -999.0 -999.0 -999 -999 "" "" "" "" 0 0 0.0 0.0 -999 ""
FIBERMAP 906 R+11C11 APOGEE 1 1 0 1 0 0 36.40477004708432 215.38096998979302 143.1 138.07264629033284 169.2849665559324 220.05324 60.72765 290.5224609375 9.210061045169724 -999.0 -999.0 -999.0 290.5224609375 9.210061045169722 290.50188771282836 9.268759700258874 66.47935184280566 182.76873395169278 16000.0 16600.0 2015.5 2 1 {-999.0 -999.0 -999.0 -999.0 -999.0} "" -999.0 -999.0 -999.0 -999.0 27021603151004988 848256314 "" ops_sky_apogee_best ops_sky sky_apogee 0 0 0.0 0.0 -999 ""
FIBERMAP 906 R+11C11 BOSS 0 0 0 1 0 0 36.255158656933375 216.10691633220415 143.1 138.3012474524793 169.99009484835963 220.05324 60.72765 -999.0 -999.0 -999.0 -999.0 -999.0 290.5235272800463 9.213173223299085 290.50294988965186 9.271962810858883 66.48259537100427 182.76643922911398 -999.0 5400.0 -999.0 1 108 {-999.0 -999.0 -999.0 -999.0 -999.0} "" -999.0 -999.0 -999.0 -999.0 -999 -999 "" "" "" "" 0 0 0.0 0.0 -999 ""
FIBERMAP 906 R+11C11 METROLOGY 0 0 0 1 0 0 36.96203117061776 215.88253226181735 143.1 138.80500142505392 169.44573124520986 220.05324 60.72765 -999.0 -999.0 -999.0 -999.0 -999.0 290.5258295213081 9.210717346576557 290.5052573545936 9.269487812060918 66.48021600873801 182.7604823555087 -999.0 6231.0 -999.0 -1 -999 {-999.0 -999.0 -999.0 -999.0 -999.0} "" -999.0 -999.0 -999.0 -999.0 -999 -999 "" "" "" "" 0 0 0.0 0.0 -999 ""
FIBERMAP 907 R-6C6 APOGEE 0 0 0 1 0 0 -126.19092962576677 -132.75439000094883 143.1 -175.31567777090825 -53.07866250039394 298.39853 27.833216 -999.0 -999.0 -999.0 -999.0 -999.0 289.08124448417914 8.204570384079354 289.06316939469997 8.259888373405438 65.37894291532093 186.08548814657593 -999.0 16600.0 -999.0 2 -999 {-999.0 -999.0 -999.0 -999.0 -999.0} "" -999.0 -999.0 -999.0 -999.0 -999 -999 "" "" "" "" 0 0 0.0 0.0 -999 ""
FIBERMAP 907 R-6C6 BOSS 1 1 0 1 0 0 -126.8189032437932 -132.33058550169923 143.1 -175.65229675994198 -52.39988770965537 298.39853 27.833216 289.0796495139606 8.20755668318753 -1.731658 -3.5409343 0.119974405 289.0796443052652 8.207546141418806 289.06157023458263 8.262952915667649 65.381852376474 186.08993458600062 5400.0 5400.0 2016.0 1 465 {-999.0 17.314667 16.06409 15.506154 -999.0} sdss_psfmag_ps1 16.835766 15.970131 15.030679 13.344 63050395675067970 1093383599 bright_3x1 mwm_astar_core_boss mwm_ob science 0 0 0.0 0.0 -999 ""
FIBERMAP 907 R-6C6 METROLOGY 0 0 0 1 0 0 -126.15312569547535 -132.00925052181333 143.1 -174.91463688653582 -52.44944709528674 298.39853 27.833216 -999.0 -999.0 -999.0 -999.0 -999.0 289.083020301617 8.207342692114786 289.06494432842567 8.262731417417832 65.38193258600549 186.08190344104946 -999.0 6231.0 -999.0 -1 -999 {-999.0 -999.0 -999.0 -999.0 -999.0} "" -999.0 -999.0 -999.0 -999.0 -999 -999 "" "" "" "" 0 0 0.0 0.0 -999 ""
FIBERMAP 908 R+6C18 APOGEE 0 0 0 1 0 0 147.3229065176404 122.65399722524799 143.1 188.69923553277505 33.85520333635064 130.22403 132.10486 -999.0 -999.0 -999.0 -999.0 -999.0 290.75303360603937 8.595077507916834 290.7340138532376 8.654442060432029 65.87380590347753 182.14592348845684 -999.0 16600.0 -999.0 2 -999 {-999.0 -999.0 -999.0 -999.0 -999.0} "" -999.0 -999.0 -999.0 -999.0 -999 -999 "" "" "" "" 0 0 0.0 0.0 -999 ""
FIBERMAP 908 R+6C18 BOSS 1 1 0 1 0 0 147.40552887208253 123.39746008015959 143.1 189.1384173470002 34.46081631307107 130.22403 132.10486 290.75510542922285 8.597737015942984 -4.069052 -1.7460233 -0.955598 290.75509317750533 8.597731817830642 290.7360698495783 8.657192410726845 65.87661952371438 182.14116729531318 5400.0 5400.0 2016.0 1 203 {-999.0 15.500743 14.994569 14.699968 -999.0} sdss_psfmag_ps1 15.3103075 15.362675 14.171778 13.083 63050395674894614 1093384070 bright_3x1 mwm_astar_core_boss mwm_ob science 0 0 0.0 0.0 -999 ""
FIBERMAP 908 R+6C18 METROLOGY 0 0 0 1 0 0 148.0068095042053 122.95222312197627 143.1 189.44123725237864 33.77659503483166 130.22403 132.10486 -999.0 -999.0 -999.0 -999.0 -999.0 290.7564537497916 8.594642137387147 290.73743730008323 8.654080668386356 65.87355227809013 182.13761951783022 -999.0 6231.0 -999.0 -1 -999 {-999.0 -999.0 -999.0 -999.0 -999.0} "" -999.0 -999.0 -999.0 -999.0 -999 -999 "" "" "" "" 0 0 0.0 0.0 -999 ""
FIBERMAP 910 R+11C8 APOGEE 1 1 0 1 0 0 9.727401908614834 208.4249924060763 143.1 111.43991689937144 176.41797367900938 56.39932 26.59619 290.40045604634463 9.243238448979389 4.922953 1.1942397 1.222077 290.4004708953518 9.24324200436811 290.3798088144685 9.301636210237529 66.50696553640998 183.07408905932823 16000.0 16600.0 2016.0 2 15 {-999.0 11.301435 11.196533 11.221271 -999.0} sdss_psfmag_from_g3xp 11.336657 11.177318 10.89124 10.546 63050395676078115 975060229 "" ops_std_apogee ops_std standard_apogee 0 0 0.0 0.0 -999 ""
FIBERMAP 910 R+11C8 BOSS 0 0 0 1 0 0 9.652374835179533 207.67916706960133 143.1 111.00617184195517 175.8065537394964 56.39932 26.59619 -999.0 -999.0 -999.0 -999.0 -999.0 290.3985040089021 9.240452522347171 290.37785324150616 9.298931050850896 66.50417496047521 183.0786143993209 -999.0 5400.0 -999.0 1 111 {-999.0 -999.0 -999.0 -999.0 -999.0} "" -999.0 -999.0 -999.0 -999.0 -999 -999 "" "" "" "" 0 0 0.0 0.0 -999 ""
FIBERMAP 910 R+11C8 METROLOGY 0 0 0 1 0 0 9.046166976708754 208.10906849557702 143.1 110.69149051514265 176.47987539092108 56.39932 26.59619 -999.0 -999.0 -999.0 -999.0 -999.0 290.3970566491742 9.243516014443662 290.3763969361125 9.30196534136141 66.5071402584974 183.0825641412412 -999.0 6231.0 -999.0 -1 -999 {-999.0 -999.0 -999.0 -999.0 -999.0} "" -999.0 -999.0 -999.0 -999.0 -999 -999 "" "" "" "" 0 0 0.0 0.0 -999 ""
FIBERMAP 912 R+3C20 APOGEE 1 1 0 1 0 0 153.2091359604739 58.848002645846876 143.1 162.29097501728378 -24.532079376193234 190.22972 103.446 290.631347561043 8.330457870362952 -3.5170875 -5.7641225 0.24306381 290.6313369786135 8.330440709907299 290.61297694662267 8.38955114294605 65.60501603716945 182.4152667296129 16000.0 16600.0 2016.0 2 62 {-999.0 15.578466 13.930592 13.200728 -999.0} sdss_psfmag_from_g3xp 14.828054 13.802489 12.759876 10.4 63050395674855180 1152366538 bright_1x1 mwm_galactic_core_dist_apogee_sparse mwm_galactic science 0 0 0.0 0.0 -999 ""
FIBERMAP 912 R+3C20 BOSS 0 0 0 1 0 0 152.90271126019113 59.52788295836187 143.1 162.36046692160622 -23.789524349036117 190.22972 103.446 -999.0 -999.0 -999.0 -999.0 -999.0 290.63172568059105 8.333712487019161 290.6133608022138 8.3929158981841 65.6083922370028 182.4146394446409 -999.0 5400.0 -999.0 1 216 {-999.0 -999.0 -999.0 -999.0 -999.0} "" -999.0 -999.0 -999.0 -999.0 -999 -999 "" "" "" "" 0 0 0.0 0.0 -999 ""
FIBERMAP 912 R+3C20 METROLOGY 0 0 0 1 0 0 153.648131675428 59.44995209459738 143.1 162.9701000327732 -24.22559416419187 190.22972 103.446 -999.0 -999.0 -999.0 -999.0 -999.0 290.6344906754402 8.33174887112477 290.6161298327619 8.390933152690879 65.60650872040958 182.40783889100067 -999.0 6231.0 -999.0 -1 -999 {-999.0 -999.0 -999.0 -999.0 -999.0} "" -999.0 -999.0 -999.0 -999.0 -999 -999 "" "" "" "" 0 0 0.0 0.0 -999 ""
FIBERMAP 914 R+3C11 APOGEE 1 1 0 1 0 0 -25.4816458739416 57.31469745496244 143.1 6.162841340274663 62.425161062007916 300.71118 158.3743 289.9153715419376 8.728718758131347 -3.30416 -5.728952 0.19868794 289.9153615898073 8.72870170238249 289.8959806772823 8.785988999738114 65.96628051588443 184.18912908494053 16000.0 16600.0 2016.0 2 124 {-999.0 17.626978 15.320243 14.317736 -999.0} sdss_psfmag_ps1 16.422066 14.865892 13.667161 10.603 63050395675267893 1154164693 bright_1x1 mwm_galactic_core_dist_apogee_sparse mwm_galactic science 0 0 0.0 0.0 -999 ""
FIBERMAP 914 R+3C11 BOSS 0 0 0 1 0 0 -25.341578127884944 56.58581111354786 143.1 5.924489396019647 61.722191937040826 300.71118 158.3743 -999.0 -999.0 -999.0 -999.0 -999.0 289.914252603478 8.725447638418707 289.8948855778194 8.782823678214696 65.96305403770904 184.19129774841605 -999.0 5400.0 -999.0 1 14 {-999.0 -999.0 -999.0 -999.0 -999.0} "" -999.0 -999.0 -999.0 -999.0 -999 -999 "" "" "" "" 0 0 0.0 0.0 -999 ""
FIBERMAP 914 R+3C11 METROLOGY 0 0 0 1 0 0 -26.042695539156767 56.82723915223499 143.1 5.434160809829765 62.278531591223214 300.71118 158.3743 -999.0 -999.0 -999.0 -999.0 -999.0 289.9120006342818 8.728005264554726 289.89262547323517 8.785349566676594 65.96543603378221 184.19715685368413 -999.0 6231.0 -999.0 -1 -999 {-999.0 -999.0 -999.0 -999.0 -999.0} "" -999.0 -999.0 -999.0 -999.0 -999 -999 "" "" "" "" 0 0 0.0 0.0 -999 ""
FIBERMAP 916 R-13C3 APOGEE 1 1 0 1 0 0 -101.09007559931902 -232.4578187994284 143.1 -202.75372720222583 -152.1724163744734 140.16315 57.905037 288.95828247070307 7.756831680236559 -999.0 -999.0 -999.0 288.95828247070307 7.756831680236558 288.9413379558649 7.811920281213846 64.92182213275875 186.27390226907275 16000.0 16600.0 2015.5 2 198 {-999.0 -999.0 -999.0 -999.0 -999.0} "" -999.0 -999.0 -999.0 -999.0 27021603150965098 849032486 "" ops_sky_apogee_good ops_sky sky_apogee 0 0 0.0 0.0 -999 ""
FIBERMAP 916 R-13C3 BOSS 0 0 0 1 0 0 -100.37667866439519 -232.2504568272811 143.1 -202.03097619798953 -152.34460314673865 140.16315 57.905037 -999.0 -999.0 -999.0 -999.0 -999.0 288.9615348025424 7.755926619773909 288.9446014624838 7.811118602800555 64.92132362085216 186.26613154120918 -999.0 5400.0 -999.0 1 342 {-999.0 -999.0 -999.0 -999.0 -999.0} "" -999.0 -999.0 -999.0 -999.0 -999 -999 "" "" "" "" 0 0 0.0 0.0 -999 ""
FIBERMAP 916 R-13C3 METROLOGY 0 0 0 1 0 0 -100.55318659296925 -232.98167761707796 143.1 -202.5457421821258 -152.89318321601058 140.16315 57.905037 -999.0 -999.0 -999.0 -999.0 -999.0 288.9592280823263 7.753502830356529 288.94229832125285 7.808662547372934 64.91866667295552 186.27095443708524 -999.0 6231.0 -999.0 -1 -999 {-999.0 -999.0 -999.0 -999.0 -999.0} "" -999.0 -999.0 -999.0 -999.0 -999 -999 "" "" "" "" 0 0 0.0 0.0 -999 ""
FIBERMAP 918 R-4C10 APOGEE 0 0 0 1 0 0 -33.78518790763199 -83.79010080191415 143.1 -70.77638471655094 -56.16184253924844 328.39667 120.72627 -999.0 -999.0 -999.0 -999.0 -999.0 289.56007934094157 8.189445281517202 289.54205025955554 8.24594713814139 65.4037631223652 184.94845047096368 -999.0 16600.0 -999.0 2 -999 {-999.0 -999.0 -999.0 -999.0 -999.0} "" -999.0 -999.0 -999.0 -999.0 -999 -999 "" "" "" "" 0 0 0.0 0.0 -999 ""
FIBERMAP 918 R-4C10 BOSS 1 1 0 1 0 0 -33.78081398783398 -84.5125525223813 143.1 -71.12954228445145 -56.79217099433419 328.39667 120.72627 289.55841064453125 8.186459498162264 -999.0 -999.0 -999.0 289.55841064453125 8.186459498162264 289.5403960687852 8.243051014448449 65.4007547612653 184.95186295402098 5400.0 5400.0 2015.5 1 408 {-999.0 -999.0 -999.0 -999.0 -999.0} "" -999.0 -999.0 -999.0 -999.0 27021603150991892 852977199 "" ops_sky_boss_fallback ops_sky sky_boss 0 0 0.0 0.0 -999 ""
FIBERMAP 918 R-4C10 METROLOGY 0 0 0 1 0 0 -34.431134841002724 -84.1634833668268 143.1 -71.52251850751497 -56.167336439868556 328.39667 120.72627 -999.0 -999.0 -999.0 -999.0 -999.0 289.5566161044295 8.189338670805164 289.5385922020938 8.24589884508458 65.40346392570429 184.9566420923798 -999.0 6231.0 -999.0 -1 -999 {-999.0 -999.0 -999.0 -999.0 -999.0} "" -999.0 -999.0 -999.0 -999.0 -999 -999 "" "" "" "" 0 0 0.0 0.0 -999 ""
FIBERMAP 919 R-12C2 APOGEE 1 1 0 1 0 0 -126.13340859041696 -214.8451011161184 143.1 -215.82637364312393 -124.48445074462238 114.53383 57.04501 288.8983393416074 7.882056669591447 -1.005506 -7.973777 0.2267233 288.89833631954946 7.882032930740869 288.88107481148944 7.936952453568056 65.04068896430024 186.44222102220664 16000.0 16600.0 2016.0 2 204 {-999.0 19.93213 16.940361 15.558528 -999.0} sdss_psfmag_ps1 18.233747 16.072763 14.730228 10.946 63050395675028813 1154163568 bright_1x1 mwm_galactic_core_dist_apogee_sparse mwm_galactic science 0 0 0.0 0.0 -999 ""
FIBERMAP 919 R-12C2 BOSS 0 0 0 1 0 0 -125.3968715674693 -214.94659964726964 143.1 -215.23610928216593 -124.93662325075206 114.53383 57.04501 -999.0 -999.0 -999.0 -999.0 -999.0 288.9009895959038 7.879870794526338 288.8837426996028 7.934891894166099 65.0388893522297 186.43552275014585 -999.0 5400.0 -999.0 1 339 {-999.0 -999.0 -999.0 -999.0 -999.0} "" -999.0 -999.0 -999.0 -999.0 -999 -999 "" "" "" "" 0 0 0.0 0.0 -999 ""
FIBERMAP 919 R-12C2 METROLOGY 0 0 0 1 0 0 -125.84829031861065 -215.54509900714683 143.1 -215.92433137517529 -125.23397045652311 114.53383 57.04501 -999.0 -999.0 -999.0 -999.0 -999.0 288.89789200583266 7.878577549815737 288.8806457707445 7.9335643839191405 65.03727582994101 186.44245839740665 -999.0 6231.0 -999.0 -1 -999 {-999.0 -999.0 -999.0 -999.0 -999.0} "" -999.0 -999.0 -999.0 -999.0 -999 -999 "" "" "" "" 0 0 0.0 0.0 -999 ""
FIBERMAP 920 R+5C2 APOGEE 0 0 0 1 0 0 -218.346652767551 77.3690907668869 143.1 -151.62329342919236 175.15620330758105 306.61655 54.18707 -999.0 -999.0 -999.0 -999.0 -999.0 289.1921155696837 9.239347123914014 289.1714198041294 9.294768926893534 66.41925144772156 186.0525454835688 -999.0 16600.0 -999.0 2 -999 {-999.0 -999.0 -999.0 -999.0 -999.0} "" -999.0 -999.0 -999.0 -999.0 -999 -999 "" "" "" "" 0 0 0.0 0.0 -999 ""
FIBERMAP 920 R+5C2 BOSS 1 1 0 1 0 0 -219.04366804513026 77.3205438583245 143.1 -152.25333076074799 175.45838468374674 306.61655 54.18707 289.188643530174 9.240642712523357 -1.3098546 -4.3681645 0.9555186 289.1892155353512 9.240629707995163 289.16852437034726 9.29613297209593 66.42035308875708 186.05996623618609 5400.0 5400.0 2016.0 1 71 {-999.0 10.124722 10.078697 10.089142 -999.0} sdss_psfmag_from_g3xp 10.15877 10.028644 9.764318 9.46 63050395676592175 1068464632 bright_3x1 mwm_ob_core_boss mwm_ob science 0 0 2.0465338230133057 0.0 -999 ""
FIBERMAP 920 R+5C2 METROLOGY 0 0 0 1 0 0 -218.73741349454954 78.0046755643352 143.1 -151.64901742681965 175.90191376942832 306.61655 54.18707 -999.0 -999.0 -999.0 -999.0 -999.0 289.1919959684037 9.242660257757615 289.1712975980291 9.298144859018779 66.42260288889594 186.05360405438657 -999.0 6231.0 -999.0 -1 -999 {-999.0 -999.0 -999.0 -999.0 -999.0} "" -999.0 -999.0 -999.0 -999.0 -999 -999 "" "" "" "" 0 0 0.0 0.0 -999 ""
FIBERMAP 921 R+2C21 APOGEE 1 1 0 1 0 0 186.82921370012758 43.43552890390806 143.1 183.90818036558025 -54.54468362108077 347.6885 152.59227 290.7291453869767 8.193867616504358 0.6005541 -2.839467 1.3972597 290.7291471933355 8.193859163084412 290.7111313277623 8.253231875025776 65.47207681547702 182.16966515075885 16000.0 16600.0 2016.0 2 80 {-999.0 11.12036 10.750831 10.66255 -999.0} sdss_psfmag_from_g3xp 11.065492 10.776712 10.330346 9.681 63050395674796084 1150039826 bright_12x1 mwm_bin_rv_short_subgiant_apogee_12epoch mwm_bin science 0 0 0.0 0.0 -999 ""
FIBERMAP 921 R+2C21 BOSS 0 0 0 1 0 0 187.42646244608207 42.993586685228465 143.1 184.20912248912205 -55.22404800391489 347.6885 152.59227 -999.0 -999.0 -999.0 -999.0 -999.0 290.7305441084103 8.190665036211055 290.7125395796293 8.250134855009968 65.4690261921302 182.16606999505697 -999.0 5400.0 -999.0 1 223 {-999.0 -999.0 -999.0 -999.0 -999.0} "" -999.0 -999.0 -999.0 -999.0 -999 -999 "" "" "" "" 0 0 0.0 0.0 -999 ""
FIBERMAP 921 R+2C21 METROLOGY 0 0 0 1 0 0 186.74968558673208 42.6832901972397 143.1 183.4673528596925 -55.159455999615346 347.6885 152.59227 -999.0 -999.0 -999.0 -999.0 -999.0 290.7271586080301 8.190995884138164 290.7091523195525 8.250430950205175 65.4692142791111 182.17416278893108 -999.0 6231.0 -999.0 -1 -999 {-999.0 -999.0 -999.0 -999.0 -999.0} "" -999.0 -999.0 -999.0 -999.0 -999 -999 "" "" "" "" 0 0 0.0 0.0 -999 ""
FIBERMAP 925 R-13C12 APOGEE 1 1 0 1 0 0 104.29610434099423 -263.21930835612096 143.1 -39.370845429101664 -280.3998770798698 276.7196 128.55412 289.7037835315292 7.17783698372534 -1.8798752 -5.625766 0.19732147 289.7037778907184 7.177820235173556 289.6882942943264 7.234845540527892 64.40516297661743 184.44199354008626 16000.0 16600.0 2016.0 2 182 {-999.0 16.81088 14.41525 13.085143 -999.0} sdss_psfmag_from_g3xp 15.560034 13.777807 12.5259495 9.239 63050395662624262 1152354267 bright_1x1 mwm_galactic_core_dist_apogee_sparse mwm_galactic science 0 0 0.0 0.0 -999 ""
FIBERMAP 925 R-13C12 BOSS 0 0 0 1 0 0 103.7868278449177 -263.7610899241693 143.1 -40.08135042815594 -280.6193212221774 276.7196 128.55412 -999.0 -999.0 -999.0 -999.0 -999.0 289.70053877401506 7.176773492453103 289.6850642598251 7.23388864136923 64.40399761895159 184.44924898972005 -999.0 5400.0 -999.0 1 337 {-999.0 -999.0 -999.0 -999.0 -999.0} "" -999.0 -999.0 -999.0 -999.0 -999 -999 "" "" "" "" 0 0 0.0 0.0 -999 ""
FIBERMAP 925 R-13C12 METROLOGY 0 0 0 1 0 0 103.56592217430453 -263.05735521285817 143.1 -39.92571388638886 -279.89827957159906 276.7196 128.55412 -999.0 -999.0 -999.0 -999.0 -999.0 289.70124747801157 7.179998118976601 289.68576303697057 7.237086785459066 64.40723442026928 184.4481345330924 -999.0 6231.0 -999.0 -1 -999 {-999.0 -999.0 -999.0 -999.0 -999.0} "" -999.0 -999.0 -999.0 -999.0 -999 -999 "" "" "" "" 0 0 0.0 0.0 -999 ""
FIBERMAP 932 R0C19 APOGEE 1 1 0 1 0 0 108.11037553185253 -16.821780711397867 143.1 85.6897268836241 -68.04336253274124 283.87158 84.78928 290.2793888111815 8.13364586326648 1.3515034 -5.2165656 0.24782054 290.2793928756478 8.133630332950737 290.2615180403175 8.191910503945335 65.39298313233772 183.23320980545068 16000.0 16600.0 2016.0 2 64 {-999.0 16.211746 14.130151 13.025425 -999.0} sdss_psfmag_from_g3xp 15.174267 13.693112 12.513316 9.495 63050395674760842 1152366383 bright_1x1 mwm_galactic_core_dist_apogee_sparse mwm_galactic science 0 0 0.0 0.0 -999 ""
FIBERMAP 932 R0C19 BOSS 0 0 0 1 0 0 107.38136217989239 -16.995108464641376 143.1 84.97021367994283 -67.83386720429435 283.87158 84.78928 -999.0 -999.0 -999.0 -999.0 -999.0 290.27612959926483 8.134465176033961 290.2582571304101 8.192830642857135 65.39374737628637 183.24105825409558 -999.0 5400.0 -999.0 1 242 {-999.0 -999.0 -999.0 -999.0 -999.0} "" -999.0 -999.0 -999.0 -999.0 -999 -999 "" "" "" "" 0 0 0.0 0.0 -999 ""
FIBERMAP 932 R0C19 METROLOGY 0 0 0 1 0 0 107.56384071699226 -16.270692845595605 143.1 85.48680866224576 -67.29415424414789 283.87158 84.78928 -999.0 -999.0 -999.0 -999.0 -999.0 290.27850650854 8.13694643719925 290.26062657093854 8.195290834592562 65.39631728582512 183.2357155655719 -999.0 6231.0 -999.0 -1 -999 {-999.0 -999.0 -999.0 -999.0 -999.0} "" -999.0 -999.0 -999.0 -999.0 -999 -999 "" "" "" "" 0 0 0.0 0.0 -999 ""
FIBERMAP 934 R+3C10 APOGEE 0 0 0 1 0 0 -55.87038628737127 45.59495332589343 143.1 -26.050662410295356 67.24987754915874 267.53464 121.840256 -999.0 -999.0 -999.0 -999.0 -999.0 289.7669976190954 8.750987947867364 289.7475562370789 8.80790658537924 65.97864075252713 184.5520955344402 -999.0 16600.0 -999.0 2 -999 {-999.0 -999.0 -999.0 -999.0 -999.0} "" -999.0 -999.0 -999.0 -999.0 -999 -999 "" "" "" "" 0 0 0.0 0.0 -999 ""
FIBERMAP 934 R+3C10 BOSS 1 1 0 1 0 0 -56.6056830434483 45.217824565700425 143.1 -26.876336302289097 67.28527376448896 267.53464 121.840256 289.76318079508536 8.75110914407832 -2.2940876 -2.807044 1.1982311 289.76317388487803 8.751100787185374 289.7437381093179 8.808100862269667 65.97857951045724 184.5613755236005 5400.0 5400.0 2016.0 1 24 {-999.0 19.112043 17.792688 17.087803 -999.0} sdss_psfmag_ps1 18.497269 17.761251 16.55317 14.663 63050395675272255 1096706755 bright_1x1 mwm_bin_vis_boss mwm_filler science 0 0 0.0 0.0 -999 ""
FIBERMAP 934 R+3C10 METROLOGY 0 0 0 1 0 0 -56.520724851364186 45.96063314854629 143.1 -26.435446764986605 67.88916372713167 267.53464 121.840256 -999.0 -999.0 -999.0 -999.0 -999.0 289.7652162930066 8.753864162995205 289.74577206085297 8.810843031543454 65.9814513543872 184.5569045013051 -999.0 6231.0 -999.0 -1 -999 {-999.0 -999.0 -999.0 -999.0 -999.0} "" -999.0 -999.0 -999.0 -999.0 -999 -999 "" "" "" "" 0 0 0.0 0.0 -999 ""
FIBERMAP 936 R+2C20 APOGEE 0 0 0 1 0 0 174.26793034165962 36.74271708186441 143.1 169.6793288891778 -54.15755962113784 26.731155 78.34414 -999.0 -999.0 -999.0 -999.0 -999.0 290.66429246275356 8.195782086587727 290.64627049557953 8.254995632982112 65.47170120603909 182.32434084990135 -999.0 16600.0 -999.0 2 -999 {-999.0 -999.0 -999.0 -999.0 -999.0} "" -999.0 -999.0 -999.0 -999.0 -999 -999 "" "" "" "" 0 0 0.0 0.0 -999 ""
FIBERMAP 936 R+2C20 BOSS 1 1 0 1 0 0 174.48688097342335 36.029629717352975 143.1 169.51737134258866 -54.88576736871991 26.731155 78.34414 290.6631156966264 8.192382391300859 -1.0081437 -4.8316193 0.5640931 290.66358177471716 8.192368007014664 290.64557151508325 8.251673574917266 65.46835727516867 182.3257303844851 5400.0 5400.0 2016.0 1 222 {-999.0 10.918476 10.897252 10.960348 -999.0} sdss_psfmag_from_g3xp 10.960775 10.851408 10.630058 10.368 63050395674804453 1068464547 bright_3x1 mwm_ob_core_boss mwm_ob science 0 0 1.6715635061264038 0.0 -999 ""
FIBERMAP 936 R+2C20 METROLOGY 0 0 0 1 0 0 173.75956461235472 36.196616115210695 143.1 168.96748159769407 -54.381209460327824 26.731155 78.34414 -999.0 -999.0 -999.0 -999.0 -999.0 290.6610786280923 8.194694508114265 290.64306164001715 8.253967131594306 65.47056370795545 182.33190006416615 -999.0 6231.0 -999.0 -1 -999 {-999.0 -999.0 -999.0 -999.0 -999.0} "" -999.0 -999.0 -999.0 -999.0 -999 -999 "" "" "" "" 0 0 0.0 0.0 -999 ""
FIBERMAP 938 R+12C15 APOGEE 1 1 0 1 0 0 157.67348235951502 223.6231056786899 143.1 247.58745224979018 116.53304037792634 236.40643 151.45853 291.020815499853 8.966915443483543 -0.54356235 -2.7452211 0.2760556 291.02081386158324 8.966907270644512 291.00087150552054 9.026865407790376 66.25327512440516 181.52123482416957 16000.0 16600.0 2016.0 2 44 {-999.0 15.650288 13.836052 12.9960165 -999.0} sdss_psfmag_from_g3xp 14.806913 13.613197 12.540906 9.953 63050395675669790 1152367089 bright_1x1 mwm_galactic_core_dist_apogee_sparse mwm_galactic science 0 0 0.0 0.0 -999 ""
FIBERMAP 938 R+12C15 BOSS 0 0 0 1 0 0 157.01910317232537 223.27309648062536 143.1 246.84553535831387 116.55203582044807 236.40643 151.45853 -999.0 -999.0 -999.0 -999.0 -999.0 291.0174632895133 8.966943248023538 290.9975227753345 9.026983038624035 66.25331777029841 181.5294519759218 -999.0 5400.0 -999.0 1 179 {-999.0 -999.0 -999.0 -999.0 -999.0} "" -999.0 -999.0 -999.0 -999.0 -999 -999 "" "" "" "" 0 0 0.0 0.0 -999 ""
FIBERMAP 938 R+12C15 METROLOGY 0 0 0 1 0 0 157.03766853069095 224.01687931186015 143.1 247.22917810838123 117.18957733423426 236.40643 151.45853 -999.0 -999.0 -999.0 -999.0 -999.0 291.01919007185234 8.969820519130066 290.99924182251385 9.029838583606205 66.25621111061506 181.52539778170603 -999.0 6231.0 -999.0 -1 -999 {-999.0 -999.0 -999.0 -999.0 -999.0} "" -999.0 -999.0 -999.0 -999.0 -999 -999 "" "" "" "" 0 0 0.0 0.0 -999 ""
FIBERMAP 940 R+12C5 APOGEE 0 0 0 1 0 0 -60.8995168515215 240.2484224575814 143.1 65.75408286805522 238.98474354186104 22.542198 141.52664 -999.0 -999.0 -999.0 -999.0 -999.0 290.1908616629626 9.525762063353152 290.16947769582663 9.58359587265776 66.77823206875354 183.63222720590764 -999.0 16600.0 -999.0 2 -999 {-999.0 -999.0 -999.0 -999.0 -999.0} "" -999.0 -999.0 -999.0 -999.0 -999 -999 "" "" "" "" 0 0 0.0 0.0 -999 ""
FIBERMAP 940 R+12C5 BOSS 1 1 0 1 0 0 -60.19395201347737 240.04149892777306 143.1 66.26532701181969 238.45620788871057 22.542198 141.52664 290.1932102751429 9.523323451530235 -0.6354241 -1.9551375 0.4902412 290.1932083569768 9.523317630861078 290.1718354154713 9.581245145777766 66.77601025697564 183.62601824155797 5400.0 5400.0 2016.0 1 157 {-999.0 17.9616 16.349232 15.538601 14.92617} sdss_psfmag_from_ps1dr2 17.2814 16.2427 15.2152 13.275 63050395676207225 1035763842 "" ops_std_boss_ps1dr2 ops_std standard_boss 0 0 0.0 0.0 -999 ""
FIBERMAP 940 R+12C5 METROLOGY 0 0 0 1 0 0 -60.71707677275338 239.5249740501805 143.1 65.55526026855591 238.26556665757542 22.542198 141.52664 -999.0 -999.0 -999.0 -999.0 -999.0 290.1899514672322 9.522506708430315 290.16857913567867 9.580401543759011 66.77499452779033 183.6340331440432 -999.0 6231.0 -999.0 -1 -999 {-999.0 -999.0 -999.0 -999.0 -999.0} "" -999.0 -999.0 -999.0 -999.0 -999 -999 "" "" "" "" 0 0 0.0 0.0 -999 ""
FIBERMAP 941 R-13C14 APOGEE 0 0 0 1 0 0 142.25908739345712 -265.39658397686446 143.1 -7.438049317987914 -301.05037123724344 260.13522 114.320656 -999.0 -999.0 -999.0 -999.0 -999.0 289.84901278294956 7.085822292282255 289.833759975862 7.143220704999049 64.32282545021975 184.09572162995394 -999.0 16600.0 -999.0 2 -999 {-999.0 -999.0 -999.0 -999.0 -999.0} "" -999.0 -999.0 -999.0 -999.0 -999 -999 "" "" "" "" 0 0 0.0 0.0 -999 ""
FIBERMAP 941 R-13C14 BOSS 1 1 0 1 0 0 141.542786249611 -265.58446659969763 143.1 -8.153700841117079 -300.8598123321673 260.13522 114.320656 289.8457498088155 7.08663094568051 1.7098918 -7.7839885 0.7709363 289.8457549385471 7.0866077718516305 289.830506038026 7.144096080672697 64.32350360753719 184.10328197081407 5400.0 5400.0 2016.0 1 257 {-999.0 17.483171 16.300154 15.928867 -999.0} sdss_psfmag_ps1 17.054855 16.26599 15.359107 13.636 63050395662616471 916967307 bright_6x1 mwm_yso_disk_boss mwm_yso science 0 0 0.0 0.0 -999 ""
FIBERMAP 941 R-13C14 METROLOGY 0 0 0 1 0 0 141.73716399177664 -264.8634255170328 143.1 -7.62842691902466 -300.32891286284763 260.13522 114.320656 -999.0 -999.0 -999.0 -999.0 -999.0 289.8481493925644 7.088971273102446 289.8328929919946 7.146437270157349 64.32598402928716 184.09815293493708 -999.0 6231.0 -999.0 -1 -999 {-999.0 -999.0 -999.0 -999.0 -999.0} "" -999.0 -999.0 -999.0 -999.0 -999 -999 "" "" "" "" 0 0 0.0 0.0 -999 ""
FIBERMAP 942 R+1C24 APOGEE 1 1 0 1 0 0 255.35282558658594 10.123493045967962 143.1 227.02968753273805 -117.36655108130053 55.198227 13.320876 290.9223210466809 7.909352548743631 -1.8498453 -3.4470062 0.15254292 290.9223154865857 7.909342286609656 290.9050152777692 7.969235191697124 65.19368551051286 181.69046798899058 16000.0 16600.0 2016.0 2 59 {-999.0 16.097544 14.482446 13.763118 -999.0} sdss_psfmag_from_g3xp 15.388832 14.33817 13.329506 10.966 63050395662964522 1152354701 bright_1x1 mwm_galactic_core_dist_apogee_sparse mwm_galactic science 0 0 0.0 0.0 -999 ""
FIBERMAP 942 R+1C24 BOSS 0 0 0 1 0 0 255.10013903643693 9.429450474114667 143.1 226.46705432364925 -117.8451653502684 55.198227 13.320876 -999.0 -999.0 -999.0 -999.0 -999.0 290.91976275706276 7.907078027141768 290.9024705074972 7.9670594665513566 65.19144723708133 181.69634243874137 -999.0 5400.0 -999.0 1 183 {-999.0 -999.0 -999.0 -999.0 -999.0} "" -999.0 -999.0 -999.0 -999.0 -999 -999 "" "" "" "" 0 0 0.0 0.0 -999 ""
FIBERMAP 942 R+1C24 METROLOGY 0 0 0 1 0 0 254.61559036044497 10.003817621018959 143.1 226.3295348727388 -117.10634298715364 55.198227 13.320876 -999.0 -999.0 -999.0 -999.0 -999.0 290.91917487673373 7.910440114291537 290.90187354669064 7.970392789691652 65.19476463944879 181.69795086116244 -999.0 6231.0 -999.0 -1 -999 {-999.0 -999.0 -999.0 -999.0 -999.0} "" -999.0 -999.0 -999.0 -999.0 -999 -999 "" "" "" "" 0 0 0.0 0.0 -999 ""
FIBERMAP 943 R-4C19 APOGEE 1 1 0 1 0 0 148.4344631193817 -73.99577510091878 143.1 92.50181797919387 -137.67977749265714 117.37686 149.53185 290.30895172681556 7.8175562255792075 -2.2240417 -4.442227 0.3598493 290.3089450434743 7.817543000558858 290.2918631765364 7.875948485264966 65.0787870361968 183.12602764041873 16000.0 16600.0 2016.0 2 223 {-999.0 14.340933 12.595699 11.805194 -999.0} sdss_psfmag_from_g3xp 13.5414915 12.403461 11.359391 8.958 63050395674555952 1152366252 bright_1x1 mwm_galactic_core_dist_apogee_sparse mwm_galactic science 0 0 0.0 0.0 -999 ""
FIBERMAP 943 R-4C19 BOSS 0 0 0 1 0 0 148.47076470040136 -73.24916731540986 143.1 92.90227806476368 -137.04854309911246 117.37686 149.53185 -999.0 -999.0 -999.0 -999.0 -999.0 290.31082361998193 7.820256637269618 290.2937394324464 7.878761075838255 65.08168259884087 183.1219300376786 -999.0 5400.0 -999.0 1 291 {-999.0 -999.0 -999.0 -999.0 -999.0} "" -999.0 -999.0 -999.0 -999.0 -999 -999 "" "" "" "" 0 0 0.0 0.0 -999 ""
FIBERMAP 943 R-4C19 METROLOGY 0 0 0 1 0 0 149.09555549921933 -73.6531986775682 143.1 93.24589944440815 -137.70855265008944 117.37686 149.53185 -999.0 -999.0 -999.0 -999.0 -999.0 290.312373818651 7.817302992177313 290.2952957954208 7.875784872161342 65.07878080204053 183.11794868635164 -999.0 6231.0 -999.0 -1 -999 {-999.0 -999.0 -999.0 -999.0 -999.0} "" -999.0 -999.0 -999.0 -999.0 -999 -999 "" "" "" "" 0 0 0.0 0.0 -999 ""
FIBERMAP 944 R-1C11 APOGEE 1 1 0 1 0 0 -67.03237908850596 -3.8010388033014126 143.1 -60.162319343251596 29.815465313885923 169.0868 64.859276 289.6095210808712 8.580851517339978 -3.1437168 -6.698787 0.07441493 289.6095116157152 8.58083157427997 289.5904958952123 8.637390478488902 65.79765999915483 184.90191481726262 16000.0 16600.0 2016.0 2 282 {-999.0 20.043255 17.11632 15.672378 -999.0} sdss_psfmag_ps1 18.428019 16.208223 14.840402 10.916 63050395675255543 1154164417 bright_1x1 mwm_galactic_core_dist_apogee_sparse mwm_galactic science 0 0 0.0 0.0 -999 ""
FIBERMAP 944 R-1C11 BOSS 0 0 0 1 0 0 -66.57376798074917 -3.2261358113359435 143.1 -59.479502416688426 30.08874190698621 169.0868 64.859276 -999.0 -999.0 -999.0 -999.0 -999.0 289.6126177792952 8.58199602177365 289.5936058774256 8.63865395736962 65.7991434451911 184.89465804973025 -999.0 5400.0 -999.0 1 440 {-999.0 -999.0 -999.0 -999.0 -999.0} "" -999.0 -999.0 -999.0 -999.0 -999 -999 "" "" "" "" 0 0 0.0 0.0 -999 ""
FIBERMAP 944 R-1C11 METROLOGY 0 0 0 1 0 0 -66.2889669235146 -3.906028680194101 143.1 -59.567802149397615 29.35686012245855 169.0868 64.859276 -999.0 -999.0 -999.0 -999.0 -999.0 289.6122122538542 8.578686603323744 289.59320679154695 8.635318144681793 65.79578779426951 184.895027422664 -999.0 6231.0 -999.0 -1 -999 {-999.0 -999.0 -999.0 -999.0 -999.0} "" -999.0 -999.0 -999.0 -999.0 -999 -999 "" "" "" "" 0 0 0.0 0.0 -999 ""
FIBERMAP 948 R-8C9 APOGEE 0 0 0 1 0 0 -14.2639942305068 -139.90503623804958 143.1 -81.52900462411525 -114.59878102121517 92.5081 83.08807 -999.0 -999.0 -999.0 -999.0 -999.0 289.510614947958 7.924049518129897 289.49325405550746 7.980473616280357 65.13544918462487 185.0167945737808 -999.0 16600.0 -999.0 2 -999 {-999.0 -999.0 -999.0 -999.0 -999.0} "" -999.0 -999.0 -999.0 -999.0 -999 -999 "" "" "" "" 0 0 0.0 0.0 -999 ""
FIBERMAP 948 R-8C9 BOSS 1 1 0 1 0 0 -13.517751847304154 -139.95767144382867 143.1 -80.90615832787587 -115.01326254893664 92.5081 83.08807 289.51342477343707 7.922022183873482 2.1857512 -0.92467034 0.32434934 289.51343134336946 7.9220194310234975 289.4960826817921 7.9785452369624625 65.13373396924568 185.0098109522662 5400.0 5400.0 2016.0 1 384 {-999.0 15.241464 14.144184 13.692134 -999.0} sdss_psfmag_gaia 14.778997 14.150219 13.243358 11.696 63050395674617538 1093438270 bright_3x1 mwm_astar_core_boss mwm_ob science 0 0 0.0 0.0 -999 ""
FIBERMAP 948 R-8C9 METROLOGY 0 0 0 1 0 0 -13.937103958708967 -140.57571107037572 143.1 -81.576153447188 -115.34344390161489 92.5081 83.08807 -999.0 -999.0 -999.0 -999.0 -999.0 289.5103673456376 7.920567071875085 289.4930203111859 7.977058807782939 65.13202661469242 185.01674056118364 -999.0 6231.0 -999.0 -1 -999 {-999.0 -999.0 -999.0 -999.0 -999.0} "" -999.0 -999.0 -999.0 -999.0 -999 -999 "" "" "" "" 0 0 0.0 0.0 -999 ""
FIBERMAP 950 R-5C15 APOGEE 0 0 0 1 0 0 64.8795698239501 -93.69821410094167 143.1 10.116452645993833 -113.52676982134892 171.44273 111.08042 -999.0 -999.0 -999.0 -999.0 -999.0 289.9314269089872 7.927728597129264 289.914062745436 7.985188159200071 65.16805479776492 184.0280551391994 -999.0 16600.0 -999.0 2 -999 {-999.0 -999.0 -999.0 -999.0 -999.0} "" -999.0 -999.0 -999.0 -999.0 -999 -999 "" "" "" "" 0 0 0.0 0.0 -999 ""
FIBERMAP 950 R-5C15 BOSS 1 1 0 1 0 0 64.70848634315561 -92.98116458770824 143.1 10.321988068010366 -112.81876798823065 171.44273 111.08042 289.9320477953533 7.930809213434091 -1.1048748 -5.005661 0.5352425 289.932379208461 7.930794311005599 289.9150129834484 7.988350065378512 65.17126718841111 184.02626742812512 5400.0 5400.0 2016.0 1 315 {-999.0 13.676582 12.896234 12.472185 -999.0} sdss_psfmag_from_g3xp 13.428541 12.843928 12.095351 10.865 63050395674586166 1068464537 bright_3x1 mwm_ob_core_boss mwm_ob science 0 0 1.1935174465179443 0.0 -999 ""
FIBERMAP 950 R-5C15 METROLOGY 0 0 0 1 0 0 65.416795091172 -93.18047768849789 143.1 10.839378308793224 -113.34204217580435 171.44273 111.08042 -999.0 -999.0 -999.0 -999.0 -999.0 289.9347503149372 7.928449283013751 289.91738846418014 7.985984517838 65.1690459958918 184.02033955311703 -999.0 6231.0 -999.0 -1 -999 {-999.0 -999.0 -999.0 -999.0 -999.0} "" -999.0 -999.0 -999.0 -999.0 -999 -999 "" "" "" "" 0 0 0.0 0.0 -999 ""
FIBERMAP 951 R+2C24 APOGEE 0 0 0 1 0 0 265.2248589167099 43.62394885659515 143.1 252.16580824715282 -93.11584559842763 62.467915 59.52812 -999.0 -999.0 -999.0 -999.0 -999.0 291.03687556048123 8.018832926895747 291.0193046163152 8.078987594101942 65.30602243897427 181.42627940409525 -999.0 16600.0 -999.0 2 -999 {-999.0 -999.0 -999.0 -999.0 -999.0} "" -999.0 -999.0 -999.0 -999.0 -999 -999 "" "" "" "" 0 0 0.0 0.0 -999 ""
FIBERMAP 951 R+2C24 BOSS 1 1 0 1 0 0 265.6268478316134 42.99887959155993 143.1 252.20649076977082 -93.85796067485926 62.467915 59.52812 291.0370307386926 8.015405125639612 -2.2005703 -5.689861 0.10007233 291.0370241227078 8.015388186269563 291.0194638303929 8.075637724899757 65.30267664825587 181.4257329019223 5400.0 5400.0 2016.0 1 185 {-999.0 14.401003 14.12793 14.049804 -999.0} sdss_psfmag_from_g3xp 14.376468 14.118874 13.697691 13.088 63050395663044493 1093195363 bright_3x1 mwm_astar_core_boss mwm_ob science 0 0 0.0 0.0 -999 ""
FIBERMAP 951 R+2C24 METROLOGY 0 0 0 1 0 0 264.8839075586684 42.96031179316251 143.1 251.54145257843172 -93.52441115730197 62.467915 59.52812 -999.0 -999.0 -999.0 -999.0 -999.0 291.03404513873295 8.016920907492645 291.0164803435088 8.077136283062863 65.30411229447007 181.4328770150843 -999.0 6231.0 -999.0 -1 -999 {-999.0 -999.0 -999.0 -999.0 -999.0} "" -999.0 -999.0 -999.0 -999.0 -999 -999 "" "" "" "" 0 0 0.0 0.0 -999 ""
FIBERMAP 954 R+12C12 APOGEE 0 0 0 1 0 0 90.9515269397929 254.03868135610116 143.1 204.60134424874474 175.9462619146567 150.5092 35.528534 -999.0 -999.0 -999.0 -999.0 -999.0 290.8256480434419 9.236718287505246 290.8050203122169 9.29615493282164 66.51738250313328 182.02144621363084 -999.0 16600.0 -999.0 2 -999 {-999.0 -999.0 -999.0 -999.0 -999.0} "" -999.0 -999.0 -999.0 -999.0 -999 -999 "" "" "" "" 0 0 0.0 0.0 -999 ""
FIBERMAP 954 R+12C12 BOSS 1 1 0 1 0 0 91.6871182018955 254.1207665520943 143.1 205.28149430211033 175.65418162455117 150.5092 35.528534 290.8287455649311 9.235295592705809 -2.4984195 -5.3823004 0.3862944 290.8287380291675 9.235279568978545 290.808116715258 9.294812740197003 66.51613257808557 182.0136803282826 5400.0 5400.0 2016.0 1 101 {-999.0 17.122494 15.654372 14.653818 -999.0} sdss_psfmag_ps1 -999.0 14.577037 -999.0 10.521 63050395675771793 1093384034 bright_3x1 mwm_astar_core_boss mwm_ob science 0 0 0.0 0.0 -999 ""
FIBERMAP 954 R+12C12 METROLOGY 0 0 0 1 0 0 91.3979266786979 253.44086093689708 143.1 204.6941052608136 175.20589632145132 150.5092 35.528534 -999.0 -999.0 -999.0 -999.0 -999.0 290.8260782404501 9.233324963613883 290.80546099404086 9.292826801888461 66.5140689414292 182.02010443482098 -999.0 6231.0 -999.0 -1 -999 {-999.0 -999.0 -999.0 -999.0 -999.0} "" -999.0 -999.0 -999.0 -999.0 -999 -999 "" "" "" "" 0 0 0.0 0.0 -999 ""
FIBERMAP 956 R+10C8 APOGEE 0 0 0 1 0 0 -28.075736418415932 199.87466704129528 143.1 74.34563769530175 187.66190622839667 72.303085 162.68929 -999.0 -999.0 -999.0 -999.0 -999.0 290.2302556734301 9.295110573878908 290.20945613806407 9.353078667531564 66.55013080000224 183.50195087626753 -999.0 16600.0 -999.0 2 -999 {-999.0 -999.0 -999.0 -999.0 -999.0} "" -999.0 -999.0 -999.0 -999.0 -999 -999 "" "" "" "" 0 0 0.0 0.0 -999 ""
FIBERMAP 956 R+10C8 BOSS 1 1 0 1 0 0 -27.661214076950166 200.49336421890766 143.1 75.0117582529178 187.99504568874346 72.303085 162.68929 290.23268365775414 9.296559438263532 0.6249847 -3.5817287 1.1347772 290.23332958180856 9.296548775045299 290.2125309840573 9.354612696891488 66.55182051698124 183.49453753635032 5400.0 5400.0 2016.0 1 120 {-999.0 9.566659 9.578731 9.62733 -999.0} sdss_psfmag_from_g3xp 9.612433 9.514248 9.304787 9.138 63050395676102022 1068464593 bright_3x1 mwm_ob_core_boss mwm_ob science 0 0 2.2880859375 0.0 -999 ""
FIBERMAP 956 R+10C8 METROLOGY 0 0 0 1 0 0 -27.331452683866612 199.82266989717067 143.1 74.96709622246152 187.24894725224672 72.303085 162.68929 -999.0 -999.0 -999.0 -999.0 -999.0 290.2331204485589 9.293205537712035 290.2123291809758 9.351244397620293 66.5484464256036 183.49459736750543 -999.0 6231.0 -999.0 -1 -999 {-999.0 -999.0 -999.0 -999.0 -999.0} "" -999.0 -999.0 -999.0 -999.0 -999 -999 "" "" "" "" 0 0 0.0 0.0 -999 ""
FIBERMAP 962 R-1C12 APOGEE 0 0 0 1 0 0 -38.18104686150461 -2.6645426522222415 143.1 -34.51472535548587 16.548307517135914 134.99535 81.947495 -999.0 -999.0 -999.0 -999.0 -999.0 289.727462178638 8.520206481653329 289.7086022860998 8.577065835247097 65.74571759608449 184.60769875144936 -999.0 16600.0 -999.0 2 -999 {-999.0 -999.0 -999.0 -999.0 -999.0} "" -999.0 -999.0 -999.0 -999.0 -999 -999 "" "" "" "" 0 0 0.0 0.0 -999 ""
FIBERMAP 962 R-1C12 BOSS 1 1 0 1 0 0 -37.60082489789855 -2.206276489642575 143.1 -33.783798355865976 16.66008164183533 134.99535 81.947495 289.7308086214079 8.520639682341866 -1.7445097 -4.3512316 0.23060328 289.73080336983816 8.520626728225041 289.71194886008976 8.577586069881797 65.74646248030231 184.59974842383056 5400.0 5400.0 2016.0 1 439 {-999.0 15.884926 14.991087 14.515516 -999.0} sdss_psfmag_from_g3xp 15.588156 14.959019 14.111743 12.68 63050395675250651 1093266083 bright_3x1 mwm_astar_core_boss mwm_ob science 0 0 0.0 0.0 -999 ""
FIBERMAP 962 R-1C12 METROLOGY 0 0 0 1 0 0 -37.48921245207622 -2.94387602015858 143.1 -34.051197162078964 15.963596108935853 134.99535 81.947495 -999.0 -999.0 -999.0 -999.0 -999.0 289.72957032488864 8.51748039292923 289.71072191270065 8.574411200360185 65.74321225129114 184.6021674950069 -999.0 6231.0 -999.0 -1 -999 {-999.0 -999.0 -999.0 -999.0 -999.0} "" -999.0 -999.0 -999.0 -999.0 -999 -999 "" "" "" "" 0 0 0.0 0.0 -999 ""
FIBERMAP 963 R+9C11 APOGEE 1 1 0 1 0 0 18.198795958862448 177.70458225039638 143.1 103.62690327516668 145.52108262705642 186.0718 98.54043 290.3642308142981 9.104016735951385 -4.446239 -9.044704 0.4219397 290.364593754347 9.103989808825888 290.34428147612533 9.162318793438631 66.366176276692 183.14560843700215 16000.0 16600.0 2016.0 2 28 {-999.0 16.659819 15.962989 10.78831 -999.0} sdss_psfmag_gaia 14.52267 11.297979 9.8369875 5.615 63050395676066724 1157128625 bright_1x1 mwm_galactic_core_dist_apogee_extra mwm_galactic science 0 0 1.337777853012085 0.0 -999 ""
FIBERMAP 963 R+9C11 BOSS 0 0 0 1 0 0 17.990798526459717 178.41679734585765 143.1 103.79795357624562 146.24312000767486 186.0718 98.54043 -999.0 -999.0 -999.0 -999.0 -999.0 290.36540931419694 9.10720587107706 290.34509322642583 9.165625605189783 66.36951692627049 183.1439967372894 -999.0 5400.0 -999.0 1 133 {-999.0 -999.0 -999.0 -999.0 -999.0} "" -999.0 -999.0 -999.0 -999.0 -999 -999 "" "" "" "" 0 0 0.0 0.0 -999 ""
FIBERMAP 963 R+9C11 METROLOGY 0 0 0 1 0 0 18.738332309177913 178.22618610442785 143.1 104.3537492987402 145.70803109180247 186.0718 98.54043 -999.0 -999.0 -999.0 -999.0 -999.0 290.36795368545353 9.10478522133354 290.3476425888838 9.163186297390569 66.36719772663743 183.1374409704008 -999.0 6231.0 -999.0 -1 -999 {-999.0 -999.0 -999.0 -999.0 -999.0} "" -999.0 -999.0 -999.0 -999.0 -999 -999 "" "" "" "" 0 0 0.0 0.0 -999 ""
FIBERMAP 964 R+8C14 APOGEE 0 0 0 1 0 0 94.4810664504381 165.41431375106714 143.1 163.88129206540106 97.1439884207443 49.40083 130.54916 -999.0 -999.0 -999.0 -999.0 -999.0 290.64041929547824 8.882937044161975 290.6206733703722 8.941978365941932 66.15735824148479 182.44542153252974 -999.0 16600.0 -999.0 2 -999 {-999.0 -999.0 -999.0 -999.0 -999.0} "" -999.0 -999.0 -999.0 -999.0 -999 -999 "" "" "" "" 0 0 0.0 0.0 -999 ""
FIBERMAP 964 R+8C14 BOSS 1 1 0 1 0 0 95.25404136803667 165.42733709685425 143.1 164.55982377766037 96.77338815470317 49.40083 130.54916 290.64354847038413 8.881172440993925 3.9235985 -0.8334112 1.4970646 290.6435602931352 8.881169959832702 290.6238219171549 8.940309533418576 66.15580328796919 182.4375828872245 5400.0 5400.0 2016.0 1 161 {-999.0 19.88695 18.505045 17.818798 -999.0} sdss_psfmag_ps1 19.326664 18.318941 17.300682 15.101 63050395675657889 1096251115 bright_1x1 mwm_bin_vis_boss mwm_filler science 0 0 0.0 0.0 -999 ""
FIBERMAP 964 R+8C14 METROLOGY 0 0 0 1 0 0 94.87011935029014 164.77768212946128 143.1 163.90501388599205 96.39821158268197 49.40083 130.54916 -999.0 -999.0 -999.0 -999.0 -999.0 290.64055805817236 8.879513433300296 290.62082311768387 8.938620325544749 66.15400778802312 182.4447541855072 -999.0 6231.0 -999.0 -1 -999 {-999.0 -999.0 -999.0 -999.0 -999.0} "" -999.0 -999.0 -999.0 -999.0 -999 -999 "" "" "" "" 0 0 0.0 0.0 -999 ""
FIBERMAP 965 R+5C15 APOGEE 0 0 0 1 0 0 87.94071609250854 88.65930261265441 143.1 120.27013687464716 33.63754173310763 314.35614 121.47957 -999.0 -999.0 -999.0 -999.0 -999.0 290.4399977271358 8.59574526509181 290.42096674619495 8.654342791236807 65.86211354337456 182.90236373724002 -999.0 16600.0 -999.0 2 -999 {-999.0 -999.0 -999.0 -999.0 -999.0} "" -999.0 -999.0 -999.0 -999.0 -999 -999 "" "" "" "" 0 0 0.0 0.0 -999 ""
FIBERMAP 965 R+5C15 BOSS 1 1 0 1 0 0 87.77795191870003 87.93009049131362 143.1 119.76831347605618 33.08391745139902 314.35614 121.47957 290.4377399442354 8.59317570621121 -1.3383102 -5.1061306 0.38333428 290.43773591469716 8.59316050467319 290.4187153314323 8.651844392644774 65.85952151925375 182.90753814273438 5400.0 5400.0 2016.0 1 213 {-999.0 18.37392 17.29627 16.771864 -999.0} sdss_psfmag_ps1 18.004211 17.189396 16.32045 14.597 63050395674969742 980289885 "" ops_std_boss_red ops_std standard_boss 0 0 0.0 0.0 -999 ""
FIBERMAP 965 R+5C15 METROLOGY 0 0 0 1 0 0 87.23049656962591 88.43071956466488 143.1 119.53966335723788 33.78970696345313 314.35614 121.47957 -999.0 -999.0 -999.0 -999.0 -999.0 290.43668838057397 8.596399257175117 290.41765852464204 8.65505410033418 65.86268313990438 182.91042915165406 -999.0 6231.0 -999.0 -1 -999 {-999.0 -999.0 -999.0 -999.0 -999.0} "" -999.0 -999.0 -999.0 -999.0 -999 -999 "" "" "" "" 0 0 0.0 0.0 -999 ""
FIBERMAP 971 R+4C2 APOGEE 0 0 0 1 0 0 -209.02654108431028 61.28619458750766 143.1 -151.46601197722524 156.56719225997807 34.253914 11.31969 -999.0 -999.0 -999.0 -999.0 -999.0 289.192325554672 9.155573736951998 289.1718426135289 9.211009710597764 66.33586719584426 186.03276144267647 -999.0 16600.0 -999.0 2 -999 {-999.0 -999.0 -999.0 -999.0 -999.0} "" -999.0 -999.0 -999.0 -999.0 -999 -999 "" "" "" "" 0 0 0.0 0.0 -999 ""
FIBERMAP 971 R+4C2 BOSS 1 1 0 1 0 0 -209.54904243509782 60.75024703566225 143.1 -152.18513334058125 156.3593551095213 34.253914 11.31969 289.1889953613281 9.154562638856135 -999.0 -999.0 -999.0 289.1889953613281 9.154562638856135 289.1685230911291 9.21007972834663 66.33464739429108 186.04068478941159 5400.0 5400.0 2015.5 1 72 {-999.0 -999.0 -999.0 -999.0 -999.0} "" -999.0 -999.0 -999.0 -999.0 27021603150999017 852978631 "" ops_sky_boss_fallback ops_sky sky_boss 0 0 0.0 0.0 -999 ""
FIBERMAP 971 R+4C2 METROLOGY 0 0 0 1 0 0 -209.75182755968459 61.461184613368914 143.1 -152.0101821866778 157.0777063147373 34.253914 11.31969 -999.0 -999.0 -999.0 -999.0 -999.0 289.1898219998901 9.157826064942377 289.169339085573 9.213319382528649 66.33794621363919 186.03940937336367 -999.0 6231.0 -999.0 -1 -999 {-999.0 -999.0 -999.0 -999.0 -999.0} "" -999.0 -999.0 -999.0 -999.0 -999 -999 "" "" "" "" 0 0 0.0 0.0 -999 ""
FIBERMAP 973 R+9C14 APOGEE 1 1 0 1 0 0 109.86341571788434 186.21728227887343 143.1 187.53481805268976 107.63168070132211 65.71688 102.46996 290.7484097429972 8.929554368198499 -2.3234403 -7.4851856 0.30581585 290.7484027409837 8.929532083940037 290.7285437107286 8.988830132415222 66.20784720162439 182.18570888225037 16000.0 16600.0 2016.0 2 39 {-999.0 16.424932 14.298854 13.157613 -999.0} sdss_psfmag_from_g3xp 15.353097 13.833771 12.636909 9.498 63050395675662043 1152367052 bright_1x1 mwm_galactic_core_dist_apogee_sparse mwm_galactic science 0 0 0.0 0.0 -999 ""
FIBERMAP 973 R+9C14 BOSS 0 0 0 1 0 0 110.60327253163668 186.09392041490665 143.1 188.1171663611892 107.1588578659843 65.71688 102.46996 -999.0 -999.0 -999.0 -999.0 -999.0 290.7510898042833 8.927300431270773 290.7312394337091 8.986695448893359 66.20579996061389 182.17894077208055 -999.0 5400.0 -999.0 1 162 {-999.0 -999.0 -999.0 -999.0 -999.0} "" -999.0 -999.0 -999.0 -999.0 -999 -999 "" "" "" "" 0 0 0.0 0.0 -999 ""
FIBERMAP 973 R+9C14 METROLOGY 0 0 0 1 0 0 110.11678467769923 185.5192553460953 143.1 187.4102283325817 106.89956194051331 65.71688 102.46996 -999.0 -999.0 -999.0 -999.0 -999.0 290.74786138832167 8.926177333150909 290.7280128892107 8.985539122866767 66.20454090298176 182.1867426618402 -999.0 6231.0 -999.0 -1 -999 {-999.0 -999.0 -999.0 -999.0 -999.0} "" -999.0 -999.0 -999.0 -999.0 -999 -999 "" "" "" "" 0 0 0.0 0.0 -999 ""
FIBERMAP 975 R-1C21 APOGEE 0 0 0 1 0 0 161.35556765231044 -5.0008729425369385 143.1 137.82675908125816 -84.07340424936895 134.99731 94.341515 -999.0 -999.0 -999.0 -999.0 -999.0 290.5179174104328 8.060299600581084 290.50023137077903 8.11917707183286 65.33063585675568 182.6593119804613 -999.0 16600.0 -999.0 2 -999 {-999.0 -999.0 -999.0 -999.0 -999.0} "" -999.0 -999.0 -999.0 -999.0 -999 -999 "" "" "" "" 0 0 0.0 0.0 -999 ""
FIBERMAP 975 R-1C21 BOSS 1 1 0 1 0 0 161.80192247278237 -4.436661353024393 143.1 138.49363666003498 -83.80336797958253 134.99731 94.341515 290.52102725958764 8.06141466632488 -2.5193553 -6.1256275 0.23048112 290.5210196843212 8.061396429627244 290.5033347032177 8.12037507952049 65.33195384347431 182.6520699339845 5400.0 5400.0 2016.0 1 270 {-999.0 18.716171 18.028091 17.704311 17.539051} sdss_psfmag_from_ps1dr2 18.4666 18.0043 17.3147 -999.0 63050395674740346 1040150946 "" ops_std_boss_ps1dr2 ops_std standard_boss 0 0 0.0 0.0 -999 ""
FIBERMAP 975 R-1C21 METROLOGY 0 0 0 1 0 0 162.09008629828853 -5.131809336340803 143.1 138.40072333922103 -84.55017552319276 134.99731 94.341515 -999.0 -999.0 -999.0 -999.0 -999.0 290.5205650351207 8.058039728982944 290.50288738059083 8.116991261467032 65.32855523650896 182.65281124362733 -999.0 6231.0 -999.0 -1 -999 {-999.0 -999.0 -999.0 -999.0 -999.0} "" -999.0 -999.0 -999.0 -999.0 -999 -999 "" "" "" "" 0 0 0.0 0.0 -999 ""
FIBERMAP 979 R+3C7 APOGEE 1 1 0 1 0 0 -143.56018128071682 51.99620707068181 143.1 -99.13356336996563 116.14292446123717 258.37308 39.843727 289.43135736305294 8.97333225415687 -3.382748 -5.1712766 -0.16576669 289.43134716744026 8.973316858671687 289.4113338414889 9.029372239147994 66.17495872321562 185.40932903570032 16000.0 16600.0 2016.0 2 125 {-999.0 22.858084 19.572172 16.147047 -999.0} sdss_psfmag_ps1 21.021696 16.243792 14.59774 9.293 63050395675381270 1154164964 bright_1x1 mwm_galactic_core_dist_apogee_sparse mwm_galactic science 0 0 0.0 0.0 -999 ""
FIBERMAP 979 R+3C7 BOSS 0 0 0 1 0 0 -143.9085098210938 52.64913865481506 143.1 -99.11382186114206 116.88275226416823 258.37308 39.843727 -999.0 -999.0 -999.0 -999.0 -999.0 289.4314046000787 8.97662544540252 289.4113901523012 9.032770330996893 66.17835032007832 185.40986690577208 -999.0 5400.0 -999.0 1 43 {-999.0 -999.0 -999.0 -999.0 -999.0} "" -999.0 -999.0 -999.0 -999.0 -999 -999 "" "" "" "" 0 0 0.0 0.0 -999 ""
FIBERMAP 979 R+3C7 METROLOGY 0 0 0 1 0 0 -143.1684590513985 52.632523873462446 143.1 -98.47856157913162 116.50264952628993 258.37308 39.843727 -999.0 -999.0 -999.0 -999.0 -999.0 289.43432582332264 8.974922010644262 289.41431369309566 9.031048903567688 66.17686605355934 185.4023995728413 -999.0 6231.0 -999.0 -1 -999 {-999.0 -999.0 -999.0 -999.0 -999.0} "" -999.0 -999.0 -999.0 -999.0 -999 -999 "" "" "" "" 0 0 0.0 0.0 -999 ""
FIBERMAP 983 R+6C5 APOGEE 1 1 0 1 0 0 -143.16988598079507 106.3263771416641 143.1 -71.9498723491896 163.18982902143128 229.25671 118.375305 289.5570861857618 9.18640545854149 -2.8910115 -4.1954603 0.2121799 289.55707746706395 9.186392968173537 289.53652813442255 9.242723388972951 66.39733672122497 185.14447786576102 16000.0 16600.0 2016.0 2 150 {-999.0 20.945463 17.537342 15.687233 -999.0} sdss_psfmag_ps1 18.784742 16.162764 14.72754 10.388 63050395675426891 1154165113 bright_1x1 mwm_galactic_core_dist_apogee_sparse mwm_galactic science 0 0 0.0 0.0 -999 ""
FIBERMAP 983 R+6C5 BOSS 0 0 0 1 0 0 -143.90734406099162 106.46629654767817 143.1 -72.52195395470996 163.67586333233797 229.25671 118.375305 -999.0 -999.0 -999.0 -999.0 -999.0 289.55442708014334 9.18854851865826 289.53387909297004 9.244961048492147 66.3993679674998 185.15141627853967 -999.0 5400.0 -999.0 1 49 {-999.0 -999.0 -999.0 -999.0 -999.0} "" -999.0 -999.0 -999.0 -999.0 -999 -999 "" "" "" "" 0 0 0.0 0.0 -999 ""
FIBERMAP 983 R+6C5 METROLOGY 0 0 0 1 0 0 -143.4166869013757 107.03448249859716 143.1 -71.81459204817357 163.92746566656228 229.25671 118.375305 -999.0 -999.0 -999.0 -999.0 -999.0 289.557689369224 9.189703188264367 289.5371365977386 9.24609834264385 66.40074769428784 185.14362593761356 -999.0 6231.0 -999.0 -1 -999 {-999.0 -999.0 -999.0 -999.0 -999.0} "" -999.0 -999.0 -999.0 -999.0 -999 -999 "" "" "" "" 0 0 0.0 0.0 -999 ""
FIBERMAP 985 R+9C10 APOGEE 1 1 0 1 0 0 8.925782002794143 183.32419382960003 143.1 98.34070363709586 154.9890614001767 61.62597 151.87854 290.3403654121874 9.146969263315473 -2.4595106 -3.6291022 0.19081159 290.3403579956316 9.146958459060713 290.31993655801836 9.205220951402316 66.40789565363838 183.210598151895 16000.0 16600.0 2016.0 2 10 {-999.0 17.37022 14.8291025 13.211052 -999.0} sdss_psfmag_from_g3xp 16.009993 13.914024 12.588365 9.032 63050395676072928 1152367446 bright_1x1 mwm_galactic_core_dist_apogee_sparse mwm_galactic science 0 0 0.0 0.0 -999 ""
FIBERMAP 985 R+9C10 BOSS 0 0 0 1 0 0 9.538058980244239 183.73372261951525 143.1 99.07542132206464 155.04262041858328 61.62597 151.87854 -999.0 -999.0 -999.0 -999.0 -999.0 290.3437561302359 9.147134536712658 290.3233386542849 9.205494449415367 66.40832885670211 183.20224895447777 -999.0 5400.0 -999.0 1 126 {-999.0 -999.0 -999.0 -999.0 -999.0} "" -999.0 -999.0 -999.0 -999.0 -999 -999 "" "" "" "" 0 0 0.0 0.0 -999 ""
FIBERMAP 985 R+9C10 METROLOGY 0 0 0 1 0 0 9.59006565976252 182.98394969649243 143.1 98.75018084223052 154.3650011797545 61.62597 151.87854 -999.0 -999.0 -999.0 -999.0 -999.0 290.3422568295083 9.144098615631691 290.32184573408387 9.202430101596097 66.40519782173669 183.20556229947647 -999.0 6231.0 -999.0 -1 -999 {-999.0 -999.0 -999.0 -999.0 -999.0} "" -999.0 -999.0 -999.0 -999.0 -999 -999 "" "" "" "" 0 0 0.0 0.0 -999 ""
FIBERMAP 986 R+2C13 APOGEE 0 0 1 1 0 0 0.5903407293825738 46.38987530276058 143.1 23.434359658091612 40.044025511655484 9.999181 169.96126 -999.0 -999.0 -999.0 -999.0 -999.0 289.9946722849748 8.626588471686667 289.97555101796956 8.684087583591896 65.86933312557039 183.98160586330047 -999.0 16600.0 -999.0 2 -999 {-999.0 -999.0 -999.0 -999.0 -999.0} "" -999.0 -999.0 -999.0 -999.0 -999 -999 "" "" "" "" 0 0 0.0 0.0 -999 ""
FIBERMAP 986 R+2C13 BOSS 1 0 1 1 0 0 1.343463013491466 46.38975360487345 143.1 24.08913471150973 39.67180482232795 9.999181 169.96126 289.90934199067215 8.657634899939229 -0.27346638 0.38362342 0.37531552 289.99769208975346 8.62481546582906 289.97858083117353 8.682413655769105 65.86783885068405 183.97405104531506 5400.0 5400.0 2016.0 1 105 {-999.0 18.286058 16.890888 16.200123 15.661086} sdss_psfmag_from_ps1dr2 17.7202 16.8014 15.8413 13.921 63050395675266264 1040151976 "" ops_std_boss_ps1dr2 ops_std standard_boss 0 0 0.0 0.0 -999 ""
FIBERMAP 986 R+2C13 METROLOGY 0 0 1 1 0 0 0.9736694045504025 45.749780694670584 143.1 23.451393252071405 39.29806594596943 9.999181 169.96126 -999.0 -999.0 -999.0 -999.0 -999.0 289.9947485560302 8.623143634814747 289.97563989002504 8.680708979036753 65.86596560702107 183.980903304401 -999.0 6231.0 -999.0 -1 -999 {-999.0 -999.0 -999.0 -999.0 -999.0} "" -999.0 -999.0 -999.0 -999.0 -999 -999 "" "" "" "" 0 0 0.0 0.0 -999 ""
FIBERMAP 988 R+7C6 APOGEE 0 0 0 1 0 0 -91.33612162967805 128.71127059906615 143.1 -15.820442500453215 157.04248887155927 315.68713 126.17372 -999.0 -999.0 -999.0 -999.0 -999.0 289.81521622756827 9.158459574278444 289.7947464820108 9.215430066140563 66.3883754928161 184.50477528875368 -999.0 16600.0 -999.0 2 -999 {-999.0 -999.0 -999.0 -999.0 -999.0} "" -999.0 -999.0 -999.0 -999.0 -999 -999 "" "" "" "" 0 0 0.0 0.0 -999 ""
FIBERMAP 988 R+7C6 BOSS 1 1 0 1 0 0 -91.51007906961236 127.87369681830491 143.1 -16.38553946125772 156.4001753453939 315.68713 126.17372 289.81259783801806 9.15553958488842 -1.1197361 -4.539154 0.3653033 289.81259446141735 9.155526071304786 289.79213808713433 9.212579716335089 66.38535914979852 184.5107124881006 5400.0 5400.0 2016.0 1 67 {-999.0 16.142532 14.724157 13.98785 -999.0} sdss_psfmag_from_g3xp 15.546918 14.545513 13.548394 11.591 63050395675409603 1093266088 bright_3x1 mwm_astar_core_boss mwm_ob science 0 0 0.0 0.0 -999 ""
FIBERMAP 988 R+7C6 METROLOGY 0 0 0 1 0 0 -92.0242751696203 128.42298829649323 143.1 -16.5612269577333 157.1318432492619 315.68713 126.17372 -999.0 -999.0 -999.0 -999.0 -999.0 289.81179778208514 9.15885215578576 289.7913312696398 9.21587802431 66.38859667700606 184.5132479014705 -999.0 6231.0 -999.0 -1 -999 {-999.0 -999.0 -999.0 -999.0 -999.0} "" -999.0 -999.0 -999.0 -999.0 -999 -999 "" "" "" "" 0 0 0.0 0.0 -999 ""
FIBERMAP 990 R+4C7 APOGEE 1 1 0 1 0 0 -111.76387512740197 65.90585632647745 143.1 -64.61416603937721 112.5268440720247 259.28928 129.2952 289.5900132673242 8.956972425829713 -4.472741 -3.699327 0.2433588 289.58999978707556 8.956961412507592 289.57003255450064 9.01341044706608 66.1711727766043 185.0194512641913 16000.0 16600.0 2016.0 2 95 {-999.0 17.105076 14.6919775 13.492567 -999.0} sdss_psfmag_from_g3xp 15.827149 14.152208 12.929422 9.659 63050395675377876 1152366840 bright_1x1 mwm_galactic_core_dist_apogee_sparse mwm_galactic science 0 0 0.0 0.0 -999 ""
FIBERMAP 990 R+4C7 BOSS 0 0 0 1 0 0 -112.40329122691568 65.5258262979319 143.1 -65.35790579721127 112.51234338242776 259.28928 129.2952 -999.0 -999.0 -999.0 -999.0 -999.0 289.58654208004623 8.956855041368712 289.5665818173543 9.013385547003288 66.17089386148999 185.02785880354074 -999.0 5400.0 -999.0 1 51 {-999.0 -999.0 -999.0 -999.0 -999.0} "" -999.0 -999.0 -999.0 -999.0 -999 -999 "" "" "" "" 0 0 0.0 0.0 -999 ""
FIBERMAP 990 R+4C7 METROLOGY 0 0 0 1 0 0 -112.42087701502128 66.26774866084446 143.1 -65.00661549653499 113.16612937529499 259.28928 129.2952 -999.0 -999.0 -999.0 -999.0 -999.0 289.5881752044028 8.959837918421938 289.5682055061694 9.016346450683875 66.17396613381574 185.0244470297429 -999.0 6231.0 -999.0 -1 -999 {-999.0 -999.0 -999.0 -999.0 -999.0} "" -999.0 -999.0 -999.0 -999.0 -999 -999 "" "" "" "" 0 0 0.0 0.0 -999 ""
FIBERMAP 991 R-3C20 APOGEE 1 1 0 1 0 0 159.77536717822676 -63.8706930716649 143.1 107.36542891218501 -134.4795789046095 182.89862 143.27625 290.3770702084082 7.831975172526403 0.06489903 -2.4266083 0.84390634 290.37707040343935 7.831967948234362 290.3599533742482 7.890538196353414 65.09640517065682 182.96763579499452 16000.0 16600.0 2016.0 2 226 {-999.0 11.177767 11.015783 10.982705 -999.0} sdss_psfmag_from_g3xp 11.185131 10.989058 10.645607 10.167 63050395674703745 975060379 "" ops_std_apogee ops_std standard_apogee 0 0 0.0 0.0 -999 ""
FIBERMAP 991 R-3C20 BOSS 0 0 0 1 0 0 159.15570546059348 -63.46904055943602 143.1 107.02509185625756 -133.82417200860857 182.89862 143.27625 -999.0 -999.0 -999.0 -999.0 -999.0 290.37556372623186 7.83479719583242 290.35844394380257 7.89345799462021 65.0992563930117 182.97148793861373 -999.0 5400.0 -999.0 1 290 {-999.0 -999.0 -999.0 -999.0 -999.0} "" -999.0 -999.0 -999.0 -999.0 -999 -999 "" "" "" "" 0 0 0.0 0.0 -999 ""
FIBERMAP 991 R-3C20 METROLOGY 0 0 0 1 0 0 159.81171949739553 -63.12489213737819 143.1 107.76553445212372 -133.84907113275685 182.89862 143.27625 -999.0 -999.0 -999.0 -999.0 -999.0 290.3789453793908 7.8347170898363 290.3618246508182 7.893359350560532 65.099305013748 182.96353211921758 -999.0 6231.0 -999.0 -1 -999 {-999.0 -999.0 -999.0 -999.0 -999.0} "" -999.0 -999.0 -999.0 -999.0 -999 -999 "" "" "" "" 0 0 0.0 0.0 -999 ""
FIBERMAP 994 R+7C2 APOGEE 0 0 0 1 0 0 -180.73363576964107 148.3457886061818 143.1 -83.84968888186616 218.2855550667384 73.95982 93.29349 -999.0 -999.0 -999.0 -999.0 -999.0 289.50360738143587 9.434373759619858 289.4824271218129 9.490532050410819 66.64024402173949 185.32640674193874 -999.0 16600.0 -999.0 2 -999 {-999.0 -999.0 -999.0 -999.0 -999.0} "" -999.0 -999.0 -999.0 -999.0 -999 -999 "" "" "" "" 0 0 0.0 0.0 -999 ""
FIBERMAP 994 R+7C2 BOSS 1 1 0 1 0 0 -179.99121101262193 148.2084409600217 143.1 -83.27201808464 217.7993028689288 73.95982 93.29349 289.5062255859375 9.432142411729728 -999.0 -999.0 -999.0 289.5062255859375 9.432142411729728 289.4850582348111 9.488395485120982 66.63831939089042 185.31945653278063 5400.0 5400.0 2015.5 1 70 {-999.0 -999.0 -999.0 -999.0 -999.0} "" -999.0 -999.0 -999.0 -999.0 27021603150999556 852140404 "" ops_sky_boss_fallback ops_sky sky_boss 0 0 0.0 0.0 -999 ""
FIBERMAP 994 R+7C2 METROLOGY 0 0 0 1 0 0 -180.4969445084367 147.638229967353 143.1 -83.99348933804656 217.5533889341123 73.95982 93.29349 -999.0 -999.0 -999.0 -999.0 -999.0 289.5029150408233 9.431049789238692 289.4817482689752 9.487269956617252 66.63693916639426 185.3274388768554 -999.0 6231.0 -999.0 -1 -999 {-999.0 -999.0 -999.0 -999.0 -999.0} "" -999.0 -999.0 -999.0 -999.0 -999 -999 "" "" "" "" 0 0 0.0 0.0 -999 ""
FIBERMAP 996 R-6C15 APOGEE 1 1 0 1 0 0 85.57395092128115 -97.25504053461661 143.1 26.35267495660707 -126.84442395673415 151.02322 57.546757 290.0058169785808 7.867150162128585 -3.1617265 -5.8995023 0.19607678 290.0058074763236 7.867132598631757 289.9885966572923 7.924785175848868 65.11205677641924 183.8443934099422 16000.0 16600.0 2016.0 2 183 {-999.0 21.133955 17.940477 15.76634 -999.0} sdss_psfmag_ps1 19.274202 16.255888 14.766901 10.22 63050395674578995 1154162512 bright_1x1 mwm_galactic_core_dist_apogee_sparse mwm_galactic science 0 0 0.0 0.0 -999 ""
FIBERMAP 996 R-6C15 BOSS 0 0 0 1 0 0 86.23758073986366 -96.91434321287407 143.1 27.098034252168084 -126.87608672032437 151.02322 57.546757 -999.0 -999.0 -999.0 -999.0 -999.0 290.00923504500946 7.866832518734285 289.99203044163664 7.924588190294574 65.11205350215887 183.83629835168955 -999.0 5400.0 -999.0 1 316 {-999.0 -999.0 -999.0 -999.0 -999.0} "" -999.0 -999.0 -999.0 -999.0 -999 -999 "" "" "" "" 0 0 0.0 0.0 -999 ""
FIBERMAP 996 R-6C15 METROLOGY 0 0 0 1 0 0 86.20335600693905 -97.66975917254547 143.1 26.695027887656853 -127.51600592980412 151.02322 57.546757 -999.0 -999.0 -999.0 -999.0 -999.0 290.00737390658355 7.8639714144570565 289.99017492283275 7.921696182929215 65.10906172343255 183.84026747107455 -999.0 6231.0 -999.0 -1 -999 {-999.0 -999.0 -999.0 -999.0 -999.0} "" -999.0 -999.0 -999.0 -999.0 -999 -999 "" "" "" "" 0 0 0.0 0.0 -999 ""
FIBERMAP 999 R0C27 APOGEE 0 0 0 1 0 0 284.8524839624918 20.40055494515998 143.1 257.757316095446 -123.00637880082512 171.68858 34.649525 -999.0 -999.0 -999.0 -999.0 -999.0 291.06044239322813 7.884110923637454 291.04320795117576 7.944345749773485 65.1718985692154 181.36313313152473 -999.0 16600.0 -999.0 2 -999 {-999.0 -999.0 -999.0 -999.0 -999.0} "" -999.0 -999.0 -999.0 -999.0 -999 -999 "" "" "" "" 0 0 0.0 0.0 -999 ""
FIBERMAP 999 R0C27 BOSS 1 1 0 1 0 0 285.50100600199374 20.74413836065192 143.1 258.490965278231 -123.0280674271537 171.68858 34.649525 291.0637020214081 7.883966092890435 6.4324946 -11.686882 1.1913241 291.0637213544206 7.883931299698231 291.04648911452784 7.944268692177973 65.17188697471022 181.35539197189033 5400.0 5400.0 2016.0 1 174 {-999.0 18.753946 17.257048 16.682503 -999.0} sdss_psfmag_ps1 18.061857 17.15158 16.18491 14.172 63050395663024267 1094298722 bright_1x1 mwm_bin_vis_boss mwm_filler science 0 0 0.0 0.0 -999 ""
FIBERMAP 999 R0C27 METROLOGY 0 0 0 1 0 0 285.4805837903628 19.99787320142155 143.1 258.10448149681537 -123.6668498456518 171.68858 34.649525 -999.0 -999.0 -999.0 -999.0 -999.0 291.0619495947391 7.881079005768607 291.0447241200808 7.941385750130322 65.16896945931703 181.35941571151918 -999.0 6231.0 -999.0 -1 -999 {-999.0 -999.0 -999.0 -999.0 -999.0} "" -999.0 -999.0 -999.0 -999.0 -999 -999 "" "" "" "" 0 0 0.0 0.0 -999 ""
FIBERMAP 1004 R-13C1 APOGEE 1 1 0 1 0 0 -125.97748685138268 -258.59397355638026 143.1 -237.306953153462 -162.60086601089753 38.322403 46.546448 288.80268137793297 7.711183545075031 2.160345 -11.413247 0.12914896 288.80268786821966 7.71114956652582 288.78585777927066 7.765861019183406 64.86128689869201 186.62493185377147 16000.0 16600.0 2016.0 2 199 {-999.0 17.575586 15.046419 17.709877 -999.0} sdss_psfmag_ps1 16.162172 14.476952 13.251873 9.973 63050395673904260 1154152945 bright_1x1 mwm_galactic_core_dist_apogee_sparse mwm_galactic science 0 0 0.0 0.0 -999 ""
FIBERMAP 1004 R-13C1 BOSS 0 0 0 1 0 0 -126.02803686489739 -259.32866755073644 143.1 -237.71391560408642 -163.21470133983345 38.322403 46.546448 -999.0 -999.0 -999.0 -999.0 -999.0 288.8008851249945 7.708322989968106 288.7840716104293 7.7631258670861385 64.85839157678507 186.62844697383696 -999.0 5400.0 -999.0 1 340 {-999.0 -999.0 -999.0 -999.0 -999.0} "" -999.0 -999.0 -999.0 -999.0 -999 -999 "" "" "" "" 0 0 0.0 0.0 -999 ""
FIBERMAP 1004 R-13C1 METROLOGY 0 0 0 1 0 0 -126.6527299254266 -258.92512853933727 143.1 -238.05769526954032 -162.5551681769258 38.322403 46.546448 -999.0 -999.0 -999.0 -999.0 -999.0 288.7993141137628 7.7113243812152525 288.78249031928175 7.766095821586503 64.86119370161524 186.632802286174 -999.0 6231.0 -999.0 -1 -999 {-999.0 -999.0 -999.0 -999.0 -999.0} "" -999.0 -999.0 -999.0 -999.0 -999 -999 "" "" "" "" 0 0 0.0 0.0 -999 ""
FIBERMAP 1009 R-13C2 APOGEE 1 1 0 1 0 0 -134.88673872792205 -250.09299713060773 143.1 -240.85319242647708 -150.80729173251584 160.25954 127.27125 288.7862703228437 7.764275935662495 -2.2343106 -4.176917 -0.27400613 288.786263609498 7.764263500499961 288.76929914212855 7.818925450387809 64.9124818750141 186.67568971526836 16000.0 16600.0 2016.0 2 190 {-999.0 23.447884 19.14068 16.967514 -999.0} sdss_psfmag_ps1 20.535751 17.226978 15.707739 10.948 63050395673910684 1154153090 bright_1x1 mwm_galactic_core_dist_apogee_sparse mwm_galactic science 0 0 0.0 0.0 -999 ""
FIBERMAP 1009 R-13C2 BOSS 0 0 0 1 0 0 -135.10510812608828 -249.3859318143418 143.1 -240.6937049721322 -150.08460730408757 160.25954 127.27125 -999.0 -999.0 -999.0 -999.0 -999.0 288.78695270097506 7.767416540497194 288.7699897134635 7.82217482908792 64.91578290726028 186.67483992833544 -999.0 5400.0 -999.0 1 341 {-999.0 -999.0 -999.0 -999.0 -999.0} "" -999.0 -999.0 -999.0 -999.0 -999 -999 "" "" "" "" 0 0 0.0 0.0 -999 ""
FIBERMAP 1009 R-13C2 METROLOGY 0 0 0 1 0 0 -134.37315236814374 -249.5520158199743 143.1 -240.13933543166326 -150.59067289646143 160.25954 127.27125 -999.0 -999.0 -999.0 -999.0 -999.0 288.78947011008427 7.765149069757188 288.7725101688108 7.81988700440236 64.91375246381892 186.66844686202654 -999.0 6231.0 -999.0 -1 -999 {-999.0 -999.0 -999.0 -999.0 -999.0} "" -999.0 -999.0 -999.0 -999.0 -999 -999 "" "" "" "" 0 0 0.0 0.0 -999 ""
FIBERMAP 1011 R+6C3 APOGEE 1 1 0 1 0 0 -190.49373125184522 121.41878082435329 143.1 -105.64056450418674 199.69511405949035 146.93466 124.4724 289.4032287597656 9.350617394869104 -999.0 -999.0 -999.0 289.4032287597656 9.350617394869104 289.3822575681118 9.40654188503231 66.54854059531539 185.55724438808957 16000.0 16600.0 2015.5 2 126 {-999.0 -999.0 -999.0 -999.0 -999.0} "" -999.0 -999.0 -999.0 -999.0 27021603151013082 849035053 "" ops_sky_apogee_good ops_sky sky_apogee 0 0 0.0 0.0 -999 ""
FIBERMAP 1011 R+6C3 BOSS 0 0 0 1 0 0 -190.51309053982425 122.15607638837453 143.1 -105.2931023345616 200.34575335882414 146.93466 124.4724 -999.0 -999.0 -999.0 -999.0 -999.0 289.40481262350875 9.353492155240277 289.3838415234871 9.40950839206635 66.55162593678416 185.55394594340828 -999.0 5400.0 -999.0 1 27 {-999.0 -999.0 -999.0 -999.0 -999.0} "" -999.0 -999.0 -999.0 -999.0 -999 -999 "" "" "" "" 0 0 0.0 0.0 -999 ""
FIBERMAP 1011 R+6C3 METROLOGY 0 0 0 1 0 0 -189.8505334197013 121.81219629109637 143.1 -104.88692285872452 199.7193847652963 146.93466 124.4724 -999.0 -999.0 -999.0 -999.0 -999.0 289.4066637420781 9.350701222981817 289.38569768991727 9.406697460080725 66.54897556672171 185.5487775324535 -999.0 6231.0 -999.0 -1 -999 {-999.0 -999.0 -999.0 -999.0 -999.0} "" -999.0 -999.0 -999.0 -999.0 -999 -999 "" "" "" "" 0 0 0.0 0.0 -999 ""
FIBERMAP 1012 R+1C12 APOGEE 0 0 0 1 0 0 -50.89315605105851 10.457675415882795 143.1 -39.08418759473093 34.23900034229217 252.5873 62.425014 -999.0 -999.0 -999.0 -999.0 -999.0 289.7065999185173 8.600820214824903 289.6875360713613 8.657614910045238 65.8246429169657 184.67187032769735 -999.0 16600.0 -999.0 2 -999 {-999.0 -999.0 -999.0 -999.0 -999.0} "" -999.0 -999.0 -999.0 -999.0 -999 -999 "" "" "" "" 0 0 0.0 0.0 -999 ""
FIBERMAP 1012 R+1C12 BOSS 1 1 0 1 0 0 -51.44051903819464 10.988510430293532 143.1 -39.29783276411486 34.97100809822755 252.5873 62.425014 289.7055809672286 8.604091438690002 4.773545 -2.7012746 1.3645002 289.7055953403799 8.604083396684507 289.6865293807061 8.66096658321279 65.82791755752031 184.67486216372495 5400.0 5400.0 2016.0 1 22 {-999.0 21.303783 19.243814 18.454462 -999.0} sdss_psfmag_ps1 20.26653 18.897474 17.827728 15.353 63050395675257821 1096741258 bright_1x1 mwm_bin_vis_boss mwm_filler science 0 0 0.0 0.0 -999 ""
FIBERMAP 1012 R+1C12 METROLOGY 0 0 0 1 0 0 -50.714731593174506 11.182124650364127 143.1 -38.57110100005773 34.78074563606873 252.5873 62.425014 -999.0 -999.0 -999.0 -999.0 -999.0 289.708946190615 8.603233264891818 289.6898809109395 8.660098890906877 65.82728144271901 184.6666432004736 -999.0 6231.0 -999.0 -1 -999 {-999.0 -999.0 -999.0 -999.0 -999.0} "" -999.0 -999.0 -999.0 -999.0 -999 -999 "" "" "" "" 0 0 0.0 0.0 -999 ""
FIBERMAP 1013 R+10C15 APOGEE 1 1 0 1 0 0 147.76634471673995 178.72951543734717 143.1 216.79150389590424 82.39341964154242 5.207728 50.203537 290.88138328000707 8.814165438840126 -4.3037076 -6.242339 0.12650517 290.8813703142566 8.81414685467843 290.86180571955055 8.87378924036524 66.09680501783285 181.85171307708742 16000.0 16600.0 2016.0 2 68 {-999.0 18.210602 15.889969 14.768124 -999.0} sdss_psfmag_ps1 16.996866 15.33335 14.108284 10.917 63050395675650525 1154165458 bright_1x1 mwm_galactic_core_dist_apogee_sparse mwm_galactic science 0 0 0.0 0.0 -999 ""
FIBERMAP 1013 R+10C15 BOSS 0 0 0 1 0 0 147.3692539128138 178.10387536368927 143.1 216.13710949404128 82.04563051907232 5.207728 50.203537 -999.0 -999.0 -999.0 -999.0 -999.0 290.8784280007495 8.812521015602817 290.85886986448793 8.872246986228138 66.09518342844211 181.85876394912256 -999.0 5400.0 -999.0 1 228 {-999.0 -999.0 -999.0 -999.0 -999.0} "" -999.0 -999.0 -999.0 -999.0 -999 -999 "" "" "" "" 0 0 0.0 0.0 -999 ""
FIBERMAP 1013 R+10C15 METROLOGY 0 0 0 1 0 0 147.01424115035366 178.75564524681405 143.1 216.15046512088716 82.78775087900192 5.207728 50.203537 -999.0 -999.0 -999.0 -999.0 -999.0 290.8784863924611 8.815901806755665 290.8589190643068 8.875601700957068 66.09853820658273 181.85887258344147 -999.0 6231.0 -999.0 -1 -999 {-999.0 -999.0 -999.0 -999.0 -999.0} "" -999.0 -999.0 -999.0 -999.0 -999 -999 "" "" "" "" 0 0 0.0 0.0 -999 ""
FIBERMAP 1016 R+1C16 APOGEE 1 1 0 1 0 0 45.94171172172571 7.301548930026517 143.1 43.553702889622244 -16.350974312500284 248.03365 98.72349 290.08658857257376 8.369456006518464 -2.2402172 -5.954518 0.99668866 290.0865818313967 8.369438279234025 290.06811011710704 8.427205798309904 65.61809985318351 183.72344753648755 16000.0 16600.0 2016.0 2 51 {-999.0 12.074391 11.605328 11.381477 -999.0} sdss_psfmag_from_g3xp 11.969202 11.594766 11.031364 10.217 63050395674921970 975060186 "" ops_std_apogee ops_std standard_apogee 0 0 0.0 0.0 -999 ""
FIBERMAP 1016 R+1C16 BOSS 0 0 0 1 0 0 45.21628217088006 7.455343598170625 143.1 42.99893573079994 -15.858818797581087 248.03365 98.72349 -999.0 -999.0 -999.0 -999.0 -999.0 290.08405414149166 8.37158593076326 290.065582324206 8.429439303324667 65.6201917968937 183.72979443908616 -999.0 5400.0 -999.0 1 190 {-999.0 -999.0 -999.0 -999.0 -999.0} "" -999.0 -999.0 -999.0 -999.0 -999 -999 "" "" "" "" 0 0 0.0 0.0 -999 ""
FIBERMAP 1016 R+1C16 METROLOGY 0 0 0 1 0 0 45.710589787243194 8.019376597094002 143.1 43.70741972909428 -15.612631106398716 248.03365 98.72349 -999.0 -999.0 -999.0 -999.0 -999.0 290.0873157596377 8.372726012658052 290.0688396775638 8.430561009375483 65.62148978628248 183.72215034838175 -999.0 6231.0 -999.0 -1 -999 {-999.0 -999.0 -999.0 -999.0 -999.0} "" -999.0 -999.0 -999.0 -999.0 -999 -999 "" "" "" "" 0 0 0.0 0.0 -999 ""
FIBERMAP 1017 R+5C18 APOGEE 1 1 0 1 0 0 147.66203275112542 81.60115442753246 143.1 168.7100492564632 -2.0075514219016304 294.32587 99.07532 290.66116333007807 8.43267280757648 -999.0 -999.0 -999.0 290.66116333007807 8.43267280757648 290.64254798487065 8.491839321898373 65.70827466276411 182.35312478999458 16000.0 16600.0 2015.5 2 70 {-999.0 -999.0 -999.0 -999.0 -999.0} "" -999.0 -999.0 -999.0 -999.0 27021603150993107 848255833 "" ops_sky_apogee_best ops_sky sky_apogee 0 0 0.0 0.0 -999 ""
FIBERMAP 1017 R+5C18 BOSS 0 0 0 1 0 0 146.9916446312505 81.33329934926174 143.1 167.9948047367404 -1.9092135254807394 294.32587 99.07532 -999.0 -999.0 -999.0 -999.0 -999.0 290.6579525887477 8.433040806820824 290.6393394213546 8.492291543977306 65.70861565263492 182.360872331194 -999.0 5400.0 -999.0 1 209 {-999.0 -999.0 -999.0 -999.0 -999.0} "" -999.0 -999.0 -999.0 -999.0 -999 -999 "" "" "" "" 0 0 0.0 0.0 -999 ""
FIBERMAP 1017 R+5C18 METROLOGY 0 0 0 1 0 0 147.0810440120313 82.06883961021775 143.1 168.43596460986834 -1.3138376984675224 294.32587 99.07532 -999.0 -999.0 -999.0 -999.0 -999.0 290.6599699781965 8.435763697256567 290.64134911294667 8.494992801645083 65.71138480171558 182.35627309722267 -999.0 6231.0 -999.0 -1 -999 {-999.0 -999.0 -999.0 -999.0 -999.0} "" -999.0 -999.0 -999.0 -999.0 -999 -999 "" "" "" "" 0 0 0.0 0.0 -999 ""
FIBERMAP 1018 R-1C8 APOGEE 0 0 0 1 0 0 -127.89511010959278 -10.241043456244968 143.1 -116.26407077177473 54.28796629900224 90.991684 139.63356 -999.0 -999.0 -999.0 -999.0 -999.0 289.3518485000542 8.692375691316814 289.33254441269423 8.748281122390248 65.8884731463652 185.54411144705438 -999.0 16600.0 -999.0 2 -999 {-999.0 -999.0 -999.0 -999.0 -999.0} "" -999.0 -999.0 -999.0 -999.0 -999 -999 "" "" "" "" 0 0 0.0 0.0 -999 ""
FIBERMAP 1018 R-1C8 BOSS 1 1 0 1 0 0 -127.43023726107243 -9.664330785314334 143.1 -115.57491514467814 54.55972249436633 90.991684 139.63356 289.3549591081055 8.693552935556033 -0.78893924 -3.0362484 0.19780082 289.3549567320439 8.693543896295235 289.33565738050623 8.749547924601709 65.88998839200866 185.5368600323048 5400.0 5400.0 2016.0 1 482 {-999.0 16.68755 15.124294 14.601192 -999.0} sdss_psfmag_ps1 15.9800005 15.028254 14.035465 12.193 63050395675287436 1093383811 bright_3x1 mwm_astar_core_boss mwm_ob science 0 0 0.0 0.0 -999 ""
FIBERMAP 1018 R-1C8 METROLOGY 0 0 0 1 0 0 -127.15836322723294 -10.35879748736438 143.1 -115.68165572043965 53.821556045104714 90.991684 139.63356 -999.0 -999.0 -999.0 -999.0 -999.0 289.35447020575276 8.690209008851408 289.3351771096021 8.746186569276627 65.88659942040914 185.53734243155 -999.0 6231.0 -999.0 -1 -999 {-999.0 -999.0 -999.0 -999.0 -999.0} "" -999.0 -999.0 -999.0 -999.0 -999 -999 "" "" "" "" 0 0 0.0 0.0 -999 ""
FIBERMAP 1019 R+3C24 APOGEE 1 1 0 1 0 0 258.0437807200247 74.03887035204859 143.1 260.9498027604235 -63.12211523938107 108.20662 93.66476 291.07777209973426 8.154266984605773 -2.3609924 -4.4181237 0.20716073 291.07776499899836 8.154253831343306 291.0598571573003 8.214485802201539 65.44231435682765 181.3366206965983 16000.0 16600.0 2016.0 2 84 {-999.0 14.176938 12.478256 11.144876 -999.0} sdss_psfmag_from_g3xp 13.432791 11.862907 10.648304 7.792 63050395663110717 1152354730 bright_1x1 mwm_galactic_core_dist_apogee_sparse mwm_galactic science 0 0 0.0 0.0 -999 ""
FIBERMAP 1019 R+3C24 BOSS 0 0 0 1 0 0 258.73053417700186 74.31196015992477 143.1 261.68186329999355 -63.22398762187723 108.20662 93.66476 -999.0 -999.0 -999.0 -999.0 -999.0 291.08105663081585 8.153693346558953 291.06315210923043 8.214026781572505 65.44191986651168 181.32875361645486 -999.0 5400.0 -999.0 1 246 {-999.0 -999.0 -999.0 -999.0 -999.0} "" -999.0 -999.0 -999.0 -999.0 -999 -999 "" "" "" "" 0 0 0.0 0.0 -999 ""
FIBERMAP 1019 R+3C24 METROLOGY 0 0 0 1 0 0 258.6289921329295 73.57720297747163 143.1 261.23053237210763 -63.81268292292608 108.20662 93.66476 -999.0 -999.0 -999.0 -999.0 -999.0 291.07899937508586 8.151064141973306 291.0611008406425 8.211366547747543 65.43922008108275 181.33351097275875 -999.0 6231.0 -999.0 -1 -999 {-999.0 -999.0 -999.0 -999.0 -999.0} "" -999.0 -999.0 -999.0 -999.0 -999 -999 "" "" "" "" 0 0 0.0 0.0 -999 ""
FIBERMAP 1025 R-7C7 APOGEE 1 1 0 1 0 0 -73.95015513302808 -153.79291881558248 143.1 -140.28770391622263 -97.18350283190186 322.95767 72.06478 289.24150399089694 8.003987031669677 -1.9557253 -4.7825866 -0.17599133 289.2414981112002 8.003972793359406 289.2239322543561 8.059719788801731 65.19336883991124 185.66467056958777 16000.0 16600.0 2016.0 2 294 {-999.0 23.954014 20.735092 17.241816 -999.0} sdss_psfmag_ps1 21.967672 17.244123 15.534907 9.975 63050395675036734 1154163412 bright_1x1 mwm_galactic_core_dist_apogee_sparse mwm_galactic science 0 0 0.0 0.0 -999 ""
FIBERMAP 1025 R-7C7 BOSS 0 0 0 1 0 0 -74.54655376649139 -154.22789986565158 143.1 -141.02119134449904 -97.26703786337131 322.95767 72.06478 -999.0 -999.0 -999.0 -999.0 -999.0 289.23809156652 8.003479718513296 289.22053484421656 8.059312480462674 65.19268079151418 185.6725782237994 -999.0 5400.0 -999.0 1 410 {-999.0 -999.0 -999.0 -999.0 -999.0} "" -999.0 -999.0 -999.0 -999.0 -999 -999 "" "" "" "" 0 0 0.0 0.0 -999 ""
FIBERMAP 1025 R-7C7 METROLOGY 0 0 0 1 0 0 -74.6309921509797 -153.4835273154904 143.1 -140.72681833604898 -96.57808983262514 322.95767 72.06478 -999.0 -999.0 -999.0 -999.0 -999.0 289.2394422194065 8.00663211378209 289.2218752833178 8.062441010321466 65.19590967055291 185.67005179008092 -999.0 6231.0 -999.0 -1 -999 {-999.0 -999.0 -999.0 -999.0 -999.0} "" -999.0 -999.0 -999.0 -999.0 -999 -999 "" "" "" "" 0 0 0.0 0.0 -999 ""
FIBERMAP 1028 R+9C8 APOGEE 1 1 0 1 0 0 -35.28545274187275 162.99963343509887 143.1 49.85701907516902 159.16158538334184 251.52792 129.67911 290.1175564454669 9.167093203880873 -3.2211258 -4.756898 0.16295719 290.1175467317408 9.167079042048572 290.09706614031603 9.224791316128341 66.41604331726492 183.762164027292 16000.0 16600.0 2016.0 2 2 {-999.0 20.584005 17.406649 15.820434 -999.0} sdss_psfmag_ps1 18.72894 16.349731 14.962918 10.947 63050395675353237 1154165004 bright_1x1 mwm_galactic_core_dist_apogee_sparse mwm_galactic science 0 0 0.0 0.0 -999 ""
FIBERMAP 1028 R+9C8 BOSS 0 0 0 1 0 0 -35.98145646240011 162.7515896921689 143.1 49.12929065447489 159.28980568518202 251.52792 129.67911 -999.0 -999.0 -999.0 -999.0 -999.0 290.1142117141355 9.16763960010218 290.09373461263027 9.225432631258506 66.4164996141261 183.7704599334366 -999.0 5400.0 -999.0 1 124 {-999.0 -999.0 -999.0 -999.0 -999.0} "" -999.0 -999.0 -999.0 -999.0 -999 -999 "" "" "" "" 0 0 0.0 0.0 -999 ""
FIBERMAP 1028 R+9C8 METROLOGY 0 0 0 1 0 0 -35.8500103801587 163.48290308550673 143.1 49.60492139603988 159.86073116060058 251.52792 129.67911 -999.0 -999.0 -999.0 -999.0 -999.0 290.11640209344506 9.170225565295414 290.09591710417806 9.227998311452291 66.41918187323687 183.76544263390514 -999.0 6231.0 -999.0 -1 -999 {-999.0 -999.0 -999.0 -999.0 -999.0} "" -999.0 -999.0 -999.0 -999.0 -999 -999 "" "" "" "" 0 0 0.0 0.0 -999 ""
FIBERMAP 1032 R+2C8 APOGEE 0 0 0 1 0 0 -117.18534249271168 58.70593332001109 143.1 -72.88555323796822 108.94528192927076 162.5327 45.112137 -999.0 -999.0 -999.0 -999.0 -999.0 289.55189535689647 8.940715510270863 289.5319680882836 8.997073328978894 66.1520564184064 185.10917130494576 -999.0 16600.0 -999.0 2 -999 {-999.0 -999.0 -999.0 -999.0 -999.0} "" -999.0 -999.0 -999.0 -999.0 -999 -999 "" "" "" "" 0 0 0.0 0.0 -999 ""
FIBERMAP 1032 R+2C8 BOSS 1 1 0 1 0 0 -116.52083469503182 59.05826262587581 143.1 -72.13368322560814 108.92329929802351 162.5327 45.112137 289.5553105972192 8.940585426474753 1.6764873 -4.692566 -0.14604199 289.55531564970204 8.940571456166335 289.5353958409317 8.997027773812938 66.15226746177107 185.10081327396392 5400.0 5400.0 2016.0 1 44 {-999.0 15.301417 14.571074 14.21226 -999.0} sdss_psfmag_from_g3xp 15.08432 14.580708 13.850709 12.603 63050395675375756 1093195393 bright_3x1 mwm_astar_core_boss mwm_ob science 0 0 0.0 0.0 -999 ""
FIBERMAP 1032 R+2C8 METROLOGY 0 0 0 1 0 0 -116.55031400429564 58.314269178926104 143.1 -72.52691965313795 108.29096719705532 162.5327 45.112137 -999.0 -999.0 -999.0 -999.0 -999.0 289.55350518383386 8.937718697073363 289.5335905123654 8.99414551140354 66.14925845988445 185.1046707112066 -999.0 6231.0 -999.0 -1 -999 {-999.0 -999.0 -999.0 -999.0 -999.0} "" -999.0 -999.0 -999.0 -999.0 -999 -999 "" "" "" "" 0 0 0.0 0.0 -999 ""
FIBERMAP 1034 R+13C2 APOGEE 1 1 0 1 0 0 -128.0467778544156 258.34571366721946 143.1 16.311756491741654 287.897434543162 62.91467 164.15237 289.9642935014757 9.744764289454132 -1.5908135 -4.5312824 0.120914705 289.96428869610696 9.744750799305221 289.9423401626209 9.801992508015934 66.98315578004036 184.2340190265218 16000.0 16600.0 2016.0 2 113 {-999.0 19.060768 16.010942 14.500776 -999.0} sdss_psfmag_ps1 17.328365 15.050083 13.682657 9.678 63050395676232370 1154166514 bright_1x1 mwm_galactic_core_dist_apogee_sparse mwm_galactic science 0 0 0.0 0.0 -999 ""
FIBERMAP 1034 R+13C2 BOSS 0 0 0 1 0 0 -127.53042595242732 258.8866405671361 143.1 17.027991224331124 288.11263962548134 62.91467 164.15237 -999.0 -999.0 -999.0 -999.0 -999.0 289.9675655154467 9.745589613089802 289.9456204996931 9.80292585043945 66.9842907337348 184.22591819936136 -999.0 5400.0 -999.0 1 95 {-999.0 -999.0 -999.0 -999.0 -999.0} "" -999.0 -999.0 -999.0 -999.0 -999 -999 "" "" "" "" 0 0 0.0 0.0 -999 ""
FIBERMAP 1034 R+13C2 METROLOGY 0 0 0 1 0 0 -127.31447730674418 258.18130112801 143.1 16.86725168999434 287.39265192123946 62.91467 164.15237 -999.0 -999.0 -999.0 -999.0 -999.0 289.96682548932404 9.742426817952056 289.94488689121863 9.799737212810722 66.98106294400185 184.22725047076992 -999.0 6231.0 -999.0 -1 -999 {-999.0 -999.0 -999.0 -999.0 -999.0} "" -999.0 -999.0 -999.0 -999.0 -999 -999 "" "" "" "" 0 0 0.0 0.0 -999 ""
FIBERMAP 1036 R0C17 APOGEE 1 1 0 1 0 0 57.13145975636717 14.284119570350201 143.1 56.7331815927438 -15.808484386905853 156.14838 81.58271 290.14723733689516 8.371747504552227 -0.08089275 -4.824765 0.9421175 290.14723709347425 8.371733140671362 290.1287610699462 8.429649283981886 65.62378743366577 183.57863210678755 16000.0 16600.0 2016.0 2 47 {-999.0 15.787998 14.038326 13.129927 -999.0} sdss_psfmag_from_g3xp 14.759055 13.873634 12.509505 10.104 63050395674921521 1150134918 bright_12x1 mwm_bin_rv_short_subgiant_apogee_12epoch mwm_bin science 0 0 0.0 0.0 -999 ""
FIBERMAP 1036 R0C17 BOSS 0 0 0 1 0 0 57.52114989843095 14.928633319502055 143.1 57.39046657645291 -15.440628080877072 156.14838 81.58271 -999.0 -999.0 -999.0 -999.0 -999.0 290.1502928432526 8.37329860401015 290.13181808137716 8.431314402947772 65.6256105081404 183.57152899515657 -999.0 5400.0 -999.0 1 181 {-999.0 -999.0 -999.0 -999.0 -999.0} "" -999.0 -999.0 -999.0 -999.0 -999 -999 "" "" "" "" 0 0 0.0 0.0 -999 ""
FIBERMAP 1036 R0C17 METROLOGY 0 0 0 1 0 0 57.883754323710896 14.254385746753995 143.1 57.372605712157956 -16.20604366528722 156.14838 81.58271 -999.0 -999.0 -999.0 -999.0 -999.0 290.15019447050264 8.369840334295732 290.13172699702193 8.427830281551032 65.6221265038383 183.57129998102923 -999.0 6231.0 -999.0 -1 -999 {-999.0 -999.0 -999.0 -999.0 -999.0} "" -999.0 -999.0 -999.0 -999.0 -999 -999 "" "" "" "" 0 0 0.0 0.0 -999 ""
FIBERMAP 1037 R+4C11 APOGEE 0 0 0 1 0 0 -25.969367076644495 61.083273354148815 143.1 7.600809867290242 65.94289577999717 285.09372 87.107666 -999.0 -999.0 -999.0 -999.0 -999.0 289.9220274529636 8.7446931864025 289.90260636916264 8.801994239064236 65.98266123970313 184.1755170699473 -999.0 16600.0 -999.0 2 -999 {-999.0 -999.0 -999.0 -999.0 -999.0} "" -999.0 -999.0 -999.0 -999.0 -999 -999 "" "" "" "" 0 0 0.0 0.0 -999 ""
FIBERMAP 1037 R+4C11 BOSS 1 1 0 1 0 0 -26.68950798059748 60.903179958535034 143.1 6.885668324141641 66.14212458108331 285.09372 87.107666 289.9186509755668 8.745585881163006 27.394308 -11.001373 3.415251 289.9187334909528 8.745553128800632 289.8993150498915 8.80293686957421 65.98340034032663 184.1836368891467 5400.0 5400.0 2016.0 1 113 {-999.0 21.272274 19.686296 18.3396 -999.0} sdss_psfmag_ps1 20.598946 18.96786 17.6934 15.686 63050395675273459 1096253409 bright_1x1 mwm_bin_vis_boss mwm_filler science 0 0 0.0 0.0 -999 ""
FIBERMAP 1037 R+4C11 METROLOGY 0 0 0 1 0 0 -26.485299234838394 61.6222315980353 143.1 7.418507266914036 66.66643678011981 285.09372 87.107666 -999.0 -999.0 -999.0 -999.0 -999.0 289.92119489804384 8.747951928044152 289.90176966123727 8.805315495327914 65.98592486748316 184.1780505551898 -999.0 6231.0 -999.0 -1 -999 {-999.0 -999.0 -999.0 -999.0 -999.0} "" -999.0 -999.0 -999.0 -999.0 -999 -999 "" "" "" "" 0 0 0.0 0.0 -999 ""
FIBERMAP 1039 R-1C4 APOGEE 0 0 0 1 0 0 -204.03077936801307 -14.155629343842852 143.1 -184.39774799140244 88.50260438536482 9.37301 138.05089 -999.0 -999.0 -999.0 -999.0 -999.0 289.0404925291332 8.847216899846563 289.02078827124643 8.902328343433975 66.01480792940234 186.33043113556153 -999.0 16600.0 -999.0 2 -999 {-999.0 -999.0 -999.0 -999.0 -999.0} "" -999.0 -999.0 -999.0 -999.0 -999 -999 "" "" "" "" 0 0 0.0 0.0 -999 ""
FIBERMAP 1039 R-1C4 BOSS 1 1 0 1 0 0 -203.39545132073812 -14.55267963258708 143.1 -184.0415152171895 87.84345842005932 9.37301 138.05089 289.0420532226562 8.844165987184766 -999.0 -999.0 -999.0 289.0420532226562 8.844165987184764 289.02236545102926 8.899372291170472 66.0120110876542 186.3259330819855 5400.0 5400.0 2015.5 1 432 {-999.0 -999.0 -999.0 -999.0 -999.0} "" -999.0 -999.0 -999.0 -999.0 27021603150997049 852978234 "" ops_sky_boss_fallback ops_sky sky_boss 0 0 0.0 0.0 -999 ""
FIBERMAP 1039 R-1C4 METROLOGY 0 0 0 1 0 0 -204.06486249743404 -14.900948282821782 143.1 -184.7956423327828 87.87139450738454 9.37301 138.05089 -999.0 -999.0 -999.0 -999.0 -999.0 289.0386261781074 8.844303529199795 289.01893546023086 8.899475696016747 66.01179603991136 186.33425530819838 -999.0 6231.0 -999.0 -1 -999 {-999.0 -999.0 -999.0 -999.0 -999.0} "" -999.0 -999.0 -999.0 -999.0 -999 -999 "" "" "" "" 0 0 0.0 0.0 -999 ""
FIBERMAP 1040 R+5C11 APOGEE 1 1 0 1 0 0 -5.044775744547926 81.92850130237737 143.1 36.09416138801708 73.72893151176399 315.2175 91.85564 290.05339259071206 8.779747168505107 -3.4577267 -7.564842 0.07199506 290.0533821746108 8.779724647099705 290.0338766921609 8.837342823055659 66.0256832605101 183.86229224550644 16000.0 16600.0 2016.0 2 20 {-999.0 18.611584 15.824666 14.646229 -999.0} sdss_psfmag_ps1 16.999926 15.176989 13.914838 10.506 63050395675309970 1154164453 bright_1x1 mwm_galactic_core_dist_apogee_sparse mwm_galactic science 0 0 0.0 0.0 -999 ""
FIBERMAP 1040 R+5C11 BOSS 0 0 0 1 0 0 -5.563730752887361 81.38638846310974 143.1 35.37507730235006 73.51398144749724 315.2175 91.85564 -999.0 -999.0 -999.0 -999.0 -999.0 290.0500807592897 8.778705225996069 290.03058297171077 8.836406157711261 66.02456139442859 183.87015628310064 -999.0 5400.0 -999.0 1 137 {-999.0 -999.0 -999.0 -999.0 -999.0} "" -999.0 -999.0 -999.0 -999.0 -999 -999 "" "" "" "" 0 0 0.0 0.0 -999 ""
FIBERMAP 1040 R+5C11 METROLOGY 0 0 0 1 0 0 -5.777218519981449 82.09910807528655 143.1 35.541603071058645 74.23917025590754 315.2175 91.85564 -999.0 -999.0 -999.0 -999.0 -999.0 290.05085405289634 8.782020180209388 290.0313464334509 8.839696752450422 66.02788988176596 183.86876776349047 -999.0 6231.0 -999.0 -1 -999 {-999.0 -999.0 -999.0 -999.0 -999.0} "" -999.0 -999.0 -999.0 -999.0 -999 -999 "" "" "" "" 0 0 0.0 0.0 -999 ""
FIBERMAP 1044 R+13C10 APOGEE 1 1 0 1 0 0 67.36581230984433 237.76109411089882 143.1 176.0510164289718 173.44661258220663 346.70535 71.509514 290.6958525861415 9.227064031606039 -2.126111 -4.5135627 0.35210797 290.69584617348903 9.227050594210828 290.67523723398574 9.286171168172649 66.5032495774215 182.34180381494872 16000.0 16600.0 2016.0 2 50 {-999.0 15.846653 13.4760275 12.1236725 -999.0} sdss_psfmag_from_g3xp 14.605419 12.814768 11.559979 8.262 63050395675713069 1152367075 bright_1x1 mwm_galactic_core_dist_apogee_sparse mwm_galactic science 0 0 0.0 0.0 -999 ""
FIBERMAP 1044 R+13C10 BOSS 0 0 0 1 0 0 66.99194833116292 237.11379694481158 143.1 175.4061169209868 173.06851646480501 346.70535 71.509514 -999.0 -999.0 -999.0 -999.0 -999.0 290.69292565366834 9.225310963410532 290.672324127773 9.284513433049275 66.50149261034808 182.3488648483718 -999.0 5400.0 -999.0 1 164 {-999.0 -999.0 -999.0 -999.0 -999.0} "" -999.0 -999.0 -999.0 -999.0 -999 -999 "" "" "" "" 0 0 0.0 0.0 -999 ""
FIBERMAP 1044 R+13C10 METROLOGY 0 0 0 1 0 0 66.61455878700878 237.76206835450748 143.1 175.3982874915804 173.8186512069028 346.70535 71.509514 -999.0 -999.0 -999.0 -999.0 -999.0 290.6928794311446 9.228706690593386 290.67226846903367 9.287883324548613 66.50485852785046 182.34929771765596 -999.0 6231.0 -999.0 -1 -999 {-999.0 -999.0 -999.0 -999.0 -999.0} "" -999.0 -999.0 -999.0 -999.0 -999 -999 "" "" "" "" 0 0 0.0 0.0 -999 ""
FIBERMAP 1046 R+5C21 APOGEE 0 0 0 1 0 0 219.00076275935209 75.9021093833866 143.1 227.9227586620548 -42.21103279521602 1.092977 20.6554 -999.0 -999.0 -999.0 -999.0 -999.0 290.9294598313492 8.24922386292688 290.91131089549924 8.309077469331239 65.53357715108791 181.69598427058827 -999.0 16600.0 -999.0 2 -999 {-999.0 -999.0 -999.0 -999.0 -999.0} "" -999.0 -999.0 -999.0 -999.0 -999 -999 "" "" "" "" 0 0 0.0 0.0 -999 ""
FIBERMAP 1046 R+5C21 BOSS 1 1 0 1 0 0 218.3264824505412 75.60863931845493 143.1 227.19147363995904 -42.13304385596862 1.092977 20.6554 290.92619458105185 8.249510220857275 -3.840946 -7.559476 1.491373 290.9261830265558 8.24948771542802 290.90803540938606 8.30942622284826 65.53384408677628 181.70382895528596 5400.0 5400.0 2016.0 1 237 {-999.0 16.703518 15.733791 15.283116 -999.0} sdss_psfmag_ps1 16.263021 15.647583 14.888139 13.376 63050395674818152 1096230527 bright_1x1 mwm_bin_vis_boss mwm_filler science 0 0 0.0 0.0 -999 ""
FIBERMAP 1046 R+5C21 METROLOGY 0 0 0 1 0 0 218.40480572968457 76.35099377752574 143.1 227.6263697805156 -41.52627046574518 1.092977 20.6554 -999.0 -999.0 -999.0 -999.0 -999.0 290.92816545445976 8.252258266719315 290.91001059600796 8.312174784869352 65.53664109310176 181.69927839348722 -999.0 6231.0 -999.0 -1 -999 {-999.0 -999.0 -999.0 -999.0 -999.0} "" -999.0 -999.0 -999.0 -999.0 -999 -999 "" "" "" "" 0 0 0.0 0.0 -999 ""
FIBERMAP 1051 R-5C20 APOGEE 1 1 0 1 0 0 204.1338322715871 -82.65189280872504 143.1 136.65512109414058 -172.72706623806585 97.83184 54.623043 290.5094733788556 7.6592246079957125 -0.12656176 -3.4480205 0.20815611 290.50947299867477 7.6592143428422865 290.4927903689468 7.718138274990824 64.92961675012269 182.6394015742449 16000.0 16600.0 2016.0 2 233 {-999.0 15.155572 13.604837 12.928316 -999.0} sdss_psfmag_from_g3xp 14.488556 13.487257 12.506111 10.267 63050395662710072 1152354326 bright_1x1 mwm_galactic_core_dist_apogee_sparse mwm_galactic science 0 0 0.0 0.0 -999 ""
FIBERMAP 1051 R-5C20 BOSS 0 0 0 1 0 0 204.81207705046918 -82.95995166774696 143.1 137.09264003098963 -173.33003969862068 97.83184 54.623043 -999.0 -999.0 -999.0 -999.0 -999.0 290.5114632743673 7.6563719954114156 290.494791518854 7.715396785567101 64.92695477091365 182.63447271070854 -999.0 5400.0 -999.0 1 278 {-999.0 -999.0 -999.0 -999.0 -999.0} "" -999.0 -999.0 -999.0 -999.0 -999 -999 "" "" "" "" 0 0 0.0 0.0 -999 ""
FIBERMAP 1051 R-5C20 METROLOGY 0 0 0 1 0 0 204.2089926708232 -83.39805055871608 143.1 136.35179887421415 -173.41298227161812 97.83184 54.623043 -999.0 -999.0 -999.0 -999.0 -999.0 290.5080799072674 7.656028487415205 290.4914079049371 7.715017976398058 64.92644527792211 182.64234389117604 -999.0 6231.0 -999.0 -1 -999 {-999.0 -999.0 -999.0 -999.0 -999.0} "" -999.0 -999.0 -999.0 -999.0 -999 -999 "" "" "" "" 0 0 0.0 0.0 -999 ""
FIBERMAP 1054 R-2C7 APOGEE 1 1 0 1 0 0 -118.89151152572525 -30.097530551610554 143.1 -118.24651251612596 32.57422913585257 65.25876 76.05901 289.3425529475341 8.593640427165738 -2.587124 -4.1315436 0.021813199 289.34254515791406 8.593628127085127 289.32349081912196 8.64952686045211 65.78931743332686 185.54607017655917 16000.0 16600.0 2016.0 2 255 {-999.0 21.627787 18.300926 15.643662 -999.0} sdss_psfmag_ps1 19.738554 16.005476 14.453857 9.762 63050395675134275 1154163867 bright_1x1 mwm_galactic_core_dist_apogee_sparse mwm_galactic science 0 0 0.0 0.0 -999 ""
FIBERMAP 1054 R-2C7 BOSS 0 0 0 1 0 0 -118.32015445544326 -30.57300071073652 143.1 -117.98464907362687 31.878505394541087 65.25876 76.05901 -999.0 -999.0 -999.0 -999.0 -999.0 289.34368007785076 8.590385687315063 289.3246415337682 8.646379314276272 65.78627402676896 185.54267476985743 -999.0 5400.0 -999.0 1 471 {-999.0 -999.0 -999.0 -999.0 -999.0} "" -999.0 -999.0 -999.0 -999.0 -999 -999 "" "" "" "" 0 0 0.0 0.0 -999 ""
FIBERMAP 1054 R-2C7 METROLOGY 0 0 0 1 0 0 -119.0194925637064 -30.83079372829243 143.1 -118.72009380364477 31.999896270563507 65.25876 76.05901 -999.0 -999.0 -999.0 -999.0 -999.0 289.3403181773839 8.590962369175708 289.32127594226995 8.64692165947278 65.78654098689893 185.5508687231255 -999.0 6231.0 -999.0 -1 -999 {-999.0 -999.0 -999.0 -999.0 -999.0} "" -999.0 -999.0 -999.0 -999.0 -999 -999 "" "" "" "" 0 0 0.0 0.0 -999 ""
FIBERMAP 1056 R-6C9 APOGEE 0 0 0 1 0 0 -59.24070514856881 -123.49726605175753 143.1 -112.52896030929709 -78.10950312763156 224.91946 97.94502 -999.0 -999.0 -999.0 -999.0 -999.0 289.36843744490346 8.09014749111711 289.3506557492668 8.146193374803053 65.28981051603853 185.38298370562612 -999.0 16600.0 -999.0 2 -999 {-999.0 -999.0 -999.0 -999.0 -999.0} "" -999.0 -999.0 -999.0 -999.0 -999 -999 "" "" "" "" 0 0 0.0 0.0 -999 ""
FIBERMAP 1056 R-6C9 BOSS 1 1 0 1 0 0 -59.837817049978305 -123.05521104915326 143.1 -112.82972772123966 -77.43010829424254 224.91946 97.94502 289.3670087215832 8.093121357471226 -1.8202896 -3.0002058 0.2716481 289.3670032478566 8.093112425513633 289.34922162480945 8.1492479791432 65.29274221988166 185.38695186942786 5400.0 5400.0 2016.0 1 399 {-999.0 15.951479 14.831616 14.271877 -999.0} sdss_psfmag_from_g3xp 15.53678 14.7368965 13.845337 12.241 63050395674680687 1068464531 bright_3x1 mwm_ob_core_boss mwm_ob science 0 0 0.0 0.0 -999 ""
FIBERMAP 1056 R-6C9 METROLOGY 0 0 0 1 0 0 -59.151854561759365 -122.75647758415332 143.1 -112.08568449007798 -77.5092928602602 224.91946 97.94502 -999.0 -999.0 -999.0 -999.0 -999.0 289.3704238455895 8.092775282337842 289.35264096618033 8.148892772252502 65.29265787926111 185.37881174952136 -999.0 6231.0 -999.0 -1 -999 {-999.0 -999.0 -999.0 -999.0 -999.0} "" -999.0 -999.0 -999.0 -999.0 -999 -999 "" "" "" "" 0 0 0.0 0.0 -999 ""
FIBERMAP 1058 R-4C23 APOGEE 1 1 0 1 0 0 225.65145544600193 -79.7766758167854 143.1 156.78519565979695 -180.8588590595845 243.92055 45.49663 290.60073852539057 7.622737591006469 -999.0 -999.0 -999.0 290.60073852539057 7.622737591006469 290.58414838148093 7.681891346818358 64.89678780632431 182.42281905402731 16000.0 16600.0 2015.5 2 221 {-999.0 -999.0 -999.0 -999.0 -999.0} "" -999.0 -999.0 -999.0 -999.0 27021603150813449 848248451 "" ops_sky_apogee_best ops_sky sky_apogee 0 0 0.0 0.0 -999 ""
FIBERMAP 1058 R-4C23 BOSS 0 0 0 1 0 0 225.39428194752898 -79.08842365122723 143.1 156.90164768145786 -180.1333595904533 243.92055 45.49663 -999.0 -999.0 -999.0 -999.0 -999.0 290.60131823988274 7.625883524353893 290.58472363323904 7.685133804914168 64.90004862546681 182.42175000699982 -999.0 5400.0 -999.0 1 252 {-999.0 -999.0 -999.0 -999.0 -999.0} "" -999.0 -999.0 -999.0 -999.0 -999 -999 "" "" "" "" 0 0 0.0 0.0 -999 ""
FIBERMAP 1058 R-4C23 METROLOGY 0 0 0 1 0 0 226.13345726697008 -79.20079591244846 143.1 157.48883335603006 -180.59629031017923 243.92055 45.49663 -999.0 -999.0 -999.0 -999.0 -999.0 290.60396195414353 7.62383891449511 290.5873715043547 7.6830689218316275 64.89807902564603 182.41539390865725 -999.0 6231.0 -999.0 -1 -999 {-999.0 -999.0 -999.0 -999.0 -999.0} "" -999.0 -999.0 -999.0 -999.0 -999 -999 "" "" "" "" 0 0 0.0 0.0 -999 ""
FIBERMAP 1063 R0C13 APOGEE 1 1 0 1 0 0 -16.408546432661694 14.456884793065731 143.1 -7.124037854022156 20.67757298502814 88.05861 95.13894 289.85366821289057 8.53874574050792 -999.0 -999.0 -999.0 289.85366821289057 8.53874574050792 289.83476473345337 8.595912609695905 65.77276854599485 184.30755648799632 16000.0 16600.0 2015.5 2 292 {-999.0 -999.0 -999.0 -999.0 -999.0} "" -999.0 -999.0 -999.0 -999.0 27021603150997206 849034735 "" ops_sky_apogee_good ops_sky sky_apogee 0 0 0.0 0.0 -999 ""
FIBERMAP 1063 R0C13 BOSS 0 0 0 1 0 0 -15.670953926787181 14.52156602985949 143.1 -6.450746961985502 20.369371252691526 88.05861 95.13894 -999.0 -999.0 -999.0 -999.0 -999.0 289.8567565035611 8.53725434550911 289.8378627154272 8.594520805164207 65.77157507453504 184.29989054662593 -999.0 5400.0 -999.0 1 430 {-999.0 -999.0 -999.0 -999.0 -999.0} "" -999.0 -999.0 -999.0 -999.0 -999 -999 "" "" "" "" 0 0 0.0 0.0 -999 ""
FIBERMAP 1063 R0C13 METROLOGY 0 0 0 1 0 0 -15.973542259415677 13.843264506333199 143.1 -7.048991870875078 19.929100010311814 88.05861 95.13894 -999.0 -999.0 -999.0 -999.0 -999.0 289.8539978213059 8.53527878484472 289.8351072711872 8.592512790323006 65.76939730302655 184.30620358985763 -999.0 6231.0 -999.0 -1 -999 {-999.0 -999.0 -999.0 -999.0 -999.0} "" -999.0 -999.0 -999.0 -999.0 -999 -999 "" "" "" "" 0 0 0.0 0.0 -999 ""
FIBERMAP 1068 R-2C8 APOGEE 0 0 0 1 0 0 -98.95285692261099 -56.21522459328736 143.1 -113.81462913873328 0.01344128172081051 18.361845 26.563066 -999.0 -999.0 -999.0 -999.0 -999.0 289.3626632324395 8.445464434472443 289.343983976035 8.501437223465745 65.64337540437997 185.46757446398897 -999.0 16600.0 -999.0 2 -999 {-999.0 -999.0 -999.0 -999.0 -999.0} "" -999.0 -999.0 -999.0 -999.0 -999 -999 "" "" "" "" 0 0 0.0 0.0 -999 ""
FIBERMAP 1068 R-2C8 BOSS 1 1 0 1 0 0 -99.48168250130317 -56.74793014365307 143.1 -114.53764751859434 -0.18845219133065444 18.361845 26.563066 289.3592834472656 8.444457244661422 -999.0 -999.0 -999.0 289.3592834472656 8.444457244661422 289.34061432899546 8.500514047893535 65.64218508745094 185.47544715336184 5400.0 5400.0 2015.5 1 450 {-999.0 -999.0 -999.0 -999.0 -999.0} "" -999.0 -999.0 -999.0 -999.0 27021603150995749 852977972 "" ops_sky_boss_fallback ops_sky sky_boss 0 0 0.0 0.0 -999 ""
FIBERMAP 1068 R-2C8 METROLOGY 0 0 0 1 0 0 -99.67612259154203 -56.03206140741875 143.1 -114.35300394197445 0.5300633759031937 18.361845 26.563066 -999.0 -999.0 -999.0 -999.0 -999.0 289.3601464921693 8.447752323566377 289.3414668347849 8.503784577180019 65.6455132380256 185.47405257354112 -999.0 6231.0 -999.0 -1 -999 {-999.0 -999.0 -999.0 -999.0 -999.0} "" -999.0 -999.0 -999.0 -999.0 -999 -999 "" "" "" "" 0 0 0.0 0.0 -999 ""
FIBERMAP 1069 R+11C10 APOGEE 1 1 0 1 0 0 27.176262127488382 199.44229102095656 143.1 122.17327450751655 159.98615431566458 260.04086 101.78132 290.4496765136718 9.168731619060125 -999.0 -999.0 -999.0 290.4496765136718 9.168731619060125 290.42920449401566 9.227258634663265 66.43484262875751 182.94376084004926 16000.0 16600.0 2015.5 2 18 {-999.0 -999.0 -999.0 -999.0 -999.0} "" -999.0 -999.0 -999.0 -999.0 27021603151004887 842879715 "" ops_sky_apogee_best ops_sky sky_apogee 0 0 0.0 0.0 -999 ""
FIBERMAP 1069 R+11C10 BOSS 0 0 0 1 0 0 26.436960143347456 199.4025073054745 143.1 121.51079900583136 160.31684893606615 260.04086 101.78132 -999.0 -999.0 -999.0 -999.0 -999.0 290.44666693329117 9.170198818031482 290.4261949836787 9.228807229448595 66.43625960977587 182.9513536953005 -999.0 5400.0 -999.0 1 109 {-999.0 -999.0 -999.0 -999.0 -999.0} "" -999.0 -999.0 -999.0 -999.0 -999 -999 "" "" "" "" 0 0 0.0 0.0 -999 ""
FIBERMAP 1069 R+11C10 METROLOGY 0 0 0 1 0 0 26.76040226672022 200.07199643166368 143.1 122.12282198501974 160.73915407410064 260.04086 101.78132 -999.0 -999.0 -999.0 -999.0 -999.0 290.4494664878206 9.172100129011351 290.42898872944204 9.230689861050521 66.438261252904 182.9446684612193 -999.0 6231.0 -999.0 -1 -999 {-999.0 -999.0 -999.0 -999.0 -999.0} "" -999.0 -999.0 -999.0 -999.0 -999 -999 "" "" "" "" 0 0 0.0 0.0 -999 ""
FIBERMAP 1070 R+9C13 APOGEE 1 1 0 1 0 0 99.254362231218 178.594119480741 143.1 174.5437355159809 106.24528086191985 75.86496 34.316303 290.6891612350007 8.923780632493823 -1.8421974 -3.7015827 0.19464152 290.6891556833679 8.92376961245649 290.6693089671679 8.982923566618611 66.19998156153055 182.33014312564302 16000.0 16600.0 2016.0 2 55 {-999.0 17.443388 15.347721 14.44337 -999.0} sdss_psfmag_ps1 16.423504 14.964674 13.804968 10.857 63050395675661635 1154165388 bright_1x1 mwm_galactic_core_dist_apogee_sparse mwm_galactic science 0 0 0.0 0.0 -999 ""
FIBERMAP 1070 R+9C13 BOSS 0 0 0 1 0 0 99.49553343990152 177.89842449567018 143.1 174.40969213299687 105.52121657799508 75.86496 34.316303 -999.0 -999.0 -999.0 -999.0 -999.0 290.68858006590557 8.92043170494157 290.66874484837155 8.979674858361163 66.19671551263673 182.3312441001789 -999.0 5400.0 -999.0 1 152 {-999.0 -999.0 -999.0 -999.0 -999.0} "" -999.0 -999.0 -999.0 -999.0 -999 -999 "" "" "" "" 0 0 0.0 0.0 -999 ""
FIBERMAP 1070 R+9C13 METROLOGY 0 0 0 1 0 0 98.76097994154162 178.03501676745793 143.1 173.8384921190354 106.00292282329391 75.86496 34.316303 -999.0 -999.0 -999.0 -999.0 -999.0 290.6859673511971 8.922654912560587 290.6661255640095 8.981865773075663 66.19881539229672 182.33783904399718 -999.0 6231.0 -999.0 -1 -999 {-999.0 -999.0 -999.0 -999.0 -999.0} "" -999.0 -999.0 -999.0 -999.0 -999 -999 "" "" "" "" 0 0 0.0 0.0 -999 ""
FIBERMAP 1078 R-3C9 APOGEE 1 1 0 1 0 0 -68.20499299174875 -54.419147568246245 143.1 -86.19211610783805 -13.617284156650367 4.176888 133.14008 289.48945551597586 8.38325440873319 -2.5368755 -4.217737 -0.0037349313 289.48944788183513 8.38324185204444 289.47092849987166 8.439537535053649 65.59154626731649 185.1525736795784 16000.0 16600.0 2016.0 2 245 {-999.0 23.465828 20.097208 16.59756 -999.0} sdss_psfmag_ps1 21.147642 16.752539 15.114489 9.867 63050395675101323 1154163638 bright_1x1 mwm_galactic_core_dist_apogee_sparse mwm_galactic science 0 0 0.0 0.0 -999 ""
FIBERMAP 1078 R-3C9 BOSS 0 0 0 1 0 0 -67.65267203869226 -54.908997472876905 143.1 -85.95390942982857 -14.316105324478965 4.176888 133.14008 -999.0 -999.0 -999.0 -999.0 -999.0 289.49048697533686 8.379958836033326 289.4719829836292 8.436350072755758 65.58844771631186 185.14946822032294 -999.0 5400.0 -999.0 1 470 {-999.0 -999.0 -999.0 -999.0 -999.0} "" -999.0 -999.0 -999.0 -999.0 -999 -999 "" "" "" "" 0 0 0.0 0.0 -999 ""
FIBERMAP 1078 R-3C9 METROLOGY 0 0 0 1 0 0 -68.36667788300538 -55.12773563630384 143.1 -86.68281081013473 -14.153509220582432 4.176888 133.14008 -999.0 -999.0 -999.0 -999.0 -999.0 289.4871483467355 8.380732331438733 289.4686403153777 8.437089009353306 65.58893201719408 185.15758192540926 -999.0 6231.0 -999.0 -1 -999 {-999.0 -999.0 -999.0 -999.0 -999.0} "" -999.0 -999.0 -999.0 -999.0 -999 -999 "" "" "" "" 0 0 0.0 0.0 -999 ""
FIBERMAP 1081 R-1C22 APOGEE 1 1 0 1 0 0 177.428237511823 -28.32044335636533 143.1 140.2797348610912 -112.29107240802541 233.29092 97.19322 290.5282520725404 7.932349677444063 -0.6005091 -7.207959 0.1803784 290.5282502674845 7.932328218520679 290.510884831467 7.99125239831509 65.20322187761812 182.62215619527876 16000.0 16600.0 2016.0 2 196 {-999.0 16.182438 14.368335 13.696927 -999.0} sdss_psfmag_ps1 15.288006 14.027957 12.929813 10.282 63050395674710557 1154162952 bright_1x1 mwm_galactic_core_dist_apogee_sparse mwm_galactic science 0 0 0.0 0.0 -999 ""
FIBERMAP 1081 R-1C22 BOSS 0 0 0 1 0 0 176.7799465479057 -27.95514412735308 143.1 139.8965428321654 -111.65312886533448 233.29092 97.19322 -999.0 -999.0 -999.0 -999.0 -999.0 290.5265606749185 7.935090995173505 290.5091919724278 7.994104864658339 65.2060070135242 182.62641480865076 -999.0 5400.0 -999.0 1 313 {-999.0 -999.0 -999.0 -999.0 -999.0} "" -999.0 -999.0 -999.0 -999.0 -999 -999 "" "" "" "" 0 0 0.0 0.0 -999 ""
FIBERMAP 1081 R-1C22 METROLOGY 0 0 0 1 0 0 177.42245781630137 -27.56852787594009 143.1 140.64622804808693 -111.63443080679575 233.29092 97.19322 -999.0 -999.0 -999.0 -999.0 -999.0 290.52997838339763 7.9352060819202395 290.5126083984856 7.994201586434238 65.20623510291084 182.6183621721363 -999.0 6231.0 -999.0 -1 -999 {-999.0 -999.0 -999.0 -999.0 -999.0} "" -999.0 -999.0 -999.0 -999.0 -999 -999 "" "" "" "" 0 0 0.0 0.0 -999 ""
FIBERMAP 1083 R-3C10 APOGEE 0 0 0 1 0 0 -50.5251026406227 -44.31491293304336 143.1 -65.82709628499903 -13.56728141478326 84.26714 100.510864 -999.0 -999.0 -999.0 -999.0 -999.0 289.58308040703315 8.383304787405603 289.5645627224671 8.439831196603235 65.59875725121 184.92908906312837 -999.0 16600.0 -999.0 2 -999 {-999.0 -999.0 -999.0 -999.0 -999.0} "" -999.0 -999.0 -999.0 -999.0 -999 -999 "" "" "" "" 0 0 0.0 0.0 -999 ""
FIBERMAP 1083 R-3C10 BOSS 1 1 0 1 0 0 -49.78092133735309 -44.24725691043666 143.1 -65.14660664381441 -13.876152089078873 84.26714 100.510864 289.5861724974676 8.381803327083352 -2.2412856 -3.626986 0.31634358 289.5861657528616 8.38179252912879 289.5676587747276 8.438419230500854 65.59757256486668 184.92144664289805 5400.0 5400.0 2016.0 1 447 {-999.0 15.2445 14.162226 13.606792 -999.0} sdss_psfmag_from_g3xp 14.841474 14.071457 13.198143 11.732 63050395675099132 1093195377 bright_3x1 mwm_astar_core_boss mwm_ob science 0 0 0.0 0.0 -999 ""
FIBERMAP 1083 R-3C10 METROLOGY 0 0 0 1 0 0 -50.1006499656606 -44.928510445448126 143.1 -65.7612135118625 -14.310521131944705 84.26714 100.510864 -999.0 -999.0 -999.0 -999.0 -999.0 289.58334403973095 8.379847080143705 289.56483999007577 8.43644095603581 65.59539609427215 184.92782770662362 -999.0 6231.0 -999.0 -1 -999 {-999.0 -999.0 -999.0 -999.0 -999.0} "" -999.0 -999.0 -999.0 -999.0 -999 -999 "" "" "" "" 0 0 0.0 0.0 -999 ""
FIBERMAP 1085 R-2C13 APOGEE 0 0 0 1 0 0 -8.718779265304805 -47.27761672104157 143.1 -30.940616541526943 -36.7996804479463 215.36118 125.54371 -999.0 -999.0 -999.0 -999.0 -999.0 289.74341278632596 8.277163085837145 289.7251660473772 8.334101914403607 65.5044204062537 184.52823274449406 -999.0 16600.0 -999.0 2 -999 {-999.0 -999.0 -999.0 -999.0 -999.0} "" -999.0 -999.0 -999.0 -999.0 -999 -999 "" "" "" "" 0 0 0.0 0.0 -999 ""
FIBERMAP 1085 R-2C13 BOSS 1 1 0 1 0 0 -9.42587393972944 -47.06010749918165 143.1 -31.447960518165957 -36.261184714433014 215.36118 125.54371 289.7410583496094 8.279507629950487 -999.0 -999.0 -999.0 289.7410583496094 8.279507629950487 289.7228120499594 8.336533135310898 65.5066897559592 184.53423166832957 5400.0 5400.0 2015.5 1 355 {-999.0 -999.0 -999.0 -999.0 -999.0} "" -999.0 -999.0 -999.0 -999.0 27021603150992013 852977227 "" ops_sky_boss_fallback ops_sky sky_boss 0 0 0.0 0.0 -999 ""
FIBERMAP 1085 R-2C13 METROLOGY 0 0 0 1 0 0 -8.873140500572536 -46.54766152408875 143.1 -30.714164580556584 -36.08871960068741 215.36118 125.54371 -999.0 -999.0 -999.0 -999.0 -999.0 289.7444424385717 8.280315506117482 289.7261922977367 8.337322889284488 65.50770224181814 184.52631027424493 -999.0 6231.0 -999.0 -1 -999 {-999.0 -999.0 -999.0 -999.0 -999.0} "" -999.0 -999.0 -999.0 -999.0 -999 -999 "" "" "" "" 0 0 0.0 0.0 -999 ""
FIBERMAP 1086 R-3C15 APOGEE 0 0 0 1 0 0 63.97352071899695 -52.78553949800747 143.1 29.54344640479996 -77.50577599666481 3.5541055 143.47125 -999.0 -999.0 -999.0 -999.0 -999.0 290.02122376964616 8.091207288726762 290.003450351834 8.148860380001324 65.33660583769083 183.83977998995744 -999.0 16600.0 -999.0 2 -999 {-999.0 -999.0 -999.0 -999.0 -999.0} "" -999.0 -999.0 -999.0 -999.0 -999 -999 "" "" "" "" 0 0 0.0 0.0 -999 ""
FIBERMAP 1086 R-3C15 BOSS 1 1 0 1 0 0 64.60852965475495 -53.18495253708268 143.1 29.898234287508572 -78.16681868702513 3.5541055 143.47125 290.02285357011044 8.088068319326304 0.49792343 -1.7612875 0.4512043 290.0228550673791 8.088063075771014 290.00509492437504 8.145814375603633 65.33365731153957 183.83547038229844 5400.0 5400.0 2016.0 1 274 {-999.0 18.75886 17.132517 16.324228 15.694762} sdss_psfmag_from_ps1dr2 18.0543 17.0312 16.0026 13.878 63050395674662556 1040150783 "" ops_std_boss_ps1dr2 ops_std standard_boss 0 0 0.0 0.0 -999 ""
FIBERMAP 1086 R-3C15 METROLOGY 0 0 0 1 0 0 63.95371386378817 -53.531374378526316 143.1 29.157710271085364 -78.14448833575756 3.5541055 143.47125 -999.0 -999.0 -999.0 -999.0 -999.0 290.01944881811716 8.088206749299017 290.00168677470333 8.145923098657676 65.3335739596892 183.84355602031178 -999.0 6231.0 -999.0 -1 -999 {-999.0 -999.0 -999.0 -999.0 -999.0} "" -999.0 -999.0 -999.0 -999.0 -999 -999 "" "" "" "" 0 0 0.0 0.0 -999 ""
FIBERMAP 1091 R+10C17 APOGEE 1 1 0 1 0 0 159.9690825923297 200.38911131930607 143.1 238.1036337143106 95.19697809615359 210.93478 54.789402 290.97798984482625 8.871120022033526 0.8136485 -3.555628 1.1584613 290.9779922964787 8.87110943651988 290.9582881937619 8.930978710371722 66.15643308520586 181.61991116701068 16000.0 16600.0 2016.0 2 49 {-999.0 10.419945 10.380761 10.409928 -999.0} sdss_psfmag_from_g3xp 10.453905 10.331691 10.084382 9.789 63050395675549878 975060483 "" ops_std_apogee ops_std standard_apogee 0 0 0.0 0.0 -999 ""
FIBERMAP 1091 R+10C17 BOSS 0 0 0 1 0 0 159.99900296051015 201.13014714183583 143.1 238.4957922888038 95.82652063537552 210.93478 54.789402 -999.0 -999.0 -999.0 -999.0 -999.0 290.9797792425729 8.873850178745755 290.9600707543647 8.933813593079341 66.15930946929053 181.6157243650237 -999.0 5400.0 -999.0 1 170 {-999.0 -999.0 -999.0 -999.0 -999.0} "" -999.0 -999.0 -999.0 -999.0 -999 -999 "" "" "" "" 0 0 0.0 0.0 -999 ""
FIBERMAP 1091 R+10C17 METROLOGY 0 0 0 1 0 0 160.6378079183183 200.73083193172653 143.1 238.85392912620907 95.16368740655209 210.93478 54.789402 -999.0 -999.0 -999.0 -999.0 -999.0 290.98139411951655 8.870863543023138 290.9616925522203 8.930805829679485 66.15634097278715 181.61158362464175 -999.0 6231.0 -999.0 -1 -999 {-999.0 -999.0 -999.0 -999.0 -999.0} "" -999.0 -999.0 -999.0 -999.0 -999 -999 "" "" "" "" 0 0 0.0 0.0 -999 ""
FIBERMAP 1092 R-7C20 APOGEE 1 1 0 1 0 0 220.55516071978417 -143.01953457279058 143.1 121.10594135585515 -233.3300749669581 295.2176 137.69228 290.43606009765153 7.387061932458394 -2.8476713 1.7930052 1.7561063 290.4360515488534 7.387067270441074 290.42004776897727 7.445857028357098 64.65466132663138 182.78291591690135 16000.0 16600.0 2016.0 2 200 {-999.0 13.973235 12.884371 12.444912 -999.0} sdss_psfmag_from_g3xp 13.582791 12.884257 12.074412 10.453 63050395662654128 1150254100 bright_12x1 mwm_bin_rv_short_subgiant_apogee_12epoch mwm_bin science 0 0 0.0 0.0 -999 ""
FIBERMAP 1092 R-7C20 BOSS 0 0 0 1 0 0 220.2603715949699 -143.6980266254638 143.1 120.51438367035546 -233.77436543235655 295.2176 137.69228 -999.0 -999.0 -999.0 -999.0 -999.0 290.43334158874586 7.384968954020981 290.41734743066957 7.44384907346566 64.6525447161594 182.78897179663966 -999.0 5400.0 -999.0 1 332 {-999.0 -999.0 -999.0 -999.0 -999.0} "" -999.0 -999.0 -999.0 -999.0 -999 -999 "" "" "" "" 0 0 0.0 0.0 -999 ""
FIBERMAP 1092 R-7C20 METROLOGY 0 0 0 1 0 0 219.8131876917622 -143.10109551760024 143.1 120.42050142688713 -233.03438563726232 295.2176 137.69228 -999.0 -999.0 -999.0 -999.0 -999.0 290.43294811280145 7.388305520159015 290.4169444753405 7.447156699665188 64.65583303333905 182.79022326885752 -999.0 6231.0 -999.0 -1 -999 {-999.0 -999.0 -999.0 -999.0 -999.0} "" -999.0 -999.0 -999.0 -999.0 -999 -999 "" "" "" "" 0 0 0.0 0.0 -999 ""
FIBERMAP 1094 R+1C19 APOGEE 0 0 0 1 0 0 124.07858629130854 0.8276901020253753 143.1 108.29452452663212 -60.587089025703506 311.7929 71.71682 -999.0 -999.0 -999.0 -999.0 -999.0 290.38327725033673 8.167280893354786 290.3653202179177 8.225810370232928 65.43158517198117 182.99031271664293 -999.0 16600.0 -999.0 2 -999 {-999.0 -999.0 -999.0 -999.0 -999.0} "" -999.0 -999.0 -999.0 -999.0 -999 -999 "" "" "" "" 0 0 0.0 0.0 -999 ""
FIBERMAP 1094 R+1C19 BOSS 1 1 0 1 0 0 123.3998617068783 0.5318236761697612 143.1 107.558191201405 -60.50898780772452 311.7929 71.71682 290.37995019454644 8.167546905931303 -1.5946225 -7.58434 -1.4722104 290.3799453985255 8.167524326478611 290.36199194748554 8.22613889153554 65.43176717327269 182.99826271723225 5400.0 5400.0 2016.0 1 232 {-999.0 16.396276 15.428084 15.020182 -999.0} sdss_psfmag_ps1 15.945787 15.448853 14.448909 12.896 63050395674771243 1093384012 bright_3x1 mwm_astar_core_boss mwm_ob science 0 0 0.0 0.0 -999 ""
FIBERMAP 1094 R+1C19 METROLOGY 0 0 0 1 0 0 123.47258520297774 1.2629195374427056 143.1 107.98265553450696 -59.90923686725506 311.7929 71.71682 -999.0 -999.0 -999.0 -999.0 -999.0 290.381898388295 8.170277764118728 290.36393681030114 8.228870212166168 65.43458128156658 182.99392908153976 -999.0 6231.0 -999.0 -1 -999 {-999.0 -999.0 -999.0 -999.0 -999.0} "" -999.0 -999.0 -999.0 -999.0 -999 -999 "" "" "" "" 0 0 0.0 0.0 -999 ""
FIBERMAP 1095 R+5C8 APOGEE 0 0 0 1 0 0 -90.53420669518505 86.3161050370415 143.1 -36.07047345765366 119.78393059582457 242.78984 93.98627 -999.0 -999.0 -999.0 -999.0 -999.0 289.7214900938422 8.98979070428204 289.70144386236734 9.046558139655621 66.21359997658338 184.70470571131796 -999.0 16600.0 -999.0 2 -999 {-999.0 -999.0 -999.0 -999.0 -999.0} "" -999.0 -999.0 -999.0 -999.0 -999 -999 "" "" "" "" 0 0 0.0 0.0 -999 ""
FIBERMAP 1095 R+5C8 BOSS 1 1 0 1 0 0 -91.22257496702004 86.60029222911541 143.1 -36.52858960962908 120.37114976871108 242.78984 93.98627 289.7193726297652 8.992432963019509 -2.2158036 -4.390775 0.37508938 289.7193659509741 8.992419891176727 289.69931935483464 9.04927149083051 66.21616007552026 184.7103654776265 5400.0 5400.0 2016.0 1 65 {-999.0 18.35992 17.275105 16.79762 -999.0} sdss_psfmag_ps1 17.9721 17.222666 16.34472 14.717 63050395675342528 980289922 "" ops_std_boss_red ops_std standard_boss 0 0 0.0 0.0 -999 ""
FIBERMAP 1095 R+5C8 METROLOGY 0 0 0 1 0 0 -90.63237198629557 87.05571679744892 143.1 -35.790388198122166 120.47552156189887 242.78984 93.98627 -999.0 -999.0 -999.0 -999.0 -999.0 289.722771429398 8.992905299413652 289.70272192155375 9.049739739367547 66.21686193503328 184.7021345908219 -999.0 6231.0 -999.0 -1 -999 {-999.0 -999.0 -999.0 -999.0 -999.0} "" -999.0 -999.0 -999.0 -999.0 -999 -999 "" "" "" "" 0 0 0.0 0.0 -999 ""
FIBERMAP 1096 R+1C25 APOGEE 0 0 0 1 0 0 267.52122273194607 39.00335942592531 143.1 251.8794666582131 -98.26804430849712 140.99605 14.762293 -999.0 -999.0 -999.0 -999.0 -999.0 291.0353338265335 7.995582130648786 291.017820852139 8.055736919478152 65.2827458876542 181.42861659994864 -999.0 16600.0 -999.0 2 -999 {-999.0 -999.0 -999.0 -999.0 -999.0} "" -999.0 -999.0 -999.0 -999.0 -999 -999 "" "" "" "" 0 0 0.0 0.0 -999 ""
FIBERMAP 1096 R+1C25 BOSS 1 1 0 1 0 0 268.2050616095793 38.71514309869304 143.1 252.33165374939713 -98.85652883301482 140.99605 14.762293 291.03735750083297 7.992872954049364 -5.8664947 -13.51141 1.4186299 291.03733986427284 7.992832729028326 291.0198355090311 8.053086939361403 65.28013866166155 181.42371352532115 5400.0 5400.0 2016.0 1 184 {-999.0 19.02146 17.471403 16.630714 -999.0} sdss_psfmag_ps1 18.024555 17.544394 15.899376 13.725 63050395663043636 1096214376 bright_1x1 mwm_bin_vis_boss mwm_filler science 0 0 0.0 0.0 -999 ""
FIBERMAP 1096 R+1C25 METROLOGY 0 0 0 1 0 0 267.61757647225664 38.26350948354512 143.1 251.59768858161482 -98.95894729192604 140.99605 14.762293 -999.0 -999.0 -999.0 -999.0 -999.0 291.03402985872316 7.992396885965893 291.0165262449071 8.052616403034788 65.27959890389106 181.4315231293105 -999.0 6231.0 -999.0 -1 -999 {-999.0 -999.0 -999.0 -999.0 -999.0} "" -999.0 -999.0 -999.0 -999.0 -999 -999 "" "" "" "" 0 0 0.0 0.0 -999 ""
FIBERMAP 1098 R+5C1 APOGEE 1 1 0 1 0 0 -257.00748195970044 96.08391314078806 143.1 -175.9917231187668 210.53079557127205 252.44322 26.873333 289.0822035431722 9.397462498253757 0.31671467 -6.863443 0.28183398 289.08220449889455 9.397442064994957 289.0611030785116 9.452566798714463 66.566349355944 186.36072222617668 16000.0 16600.0 2016.0 2 122 {-999.0 20.868225 17.265167 15.452589 -999.0} sdss_psfmag_ps1 18.762148 15.955755 14.497865 10.079 63050395676606705 1154168206 bright_1x1 mwm_galactic_core_dist_apogee_sparse mwm_galactic science 0 0 0.0 0.0 -999 ""
FIBERMAP 1098 R+5C1 BOSS 0 0 0 1 0 0 -257.14017620016534 96.81468381378653 143.1 -175.74602891573628 211.2317598896956 252.44322 26.873333 -999.0 -999.0 -999.0 -999.0 -999.0 289.0833420318365 9.400499439135062 289.06224134225266 9.455714618874673 66.56958914071643 186.3586586060924 -999.0 5400.0 -999.0 1 1 {-999.0 -999.0 -999.0 -999.0 -999.0} "" -999.0 -999.0 -999.0 -999.0 -999 -999 "" "" "" "" 0 0 0.0 0.0 -999 ""
FIBERMAP 1098 R+5C1 METROLOGY 0 0 0 1 0 0 -256.4286107278897 96.56788704206663 143.1 -175.24926847560167 210.66558980778527 252.44322 26.873333 -999.0 -999.0 -999.0 -999.0 -999.0 289.0855836416775 9.398007196231296 289.0644869639933 9.453203345994016 66.5672981066372 186.35251704300464 -999.0 6231.0 -999.0 -1 -999 {-999.0 -999.0 -999.0 -999.0 -999.0} "" -999.0 -999.0 -999.0 -999.0 -999 -999 "" "" "" "" 0 0 0.0 0.0 -999 ""
FIBERMAP 1100 R-9C17 APOGEE 0 0 0 1 0 0 175.81756029900492 -180.452277019435 143.1 63.71149700021659 -243.77293453460845 293.06357 144.49654 -999.0 -999.0 -999.0 -999.0 -999.0 290.174260417691 7.340046184433945 290.1583724716331 7.398201252964555 64.59522106282452 183.38271846595126 -999.0 16600.0 -999.0 2 -999 {-999.0 -999.0 -999.0 -999.0 -999.0} "" -999.0 -999.0 -999.0 -999.0 -999 -999 "" "" "" "" 0 0 0.0 0.0 -999 ""
FIBERMAP 1100 R-9C17 BOSS 1 1 0 1 0 0 175.6610299877262 -181.19339595079606 143.1 63.20921079684742 -244.3399918421496 293.06357 144.49654 290.17194315250913 7.337421284790311 3.2063975 -8.22048 0.29534206 290.17195277713654 7.3373968114759975 290.156076345483 7.395643577321787 64.59255258172283 183.38772083444053 5400.0 5400.0 2016.0 1 269 {-999.0 19.153984 17.751745 17.029007 16.482605} sdss_psfmag_from_ps1dr2 18.5326 17.6624 16.662 14.665 63050395662632375 1040133828 "" ops_std_boss_ps1dr2 ops_std standard_boss 0 0 0.0 0.0 -999 ""
FIBERMAP 1100 R-9C17 METROLOGY 0 0 0 1 0 0 175.1072221809895 -180.68049125782974 143.1 62.981102592497 -243.6203900291868 293.06357 144.49654 -999.0 -999.0 -999.0 -999.0 -999.0 290.1709342944616 7.3406431210258525 290.15504834746235 7.3988593568394085 64.59571322057502 183.39046957194088 -999.0 6231.0 -999.0 -1 -999 {-999.0 -999.0 -999.0 -999.0 -999.0} "" -999.0 -999.0 -999.0 -999.0 -999 -999 "" "" "" "" 0 0 0.0 0.0 -999 ""
FIBERMAP 1101 R-12C14 APOGEE 1 1 0 1 0 0 127.6886391740108 -224.68550495830323 143.1 0.008226020154472933 -258.45313557972264 106.04112 138.20392 289.8832726635575 7.274969552656682 25.955572 -45.860325 11.009129 289.88335056336155 7.274833021188986 289.86762150127146 7.332284164572468 64.51356740016016 184.04440994558342 16000.0 16600.0 2016.0 2 213 {-999.0 14.369409 13.101526 12.267922 -999.0} sdss_psfmag_from_g3xp 13.850775 13.050927 11.851065 9.945 63050395662628191 1068915809 bright_18x1 mwm_bin_rv_short_mdwarf_apogee_18epoch mwm_bin science 0 0 0.0 0.0 -999 ""
FIBERMAP 1101 R-12C14 BOSS 0 0 0 1 0 0 127.9748914686658 -224.00765303616578 143.1 0.5920446983725866 -258.00518368836697 106.04112 138.20392 -999.0 -999.0 -999.0 -999.0 -999.0 289.8860099113948 7.276711683743709 289.8702847849361 7.334266030323688 64.51570356665265 184.0385569477944 -999.0 5400.0 -999.0 1 256 {-999.0 -999.0 -999.0 -999.0 -999.0} "" -999.0 -999.0 -999.0 -999.0 -999 -999 "" "" "" "" 0 0 0.0 0.0 -999 ""
FIBERMAP 1101 R-12C14 METROLOGY 0 0 0 1 0 0 128.4365541201303 -224.59461825692114 143.1 0.7034402313539875 -258.74365210083283 106.04112 138.20392 -999.0 -999.0 -999.0 -999.0 -999.0 289.88651140555237 7.273450601868957 289.87079279189504 7.33097919868758 64.51245267592759 184.0369320638008 -999.0 6231.0 -999.0 -1 -999 {-999.0 -999.0 -999.0 -999.0 -999.0} "" -999.0 -999.0 -999.0 -999.0 -999 -999 "" "" "" "" 0 0 0.0 0.0 -999 ""
FIBERMAP 1103 R-2C9 APOGEE 1 1 0 1 0 0 -77.23850400965627 -28.059240095162444 143.1 -81.0223676149031 13.765916559271243 67.52478 87.70107 289.5134099231872 8.50790187513243 -2.381091 -6.2175126 0.12893838 289.5134027555287 8.507883364882316 289.4945690415385 8.564217502651486 65.71764409580813 185.11904043025578 16000.0 16600.0 2016.0 2 258 {-999.0 20.165379 17.126417 14.481457 -999.0} sdss_psfmag_ps1 18.34957 14.833034 13.307965 8.625 63050395675105532 1154163865 bright_1x1 mwm_galactic_core_dist_apogee_sparse mwm_galactic science 0 0 0.0 0.0 -999 ""
FIBERMAP 1103 R-2C9 BOSS 0 0 0 1 0 0 -76.58056269777583 -28.36713523698315 143.1 -80.60242152541377 13.173117316111837 67.52478 87.70107 -999.0 -999.0 -999.0 -999.0 -999.0 289.51527964105287 8.505096719225547 289.49646003348533 8.561527850652615 65.71510400254598 185.1140105061757 -999.0 5400.0 -999.0 1 449 {-999.0 -999.0 -999.0 -999.0 -999.0} "" -999.0 -999.0 -999.0 -999.0 -999 -999 "" "" "" "" 0 0 0.0 0.0 -999 ""
FIBERMAP 1103 R-2C9 METROLOGY 0 0 0 1 0 0 -77.18391077317882 -28.800539331151704 143.1 -81.34117228267179 13.094387131071128 67.52478 87.70107 -999.0 -999.0 -999.0 -999.0 -999.0 289.5118917954154 8.504767449191824 289.49307094943174 8.561164240104656 65.71448721340309 185.1220684915895 -999.0 6231.0 -999.0 -1 -999 {-999.0 -999.0 -999.0 -999.0 -999.0} "" -999.0 -999.0 -999.0 -999.0 -999 -999 "" "" "" "" 0 0 0.0 0.0 -999 ""
FIBERMAP 1104 R-13C7 APOGEE 1 1 0 1 0 0 -8.122427599675344 -261.7081362258191 143.1 -136.37140158086424 -223.540350539075 260.06213 142.58667 289.26150201223095 7.434087058484572 1.8473246 0.28711343 0.5823005 289.26150755854906 7.434087913254233 289.24537858106544 7.489979597795474 64.62732930063234 185.5037665320446 16000.0 16600.0 2016.0 2 299 {-999.0 16.081661 14.483824 13.607056 -999.0} sdss_psfmag_ps1 15.279131 14.045731 12.958867 10.404 63050395673707732 1150432979 bright_12x1 mwm_bin_rv_short_subgiant_apogee_12epoch mwm_bin science 0 0 0.0 0.0 -999 ""
FIBERMAP 1104 R-13C7 BOSS 0 0 0 1 0 0 -8.671557551966599 -262.2099236681312 143.1 -137.09679796809777 -223.70532859350462 260.06213 142.58667 -999.0 -999.0 -999.0 -999.0 -999.0 289.2582018486948 7.4332690930305185 289.24208295700066 7.489249309154845 64.62633546987513 185.51122757333093 -999.0 5400.0 -999.0 1 416 {-999.0 -999.0 -999.0 -999.0 -999.0} "" -999.0 -999.0 -999.0 -999.0 -999 -999 "" "" "" "" 0 0 0.0 0.0 -999 ""
FIBERMAP 1104 R-13C7 METROLOGY 0 0 0 1 0 0 -8.834198525731928 -261.48276108280305 143.1 -136.87892500756348 -222.99270491734592 260.06213 142.58667 -999.0 -999.0 -999.0 -999.0 -999.0 289.259176978664 7.436480239639993 289.2430477464586 7.492434947308547 64.62958842952813 185.50960810515494 -999.0 6231.0 -999.0 -1 -999 {-999.0 -999.0 -999.0 -999.0 -999.0} "" -999.0 -999.0 -999.0 -999.0 -999 -999 "" "" "" "" 0 0 0.0 0.0 -999 ""
FIBERMAP 1105 R-7C6 APOGEE 0 0 0 1 0 0 -111.3483102073562 -127.1069329382997 143.1 -159.61972448740704 -55.5019155439321 142.4881 114.33826 -999.0 -999.0 -999.0 -999.0 -999.0 289.1528879677714 8.19340149675823 289.13484220771807 8.248898279058766 65.37429551286972 185.91357940786077 -999.0 16600.0 -999.0 2 -999 {-999.0 -999.0 -999.0 -999.0 -999.0} "" -999.0 -999.0 -999.0 -999.0 -999 -999 "" "" "" "" 0 0 0.0 0.0 -999 ""
FIBERMAP 1105 R-7C6 BOSS 1 1 0 1 0 0 -111.18629823355204 -126.37674573059988 143.1 -159.1180733355992 -54.94707177146578 142.4881 114.33826 289.15512133923863 8.195834723903895 -2.3590415 -10.298137 -0.34480727 289.15511424363115 8.19580406516656 289.1370707891362 8.251399218356687 65.37697984719019 185.90883188489715 5400.0 5400.0 2016.0 1 437 {-999.0 16.39946 15.371283 14.964154 -999.0} sdss_psfmag_ps1 15.99018 15.533954 14.417393 12.889 63050395675049213 1093383579 bright_3x1 mwm_astar_core_boss mwm_ob science 0 0 0.0 0.0 -999 ""
FIBERMAP 1105 R-7C6 METROLOGY 0 0 0 1 0 0 -110.63635826013393 -126.88380426385777 143.1 -158.89043962306513 -55.65967930277479 142.4881 114.33826 -999.0 -999.0 -999.0 -999.0 -999.0 289.15616985635234 8.192595228568134 289.13813211276886 8.248167097506071 65.37385196354761 185.90564224525392 -999.0 6231.0 -999.0 -1 -999 {-999.0 -999.0 -999.0 -999.0 -999.0} "" -999.0 -999.0 -999.0 -999.0 -999 -999 "" "" "" "" 0 0 0.0 0.0 -999 ""
FIBERMAP 1106 R-10C9 APOGEE 0 0 0 1 0 0 11.923923266622086 -178.89133158821477 143.1 -78.02175294304708 -161.43647556630634 99.68876 58.989803 -999.0 -999.0 -999.0 -999.0 -999.0 289.52680752776246 7.711914541170257 289.5099809952919 7.768413985078688 64.9251864481603 184.94064204483962 -999.0 16600.0 -999.0 2 -999 {-999.0 -999.0 -999.0 -999.0 -999.0} "" -999.0 -999.0 -999.0 -999.0 -999 -999 "" "" "" "" 0 0 0.0 0.0 -999 ""
FIBERMAP 1106 R-10C9 BOSS 1 1 0 1 0 0 12.63097076007133 -179.13572985543618 143.1 -77.52773576564749 -161.99832784707928 99.68876 58.989803 289.5290470177292 7.709239666817355 -2.2446454 -5.8832335 0.36095318 289.5290402742114 7.709222151754461 289.5122275641406 7.765822897804251 64.92276488051657 184.93495753397437 5400.0 5400.0 2016.0 1 371 {-999.0 18.377262 16.648762 15.683773 14.879497} sdss_psfmag_from_ps1dr2 17.6112 16.454 15.3668 13.198 63050395674606847 1040150654 "" ops_std_boss_ps1dr2 ops_std standard_boss 0 0 0.0 0.0 -999 ""
FIBERMAP 1106 R-10C9 METROLOGY 0 0 0 1 0 0 12.054817521128417 -179.62585774475994 143.1 -78.27086779299832 -162.13981588826732 99.68876 58.989803 -999.0 -999.0 -999.0 -999.0 -999.0 289.52564541235347 7.708633122602428 289.5088321830246 7.7651985757662 64.92189642812639 184.94276593338986 -999.0 6231.0 -999.0 -1 -999 {-999.0 -999.0 -999.0 -999.0 -999.0} "" -999.0 -999.0 -999.0 -999.0 -999 -999 "" "" "" "" 0 0 0.0 0.0 -999 ""
FIBERMAP 1107 R-13C5 APOGEE 1 1 0 1 0 0 -63.49904484153393 -266.4562453651611 143.1 -186.86705171616526 -200.30742491423297 262.52243 94.4574 289.03179381066775 7.5400273566105165 -2.4703631 -4.96634 0.2611775 289.03178639196653 7.540012571244952 289.0153896116564 7.595319119980464 64.71280884249677 186.0557719236729 16000.0 16600.0 2016.0 2 283 {-999.0 16.894966 14.694495 13.62103 -999.0} sdss_psfmag_from_g3xp 15.777268 14.281158 13.10549 10.135 63050395673740200 1152366009 bright_1x1 mwm_galactic_core_dist_apogee_sparse mwm_galactic science 0 0 0.0 0.0 -999 ""
FIBERMAP 1107 R-13C5 BOSS 0 0 0 1 0 0 -64.24035901422276 -266.4458570619746 143.1 -187.5064869986168 -199.93211181809744 262.52243 94.4574 -999.0 -999.0 -999.0 -999.0 -999.0 289.0288707724927 7.54162360169794 289.01247863206476 7.5970187855555835 64.71424330273848 186.0628561061475 -999.0 5400.0 -999.0 1 414 {-999.0 -999.0 -999.0 -999.0 -999.0} "" -999.0 -999.0 -999.0 -999.0 -999 -999 "" "" "" "" 0 0 0.0 0.0 -999 ""
FIBERMAP 1107 R-13C5 METROLOGY 0 0 0 1 0 0 -63.86926342185821 -265.80827114991143 143.1 -186.86879287937495 -199.5610917269963 262.52243 94.4574 -999.0 -999.0 -999.0 -999.0 -999.0 289.03174620303867 7.543289123462934 289.0153473937123 7.598663890252544 64.71613645039349 186.05657020045044 -999.0 6231.0 -999.0 -1 -999 {-999.0 -999.0 -999.0 -999.0 -999.0} "" -999.0 -999.0 -999.0 -999.0 -999 -999 "" "" "" "" 0 0 0.0 0.0 -999 ""
FIBERMAP 1108 R-9C7 APOGEE 1 1 0 1 0 0 -59.012768551610236 -196.68571820635918 143.1 -148.49290839936774 -141.8590337628389 336.0435 23.920141 289.2045976042397 7.801892259666016 -2.5319152 -5.001508 0.17237012 289.20458999601067 7.8018773696007555 289.1875337423966 7.857566934990331 64.98889977725446 185.70957167399925 16000.0 16600.0 2016.0 2 178 {-999.0 20.851809 17.586334 15.995086 -999.0} sdss_psfmag_ps1 18.935207 16.357693 14.933682 10.667 63050395674624512 1154162703 bright_1x1 mwm_galactic_core_dist_apogee_sparse mwm_galactic science 0 0 0.0 0.0 -999 ""
FIBERMAP 1108 R-9C7 BOSS 0 0 0 1 0 0 -59.75643410276863 -196.70102612149012 143.1 -149.14708459524354 -141.50490156292867 336.0435 23.920141 -999.0 -999.0 -999.0 -999.0 -999.0 289.2015586455912 7.803364923364639 289.1845067158171 7.85914171499134 64.99021553894616 185.71695340877292 -999.0 5400.0 -999.0 1 390 {-999.0 -999.0 -999.0 -999.0 -999.0} "" -999.0 -999.0 -999.0 -999.0 -999 -999 "" "" "" "" 0 0 0.0 0.0 -999 ""
FIBERMAP 1108 R-9C7 METROLOGY 0 0 0 1 0 0 -59.38785011870785 -196.04877074253403 143.1 -148.50432617579958 -141.11988548461582 336.0435 23.920141 -999.0 -999.0 -999.0 -999.0 -999.0 289.20449166679794 7.80512294342363 289.1874330163956 7.860879765855629 64.99219235139903 185.71046847199673 -999.0 6231.0 -999.0 -1 -999 {-999.0 -999.0 -999.0 -999.0 -999.0} "" -999.0 -999.0 -999.0 -999.0 -999 -999 "" "" "" "" 0 0 0.0 0.0 -999 ""
FIBERMAP 1109 R+8C19 APOGEE 1 1 0 1 0 0 209.4254502004423 138.04517737126966 143.1 250.30173840416808 16.55310751893219 337.51184 67.42158 291.0322552769728 8.514929174167005 -2.6922321 -4.2925134 0.25859338 291.032247172556 8.514916394860979 291.01343695921 8.574977138356408 65.80177338962822 181.4660113161342 16000.0 16600.0 2016.0 2 60 {-999.0 15.135675 13.33872 12.4720745 -999.0} sdss_psfmag_from_g3xp 14.303233 13.097174 12.022949 9.397 63050395675469991 1152366892 bright_1x1 mwm_galactic_core_dist_apogee_sparse mwm_galactic science 0 0 0.0 0.0 -999 ""
FIBERMAP 1109 R+8C19 BOSS 0 0 0 1 0 0 208.9117924768416 137.497273113897 143.1 249.58439875713555 16.330504483955053 337.51184 67.42158 -999.0 -999.0 -999.0 -999.0 -999.0 291.0290234285691 8.513838528691737 291.01021783101737 8.573983353771098 65.8007104077383 181.4737220098217 -999.0 5400.0 -999.0 1 168 {-999.0 -999.0 -999.0 -999.0 -999.0} "" -999.0 -999.0 -999.0 -999.0 -999 -999 "" "" "" "" 0 0 0.0 0.0 -999 ""
FIBERMAP 1109 R+8C19 METROLOGY 0 0 0 1 0 0 208.69960686020696 138.21963191690503 143.1 249.75681942539575 17.063431121758533 337.51184 67.42158 -999.0 -999.0 -999.0 -999.0 -999.0 291.02981197729065 8.517177309098223 291.01099747720025 8.577297485805396 65.80404059900236 181.47201835008474 -999.0 6231.0 -999.0 -1 -999 {-999.0 -999.0 -999.0 -999.0 -999.0} "" -999.0 -999.0 -999.0 -999.0 -999 -999 "" "" "" "" 0 0 0.0 0.0 -999 ""
FIBERMAP 1111 R+8C16 APOGEE 0 0 0 1 0 0 152.40475030348819 147.99906152925345 143.1 205.6407678486308 53.381660719835885 26.620218 59.339943 -999.0 -999.0 -999.0 -999.0 -999.0 290.83044158168354 8.68314608205469 290.81120358486714 8.742685505733222 65.9643367057619 181.96560777737074 -999.0 16600.0 -999.0 2 -999 {-999.0 -999.0 -999.0 -999.0 -999.0} "" -999.0 -999.0 -999.0 -999.0 -999 -999 "" "" "" "" 0 0 0.0 0.0 -999 ""
FIBERMAP 1111 R+8C16 BOSS 1 1 0 1 0 0 152.37767053271503 147.25902597357552 143.1 205.25157338414465 52.751584378034686 26.620218 59.339943 290.8287048339843 8.680222262109623 -999.0 -999.0 -999.0 290.8287048339843 8.680222262109625 290.809476878052 8.739849002316946 65.96145155859645 181.96959262486035 5400.0 5400.0 2015.5 1 202 {-999.0 -999.0 -999.0 -999.0 -999.0} "" -999.0 -999.0 -999.0 -999.0 27021603151000140 852978849 "" ops_sky_boss_fallback ops_sky sky_boss 0 0 0.0 0.0 -999 ""
FIBERMAP 1111 R+8C16 METROLOGY 0 0 0 1 0 0 151.74016126582558 147.65996951883375 143.1 204.89536769624863 53.41519323824801 26.620218 59.339943 -999.0 -999.0 -999.0 -999.0 -999.0 290.827085237909 8.683266048426875 290.8078487638172 8.742862501899042 65.96441666629914 181.97375793917638 -999.0 6231.0 -999.0 -1 -999 {-999.0 -999.0 -999.0 -999.0 -999.0} "" -999.0 -999.0 -999.0 -999.0 -999 -999 "" "" "" "" 0 0 0.0 0.0 -999 ""
FIBERMAP 1112 R-6C10 APOGEE 0 0 0 1 0 0 -42.21134068897227 -119.42614915335498 143.1 -95.71050940786392 -82.98383668654613 237.47859 56.458347 -999.0 -999.0 -999.0 -999.0 -999.0 289.4455502849003 8.067783516306843 289.4278261610707 8.124023285560117 65.2736910792881 185.1967006378058 -999.0 16600.0 -999.0 2 -999 {-999.0 -999.0 -999.0 -999.0 -999.0} "" -999.0 -999.0 -999.0 -999.0 -999 -999 "" "" "" "" 0 0 0.0 0.0 -999 ""
FIBERMAP 1112 R-6C10 BOSS 1 1 0 1 0 0 -42.52515686313488 -118.7414116894901 143.1 -95.64504444439805 -82.23340629692501 237.47859 56.458347 289.44580078124994 8.071062875744104 -999.0 -999.0 -999.0 289.44580078124994 8.071062875744104 289.4280757748874 8.127396500115948 65.27707330154533 185.19673224268197 5400.0 5400.0 2015.5 1 367 {-999.0 -999.0 -999.0 -999.0 -999.0} "" -999.0 -999.0 -999.0 -999.0 27021603150991853 851825543 "" ops_sky_boss_fallback ops_sky sky_boss 0 0 0.0 0.0 -999 ""
FIBERMAP 1112 R-6C10 METROLOGY 0 0 0 1 0 0 -41.78639434693132 -118.81289342619233 143.1 -95.03801384609838 -82.6605789931063 237.47859 56.458347 -999.0 -999.0 -999.0 -999.0 -999.0 289.4485952171221 8.069146975642875 289.4308729319791 8.125461237148615 65.27535667174891 185.18977520868998 -999.0 6231.0 -999.0 -1 -999 {-999.0 -999.0 -999.0 -999.0 -999.0} "" -999.0 -999.0 -999.0 -999.0 -999 -999 "" "" "" "" 0 0 0.0 0.0 -999 ""
FIBERMAP 1113 R-3C16 APOGEE 1 1 0 1 0 0 62.054433566013856 -69.4390892675798 143.1 19.646355963806034 -91.03772116286568 261.95416 58.423008 289.9755318863015 8.029802650474272 -1.9678038 -5.3550763 0.11863467 289.9755259699165 8.029786707796212 289.9579061226453 8.087337690520087 65.27258758507489 183.93903552692083 16000.0 16600.0 2016.0 2 235 {-999.0 19.373106 16.431368 15.018362 -999.0} sdss_psfmag_ps1 17.748436 15.503802 14.143481 10.091 63050395674662117 1154162678 bright_1x1 mwm_galactic_core_dist_apogee_sparse mwm_galactic science 0 0 0.0 0.0 -999 ""
FIBERMAP 1113 R-3C16 BOSS 0 0 0 1 0 0 61.47935452832829 -68.97356518427463 143.1 19.37634197512453 -90.34880646314905 261.95416 58.423008 -999.0 -999.0 -999.0 -999.0 -999.0 289.9742981653353 8.032782048060744 289.9566762734809 8.090423417742409 65.27559698410883 183.942372007586 -999.0 5400.0 -999.0 1 282 {-999.0 -999.0 -999.0 -999.0 -999.0} "" -999.0 -999.0 -999.0 -999.0 -999 -999 "" "" "" "" 0 0 0.0 0.0 -999 ""
FIBERMAP 1113 R-3C16 METROLOGY 0 0 0 1 0 0 62.166497412896845 -68.70276299253335 143.1 20.107610817099918 -90.45286032847478 261.95416 58.423008 -999.0 -999.0 -999.0 -999.0 -999.0 289.9776585151173 8.032336188089554 289.9600362219473 8.089959282842615 65.2753276921225 183.93436753408992 -999.0 6231.0 -999.0 -1 -999 {-999.0 -999.0 -999.0 -999.0 -999.0} "" -999.0 -999.0 -999.0 -999.0 -999 -999 "" "" "" "" 0 0 0.0 0.0 -999 ""
FIBERMAP 1114 R-8C15 APOGEE 1 1 0 1 0 0 119.41178629480909 -176.45558748694094 143.1 16.64177337193833 -212.42795790037223 12.423968 9.828105 289.9599649631516 7.480717982891745 -3.3926592 -5.690712 0.31399372 289.95995477611075 7.480701040987645 289.943712910645 7.538305689482859 64.72366414840666 183.89691226091946 16000.0 16600.0 2016.0 2 203 {-999.0 23.165688 21.813269 17.53052 -999.0} sdss_psfmag_ps1 21.461782 17.491455 15.715262 8.978 63050395674511242 1154162159 bright_1x1 mwm_galactic_core_dist_apogee_sparse mwm_galactic science 0 0 0.0 0.0 -999 ""
FIBERMAP 1114 R-8C15 BOSS 0 0 0 1 0 0 118.74648733451507 -176.75423303096622 143.1 15.915740392361284 -212.35890665864827 12.423968 9.828105 -999.0 -999.0 -999.0 -999.0 -999.0 289.95663208220793 7.480876699921677 289.9403953757641 7.538569442442905 64.72373768940399 183.9046374410653 -999.0 5400.0 -999.0 1 318 {-999.0 -999.0 -999.0 -999.0 -999.0} "" -999.0 -999.0 -999.0 -999.0 -999 -999 "" "" "" "" 0 0 0.0 0.0 -999 ""
FIBERMAP 1114 R-8C15 METROLOGY 0 0 0 1 0 0 118.81279860454094 -176.01139963906076 143.1 16.340428803933943 -211.7457817509778 12.423968 9.828105 -999.0 -999.0 -999.0 -999.0 -999.0 289.95858527289266 7.483664006494547 289.94233999666574 7.541333783665607 64.72660871193432 183.90050355256972 -999.0 6231.0 -999.0 -1 -999 {-999.0 -999.0 -999.0 -999.0 -999.0} "" -999.0 -999.0 -999.0 -999.0 -999 -999 "" "" "" "" 0 0 0.0 0.0 -999 ""
FIBERMAP 1115 R-5C21 APOGEE 0 0 0 1 0 0 211.12982010099532 -109.7589378143926 143.1 129.3446009171768 -199.75316592774007 260.0697 119.96123 -999.0 -999.0 -999.0 -999.0 -999.0 290.47503366130127 7.537589483660067 290.4586545646826 7.596449428503886 64.80668432032513 182.70765850192785 -999.0 16600.0 -999.0 2 -999 {-999.0 -999.0 -999.0 -999.0 -999.0} "" -999.0 -999.0 -999.0 -999.0 -999 -999 "" "" "" "" 0 0 0.0 0.0 -999 ""
FIBERMAP 1115 R-5C21 BOSS 1 1 0 1 0 0 210.4585652500375 -110.03809611445317 143.1 128.62301790095984 -199.66422786444207 260.0697 119.96123 290.4717729284862 7.537877154889194 -2.842886 -5.1274257 0.5403704 290.47176439111104 7.537861889953236 290.4553884068288 7.59680980536131 64.80691447883311 182.7152921279509 5400.0 5400.0 2016.0 1 321 {-999.0 18.661257 17.433395 16.801647 -999.0} sdss_psfmag_ps1 18.10064 17.222809 16.275118 14.354 63050395662676289 980289281 "" ops_std_boss_red ops_std standard_boss 0 0 0.0 0.0 -999 ""
FIBERMAP 1115 R-5C21 METROLOGY 0 0 0 1 0 0 210.54491277654174 -109.29574735430913 143.1 129.06488825931805 -199.06142417968954 260.0697 119.96123 -999.0 -999.0 -999.0 -999.0 -999.0 290.4738000381725 7.5406052674733965 290.4574161771703 7.599530481247088 64.80971367354147 182.71083029502083 -999.0 6231.0 -999.0 -1 -999 {-999.0 -999.0 -999.0 -999.0 -999.0} "" -999.0 -999.0 -999.0 -999.0 -999 -999 "" "" "" "" 0 0 0.0 0.0 -999 ""
FIBERMAP 1118 R-13C4 APOGEE 1 1 0 1 0 0 -71.79333354821976 -261.268267747944 143.1 -191.51552449166888 -191.69833365664786 289.0663 132.76462 289.0104527335824 7.578803633837175 -2.7605934 -6.076943 -0.07462416 289.01044444255155 7.578785542079175 288.99394980000517 7.634032846315557 64.74945476786017 186.11350884243194 16000.0 16600.0 2016.0 2 279 {-999.0 22.221806 18.874823 15.844356 -999.0} sdss_psfmag_ps1 20.23457 15.8228655 14.203925 9.053 63050395673741336 1154152060 bright_1x1 mwm_galactic_core_dist_apogee_sparse mwm_galactic science 0 0 0.0 0.0 -999 ""
FIBERMAP 1118 R-13C4 BOSS 0 0 0 1 0 0 -72.11470503085717 -261.92894955836846 143.1 -192.12139540007348 -192.11400398367238 289.0663 132.76462 -999.0 -999.0 -999.0 -999.0 -999.0 289.0077078886246 7.576847430368765 288.9912268450505 7.632184260190522 64.74736979166428 186.11941750142753 -999.0 5400.0 -999.0 1 413 {-999.0 -999.0 -999.0 -999.0 -999.0} "" -999.0 -999.0 -999.0 -999.0 -999 -999 "" "" "" "" 0 0 0.0 0.0 -999 ""
FIBERMAP 1118 R-13C4 METROLOGY 0 0 0 1 0 0 -72.53599863844975 -261.31645827270336 143.1 -192.18507796605482 -191.37328700708838 289.0663 132.76462 -999.0 -999.0 -999.0 -999.0 -999.0 289.00739730600725 7.580200442415342 288.9909053080581 7.635508737215389 64.75065181571712 186.12086641411557 -999.0 6231.0 -999.0 -1 -999 {-999.0 -999.0 -999.0 -999.0 -999.0} "" -999.0 -999.0 -999.0 -999.0 -999 -999 "" "" "" "" 0 0 0.0 0.0 -999 ""
FIBERMAP 1121 R-3C7 APOGEE 1 0 0 1 1 0 -128.95864315716307 -78.35675486520981 143.1 -150.8445217299271 -4.412737256005763 313.10333 45.161633 289.2684998975677 8.424680939557662 -1.5152974 -3.1776407 0.13199526 289.19294810027645 8.42549701951881 289.1743159729066 8.481054317432045 65.60897337795865 185.86861372958498 16000.0 16600.0 2016.0 2 254 {-999.0 19.09576 16.340784 14.114258 -999.0} sdss_psfmag_ps1 17.631552 14.609156 13.140857 8.999 63050395675113289 1154164000 bright_1x1 mwm_galactic_core_dist_apogee_sparse mwm_galactic science 0 0 0.0 0.0 -999 ""
FIBERMAP 1121 R-3C7 BOSS 0 0 0 1 1 0 -129.69796759739626 -78.31499332491154 143.1 -151.4667255544073 -4.011128442867293 313.10333 45.161633 -999.0 -999.0 -999.0 -999.0 -999.0 289.19003599985365 8.427231409634725 289.1714075787012 8.482873505665514 65.61053545728036 185.8759364643299 -999.0 5400.0 -999.0 1 468 {-999.0 -999.0 -999.0 -999.0 -999.0} "" -999.0 -999.0 -999.0 -999.0 -999 -999 "" "" "" "" 0 0 0.0 0.0 -999 ""
FIBERMAP 1121 R-3C7 METROLOGY 0 0 0 1 1 0 -129.29974463357692 -77.68898777983308 143.1 -150.8111661684483 -3.6635809411733833 313.10333 45.161633 -999.0 -999.0 -999.0 -999.0 -999.0 289.19304977870195 8.428835547402953 289.1744150390575 8.484458664178048 65.61237335436263 185.86909404155293 -999.0 6231.0 -999.0 -1 -999 {-999.0 -999.0 -999.0 -999.0 -999.0} "" -999.0 -999.0 -999.0 -999.0 -999 -999 "" "" "" "" 0 0 0.0 0.0 -999 ""
FIBERMAP 1125 R0C22 APOGEE 0 0 0 1 0 0 187.98892389860958 -8.060947296233481 143.1 159.47232700181002 -99.89356068481963 308.37354 127.57951 -999.0 -999.0 -999.0 -999.0 -999.0 290.61627540430663 7.988414160012617 290.5987713241443 8.0475446765421 65.26272540554206 182.41958296637972 -999.0 16600.0 -999.0 2 -999 {-999.0 -999.0 -999.0 -999.0 -999.0} "" -999.0 -999.0 -999.0 -999.0 -999 -999 "" "" "" "" 0 0 0.0 0.0 -999 ""
FIBERMAP 1125 R0C22 BOSS 1 1 0 1 0 0 187.80705852603884 -8.780364926877269 143.1 158.95873464946268 -100.4292308871336 308.37354 127.57951 290.61396222683055 7.985879903708986 -2.1870043 -4.367185 0.27234015 290.61395565210796 7.985866902096619 290.5964613181266 8.045086240408297 65.26018645747155 182.424834442344 5400.0 5400.0 2016.0 1 244 {-999.0 18.923542 17.752476 17.195396 -999.0} sdss_psfmag_ps1 18.439465 17.632093 16.75021 14.972 63050395674726568 980289859 "" ops_std_boss_red ops_std standard_boss 0 0 0.0 0.0 -999 ""
FIBERMAP 1125 R0C22 METROLOGY 0 0 0 1 0 0 187.27148965778105 -8.26576450888557 143.1 158.74732294102236 -99.71716644227244 308.37354 127.57951 -999.0 -999.0 -999.0 -999.0 -999.0 290.6130085531656 7.989126507154487 290.59550507468873 8.048316304839828 65.2633803990091 182.42737286381177 -999.0 6231.0 -999.0 -1 -999 {-999.0 -999.0 -999.0 -999.0 -999.0} "" -999.0 -999.0 -999.0 -999.0 -999 -999 "" "" "" "" 0 0 0.0 0.0 -999 ""
FIBERMAP 1126 R+3C12 APOGEE 1 1 0 1 0 0 -11.716775530020922 67.51403496952221 143.1 23.170765371726528 64.49225175800045 56.79841 146.78232 289.9937573811243 8.73790956201743 -3.879906 -6.7190294 -0.090649806 289.99374569455966 8.737889558693961 289.97434392437793 8.795368053196162 65.98034767606205 184.0006788064438 16000.0 16600.0 2016.0 2 14 {-999.0 19.681854 16.99611 15.284271 -999.0} sdss_psfmag_ps1 18.175474 15.77984 14.3905525 10.529 63050395675308825 1154164711 bright_1x1 mwm_galactic_core_dist_apogee_sparse mwm_galactic science 0 0 0.0 0.0 -999 ""
FIBERMAP 1126 R+3C12 BOSS 0 0 0 1 0 0 -11.050701988944052 67.8176792227 143.1 23.8999416878169 64.42716414563633 56.79841 146.78232 -999.0 -999.0 -999.0 -999.0 -999.0 289.99711148874127 8.737526721781853 289.97771611794985 8.795104430224688 65.98028215481705 183.99246758290616 -999.0 5400.0 -999.0 1 114 {-999.0 -999.0 -999.0 -999.0 -999.0} "" -999.0 -999.0 -999.0 -999.0 -999 -999 "" "" "" "" 0 0 0.0 0.0 -999 ""
FIBERMAP 1126 R+3C12 METROLOGY 0 0 0 1 0 0 -11.113352217875821 67.07738437981064 143.1 23.479690816382497 63.81443758412228 56.79841 146.78232 -999.0 -999.0 -999.0 -999.0 -999.0 289.99516737410295 8.734763288992715 289.97577737191546 8.792310927397263 65.9773799957933 183.99675919219487 -999.0 6231.0 -999.0 -1 -999 {-999.0 -999.0 -999.0 -999.0 -999.0} "" -999.0 -999.0 -999.0 -999.0 -999 -999 "" "" "" "" 0 0 0.0 0.0 -999 ""
FIBERMAP 1127 R-13C6 APOGEE 1 1 0 1 0 0 -46.54818068467276 -254.6663759030425 143.1 -166.3030498793618 -198.4315639935417 191.62671 117.07915 289.12490534701675 7.547667201710767 -4.4398074 -7.4728885 0.058620222 289.1248920136792 7.547644954062211 289.1084764538755 7.603180242580201 64.72875216166852 185.84215500848208 16000.0 16600.0 2016.0 2 274 {-999.0 18.745813 16.002518 13.88461 -999.0} sdss_psfmag_ps1 17.17565 14.429335 12.993734 8.887 63050395673718195 1154151752 bright_1x1 mwm_galactic_core_dist_apogee_sparse mwm_galactic science 0 0 0.0 0.0 -999 ""
FIBERMAP 1127 R-13C6 BOSS 0 0 0 1 0 0 -47.004125414054165 -254.07028505584134 143.1 -166.4049647768046 -197.6879861088178 191.62671 117.07915 -999.0 -999.0 -999.0 -999.0 -999.0 289.1243888786413 7.550876923968489 289.1079735107027 7.606506492362444 64.7320229349663 185.84399125598978 -999.0 5400.0 -999.0 1 415 {-999.0 -999.0 -999.0 -999.0 -999.0} "" -999.0 -999.0 -999.0 -999.0 -999 -999 "" "" "" "" 0 0 0.0 0.0 -999 ""
FIBERMAP 1127 R-13C6 METROLOGY 0 0 0 1 0 0 -46.26179192112779 -253.96751033853513 143.1 -165.7087297810219 -197.96540829843346 191.62671 117.07915 -999.0 -999.0 -999.0 -999.0 -999.0 289.12756125058047 7.549638040698361 289.1111466328955 7.605248432025194 64.73104107326334 185.8363961149293 -999.0 6231.0 -999.0 -1 -999 {-999.0 -999.0 -999.0 -999.0 -999.0} "" -999.0 -999.0 -999.0 -999.0 -999 -999 "" "" "" "" 0 0 0.0 0.0 -999 ""
FIBERMAP 1129 R-8C8 APOGEE 0 0 0 1 0 0 -37.119429423697916 -171.95332363654717 143.1 -117.23660230723856 -131.1717852376301 333.57016 73.033615 -999.0 -999.0 -999.0 -999.0 -999.0 289.3471728603262 7.84955192499688 289.32999777513766 7.905585413055608 65.04833765658633 185.38588224758388 -999.0 16600.0 -999.0 2 -999 {-999.0 -999.0 -999.0 -999.0 -999.0} "" -999.0 -999.0 -999.0 -999.0 -999 -999 "" "" "" "" 0 0 0.0 0.0 -999 ""
FIBERMAP 1129 R-8C8 BOSS 1 1 0 1 0 0 -37.62390995662659 -172.4989318724349 143.1 -117.94482798801207 -131.3969263112996 333.57016 73.033615 289.34389619843796 7.848423779953453 -1.6169095 -4.4275846 0.15045363 289.34389133919495 7.848410598524758 289.32672678939497 7.904530938348339 65.04702818425669 185.39333862433438 5400.0 5400.0 2016.0 1 389 {-999.0 19.764858 17.995577 17.076157 16.359247} sdss_psfmag_from_ps1dr2 18.9658 17.8346 16.7698 14.479 63050395674634254 1040150718 "" ops_std_boss_ps1dr2 ops_std standard_boss 0 0 0.0 0.0 -999 ""
FIBERMAP 1129 R-8C8 METROLOGY 0 0 0 1 0 0 -37.84552823348878 -171.78173546990362 143.1 -117.7831596822396 -130.66382770712747 333.57016 73.033615 -999.0 -999.0 -999.0 -999.0 -999.0 289.34463302340333 7.851760650370567 289.3274578276107 7.9078553951816986 65.05039982138959 185.3922562288198 -999.0 6231.0 -999.0 -1 -999 {-999.0 -999.0 -999.0 -999.0 -999.0} "" -999.0 -999.0 -999.0 -999.0 -999 -999 "" "" "" "" 0 0 0.0 0.0 -999 ""
FIBERMAP 1130 R-3C13 APOGEE 1 1 0 1 0 0 7.291234996993331 -37.23868325290664 143.1 -12.059808744832038 -35.98137720500333 165.58698 33.93211 289.830322265625 8.280685594821009 -999.0 -999.0 -999.0 289.830322265625 8.280685594821009 289.8120685002945 8.337837727654401 65.51378624843555 184.32185339031426 16000.0 16600.0 2015.5 2 174 {-999.0 -999.0 -999.0 -999.0 -999.0} "" -999.0 -999.0 -999.0 -999.0 27021603150993680 849034532 "" ops_sky_apogee_good ops_sky sky_apogee 0 0 0.0 0.0 -999 ""
FIBERMAP 1130 R-3C13 BOSS 0 0 0 1 0 0 7.990729052031158 -36.99925942554684 143.1 -11.333304567494853 -36.118817031387835 165.58698 33.93211 -999.0 -999.0 -999.0 -999.0 -999.0 289.83365225707485 8.27993843947639 289.8154063789811 8.337191742113307 65.51335290956159 184.31380171341473 -999.0 5400.0 -999.0 1 364 {-999.0 -999.0 -999.0 -999.0 -999.0} "" -999.0 -999.0 -999.0 -999.0 -999 -999 "" "" "" "" 0 0 0.0 0.0 -999 ""
FIBERMAP 1130 R-3C13 METROLOGY 0 0 0 1 0 0 7.849191169682237 -37.73210558585504 143.1 -11.818467401414932 -36.68608891795337 165.58698 33.93211 -999.0 -999.0 -999.0 -999.0 -999.0 289.8314158230329 8.277390132482184 289.81317461800313 8.334612049555373 65.51063725965682 184.31872003795056 -999.0 6231.0 -999.0 -1 -999 {-999.0 -999.0 -999.0 -999.0 -999.0} "" -999.0 -999.0 -999.0 -999.0 -999 -999 "" "" "" "" 0 0 0.0 0.0 -999 ""
FIBERMAP 1131 R-8C19 APOGEE 1 1 0 1 0 0 210.8163880901373 -161.4041727577864 143.1 103.55435834991316 -244.50351380467157 311.1235 131.7518 290.3557224643638 7.3369949010431945 2.3907807 -3.2810137 1.4237213 290.3557296407516 7.336985133087954 290.339850400793 7.395586283319149 64.60105573502071 182.96335426135641 16000.0 16600.0 2016.0 2 185 {-999.0 11.712506 11.517057 11.462353 -999.0} sdss_psfmag_from_g3xp 11.7159605 11.496921 11.124203 10.599 63050395662649529 975058539 "" ops_std_apogee ops_std standard_apogee 0 0 0.0 0.0 -999 ""
FIBERMAP 1131 R-8C19 BOSS 0 0 0 1 0 0 210.73720722184947 -162.1481193327749 143.1 103.1179298824248 -245.11124779831727 311.1235 131.7518 -999.0 -999.0 -999.0 -999.0 -999.0 290.35371673285493 7.334164716870815 290.33784911176963 7.392858291304904 64.59824331014217 182.96769749801985 -999.0 5400.0 -999.0 1 331 {-999.0 -999.0 -999.0 -999.0 -999.0} "" -999.0 -999.0 -999.0 -999.0 -999 -999 "" "" "" "" 0 0 0.0 0.0 -999 ""
FIBERMAP 1131 R-8C19 METROLOGY 0 0 0 1 0 0 210.13282252727154 -161.72645085957828 143.1 102.8007659145319 -244.44598546697497 311.1235 131.7518 -999.0 -999.0 -999.0 -999.0 -999.0 290.35230168832476 7.337161008148721 290.33642535470074 7.395823129484225 64.60114326594037 182.97128958378866 -999.0 6231.0 -999.0 -1 -999 {-999.0 -999.0 -999.0 -999.0 -999.0} "" -999.0 -999.0 -999.0 -999.0 -999 -999 "" "" "" "" 0 0 0.0 0.0 -999 ""
FIBERMAP 1132 R+2C1 APOGEE 1 1 0 1 0 0 -269.31238028431244 53.15736090128678 143.1 -207.90060356474555 179.28622674224567 103.62579 106.9412 288.93601563769244 9.256213747968589 -1.3538785 -4.3000593 0.2068993 288.9360115538648 9.256200946197467 288.91526489622316 9.310987453038653 66.41150333721201 186.68535298171903 16000.0 16600.0 2016.0 2 145 {-999.0 22.28146 18.28342 15.818541 -999.0} sdss_psfmag_ps1 19.72384 16.12189 14.572268 9.472 63050395676600166 1154168120 bright_1x1 mwm_galactic_core_dist_apogee_sparse mwm_galactic science 0 0 0.0 0.0 -999 ""
FIBERMAP 1132 R+2C1 BOSS 0 0 0 1 0 0 -268.674891072219 53.502422109507386 143.1 -207.17581718558617 179.27127432590402 103.62579 106.9412 -999.0 -999.0 -999.0 -999.0 -999.0 288.93928948629264 9.25607261437569 288.91855219172163 9.310956003933178 66.41179365939198 186.67727828090815 -999.0 5400.0 -999.0 1 4 {-999.0 -999.0 -999.0 -999.0 -999.0} "" -999.0 -999.0 -999.0 -999.0 -999 -999 "" "" "" "" 0 0 0.0 0.0 -999 ""
FIBERMAP 1132 R+2C1 METROLOGY 0 0 0 1 0 0 -268.6697373130239 52.759924592233716 143.1 -207.53820124036648 178.6231308583564 103.62579 106.9412 -999.0 -999.0 -999.0 -999.0 -999.0 288.93762533779545 9.253173399601074 288.9168928370781 9.30802800165257 66.40871778765163 186.68062487990517 -999.0 6231.0 -999.0 -1 -999 {-999.0 -999.0 -999.0 -999.0 -999.0} "" -999.0 -999.0 -999.0 -999.0 -999 -999 "" "" "" "" 0 0 0.0 0.0 -999 ""
FIBERMAP 1135 R-2C11 APOGEE 1 1 0 1 0 0 -53.35658663279513 -20.083568769028194 143.1 -56.31643860669143 8.900748514431069 171.54672 45.79781 289.62700660786174 8.485566649579154 4.340279 -3.6511946 2.4732127 289.62701967238786 8.485555779552806 289.6082443059634 8.542173581724063 65.70395937993987 184.84255122118884 16000.0 16600.0 2016.0 2 268 {-999.0 14.616996 13.675499 13.258558 -999.0} sdss_psfmag_from_g3xp 14.302203 13.667855 12.896649 11.467 63050395675252928 917144060 bright_3x1 mwm_yso_pms_apogee_zari18pms mwm_yso science 0 0 0.0 0.0 -999 ""
FIBERMAP 1135 R-2C11 BOSS 0 0 0 1 0 0 -52.784772837225375 -19.61786196869298 143.1 -55.58914606636294 9.023146671839541 171.54672 45.79781 -999.0 -999.0 -999.0 -999.0 -999.0 289.63032968930526 8.486020584483814 289.61156047592704 8.542738391640746 65.70475794990868 184.8346996300532 -999.0 5400.0 -999.0 1 448 {-999.0 -999.0 -999.0 -999.0 -999.0} "" -999.0 -999.0 -999.0 -999.0 -999 -999 "" "" "" "" 0 0 0.0 0.0 -999 ""
FIBERMAP 1135 R-2C11 METROLOGY 0 0 0 1 0 0 -52.660109951026755 -20.35688646340351 143.1 -55.84590166453211 8.318973968097156 171.54672 45.79781 -999.0 -999.0 -999.0 -999.0 -999.0 289.6291494085121 8.482840169213896 289.6103863049492 8.539529537190793 65.7014741165531 184.83695533793036 -999.0 6231.0 -999.0 -1 -999 {-999.0 -999.0 -999.0 -999.0 -999.0} "" -999.0 -999.0 -999.0 -999.0 -999 -999 "" "" "" "" 0 0 0.0 0.0 -999 ""
FIBERMAP 1137 R-1C6 APOGEE 0 0 0 1 0 0 -178.57437220009032 -23.499778677927242 143.1 -166.88046773384968 67.80000957943474 184.06209 133.02806 -999.0 -999.0 -999.0 -999.0 -999.0 289.12015193733424 8.753543583160424 289.10068727199746 8.80886714166039 65.92902836848918 186.1161985104612 -999.0 16600.0 -999.0 2 -999 {-999.0 -999.0 -999.0 -999.0 -999.0} "" -999.0 -999.0 -999.0 -999.0 -999 -999 "" "" "" "" 0 0 0.0 0.0 -999 ""
FIBERMAP 1137 R-1C6 BOSS 1 1 0 1 0 0 -179.1214400692723 -23.00254833849268 143.1 -167.11046024287114 68.50265246094764 184.06209 133.02806 289.1190475659848 8.756675972572458 1.0650555 -5.439074 1.4495759 289.11905077417265 8.756659779823535 289.09958625320417 8.812071010346932 65.93212035948002 186.1195678567385 5400.0 5400.0 2016.0 1 484 {-999.0 15.409104 14.606846 14.262722 -999.0} sdss_psfmag_from_g3xp 15.163898 14.617307 13.907007 12.651 63050395675217260 1095813041 bright_1x1 mwm_bin_vis_boss mwm_filler science 0 0 0.0 0.0 -999 ""
FIBERMAP 1137 R-1C6 METROLOGY 0 0 0 1 0 0 -178.41249974863635 -22.771452315660927 143.1 -166.37985733256002 68.35330429573249 184.06209 133.02806 -999.0 -999.0 -999.0 -999.0 -999.0 289.1223988651284 8.756010113982445 289.10293399366964 8.811403936901236 65.93175593328155 186.11134085011597 -999.0 6231.0 -999.0 -1 -999 {-999.0 -999.0 -999.0 -999.0 -999.0} "" -999.0 -999.0 -999.0 -999.0 -999 -999 "" "" "" "" 0 0 0.0 0.0 -999 ""
FIBERMAP 1140 R-5C12 APOGEE 1 1 0 1 0 0 23.218599463784223 -115.46653374468077 143.1 -36.86314874072695 -111.86966159859526 17.086779 22.30486 289.7156241949016 7.935823537822568 -1.6870995 -4.649444 0.16161026 289.71561912364695 7.935809695892755 289.6982314583992 7.9927368655704845 65.16203558521956 184.53706191325134 16000.0 16600.0 2016.0 2 159 {-999.0 18.358776 15.625899 13.767228 -999.0} sdss_psfmag_ps1 16.93107 14.014534 12.564196 8.503 63050395674650760 1154162784 bright_1x1 mwm_galactic_core_dist_apogee_sparse mwm_galactic science 0 0 0.0 0.0 -999 ""
FIBERMAP 1140 R-5C12 BOSS 0 0 0 1 0 0 22.64350187638031 -115.93714177526422 143.1 -37.5957181971533 -111.99469883636154 17.086779 22.30486 -999.0 -999.0 -999.0 -999.0 -999.0 289.7122298246846 7.9351063974580445 289.6948502727369 7.992119684154492 65.16119470429885 184.5449160311046 -999.0 5400.0 -999.0 1 387 {-999.0 -999.0 -999.0 -999.0 -999.0} "" -999.0 -999.0 -999.0 -999.0 -999 -999 "" "" "" "" 0 0 0.0 0.0 -999 ""
FIBERMAP 1140 R-5C12 METROLOGY 0 0 0 1 0 0 22.50904742634114 -115.20343734293579 143.1 -37.35010492610263 -111.29031391938683 17.086779 22.30486 -999.0 -999.0 -999.0 -999.0 -999.0 289.7133671905819 7.9383372604692495 289.69597770162505 7.995326061334408 65.16446892358223 184.54277754363477 -999.0 6231.0 -999.0 -1 -999 {-999.0 -999.0 -999.0 -999.0 -999.0} "" -999.0 -999.0 -999.0 -999.0 -999 -999 "" "" "" "" 0 0 0.0 0.0 -999 ""
FIBERMAP 1143 R-2C5 APOGEE 1 1 0 1 0 0 -198.97337455071911 -38.67144467797089 143.1 -192.11353736240306 64.6874094615021 224.64104 61.892036 289.0049743652344 8.739186506341923 -999.0 -999.0 -999.0 289.0049743652344 8.739186506341923 288.98554348684746 8.79422791112389 65.90390571274541 186.39051894681145 16000.0 16600.0 2015.5 2 249 {-999.0 -999.0 -999.0 -999.0 -999.0} "" -999.0 -999.0 -999.0 -999.0 27021603150997012 849034682 "" ops_sky_apogee_good ops_sky sky_apogee 0 0 0.0 0.0 -999 ""
FIBERMAP 1143 R-2C5 BOSS 0 0 0 1 0 0 -199.19670847060328 -37.96190154055723 143.1 -191.95714224702837 65.41470129156018 224.64104 61.892036 -999.0 -999.0 -999.0 -999.0 -999.0 289.00564029123444 8.742410501671342 288.9862099268413 8.797543965455647 65.90726924140732 186.38968199027914 -999.0 5400.0 -999.0 1 473 {-999.0 -999.0 -999.0 -999.0 -999.0} "" -999.0 -999.0 -999.0 -999.0 -999 -999 "" "" "" "" 0 0 0.0 0.0 -999 ""
FIBERMAP 1143 R-2C5 METROLOGY 0 0 0 1 0 0 -198.46128346364907 -38.121459075359105 143.1 -191.39653151136227 64.91259628252337 224.64104 61.892036 -999.0 -999.0 -999.0 -999.0 -999.0 289.0081998016667 8.740162726599827 288.98877271290485 8.795277117997795 65.90525227445464 186.38298033483977 -999.0 6231.0 -999.0 -1 -999 {-999.0 -999.0 -999.0 -999.0 -999.0} "" -999.0 -999.0 -999.0 -999.0 -999 -999 "" "" "" "" 0 0 0.0 0.0 -999 ""
FIBERMAP 1144 R+12C1 APOGEE 1 1 0 1 0 0 -137.61189522538922 233.60411392491852 143.1 -4.229785013228037 271.1108544079712 48.104313 63.0793 289.86995154058064 9.670514605148934 -1.6716678 -5.333522 0.14244097 289.8699464920948 9.670498726641016 289.8481820173767 9.727520518988943 66.9028395066142 184.45816128464855 16000.0 16600.0 2016.0 2 129 {-999.0 20.672712 17.302038 15.556945 -999.0} sdss_psfmag_ps1 18.713226 15.976949 14.53461 10.169 63050395676225755 1154166465 bright_1x1 mwm_galactic_core_dist_apogee_sparse mwm_galactic science 0 0 0.0 0.0 -999 ""
FIBERMAP 1144 R+12C1 BOSS 0 0 0 1 0 0 -137.39193251935805 232.9125800529476 143.1 -4.380213068288211 270.40088722723027 48.104313 63.0793 -999.0 -999.0 -999.0 -999.0 -999.0 289.8692416536214 9.667259048965475 289.84749119077065 9.724366579132331 66.89964735600776 184.45935965315832 -999.0 5400.0 -999.0 1 8 {-999.0 -999.0 -999.0 -999.0 -999.0} "" -999.0 -999.0 -999.0 -999.0 -999 -999 "" "" "" "" 0 0 0.0 0.0 -999 ""
FIBERMAP 1144 R+12C1 METROLOGY 0 0 0 1 0 0 -138.11304088516326 233.05548232774046 143.1 -4.936604873734515 270.88143679207553 48.104313 63.0793 -999.0 -999.0 -999.0 -999.0 -999.0 289.8666972509173 9.669423262976554 289.8449395323366 9.726499538003537 66.90160865589073 184.46611685625362 -999.0 6231.0 -999.0 -1 -999 {-999.0 -999.0 -999.0 -999.0 -999.0} "" -999.0 -999.0 -999.0 -999.0 -999 -999 "" "" "" "" 0 0 0.0 0.0 -999 ""
FIBERMAP 1148 R0C11 APOGEE 1 1 0 1 0 0 -84.91628290216104 4.6653765998381616 143.1 -71.52903962763443 46.01333059392943 200.23836 75.56558 289.5573579230777 8.65466907373751 2.4468513 -11.321807 0.22807552 289.5573652915374 8.654635367416269 289.5381617740239 8.7110536513844 65.86730911462308 185.04120169392405 16000.0 16600.0 2016.0 2 285 {-999.0 16.672987 14.619738 13.603023 -999.0} sdss_psfmag_from_g3xp 15.66035 14.243705 13.092106 10.143 63050395675282352 1152366792 bright_1x1 mwm_galactic_core_dist_apogee_sparse mwm_galactic science 0 0 0.0 0.0 -999 ""
FIBERMAP 1148 R0C11 BOSS 0 0 0 1 0 0 -84.99728383211901 5.402682812554758 143.1 -71.23516922427875 46.69443605453369 200.23836 75.56558 -999.0 -999.0 -999.0 -999.0 -999.0 289.5586804188146 8.65766653886252 289.53947617480617 8.714178813673344 65.87052263921139 185.03860371667287 -999.0 5400.0 -999.0 1 431 {-999.0 -999.0 -999.0 -999.0 -999.0} "" -999.0 -999.0 -999.0 -999.0 -999 -999 "" "" "" "" 0 0 0.0 0.0 -999 ""
FIBERMAP 1148 R0C11 METROLOGY 0 0 0 1 0 0 -84.31429959099637 5.104032666639516 143.1 -70.78888054464406 46.0973016616532 200.23836 75.56558 -999.0 -999.0 -999.0 -999.0 -999.0 289.56073672951965 8.65496787834238 289.5415373928822 8.71145981132596 65.86796337108579 185.0331373031731 -999.0 6231.0 -999.0 -1 -999 {-999.0 -999.0 -999.0 -999.0 -999.0} "" -999.0 -999.0 -999.0 -999.0 -999 -999 "" "" "" "" 0 0 0.0 0.0 -999 ""
FIBERMAP 1149 R-5C9 APOGEE 1 1 0 1 0 0 -60.50637939646275 -89.17194784040385 143.1 -96.66944628837012 -47.6384856580735 77.52308 151.39159 289.4411783339581 8.228507973945112 1.7573048 -4.2154803 1.4793894 289.4411836200762 8.22849542397536 289.42305362100063 8.284697777120822 65.43352046721974 185.2377598364413 16000.0 16600.0 2016.0 2 284 {-999.0 17.845423 16.358288 15.564226 -999.0} sdss_psfmag_ps1 16.952946 16.415903 14.988757 12.927 63050395675084635 917016336 bright_3x1 mwm_yso_variable_apogee mwm_yso science 0 0 0.0 0.0 -999 ""
FIBERMAP 1149 R-5C9 BOSS 0 0 0 1 0 0 -60.02147833818203 -88.60536876057485 143.1 -95.96788322539636 -47.38543642044581 77.52308 151.39159 -999.0 -999.0 -999.0 -999.0 -999.0 289.4443507044722 8.229524062150983 289.42622578434043 8.285827121974547 65.43488975509415 185.23044239529494 -999.0 5400.0 -999.0 1 409 {-999.0 -999.0 -999.0 -999.0 -999.0} "" -999.0 -999.0 -999.0 -999.0 -999 -999 "" "" "" "" 0 0 0.0 0.0 -999 ""
FIBERMAP 1149 R-5C9 METROLOGY 0 0 0 1 0 0 -59.766990576778255 -89.30461270630445 143.1 -96.09210147591803 -48.11916616215037 77.52308 151.39159 -999.0 -999.0 -999.0 -999.0 -999.0 289.4437895035664 8.226217689954485 289.4256708488525 8.282493540825666 65.43152365024869 185.23113810392033 -999.0 6231.0 -999.0 -1 -999 {-999.0 -999.0 -999.0 -999.0 -999.0} "" -999.0 -999.0 -999.0 -999.0 -999 -999 "" "" "" "" 0 0 0.0 0.0 -999 ""
FIBERMAP 1150 R-9C10 APOGEE 1 1 0 1 0 0 22.85570821533846 -161.99600740425677 143.1 -60.168717497531894 -152.147448949804 78.77171 82.7424 289.6085734943773 7.7536216025004245 -3.6425548 -7.5545063 0.43751672 289.6085625500132 7.753599111866258 289.5916319211653 7.81029305084046 64.97276126152057 184.75717487193626 16000.0 16600.0 2016.0 2 180 {-999.0 16.112791 13.666787 12.384655 -999.0} sdss_psfmag_from_g3xp 14.815312 13.0644455 11.819936 8.538 63050395674609020 1155918485 bright_1x1 mwm_galactic_core_dist_apogee_extra mwm_galactic science 0 0 0.0 0.0 -999 ""
FIBERMAP 1150 R-9C10 BOSS 0 0 0 1 0 0 23.549983949092613 -162.2277812113533 143.1 -59.67956758843662 -152.69201386212592 78.77171 82.7424 -999.0 -999.0 -999.0 -999.0 -999.0 289.6107759938098 7.750979173516875 289.59385878817415 7.807774148185059 64.97040380777172 184.75155396564915 -999.0 5400.0 -999.0 1 375 {-999.0 -999.0 -999.0 -999.0 -999.0} "" -999.0 -999.0 -999.0 -999.0 -999 -999 "" "" "" "" 0 0 0.0 0.0 -999 ""
FIBERMAP 1150 R-9C10 METROLOGY 0 0 0 1 0 0 22.9865635634675 -162.72870544042607 143.1 -60.41696290897097 -152.84918050887245 78.77171 82.7424 -999.0 -999.0 -999.0 -999.0 -999.0 289.60740247237806 7.750317498239167 289.5904849849745 7.8070773091654475 64.96947350335587 184.75931870387595 -999.0 6231.0 -999.0 -1 -999 {-999.0 -999.0 -999.0 -999.0 -999.0} "" -999.0 -999.0 -999.0 -999.0 -999 -999 "" "" "" "" 0 0 0.0 0.0 -999 ""
FIBERMAP 1151 R-9C4 APOGEE 0 0 0 1 0 0 -110.47284371522039 -183.32898554409053 143.1 -186.63761544108618 -104.81920842367975 343.559 99.81017 -999.0 -999.0 -999.0 -999.0 -999.0 289.03029424676185 7.9702186825320025 289.0128110796173 8.02544969896452 65.14095327394816 186.15338965899753 -999.0 16600.0 -999.0 2 -999 {-999.0 -999.0 -999.0 -999.0 -999.0} "" -999.0 -999.0 -999.0 -999.0 -999 -999 "" "" "" "" 0 0 0.0 0.0 -999 ""
FIBERMAP 1151 R-9C4 BOSS 1 1 0 1 0 0 -110.55476182203311 -184.04708822925366 143.1 -187.06365455232753 -105.40311885521236 343.559 99.81017 289.0283203125 7.96746951006719 -999.0 -999.0 -999.0 289.0283203125 7.96746951006719 289.01085285479564 8.022790375031123 65.13812842938597 186.15740699068564 5400.0 5400.0 2015.5 1 479 {-999.0 -999.0 -999.0 -999.0 -999.0} "" -999.0 -999.0 -999.0 -999.0 27021603150994701 852977762 "" ops_sky_boss_fallback ops_sky sky_boss 0 0 0.0 0.0 -999 ""
FIBERMAP 1151 R-9C4 METROLOGY 0 0 0 1 0 0 -111.15807393908867 -183.6241490933462 143.1 -187.37925809103365 -104.73728164697467 343.559 99.81017 -999.0 -999.0 -999.0 -999.0 -999.0 289.02688407603773 7.970519773545519 289.00940635362156 8.025809858003287 65.14100485195294 186.16145406175076 -999.0 6231.0 -999.0 -1 -999 {-999.0 -999.0 -999.0 -999.0 -999.0} "" -999.0 -999.0 -999.0 -999.0 -999 -999 "" "" "" "" 0 0 0.0 0.0 -999 ""
FIBERMAP 1152 R-9C3 APOGEE 1 1 0 1 0 0 -128.6713489904299 -170.95419184732262 143.1 -196.34676481597396 -85.06758891510991 44.070835 81.18872 288.98586139946474 8.059833389438557 -4.0432463 -6.1667805 0.38415068 288.9858492421687 8.059815030223735 288.96813898894715 8.114921330198857 65.22597878160214 186.27792600453148 16000.0 16600.0 2016.0 2 256 {-999.0 16.719353 15.467144 14.923803 -999.0} sdss_psfmag_ps1 16.166176 15.357386 14.465519 12.808 63050395675035499 917016319 bright_3x1 mwm_yso_variable_apogee mwm_yso science 0 0 0.0 0.0 -999 ""
FIBERMAP 1152 R-9C3 BOSS 0 0 0 1 0 0 -128.25129984329504 -171.5561978748994 143.1 -196.27898357430288 -85.79857414120778 44.070835 81.18872 -999.0 -999.0 -999.0 -999.0 -999.0 288.9861180694207 8.05639193843679 288.96842534798486 8.111593352360018 65.2226915218047 186.27651474089276 -999.0 5400.0 -999.0 1 477 {-999.0 -999.0 -999.0 -999.0 -999.0} "" -999.0 -999.0 -999.0 -999.0 -999 -999 "" "" "" "" 0 0 0.0 0.0 -999 ""
FIBERMAP 1152 R-9C3 METROLOGY 0 0 0 1 0 0 -129.02604664461646 -171.61275479462176 143.1 -196.98056570286138 -85.46495056831832 44.070835 81.18872 -999.0 -999.0 -999.0 -999.0 -999.0 288.98293647607403 8.057945063122553 288.9652372887208 8.1131117440104 65.22391008098485 186.28434991837173 -999.0 6231.0 -999.0 -1 -999 {-999.0 -999.0 -999.0 -999.0 -999.0} "" -999.0 -999.0 -999.0 -999.0 -999 -999 "" "" "" "" 0 0 0.0 0.0 -999 ""
FIBERMAP 1153 R-6C11 APOGEE 0 0 0 1 0 0 10.505014857104962 -115.16076245332756 143.1 -47.766451752102434 -105.3220612488765 347.07486 136.51758 -999.0 -999.0 -999.0 -999.0 -999.0 289.6655775663869 7.965679302223408 289.6481139688773 8.022478261971562 65.18832932672737 184.65981755922155 -999.0 16600.0 -999.0 2 -999 {-999.0 -999.0 -999.0 -999.0 -999.0} "" -999.0 -999.0 -999.0 -999.0 -999 -999 "" "" "" "" 0 0 0.0 0.0 -999 ""
FIBERMAP 1153 R-6C11 BOSS 1 1 0 1 0 0 10.924593749458458 -115.76992124058472 143.1 -47.70261354558573 -106.0590334043179 347.07486 136.51758 289.66583977847336 7.9622005095260056 -0.36581054 -3.6442845 0.24689603 289.66583867881224 7.962189660071997 289.6483904596714 8.019084084382492 65.18496211395521 184.65860900497412 5400.0 5400.0 2016.0 1 386 {-999.0 15.650016 14.539979 13.971776 -999.0} sdss_psfmag_from_g3xp 15.237333 14.441219 13.547445 11.979 63050395674656130 1068464530 bright_3x1 mwm_ob_core_boss mwm_ob science 0 0 0.0 0.0 -999 ""
FIBERMAP 1153 R-6C11 METROLOGY 0 0 0 1 0 0 10.177559709309813 -115.83116166774705 143.1 -48.38241370244476 -105.74317488281976 347.07486 136.51758 -999.0 -999.0 -999.0 -999.0 -999.0 289.6627237649273 7.96366844143385 289.64526991017783 8.02052823303921 65.18618953180496 184.66619160384963 -999.0 6231.0 -999.0 -1 -999 {-999.0 -999.0 -999.0 -999.0 -999.0} "" -999.0 -999.0 -999.0 -999.0 -999 -999 "" "" "" "" 0 0 0.0 0.0 -999 ""
FIBERMAP 1156 R-11C14 APOGEE 1 1 0 1 0 0 140.08429724535003 -208.65254933894832 143.1 18.70799707466083 -250.63722729103998 49.951683 79.07673 289.96878516731294 7.309549184708611 -1.9119345 -6.1989202 0.10342977 289.96877942862744 7.309530729810116 289.9529666600536 7.367185928313553 64.5533514306394 183.85263084864005 16000.0 16600.0 2016.0 2 239 {-999.0 20.520863 17.609169 15.3771305 -999.0} sdss_psfmag_ps1 18.856668 15.789267 14.305865 9.99 63050395662634267 1154144939 bright_1x1 mwm_galactic_core_dist_apogee_sparse mwm_galactic science 0 0 0.0 0.0 -999 ""
FIBERMAP 1156 R-11C14 BOSS 0 0 0 1 0 0 140.55585721870787 -209.2290566280386 143.1 18.833165492527232 -251.37149282571983 49.951683 79.07673 -999.0 -999.0 -999.0 -999.0 -999.0 289.969333887117 7.306134562909024 289.9535351635664 7.363888758489274 64.55009173016101 183.8508836463462 -999.0 5400.0 -999.0 1 255 {-999.0 -999.0 -999.0 -999.0 -999.0} "" -999.0 -999.0 -999.0 -999.0 -999 -999 "" "" "" "" 0 0 0.0 0.0 -999 ""
FIBERMAP 1156 R-11C14 METROLOGY 0 0 0 1 0 0 139.8182456801304 -209.3524913484682 143.1 18.13082817749726 -251.1143674812691 49.951683 79.07673 -999.0 -999.0 -999.0 -999.0 -999.0 289.9661343740533 7.307320339072701 289.95033108855256 7.365038956302148 64.55105893555356 183.8584189757534 -999.0 6231.0 -999.0 -1 -999 {-999.0 -999.0 -999.0 -999.0 -999.0} "" -999.0 -999.0 -999.0 -999.0 -999 -999 "" "" "" "" 0 0 0.0 0.0 -999 ""
FIBERMAP 1158 R-5C22 APOGEE 1 1 0 1 0 0 244.67941403735097 -88.44687234643366 143.1 169.0459770372664 -197.7991839141613 41.382557 118.68686 290.6554894269902 7.546628783287966 23.842962 51.94198 4.9977 290.65556103046345 7.546783420525324 290.6391600000265 7.606084385318931 64.82292817284544 182.28833565880038 16000.0 16600.0 2016.0 2 211 {-999.0 8.467617 8.366099 8.346715 -999.0} sdss_psfmag_from_g3xp 8.504124 8.356002 8.024391 7.597 63050395662670143 975058557 "" ops_std_apogee ops_std standard_apogee 0 0 0.0 0.0 -999 ""
FIBERMAP 1158 R-5C22 BOSS 0 0 0 1 0 0 245.3740498472819 -88.70134902783278 143.1 169.52422262600223 -198.3636667480296 41.382557 118.68686 -999.0 -999.0 -999.0 -999.0 -999.0 290.6577030574737 7.544152837553099 290.64131310562755 7.603555374546557 64.82047282082578 182.28312080980425 -999.0 5400.0 -999.0 1 251 {-999.0 -999.0 -999.0 -999.0 -999.0} "" -999.0 -999.0 -999.0 -999.0 -999 -999 "" "" "" "" 0 0 0.0 0.0 -999 ""
FIBERMAP 1158 R-5C22 METROLOGY 0 0 0 1 0 0 244.80474106619002 -89.17959326044041 143.1 168.7929134824275 -198.49820384370435 41.382557 118.68686 -999.0 -999.0 -999.0 -999.0 -999.0 290.65437769974284 7.543569358894705 290.6379882413966 7.60293664848559 64.81974288369139 182.2908131534927 -999.0 6231.0 -999.0 -1 -999 {-999.0 -999.0 -999.0 -999.0 -999.0} "" -999.0 -999.0 -999.0 -999.0 -999 -999 "" "" "" "" 0 0 0.0 0.0 -999 ""
FIBERMAP 1162 R-2C6 APOGEE 0 0 0 1 0 0 -162.8688943608505 -25.498674051361135 143.1 -154.21229820732844 58.30196513973776 127.03968 103.79281 -999.0 -999.0 -999.0 -999.0 -999.0 289.1779664662097 8.710510817561026 289.1586122646895 8.765984192021547 65.8914442971741 185.9671041499841 -999.0 16600.0 -999.0 2 -999 {-999.0 -999.0 -999.0 -999.0 -999.0} "" -999.0 -999.0 -999.0 -999.0 -999 -999 "" "" "" "" 0 0 0.0 0.0 -999 ""
FIBERMAP 1162 R-2C6 BOSS 1 1 0 1 0 0 -162.4006925070366 -24.906935550666987 143.1 -153.5128238249604 58.585141352532105 127.03968 103.79281 289.1811145924862 8.711741596387148 -2.015247 -4.0617375 0.19949551 289.18110852283763 8.711729504127351 289.1617595011086 8.767301496254914 65.8930313891062 185.95980400327318 5400.0 5400.0 2016.0 1 472 {-999.0 17.70782 16.145384 15.388254 -999.0} sdss_psfmag_ps1 17.041002 15.929885 14.875776 12.891 63050395675215473 1093383762 bright_3x1 mwm_astar_core_boss mwm_ob science 0 0 0.0 0.0 -999 ""
FIBERMAP 1162 R-2C6 METROLOGY 0 0 0 1 0 0 -162.1298338658163 -25.60090694817803 143.1 -153.62020255024504 57.847907269169085 127.03968 103.79281 -999.0 -999.0 -999.0 -999.0 -999.0 289.1806210102844 8.708402838795127 289.16127807034803 8.7639483752076 65.88964935038355 185.96023890651475 -999.0 6231.0 -999.0 -1 -999 {-999.0 -999.0 -999.0 -999.0 -999.0} "" -999.0 -999.0 -999.0 -999.0 -999 -999 "" "" "" "" 0 0 0.0 0.0 -999 ""
FIBERMAP 1163 R-8C7 APOGEE 0 0 0 1 0 0 -60.96599367332873 -174.4813450403269 143.1 -139.22012875479766 -121.58738701044278 340.2286 52.810818 -999.0 -999.0 -999.0 -999.0 -999.0 289.2466170348255 7.893369872814236 289.2293303285065 7.949147919371847 65.08363035853995 185.6300238303156 -999.0 16600.0 -999.0 2 -999 {-999.0 -999.0 -999.0 -999.0 -999.0} "" -999.0 -999.0 -999.0 -999.0 -999 -999 "" "" "" "" 0 0 0.0 0.0 -999 ""
FIBERMAP 1163 R-8C7 BOSS 1 1 0 1 0 0 -61.579401740173026 -174.91539178788346 143.1 -139.9679441452152 -121.66170537489893 340.2286 52.810818 289.2431685574314 7.893012638793892 -4.483377 -31.653767 3.3165507 289.2431550822446 7.892918401890231 289.22587668217614 7.948782617385291 65.08298121364702 185.63804230459675 5400.0 5400.0 2016.0 1 401 {-999.0 15.922837 14.695139 14.213525 -999.0} sdss_psfmag_from_g3xp 15.452546 14.693594 13.842004 12.109 63050395674640427 1095698868 bright_1x1 mwm_bin_vis_boss mwm_filler science 0 0 0.0 0.0 -999 ""
FIBERMAP 1163 R-8C7 METROLOGY 0 0 0 1 0 0 -61.6414543370549 -174.1644619826062 143.1 -139.65086691745807 -120.97811658428516 340.2286 52.810818 -999.0 -999.0 -999.0 -999.0 -999.0 289.24460392725877 7.8960405683520705 289.2273161837472 7.951880961185573 65.08618766144279 185.6352831073713 -999.0 6231.0 -999.0 -1 -999 {-999.0 -999.0 -999.0 -999.0 -999.0} "" -999.0 -999.0 -999.0 -999.0 -999 -999 "" "" "" "" 0 0 0.0 0.0 -999 ""
FIBERMAP 1167 R-3C5 APOGEE 1 1 0 1 0 0 -178.9882757785911 -71.85331558448365 143.1 -191.13165415255094 25.961415477719793 261.09735 84.00203 289.0090942382812 8.563500320884941 -999.0 -999.0 -999.0 289.0090942382812 8.563500320884941 288.9901090274524 8.618580782570387 65.72946697681712 186.33911653277391 16000.0 16600.0 2015.5 2 264 {-999.0 -999.0 -999.0 -999.0 -999.0} "" -999.0 -999.0 -999.0 -999.0 27021603150996668 849034648 "" ops_sky_apogee_good ops_sky sky_apogee 0 0 0.0 0.0 -999 ""
FIBERMAP 1167 R-3C5 BOSS 0 0 0 1 0 0 -179.72356715267813 -71.66061148562866 143.1 -191.67577110325857 26.492275192395127 261.09735 84.00203 -999.0 -999.0 -999.0 -999.0 -999.0 289.0065569926386 8.5658233212915 288.9875745238102 8.620988828610574 65.73162894176045 186.34573642193612 -999.0 5400.0 -999.0 1 466 {-999.0 -999.0 -999.0 -999.0 -999.0} "" -999.0 -999.0 -999.0 -999.0 -999 -999 "" "" "" "" 0 0 0.0 0.0 -999 ""
FIBERMAP 1167 R-3C5 METROLOGY 0 0 0 1 0 0 -179.18357867599607 -71.13394700314035 143.1 -190.94603152120487 26.683400448462674 261.09735 84.00203 -999.0 -999.0 -999.0 -999.0 -999.0 289.0098956634997 8.566718230363493 288.9909085040373 8.621865850958232 65.73281175857541 186.3379521808761 -999.0 6231.0 -999.0 -1 -999 {-999.0 -999.0 -999.0 -999.0 -999.0} "" -999.0 -999.0 -999.0 -999.0 -999 -999 "" "" "" "" 0 0 0.0 0.0 -999 ""
FIBERMAP 1169 R-11C9 APOGEE 1 1 0 1 0 0 8.75303928067656 -228.79517311771664 143.1 -105.43611648637308 -203.26083638390318 277.81845 99.37954 289.4019286338423 7.524077379797687 -1.39576 -4.00569 0.10185064 289.4019244424157 7.524065454397591 289.3855697574361 7.580288475770412 64.72834732745207 185.19654025810414 16000.0 16600.0 2016.0 2 168 {-999.0 18.976538 16.373886 14.968249 -999.0} sdss_psfmag_ps1 17.473797 15.605917 14.335585 10.894 63050395674523938 1154162303 bright_1x1 mwm_galactic_core_dist_apogee_sparse mwm_galactic science 0 0 0.0 0.0 -999 ""
FIBERMAP 1169 R-11C9 BOSS 0 0 0 1 0 0 8.051301882313954 -229.04722064604076 143.1 -106.17080855983214 -203.13326436023934 277.81845 99.37954 -999.0 -999.0 -999.0 -999.0 -999.0 289.39854717663854 7.524529902021027 289.3821987408741 7.580840668300805 64.72864095724381 185.20444370678055 -999.0 5400.0 -999.0 1 361 {-999.0 -999.0 -999.0 -999.0 -999.0} "" -999.0 -999.0 -999.0 -999.0 -999 -999 "" "" "" "" 0 0 0.0 0.0 -999 ""
FIBERMAP 1169 R-11C9 METROLOGY 0 0 0 1 0 0 8.183518369247109 -228.30777407322984 143.1 -105.69048938290227 -202.55564778944688 277.81845 99.37954 -999.0 -999.0 -999.0 -999.0 -999.0 289.400734753175 7.527145947129194 289.38437761943294 7.583434412244077 64.73139314130296 185.19986651343947 -999.0 6231.0 -999.0 -1 -999 {-999.0 -999.0 -999.0 -999.0 -999.0} "" -999.0 -999.0 -999.0 -999.0 -999 -999 "" "" "" "" 0 0 0.0 0.0 -999 ""
FIBERMAP 1170 R-5C6 APOGEE 0 0 0 1 0 0 -141.27675436540412 -87.74693675800873 143.1 -166.1946968764503 -6.491110346576384 205.94939 51.822166 -999.0 -999.0 -999.0 -999.0 -999.0 289.12276310894316 8.416105309899455 289.10415342466047 8.471490862168487 65.5933300379227 186.03391353983503 -999.0 16600.0 -999.0 2 -999 {-999.0 -999.0 -999.0 -999.0 -999.0} "" -999.0 -999.0 -999.0 -999.0 -999 -999 "" "" "" "" 0 0 0.0 0.0 -999 ""
FIBERMAP 1170 R-5C6 BOSS 1 1 0 1 0 0 -141.14309842390477 -87.01776874483232 143.1 -165.71820470011005 -5.923142149090398 205.94939 51.822166 289.12488137573274 8.41859862841196 -1.9924785 -2.794239 0.41000965 289.1248753792827 8.418590309640942 289.10626777994764 8.474072993693179 65.5960886598341 186.0294309037268 5400.0 5400.0 2016.0 1 456 {-999.0 18.221674 17.067574 16.542177 -999.0} sdss_psfmag_ps1 17.769573 17.031034 16.139095 14.46 63050395675119393 980289902 "" ops_std_boss_red ops_std standard_boss 0 0 0.0 0.0 -999 ""
FIBERMAP 1170 R-5C6 METROLOGY 0 0 0 1 0 0 -140.56923638345063 -87.51012399288769 143.1 -165.46250606010074 -6.634785067441705 205.94939 51.822166 -999.0 -999.0 -999.0 -999.0 -999.0 289.12605522895643 8.415381974834512 289.10745343117554 8.470841941542313 65.59297520845566 186.02590577531782 -999.0 6231.0 -999.0 -1 -999 {-999.0 -999.0 -999.0 -999.0 -999.0} "" -999.0 -999.0 -999.0 -999.0 -999 -999 "" "" "" "" 0 0 0.0 0.0 -999 ""
FIBERMAP 1172 R-3C6 APOGEE 0 0 0 1 0 0 -158.9710292109178 -62.515219246172286 143.1 -169.1128635430661 24.190386821462482 204.0833 110.86342 -999.0 -999.0 -999.0 -999.0 -999.0 289.109545591321 8.55551421781305 289.0905826040877 8.610844141189963 65.7309139835346 186.09672672471743 -999.0 16600.0 -999.0 2 -999 {-999.0 -999.0 -999.0 -999.0 -999.0} "" -999.0 -999.0 -999.0 -999.0 -999 -999 "" "" "" "" 0 0 0.0 0.0 -999 ""
FIBERMAP 1172 R-3C6 BOSS 1 1 0 1 0 0 -159.5047969103303 -62.00085916749001 143.1 -169.3228278970419 24.901352342057475 204.0833 110.86342 289.10812982351155 8.558673505525352 -0.9449387 -4.5017214 0.19489817 289.1085262256602 8.55866010338309 289.0895636891875 8.614078713479694 65.73404429970829 186.099879104996 5400.0 5400.0 2016.0 1 467 {-999.0 13.608177 12.3115015 11.730744 -999.0} sdss_psfmag_gaia 13.113152 12.260491 11.348245 9.828 63050395675194110 1068394029 bright_3x1 mwm_ob_core_boss mwm_ob science 0 0 1.4212836027145386 0.0 -999 ""
FIBERMAP 1172 R-3C6 METROLOGY 0 0 0 1 0 0 -158.78868474629812 -61.79174673340186 143.1 -168.596851121204 24.729346001221362 204.0833 110.86342 -999.0 -999.0 -999.0 -999.0 -999.0 289.11185432389505 8.557904356256604 289.09289135388997 8.613305316000217 65.73357121101036 186.09173604395878 -999.0 6231.0 -999.0 -1 -999 {-999.0 -999.0 -999.0 -999.0 -999.0} "" -999.0 -999.0 -999.0 -999.0 -999 -999 "" "" "" "" 0 0 0.0 0.0 -999 ""
FIBERMAP 1174 R-1C1 APOGEE 1 1 0 1 0 0 -295.23802435956406 -19.635330983052302 143.1 -266.4093851884504 128.80319257183277 195.03958 100.950836 288.6698913574219 9.027067113740728 -999.0 -999.0 -999.0 288.6698913574219 9.027067113740728 288.649720627458 9.081232762905117 66.15584587787994 187.2744531700615 16000.0 16600.0 2015.5 2 293 {-999.0 -999.0 -999.0 -999.0 -999.0} "" -999.0 -999.0 -999.0 -999.0 27021603151011005 849034931 "" ops_sky_apogee_good ops_sky sky_apogee 0 0 0.0 0.0 -999 ""
FIBERMAP 1174 R-1C1 BOSS 0 0 0 1 0 0 -295.6086902868804 -18.996753319023107 143.1 -266.41615811755116 129.54157654816012 195.03958 100.950836 -999.0 -999.0 -999.0 -999.0 -999.0 288.66989768903744 9.0302868709192 288.64972854518766 9.084541762104443 66.15913643349427 187.27531648444466 -999.0 5400.0 -999.0 1 425 {-999.0 -999.0 -999.0 -999.0 -999.0} "" -999.0 -999.0 -999.0 -999.0 -999 -999 "" "" "" "" 0 0 0.0 0.0 -999 ""
FIBERMAP 1174 R-1C1 METROLOGY 0 0 0 1 0 0 -294.85259966976344 -18.9965364871998 143.1 -265.7586348506287 129.16818356621022 195.03958 100.950836 -999.0 -999.0 -999.0 -999.0 -999.0 288.67284329155956 9.028659500045679 288.65267556534275 9.082896516981316 66.15781442918012 187.2677203069098 -999.0 6231.0 -999.0 -1 -999 {-999.0 -999.0 -999.0 -999.0 -999.0} "" -999.0 -999.0 -999.0 -999.0 -999 -999 "" "" "" "" 0 0 0.0 0.0 -999 ""
FIBERMAP 1176 R+12C11 APOGEE 0 0 0 1 0 0 65.45686882804964 248.06291246008766 143.1 179.48129134334064 183.34718189626778 113.31297 98.98932 -999.0 -999.0 -999.0 -999.0 -999.0 290.71136485748895 9.271377724122628 290.6906450581743 9.330529027288538 66.54810646225121 182.30750430982468 -999.0 16600.0 -999.0 2 -999 {-999.0 -999.0 -999.0 -999.0 -999.0} "" -999.0 -999.0 -999.0 -999.0 -999 -999 "" "" "" "" 0 0 0.0 0.0 -999 ""
FIBERMAP 1176 R+12C11 BOSS 1 1 0 1 0 0 66.07309659262579 248.4677825489428 143.1 180.2171423667796 183.3947381338334 113.31297 98.98932 290.7147216796875 9.271473697925757 -999.0 -999.0 -999.0 290.7147216796875 9.271473697925757 290.6940049275052 9.33072177571989 66.54841264256875 182.29919528759567 5400.0 5400.0 2015.5 1 102 {-999.0 -999.0 -999.0 -999.0 -999.0} "" -999.0 -999.0 -999.0 -999.0 27021603151005019 851826079 "" ops_sky_boss_fallback ops_sky sky_boss 0 0 0.0 0.0 -999 ""
FIBERMAP 1176 R+12C11 METROLOGY 0 0 0 1 0 0 66.11908452968514 247.71920859770142 143.1 179.88726103490123 182.72113523147627 113.31297 98.98932 -999.0 -999.0 -999.0 -999.0 -999.0 290.7132263224038 9.268488070408543 290.69251607766313 9.327707884455728 66.54535025542936 182.30262523029086 -999.0 6231.0 -999.0 -1 -999 {-999.0 -999.0 -999.0 -999.0 -999.0} "" -999.0 -999.0 -999.0 -999.0 -999 -999 "" "" "" "" 0 0 0.0 0.0 -999 ""
FIBERMAP 1177 R+4C12 APOGEE 0 0 0 1 0 0 5.642361288523821 60.43987700724769 143.1 34.7691131272346 49.76423112975095 325.34528 75.820885 -999.0 -999.0 -999.0 -999.0 -999.0 290.04700040054945 8.670687759575022 290.0277694742156 8.728308209095449 65.91648195584389 183.86174456027592 -999.0 16600.0 -999.0 2 -999 {-999.0 -999.0 -999.0 -999.0 -999.0} "" -999.0 -999.0 -999.0 -999.0 -999 -999 "" "" "" "" 0 0 0.0 0.0 -999 ""
FIBERMAP 1177 R+4C12 BOSS 1 1 0 1 0 0 5.087524735503901 59.94579416441255 143.1 34.04256169932031 49.60877178692541 325.34528 75.820885 290.0436677319558 8.669937607358058 -0.74801564 -3.7263613 0.25305936 290.0436654792863 8.669926513552006 290.02444168973744 8.727630065848425 65.91561626968465 183.8696965658506 5400.0 5400.0 2016.0 1 115 {-999.0 16.66704 15.39179 14.7211 -999.0} sdss_psfmag_ps1 16.13145 15.223055 14.272512 12.519 63050395674955193 1093383496 bright_3x1 mwm_astar_core_boss mwm_ob science 0 0 0.0 0.0 -999 ""
FIBERMAP 1177 R+4C12 METROLOGY 0 0 0 1 0 0 4.934342237018674 60.67518744734235 143.1 34.26976092506274 50.31866164401625 325.34528 75.820885 -999.0 -999.0 -999.0 -999.0 -999.0 290.04471847528055 8.673175980734781 290.0254850131829 8.73085573358373 65.91889581544454 183.86762708710282 -999.0 6231.0 -999.0 -1 -999 {-999.0 -999.0 -999.0 -999.0 -999.0} "" -999.0 -999.0 -999.0 -999.0 -999 -999 "" "" "" "" 0 0 0.0 0.0 -999 ""
FIBERMAP 1189 R-13C11 APOGEE 1 1 0 1 0 0 81.8436765528739 -269.2777782900781 143.1 -61.88656009026747 -274.57401964421854 311.82474 82.83666 289.60106241877804 7.204268310377674 68.04323 -20.899538 14.662993 289.60126660322777 7.204206090004214 289.585712866907 7.260974695149676 64.42437250325924 184.68117615188754 16000.0 16600.0 2016.0 2 189 {-999.0 14.997989 13.578785 12.674792 -999.0} sdss_psfmag_from_g3xp 14.4224 13.319165 12.268872 10.304 63050395673574448 1068869844 bright_18x1 mwm_bin_rv_short_mdwarf_apogee_18epoch mwm_bin science 0 0 0.0 0.0 -999 ""
FIBERMAP 1189 R-13C11 BOSS 0 0 0 1 0 0 81.24030098734795 -269.698382547169 143.1 -62.61901039890147 -274.6416068670509 311.82474 82.83666 -999.0 -999.0 -999.0 -999.0 -999.0 289.5979251900542 7.2038354189961575 289.5823829296872 7.260693103353478 64.42386288976228 184.68876404036067 -999.0 5400.0 -999.0 1 336 {-999.0 -999.0 -999.0 -999.0 -999.0} "" -999.0 -999.0 -999.0 -999.0 -999 -999 "" "" "" "" 0 0 0.0 0.0 -999 ""
FIBERMAP 1189 R-13C11 METROLOGY 0 0 0 1 0 0 81.18461586815494 -268.93004012634776 143.1 -62.28779318102187 -273.94602406120765 311.82474 82.83666 -999.0 -999.0 -999.0 -999.0 -999.0 289.59942789971774 7.206944835800988 289.5838758976255 7.263778046606793 64.42704301174822 184.68583658631255 -999.0 6231.0 -999.0 -1 -999 {-999.0 -999.0 -999.0 -999.0 -999.0} "" -999.0 -999.0 -999.0 -999.0 -999 -999 "" "" "" "" 0 0 0.0 0.0 -999 ""
FIBERMAP 1190 R+13C5 APOGEE 1 1 0 1 0 0 -54.9996074156231 267.78471597295015 143.1 84.48959629463458 260.01225807278297 104.853294 94.90965 290.2766510852255 9.618965555293606 -2.749337 -5.5237103 0.1838982 290.27664278341666 9.618949110572867 290.2550270460665 9.676978317340788 66.87591670370139 183.43065194910372 16000.0 16600.0 2016.0 2 111 {-999.0 20.41035 17.064568 15.466576 -999.0} sdss_psfmag_ps1 18.468975 15.963208 14.550661 10.288 63050395676211250 1154166196 bright_1x1 mwm_galactic_core_dist_apogee_sparse mwm_galactic science 0 0 0.0 0.0 -999 ""
FIBERMAP 1190 R+13C5 BOSS 0 0 0 1 0 0 -54.31259825008283 268.0577210804072 143.1 85.22183732106717 259.91018569915997 104.853294 94.90965 -999.0 -999.0 -999.0 -999.0 -999.0 290.2799909344394 9.618379731667495 290.2583812693265 9.67650437143983 66.8756119499121 183.4221818357685 -999.0 5400.0 -999.0 1 85 {-999.0 -999.0 -999.0 -999.0 -999.0} "" -999.0 -999.0 -999.0 -999.0 -999 -999 "" "" "" "" 0 0 0.0 0.0 -999 ""
FIBERMAP 1190 R+13C5 METROLOGY 0 0 0 1 0 0 -54.409960200382045 267.31764686095306 143.1 84.77151383106774 259.3148018986798 104.853294 94.90965 -999.0 -999.0 -999.0 -999.0 -999.0 290.2779340651013 9.615768845679021 290.2563296352153 9.673864178871904 66.87287213391481 183.42698207144645 -999.0 6231.0 -999.0 -1 -999 {-999.0 -999.0 -999.0 -999.0 -999.0} "" -999.0 -999.0 -999.0 -999.0 -999 -999 "" "" "" "" 0 0 0.0 0.0 -999 ""
FIBERMAP 1192 R-11C4 APOGEE 1 1 0 1 0 0 -114.40971303695282 -201.30356905153988 143.1 -198.94187281681675 -118.50280573995072 175.39555 74.37561 288.9746846343568 7.908633723127507 -0.29596937 -6.233707 2.1746213 288.9746837447608 7.9086151646650364 288.95735522882893 7.96371904568871 65.0744380875361 186.26983403438547 16000.0 16600.0 2016.0 2 164 {-999.0 13.876323 12.948549 12.524847 -999.0} sdss_psfmag_from_g3xp 13.571751 12.93314 12.160733 10.739 63050395675024994 1150395420 bright_12x1 mwm_bin_rv_short_subgiant_apogee_12epoch mwm_bin science 0 0 0.0 0.0 -999 ""
FIBERMAP 1192 R-11C4 BOSS 0 0 0 1 0 0 -114.15785455065507 -200.60582486303363 143.1 -198.3781306493465 -118.02056379490054 175.39555 74.37561 -999.0 -999.0 -999.0 -999.0 -999.0 288.97719034180966 7.910668189567257 288.95986603300486 7.965872399272301 65.07681265520287 186.26443240798986 -999.0 5400.0 -999.0 1 349 {-999.0 -999.0 -999.0 -999.0 -999.0} "" -999.0 -999.0 -999.0 -999.0 -999 -999 "" "" "" "" 0 0 0.0 0.0 -999 ""
FIBERMAP 1192 R-11C4 METROLOGY 0 0 0 1 0 0 -113.67406190956837 -201.16982907548595 143.1 -198.2361482793854 -118.75000209639626 175.39555 74.37561 -999.0 -999.0 -999.0 -999.0 -999.0 288.97785980383657 7.907399629080585 288.9605412455918 7.962579261854025 65.07359561930011 186.26212864090695 -999.0 6231.0 -999.0 -1 -999 {-999.0 -999.0 -999.0 -999.0 -999.0} "" -999.0 -999.0 -999.0 -999.0 -999 -999 "" "" "" "" 0 0 0.0 0.0 -999 ""
FIBERMAP 1194 R-7C9 APOGEE 1 1 0 1 0 0 -33.3451961067829 -145.52877353158263 143.1 -100.89865938039618 -110.06063621410938 236.69606 147.26509 289.42183838185053 7.94495245469464 -4.7228413 -5.8350863 -0.08111048 289.42182418513994 7.944935082971313 289.40440958007474 8.001136794460333 65.14938192731023 185.22921846457368 16000.0 16600.0 2016.0 2 171 {-999.0 19.888424 17.044641 15.298409 -999.0} sdss_psfmag_ps1 18.242336 15.865368 14.483893 10.494 63050395674639171 1154162746 bright_1x1 mwm_galactic_core_dist_apogee_sparse mwm_galactic science 0 0 0.0 0.0 -999 ""
FIBERMAP 1194 R-7C9 BOSS 0 0 0 1 0 0 -34.03472082787662 -145.80573182847866 143.1 -101.63504092283564 -109.96075818784654 236.69606 147.26509 -999.0 -999.0 -999.0 -999.0 -999.0 289.4184030964786 7.945263176418886 289.40099495438693 8.001550724899891 65.14953272687684 185.23731647824587 -999.0 5400.0 -999.0 1 388 {-999.0 -999.0 -999.0 -999.0 -999.0} "" -999.0 -999.0 -999.0 -999.0 -999 -999 "" "" "" "" 0 0 0.0 0.0 -999 ""
FIBERMAP 1194 R-7C9 METROLOGY 0 0 0 1 0 0 -33.93255559950621 -145.067026986132 143.1 -101.18121761621262 -109.36893833385913 236.69606 147.26509 -999.0 -999.0 -999.0 -999.0 -999.0 289.4204895752772 7.9479752205610845 289.4030725187458 8.004240722258 65.15237403835673 185.23293142203568 -999.0 6231.0 -999.0 -1 -999 {-999.0 -999.0 -999.0 -999.0 -999.0} "" -999.0 -999.0 -999.0 -999.0 -999 -999 "" "" "" "" 0 0 0.0 0.0 -999 ""
FIBERMAP 1200 R+2C7 APOGEE 1 1 0 1 0 0 -144.22401069403531 29.02636135568476 143.1 -111.06007289450989 96.49878079904704 228.21516 113.6133 289.3762824056166 8.884169914711382 -3.0196607 -6.4670734 0.21542943 289.3762733065748 8.884150661489926 289.35648424968633 8.940084854585907 66.08157125484455 185.52486436068426 16000.0 16600.0 2016.0 2 146 {-999.0 19.458006 16.732414 15.343374 -999.0} sdss_psfmag_ps1 17.887104 15.876741 14.520214 10.77 63050395675371874 1154164897 bright_1x1 mwm_galactic_core_dist_apogee_sparse mwm_galactic science 0 0 0.0 0.0 -999 ""
FIBERMAP 1200 R+2C7 BOSS 0 0 0 1 0 0 -144.9375587247854 29.229474730532495 143.1 -111.58014095828841 97.02794801128398 228.21516 113.6133 -999.0 -999.0 -999.0 -999.0 -999.0 289.3738419159343 8.88649759284593 289.3540543525251 8.942515694192956 66.08379708053201 185.5312566389136 -999.0 5400.0 -999.0 1 47 {-999.0 -999.0 -999.0 -999.0 -999.0} "" -999.0 -999.0 -999.0 -999.0 -999 -999 "" "" "" "" 0 0 0.0 0.0 -999 ""
FIBERMAP 1200 R+2C7 METROLOGY 0 0 0 1 0 0 -144.39991370486922 29.750858481494575 143.1 -110.85504818693376 97.21563959696896 228.21516 113.6133 -999.0 -999.0 -999.0 -999.0 -999.0 289.377184098413 8.887371119862363 289.3573922742542 8.94337172898141 66.08492058342904 185.52332342080595 -999.0 6231.0 -999.0 -1 -999 {-999.0 -999.0 -999.0 -999.0 -999.0} "" -999.0 -999.0 -999.0 -999.0 -999 -999 "" "" "" "" 0 0 0.0 0.0 -999 ""
FIBERMAP 1203 R-3C1 APOGEE 1 1 0 1 0 0 -269.1834152320435 -73.56421480046342 143.1 -270.40112079152135 69.03887662017371 275.5562 66.12808 288.6504984509349 8.757596754355255 -1.6677011 -2.7920396 0.30294782 288.6504934274296 8.757588442132151 288.63100792113005 8.811750154919402 65.88593874846877 187.24832929395228 16000.0 16600.0 2016.0 2 269 {-999.0 19.618513 16.69395 15.330148 -999.0} sdss_psfmag_ps1 18.000227 15.869213 14.527482 10.689 63050395676529469 1154167457 bright_1x1 mwm_galactic_core_dist_apogee_sparse mwm_galactic science 0 0 0.0 0.0 -999 ""
FIBERMAP 1203 R-3C1 BOSS 0 0 0 1 0 0 -269.87960268300003 -73.34189635984009 143.1 -270.8966047877734 69.5761647218722 275.5562 66.12808 -999.0 -999.0 -999.0 -999.0 -999.0 288.64826948523387 8.759910545667152 288.6287879733068 8.814157272050128 65.88809632925877 187.2543006286838 -999.0 5400.0 -999.0 1 496 {-999.0 -999.0 -999.0 -999.0 -999.0} "" -999.0 -999.0 -999.0 -999.0 -999 -999 "" "" "" "" 0 0 0.0 0.0 -999 ""
FIBERMAP 1203 R-3C1 METROLOGY 0 0 0 1 0 0 -269.34191172025953 -72.83883288700619 143.1 -270.1805240495884 69.74790423847274 275.5562 66.12808 -999.0 -999.0 -999.0 -999.0 -999.0 288.6514962465791 8.760727538726785 288.632009899602 8.814956353993884 65.88923272026302 187.2467619276176 -999.0 6231.0 -999.0 -1 -999 {-999.0 -999.0 -999.0 -999.0 -999.0} "" -999.0 -999.0 -999.0 -999.0 -999 -999 "" "" "" "" 0 0 0.0 0.0 -999 ""
FIBERMAP 1207 R-4C13 APOGEE 0 0 0 1 0 0 34.605594480857484 -84.57308148955089 143.1 -11.697888779797175 -90.63426648093785 340.02103 108.70082 -999.0 -999.0 -999.0 -999.0 -999.0 289.8314300275858 8.031972312275464 289.8138021934261 8.089168505304823 65.26573157764005 184.27969630378738 -999.0 16600.0 -999.0 2 -999 {-999.0 -999.0 -999.0 -999.0 -999.0} "" -999.0 -999.0 -999.0 -999.0 -999 -999 "" "" "" "" 0 0 0.0 0.0 -999 ""
FIBERMAP 1207 R-4C13 BOSS 1 1 0 1 0 0 34.60975486103791 -85.29693404359908 143.1 -12.051924165656155 -91.2657074430699 340.02103 108.70082 289.8291539691754 8.028972387361703 -0.4547113 -1.940647 1.4486587 289.8297841018147 8.028966609832388 289.81216953090393 8.086253218264853 65.26271966000532 184.2831099733513 5400.0 5400.0 2016.0 1 363 {-999.0 10.76172 10.127058 9.736139 -999.0} sdss_psfmag_from_g3xp 10.556772 10.136353 9.371164 8.349 63050395674661240 1068464540 bright_3x1 mwm_ob_core_boss mwm_ob science 0 0 2.2511143684387207 0.0 -999 ""
FIBERMAP 1207 R-4C13 METROLOGY 0 0 0 1 0 0 33.954988659757944 -84.93828560516734 143.1 -12.444032504042038 -90.63034733148969 340.02103 108.70082 -999.0 -999.0 -999.0 -999.0 -999.0 289.82799009737533 8.031894545354518 289.81036672744784 8.089149592045901 65.26549691937959 184.28780608699677 -999.0 6231.0 -999.0 -1 -999 {-999.0 -999.0 -999.0 -999.0 -999.0} "" -999.0 -999.0 -999.0 -999.0 -999 -999 "" "" "" "" 0 0 0.0 0.0 -999 ""
FIBERMAP 1208 R-3C19 APOGEE 0 0 0 1 0 0 123.44262284213252 -62.06317086617562 143.1 76.66742155156905 -114.95607785011826 274.5519 4.6937537 -999.0 -999.0 -999.0 -999.0 -999.0 290.23695556564587 7.920623278912681 290.21961419730195 7.978834795770791 65.1781474839259 183.30762912547345 -999.0 16600.0 -999.0 2 -999 {-999.0 -999.0 -999.0 -999.0 -999.0} "" -999.0 -999.0 -999.0 -999.0 -999 -999 "" "" "" "" 0 0 0.0 0.0 -999 ""
FIBERMAP 1208 R-3C19 BOSS 1 1 0 1 0 0 123.29717875666493 -61.352373563229506 143.1 76.89216107631489 -114.26618060362073 274.5519 4.6937537 290.23803340220746 7.923619659102087 -1.5030061 -3.1593356 0.21825914 290.23802888445323 7.92361025339662 290.2206847338977 7.981918273245175 65.18127917918174 183.30546650544943 5400.0 5400.0 2016.0 1 289 {-999.0 18.590523 17.328268 16.820726 -999.0} sdss_psfmag_ps1 17.97704 17.297186 16.286741 14.601 63050395674717596 980289857 "" ops_std_boss_red ops_std standard_boss 0 0 0.0 0.0 -999 ""
FIBERMAP 1208 R-3C19 METROLOGY 0 0 0 1 0 0 124.00512984085415 -61.57302001500735 143.1 77.39869960252172 -114.8078272880376 274.5519 4.6937537 -999.0 -999.0 -999.0 -999.0 -999.0 290.24033517889706 7.9211844107568465 290.22299580275165 7.979471759824812 65.1789475524376 183.29973548356293 -999.0 6231.0 -999.0 -1 -999 {-999.0 -999.0 -999.0 -999.0 -999.0} "" -999.0 -999.0 -999.0 -999.0 -999 -999 "" "" "" "" 0 0 0.0 0.0 -999 ""
FIBERMAP 1213 R+9C2 APOGEE 0 0 0 1 0 0 -157.1051922291601 170.75448447845463 143.1 -52.23285094080679 226.09505336588597 330.9549 128.7277 -999.0 -999.0 -999.0 -999.0 -999.0 289.6488751073063 9.469616301592312 289.6276109612893 9.526126691281554 66.68669221852528 184.97287318179016 -999.0 16600.0 -999.0 2 -999 {-999.0 -999.0 -999.0 -999.0 -999.0} "" -999.0 -999.0 -999.0 -999.0 -999 -999 "" "" "" "" 0 0 0.0 0.0 -999 ""
FIBERMAP 1213 R+9C2 BOSS 1 1 0 1 0 0 -156.98001414691694 170.01765874747093 143.1 -52.488072178344794 225.392537917233 330.9549 128.7277 289.6476745605469 9.466412291932471 -999.0 -999.0 -999.0 289.6476745605469 9.466412291932473 289.6264251722483 9.523008058528067 66.68349566017424 184.97523750808932 5400.0 5400.0 2015.5 1 19 {-999.0 -999.0 -999.0 -999.0 -999.0} "" -999.0 -999.0 -999.0 -999.0 27021603150999656 852978752 "" ops_sky_boss_fallback ops_sky sky_boss 0 0 0.0 0.0 -999 ""
FIBERMAP 1213 R+9C2 METROLOGY 0 0 0 1 0 0 -157.68125157962027 170.28033512934698 143.1 -52.968006396378954 225.96741217698172 330.9549 128.7277 -999.0 -999.0 -999.0 -999.0 -999.0 289.645486104412 9.469005133524929 289.62422811300655 9.525570197343926 66.68589046449947 184.98117582463976 -999.0 6231.0 -999.0 -1 -999 {-999.0 -999.0 -999.0 -999.0 -999.0} "" -999.0 -999.0 -999.0 -999.0 -999 -999 "" "" "" "" 0 0 0.0 0.0 -999 ""
FIBERMAP 1215 R-1C15 APOGEE 0 0 0 1 0 0 44.6883208410961 -17.349113573939796 143.1 30.284088081314415 -37.16527771991411 356.39642 130.657 -999.0 -999.0 -999.0 -999.0 -999.0 290.0252142678 8.274805360541844 290.0069793596669 8.332437743272946 65.52008365576899 183.8565685609585 -999.0 16600.0 -999.0 2 -999 {-999.0 -999.0 -999.0 -999.0 -999.0} "" -999.0 -999.0 -999.0 -999.0 -999 -999 "" "" "" "" 0 0 0.0 0.0 -999 ""
FIBERMAP 1215 R-1C15 BOSS 1 1 0 1 0 0 45.14864181892255 -17.93062415831923 143.1 30.39701215255217 -37.89834044379977 356.39642 130.657 290.0257462743907 8.271356396214284 -3.6882963 -1.6163744 -0.034560863 290.02573517848714 8.271351584081739 290.00751441294227 8.329078696717538 65.5167603485766 183.85483007817854 5400.0 5400.0 2016.0 1 272 {-999.0 15.280105 14.0809555 13.41906 -999.0} sdss_psfmag_from_g3xp 14.822202 13.971049 13.014582 11.252 63050395674910452 1093195397 bright_3x1 mwm_astar_core_boss mwm_ob science 0 0 0.0 0.0 -999 ""
FIBERMAP 1215 R-1C15 METROLOGY 0 0 0 1 0 0 44.412572201074994 -18.042384565715967 143.1 29.701783762033102 -37.63182621333009 356.39642 130.657 -999.0 -999.0 -999.0 -999.0 -999.0 290.0225374907335 8.272604065705632 290.0043119180279 8.330296786850996 65.51779522472155 183.86263164428158 -999.0 6231.0 -999.0 -1 -999 {-999.0 -999.0 -999.0 -999.0 -999.0} "" -999.0 -999.0 -999.0 -999.0 -999 -999 "" "" "" "" 0 0 0.0 0.0 -999 ""
FIBERMAP 1222 R+1C10 APOGEE 0 0 0 1 0 0 -92.65559203502718 27.513766967190552 143.1 -66.96901790130454 69.70382857165913 171.91197 91.5174 -999.0 -999.0 -999.0 -999.0 -999.0 289.5786090815386 8.76240276137403 289.55913367186974 8.81885565267804 65.97635613599539 185.01023350396414 -999.0 16600.0 -999.0 2 -999 {-999.0 -999.0 -999.0 -999.0 -999.0} "" -999.0 -999.0 -999.0 -999.0 -999 -999 "" "" "" "" 0 0 0.0 0.0 -999 ""
FIBERMAP 1222 R+1C10 BOSS 1 1 0 1 0 0 -92.58962405490695 28.26548491722883 143.1 -66.54023815159921 70.32484816610754 171.91197 91.5174 289.5805648549323 8.765197351909102 -5.0700593 -9.415609 0.14960805 289.58054958241803 8.765169320556938 289.56107410736274 8.821717334737206 65.97935234692173 185.00605866043657 5400.0 5400.0 2016.0 1 30 {-999.0 17.432087 16.060263 15.285248 -999.0} sdss_psfmag_ps1 16.805616 15.810034 14.805537 13.015 63050395675290132 1093383814 bright_3x1 mwm_astar_core_boss mwm_ob science 0 0 0.0 0.0 -999 ""
FIBERMAP 1222 R+1C10 METROLOGY 0 0 0 1 0 0 -91.97956407289158 27.829437958766547 143.1 -66.22524391148006 69.64427969238373 171.91197 91.5174 -999.0 -999.0 -999.0 -999.0 -999.0 289.5819993249167 8.762092011131516 289.56252969183873 8.81861837842792 65.97636870610147 185.00196989325187 -999.0 6231.0 -999.0 -1 -999 {-999.0 -999.0 -999.0 -999.0 -999.0} "" -999.0 -999.0 -999.0 -999.0 -999 -999 "" "" "" "" 0 0 0.0 0.0 -999 ""
FIBERMAP 1226 R+8C2 APOGEE 0 0 0 1 0 0 -179.19762267150486 171.91004360509152 143.1 -70.87112563909523 238.01559127562732 115.49349 86.95009 -999.0 -999.0 -999.0 -999.0 -999.0 289.5636116151055 9.522868864715775 289.54220898672503 9.579160619778337 66.73321062044272 185.19540142476782 -999.0 16600.0 -999.0 2 -999 {-999.0 -999.0 -999.0 -999.0 -999.0} "" -999.0 -999.0 -999.0 -999.0 -999 -999 "" "" "" "" 0 0 0.0 0.0 -999 ""
FIBERMAP 1226 R+8C2 BOSS 1 1 0 1 0 0 -178.51483829747457 172.2063344430698 143.1 -70.13105265140933 237.9358531546777 115.49349 86.95009 289.5669873087128 9.522546733404692 0.99073315 -31.392939 0.84406704 289.5669902994491 9.52245327301624 289.5455955817387 9.578841020576231 66.73314962726232 185.18691055905725 5400.0 5400.0 2016.0 1 69 {-999.0 17.783943 16.6881 16.157772 -999.0} sdss_psfmag_ps1 17.368828 16.618002 15.743712 13.901 63050395676620698 1072875752 bright_1x1 mwm_halo_local_high_boss_single mwm_halo science 0 0 0.0 0.0 -999 ""
FIBERMAP 1226 R+8C2 METROLOGY 0 0 0 1 0 0 -178.59397361775703 171.4715578009642 143.1 -70.56291068601278 237.33606985605408 115.49349 86.95009 -999.0 -999.0 -999.0 -999.0 -999.0 289.5649984994242 9.519787079252811 289.54360867621875 9.57614552132287 66.73031105427054 185.19132889412833 -999.0 6231.0 -999.0 -1 -999 {-999.0 -999.0 -999.0 -999.0 -999.0} "" -999.0 -999.0 -999.0 -999.0 -999 -999 "" "" "" "" 0 0 0.0 0.0 -999 ""
FIBERMAP 1229 R-10C17 APOGEE 1 1 0 1 0 0 192.6446474491726 -188.74678511093165 143.1 74.24426046264918 -259.2991583481465 32.327538 106.1972 290.22176319180403 7.270826381033362 -2.451467 -5.1221642 0.24038495 290.2217558343437 7.270811131761283 290.20604139004314 7.329094556289598 64.52852190216873 183.26488031171377 16000.0 16600.0 2016.0 2 188 {-999.0 16.279716 14.307425 13.365574 -999.0} sdss_psfmag_from_g3xp 15.31131 14.012981 12.855965 10.114 63050395662614820 1152354234 bright_1x1 mwm_galactic_core_dist_apogee_sparse mwm_galactic science 0 0 0.0 0.0 -999 ""
FIBERMAP 1229 R-10C17 BOSS 0 0 0 1 0 0 193.18535682561765 -189.2347016800709 143.1 74.47332620012553 -259.99056125657034 32.327538 106.1972 -999.0 -999.0 -999.0 -999.0 -999.0 290.2227708522976 7.267632181072513 290.2070690845839 7.3260158451584605 64.52549597835733 183.26216741117577 -999.0 5400.0 -999.0 1 329 {-999.0 -999.0 -999.0 -999.0 -999.0} "" -999.0 -999.0 -999.0 -999.0 -999 -999 "" "" "" "" 0 0 0.0 0.0 -999 ""
FIBERMAP 1229 R-10C17 METROLOGY 0 0 0 1 0 0 192.4862505582372 -189.4744401751468 143.1 73.74700372563706 -259.85358663624106 32.327538 106.1972 -999.0 -999.0 -999.0 -999.0 -999.0 290.21946939549633 7.268268876885361 290.2037646822071 7.326616774238637 64.52593790383432 183.2698460432686 -999.0 6231.0 -999.0 -1 -999 {-999.0 -999.0 -999.0 -999.0 -999.0} "" -999.0 -999.0 -999.0 -999.0 -999 -999 "" "" "" "" 0 0 0.0 0.0 -999 ""
FIBERMAP 1232 R-4C22 APOGEE 0 0 0 1 0 0 236.88390163621796 -81.64673582109279 143.1 165.62774880756754 -188.03477391029386 347.21048 113.62391 -999.0 -999.0 -999.0 -999.0 -999.0 290.6405581270626 7.590570436798811 290.6240487921605 7.649827169517157 64.86613377959745 182.32706517036007 -999.0 16600.0 -999.0 2 -999 {-999.0 -999.0 -999.0 -999.0 -999.0} "" -999.0 -999.0 -999.0 -999.0 -999 -999 "" "" "" "" 0 0 0.0 0.0 -999 ""
FIBERMAP 1232 R-4C22 BOSS 1 1 0 1 0 0 237.03730778502646 -82.36974408652989 143.1 165.40389885741033 -188.73922253881057 347.21048 113.62391 290.63951166145307 7.587237834384244 1.6440865 18.336771 2.3277576 290.63951659931934 7.587292425060245 290.62301824609875 7.646643005912387 64.86291630305207 182.3292101513555 5400.0 5400.0 2016.0 1 322 {-999.0 21.9282 20.2896 18.397276 -999.0} sdss_psfmag_ps1 20.73623 19.002934 17.69023 15.114 63050395662926097 1096369233 bright_1x1 mwm_bin_vis_boss mwm_filler science 0 0 0.0 0.0 -999 ""
FIBERMAP 1232 R-4C22 METROLOGY 0 0 0 1 0 0 236.32678509349134 -82.1430050407026 143.1 164.89813466215702 -188.19100775995273 347.21048 113.62391 -999.0 -999.0 -999.0 -999.0 -999.0 290.63724580597324 7.5897796847274694 290.6207407956542 7.649097078673689 64.86529099302234 182.33472021546845 -999.0 6231.0 -999.0 -1 -999 {-999.0 -999.0 -999.0 -999.0 -999.0} "" -999.0 -999.0 -999.0 -999.0 -999 -999 "" "" "" "" 0 0 0.0 0.0 -999 ""
FIBERMAP 1240 R+7C16 APOGEE 1 1 0 1 0 0 132.0282404043587 145.2372473381457 143.1 186.55891613738692 61.0482368217842 46.209126 118.351395 290.7433520516031 8.718558053788918 -5.819965 -10.998802 0.8542511 290.74364053945106 8.718525309089548 290.7243107789583 8.777846487564304 65.99683885332313 182.17914717859333 16000.0 16600.0 2016.0 2 66 {-999.0 12.324935 10.466902 9.549434 -999.0} sdss_psfmag_from_g3xp 11.457085 10.188827 9.098626 6.436 63050395675644470 1152367051 bright_1x1 mwm_galactic_core_dist_apogee_sparse mwm_galactic science 0 0 1.088931679725647 0.0 -999 ""
FIBERMAP 1240 R+7C16 BOSS 0 0 0 1 0 0 132.7403511166631 145.03976455290584 143.1 187.0805165146779 60.52467554611601 46.209126 118.351395 -999.0 -999.0 -999.0 -999.0 -999.0 290.74605854255447 8.716058617517733 290.72673816595005 8.775477035102067 65.99454814464553 182.17306481855832 -999.0 5400.0 -999.0 1 201 {-999.0 -999.0 -999.0 -999.0 -999.0} "" -999.0 -999.0 -999.0 -999.0 -999 -999 "" "" "" "" 0 0 0.0 0.0 -999 ""
FIBERMAP 1240 R+7C16 METROLOGY 0 0 0 1 0 0 132.22373072614906 144.5109175623819 143.1 186.3700169705389 60.320106529720285 46.209126 118.351395 -999.0 -999.0 -999.0 -999.0 -999.0 290.7428085053229 8.715176128908732 290.72348939967014 8.77456097004093 65.99352878642219 182.18087997819262 -999.0 6231.0 -999.0 -1 -999 {-999.0 -999.0 -999.0 -999.0 -999.0} "" -999.0 -999.0 -999.0 -999.0 -999 -999 "" "" "" "" 0 0 0.0 0.0 -999 ""
FIBERMAP 1241 R+7C13 APOGEE 1 1 0 1 0 0 47.5994030103713 142.7845256403001 143.1 111.93668191218983 100.63157983787943 120.325966 135.02806 290.40250104645514 8.900387557658991 -3.170804 -6.766714 -0.13471034 290.4024914915551 8.900367412372836 290.3826934612037 8.958822753443334 66.16463360701604 183.02828161173747 16000.0 16600.0 2016.0 2 48 {-999.0 20.68652 17.694502 15.82823 -999.0} sdss_psfmag_ps1 18.964098 16.367771 14.944332 10.887 63050395675019641 1154163342 bright_1x1 mwm_galactic_core_dist_apogee_sparse mwm_galactic science 0 0 0.0 0.0 -999 ""
FIBERMAP 1241 R+7C13 BOSS 0 0 0 1 0 0 47.78521524578163 143.50694777071953 143.1 112.45519054943033 101.16791230421912 120.325966 135.02806 -999.0 -999.0 -999.0 -999.0 -999.0 290.40491484603217 8.902734932935674 290.38511497048864 8.961285980501657 66.16720182012996 183.02264190556744 -999.0 5400.0 -999.0 1 150 {-999.0 -999.0 -999.0 -999.0 -999.0} "" -999.0 -999.0 -999.0 -999.0 -999 -999 "" "" "" "" 0 0 0.0 0.0 -999 ""
FIBERMAP 1241 R+7C13 METROLOGY 0 0 0 1 0 0 48.32084503739387 142.98487821117922 143.1 112.66296475574609 100.44932338482113 120.325966 135.02806 -999.0 -999.0 -999.0 -999.0 -999.0 290.40585622696796 8.899486893138045 290.3860633934458 8.95801524474732 66.16397641288094 183.01996268606183 -999.0 6231.0 -999.0 -1 -999 {-999.0 -999.0 -999.0 -999.0 -999.0} "" -999.0 -999.0 -999.0 -999.0 -999 -999 "" "" "" "" 0 0 0.0 0.0 -999 ""
FIBERMAP 1251 R+6C7 APOGEE 1 1 0 1 0 0 -80.66848851993564 123.48670233972686 143.1 -9.126440693439818 147.22892177791576 27.16049 128.53065 289.84592571527065 9.11400398748442 -3.83292 -5.648684 0.059998017 289.8459141583222 9.113987170702297 289.8255580200687 9.171040450718824 66.34609971861659 184.4217282184448 16000.0 16600.0 2016.0 2 100 {-999.0 21.726435 18.363928 16.474669 -999.0} sdss_psfmag_ps1 19.72335 16.9349 15.466559 10.952 63050395675346349 1154164883 bright_1x1 mwm_galactic_core_dist_apogee_sparse mwm_galactic science 0 0 0.0 0.0 -999 ""
FIBERMAP 1251 R+6C7 BOSS 0 0 0 1 0 0 -79.99850039407407 123.1647837715895 143.1 -8.702948895383223 146.61797696676166 27.16049 128.53065 -999.0 -999.0 -999.0 -999.0 -999.0 289.847847285155 9.111184919477868 289.827504186281 9.16833271263622 66.34352391795488 184.41650695349054 -999.0 5400.0 -999.0 1 66 {-999.0 -999.0 -999.0 -999.0 -999.0} "" -999.0 -999.0 -999.0 -999.0 -999 -999 "" "" "" "" 0 0 0.0 0.0 -999 ""
FIBERMAP 1251 R+6C7 METROLOGY 0 0 0 1 0 0 -80.64457246855423 122.73093897541648 143.1 -9.479065655688172 146.5599733604912 27.16049 128.53065 -999.0 -999.0 -999.0 -999.0 -999.0 289.84427495306716 9.110944229909384 289.8239306632714 9.16805796895039 66.34301814196321 184.4252350949037 -999.0 6231.0 -999.0 -1 -999 {-999.0 -999.0 -999.0 -999.0 -999.0} "" -999.0 -999.0 -999.0 -999.0 -999 -999 "" "" "" "" 0 0 0.0 0.0 -999 ""
FIBERMAP 1252 R+13C7 APOGEE 1 1 0 1 0 0 -21.124424582826677 259.05943935599896 143.1 109.6327327707359 235.68808404683142 135.02391 125.986946 290.3919096797945 9.509426838177761 -0.97388935 -7.4058013 0.1443749 290.3919067400169 9.509404790255623 290.3705730182176 9.567734551089135 66.77236070411038 183.12798848626463 16000.0 16600.0 2016.0 2 46 {-999.0 18.337612 15.891538 14.757605 -999.0} sdss_psfmag_ps1 17.04867 15.313261 14.059544 10.781 63050395676121538 1154166076 bright_1x1 mwm_galactic_core_dist_apogee_sparse mwm_galactic science 0 0 0.0 0.0 -999 ""
FIBERMAP 1252 R+13C7 BOSS 0 0 0 1 0 0 -21.041968224277678 259.7945816053098 143.1 110.06765907277978 236.28654432621244 135.02391 125.986946 -999.0 -999.0 -999.0 -999.0 -999.0 290.3938925016303 9.511984439785056 290.37255644832265 9.570406218567506 66.77512042577595 183.12334919293556 -999.0 5400.0 -999.0 1 167 {-999.0 -999.0 -999.0 -999.0 -999.0} "" -999.0 -999.0 -999.0 -999.0 -999 -999 "" "" "" "" 0 0 0.0 0.0 -999 ""
FIBERMAP 1252 R+13C7 METROLOGY 0 0 0 1 0 0 -20.440067136594365 259.35272955039216 143.1 110.3726909283523 235.60495963575124 135.02391 125.986946 -999.0 -999.0 -999.0 -999.0 -999.0 290.3952936576665 9.508946476256142 290.37396416396103 9.567347377608852 66.77212934015085 183.11947292222328 -999.0 6231.0 -999.0 -1 -999 {-999.0 -999.0 -999.0 -999.0 -999.0} "" -999.0 -999.0 -999.0 -999.0 -999 -999 "" "" "" "" 0 0 0.0 0.0 -999 ""
FIBERMAP 1254 R+2C6 APOGEE 0 0 0 1 0 0 -167.0885087830941 36.4049354562329 143.1 -127.29488747717016 114.21166757655743 168.84505 138.53514 -999.0 -999.0 -999.0 -999.0 -999.0 289.3020760671702 8.964377653090084 289.2820815776384 9.020115690036416 66.15519245123267 185.72224904957062 -999.0 16600.0 -999.0 2 -999 {-999.0 -999.0 -999.0 -999.0 -999.0} "" -999.0 -999.0 -999.0 -999.0 -999 -999 "" "" "" "" 0 0 0.0 0.0 -999 ""
FIBERMAP 1254 R+2C6 BOSS 1 1 0 1 0 0 -167.53666230169614 36.96662278165245 143.1 -127.40702661493083 114.92148220335588 168.84505 138.53514 289.30150495723984 8.967657145297808 6.55701 -39.145065 0.505787 289.3015247197745 8.967540605936183 289.2815299004604 9.023366731696207 66.15838548557734 185.72427507809198 5400.0 5400.0 2016.0 1 48 {-999.0 17.403316 16.276472 15.757146 -999.0} sdss_psfmag_ps1 16.991776 16.203665 15.31183 13.56 63050395675389195 1072777800 bright_1x1 mwm_halo_local_high_boss_single mwm_halo science 0 0 0.0 0.0 -999 ""
FIBERMAP 1254 R+2C6 METROLOGY 0 0 0 1 0 0 -166.80809867114422 37.09633414702429 143.1 -126.70945513361876 114.6742849001482 168.84505 138.53514 -999.0 -999.0 -999.0 -999.0 -999.0 289.3047283137736 8.966445354980255 289.2847342125536 9.022254062611887 66.15754539622372 185.7162404148833 -999.0 6231.0 -999.0 -1 -999 {-999.0 -999.0 -999.0 -999.0 -999.0} "" -999.0 -999.0 -999.0 -999.0 -999 -999 "" "" "" "" 0 0 0.0 0.0 -999 ""
FIBERMAP 1256 R-7C15 APOGEE 0 0 0 1 0 0 89.87008480991668 -132.9732157151564 143.1 12.439921550487961 -160.023860628917 148.326 132.48277 -999.0 -999.0 -999.0 -999.0 -999.0 289.9414726503218 7.717002453661027 289.92463782143443 7.774521962861457 64.95837885683969 183.97365907186696 -999.0 16600.0 -999.0 2 -999 {-999.0 -999.0 -999.0 -999.0 -999.0} "" -999.0 -999.0 -999.0 -999.0 -999 -999 "" "" "" "" 0 0 0.0 0.0 -999 ""
FIBERMAP 1256 R-7C15 BOSS 1 1 0 1 0 0 89.76090977749008 -132.14110952328832 143.1 12.75613505676214 -159.24640645324413 148.326 132.48277 289.94293212890625 7.720363297489172 -999.0 -999.0 -999.0 289.94293212890625 7.720363297489173 289.926094616521 7.7779810940275915 64.9619168586845 183.97073534346657 5400.0 5400.0 2015.5 1 317 {-999.0 -999.0 -999.0 -999.0 -999.0} "" -999.0 -999.0 -999.0 -999.0 27021603150990539 852976932 "" ops_sky_boss_fallback ops_sky sky_boss 0 0 0.0 0.0 -999 ""
FIBERMAP 1256 R-7C15 METROLOGY 0 0 0 1 0 0 90.42662326284383 -132.47629828647712 143.1 13.16935332803213 -159.86677753348292 148.326 132.48277 -999.0 -999.0 -999.0 -999.0 -999.0 289.9448195970531 7.717590941375867 289.92798738297 7.77518685666739 64.9592375956093 183.96592411989747 -999.0 6231.0 -999.0 -1 -999 {-999.0 -999.0 -999.0 -999.0 -999.0} "" -999.0 -999.0 -999.0 -999.0 -999 -999 "" "" "" "" 0 0 0.0 0.0 -999 ""
FIBERMAP 1260 R+1C4 APOGEE 0 0 0 1 0 0 -204.4362204160871 15.583401683710228 143.1 -170.0563336668808 114.56083544555372 298.03156 148.79672 -999.0 -999.0 -999.0 -999.0 -999.0 289.1064167218089 8.965421694950894 289.0864141295802 9.020676620003643 66.13866604439114 186.19837267488842 -999.0 16600.0 -999.0 2 -999 {-999.0 -999.0 -999.0 -999.0 -999.0} "" -999.0 -999.0 -999.0 -999.0 -999 -999 "" "" "" "" 0 0 0.0 0.0 -999 ""
FIBERMAP 1260 R+1C4 BOSS 1 1 0 1 0 0 -204.45116905886044 14.839824559136106 143.1 -170.43673006615023 113.92168578693816 298.03156 148.79672 289.10462024795225 8.962475924626716 -0.5689869 -5.457784 1.3031867 289.1046185330752 8.962459676175577 289.0846315632527 9.017800669409171 66.13564038316139 186.20205253748344 5400.0 5400.0 2016.0 1 62 {-999.0 15.435852 14.619057 14.24991 -999.0} sdss_psfmag_from_g3xp 15.186285 14.6185665 13.891569 12.608 63050395675391603 1095822644 bright_1x1 mwm_bin_vis_boss mwm_filler science 0 0 0.0 0.0 -999 ""
FIBERMAP 1260 R+1C4 METROLOGY 0 0 0 1 0 0 -205.0909788860535 15.22569604143009 143.1 -170.80238312638784 114.57332627945621 298.03156 148.79672 -999.0 -999.0 -999.0 -999.0 -999.0 289.1029724563033 8.965422774882759 289.08297580321386 9.020733676476606 66.13841048010244 186.206744561802 -999.0 6231.0 -999.0 -1 -999 {-999.0 -999.0 -999.0 -999.0 -999.0} "" -999.0 -999.0 -999.0 -999.0 -999 -999 "" "" "" "" 0 0 0.0 0.0 -999 ""
FIBERMAP 1265 R+5C6 APOGEE 0 0 0 1 0 0 -121.06475971620343 86.61863173826569 143.1 -62.467123823521575 135.13200653954556 259.08093 134.40233 -999.0 -999.0 -999.0 -999.0 -999.0 289.6002127319262 9.059459913842057 289.5799863421448 9.115917322771814 66.27412700743497 185.0140707746757 -999.0 16600.0 -999.0 2 -999 {-999.0 -999.0 -999.0 -999.0 -999.0} "" -999.0 -999.0 -999.0 -999.0 -999 -999 "" "" "" "" 0 0 0.0 0.0 -999 ""
FIBERMAP 1265 R+5C6 BOSS 1 1 0 1 0 0 -121.63867304141114 86.16927846359319 143.1 -63.188161676715666 135.02486504155766 259.08093 134.40233 289.59686279296875 9.058936744496236 -999.0 -999.0 -999.0 289.5968627929688 9.058936744496238 289.57664447525576 9.115475529474761 66.27344063328886 185.02216700972176 5400.0 5400.0 2015.5 1 50 {-999.0 -999.0 -999.0 -999.0 -999.0} "" -999.0 -999.0 -999.0 -999.0 27021603150998672 852978557 "" ops_sky_boss_fallback ops_sky sky_boss 0 0 0.0 0.0 -999 ""
FIBERMAP 1265 R+5C6 METROLOGY 0 0 0 1 0 0 -121.75701433688918 86.89692209140613 143.1 -62.931532737694674 135.71601867760344 259.08093 134.40233 -999.0 -999.0 -999.0 -999.0 -999.0 289.5980606145699 9.06208393180746 289.5778323674933 9.11859976759914 66.27664360881039 185.0198386020877 -999.0 6231.0 -999.0 -1 -999 {-999.0 -999.0 -999.0 -999.0 -999.0} "" -999.0 -999.0 -999.0 -999.0 -999 -999 "" "" "" "" 0 0 0.0 0.0 -999 ""
FIBERMAP 1266 R-1C23 APOGEE 0 0 0 1 0 0 220.2302659996117 -9.15561984765011 143.1 186.9651016573837 -116.77569698021003 52.987186 118.777245 -999.0 -999.0 -999.0 -999.0 -999.0 290.7408005706048 7.911932504039218 290.72349020249027 7.971380795216256 65.19075693032897 182.11890303561782 -999.0 16600.0 -999.0 2 -999 {-999.0 -999.0 -999.0 -999.0 -999.0} "" -999.0 -999.0 -999.0 -999.0 -999 -999 "" "" "" "" 0 0 0.0 0.0 -999 ""
FIBERMAP 1266 R-1C23 BOSS 1 1 0 1 0 0 220.97661282801917 -9.244999308231947 143.1 187.5698835706807 -117.22217901697654 52.987186 118.777245 290.7435607910156 7.90979822308671 -999.0 -999.0 -999.0 290.7435607910156 7.909798223086712 290.72625886910424 7.969348026132635 65.1888111005897 182.11222019017558 5400.0 5400.0 2015.5 1 312 {-999.0 -999.0 -999.0 -999.0 -999.0} "" -999.0 -999.0 -999.0 -999.0 27021603150813700 852959252 "" ops_sky_boss_fallback ops_sky sky_boss 0 0 0.0 0.0 -999 ""
FIBERMAP 1266 R-1C23 METROLOGY 0 0 0 1 0 0 220.51581555073642 -9.844911828137542 143.1 186.87280866997114 -117.51612106236624 52.987186 118.777245 -999.0 -999.0 -999.0 -999.0 -999.0 290.74037526211964 7.908500040551434 290.7230756087509 7.968015514825925 65.18738041720815 182.1196292097873 -999.0 6231.0 -999.0 -1 -999 {-999.0 -999.0 -999.0 -999.0 -999.0} "" -999.0 -999.0 -999.0 -999.0 -999 -999 "" "" "" "" 0 0 0.0 0.0 -999 ""
FIBERMAP 1270 R+5C12 APOGEE 1 1 0 1 0 0 12.554681048105147 77.47229520524151 143.1 49.19498600037919 61.1584627027413 321.18747 61.349865 290.1135804664658 8.722338029676141 -3.1561668 -4.663221 -0.103489295 290.11357096025375 8.722324146731188 290.0942119498453 8.780099645940352 65.97187971965766 183.70803505166802 16000.0 16600.0 2016.0 2 8 {-999.0 22.58544 19.16788 16.326582 -999.0} sdss_psfmag_ps1 20.780865 16.610382 15.011776 10.189 63050395675004482 1154163278 bright_1x1 mwm_galactic_core_dist_apogee_sparse mwm_galactic science 0 0 0.0 0.0 -999 ""
FIBERMAP 1270 R+5C12 BOSS 0 0 0 1 0 0 11.863364734012348 77.20150631541972 143.1 48.46009495958509 61.26459020975635 321.18747 61.349865 -999.0 -999.0 -999.0 -999.0 -999.0 290.110208693458 8.722760088935603 290.0908534947801 8.780618193806928 65.97221464378852 183.71624402456186 -999.0 5400.0 -999.0 1 116 {-999.0 -999.0 -999.0 -999.0 -999.0} "" -999.0 -999.0 -999.0 -999.0 -999 -999 "" "" "" "" 0 0 0.0 0.0 -999 ""
FIBERMAP 1270 R+5C12 METROLOGY 0 0 0 1 0 0 11.971230613110581 77.9311576103685 143.1 48.91440162333114 61.84572139011011 321.18747 61.349865 -999.0 -999.0 -999.0 -999.0 -999.0 290.112304223398 8.725416951475248 290.0929409485184 8.78325398746968 65.97496012966637 183.7115417242484 -999.0 6231.0 -999.0 -1 -999 {-999.0 -999.0 -999.0 -999.0 -999.0} "" -999.0 -999.0 -999.0 -999.0 -999 -999 "" "" "" "" 0 0 0.0 0.0 -999 ""
FIBERMAP 1271 R-4C14 APOGEE 0 0 0 1 0 0 64.10961106584486 -77.84338052342956 143.1 17.28079159089045 -99.36065604092559 47.082417 60.8676 -999.0 -999.0 -999.0 -999.0 -999.0 289.96453717753275 7.991988493046294 289.9470120819328 8.04951875520259 65.23420248925133 183.95947364643257 -999.0 16600.0 -999.0 2 -999 {-999.0 -999.0 -999.0 -999.0 -999.0} "" -999.0 -999.0 -999.0 -999.0 -999 -999 "" "" "" "" 0 0 0.0 0.0 -999 ""
FIBERMAP 1271 R-4C14 BOSS 1 1 0 1 0 0 64.34288481516484 -78.54534197028829 143.1 17.136785180586656 -100.08626686993028 47.082417 60.8676 289.96388521947307 7.988573004891706 -5.80236 -7.4174743 0.18695655 289.96386777590504 7.98855092221743 289.9463569173097 8.046174214595018 65.23082565500917 183.96055141064147 5400.0 5400.0 2016.0 1 324 {-999.0 19.050919 17.738945 17.040405 16.55946} sdss_psfmag_from_ps1dr2 18.5969 17.6507 16.6261 14.591 63050395674587212 1040150616 "" ops_std_boss_ps1dr2 ops_std standard_boss 0 0 0.0 0.0 -999 ""
FIBERMAP 1271 R-4C14 METROLOGY 0 0 0 1 0 0 63.613102810684765 -78.40028404565733 143.1 16.573916798212373 -99.59955736875517 47.082417 60.8676 -999.0 -999.0 -999.0 -999.0 -999.0 289.96128743547536 7.990803963278657 289.94376926987667 8.0483938577219 65.23289106400944 183.96696743741322 -999.0 6231.0 -999.0 -1 -999 {-999.0 -999.0 -999.0 -999.0 -999.0} "" -999.0 -999.0 -999.0 -999.0 -999 -999 "" "" "" "" 0 0 0.0 0.0 -999 ""
FIBERMAP 1272 R+1C9 APOGEE 1 1 0 1 0 0 -114.08874687643522 35.18120847911262 143.1 -81.81656005671077 86.96066249465218 185.46854 47.60831 289.51019648137185 8.84090341262384 -4.5128045 -6.229134 0.4810096 289.5105170001662 8.84088486777508 289.49084114969816 8.897157105862131 66.04932812484871 185.1903145411826 16000.0 16600.0 2016.0 2 147 {-999.0 15.754712 13.379554 10.914423 -999.0} sdss_psfmag_from_g3xp 14.551137 11.54539 10.079524 6.112 63050395675374060 1152366836 bright_1x1 mwm_galactic_core_dist_apogee_sparse mwm_galactic science 0 0 1.1885249614715576 0.0 -999 ""
FIBERMAP 1272 R+1C9 BOSS 0 0 0 1 0 0 -113.6373461651834 35.78085248518681 143.1 -81.12778808391501 87.25901387667729 185.46854 47.60831 -999.0 -999.0 -999.0 -999.0 -999.0 289.51364400562284 8.842188927697224 289.4939720545098 8.898559117816905 66.05096398557318 185.18298272103922 -999.0 5400.0 -999.0 1 45 {-999.0 -999.0 -999.0 -999.0 -999.0} "" -999.0 -999.0 -999.0 -999.0 -999 -999 "" "" "" "" 0 0 0.0 0.0 -999 ""
FIBERMAP 1272 R+1C9 METROLOGY 0 0 0 1 0 0 -113.33892976822825 35.08825754889175 143.1 -81.21052540616692 86.50936043491738 185.46854 47.60831 -999.0 -999.0 -999.0 -999.0 -999.0 289.5132626513567 8.838800859387819 289.49359726294136 8.895145037521202 66.04753154142871 185.1832455083785 -999.0 6231.0 -999.0 -1 -999 {-999.0 -999.0 -999.0 -999.0 -999.0} "" -999.0 -999.0 -999.0 -999.0 -999 -999 "" "" "" "" 0 0 0.0 0.0 -999 ""
FIBERMAP 1276 R-2C3 APOGEE 1 1 0 1 0 0 -213.16055632527338 -46.684432058527825 143.1 -208.40839124294283 64.72999921217757 328.1404 114.74981 288.9308166503906 8.739186506341923 -999.0 -999.0 -999.0 288.9308166503906 8.739186506341925 288.91138408366356 8.794044638693922 65.89668582865355 186.56912963972067 16000.0 16600.0 2015.5 2 257 {-999.0 -999.0 -999.0 -999.0 -999.0} "" -999.0 -999.0 -999.0 -999.0 27021603150997027 849034700 "" ops_sky_apogee_good ops_sky sky_apogee 0 0 0.0 0.0 -999 ""
FIBERMAP 1276 R-2C3 BOSS 0 0 0 1 0 0 -213.22429730843191 -47.424839571768985 143.1 -208.829646188449 64.1177136220275 328.1404 114.74981 -999.0 -999.0 -999.0 -999.0 -999.0 288.92884377434746 8.736328408821002 288.9094273534324 8.79127310987122 65.89373918501812 186.57318099783734 -999.0 5400.0 -999.0 1 475 {-999.0 -999.0 -999.0 -999.0 -999.0} "" -999.0 -999.0 -999.0 -999.0 -999 -999 "" "" "" "" 0 0 0.0 0.0 -999 ""
FIBERMAP 1276 R-2C3 METROLOGY 0 0 0 1 0 0 -213.84269118617152 -46.9887434121906 143.1 -209.15186238944585 64.80244262219357 328.1404 114.74981 -999.0 -999.0 -999.0 -999.0 -999.0 288.92739926923167 8.739449754011023 288.90797234228796 8.794364580971608 65.89667584622957 186.57742255938106 -999.0 6231.0 -999.0 -1 -999 {-999.0 -999.0 -999.0 -999.0 -999.0} "" -999.0 -999.0 -999.0 -999.0 -999 -999 "" "" "" "" 0 0 0.0 0.0 -999 ""
FIBERMAP 1281 R+5C7 APOGEE 1 1 0 1 0 0 -88.94671220804624 115.09488997620264 143.1 -20.47066793199183 144.02253168636688 128.98035 24.602135 289.7936442413923 9.099573808453426 -1.6469659 -2.803488 0.207564 289.79363927569227 9.099565462147167 289.77331778461433 9.15649249825312 66.3281492680602 184.54752754842198 16000.0 16600.0 2016.0 2 108 {-999.0 19.134901 16.15409 14.782392 -999.0} sdss_psfmag_ps1 17.440815 15.325381 13.993207 10.202 63050395675408665 1154165092 bright_1x1 mwm_galactic_core_dist_apogee_sparse mwm_galactic science 0 0 0.0 0.0 -999 ""
FIBERMAP 1281 R+5C7 BOSS 0 0 0 1 0 0 -88.29223195334727 114.75388831589242 143.1 -20.07008901603083 143.40265662471563 128.98035 24.602135 -999.0 -999.0 -999.0 -999.0 -999.0 289.7954613965564 9.096722502346605 289.7751532572292 9.153743848220897 66.32552919532743 184.5425625287511 -999.0 5400.0 -999.0 1 54 {-999.0 -999.0 -999.0 -999.0 -999.0} "" -999.0 -999.0 -999.0 -999.0 -999 -999 "" "" "" "" 0 0 0.0 0.0 -999 ""
FIBERMAP 1281 R+5C7 METROLOGY 0 0 0 1 0 0 -88.91812526374257 114.3500482793507 143.1 -20.81383522702791 143.3607717209408 128.98035 24.602135 -999.0 -999.0 -999.0 -999.0 -999.0 289.79203936824126 9.096553044999697 289.77172981545016 9.153540673749408 66.32509828230845 184.55092629778562 -999.0 6231.0 -999.0 -1 -999 {-999.0 -999.0 -999.0 -999.0 -999.0} "" -999.0 -999.0 -999.0 -999.0 -999 -999 "" "" "" "" 0 0 0.0 0.0 -999 ""
FIBERMAP 1285 R+9C4 APOGEE 0 0 0 1 0 0 -107.79116311478232 176.2067263747206 143.1 -6.660674479775778 206.4698687101211 25.195667 96.2636 -999.0 -999.0 -999.0 -999.0 -999.0 289.85798645201214 9.381344259564711 289.836954177149 9.438383607592217 66.6136034254947 184.4376968280462 -999.0 16600.0 -999.0 2 -999 {-999.0 -999.0 -999.0 -999.0 -999.0} "" -999.0 -999.0 -999.0 -999.0 -999 -999 "" "" "" "" 0 0 0.0 0.0 -999 ""
FIBERMAP 1285 R+9C4 BOSS 1 1 0 1 0 0 -107.38805579304216 175.57647341865385 143.1 -6.6215807514512734 205.72269384569879 25.195667 96.2636 289.8581513632274 9.377955061455854 -0.62641126 -4.138237 0.023611762 289.858149473067 9.377942741448404 289.8371317927667 9.435071215378375 66.61030979434709 184.43670628064623 5400.0 5400.0 2016.0 1 15 {-999.0 16.822842 15.7180195 15.238293 -999.0} sdss_psfmag_ps1 16.34429 15.694653 14.665277 12.951 63050395675425551 1093383875 bright_3x1 mwm_astar_core_boss mwm_ob science 0 0 0.0 0.0 -999 ""
FIBERMAP 1285 R+9C4 METROLOGY 0 0 0 1 0 0 -108.13056492561633 175.54229549696552 143.1 -7.284075047407205 206.05984730916842 25.195667 96.2636 -999.0 -999.0 -999.0 -999.0 -999.0 289.8551090894959 9.379481169428265 289.83408566015385 9.43657692317875 66.61161390317773 184.4445095145739 -999.0 6231.0 -999.0 -1 -999 {-999.0 -999.0 -999.0 -999.0 -999.0} "" -999.0 -999.0 -999.0 -999.0 -999 -999 "" "" "" "" 0 0 0.0 0.0 -999 ""
FIBERMAP 1287 R+12C7 APOGEE 0 0 0 1 0 0 -8.415712662452584 235.76975147039622 143.1 109.17553270173046 209.15851746419247 22.897581 105.733315 -999.0 -999.0 -999.0 -999.0 -999.0 290.3899948571363 9.390598501159442 290.3689609063887 9.448942927099383 66.65362344862393 183.1180485605047 -999.0 16600.0 -999.0 2 -999 {-999.0 -999.0 -999.0 -999.0 -999.0} "" -999.0 -999.0 -999.0 -999.0 -999 -999 "" "" "" "" 0 0 0.0 0.0 -999 ""
FIBERMAP 1287 R+12C7 BOSS 1 1 0 1 0 0 -7.9366095039614954 235.1987320966267 143.1 109.30997143079064 208.42529657879624 22.897581 105.733315 290.390625 9.387242203188649 -999.0 -999.0 -999.0 290.390625 9.387242203188649 290.36960376275846 9.445676820439258 66.65039024302106 183.1160683805543 5400.0 5400.0 2015.5 1 155 {-999.0 -999.0 -999.0 -999.0 -999.0} "" -999.0 -999.0 -999.0 -999.0 27021603151005304 852140629 "" ops_sky_boss_fallback ops_sky sky_boss 0 0 0.0 0.0 -999 ""
FIBERMAP 1287 R+12C7 METROLOGY 0 0 0 1 0 0 -8.670555317593957 235.06852597055163 143.1 108.60747571507184 208.6747230069374 22.897581 105.733315 -999.0 -999.0 -999.0 -999.0 -999.0 290.38740407051176 9.38840867382538 290.3663785115239 9.446810232303985 66.6513748208641 183.12421962596787 -999.0 6231.0 -999.0 -1 -999 {-999.0 -999.0 -999.0 -999.0 -999.0} "" -999.0 -999.0 -999.0 -999.0 -999 -999 "" "" "" "" 0 0 0.0 0.0 -999 ""
FIBERMAP 1289 R-2C15 APOGEE 1 1 0 1 0 0 63.384413908656164 -40.483611853721065 143.1 35.10955761196001 -66.51825028929503 36.299194 69.4191 290.046993477216 8.141136221834689 -2.8044608 -2.349944 0.0689826 290.0469850430161 8.141129225780727 290.02908671862974 8.198837327911695 65.38793645583223 183.7857783629602 16000.0 16600.0 2016.0 2 219 {-999.0 19.59485 16.796648 15.202242 -999.0} sdss_psfmag_ps1 17.964876 15.79942 14.460382 10.693 63050395674900294 1154163028 bright_1x1 mwm_galactic_core_dist_apogee_sparse mwm_galactic science 0 0 0.0 0.0 -999 ""
FIBERMAP 1289 R-2C15 BOSS 0 0 0 1 0 0 63.585142569040045 -41.19131332305236 143.1 34.934417324023684 -67.23277162703644 36.299194 69.4191 -999.0 -999.0 -999.0 -999.0 -999.0 290.04618156058064 8.137751369344116 290.0282969588704 8.195551507207373 65.38461195873128 183.78720943251335 -999.0 5400.0 -999.0 1 273 {-999.0 -999.0 -999.0 -999.0 -999.0} "" -999.0 -999.0 -999.0 -999.0 -999 -999 "" "" "" "" 0 0 0.0 0.0 -999 ""
FIBERMAP 1289 R-2C15 METROLOGY 0 0 0 1 0 0 62.856006874800485 -41.0257650262287 143.1 34.382235119866245 -66.72856521298655 36.299194 69.4191 -999.0 -999.0 -999.0 -999.0 -999.0 290.0436477535625 8.140084978415716 290.02575573977356 8.197852010869735 65.38676757120967 183.79354902139684 -999.0 6231.0 -999.0 -1 -999 {-999.0 -999.0 -999.0 -999.0 -999.0} "" -999.0 -999.0 -999.0 -999.0 -999 -999 "" "" "" "" 0 0 0.0 0.0 -999 ""
FIBERMAP 1296 R-5C7 APOGEE 1 1 0 1 0 0 -95.89688222035565 -90.60979662788243 143.1 -128.15170600205704 -31.402372647411724 357.9669 159.19646 289.2968238511481 8.302651966383916 -3.6641498 -6.193124 -0.045920484 289.29681282701057 8.302633528741952 289.27849340365776 8.358467478986192 65.49557804393172 185.59535896829962 16000.0 16600.0 2016.0 2 262 {-999.0 21.457462 18.091045 15.883164 -999.0} sdss_psfmag_ps1 19.619846 16.43157 14.939687 10.519 63050395675092698 1154163697 bright_1x1 mwm_galactic_core_dist_apogee_sparse mwm_galactic science 0 0 0.0 0.0 -999 ""
FIBERMAP 1296 R-5C7 BOSS 0 0 0 1 0 0 -95.2098859191732 -90.90083740475747 143.1 -127.69816910045091 -31.994873084524823 357.9669 159.19646 -999.0 -999.0 -999.0 -999.0 -999.0 289.2988274850117 8.299828954078457 289.28052290660156 8.355761149849831 65.49304733542147 185.58999403319265 -999.0 5400.0 -999.0 1 464 {-999.0 -999.0 -999.0 -999.0 -999.0} "" -999.0 -999.0 -999.0 -999.0 -999 -999 "" "" "" "" 0 0 0.0 0.0 -999 ""
FIBERMAP 1296 R-5C7 METROLOGY 0 0 0 1 0 0 -95.79931989331115 -91.34698161872628 143.1 -128.43111647745917 -32.091555630042954 357.9669 159.19646 -999.0 -999.0 -999.0 -999.0 -999.0 289.2954813096386 8.299423998883375 289.27717549464296 8.355321705137069 65.49233502410885 185.59786292331674 -999.0 6231.0 -999.0 -1 -999 {-999.0 -999.0 -999.0 -999.0 -999.0} "" -999.0 -999.0 -999.0 -999.0 -999 -999 "" "" "" "" 0 0 0.0 0.0 -999 ""
FIBERMAP 1300 R+11C12 APOGEE 1 1 0 1 0 0 58.342594436291215 208.1607967487058 143.1 153.57998906877103 152.1676743216173 249.72174 48.05249 290.5934269119126 9.13222336814032 -0.85286033 -4.371856 0.18251823 290.5934243402529 9.132210352621604 290.5730499055584 9.191095630964869 66.40454408465956 182.5853976647182 16000.0 16600.0 2016.0 2 11 {-999.0 18.973047 16.123999 14.682125 -999.0} sdss_psfmag_ps1 17.403503 15.265228 13.935266 10.143 63050395675708825 1154165546 bright_1x1 mwm_galactic_core_dist_apogee_sparse mwm_galactic science 0 0 0.0 0.0 -999 ""
FIBERMAP 1300 R+11C12 BOSS 0 0 0 1 0 0 57.95632000630885 208.80296940971294 143.1 153.5614209172285 152.91689622782485 249.72174 48.05249 -999.0 -999.0 -999.0 -999.0 -999.0 290.5933648266676 9.135533424174394 290.57298547317316 9.194507162230405 66.40795065471198 182.5858838175698 -999.0 5400.0 -999.0 1 142 {-999.0 -999.0 -999.0 -999.0 -999.0} "" -999.0 -999.0 -999.0 -999.0 -999 -999 "" "" "" "" 0 0 0.0 0.0 -999 ""
FIBERMAP 1300 R+11C12 METROLOGY 0 0 0 1 0 0 58.70532202625593 208.81178281855034 143.1 154.21702822881247 152.55448036566713 249.72174 48.05249 -999.0 -999.0 -999.0 -999.0 -999.0 290.59635668873875 9.133889210564224 290.5759806000861 9.19284528650595 66.40640346652965 182.57834261161045 -999.0 6231.0 -999.0 -1 -999 {-999.0 -999.0 -999.0 -999.0 -999.0} "" -999.0 -999.0 -999.0 -999.0 -999 -999 "" "" "" "" 0 0 0.0 0.0 -999 ""
FIBERMAP 1301 R+2C23 APOGEE 1 1 0 1 0 0 217.48598819783555 30.700521574612004 143.1 204.2717378440477 -80.76509039321763 204.73785 140.78065 290.8208450424049 8.074834678305384 2.1668444 -2.4552257 0.33962885 290.82085155794834 8.074827368816056 290.8031358049943 8.134444374812638 65.35611979740307 181.94218815974634 16000.0 16600.0 2016.0 2 82 {-999.0 14.240648 12.694885 12.016468 -999.0} sdss_psfmag_from_g3xp 13.581095 12.581863 11.602832 9.296 63050395663092849 1152354878 bright_1x1 mwm_galactic_core_dist_apogee_sparse mwm_galactic science 0 0 0.0 0.0 -999 ""
FIBERMAP 1301 R+2C23 BOSS 0 0 0 1 0 0 216.76435908350157 30.870871900565277 143.1 203.72845522928975 -80.26041761719502 204.73785 140.78065 -999.0 -999.0 -999.0 -999.0 -999.0 290.8184406877839 8.077006656842801 290.8007221789027 8.136711063587285 65.35831665737877 181.94807271223613 -999.0 5400.0 -999.0 1 225 {-999.0 -999.0 -999.0 -999.0 -999.0} "" -999.0 -999.0 -999.0 -999.0 -999 -999 "" "" "" "" 0 0 0.0 0.0 -999 ""
FIBERMAP 1301 R+2C23 METROLOGY 0 0 0 1 0 0 217.2928617920321 31.41554453978386 143.1 204.45710576890184 -80.04795930522317 204.73785 140.78065 -999.0 -999.0 -999.0 -999.0 -999.0 290.82174903729504 8.077994186584824 290.80402735365055 8.137679975574537 65.35937945588505 181.94029541543222 -999.0 6231.0 -999.0 -1 -999 {-999.0 -999.0 -999.0 -999.0 -999.0} "" -999.0 -999.0 -999.0 -999.0 -999 -999 "" "" "" "" 0 0 0.0 0.0 -999 ""
FIBERMAP 1302 R-9C18 APOGEE 1 1 0 1 0 0 174.8796901512902 -172.78273891894534 143.1 66.68551447217334 -236.64092033545285 191.29361 98.323326 290.1880321560651 7.371942847516961 2.268732 -3.2198184 1.8046843 290.18803896663667 7.371933261747392 290.1720709439184 7.430116828184366 64.62777385588574 183.35478474003975 16000.0 16600.0 2016.0 2 187 {-999.0 10.128562 9.876642 9.764896 -999.0} sdss_psfmag_from_g3xp 10.099759 9.849836 9.426185 8.887 63050395662683126 975058537 "" ops_std_apogee ops_std standard_apogee 0 0 0.0 0.0 -999 ""
FIBERMAP 1302 R-9C18 BOSS 0 0 0 1 0 0 174.61829327793603 -172.07822053576703 143.1 66.80633137204696 -235.89919073679945 191.29361 98.323326 -999.0 -999.0 -999.0 -999.0 -999.0 290.1886138532223 7.375130172195154 290.1726430725155 7.4334113215736295 64.63109244407033 183.3538436391219 -999.0 5400.0 -999.0 1 330 {-999.0 -999.0 -999.0 -999.0 -999.0} "" -999.0 -999.0 -999.0 -999.0 -999 -999 "" "" "" "" 0 0 0.0 0.0 -999 ""
FIBERMAP 1302 R-9C18 METROLOGY 0 0 0 1 0 0 175.35612073090462 -172.19735912439353 143.1 67.38900186823524 -236.36733876076838 191.29361 98.323326 -999.0 -999.0 -999.0 -999.0 -999.0 290.19125730980585 7.373070222065635 290.1752903239159 7.431330800999668 64.62914458449313 183.34748388650436 -999.0 6231.0 -999.0 -1 -999 {-999.0 -999.0 -999.0 -999.0 -999.0} "" -999.0 -999.0 -999.0 -999.0 -999 -999 "" "" "" "" 0 0 0.0 0.0 -999 ""
FIBERMAP 1303 R-7C11 APOGEE 1 1 0 1 0 0 -7.681517504477824 -139.79993496133548 143.1 -75.7536515408299 -117.75977297741426 234.91705 65.88073 289.5371105211461 7.909644358022622 -2.887905 -6.773334 0.016540824 289.5371018409408 7.909624193028203 289.51977770148466 7.96611597842401 65.12306846680819 184.9519905612037 16000.0 16600.0 2016.0 2 151 {-999.0 20.961267 17.807047 15.563107 -999.0} sdss_psfmag_ps1 19.15405 16.012724 14.516248 10.174 63050395674617115 1154162586 bright_1x1 mwm_galactic_core_dist_apogee_sparse mwm_galactic science 0 0 0.0 0.0 -999 ""
FIBERMAP 1303 R-7C11 BOSS 0 0 0 1 0 0 -8.070352056635208 -139.16134933961925 143.1 -75.7762180453779 -117.01240503307076 234.91705 65.88073 -999.0 -999.0 -999.0 -999.0 -999.0 289.53695947811644 7.912872184690134 289.51963409602666 7.969457535547608 65.1263906156678 184.95290986314154 -999.0 5400.0 -999.0 1 377 {-999.0 -999.0 -999.0 -999.0 -999.0} "" -999.0 -999.0 -999.0 -999.0 -999 -999 "" "" "" "" 0 0 0.0 0.0 -999 ""
FIBERMAP 1303 R-7C11 METROLOGY 0 0 0 1 0 0 -7.333508815441661 -139.14259572769004 143.1 -75.12627130020144 -117.3601703432885 234.91705 65.88073 -999.0 -999.0 -999.0 -999.0 -999.0 289.539948588967 7.9113206218175325 289.52262515984665 7.9678868341384845 65.12504112331183 184.9456129692828 -999.0 6231.0 -999.0 -1 -999 {-999.0 -999.0 -999.0 -999.0 -999.0} "" -999.0 -999.0 -999.0 -999.0 -999 -999 "" "" "" "" 0 0 0.0 0.0 -999 ""
FIBERMAP 1304 R+7C15 APOGEE 0 0 0 1 0 0 101.3959621695784 147.75159063373877 143.1 161.16666654375223 78.3697357045539 79.552925 126.091545 -999.0 -999.0 -999.0 -999.0 -999.0 290.62787550816984 8.797904248415243 290.60834273852305 8.856928851203 66.07192091227208 182.46782491720697 -999.0 16600.0 -999.0 2 -999 {-999.0 -999.0 -999.0 -999.0 -999.0} "" -999.0 -999.0 -999.0 -999.0 -999 -999 "" "" "" "" 0 0 0.0 0.0 -999 ""
FIBERMAP 1304 R+7C15 BOSS 1 1 0 1 0 0 102.04477128651928 148.06348463455066 143.1 161.88490771859387 78.32035148361308 79.552925 126.091545 290.63120903447924 8.797604561367645 -1.3436855 -4.721948 0.23245473 290.6312049865483 8.797590503584965 290.61167648416034 8.85671390842081 66.07182661669637 182.45968966621976 5400.0 5400.0 2016.0 1 187 {-999.0 17.926043 16.749348 16.172474 15.726481} sdss_psfmag_from_ps1dr2 17.4678 16.6915 15.7957 14.332 63050395675654536 1040152617 "" ops_std_boss_ps1dr2 ops_std standard_boss 0 0 0.0 0.0 -999 ""
FIBERMAP 1304 R+7C15 METROLOGY 0 0 0 1 0 0 102.00632778085402 147.32250346184483 143.1 161.4853653308646 77.69506771208982 79.552925 126.091545 -999.0 -999.0 -999.0 -999.0 -999.0 290.62936477527353 8.794787792612631 290.6098422888 8.85388148301363 66.06892983849457 182.4638993560497 -999.0 6231.0 -999.0 -1 -999 {-999.0 -999.0 -999.0 -999.0 -999.0} "" -999.0 -999.0 -999.0 -999.0 -999 -999 "" "" "" "" 0 0 0.0 0.0 -999 ""
FIBERMAP 1306 R-11C6 APOGEE 1 1 0 1 0 0 -61.35881521397827 -202.00331708949065 143.1 -153.16018701912057 -145.3234804269437 111.47619 120.21293 289.1833870788879 7.786360176614173 -2.6132975 -7.129353 0.22519197 289.1833792264022 7.786338951710207 289.16636196992783 7.841978743348492 64.97158941833852 185.75585859455532 16000.0 16600.0 2016.0 2 177 {-999.0 20.64045 17.547003 15.194291 -999.0} sdss_psfmag_ps1 18.845068 15.539176 14.024177 9.579 63050395674624387 1154162693 bright_1x1 mwm_galactic_core_dist_apogee_sparse mwm_galactic science 0 0 0.0 0.0 -999 ""
FIBERMAP 1306 R-11C6 BOSS 0 0 0 1 0 0 -60.91475202751015 -201.40857084317838 143.1 -152.48021494348143 -145.02576217358273 111.47619 120.21293 -999.0 -999.0 -999.0 -999.0 -999.0 289.1864298118354 7.787540330005259 289.1694177215228 7.843282480709131 64.97314597905016 185.7489910539076 -999.0 5400.0 -999.0 1 358 {-999.0 -999.0 -999.0 -999.0 -999.0} "" -999.0 -999.0 -999.0 -999.0 -999 -999 "" "" "" "" 0 0 0.0 0.0 -999 ""
FIBERMAP 1306 R-11C6 METROLOGY 0 0 0 1 0 0 -60.621705129675455 -202.0965841154767 143.1 -152.56535722925963 -145.7687788375196 111.47619 120.21293 -999.0 -999.0 -999.0 -999.0 -999.0 289.1860643799259 7.784220098423089 289.1690583446499 7.839934980420896 64.96978033017719 185.74915673880062 -999.0 6231.0 -999.0 -1 -999 {-999.0 -999.0 -999.0 -999.0 -999.0} "" -999.0 -999.0 -999.0 -999.0 -999 -999 "" "" "" "" 0 0 0.0 0.0 -999 ""
FIBERMAP 1308 R-4C5 APOGEE 1 1 0 1 0 0 -166.39827274906096 -62.82350185665447 143.1 -175.72312729143752 27.592109948968268 155.85402 79.19537 289.079410826372 8.57099728274976 -10.219089 -15.227543 0.93016326 289.07938005936626 8.57095194860223 289.06037716239473 8.626204845292945 65.74349682921208 186.17249995620108 16000.0 16600.0 2016.0 2 252 {-999.0 15.806766 14.603323 14.146171 -999.0} sdss_psfmag_ps1 15.256374 14.523206 13.686692 12.021 63050395675195521 917016237 bright_3x1 mwm_yso_variable_apogee mwm_yso science 0 0 0.0 0.0 -999 ""
FIBERMAP 1308 R-4C5 BOSS 0 0 0 1 0 0 -165.949615034831 -62.23583129539216 143.1 -175.0426563714665 27.88140579899215 155.85402 79.19537 -999.0 -999.0 -999.0 -999.0 -999.0 289.08242375160944 8.572184730305473 289.06342646625734 8.627536584631056 65.74509854346624 186.16548808535697 -999.0 5400.0 -999.0 1 459 {-999.0 -999.0 -999.0 -999.0 -999.0} "" -999.0 -999.0 -999.0 -999.0 -999 -999 "" "" "" "" 0 0 0.0 0.0 -999 ""
FIBERMAP 1308 R-4C5 METROLOGY 0 0 0 1 0 0 -165.64924430550306 -62.91589708111021 143.1 -175.1175038078268 27.141680748192904 155.85402 79.19537 -999.0 -999.0 -999.0 -999.0 -999.0 289.082090486924 8.56884904934687 289.0630992381374 8.624174663589393 65.74172112503896 186.16552479425295 -999.0 6231.0 -999.0 -1 -999 {-999.0 -999.0 -999.0 -999.0 -999.0} "" -999.0 -999.0 -999.0 -999.0 -999 -999 "" "" "" "" 0 0 0.0 0.0 -999 ""
FIBERMAP 1312 R-11C11 APOGEE 1 1 0 1 0 0 44.33115671298585 -216.99278414391546 143.1 -68.66964689915393 -210.5777452570779 189.30864 124.688324 289.5698348787563 7.490321400950998 -0.51212955 -4.370769 0.054787047 289.56983334096566 7.490308388668972 289.5535645994961 7.54695103742538 64.70741103051711 184.80189799921519 16000.0 16600.0 2016.0 2 156 {-999.0 20.308735 17.19505 15.489889 -999.0} sdss_psfmag_ps1 18.494541 16.074953 14.677012 10.59 63050395674519584 1154162236 bright_1x1 mwm_galactic_core_dist_apogee_sparse mwm_galactic science 0 0 0.0 0.0 -999 ""
FIBERMAP 1312 R-11C11 BOSS 0 0 0 1 0 0 43.80675113568193 -216.4621395720088 143.1 -68.86342483911665 -209.85724625914466 189.30864 124.688324 -999.0 -999.0 -999.0 -999.0 -999.0 289.568923565756 7.493413766565377 289.5526538693066 7.550149926168074 64.71053772096275 184.80453761584022 -999.0 5400.0 -999.0 1 393 {-999.0 -999.0 -999.0 -999.0 -999.0} "" -999.0 -999.0 -999.0 -999.0 -999 -999 "" "" "" "" 0 0 0.0 0.0 -999 ""
FIBERMAP 1312 R-11C11 METROLOGY 0 0 0 1 0 0 44.52275770647676 -216.2692001552744 143.1 -68.14553090268801 -210.04326276566204 189.30864 124.688324 -999.0 -999.0 -999.0 -999.0 -999.0 289.5722091661804 7.492597989745395 289.5559395729876 7.549315101847346 64.70993622725257 184.7967934813193 -999.0 6231.0 -999.0 -1 -999 {-999.0 -999.0 -999.0 -999.0 -999.0} "" -999.0 -999.0 -999.0 -999.0 -999 -999 "" "" "" "" 0 0 0.0 0.0 -999 ""
FIBERMAP 1314 R-13C8 APOGEE 1 1 0 1 0 0 16.80234700136724 -244.77743601970806 143.1 -106.33406872480955 -221.1344479828698 18.257551 147.11832 289.39812885942086 7.4439193704158635 -2.9201221 -6.5928426 0.05327173 289.3981200919912 7.443899742765243 289.3819671248841 7.500126847444563 64.64814811395162 185.19047327909806 16000.0 16600.0 2016.0 2 273 {-999.0 19.849506 16.886206 15.332947 -999.0} sdss_psfmag_ps1 18.140757 15.788626 14.410371 10.468 63050395674521048 1154162255 bright_1x1 mwm_galactic_core_dist_apogee_sparse mwm_galactic science 0 0 0.0 0.0 -999 ""
FIBERMAP 1314 R-13C8 BOSS 0 0 0 1 0 0 17.50660074745686 -244.97722851028686 143.1 -105.82044114789024 -221.6561354357862 18.257551 147.11832 -999.0 -999.0 -999.0 -999.0 -999.0 289.4004502971337 7.441428302484359 289.3843109808176 7.4977580857131185 64.64596453499465 185.18463785162837 -999.0 5400.0 -999.0 1 417 {-999.0 -999.0 -999.0 -999.0 -999.0} "" -999.0 -999.0 -999.0 -999.0 -999 -999 "" "" "" "" 0 0 0.0 0.0 -999 ""
FIBERMAP 1314 R-13C8 METROLOGY 0 0 0 1 0 0 16.9789956895219 -245.4957529089142 143.1 -106.53539143900706 -221.8463015395045 18.257551 147.11832 -999.0 -999.0 -999.0 -999.0 -999.0 289.3972016427178 7.440630313326622 289.3810622064312 7.49692486867623 64.64488673390103 185.19198831902676 -999.0 6231.0 -999.0 -1 -999 {-999.0 -999.0 -999.0 -999.0 -999.0} "" -999.0 -999.0 -999.0 -999.0 -999 -999 "" "" "" "" 0 0 0.0 0.0 -999 ""
FIBERMAP 1316 R-8C11 APOGEE 0 0 0 1 0 0 24.977268345381923 -140.86744422104553 143.1 -47.884490838939335 -134.82454833646383 90.895256 105.053314 -999.0 -999.0 -999.0 -999.0 -999.0 289.664920166285 7.8318439562311335 289.6477933730297 7.888663629831661 65.05481010924372 184.63867999987772 -999.0 16600.0 -999.0 2 -999 {-999.0 -999.0 -999.0 -999.0 -999.0} "" -999.0 -999.0 -999.0 -999.0 -999 -999 "" "" "" "" 0 0 0.0 0.0 -999 ""
FIBERMAP 1316 R-8C11 BOSS 1 1 0 1 0 0 25.69739517882731 -140.64365067191414 143.1 -47.147769449344544 -134.9857731712439 90.895256 105.053314 289.6682739257812 7.830954604648326 -999.0 -999.0 -999.0 289.6682739257812 7.830954604648327 289.6511560608724 7.887877488822852 65.05425429285262 184.63067328908335 5400.0 5400.0 2015.5 1 373 {-999.0 -999.0 -999.0 -999.0 -999.0} "" -999.0 -999.0 -999.0 -999.0 27021603150991469 852977117 "" ops_sky_boss_fallback ops_sky sky_boss 0 0 0.0 0.0 -999 ""
FIBERMAP 1316 R-8C11 METROLOGY 0 0 0 1 0 0 25.525467783110678 -141.37354634214924 143.1 -47.65789795182857 -135.53546428119512 90.895256 105.053314 -999.0 -999.0 -999.0 -999.0 -999.0 289.66593697846827 7.828507699017522 289.6488233084611 7.885398378196117 65.0516225739393 184.63573558175676 -999.0 6231.0 -999.0 -1 -999 {-999.0 -999.0 -999.0 -999.0 -999.0} "" -999.0 -999.0 -999.0 -999.0 -999 -999 "" "" "" "" 0 0 0.0 0.0 -999 ""
FIBERMAP 1317 R-12C9 APOGEE 0 0 0 1 0 0 4.868697852720203 -246.09679511896366 143.1 -117.36219344583037 -216.38525165233756 288.74954 25.545097 -999.0 -999.0 -999.0 -999.0 -999.0 289.34780541803104 7.465510120210647 289.33159777392416 7.521609472645186 64.66568999994324 185.31068208246234 -999.0 16600.0 -999.0 2 -999 {-999.0 -999.0 -999.0 -999.0 -999.0} "" -999.0 -999.0 -999.0 -999.0 -999 -999 "" "" "" "" 0 0 0.0 0.0 -999 ""
FIBERMAP 1317 R-12C9 BOSS 1 1 0 1 0 0 4.343125528439667 -245.54850253852706 143.1 -117.5482660507927 -215.64883133449683 288.74954 25.545097 289.346923828125 7.468698813985512 -999.0 -999.0 -999.0 289.34692382812506 7.468698813985514 289.3307158897115 7.5248918580666775 64.66889359123482 185.31332167617063 5400.0 5400.0 2015.5 1 405 {-999.0 -999.0 -999.0 -999.0 -999.0} "" -999.0 -999.0 -999.0 -999.0 27021603150964071 852974801 "" ops_sky_boss_fallback ops_sky sky_boss 0 0 0.0 0.0 -999 ""
FIBERMAP 1317 R-12C9 METROLOGY 0 0 0 1 0 0 5.062301248799532 -245.37625386022944 143.1 -116.83783977400181 -215.85440417537058 288.74954 25.545097 -999.0 -999.0 -999.0 -999.0 -999.0 289.35016763161116 7.467787868641708 289.3339597479457 7.523961751915114 64.66821876932823 185.30565765836866 -999.0 6231.0 -999.0 -1 -999 {-999.0 -999.0 -999.0 -999.0 -999.0} "" -999.0 -999.0 -999.0 -999.0 -999 -999 "" "" "" "" 0 0 0.0 0.0 -999 ""
FIBERMAP 1318 R-11C7 APOGEE 1 1 0 1 0 0 -32.99859833582919 -201.13837082851958 143.1 -128.07378657425008 -158.5840909418996 83.55851 121.47369 289.2979835285105 7.725869369091282 -0.3958783 -3.5842667 0.35923156 289.2979823391389 7.725858698317235 289.28111857754004 7.781791484527647 64.9210535887618 185.4765024128532 16000.0 16600.0 2016.0 2 169 {-999.0 15.667658 14.087964 13.321665 -999.0} sdss_psfmag_from_g3xp 14.977761 13.915381 12.883508 10.57 63050395674604583 1150306585 bright_12x1 mwm_bin_rv_short_subgiant_apogee_12epoch mwm_bin science 0 0 0.0 0.0 -999 ""
FIBERMAP 1318 R-11C7 BOSS 0 0 0 1 0 0 -32.338491108465696 -200.7969006040386 143.1 -127.33110826171972 -158.61334117231698 83.55851 121.47369 -999.0 -999.0 -999.0 -999.0 -999.0 289.30133307203585 7.7255758054540005 289.2844778753746 7.781612190146895 64.92114428496042 185.46864137044452 -999.0 5400.0 -999.0 1 359 {-999.0 -999.0 -999.0 -999.0 -999.0} "" -999.0 -999.0 -999.0 -999.0 -999 -999 "" "" "" "" 0 0 0.0 0.0 -999 ""
FIBERMAP 1318 R-11C7 METROLOGY 0 0 0 1 0 0 -32.368416937164156 -201.54702732646965 143.1 -127.72776336337714 -159.25078549494663 83.55851 121.47369 -999.0 -999.0 -999.0 -999.0 -999.0 289.29954061550285 7.722742510588101 289.28269033763627 7.778747950561006 64.91814614075903 185.47225915009545 -999.0 6231.0 -999.0 -1 -999 {-999.0 -999.0 -999.0 -999.0 -999.0} "" -999.0 -999.0 -999.0 -999.0 -999 -999 "" "" "" "" 0 0 0.0 0.0 -999 ""
FIBERMAP 1323 R+2C5 APOGEE 1 1 0 1 0 0 -187.6681589908272 29.89853710083258 143.1 -148.40355331560758 118.72272168739451 217.01103 126.918884 289.20547485351557 8.984578651334246 -999.0 -999.0 -999.0 289.20547485351557 8.984578651334248 289.1854264611381 9.040075006776261 66.16680396210745 185.96182247273885 16000.0 16600.0 2015.5 2 140 {-999.0 -999.0 -999.0 -999.0 -999.0} "" -999.0 -999.0 -999.0 -999.0 27021603150998838 849034776 "" ops_sky_apogee_good ops_sky sky_apogee 0 0 0.0 0.0 -999 ""
FIBERMAP 1323 R+2C5 BOSS 0 0 0 1 0 0 -188.38745099817848 30.085782503192554 143.1 -148.93645603686076 119.24092987248783 217.01103 126.918884 -999.0 -999.0 -999.0 -999.0 -999.0 289.2029966218918 8.986860685526457 289.1829503841901 9.042440432899076 66.16894374027616 185.96836844565482 -999.0 5400.0 -999.0 1 34 {-999.0 -999.0 -999.0 -999.0 -999.0} "" -999.0 -999.0 -999.0 -999.0 -999 -999 "" "" "" "" 0 0 0.0 0.0 -999 ""
FIBERMAP 1323 R+2C5 METROLOGY 0 0 0 1 0 0 -187.86284136482635 30.632024256607068 143.1 -148.21041520872694 119.45667607331097 217.01103 126.918884 -999.0 -999.0 -999.0 -999.0 -999.0 289.2063335319521 8.987866204809155 289.1862825365908 9.043428549123835 66.17021913396803 185.9604720064661 -999.0 6231.0 -999.0 -1 -999 {-999.0 -999.0 -999.0 -999.0 -999.0} "" -999.0 -999.0 -999.0 -999.0 -999 -999 "" "" "" "" 0 0 0.0 0.0 -999 ""
FIBERMAP 1324 R-4C11 APOGEE 0 0 0 1 0 0 -11.180536470093951 -85.81109612892749 143.1 -52.12034577545037 -69.08795834830214 331.52426 110.386795 -999.0 -999.0 -999.0 -999.0 -999.0 289.6457580894798 8.13042773135478 289.6278792595394 8.187150460372035 65.35120929693832 184.73496640105216 -999.0 16600.0 -999.0 2 -999 {-999.0 -999.0 -999.0 -999.0 -999.0} "" -999.0 -999.0 -999.0 -999.0 -999 -999 "" "" "" "" 0 0 0.0 0.0 -999 ""
FIBERMAP 1324 R-4C11 BOSS 1 1 0 1 0 0 -11.294297985369518 -86.56466212319667 143.1 -52.59159482104896 -69.68697020075824 331.52426 110.386795 289.6435546875 8.127579522769352 -999.0 -999.0 -999.0 289.6435546875 8.127579522769354 289.62568971974713 8.184390820861461 65.34830439699472 184.7396857702895 5400.0 5400.0 2015.5 1 357 {-999.0 -999.0 -999.0 -999.0 -999.0} "" -999.0 -999.0 -999.0 -999.0 27021603150991942 852977211 "" ops_sky_boss_fallback ops_sky sky_boss 0 0 0.0 0.0 -999 ""
FIBERMAP 1324 R-4C11 METROLOGY 0 0 0 1 0 0 -11.867673825574858 -86.10179225070158 143.1 -52.86143932554798 -69.00120486441762 331.52426 110.386795 -999.0 -999.0 -999.0 -999.0 -999.0 289.64232497596333 8.13073541912113 289.6244500794743 8.187516650894992 65.35133635292495 184.74314654305329 -999.0 6231.0 -999.0 -1 -999 {-999.0 -999.0 -999.0 -999.0 -999.0} "" -999.0 -999.0 -999.0 -999.0 -999 -999 "" "" "" "" 0 0 0.0 0.0 -999 ""
FIBERMAP 1326 R-3C23 APOGEE 0 0 0 1 0 0 221.63466627147525 -52.415383314174434 143.1 166.81173343096472 -155.0837035324286 168.76932 105.44755 -999.0 -999.0 -999.0 -999.0 -999.0 290.6475149424844 7.738892785580484 290.63063525518197 7.798141627821073 65.01458501963182 182.32372152500758 -999.0 16600.0 -999.0 2 -999 {-999.0 -999.0 -999.0 -999.0 -999.0} "" -999.0 -999.0 -999.0 -999.0 -999 -999 "" "" "" "" 0 0 0.0 0.0 -999 ""
FIBERMAP 1326 R-3C23 BOSS 1 1 0 1 0 0 221.56796350074515 -51.69656515220833 143.1 167.1089011196463 -154.42573798442115 168.76932 105.44755 290.64892491821246 7.741753720854271 -1.8247194 -4.2017145 0.26625526 290.6489194358428 7.741741211866925 290.63203596284626 7.801088150529348 65.01757752130703 182.32067788336232 5400.0 5400.0 2016.0 1 323 {-999.0 17.296946 17.010199 16.808477 -999.0} sdss_psfmag_ps1 17.194223 16.869492 16.304197 15.557 63050395662972380 982159423 "" ops_std_boss_tic ops_std standard_boss 0 0 0.0 0.0 -999 ""
FIBERMAP 1326 R-3C23 METROLOGY 0 0 0 1 0 0 222.25180671655517 -51.996098623828615 143.1 167.55550022458516 -155.02406483970356 168.76932 105.44755 -999.0 -999.0 -999.0 -999.0 -999.0 290.65091823728136 7.739077800115418 290.6340405042416 7.798403126463199 65.01496226351924 182.31576010136658 -999.0 6231.0 -999.0 -1 -999 {-999.0 -999.0 -999.0 -999.0 -999.0} "" -999.0 -999.0 -999.0 -999.0 -999 -999 "" "" "" "" 0 0 0.0 0.0 -999 ""
FIBERMAP 1328 R-3C12 APOGEE 1 1 0 1 0 0 -1.6305549310454281 -43.48908607881368 143.1 -22.905550504165504 -37.007841256507504 89.2429 78.72704 289.7804044610445 8.276144484682375 -4.5922832 -5.164008 -0.53522223 289.78039064541105 8.276129110836044 289.7621473307124 8.333159127542643 65.50591094349576 184.44002358556685 16000.0 16600.0 2016.0 2 154 {-999.0 18.387451 16.057407 14.821173 -999.0} sdss_psfmag_ps1 17.084587 15.460742 14.148227 10.891 63050395674693920 1154162963 bright_1x1 mwm_galactic_core_dist_apogee_sparse mwm_galactic science 0 0 0.0 0.0 -999 ""
FIBERMAP 1328 R-3C12 BOSS 0 0 0 1 0 0 -0.9071676432220528 -43.619170013071674 143.1 -22.340843696466624 -37.478371360023104 89.2429 78.72704 -999.0 -999.0 -999.0 -999.0 -999.0 289.7829661547105 8.273866362574479 289.76473470088115 8.330995975342535 65.50392078362877 184.43351921992306 -999.0 5400.0 -999.0 1 356 {-999.0 -999.0 -999.0 -999.0 -999.0} "" -999.0 -999.0 -999.0 -999.0 -999 -999 "" "" "" "" 0 0 0.0 0.0 -999 ""
FIBERMAP 1328 R-3C12 METROLOGY 0 0 0 1 0 0 -1.3866321449683259 -44.19043109659925 143.1 -23.039993067373313 -37.73817775304084 89.2429 78.72704 -999.0 -999.0 -999.0 -999.0 -999.0 289.7797497083721 8.272720885699622 289.76151933115574 8.329816454084375 65.50253463327503 184.44098832877137 -999.0 6231.0 -999.0 -1 -999 {-999.0 -999.0 -999.0 -999.0 -999.0} "" -999.0 -999.0 -999.0 -999.0 -999 -999 "" "" "" "" 0 0 0.0 0.0 -999 ""
FIBERMAP 1329 R+3C16 APOGEE 1 1 0 1 0 0 69.4530252290626 72.18437549319655 143.1 96.0550044103658 28.44739232394636 146.53839 88.83268 290.3287274531713 8.57262296436454 -0.0164817 -2.6594892 0.14226095 290.32872740354895 8.572615046759486 290.3097513518629 8.63094346861159 65.83378595757343 183.16824356991023 16000.0 16600.0 2016.0 2 63 {-999.0 17.839136 15.178087 13.772827 -999.0} sdss_psfmag_ps1 16.39876 14.150449 12.795926 9.028 63050395674967986 1154163291 bright_1x1 mwm_galactic_core_dist_apogee_sparse mwm_galactic science 0 0 0.0 0.0 -999 ""
FIBERMAP 1329 R+3C16 BOSS 0 0 0 1 0 0 69.90416893625888 72.78566419078294 143.1 96.74436555557861 28.74730073983601 146.53839 88.83268 -999.0 -999.0 -999.0 -999.0 -999.0 290.33194241853084 8.573889216620143 290.3129675653817 8.632316873314819 65.83530714217972 183.16064201440201 -999.0 5400.0 -999.0 1 220 {-999.0 -999.0 -999.0 -999.0 -999.0} "" -999.0 -999.0 -999.0 -999.0 -999 -999 "" "" "" "" 0 0 0.0 0.0 -999 ""
FIBERMAP 1329 R+3C16 METROLOGY 0 0 0 1 0 0 70.20293209453004 72.1022513102052 143.1 96.66646655917519 28.005459705469846 146.53839 88.83268 -999.0 -999.0 -999.0 -999.0 -999.0 290.3315661345499 8.570537569428152 290.3125984642583 8.628938919819195 65.83191579156016 183.16114545670314 -999.0 6231.0 -999.0 -1 -999 {-999.0 -999.0 -999.0 -999.0 -999.0} "" -999.0 -999.0 -999.0 -999.0 -999 -999 "" "" "" "" 0 0 0.0 0.0 -999 ""
FIBERMAP 1330 R-3C11 APOGEE 1 1 0 1 0 0 -18.51676119643335 -70.08212075151124 143.1 -50.727520677238964 -51.786910302766685 7.1105423 64.44733 289.6522719827584 8.209148705553961 -1.3981014 -3.461436 0.29116932 289.6522677773588 8.209138400460803 289.6341907092449 8.265864097853495 65.43016718632452 184.73325765246506 16000.0 16600.0 2016.0 2 208 {-999.0 17.19911 14.679782 13.383763 -999.0} sdss_psfmag_from_g3xp 15.833998 14.060271 12.809664 9.512 63050395674695511 1152366303 bright_1x1 mwm_galactic_core_dist_apogee_sparse mwm_galactic science 0 0 0.0 0.0 -999 ""
FIBERMAP 1330 R-3C11 BOSS 0 0 0 1 0 0 -18.74758801142486 -70.77819511717486 143.1 -51.272150882990346 -52.27809201644012 7.1105423 64.44733 -999.0 -999.0 -999.0 -999.0 -999.0 289.6497256943374 8.20678788657036 289.63166113064415 8.26360088811468 65.42773393440629 184.7388809478736 -999.0 5400.0 -999.0 1 347 {-999.0 -999.0 -999.0 -999.0 -999.0} "" -999.0 -999.0 -999.0 -999.0 -999 -999 "" "" "" "" 0 0 0.0 0.0 -999 ""
FIBERMAP 1330 R-3C11 METROLOGY 0 0 0 1 0 0 -19.250431358750657 -70.23625532783514 143.1 -51.44159967265633 -51.55842571289779 7.1105423 64.44733 -999.0 -999.0 -999.0 -999.0 -999.0 289.64895813815804 8.210097223501249 289.630883343188 8.26688136868277 65.43095227210985 184.74128141787205 -999.0 6231.0 -999.0 -1 -999 {-999.0 -999.0 -999.0 -999.0 -999.0} "" -999.0 -999.0 -999.0 -999.0 -999 -999 "" "" "" "" 0 0 0.0 0.0 -999 ""
FIBERMAP 1331 R-10C3 APOGEE 1 1 0 1 0 0 -149.48103764959666 -181.35780503546158 143.1 -219.5810467873319 -83.8314779501053 183.60399 58.586937 288.8804325452059 8.06582301181502 -1.0029279 -3.5819354 0.18531223 288.8804295295419 8.065812347981383 288.86270290051027 8.120657035330789 65.22180201786063 186.52717502788906 16000.0 16600.0 2016.0 2 242 {-999.0 18.64706 16.036505 14.816156 -999.0} sdss_psfmag_ps1 17.238642 15.398066 14.130443 10.637 63050395675053884 1154163514 bright_1x1 mwm_galactic_core_dist_apogee_sparse mwm_galactic science 0 0 0.0 0.0 -999 ""
FIBERMAP 1331 R-10C3 BOSS 0 0 0 1 0 0 -149.17948693289156 -180.68630074601134 143.1 -218.9870625667553 -83.39660417875184 183.60399 58.586937 -999.0 -999.0 -999.0 -999.0 -999.0 288.88307105136425 8.06766371229536 288.86534892912096 8.122608471518301 65.22399716534383 186.5214029948666 -999.0 5400.0 -999.0 1 478 {-999.0 -999.0 -999.0 -999.0 -999.0} "" -999.0 -999.0 -999.0 -999.0 -999 -999 "" "" "" "" 0 0 0.0 0.0 -999 ""
FIBERMAP 1331 R-10C3 METROLOGY 0 0 0 1 0 0 -148.7415100053626 -181.28703870848292 143.1 -218.90306668436094 -84.13534487858242 183.60399 58.586937 -999.0 -999.0 -999.0 -999.0 -999.0 288.8834745365292 8.064349087777291 288.86575820379477 8.119268808666863 65.22071215653236 186.5196720963306 -999.0 6231.0 -999.0 -1 -999 {-999.0 -999.0 -999.0 -999.0 -999.0} "" -999.0 -999.0 -999.0 -999.0 -999 -999 "" "" "" "" 0 0 0.0 0.0 -999 ""
FIBERMAP 1333 R-5C14 APOGEE 1 1 0 1 0 0 57.61495207080809 -113.20096221053517 143.1 -5.836321832470124 -126.8948689187538 298.7615 93.55704 289.8579972107566 7.86725858434907 -0.75241643 -3.3462708 0.24878974 289.8579949494425 7.8672486221160725 289.840781690612 7.924537659631285 65.10310039167203 184.1915638732401 16000.0 16600.0 2016.0 2 195 {-999.0 17.408873 15.038072 20.891916 -999.0} sdss_psfmag_ps1 16.189997 14.472773 13.237422 9.907 63050395674575983 1154162478 bright_1x1 mwm_galactic_core_dist_apogee_sparse mwm_galactic science 0 0 0.0 0.0 -999 ""
FIBERMAP 1333 R-5C14 BOSS 0 0 0 1 0 0 56.973953092380825 -113.58282850565544 143.1 -6.582345186136328 -126.91018413633104 298.7615 93.55704 -999.0 -999.0 -999.0 -999.0 -999.0 289.85455962291684 7.867037948654128 289.83735278677835 7.924413196079592 65.10276522700057 184.19959684965747 -999.0 5400.0 -999.0 1 325 {-999.0 -999.0 -999.0 -999.0 -999.0} "" -999.0 -999.0 -999.0 -999.0 -999 -999 "" "" "" "" 0 0 0.0 0.0 -999 ""
FIBERMAP 1333 R-5C14 METROLOGY 0 0 0 1 0 0 56.963472850158425 -112.82762544098998 143.1 -6.218314712577425 -126.24836147851202 298.7615 93.55704 -999.0 -999.0 -999.0 -999.0 -999.0 289.8562406468202 7.8700726966201655 289.8390245167359 7.927424745714887 65.10587385579811 184.19611581782686 -999.0 6231.0 -999.0 -1 -999 {-999.0 -999.0 -999.0 -999.0 -999.0} "" -999.0 -999.0 -999.0 -999.0 -999 -999 "" "" "" "" 0 0 0.0 0.0 -999 ""
FIBERMAP 1334 R-4C16 APOGEE 0 0 0 1 0 0 111.22180030575983 -78.11598650505768 143.1 58.109856156475225 -122.87563988031125 70.4234 25.700006 -999.0 -999.0 -999.0 -999.0 -999.0 290.15164913622715 7.884847507126221 290.1343960835287 7.9428555070722755 65.13795693210727 183.5039428581232 -999.0 16600.0 -999.0 2 -999 {-999.0 -999.0 -999.0 -999.0 -999.0} "" -999.0 -999.0 -999.0 -999.0 -999 -999 "" "" "" "" 0 0 0.0 0.0 -999 ""
FIBERMAP 1334 R-4C16 BOSS 1 1 0 1 0 0 111.30841143540455 -78.86576713796013 143.1 57.81470022330628 -123.57036375083503 70.4234 25.700006 290.1502990722656 7.881554008082702 -999.0 -999.0 -999.0 290.1502990722656 7.881554008082702 290.1330592983608 7.939653791703312 65.13469080214846 183.50669234845367 5400.0 5400.0 2015.5 1 283 {-999.0 -999.0 -999.0 -999.0 -999.0} "" -999.0 -999.0 -999.0 -999.0 27021603150990700 852976963 "" ops_sky_boss_fallback ops_sky sky_boss 0 0 0.0 0.0 -999 ""
FIBERMAP 1334 R-4C16 METROLOGY 0 0 0 1 0 0 110.62744768786969 -78.56699309715908 143.1 57.37022956638687 -122.97411995035921 70.4234 25.700006 -999.0 -999.0 -999.0 -999.0 -999.0 290.148268984396 7.884297651114509 290.1310208193128 7.942365186548641 65.13729361606372 183.51182245937085 -999.0 6231.0 -999.0 -1 -999 {-999.0 -999.0 -999.0 -999.0 -999.0} "" -999.0 -999.0 -999.0 -999.0 -999 -999 "" "" "" "" 0 0 0.0 0.0 -999 ""
FIBERMAP 1335 R-7C1 APOGEE 1 1 0 1 0 0 -203.90931363238047 -155.55192085099551 143.1 -254.15550743657474 -34.50061529244802 3.2349687 31.485533 288.72345024425806 8.28948287328878 -0.1582369 -5.229072 0.19270858 288.7234497681948 8.289467305739812 288.7051544427135 8.343886625182963 65.42837258945492 186.95213346869264 16000.0 16600.0 2016.0 2 260 {-999.0 19.490044 16.547365 15.063591 -999.0} sdss_psfmag_ps1 17.841616 15.634209 14.287465 10.418 63050395675143255 1154164044 bright_1x1 mwm_galactic_core_dist_apogee_sparse mwm_galactic science 0 0 0.0 0.0 -999 ""
FIBERMAP 1335 R-7C1 BOSS 0 0 0 1 0 0 -204.52849453894575 -155.96971937068497 143.1 -254.900314087576 -34.55795358464095 3.2349687 31.485533 -999.0 -999.0 -999.0 -999.0 -999.0 288.7200670325296 8.28911780059435 288.70178224410586 8.343621717359822 65.42776567807363 186.96004872796388 -999.0 5400.0 -999.0 1 500 {-999.0 -999.0 -999.0 -999.0 -999.0} "" -999.0 -999.0 -999.0 -999.0 -999 -999 "" "" "" "" 0 0 0.0 0.0 -999 ""
FIBERMAP 1335 R-7C1 METROLOGY 0 0 0 1 0 0 -204.5790742862491 -155.22267975998483 143.1 -254.5751834182631 -33.88341598584252 3.2349687 31.485533 -999.0 -999.0 -999.0 -999.0 -999.0 288.721532478748 8.292194494351595 288.7032371487672 8.346675188469447 65.43095113954767 186.95736136901516 -999.0 6231.0 -999.0 -1 -999 {-999.0 -999.0 -999.0 -999.0 -999.0} "" -999.0 -999.0 -999.0 -999.0 -999 -999 "" "" "" "" 0 0 0.0 0.0 -999 ""
FIBERMAP 1336 R-9C8 APOGEE 1 1 0 1 0 0 -12.837267879225614 -179.51921085696338 143.1 -99.86168879287122 -149.74800177282285 54.382378 32.427544 289.4268026535631 7.765182332230616 -2.9541123 -4.9329557 0.0052399333 289.42679377743843 7.765167646253992 289.40983225139087 7.8214116119366395 64.97060464075642 185.18368291602087 16000.0 16600.0 2016.0 2 173 {-999.0 20.074434 16.941307 18.42853 -999.0} sdss_psfmag_ps1 18.30313 14.472508 12.927653 8.406 63050395674611867 1154162652 bright_1x1 mwm_galactic_core_dist_apogee_sparse mwm_galactic science 0 0 0.0 0.0 -999 ""
FIBERMAP 1336 R-9C8 BOSS 0 0 0 1 0 0 -12.866658880063262 -180.25673567701907 143.1 -100.25165231267196 -150.37475307543798 54.382378 32.427544 -999.0 -999.0 -999.0 -999.0 -999.0 289.42497612641023 7.762200676593856 289.40802937352254 7.818535775859117 64.96760026662366 185.18737030641248 -999.0 5400.0 -999.0 1 383 {-999.0 -999.0 -999.0 -999.0 -999.0} "" -999.0 -999.0 -999.0 -999.0 -999 -999 "" "" "" "" 0 0 0.0 0.0 -999 ""
FIBERMAP 1336 R-9C8 METROLOGY 0 0 0 1 0 0 -13.502154311372948 -179.86454721875506 143.1 -100.61043283833388 -149.7197517379485 54.382378 32.427544 -999.0 -999.0 -999.0 -999.0 -999.0 289.4233378588421 7.765205094518477 289.40638143117013 7.8215086861992695 64.97043906237286 185.1917569780018 -999.0 6231.0 -999.0 -1 -999 {-999.0 -999.0 -999.0 -999.0 -999.0} "" -999.0 -999.0 -999.0 -999.0 -999 -999 "" "" "" "" 0 0 0.0 0.0 -999 ""
FIBERMAP 1338 R-8C12 APOGEE 0 0 0 1 0 0 38.40952509717466 -161.04580728480227 143.1 -46.17527930324303 -159.006337930506 170.61148 158.09215 -999.0 -999.0 -999.0 -999.0 -999.0 289.6726909961627 7.722354970871145 289.65583967814024 7.779212093439643 64.94615974466795 184.60215401691124 -999.0 16600.0 -999.0 2 -999 {-999.0 -999.0 -999.0 -999.0 -999.0} "" -999.0 -999.0 -999.0 -999.0 -999 -999 "" "" "" "" 0 0 0.0 0.0 -999 ""
FIBERMAP 1338 R-8C12 BOSS 1 1 0 1 0 0 37.78456572409859 -160.67412658377924 143.1 -46.53503159654685 -158.37437378807715 170.61148 158.09215 289.67102050781244 7.725068718126977 -999.0 -999.0 -999.0 289.67102050781244 7.725068718126976 289.65416899144645 7.782016533081939 64.94884489007791 184.60650542113075 5400.0 5400.0 2015.5 1 382 {-999.0 -999.0 -999.0 -999.0 -999.0} "" -999.0 -999.0 -999.0 -999.0 27021603150990170 852976856 "" ops_sky_boss_fallback ops_sky sky_boss 0 0 0.0 0.0 -999 ""
FIBERMAP 1338 R-8C12 METROLOGY 0 0 0 1 0 0 38.41717953468157 -160.2997487146496 143.1 -45.799999097611774 -158.36142663100526 170.61148 158.09215 -999.0 -999.0 -999.0 -999.0 -999.0 289.67439484075453 7.725152746463482 289.65754120491187 7.7820818613597265 64.94913761338435 184.5986432860798 -999.0 6231.0 -999.0 -1 -999 {-999.0 -999.0 -999.0 -999.0 -999.0} "" -999.0 -999.0 -999.0 -999.0 -999 -999 "" "" "" "" 0 0 0.0 0.0 -999 ""
FIBERMAP 1339 R-4C7 APOGEE 1 0 1 1 0 0 -111.30892723129843 -70.09531344010114 143.1 -131.4162555431835 -5.950122782114197 10.01647 169.97032 289.3129664964778 8.426606476747398 -2.283785 -4.865515 0.2405171 289.28191194534526 8.418420953644723 289.2632994452935 8.474198993207771 65.60965484067931 185.65484977585464 16000.0 16600.0 2016.0 2 259 {-999.0 -999.0 -999.0 -999.0 -999.0} "" -999.0 16.1352 -999.0 10.38 63050395675123683 1151533140 bright_1x1 mwm_galactic_core_dist_apogee_sparse mwm_galactic science 0 0 0.0 0.0 -999 ""
FIBERMAP 1339 R-4C7 BOSS 0 0 1 1 0 0 -110.56980587276632 -70.08407871365728 143.1 -130.76804304192 -6.305551326081674 10.01647 169.97032 -999.0 -999.0 -999.0 -999.0 -999.0 289.2848170950936 8.416706060216962 289.26621682451656 8.472583861516537 65.6082869481497 185.6475594671252 -999.0 5400.0 -999.0 1 460 {-999.0 -999.0 -999.0 -999.0 -999.0} "" -999.0 -999.0 -999.0 -999.0 -999 -999 "" "" "" "" 0 0 0.0 0.0 -999 ""
FIBERMAP 1339 R-4C7 METROLOGY 0 0 1 1 0 0 -110.9231798876979 -70.74653892392483 143.1 -131.40261865553498 -6.706955630571419 10.01647 169.97032 -999.0 -999.0 -999.0 -999.0 -999.0 289.2819201499243 8.414909889236723 289.2633221513296 8.470754684874635 65.60622451858882 185.65409696797562 -999.0 6231.0 -999.0 -1 -999 {-999.0 -999.0 -999.0 -999.0 -999.0} "" -999.0 -999.0 -999.0 -999.0 -999 -999 "" "" "" "" 0 0 0.0 0.0 -999 ""
FIBERMAP 1340 R+9C17 APOGEE 0 0 0 1 0 0 176.97721680168038 181.84523476036114 143.1 243.7296422617507 70.66953690837184 28.395447 127.81278 -999.0 -999.0 -999.0 -999.0 -999.0 291.0033188427422 8.760016468215438 290.98389423023724 8.819965946668551 66.04604683089687 181.55102674630393 -999.0 16600.0 -999.0 2 -999 {-999.0 -999.0 -999.0 -999.0 -999.0} "" -999.0 -999.0 -999.0 -999.0 -999 -999 "" "" "" "" 0 0 0.0 0.0 -999 ""
FIBERMAP 1340 R+9C17 BOSS 1 1 0 1 0 0 177.66047746057305 181.56211923138702 143.1 244.1838468804422 70.085773192193 28.395447 127.81278 291.0053912167292 8.757293583643417 -2.9783843 -7.146655 0.11599932 291.00538224514776 8.757272307229265 290.98596673269253 8.81731803225247 66.04344670677585 181.54583424943084 5400.0 5400.0 2016.0 1 240 {-999.0 15.469987 14.855348 14.591894 -999.0} sdss_psfmag_from_g3xp 15.292208 14.860408 14.231237 13.391 63050395675520366 1093195346 bright_3x1 mwm_astar_core_boss mwm_ob science 0 0 0.0 0.0 -999 ""
FIBERMAP 1340 R+9C17 METROLOGY 0 0 0 1 0 0 177.06738288551512 181.10460525930296 143.1 243.44209887899055 69.9810134011528 28.395447 127.81278 -999.0 -999.0 -999.0 -999.0 -999.0 291.0020257449903 8.756853791960937 290.98261052620416 8.816865664047077 66.04291812702203 181.55397412721481 -999.0 6231.0 -999.0 -1 -999 {-999.0 -999.0 -999.0 -999.0 -999.0} "" -999.0 -999.0 -999.0 -999.0 -999 -999 "" "" "" "" 0 0 0.0 0.0 -999 ""
FIBERMAP 1341 R-6C4 APOGEE 0 0 0 1 0 0 -160.60637502685069 -100.81992003532035 143.1 -189.46099451754034 -8.307296223449267 125.39775 93.00271 -999.0 -999.0 -999.0 -999.0 -999.0 289.0166133996694 8.407925270893005 288.9980224944961 8.463049956359875 65.5753488684187 186.28494962172115 -999.0 16600.0 -999.0 2 -999 {-999.0 -999.0 -999.0 -999.0 -999.0} "" -999.0 -999.0 -999.0 -999.0 -999 -999 "" "" "" "" 0 0 0.0 0.0 -999 ""
FIBERMAP 1341 R-6C4 BOSS 1 1 0 1 0 0 -160.03906135862294 -100.3442762246172 143.1 -188.7327049709368 -8.174034400867173 125.39775 93.00271 289.01986702283864 8.408443550804275 0.8328542 -3.2840235 0.093083 289.01986952928365 8.408433773888575 289.001286163248 8.463658793693504 65.57625531163775 186.27731354917 5400.0 5400.0 2016.0 1 453 {-999.0 19.562351 18.013613 17.307682 16.733614} sdss_psfmag_from_ps1dr2 18.8853 17.9357 16.9061 15.061 63050395675117221 1040151706 "" ops_std_boss_ps1dr2 ops_std standard_boss 0 0 0.0 0.0 -999 ""
FIBERMAP 1341 R-6C4 METROLOGY 0 0 0 1 0 0 -159.9088996953504 -101.0848542582142 143.1 -188.98544701402534 -8.882274822062293 125.39775 93.00271 -999.0 -999.0 -999.0 -999.0 -999.0 289.01873065293034 8.405245277487449 289.00015282460026 8.460441840526764 65.57294807953883 186.27928931371628 -999.0 6231.0 -999.0 -1 -999 {-999.0 -999.0 -999.0 -999.0 -999.0} "" -999.0 -999.0 -999.0 -999.0 -999 -999 "" "" "" "" 0 0 0.0 0.0 -999 ""
FIBERMAP 1342 R+2C4 APOGEE 0 0 0 1 0 0 -198.2509482108981 60.360451144766344 143.1 -142.5541067288915 150.43808433582547 156.4622 18.898207 -999.0 -999.0 -999.0 -999.0 -999.0 289.2329303301384 9.128072810887826 289.2125184714544 9.183613486569046 66.31214239296254 185.9271101843094 -999.0 16600.0 -999.0 2 -999 {-999.0 -999.0 -999.0 -999.0 -999.0} "" -999.0 -999.0 -999.0 -999.0 -999 -999 "" "" "" "" 0 0 0.0 0.0 -999 ""
FIBERMAP 1342 R+2C4 BOSS 1 1 0 1 0 0 -197.5204904848282 60.316707260518875 143.1 -141.94059192637502 150.03913289679386 156.4622 18.898207 289.2356872558594 9.126226371428231 -999.0 -999.0 -999.0 289.2356872558594 9.126226371428231 289.2152882208251 9.181863438954414 66.31063947214932 185.9199482114005 5400.0 5400.0 2015.5 1 35 {-999.0 -999.0 -999.0 -999.0 -999.0} "" -999.0 -999.0 -999.0 -999.0 27021603150998995 852978625 "" ops_sky_boss_fallback ops_sky sky_boss 0 0 0.0 0.0 -999 ""
FIBERMAP 1342 R+2C4 METROLOGY 0 0 0 1 0 0 -197.91951731581707 59.692008520229585 143.1 -142.5962045825764 149.69311884153896 156.4622 18.898207 -999.0 -999.0 -999.0 -999.0 -999.0 289.2326876516671 9.12467145626479 289.2122901443148 9.180276076939197 66.3087980926462 185.92693838985915 -999.0 6231.0 -999.0 -1 -999 {-999.0 -999.0 -999.0 -999.0 -999.0} "" -999.0 -999.0 -999.0 -999.0 -999 -999 "" "" "" "" 0 0 0.0 0.0 -999 ""
FIBERMAP 1345 R-1C16 APOGEE 1 1 0 1 0 0 50.30168706417831 -8.013381573907989 143.1 39.77762530422987 -31.821459322350865 113.182236 119.66657 290.06898798828524 8.2990417476025 -2.9854484 -5.5372715 0.01618339 290.068979006204 8.29902526250836 290.0506842241324 8.35676118224925 65.54680787374213 183.75563940648684 16000.0 16600.0 2016.0 2 231 {-999.0 21.423874 18.657446 16.166145 -999.0} sdss_psfmag_ps1 19.932583 16.66975 15.166747 10.849 63050395674911165 1154163120 bright_1x1 mwm_galactic_core_dist_apogee_sparse mwm_galactic science 0 0 0.0 0.0 -999 ""
FIBERMAP 1345 R-1C16 BOSS 0 0 0 1 0 0 50.75506892438795 -7.415565943368032 143.1 40.46721648039273 -31.52567657979418 113.182236 119.66657 -999.0 -999.0 -999.0 -999.0 -999.0 290.07217367550385 8.300253486708565 290.0538810224469 8.358089801550285 65.5483103424954 183.74818867824845 -999.0 5400.0 -999.0 1 281 {-999.0 -999.0 -999.0 -999.0 -999.0} "" -999.0 -999.0 -999.0 -999.0 -999 -999 "" "" "" "" 0 0 0.0 0.0 -999 ""
FIBERMAP 1345 R-1C16 METROLOGY 0 0 0 1 0 0 51.04998983724785 -8.103228330368253 143.1 40.38387701022718 -32.26931409486733 113.182236 119.66657 -999.0 -999.0 -999.0 -999.0 -999.0 290.0717765087174 8.296897169663707 290.0534908092379 8.354706791593006 65.54491110740753 183.74866579363405 -999.0 6231.0 -999.0 -1 -999 {-999.0 -999.0 -999.0 -999.0 -999.0} "" -999.0 -999.0 -999.0 -999.0 -999 -999 "" "" "" "" 0 0 0.0 0.0 -999 ""
FIBERMAP 1346 R+3C6 APOGEE 0 0 0 1 0 0 -150.37872908831017 76.49897239005406 143.1 -92.95552493653383 140.81694657206864 148.72337 64.86051 -999.0 -999.0 -999.0 -999.0 -999.0 289.4601494188704 9.08512512951397 289.43985356705093 9.141233225567708 66.28871273087194 185.3618612066842 -999.0 16600.0 -999.0 2 -999 {-999.0 -999.0 -999.0 -999.0 -999.0} "" -999.0 -999.0 -999.0 -999.0 -999 -999 "" "" "" "" 0 0 0.0 0.0 -999 ""
FIBERMAP 1346 R+3C6 BOSS 1 1 0 1 0 0 -149.77144664146064 76.90525980325201 143.1 -92.22675151712014 140.8701550120894 148.72337 64.86051 289.4635177863569 9.085400690690644 -19.269573 -24.563576 0.85174435 289.4634596897575 9.085327562096252 289.44317050394784 9.141533244653232 66.2892722324483 185.35380273177452 5400.0 5400.0 2016.0 1 39 {-999.0 16.469587 15.469732 14.984749 -999.0} sdss_psfmag_ps1 16.090107 15.413818 14.608787 13.059 63050395675385308 1072777798 bright_1x1 mwm_halo_local_high_boss_single mwm_halo science 0 0 0.0 0.0 -999 ""
FIBERMAP 1346 R+3C6 METROLOGY 0 0 0 1 0 0 -149.70514136673555 76.17812731551544 143.1 -92.52837290306287 140.2051566103465 148.72337 64.86051 -999.0 -999.0 -999.0 -999.0 -999.0 289.4620695911805 9.082332762104546 289.44178605589485 9.13851015071292 66.28615005957091 185.35659319817492 -999.0 6231.0 -999.0 -1 -999 {-999.0 -999.0 -999.0 -999.0 -999.0} "" -999.0 -999.0 -999.0 -999.0 -999 -999 "" "" "" "" 0 0 0.0 0.0 -999 ""
FIBERMAP 1349 R-5C10 APOGEE 1 1 0 1 0 0 -41.92992358179247 -94.27697404851436 143.1 -83.03970661274286 -61.255831078053134 114.354485 154.83618 289.5037367320514 8.16642497022703 -3.0631235 -6.199523 0.11745938 289.50372751936095 8.166406513534092 289.4857556149428 8.222773320805933 65.37651676556203 185.07773780699776 16000.0 16600.0 2016.0 2 289 {-999.0 19.04936 16.035355 13.97742 -999.0} sdss_psfmag_ps1 17.285189 14.309562 12.843175 8.613 63050395674685023 1156813771 bright_1x1 mwm_galactic_core_dist_apogee_extra mwm_galactic science 0 0 0.0 0.0 -999 ""
FIBERMAP 1349 R-5C10 BOSS 0 0 0 1 0 0 -41.91137650657768 -93.51967875262295 143.1 -82.64940330205286 -60.60653152590142 114.354485 154.83618 -999.0 -999.0 -999.0 -999.0 -999.0 289.5054739152211 8.169232926060225 289.4875019750054 8.225696920740516 65.379562024509 185.0741283287063 -999.0 5400.0 -999.0 1 398 {-999.0 -999.0 -999.0 -999.0 -999.0} "" -999.0 -999.0 -999.0 -999.0 -999 -999 "" "" "" "" 0 0 0.0 0.0 -999 ""
FIBERMAP 1349 R-5C10 METROLOGY 0 0 0 1 0 0 -41.278720495424544 -93.90598480102727 143.1 -82.29018515823918 -61.25501519751001 114.354485 154.83618 -999.0 -999.0 -999.0 -999.0 -999.0 289.50713155756927 8.166310952614355 289.4891649973252 8.222753071210294 65.37675011778639 185.06965818102685 -999.0 6231.0 -999.0 -1 -999 {-999.0 -999.0 -999.0 -999.0 -999.0} "" -999.0 -999.0 -999.0 -999.0 -999 -999 "" "" "" "" 0 0 0.0 0.0 -999 ""
FIBERMAP 1351 R-3C8 APOGEE 0 0 0 1 0 0 -107.02001093171936 -39.42417039268692 143.1 -112.53257341467412 18.59910971319077 157.86778 56.226856 -999.0 -999.0 -999.0 -999.0 -999.0 289.36866306071806 8.530032941195197 289.34977010385717 8.586006574424212 65.72813029712862 185.47036866314642 -999.0 16600.0 -999.0 2 -999 {-999.0 -999.0 -999.0 -999.0 -999.0} "" -999.0 -999.0 -999.0 -999.0 -999 -999 "" "" "" "" 0 0 0.0 0.0 -999 ""
FIBERMAP 1351 R-3C8 BOSS 1 1 0 1 0 0 -106.40603121816704 -38.99306319086054 143.1 -111.78571339940129 18.670589712275877 157.86778 56.226856 289.3720325232179 8.5302757144878 -0.011157651 -1.1087388 0.40670988 289.3720324896287 8.530272413644948 289.35314651171666 8.586346141844253 65.72873920423733 185.4623406507477 5400.0 5400.0 2016.0 1 469 {-999.0 18.95092 17.64139 17.018396 16.57271} sdss_psfmag_from_ps1dr2 18.4564 17.5923 16.6656 14.869 63050395675128461 1040151726 "" ops_std_boss_ps1dr2 ops_std standard_boss 0 0 0.0 0.0 -999 ""
FIBERMAP 1351 R-3C8 METROLOGY 0 0 0 1 0 0 -106.34431030643306 -39.74054144935852 143.1 -112.10137362913326 17.990165904689594 157.86778 56.226856 -999.0 -999.0 -999.0 -999.0 -999.0 289.370590079742 8.527201548048843 289.3517097333806 8.583246206187477 65.7255344174312 185.46517446510123 -999.0 6231.0 -999.0 -1 -999 {-999.0 -999.0 -999.0 -999.0 -999.0} "" -999.0 -999.0 -999.0 -999.0 -999 -999 "" "" "" "" 0 0 0.0 0.0 -999 ""
FIBERMAP 1353 R-12C3 APOGEE 0 0 0 1 0 0 -104.28458042502946 -222.53092000791992 143.1 -200.62648628860592 -141.9626463042717 53.868965 117.36917 -999.0 -999.0 -999.0 -999.0 -999.0 288.96762373853005 7.802772986087394 288.95056314608416 7.857877011098326 64.96842805243048 186.26247144481465 -999.0 16600.0 -999.0 2 -999 {-999.0 -999.0 -999.0 -999.0 -999.0} "" -999.0 -999.0 -999.0 -999.0 -999 -999 "" "" "" "" 0 0 0.0 0.0 -999 ""
FIBERMAP 1353 R-12C3 BOSS 1 1 0 1 0 0 -103.53423148025722 -222.64846380846402 143.1 -200.03214045371203 -142.43559449160182 53.868965 117.36917 288.97030916398774 7.800531610866073 -3.0161302 -5.853459 0.119124524 288.97030010075576 7.8005141844457375 288.9532541889441 7.855720201259815 64.96652719827459 186.25572682006535 5400.0 5400.0 2016.0 1 350 {-999.0 15.876687 14.833816 14.309338 -999.0} sdss_psfmag_from_g3xp 15.495124 14.766078 13.890889 12.324 63050395675021931 1093197344 bright_3x1 mwm_astar_core_boss mwm_ob science 0 0 0.0 0.0 -999 ""
FIBERMAP 1353 R-12C3 METROLOGY 0 0 0 1 0 0 -104.01083827133091 -223.22498572080326 143.1 -200.7314044184333 -142.70138712688535 53.868965 117.36917 -999.0 -999.0 -999.0 -999.0 -999.0 288.9671468197304 7.799366686290434 288.95010122165127 7.8545381803474426 64.96506119493617 186.2628175556646 -999.0 6231.0 -999.0 -1 -999 {-999.0 -999.0 -999.0 -999.0 -999.0} "" -999.0 -999.0 -999.0 -999.0 -999 -999 "" "" "" "" 0 0 0.0 0.0 -999 ""
FIBERMAP 1354 R+3C8 APOGEE 0 0 0 1 0 0 -94.4728961129952 37.122536609256954 143.1 -63.80149583661667 78.95651762370768 1.8445641 22.323061 -999.0 -999.0 -999.0 -999.0 -999.0 289.59329714045714 8.804465806050727 289.5737157721292 8.860947969993553 66.01940060797239 184.9825776936361 -999.0 16600.0 -999.0 2 -999 {-999.0 -999.0 -999.0 -999.0 -999.0} "" -999.0 -999.0 -999.0 -999.0 -999 -999 "" "" "" "" 0 0 0.0 0.0 -999 ""
FIBERMAP 1354 R+3C8 BOSS 1 1 0 1 0 0 -95.17847695341426 36.82152141472677 143.1 -64.56372449802728 79.04341159362751 1.8445641 22.323061 289.58975114693294 8.804820429357461 0.30489638 -3.1652892 1.0494728 289.589752065469 8.804811005927611 289.57017633743095 8.86137502797662 66.01956777089589 184.99123677101733 5400.0 5400.0 2016.0 1 52 {-999.0 16.518404 15.476759 15.244545 -999.0} sdss_psfmag_ps1 16.113358 15.500004 14.745157 -999.0 63050395675300523 945748768 bright_1x1 openfibertargets_nov2020_8 open_fiber science 0 0 0.0 0.0 -999 ""
FIBERMAP 1354 R+3C8 METROLOGY 0 0 0 1 0 0 -95.07907772466025 37.55751457903355 143.1 -64.11364604089079 79.63424033022858 1.8445641 22.323061 -999.0 -999.0 -999.0 -999.0 -999.0 289.59183836432123 8.807514478508088 289.57225412093305 8.864057481936307 66.02239481428535 184.98668735888964 -999.0 6231.0 -999.0 -1 -999 {-999.0 -999.0 -999.0 -999.0 -999.0} "" -999.0 -999.0 -999.0 -999.0 -999 -999 "" "" "" "" 0 0 0.0 0.0 -999 ""
FIBERMAP 1355 R0C10 APOGEE 0 0 0 1 0 0 -71.36001865968336 -1.44522592940441 143.1 -62.7611770393937 34.002100440389896 36.424076 70.91387 -999.0 -999.0 -999.0 -999.0 -999.0 289.59759144990716 8.599910681725477 289.57852719183563 8.656437076574324 65.81579309063872 184.934099809295 -999.0 16600.0 -999.0 2 -999 {-999.0 -999.0 -999.0 -999.0 -999.0} "" -999.0 -999.0 -999.0 -999.0 -999 -999 "" "" "" "" 0 0 0.0 0.0 -999 ""
FIBERMAP 1355 R0C10 BOSS 1 1 0 1 0 0 -71.12739598927409 -2.1539253381753998 143.1 -62.909078760308425 33.27095269066312 36.424076 70.91387 289.59686279296875 8.596508934334949 -999.0 -999.0 -999.0 289.5968627929688 8.596508934334949 289.57781397640855 8.653125607861249 65.81243890332075 184.93522500958946 5400.0 5400.0 2015.5 1 491 {-999.0 -999.0 -999.0 -999.0 -999.0} "" -999.0 -999.0 -999.0 -999.0 27021603150997281 851825739 "" ops_sky_boss_fallback ops_sky sky_boss 0 0 0.0 0.0 -999 ""
FIBERMAP 1355 R0C10 METROLOGY 0 0 0 1 0 0 -71.86567282848571 -1.9938385815412332 143.1 -63.47190766003716 33.77492693435949 36.424076 70.91387 -999.0 -999.0 -999.0 -999.0 -999.0 289.59428560106915 8.598829788099604 289.5752288656 8.655413789643283 65.81453381441918 184.94185482447475 -999.0 6231.0 -999.0 -1 -999 {-999.0 -999.0 -999.0 -999.0 -999.0} "" -999.0 -999.0 -999.0 -999.0 -999 -999 "" "" "" "" 0 0 0.0 0.0 -999 ""
FIBERMAP 1356 R+8C9 APOGEE 0 0 0 1 0 0 -14.964727513702503 158.82228103961506 143.1 65.46175037858107 145.48900970153338 338.0815 156.01959 -999.0 -999.0 -999.0 -999.0 -999.0 290.1892315879527 9.104877766053939 290.1689105952098 9.162776250268603 66.35798695703303 183.576929067079 -999.0 16600.0 -999.0 2 -999 {-999.0 -999.0 -999.0 -999.0 -999.0} "" -999.0 -999.0 -999.0 -999.0 -999 -999 "" "" "" "" 0 0 0.0 0.0 -999 ""
FIBERMAP 1356 R+8C9 BOSS 1 1 0 1 0 0 -14.427313629436354 158.2633688530552 143.1 65.6528720397178 144.73750483159873 338.0815 156.01959 290.19012451171875 9.101433984275573 -999.0 -999.0 -999.0 290.19012451171875 9.101433984275571 290.16981712524813 9.159424544905331 66.35468751995732 183.57425688705467 5400.0 5400.0 2015.5 1 123 {-999.0 -999.0 -999.0 -999.0 -999.0} "" -999.0 -999.0 -999.0 -999.0 27021603150998127 852140367 "" ops_sky_boss_fallback ops_sky sky_boss 0 0 0.0 0.0 -999 ""
FIBERMAP 1356 R+8C9 METROLOGY 0 0 0 1 0 0 -15.162044606100643 158.10274789544494 143.1 64.93466577628948 144.96087369727928 338.0815 156.01959 -999.0 -999.0 -999.0 -999.0 -999.0 290.1868197614087 9.102477821129735 290.16650819070827 9.160434781392295 66.35552266947107 183.58252421146722 -999.0 6231.0 -999.0 -1 -999 {-999.0 -999.0 -999.0 -999.0 -999.0} "" -999.0 -999.0 -999.0 -999.0 -999 -999 "" "" "" "" 0 0 0.0 0.0 -999 ""
FIBERMAP 1357 R+3C5 APOGEE 1 1 0 1 0 0 -151.4113688433211 53.67926027917366 143.1 -105.12853233359357 121.48557094897548 16.770538 80.41865 289.4039116974133 8.99752257266426 -2.3682709 -6.156119 0.051397987 289.403904558961 8.997504245190362 289.38382912015294 9.053488008147944 66.19680089749892 185.48120818794888 16000.0 16600.0 2016.0 2 148 {-999.0 22.08105 18.649876 16.06968 -999.0} sdss_psfmag_ps1 19.982471 16.406923 14.8357315 10.082 63050395675382497 1154164996 bright_1x1 mwm_galactic_core_dist_apogee_sparse mwm_galactic science 0 0 0.0 0.0 -999 ""
FIBERMAP 1357 R+3C5 BOSS 0 0 0 1 0 0 -151.31081423104104 52.93881621260773 143.1 -105.40695133242234 120.79207574326837 16.770538 80.41865 -999.0 -999.0 -999.0 -999.0 -999.0 289.40256851148655 8.994313335743858 289.38250848508653 9.050384157871722 66.19360124230165 185.4838029072623 -999.0 5400.0 -999.0 1 40 {-999.0 -999.0 -999.0 -999.0 -999.0} "" -999.0 -999.0 -999.0 -999.0 -999 -999 "" "" "" "" 0 0 0.0 0.0 -999 ""
FIBERMAP 1357 R+3C5 METROLOGY 0 0 0 1 0 0 -151.99913536045113 53.22105973907925 143.1 -105.86598685217697 121.37758161800015 16.770538 80.41865 -999.0 -999.0 -999.0 -999.0 -999.0 289.4004803898764 8.996981250154036 289.3804114404127 9.053021021397267 66.19606075109905 185.4894485315626 -999.0 6231.0 -999.0 -1 -999 {-999.0 -999.0 -999.0 -999.0 -999.0} "" -999.0 -999.0 -999.0 -999.0 -999 -999 "" "" "" "" 0 0 0.0 0.0 -999 ""
FIBERMAP 1358 R-3C14 APOGEE 1 1 0 1 0 0 40.13738387498729 -43.56705968455361 143.1 13.372888371641604 -57.713019506711916 88.6276 91.836334 289.94712565047274 8.181464923680396 -2.3261344 -5.492364 -0.18077254 289.94711865409636 8.181448572281296 289.9291170084653 8.238904466043564 65.42220831685697 184.02868226153262 16000.0 16600.0 2016.0 2 215 {-999.0 21.821547 18.63372 16.373331 -999.0} sdss_psfmag_ps1 19.880997 16.817701 15.3318615 10.768 63050395674906546 1154163108 bright_1x1 mwm_galactic_core_dist_apogee_sparse mwm_galactic science 0 0 0.0 0.0 -999 ""
FIBERMAP 1358 R-3C14 BOSS 0 0 0 1 0 0 40.88354580392446 -43.54678497923872 143.1 14.031689224864055 -58.06406656399598 88.6276 91.836334 -999.0 -999.0 -999.0 -999.0 -999.0 289.9501470741825 8.179718277508806 289.9321553936013 8.237275181003914 65.42076126872485 184.0212318543181 -999.0 5400.0 -999.0 1 264 {-999.0 -999.0 -999.0 -999.0 -999.0} "" -999.0 -999.0 -999.0 -999.0 -999 -999 "" "" "" "" 0 0 0.0 0.0 -999 ""
FIBERMAP 1358 R-3C14 METROLOGY 0 0 0 1 0 0 40.53153015399883 -44.205569672739955 143.1 13.400110760189696 -58.4629461923276 88.6276 91.836334 -999.0 -999.0 -999.0 -999.0 -999.0 289.9472360002419 8.177942067051283 289.929247142644 8.235465679769236 65.41878335296312 184.02787956566277 -999.0 6231.0 -999.0 -1 -999 {-999.0 -999.0 -999.0 -999.0 -999.0} "" -999.0 -999.0 -999.0 -999.0 -999 -999 "" "" "" "" 0 0 0.0 0.0 -999 ""
FIBERMAP 1359 R-7C12 APOGEE 1 1 0 1 0 0 47.569356961794426 -132.0354398285039 143.1 -23.876949056439578 -138.30784054342345 27.185701 105.8815 289.77507618795875 7.815746455426244 -2.240373 -5.0263305 0.046096593 289.7750694555707 7.815731491462353 289.75798462795706 7.872825064219291 65.04629010576683 184.37798929429772 16000.0 16600.0 2016.0 2 161 {-999.0 19.322577 16.467579 14.855958 -999.0} sdss_psfmag_ps1 17.67327 15.375038 14.014702 10.175 63050395674572899 1156814372 bright_1x1 mwm_galactic_core_dist_apogee_extra mwm_galactic science 0 0 0.0 0.0 -999 ""
FIBERMAP 1359 R-7C12 BOSS 0 0 0 1 0 0 48.06368756073379 -132.57538849889352 143.1 -23.71391824467733 -139.02156946451223 27.185701 105.8815 -999.0 -999.0 -999.0 -999.0 -999.0 289.775796226568 7.812344401965396 289.7587260762292 7.869535203498752 65.0430547417631 184.3757468279185 -999.0 5400.0 -999.0 1 381 {-999.0 -999.0 -999.0 -999.0 -999.0} "" -999.0 -999.0 -999.0 -999.0 -999 -999 "" "" "" "" 0 0 0.0 0.0 -999 ""
FIBERMAP 1359 R-7C12 METROLOGY 0 0 0 1 0 0 47.34686007839673 -132.74736450893653 143.1 -24.4221680186277 -138.81691979580248 27.185701 105.8815 -999.0 -999.0 -999.0 -999.0 -999.0 289.77255064733356 7.813318341309051 289.7554762536718 7.87047410180343 65.04378298287023 184.38350473860706 -999.0 6231.0 -999.0 -1 -999 {-999.0 -999.0 -999.0 -999.0 -999.0} "" -999.0 -999.0 -999.0 -999.0 -999 -999 "" "" "" "" 0 0 0.0 0.0 -999 ""
FIBERMAP 1362 R-12C4 APOGEE 0 0 0 1 0 0 -98.0686081051312 -226.50182747846443 143.1 -197.18374704201236 -148.48661430054324 121.019 137.12502 -999.0 -999.0 -999.0 -999.0 -999.0 288.9834024981633 7.773264452247015 288.96641658080375 7.82841240214483 64.94053830464077 186.21910913790376 -999.0 16600.0 -999.0 2 -999 {-999.0 -999.0 -999.0 -999.0 -999.0} "" -999.0 -999.0 -999.0 -999.0 -999 -999 "" "" "" "" 0 0 0.0 0.0 -999 ""
FIBERMAP 1362 R-12C4 BOSS 1 1 0 1 0 0 -97.91839297781887 -225.76578821469283 143.1 -196.68946169673075 -147.9208534241345 121.019 137.12502 288.9856024147066 7.775748608141586 -1.3021774 -19.799126 1.8098177 288.98559850199854 7.775689663867547 288.9686149364379 7.8309377764820045 64.94325316396508 186.21453706412026 5400.0 5400.0 2016.0 1 351 {-999.0 19.364363 17.60821 16.849058 -999.0} sdss_psfmag_ps1 18.584396 17.354431 16.299568 14.02 63050395673758269 1096362655 bright_1x1 mwm_bin_vis_boss mwm_filler science 0 0 0.0 0.0 -999 ""
FIBERMAP 1362 R-12C4 METROLOGY 0 0 0 1 0 0 -97.36082641760811 -226.26580404039368 143.1 -196.45171693880732 -148.6311056323386 121.019 137.12502 -999.0 -999.0 -999.0 -999.0 -999.0 288.9867022715828 7.772512014679692 288.96972462536525 7.827736407643112 64.94016632213044 186.2112579285686 -999.0 6231.0 -999.0 -1 -999 {-999.0 -999.0 -999.0 -999.0 -999.0} "" -999.0 -999.0 -999.0 -999.0 -999 -999 "" "" "" "" 0 0 0.0 0.0 -999 ""
FIBERMAP 1363 R-6C13 APOGEE 0 0 0 1 0 0 43.629969589840336 -104.29363675979144 143.1 -13.595102062654473 -112.24007736253145 90.200264 122.35843 -999.0 -999.0 -999.0 -999.0 -999.0 289.82250186478376 7.933839780229136 289.8051206867248 7.991030362807357 65.1672458358151 184.28531518453258 -999.0 16600.0 -999.0 2 -999 {-999.0 -999.0 -999.0 -999.0 -999.0} "" -999.0 -999.0 -999.0 -999.0 -999 -999 "" "" "" "" 0 0 0.0 0.0 -999 ""
FIBERMAP 1363 R-6C13 BOSS 1 1 0 1 0 0 44.25088901578292 -103.88856008893494 143.1 -12.855069597190228 -112.19465963533565 90.200264 122.35843 289.8258934631162 7.933909078458627 -1.1374899 -5.999671 0.7659313 289.8258900439496 7.933891216748137 289.8085147093211 7.991184489172059 65.16761270743584 184.277351574867 5400.0 5400.0 2016.0 1 380 {-999.0 17.928213 16.51963 16.046999 -999.0} sdss_psfmag_ps1 17.31915 16.519667 15.373587 13.358 63050395674649894 980289853 "" ops_std_boss_red ops_std standard_boss 0 0 0.0 0.0 -999 ""
FIBERMAP 1363 R-6C13 METROLOGY 0 0 0 1 0 0 44.29595710362597 -104.62997381096692 143.1 -13.182212890105696 -112.86158226850918 90.200264 122.35843 -999.0 -999.0 -999.0 -999.0 -999.0 289.82438332646416 7.930903379549399 289.8070138958795 7.988166699690874 65.16450682511633 184.28042783060678 -999.0 6231.0 -999.0 -1 -999 {-999.0 -999.0 -999.0 -999.0 -999.0} "" -999.0 -999.0 -999.0 -999.0 -999 -999 "" "" "" "" 0 0 0.0 0.0 -999 ""
FIBERMAP 1364 R+13C6 APOGEE 1 1 0 1 0 0 -13.496819680634095 251.49902299390806 143.1 112.52931507159708 225.34557787171022 52.371952 51.14056 290.4052560171384 9.463033804456959 -3.252001 -5.1732154 0.30605462 290.4052462019921 9.463018403199689 290.3840301362952 9.521388432080306 66.72667777348079 183.0889776157266 16000.0 16600.0 2016.0 2 105 {-999.0 20.473656 17.510733 14.883526 -999.0} sdss_psfmag_ps1 18.9922 15.358355 13.827354 9.237 63050395676120631 1154166055 bright_1x1 mwm_galactic_core_dist_apogee_sparse mwm_galactic science 0 0 0.0 0.0 -999 ""
FIBERMAP 1364 R+13C6 BOSS 0 0 0 1 0 0 -13.336855414011321 250.77751573709048 143.1 112.31190900714105 224.6391940197139 52.371952 51.14056 -999.0 -999.0 -999.0 -999.0 -999.0 290.4042618580771 9.459796154186131 290.38305798392366 9.518252078348164 66.72350067226185 183.09103643732323 -999.0 5400.0 -999.0 1 84 {-999.0 -999.0 -999.0 -999.0 -999.0} "" -999.0 -999.0 -999.0 -999.0 -999 -999 "" "" "" "" 0 0 0.0 0.0 -999 ""
FIBERMAP 1364 R+13C6 METROLOGY 0 0 0 1 0 0 -14.044619972169585 250.9871431205352 143.1 111.80008818415725 225.17116753032843 52.371952 51.14056 -999.0 -999.0 -999.0 -999.0 -999.0 290.4019140442375 9.46221945620982 290.38070279462136 9.520644341999624 66.7257835048483 183.09718698395113 -999.0 6231.0 -999.0 -1 -999 {-999.0 -999.0 -999.0 -999.0 -999.0} "" -999.0 -999.0 -999.0 -999.0 -999 -999 "" "" "" "" 0 0 0.0 0.0 -999 ""
FIBERMAP 1365 R+12C3 APOGEE 0 0 0 1 0 0 -108.06876239328061 246.9476873554296 143.1 28.050796077342987 268.11585899887154 87.05981 102.98677 -999.0 -999.0 -999.0 -999.0 -999.0 290.01798271735436 9.656684905994547 289.99625976118915 9.714072842059537 66.89869313643752 184.0847168406432 -999.0 16600.0 -999.0 2 -999 {-999.0 -999.0 -999.0 -999.0 -999.0} "" -999.0 -999.0 -999.0 -999.0 -999 -999 "" "" "" "" 0 0 0.0 0.0 -999 ""
FIBERMAP 1365 R+12C3 BOSS 1 1 0 1 0 0 -107.3406400430753 247.09326789497985 143.1 28.755824767089507 267.8826778797477 87.05981 102.98677 290.0212097167969 9.655549305904273 -999.0 -999.0 -999.0 290.0212097167969 9.655549305904273 289.9994952180419 9.713032344207223 66.89784815191457 184.0764432099788 5400.0 5400.0 2015.5 1 94 {-999.0 -999.0 -999.0 -999.0 -999.0} "" -999.0 -999.0 -999.0 -999.0 27021603151006563 852980143 "" ops_sky_boss_fallback ops_sky sky_boss 0 0 0.0 0.0 -999 ""
FIBERMAP 1365 R+12C3 METROLOGY 0 0 0 1 0 0 -107.57706624531468 246.38653062278954 143.1 28.20105742683108 267.38499147064744 87.05981 102.98677 -999.0 -999.0 -999.0 -999.0 -999.0 290.0186642593801 9.653368922941981 289.99695358261624 9.710821415155575 66.89548926171568 184.08247377494362 -999.0 6231.0 -999.0 -1 -999 {-999.0 -999.0 -999.0 -999.0 -999.0} "" -999.0 -999.0 -999.0 -999.0 -999 -999 "" "" "" "" 0 0 0.0 0.0 -999 ""
FIBERMAP 1369 R-1C18 APOGEE 1 1 0 1 0 0 95.22811404739693 -36.45085453424243 143.1 64.79002874980958 -78.74564452629707 285.6843 78.71769 290.1832086728767 8.085211180039234 -3.0362144 -6.7053437 0.15281403 290.1831995429665 8.085191217459753 290.1654443595415 8.143243279958254 65.33966293489127 183.4553002576073 16000.0 16600.0 2016.0 2 217 {-999.0 17.713991 15.012151 14.512406 -999.0} sdss_psfmag_ps1 16.283434 14.011489 12.652673 8.969 63050395674762477 1156814117 bright_1x1 mwm_galactic_core_dist_apogee_extra mwm_galactic science 0 0 0.0 0.0 -999 ""
FIBERMAP 1369 R-1C18 BOSS 0 0 0 1 0 0 94.49101309526532 -36.48383738828794 143.1 64.13282731181806 -78.41012412039187 285.6843 78.71769 -999.0 -999.0 -999.0 -999.0 -999.0 290.1802131434047 8.086591720256909 290.1624592114898 8.144729874007837 65.3409961338497 183.4625559488632 -999.0 5400.0 -999.0 1 295 {-999.0 -999.0 -999.0 -999.0 -999.0} "" -999.0 -999.0 -999.0 -999.0 -999 -999 "" "" "" "" 0 0 0.0 0.0 -999 ""
FIBERMAP 1369 R-1C18 METROLOGY 0 0 0 1 0 0 94.82082151578712 -35.81412244258077 143.1 64.75049732370672 -77.99076819703508 285.6843 78.71769 -999.0 -999.0 -999.0 -999.0 -999.0 290.18305440526643 8.088525765082355 290.1652942895884 8.14664402545507 65.34305161712778 183.45607303687845 -999.0 6231.0 -999.0 -1 -999 {-999.0 -999.0 -999.0 -999.0 -999.0} "" -999.0 -999.0 -999.0 -999.0 -999 -999 "" "" "" "" 0 0 0.0 0.0 -999 ""
FIBERMAP 1370 R0C23 APOGEE 1 1 0 1 0 0 214.14765761568287 -4.599537255438879 143.1 183.92745434672239 -109.80881743923804 341.8702 116.31346 290.727292880541 7.943460155661111 -4.1942196 -5.937931 0.080904 290.7272802728961 7.943442477757292 290.7098909444662 8.00285239398544 65.22178651854388 182.1533769806352 16000.0 16600.0 2016.0 2 89 {-999.0 17.051577 15.06064 14.015953 -999.0} sdss_psfmag_ps1 16.038479 14.529047 13.334851 10.344 63050395663006573 1154145197 bright_1x1 mwm_galactic_core_dist_apogee_sparse mwm_galactic science 0 0 0.0 0.0 -999 ""
FIBERMAP 1370 R0C23 BOSS 0 0 0 1 0 0 214.1353129001568 -5.335886533905397 143.1 183.55289329758457 -110.44296912082454 341.8702 116.31346 -999.0 -999.0 -999.0 -999.0 -999.0 290.7255864321751 7.940456933448463 290.7082075217567 7.999957465067401 65.2188398329659 182.15713157118415 -999.0 5400.0 -999.0 1 245 {-999.0 -999.0 -999.0 -999.0 -999.0} "" -999.0 -999.0 -999.0 -999.0 -999 -999 "" "" "" "" 0 0 0.0 0.0 -999 ""
FIBERMAP 1370 R0C23 METROLOGY 0 0 0 1 0 0 213.48620687020951 -4.954194649661678 143.1 183.17709212275503 -109.7903695444076 341.8702 116.31346 -999.0 -999.0 -999.0 -999.0 -999.0 290.723897296322 7.943441132393853 290.7065100346834 8.002910305877121 65.22173738243723 182.16136550753026 -999.0 6231.0 -999.0 -1 -999 {-999.0 -999.0 -999.0 -999.0 -999.0} "" -999.0 -999.0 -999.0 -999.0 -999 -999 "" "" "" "" 0 0 0.0 0.0 -999 ""
FIBERMAP 1372 R-11C10 APOGEE 1 1 0 1 0 0 33.30562178461357 -203.5674087238274 143.1 -71.62285431245208 -193.4567889501693 62.11883 142.53352 289.5562446373604 7.567369744917167 -2.3617382 -2.739051 0.40780964 289.55623754441973 7.567361590446982 289.5397748914178 7.623957800984676 64.78324638144296 184.84673204153617 16000.0 16600.0 2016.0 2 157 {-999.0 15.786189 13.577236 12.49523 -999.0} sdss_psfmag_from_g3xp 14.658431 13.159804 11.987363 9.064 63050395674525720 1152366219 bright_1x1 mwm_galactic_core_dist_apogee_sparse mwm_galactic science 0 0 0.0 0.0 -999 ""
FIBERMAP 1372 R-11C10 BOSS 0 0 0 1 0 0 33.98358788288189 -203.2544326851797 143.1 -70.87872669126152 -193.51963870014148 62.11883 142.53352 -999.0 -999.0 -999.0 -999.0 -999.0 289.55961610038065 7.5669225938034455 289.5431615535661 7.623623152596987 64.7831530125411 184.8388170311324 -999.0 5400.0 -999.0 1 362 {-999.0 -999.0 -999.0 -999.0 -999.0} "" -999.0 -999.0 -999.0 -999.0 -999 -999 "" "" "" "" 0 0 0.0 0.0 -999 ""
FIBERMAP 1372 R-11C10 METROLOGY 0 0 0 1 0 0 33.9237444932002 -203.99651485315826 143.1 -71.29742014383942 -194.13530617846732 62.11883 142.53352 -999.0 -999.0 -999.0 -999.0 -999.0 289.55771056597655 7.564195962736114 289.5412608977183 7.620865098564681 64.78026716577884 184.84276375344328 -999.0 6231.0 -999.0 -1 -999 {-999.0 -999.0 -999.0 -999.0 -999.0} "" -999.0 -999.0 -999.0 -999.0 -999 -999 "" "" "" "" 0 0 0.0 0.0 -999 ""
FIBERMAP 1373 R-9C2 APOGEE 0 0 0 1 0 0 -155.21245540753497 -157.52747139495395 143.1 -212.79000142737965 -60.279277887431334 121.13627 31.632496 -999.0 -999.0 -999.0 -999.0 -999.0 288.91085335335634 8.172343315559665 288.8928573955905 8.227245557787292 65.33076808387895 186.48066326907124 -999.0 16600.0 -999.0 2 -999 {-999.0 -999.0 -999.0 -999.0 -999.0} "" -999.0 -999.0 -999.0 -999.0 -999 -999 "" "" "" "" 0 0 0.0 0.0 -999 ""
FIBERMAP 1373 R-9C2 BOSS 1 1 0 1 0 0 -154.552957337643 -157.84828874221515 143.1 -212.37508655925697 -60.88408209681938 121.13627 31.632496 288.9126966768829 8.169503362772856 -0.65143615 -3.3126233 0.41089335 288.91269471759983 8.169493500712449 288.89471505286923 8.224494185171807 65.32820561381834 186.47564709911563 5400.0 5400.0 2016.0 1 490 {-999.0 18.589136 17.318413 16.720938 16.286146} sdss_psfmag_from_ps1dr2 18.076 17.2699 16.3186 -999.0 63050395675065945 1040151568 "" ops_std_boss_ps1dr2 ops_std standard_boss 0 0 0.0 0.0 -999 ""
FIBERMAP 1373 R-9C2 METROLOGY 0 0 0 1 0 0 -155.17414362053233 -158.27258493495202 143.1 -213.1248473483026 -60.94607922681485 121.13627 31.632496 -999.0 -999.0 -999.0 -999.0 -999.0 288.90930479129105 8.169250808366588 288.8913231613408 8.22421667313785 65.32760751965539 186.4835883203766 -999.0 6231.0 -999.0 -1 -999 {-999.0 -999.0 -999.0 -999.0 -999.0} "" -999.0 -999.0 -999.0 -999.0 -999 -999 "" "" "" "" 0 0 0.0 0.0 -999 ""
FIBERMAP 1374 R-5C8 APOGEE 0 0 0 1 0 0 -87.7019681416178 -102.93278480489002 143.1 -127.11502060016852 -46.16621097941893 191.91643 136.12665 -999.0 -999.0 -999.0 -999.0 -999.0 289.3015583060372 8.235490762267718 289.2834085542483 8.291347539851786 65.4290899817086 185.57032592174605 -999.0 16600.0 -999.0 2 -999 {-999.0 -999.0 -999.0 -999.0 -999.0} "" -999.0 -999.0 -999.0 -999.0 -999 -999 "" "" "" "" 0 0 0.0 0.0 -999 ""
FIBERMAP 1374 R-5C8 BOSS 1 1 0 1 0 0 -88.34211773185939 -102.54529391807546 143.1 -127.48016894063036 -45.512994549014046 191.91643 136.12665 289.29984274520217 8.23837932450154 -6.1767187 -9.092218 0.88134587 289.299824164659 8.238352255921333 289.28167479122357 8.294297374179079 65.43188817631685 185.57502358908624 5400.0 5400.0 2016.0 1 463 {-999.0 16.58053 15.476037 14.99703 -999.0} sdss_psfmag_ps1 16.148542 15.391183 14.525061 12.784 63050395675088271 980289899 "" ops_std_boss_red ops_std standard_boss 0 0 0.0 0.0 -999 ""
FIBERMAP 1374 R-5C8 METROLOGY 0 0 0 1 0 0 -87.6849600013513 -102.18688085418559 143.1 -126.7316838045277 -45.526055749751755 191.91643 136.12665 -999.0 -999.0 -999.0 -999.0 -999.0 289.30326510727275 8.238315459347808 289.285113823094 8.294242678489601 65.43211440543942 185.5668555554519 -999.0 6231.0 -999.0 -1 -999 {-999.0 -999.0 -999.0 -999.0 -999.0} "" -999.0 -999.0 -999.0 -999.0 -999 -999 "" "" "" "" 0 0 0.0 0.0 -999 ""
FIBERMAP 1376 R+4C13 APOGEE 0 0 0 1 0 0 27.00048092793302 98.24916076738936 143.1 72.021290691241 72.08620412782606 140.6397 37.1406 -999.0 -999.0 -999.0 -999.0 -999.0 290.2187620037831 8.771622426610772 290.1992819609512 8.829648127780244 66.02688088919193 183.4596013981678 -999.0 16600.0 -999.0 2 -999 {-999.0 -999.0 -999.0 -999.0 -999.0} "" -999.0 -999.0 -999.0 -999.0 -999 -999 "" "" "" "" 0 0 0.0 0.0 -999 ""
FIBERMAP 1376 R+4C13 BOSS 1 1 0 1 0 0 27.73747882770705 98.23750053944471 143.1 72.656344547783 71.711917755085 140.6397 37.1406 290.2217102050781 8.769851596131232 -999.0 -999.0 -999.0 290.2217102050781 8.769851596131232 290.2022394987209 8.827975555942771 66.02536042909591 183.45220730083818 5400.0 5400.0 2015.5 1 107 {-999.0 -999.0 -999.0 -999.0 -999.0} "" -999.0 -999.0 -999.0 -999.0 27021603150994458 852977711 "" ops_sky_boss_fallback ops_sky sky_boss 0 0 0.0 0.0 -999 ""
FIBERMAP 1376 R+4C13 METROLOGY 0 0 0 1 0 0 27.35991326917072 97.59534858290195 143.1 72.01076876751715 71.34012430228222 140.6397 37.1406 -999.0 -999.0 -999.0 -999.0 -999.0 290.21873055026657 8.768192878279688 290.1992625251515 8.826284089615415 66.0235203026763 183.45922348941096 -999.0 6231.0 -999.0 -1 -999 {-999.0 -999.0 -999.0 -999.0 -999.0} "" -999.0 -999.0 -999.0 -999.0 -999 -999 "" "" "" "" 0 0 0.0 0.0 -999 ""
FIBERMAP 1378 R-3C2 APOGEE 0 0 0 1 0 0 -222.96725681497065 -72.12618732226505 143.1 -229.505931977099 47.45400347253979 350.7611 71.27312 -999.0 -999.0 -999.0 -999.0 -999.0 288.8348622243813 8.660666738397808 288.81562685478315 8.715300516584506 65.80896848085705 186.78031145971258 -999.0 16600.0 -999.0 2 -999 {-999.0 -999.0 -999.0 -999.0 -999.0} "" -999.0 -999.0 -999.0 -999.0 -999 -999 "" "" "" "" 0 0 0.0 0.0 -999 ""
FIBERMAP 1378 R-3C2 BOSS 1 1 0 1 0 0 -223.30156428763806 -72.79955425998858 143.1 -230.1293183225474 47.03369512929382 350.7611 71.27312 288.83199561577965 8.658683494087617 -1.149169 -4.1829996 0.18981384 288.83199215512946 8.658671040816715 288.8127711532638 8.713389371160256 65.806783363049 186.78669627908135 5400.0 5400.0 2016.0 1 436 {-999.0 17.759537 16.089006 15.492508 -999.0} sdss_psfmag_ps1 17.043959 15.97713 14.92602 12.82 63050395675221918 1093383771 bright_3x1 mwm_astar_core_boss mwm_ob science 0 0 0.0 0.0 -999 ""
FIBERMAP 1378 R-3C2 METROLOGY 0 0 0 1 0 0 -223.71203727543917 -72.1705048833 143.1 -230.17541113613208 47.78346283662393 350.7611 71.27312 -999.0 -999.0 -999.0 -999.0 -999.0 288.8317999938623 8.662090638584274 288.8125676352357 8.716782038740611 65.81013862185041 186.78801690043804 -999.0 6231.0 -999.0 -1 -999 {-999.0 -999.0 -999.0 -999.0 -999.0} "" -999.0 -999.0 -999.0 -999.0 -999 -999 "" "" "" "" 0 0 0.0 0.0 -999 ""
FIBERMAP 1381 R-7C10 APOGEE 1 1 0 1 0 0 -12.707360422796846 -116.51611511683979 143.1 -68.6191436076802 -95.03138515290478 140.92558 60.592464 289.56986984153406 8.012712836593833 -3.104064 -6.600796 0.3074842 289.5698605092697 8.01269318526428 289.5522771010954 8.069248529031888 65.22827192543654 184.89344195584587 16000.0 16600.0 2016.0 2 170 {-999.0 16.557451 14.157361 12.8734255 -999.0} sdss_psfmag_from_g3xp 15.28904 13.551843 12.312587 9.047 63050395674672273 1152366318 bright_1x1 mwm_galactic_core_dist_apogee_sparse mwm_galactic science 0 0 0.0 0.0 -999 ""
FIBERMAP 1381 R-7C10 BOSS 0 0 0 1 0 0 -12.013053061449064 -116.2487728019633 143.1 -67.88335480938669 -95.14198730073298 140.92558 60.592464 -999.0 -999.0 -999.0 -999.0 -999.0 289.5731996483223 8.012043637289288 289.5556248179685 8.068701337196053 65.22796610952688 184.88545744506422 -999.0 5400.0 -999.0 1 385 {-999.0 -999.0 -999.0 -999.0 -999.0} "" -999.0 -999.0 -999.0 -999.0 -999 -999 "" "" "" "" 0 0 0.0 0.0 -999 ""
FIBERMAP 1381 R-7C10 METROLOGY 0 0 0 1 0 0 -12.120229166049345 -116.98565504736091 143.1 -68.34063450374211 -95.72974656290343 140.92558 60.592464 -999.0 -999.0 -999.0 -999.0 -999.0 289.5711068030757 8.009414463742743 289.5535366192121 8.066040806597501 65.22516294358151 184.88991914916215 -999.0 6231.0 -999.0 -1 -999 {-999.0 -999.0 -999.0 -999.0 -999.0} "" -999.0 -999.0 -999.0 -999.0 -999 -999 "" "" "" "" 0 0 0.0 0.0 -999 ""
FIBERMAP 1382 R+4C14 APOGEE 0 0 0 1 0 0 22.77250467205089 76.97688538654064 143.1 57.834540541290416 55.67911888995629 252.92538 25.329807 -999.0 -999.0 -999.0 -999.0 -999.0 290.15328204287204 8.69724453581496 290.1339873032469 8.755121705541745 65.94907262491103 183.60834936300952 -999.0 16600.0 -999.0 2 -999 {-999.0 -999.0 -999.0 -999.0 -999.0} "" -999.0 -999.0 -999.0 -999.0 -999 -999 "" "" "" "" 0 0 0.0 0.0 -999 ""
FIBERMAP 1382 R+4C14 BOSS 1 1 0 1 0 0 22.639522834704962 77.71749270473153 143.1 58.08484492981249 56.388778211274655 252.92538 25.329807 290.15446711138446 8.70042298483087 0.36187816 -5.1218734 0.4300922 290.154468201279 8.700407736424806 290.13517043015577 8.758378337353241 65.9523871758885 183.6059120337803 5400.0 5400.0 2016.0 1 158 {-999.0 19.323463 17.799757 17.082144 16.55951} sdss_psfmag_from_ps1dr2 18.6512 17.7376 16.7083 14.724 63050395675002943 1040151447 "" ops_std_boss_ps1dr2 ops_std standard_boss 0 0 0.0 0.0 -999 ""
FIBERMAP 1382 R+4C14 METROLOGY 0 0 0 1 0 0 23.3490634287238 77.45042733886967 143.1 58.56983011503392 55.80598519638347 252.92538 25.329807 -999.0 -999.0 -999.0 -999.0 -999.0 290.1566896233177 8.697767422347878 290.1373971992614 8.755718115362296 65.9498484342544 183.60016999617565 -999.0 6231.0 -999.0 -1 -999 {-999.0 -999.0 -999.0 -999.0 -999.0} "" -999.0 -999.0 -999.0 -999.0 -999 -999 "" "" "" "" 0 0 0.0 0.0 -999 ""
FIBERMAP 1383 R-9C6 APOGEE 1 1 0 1 0 0 -68.80157704987403 -176.92979672057507 143.1 -147.24289092320623 -119.84476852674878 320.41568 142.66994 289.20997892042845 7.901430309824944 -1.954557 -4.259604 0.21257468 289.20997304571347 7.901417628494009 289.19266564711495 7.957103882863986 65.08851019338988 185.71750447786553 16000.0 16600.0 2016.0 2 165 {-999.0 18.495056 16.034468 14.802983 -999.0} sdss_psfmag_ps1 17.052414 15.354917 14.120506 10.836 63050395674641543 1154162756 bright_1x1 mwm_galactic_core_dist_apogee_sparse mwm_galactic science 0 0 0.0 0.0 -999 ""
FIBERMAP 1383 R-9C6 BOSS 0 0 0 1 0 0 -68.61808239474239 -177.6478376715026 143.1 -147.43812477125445 -120.55976472315655 320.41568 142.66994 -999.0 -999.0 -999.0 -999.0 -999.0 289.2090415212452 7.898056864487145 289.1917506821403 7.953835926211651 65.08517729957966 185.71899145079678 -999.0 5400.0 -999.0 1 402 {-999.0 -999.0 -999.0 -999.0 -999.0} "" -999.0 -999.0 -999.0 -999.0 -999 -999 "" "" "" "" 0 0 0.0 0.0 -999 ""
FIBERMAP 1383 R-9C6 METROLOGY 0 0 0 1 0 0 -69.3376285575641 -177.44881057260346 143.1 -147.96542718739758 -120.03118684828604 320.41568 142.66994 -999.0 -999.0 -999.0 -999.0 -999.0 289.20663892192806 7.900493607508503 289.18933961467445 7.956239529443546 65.087370135394 185.72512260186102 -999.0 6231.0 -999.0 -1 -999 {-999.0 -999.0 -999.0 -999.0 -999.0} "" -999.0 -999.0 -999.0 -999.0 -999 -999 "" "" "" "" 0 0 0.0 0.0 -999 ""
FIBERMAP 1384 R-12C6 APOGEE 0 0 0 1 0 0 -54.298849152337255 -217.92015013073706 143.1 -154.88603708505818 -162.65137119128343 156.28912 78.33485 -999.0 -999.0 -999.0 -999.0 -999.0 289.1758563104794 7.708197519415223 289.1590361079022 7.763831787133265 64.89310827718722 185.75722505965442 -999.0 16600.0 -999.0 2 -999 {-999.0 -999.0 -999.0 -999.0 -999.0} "" -999.0 -999.0 -999.0 -999.0 -999 -999 "" "" "" "" 0 0 0.0 0.0 -999 ""
FIBERMAP 1384 R-12C6 BOSS 1 1 0 1 0 0 -53.87427819031251 -217.31376259043685 143.1 -154.21726145906985 -162.33389987013885 156.28912 78.33485 289.17885852215994 7.709501503372321 -0.056428835 -4.927377 0.97937316 289.17885835263246 7.709486834003679 289.16204295554377 7.765223689906259 64.89474861201319 185.75050809787592 5400.0 5400.0 2016.0 1 403 {-999.0 16.734224 15.69588 15.376092 -999.0} sdss_psfmag_ps1 16.329391 15.698631 14.928453 13.504 63050395674619286 982160211 "" ops_std_boss_tic ops_std standard_boss 0 0 0.0 0.0 -999 ""
FIBERMAP 1384 R-12C6 METROLOGY 0 0 0 1 0 0 -53.55546812195387 -217.98376321255162 143.1 -154.27110284451072 -163.0739841309395 156.28912 78.33485 -999.0 -999.0 -999.0 -999.0 -999.0 289.1786365417103 7.7061848374746384 289.1618273243191 7.761894660990519 64.89141347890506 185.75034249548486 -999.0 6231.0 -999.0 -1 -999 {-999.0 -999.0 -999.0 -999.0 -999.0} "" -999.0 -999.0 -999.0 -999.0 -999 -999 "" "" "" "" 0 0 0.0 0.0 -999 ""
FIBERMAP 1388 R-10C8 APOGEE 0 0 0 1 0 0 -37.71857853660617 -196.64345500930466 143.1 -129.95685935005127 -152.3436649675644 206.2301 98.74458 -999.0 -999.0 -999.0 -999.0 -999.0 289.2892996252131 7.754080578437556 289.2723646624012 7.809987213168403 64.94845207198492 185.50231033582477 -999.0 16600.0 -999.0 2 -999 {-999.0 -999.0 -999.0 -999.0 -999.0} "" -999.0 -999.0 -999.0 -999.0 -999 -999 "" "" "" "" 0 0 0.0 0.0 -999 ""
FIBERMAP 1388 R-10C8 BOSS 1 1 0 1 0 0 -38.17625702813806 -196.0190924073584 143.1 -130.04631277584537 -151.57464832102818 206.2301 98.74458 289.2888446370838 7.757437631040905 -1.5227373 -4.7447305 0.18623842 289.28884006184916 7.757423505432622 289.2719045383658 7.81342360418998 64.95183994926909 185.50404419168987 5400.0 5400.0 2016.0 1 372 {-999.0 19.34991 17.837656 17.163725 -999.0} sdss_psfmag_ps1 18.628187 17.659275 16.564327 14.525 63050395674622730 980289847 "" ops_std_boss_red ops_std standard_boss 0 0 0.0 0.0 -999 ""
FIBERMAP 1388 R-10C8 METROLOGY 0 0 0 1 0 0 -37.42030185008403 -195.95957417261656 143.1 -129.3596066733314 -151.8964121787376 206.2301 98.74458 -999.0 -999.0 -999.0 -999.0 -999.0 289.29198734763753 7.755988288770352 289.27505321394983 7.811969429194308 64.95064437842565 185.49642122089998 -999.0 6231.0 -999.0 -1 -999 {-999.0 -999.0 -999.0 -999.0 -999.0} "" -999.0 -999.0 -999.0 -999.0 -999 -999 "" "" "" "" 0 0 0.0 0.0 -999 ""
FIBERMAP 1391 R-5C4 APOGEE 0 0 0 1 0 0 -161.52699825870036 -115.22961051684177 143.1 -197.3812443411069 -20.38155681877247 334.54532 63.961075 -999.0 -999.0 -999.0 -999.0 -999.0 288.980569559046 8.353145248726571 288.962116788413 8.408189909451025 65.51740526413292 186.35796810181722 -999.0 16600.0 -999.0 2 -999 {-999.0 -999.0 -999.0 -999.0 -999.0} "" -999.0 -999.0 -999.0 -999.0 -999 -999 "" "" "" "" 0 0 0.0 0.0 -999 ""
FIBERMAP 1391 R-5C4 BOSS 1 1 0 1 0 0 -162.10931001851873 -115.70856597910085 143.1 -198.12421091041793 -20.510287601607942 334.54532 63.961075 288.9771342999263 8.352476051734133 -1.3157831 -3.142108 0.22570093 288.97713034069375 8.352466697317363 288.9586881102909 8.40759559040138 65.51649410442627 186.3659812541364 5400.0 5400.0 2016.0 1 454 {-999.0 17.483797 16.025126 15.367279 -999.0} sdss_psfmag_ps1 16.901207 15.821889 14.793197 12.769 63050395675078706 1093383610 bright_3x1 mwm_astar_core_boss mwm_ob science 0 0 0.0 0.0 -999 ""
FIBERMAP 1391 R-5C4 METROLOGY 0 0 0 1 0 0 -162.22678522170338 -114.97084385182711 143.1 -197.8618491609996 -19.81079870533185 334.54532 63.961075 -999.0 -999.0 -999.0 -999.0 -999.0 288.97833393443875 8.35566726426717 288.9598810865634 8.410772342278099 65.51976793701074 186.36386830948982 -999.0 6231.0 -999.0 -1 -999 {-999.0 -999.0 -999.0 -999.0 -999.0} "" -999.0 -999.0 -999.0 -999.0 -999 -999 "" "" "" "" 0 0 0.0 0.0 -999 ""
FIBERMAP 1392 R-12C10 APOGEE 0 0 0 1 0 0 60.09781325731711 -220.48446161437624 143.1 -56.68586085705582 -221.40398269575286 87.21749 58.44747 -999.0 -999.0 -999.0 -999.0 -999.0 289.62462890917857 7.441462825083706 289.6084831844951 7.498248699894154 64.66263972086008 184.6669057518218 -999.0 16600.0 -999.0 2 -999 {-999.0 -999.0 -999.0 -999.0 -999.0} "" -999.0 -999.0 -999.0 -999.0 -999 -999 "" "" "" "" 0 0 0.0 0.0 -999 ""
FIBERMAP 1392 R-12C10 BOSS 1 1 0 1 0 0 60.73569492911047 -220.90015333704463 143.1 -56.33661838410136 -222.08059900917382 87.21749 58.44747 289.62621453949276 7.43830121987285 -1.2493886 -3.7975688 0.19637817 289.6262107883529 7.438289914073802 289.61007979495105 7.495176734936493 64.65968425276857 184.66272086274353 5400.0 5400.0 2016.0 1 406 {-999.0 15.641769 14.382442 13.68687 -999.0} sdss_psfmag_from_g3xp 15.156874 14.2118435 13.225303 11.391 63050395674518228 1093195382 bright_3x1 mwm_astar_core_boss mwm_ob science 0 0 0.0 0.0 -999 ""
FIBERMAP 1392 R-12C10 METROLOGY 0 0 0 1 0 0 60.05826289706761 -221.22951043795487 143.1 -57.08837545894404 -222.03225637197136 87.21749 58.44747 -999.0 -999.0 -999.0 -999.0 -999.0 289.62278068409734 7.438556720447246 289.6066470786979 7.495407691126694 64.65967981913954 184.67069092020463 -999.0 6231.0 -999.0 -1 -999 {-999.0 -999.0 -999.0 -999.0 -999.0} "" -999.0 -999.0 -999.0 -999.0 -999 -999 "" "" "" "" 0 0 0.0 0.0 -999 ""
FIBERMAP 1393 R-12C5 APOGEE 0 0 0 1 0 0 -72.27727793664556 -249.43570128393 143.1 -186.08988479184177 -181.1708749575959 283.6084 83.976166 -999.0 -999.0 -999.0 -999.0 -999.0 289.0346491575942 7.625835599754253 289.0180358278905 7.681134840964918 64.79851444379877 186.067674324167 -999.0 16600.0 -999.0 2 -999 {-999.0 -999.0 -999.0 -999.0 -999.0} "" -999.0 -999.0 -999.0 -999.0 -999 -999 "" "" "" "" 0 0 0.0 0.0 -999 ""
FIBERMAP 1393 R-12C5 BOSS 1 1 0 1 0 0 -73.01877195378316 -249.53348844987775 143.1 -186.78292553832736 -180.8895309046307 283.6084 83.976166 289.03149265229945 7.627026667325414 -3.2874181 -2.360112 0.39213693 289.03148277791956 7.627019641000606 289.01487512597777 7.682406611165161 64.799499965292 186.0752693075923 5400.0 5400.0 2016.0 1 352 {-999.0 19.313286 17.796968 17.303463 -999.0} sdss_psfmag_ps1 18.638882 17.684164 16.745962 14.851 63050395673746430 980289796 "" ops_std_boss_red ops_std standard_boss 0 0 0.0 0.0 -999 ""
FIBERMAP 1393 R-12C5 METROLOGY 0 0 0 1 0 0 -72.73230212668436 -248.84441880745084 143.1 -186.1933750837983 -180.43193275658612 283.6084 83.976166 -999.0 -999.0 -999.0 -999.0 -999.0 289.0341434035349 7.629083647689672 289.0175281096101 7.68444969978569 64.80177080420577 186.06954968111992 -999.0 6231.0 -999.0 -1 -999 {-999.0 -999.0 -999.0 -999.0 -999.0} "" -999.0 -999.0 -999.0 -999.0 -999 -999 "" "" "" "" 0 0 0.0 0.0 -999 ""
FIBERMAP 1395 R+4C20 APOGEE 0 0 0 1 1 0 196.71818705721927 75.95383699945205 143.1 208.57375485553763 -31.156319525932172 28.929434 79.13507 -999.0 -999.0 -999.0 -999.0 -999.0 290.8420451962225 8.299618548851669 290.8237679124702 8.35924994432124 65.58141664267806 181.9084851506257 -999.0 16600.0 -999.0 2 -999 {-999.0 -999.0 -999.0 -999.0 -999.0} "" -999.0 -999.0 -999.0 -999.0 -999 -999 "" "" "" "" 0 0 0.0 0.0 -999 ""
FIBERMAP 1395 R+4C20 BOSS 1 0 0 1 1 0 196.95561298361696 75.23724998190158 143.1 208.42613229841552 -31.896698773501992 28.929434 79.13507 290.7081278264699 8.269392533420282 -6.511877 -12.951595 1.157465 290.84139593771226 8.296163269151883 290.8231299357345 8.355886378333222 65.57803655324943 181.90978093485973 5400.0 5400.0 2016.0 1 205 {-999.0 19.598454 18.070097 17.282694 -999.0} sdss_psfmag_ps1 18.912863 17.843788 16.828335 14.754 63050395674811922 1096709156 bright_1x1 mwm_bin_vis_boss mwm_filler science 0 0 0.0 0.0 -999 ""
FIBERMAP 1395 R+4C20 METROLOGY 0 0 0 1 1 0 196.22074412765332 75.39776819765083 143.1 207.86647980143238 -31.394033250405123 28.929434 79.13507 -999.0 -999.0 -999.0 -999.0 -999.0 290.8388599505516 8.298479628743607 290.8205873393938 8.358169862667527 65.58024775082364 181.91601979297647 -999.0 6231.0 -999.0 -1 -999 {-999.0 -999.0 -999.0 -999.0 -999.0} "" -999.0 -999.0 -999.0 -999.0 -999 -999 "" "" "" "" 0 0 0.0 0.0 -999 ""
FIBERMAP 1396 R0C3 APOGEE 1 1 0 1 0 0 -267.013897821127 -2.941021349062012 143.1 -233.62008584773568 129.37335766199257 245.5841 46.772846 288.8178212176902 9.030817381107013 -4.407787 -7.9056554 0.4694856 288.8178079304954 9.030793845061549 288.7976314163307 9.085324850545112 66.1752781281351 186.91608327596694 16000.0 16600.0 2016.0 2 297 {-999.0 22.266693 20.301191 18.095026 -999.0} sdss_psfmag_gaia 20.365225 18.828537 17.01387 12.509 63050395676545692 916903402 bright_3x1 mwm_yso_disk_apogee mwm_yso science 0 0 0.0 0.0 -999 ""
FIBERMAP 1396 R0C3 BOSS 0 0 0 1 0 0 -267.295244329148 -2.2536291327601368 143.1 -233.52507700655437 130.11005320318932 245.5841 46.772846 -999.0 -999.0 -999.0 -999.0 -999.0 288.81824383320196 9.03402986281024 288.79806851201226 9.088651127372518 66.17863113666499 186.91586458992504 -999.0 5400.0 -999.0 1 422 {-999.0 -999.0 -999.0 -999.0 -999.0} "" -999.0 -999.0 -999.0 -999.0 -999 -999 "" "" "" "" 0 0 0.0 0.0 -999 ""
FIBERMAP 1396 R0C3 METROLOGY 0 0 0 1 0 0 -266.5613362895574 -2.339735677973654 143.1 -232.92949340835074 129.67256290469737 245.5841 46.772846 -999.0 -999.0 -999.0 -999.0 -999.0 288.8209305433273 9.03210176705728 288.8007575377463 9.086704570851051 66.17696696153718 186.9088311922668 -999.0 6231.0 -999.0 -1 -999 {-999.0 -999.0 -999.0 -999.0 -999.0} "" -999.0 -999.0 -999.0 -999.0 -999 -999 "" "" "" "" 0 0 0.0 0.0 -999 ""
FIBERMAP 1400 R-5C13 APOGEE 1 1 0 1 0 0 31.449721867192846 -112.92955286783764 143.1 -28.452725885116365 -113.7307388295623 283.3726 95.171036 289.75424750667963 7.927270461242123 -3.6924386 -5.3848085 0.0459459 289.7542364078041 7.927254430047698 289.73687085226794 7.9842780967076665 65.15613964323946 184.4448406409683 16000.0 16600.0 2016.0 2 155 {-999.0 20.384531 17.282757 15.48935 -999.0} sdss_psfmag_ps1 18.635155 16.02311 14.595873 10.41 63050395674650516 1154162783 bright_1x1 mwm_galactic_core_dist_apogee_sparse mwm_galactic science 0 0 0.0 0.0 -999 ""
FIBERMAP 1400 R-5C13 BOSS 0 0 0 1 0 0 30.750285231288494 -113.19007066494135 143.1 -29.189602587585846 -113.6116684504264 283.3726 95.171036 -999.0 -999.0 -999.0 -999.0 -999.0 289.7508325235897 7.9276580939831955 289.73347213712856 7.984767690518032 65.15640649150373 184.4529107915437 -999.0 5400.0 -999.0 1 379 {-999.0 -999.0 -999.0 -999.0 -999.0} "" -999.0 -999.0 -999.0 -999.0 -999 -999 "" "" "" "" 0 0 0.0 0.0 -999 ""
FIBERMAP 1400 R-5C13 METROLOGY 0 0 0 1 0 0 30.868745891951313 -112.45621424643831 143.1 -28.72400609092154 -113.03211578258468 283.3726 95.171036 -999.0 -999.0 -999.0 -999.0 -999.0 289.75297977788915 7.930319590300744 289.73561093779944 7.987407274716378 65.15917990055739 184.448294188871 -999.0 6231.0 -999.0 -1 -999 {-999.0 -999.0 -999.0 -999.0 -999.0} "" -999.0 -999.0 -999.0 -999.0 -999 -999 "" "" "" "" 0 0 0.0 0.0 -999 ""
