#%yanny
#
# confSummaryF-27406.par
#
# Created by pydl.pydlutils.yanny.yanny
#
# 2026-08-25 02:50:19 UTC
#
configuration_id 27406
robostrategy_run iota-1
fps_calibrations_version 2025.12.04
jaeger_version 1.11.2a1
coordio_version 1.18.1
kaiju_version 1.4.1
design_id 752622
field_id 100509
focal_scale 1.000073
instruments BOSS APOGEE
epoch 2461277.6218496757
obstime Tue Aug 25 02:50:19 2026
MJD 61277
observatory APO
temperature 21.466414380321666
raCen 282.522193980577
decCen 4.39776987119052
pa 24.94043
is_dithered 0
parent_configuration -999
dither_radius -999.0
cloned_from -999
rotator_angle 227.1
fvc_centroid_method flex
fvc_rms 0.02708
fvc_90_perc 0.0102
fvc_percent_reached 58.2
fvc_image_path /data/fcam/61277/proc-fimg-fvc1n-0008.fits

typedef enum {
    BOSS,
    APOGEE,
    METROLOGY,
    NONE
} FIBERTYPE;

typedef struct {
    short positionerId;
    char holeId[28];
    FIBERTYPE fiberType;
    short assigned;
    short on_target;
    short disabled;
    short valid;
    short decollided;
    short too;
    double xwok;
    double ywok;
    double zwok;
    double xFocal;
    double yFocal;
    float alpha;
    float beta;
    double racat;
    double deccat;
    float pmra;
    float pmdec;
    float parallax;
    double ra;
    double dec;
    double ra_observed;
    double dec_observed;
    double alt_observed;
    double az_observed;
    float lambda_design;
    float lambda_eff;
    float coord_epoch;
    short spectrographId;
    short fiberId;
    float mag[5];
    char optical_prov[120];
    float bp_mag;
    float gaia_g_mag;
    float rp_mag;
    float h_mag;
    long catalogid;
    long carton_to_target_pk;
    char cadence[400];
    char firstcarton[400];
    char program[400];
    char category[400];
    long sdssv_boss_target0;
    long sdssv_apogee_target0;
    double delta_ra;
    double delta_dec;
    long too_id;
    char too_program[80];
} FIBERMAP;

FIBERMAP 3 R-1C14 APOGEE 1 1 0 1 0 0 15.874427001522735 -30.07240738372799 143.1 1.7134042151518425 -33.964396024610004 280.25464 129.06516 282.52960525349647 4.243122118748708 -1.7482384 -7.268442 -0.40765688 282.52959863675386 4.243099522775534 282.5200916223269 4.282334329768442 59.52949153899661 156.75731912663306 16000.0 16600.0 2016.0 2 214 {-999.0 25.343271 21.149792 18.262796 -999.0} sdss_psfmag_ps1 21.910393 18.340485 16.734896 10.801 63050395645523602 1154123340 bright_1x1 mwm_galactic_core_dist_apogee_sparse mwm_galactic science 0 0 0.0 0.0 -999 ""
FIBERMAP 3 R-1C14 BOSS 0 0 0 1 0 0 15.417130776757881 -30.650697778423464 143.1 1.0548532691551515 -34.29595239838196 280.25464 129.06516 -999.0 -999.0 -999.0 -999.0 -999.0 282.52662690601335 4.241464139644517 282.5170842384382 4.280804959361122 59.529047121808844 156.7638996609775 -999.0 5400.0 -999.0 1 263 {-999.0 -999.0 -999.0 -999.0 -999.0} "" -999.0 -999.0 -999.0 -999.0 -999 -999 "" "" "" "" 0 0 0.0 0.0 -999 ""
FIBERMAP 3 R-1C14 METROLOGY 0 0 0 1 0 0 15.136340427026836 -29.954876668601106 143.1 1.0936612713862852 -33.54656172667976 280.25464 129.06516 -999.0 -999.0 -999.0 -999.0 -999.0 282.5268015393564 4.244913119431997 282.5172614463954 4.284221575144657 59.532210321374095 156.76132939148098 -999.0 6231.0 -999.0 -1 -999 {-999.0 -999.0 -999.0 -999.0 -999.0} "" -999.0 -999.0 -999.0 -999.0 -999 -999 "" "" "" "" 0 0 0.0 0.0 -999 ""
FIBERMAP 16 R+7C7 APOGEE 1 1 0 1 0 0 -64.64806087711152 140.46039725806838 143.1 0.6093728868178546 154.63380744657474 32.02422 104.03167 282.5267489125637 5.100853197154205 -3.4004002 -7.2872076 0.05012767 282.5267371261334 5.100810204856625 282.5150463571513 5.139868892799469 60.338627652154926 156.1902821867455 16000.0 16600.0 2016.0 2 102 {-999.0 21.358902 17.901384 15.988705 -999.0} sdss_psfmag_ps1 19.266842 16.54534 15.093334 10.695 63050395645731082 1154125752 bright_1x1 mwm_galactic_core_dist_apogee_sparse mwm_galactic science 0 0 0.0 0.0 -999 ""
FIBERMAP 16 R+7C7 BOSS 0 0 0 1 0 0 -64.11269415597096 139.95430496151764 143.1 0.8814278981167162 153.94910878767044 32.02422 104.03167 -999.0 -999.0 -999.0 -999.0 -999.0 282.5280108912456 5.097656703276933 282.5162882425131 5.136828655115805 60.33534787729616 156.19002635346712 -999.0 5400.0 -999.0 1 76 {-999.0 -999.0 -999.0 -999.0 -999.0} "" -999.0 -999.0 -999.0 -999.0 -999 -999 "" "" "" "" 0 0 0.0 0.0 -999 ""
FIBERMAP 16 R+7C7 METROLOGY 0 0 0 1 0 0 -64.8172624290964 139.73207630058425 143.1 0.14880103286917468 154.04471001965848 32.02422 104.03167 -999.0 -999.0 -999.0 -999.0 -999.0 282.52465689742326 5.098118087293069 282.51294464658434 5.1372503293894995 60.3368792164626 156.19606199975232 -999.0 6231.0 -999.0 -1 -999 {-999.0 -999.0 -999.0 -999.0 -999.0} "" -999.0 -999.0 -999.0 -999.0 -999 -999 "" "" "" "" 0 0 0.0 0.0 -999 ""
FIBERMAP 37 R-9C9 APOGEE 1 1 0 1 0 0 -3.665485960655139 -163.8234472241833 143.1 -72.40932805520767 -147.01145305330593 58.21808 114.50248 282.1907043457031 3.7304977966302175 -999.0 -999.0 -999.0 282.1907146803096 3.7305058147926116 282.1825440718835 3.7689707677698903 59.1540381150507 157.7099510595001 16000.0 16600.0 2015.5 2 167 {-999.0 -999.0 -999.0 -999.0 -999.0} "" -999.0 -999.0 -999.0 -999.0 27021603150592989 849030885 "" ops_sky_apogee_good ops_sky sky_apogee 0 0 0.0 0.0 -999 ""
FIBERMAP 37 R-9C9 BOSS 0 0 0 1 0 0 -2.9319968395969163 -163.91711094436846 143.1 -71.78368927372625 -147.40570567659546 58.21808 114.50248 -999.0 -999.0 -999.0 -999.0 -999.0 282.19357448260257 3.7285426535418607 282.1853694968151 3.76713095527446 59.151393607732075 157.7058881244319 -999.0 5400.0 -999.0 1 376 {-999.0 -999.0 -999.0 -999.0 -999.0} "" -999.0 -999.0 -999.0 -999.0 -999 -999 "" "" "" "" 0 0 0.0 0.0 -999 ""
FIBERMAP 37 R-9C9 METROLOGY 0 0 0 1 0 0 -3.3919269986005025 -164.51839626579445 143.1 -72.45432581608068 -147.75700339888445 58.21808 114.50248 -999.0 -999.0 -999.0 -999.0 -999.0 282.19051726094733 3.727008648656213 282.182327565384 3.76555663217604 59.150872110071944 157.71247842286266 -999.0 6231.0 -999.0 -1 -999 {-999.0 -999.0 -999.0 -999.0 -999.0} "" -999.0 -999.0 -999.0 -999.0 -999 -999 "" "" "" "" 0 0 0.0 0.0 -999 ""
FIBERMAP 40 R+12C6 APOGEE 0 0 0 1 0 0 -55.744845286741615 251.0331099040908 143.1 55.31215891899436 251.14802356046755 182.6929 37.064598 -999.0 -999.0 -999.0 -999.0 -999.0 282.7765469287322 5.533844589180002 282.7637313373786 5.573460968705119 60.65970056201701 155.41374796053793 -999.0 16600.0 -999.0 2 -999 {-999.0 -999.0 -999.0 -999.0 -999.0} "" -999.0 -999.0 -999.0 -999.0 -999 -999 "" "" "" "" 0 0 0.0 0.0 -999 ""
FIBERMAP 40 R+12C6 BOSS 1 1 0 1 0 0 -55.17896132041182 251.53362456488722 143.1 56.0363800927529 251.36325973661502 182.6929 37.064598 282.779895353342 5.534732712190068 0.610878 -9.017083 1.1613374 282.7798808672875 5.534692660011326 282.7670222857925 5.574424922091351 60.65945145700167 155.40679855955727 5400.0 5400.0 2016.0 1 156 {-999.0 17.36118 15.9747505 15.399297 -999.0} sdss_psfmag_ps1 16.758533 15.868947 14.930889 13.076 63050395645781909 1096159953 bright_1x1 mwm_bin_vis_boss mwm_filler science 0 0 0.0 0.0 -999 ""
FIBERMAP 40 R+12C6 METROLOGY 0 0 0 1 0 0 -55.03577733198868 250.80097930280286 143.1 55.85725988371506 250.6385059509701 182.6929 37.064598 -999.0 -999.0 -999.0 -999.0 -999.0 282.7790554093569 5.531489609600933 282.76621656039856 5.5711899220949945 60.656704940935626 155.41065167754164 -999.0 6231.0 -999.0 -1 -999 {-999.0 -999.0 -999.0 -999.0 -999.0} "" -999.0 -999.0 -999.0 -999.0 -999 -999 "" "" "" "" 0 0 0.0 0.0 -999 ""
FIBERMAP 52 R+5C17 APOGEE 0 0 0 1 0 0 140.70876778003503 99.75295655788057 143.1 169.66299692979723 31.119459290959227 45.28381 76.17184 -999.0 -999.0 -999.0 -999.0 -999.0 283.2957533537309 4.536845468056605 283.285429908091 4.577990018693661 59.5448702192985 155.14344126934958 -999.0 16600.0 -999.0 2 -999 {-999.0 -999.0 -999.0 -999.0 -999.0} "" -999.0 -999.0 -999.0 -999.0 -999 -999 "" "" "" "" 0 0 0.0 0.0 -999 ""
FIBERMAP 52 R+5C17 BOSS 1 1 0 1 0 0 141.08721631698893 99.12904598058678 143.1 169.7430717712944 30.39409492087812 45.28381 76.17184 283.29620361328125 4.533417358721124 -999.0 -999.0 -999.0 283.296205757868 4.5334461437258256 283.285848167968 4.574704841093071 59.5416506627175 155.1449702712979 5400.0 5400.0 2015.5 1 206 {-999.0 -999.0 -999.0 -999.0 -999.0} "" -999.0 -999.0 -999.0 -999.0 27021603150618255 820734861 "" ops_sky_boss_good ops_sky sky_boss 0 0 0.0 0.0 -999 ""
FIBERMAP 52 R+5C17 METROLOGY 0 0 0 1 0 0 140.35611205166788 99.09546441514301 143.1 169.06593543931135 30.671954170646416 45.28381 76.17184 -999.0 -999.0 -999.0 -999.0 -999.0 283.2931180083475 4.534752703756054 283.28276949809157 4.575971386461909 59.54392296908393 155.14974535754615 -999.0 6231.0 -999.0 -1 -999 {-999.0 -999.0 -999.0 -999.0 -999.0} "" -999.0 -999.0 -999.0 -999.0 -999 -999 "" "" "" "" 0 0 0.0 0.0 -999 ""
FIBERMAP 56 R-8C4 APOGEE 0 0 0 1 0 0 -152.274517214958 -148.711395015913 143.1 -200.7970609221612 -70.63824989180179 202.30211 66.47861 -999.0 -999.0 -999.0 -999.0 -999.0 281.6082437660611 4.07922811988765 281.599241983353 4.116122803883725 59.66625177326571 158.581693618528 -999.0 16600.0 -999.0 2 -999 {-999.0 -999.0 -999.0 -999.0 -999.0} "" -999.0 -999.0 -999.0 -999.0 -999 -999 "" "" "" "" 0 0 0.0 0.0 -999 ""
FIBERMAP 56 R-8C4 BOSS 1 1 0 1 0 0 -152.2422757757587 -147.94956454472046 143.1 -200.4465550820133 -69.96100863166207 202.30211 66.47861 281.60980224609375 4.082186782171405 -999.0 -999.0 -999.0 281.6098133204622 4.082161464249047 281.60076700595846 4.119173314802696 59.668685755721754 158.57696818032133 5400.0 5400.0 2015.5 1 452 {-999.0 -999.0 -999.0 -999.0 -999.0} "" -999.0 -999.0 -999.0 -999.0 27021603150596711 852916518 "" ops_sky_boss_fallback ops_sky sky_boss 0 0 0.0 0.0 -999 ""
FIBERMAP 56 R-8C4 METROLOGY 0 0 0 1 0 0 -151.62525980361923 -148.34379904975793 143.1 -200.0532883164517 -70.57870522685596 202.30211 66.47861 -999.0 -999.0 -999.0 -999.0 -999.0 281.61158935108506 4.079389803451556 281.6025603882669 4.116374569928175 59.665472185882294 158.57530491738098 -999.0 6231.0 -999.0 -1 -999 {-999.0 -999.0 -999.0 -999.0 -999.0} "" -999.0 -999.0 -999.0 -999.0 -999 -999 "" "" "" "" 0 0 0.0 0.0 -999 ""
FIBERMAP 59 R+4C8 APOGEE 0 0 0 1 0 0 -90.6525315617582 96.47351258619283 143.1 -41.52137282757325 125.71218896397563 135.37247 61.84721 -999.0 -999.0 -999.0 -999.0 -999.0 282.33404894124607 4.970154169519968 282.32270781973386 5.00874288783284 60.279912366839085 156.64375654798397 -999.0 16600.0 -999.0 2 -999 {-999.0 -999.0 -999.0 -999.0 -999.0} "" -999.0 -999.0 -999.0 -999.0 -999 -999 "" "" "" "" 0 0 0.0 0.0 -999 ""
FIBERMAP 59 R+4C8 BOSS 1 1 0 1 0 0 -89.952805488022 96.75925036936155 143.1 -40.766354719278795 125.67622060932356 135.37247 61.84721 282.33753616120686 4.969947195649998 -1.7376947 -5.057319 0.37218842 282.33751618067555 4.96992972592652 282.3261361511468 5.008637287935251 60.27866982328541 156.63733638811675 5400.0 5400.0 2016.0 1 33 {-999.0 16.413769 15.024008 14.388009 -999.0} sdss_psfmag_ps1 15.8185215 14.778147 13.756701 11.758 63050395645640767 1093381726 bright_3x1 mwm_astar_core_boss mwm_ob science 0 0 0.0 0.0 -999 ""
FIBERMAP 59 R+4C8 METROLOGY 0 0 0 1 0 0 -90.05758101492003 96.02329505285059 143.1 -41.1717236827831 125.0530313715329 135.37247 61.84721 -999.0 -999.0 -999.0 -999.0 -999.0 282.33564879288076 4.967126900867556 282.32428718158127 5.0057990762541085 60.27661177236024 156.64275314061203 -999.0 6231.0 -999.0 -1 -999 {-999.0 -999.0 -999.0 -999.0 -999.0} "" -999.0 -999.0 -999.0 -999.0 -999 -999 "" "" "" "" 0 0 0.0 0.0 -999 ""
FIBERMAP 63 R+5C19 APOGEE 0 0 0 1 0 0 173.84261175742296 116.86216594209279 143.1 206.92425889637303 32.661552262221214 132.87535 43.991085 -999.0 -999.0 -999.0 -999.0 -999.0 283.4642335194428 4.54300865660176 283.45387934051394 4.584584128725953 59.49113803244528 154.82956616644674 -999.0 16600.0 -999.0 2 -999 {-999.0 -999.0 -999.0 -999.0 -999.0} "" -999.0 -999.0 -999.0 -999.0 -999 -999 "" "" "" "" 0 0 0.0 0.0 -999 ""
FIBERMAP 63 R+5C19 BOSS 1 1 0 1 0 0 174.59404962176433 116.83173177581055 143.1 207.59283814553345 32.3170679106546 132.87535 43.991085 283.46734586720584 4.541341815057224 -0.6322666 -8.440744 0.8331916 283.4673335900279 4.541324753580841 283.45694006864386 4.583020862692387 59.48858414413019 154.82506175285883 5400.0 5400.0 2016.0 1 204 {-999.0 20.684633 18.361065 17.060871 -999.0} sdss_psfmag_ps1 19.482107 17.669678 16.393785 13.36 63050395645554553 939264261 bright_1x1 openfibertargets_nov2020_34a open_fiber science 0 0 0.0 0.0 -999 ""
FIBERMAP 63 R+5C19 METROLOGY 0 0 0 1 0 0 174.1813626225685 116.19740295284402 143.1 206.95110764859749 31.915883166286974 132.87535 43.991085 -999.0 -999.0 -999.0 -999.0 -999.0 283.4644138607068 4.5395507938232935 283.45403738381475 4.58120793375117 59.487930084907205 154.8316623608585 -999.0 6231.0 -999.0 -1 -999 {-999.0 -999.0 -999.0 -999.0 -999.0} "" -999.0 -999.0 -999.0 -999.0 -999 -999 "" "" "" "" 0 0 0.0 0.0 -999 ""
FIBERMAP 65 R+5C14 APOGEE 1 1 0 1 0 0 70.76538278002135 80.5314586691313 143.1 98.13160309227055 43.18473986529129 32.875988 12.438014 282.97073364257807 4.593056375757143 -999.0 -999.0 -999.0 282.9707168844209 4.5931130147113555 282.9602797385848 4.633412103260625 59.71048130197845 155.70523751958973 16000.0 16600.0 2015.5 2 41 {-999.0 -999.0 -999.0 -999.0 -999.0} "" -999.0 -999.0 -999.0 -999.0 27021603150618799 842846852 "" ops_sky_apogee_best ops_sky sky_apogee 0 0 0.0 0.0 -999 ""
FIBERMAP 65 R+5C14 BOSS 0 0 0 1 0 0 70.24121377263256 80.00529797916488 143.1 97.43439448260219 42.92865606873876 32.875988 12.438014 -999.0 -999.0 -999.0 -999.0 -999.0 282.9676242108363 4.591868695509114 282.9571489666788 4.632271981733884 59.71049504376395 155.71182449456043 -999.0 5400.0 -999.0 1 159 {-999.0 -999.0 -999.0 -999.0 -999.0} "" -999.0 -999.0 -999.0 -999.0 -999 -999 "" "" "" "" 0 0 0.0 0.0 -999 ""
FIBERMAP 65 R+5C14 METROLOGY 0 0 0 1 0 0 70.0414622000342 80.71064872106487 143.1 97.55070820005353 43.652513751728634 32.875988 12.438014 -999.0 -999.0 -999.0 -999.0 -999.0 282.96814172419397 4.595188226432715 282.9576697704303 4.635560464780762 59.71339901249484 155.70859645930022 -999.0 6231.0 -999.0 -1 -999 {-999.0 -999.0 -999.0 -999.0 -999.0} "" -999.0 -999.0 -999.0 -999.0 -999 -999 "" "" "" "" 0 0 0.0 0.0 -999 ""
FIBERMAP 71 R-4C9 APOGEE 1 1 0 1 0 0 -65.35169161631691 -69.54834350264846 143.1 -88.590746769377 -35.50809847831444 25.492067 157.45027 282.1173654309897 4.2371582282736515 -1.2733706 -6.737246 0.025799012 282.1173700504812 4.237135361050912 282.1079170356539 4.275310576142848 59.65748240378761 157.52916567784112 16000.0 16600.0 2016.0 2 270 {-999.0 21.74284 18.122509 15.702745 -999.0} sdss_psfmag_ps1 19.622019 16.105545 14.57048 9.673 63050395645528089 1154123474 bright_1x1 mwm_galactic_core_dist_apogee_sparse mwm_galactic science 0 0 0.0 0.0 -999 ""
FIBERMAP 71 R-4C9 BOSS 0 0 0 1 0 0 -64.60447995824629 -69.51638535554939 143.1 -87.89968865226547 -35.79422245752465 25.492067 157.45027 -999.0 -999.0 -999.0 -999.0 -999.0 282.1205127290291 4.235693900753613 282.1110244370719 4.273990681040344 59.65523414240889 157.52420128871594 -999.0 5400.0 -999.0 1 462 {-999.0 -999.0 -999.0 -999.0 -999.0} "" -999.0 -999.0 -999.0 -999.0 -999 -999 "" "" "" "" 0 0 0.0 0.0 -999 ""
FIBERMAP 71 R-4C9 METROLOGY 0 0 0 1 0 0 -64.95112160354309 -70.17590410122912 143.1 -88.49215112644853 -36.24610150562212 25.492067 157.45027 -999.0 -999.0 -999.0 -999.0 -999.0 282.1178064589878 4.233679616480497 282.1083345140012 4.271937757195608 59.654155374843455 157.530537226445 -999.0 6231.0 -999.0 -1 -999 {-999.0 -999.0 -999.0 -999.0 -999.0} "" -999.0 -999.0 -999.0 -999.0 -999 -999 "" "" "" "" 0 0 0.0 0.0 -999 ""
FIBERMAP 78 R-5C11 APOGEE 1 1 0 1 0 0 4.886875506865689 -86.1065578884217 143.1 -31.880216441062522 -80.14336331329685 82.50397 59.45132 282.3757496402705 4.033297177773988 -3.3415108 -4.571156 -0.2217775 282.37573194766725 4.033309933730622 282.36677309096706 4.072190645988458 59.38155125311288 157.17776434738613 16000.0 16600.0 2016.0 2 160 {-999.0 24.820736 21.620348 18.270418 -999.0} sdss_psfmag_ps1 21.618546 18.350471 16.710396 10.779 63050395645518663 1154123710 bright_1x1 mwm_galactic_core_dist_apogee_sparse mwm_galactic science 0 0 0.0 0.0 -999 ""
FIBERMAP 78 R-5C11 BOSS 0 0 0 1 0 0 5.470652858113837 -86.55609883377878 143.1 -31.540413972400156 -80.79719555744913 82.50397 59.45132 -999.0 -999.0 -999.0 -999.0 -999.0 282.3773000848282 4.030176595056281 282.36830941227737 4.069176220663654 59.378201444686184 157.17685625965498 -999.0 5400.0 -999.0 1 366 {-999.0 -999.0 -999.0 -999.0 -999.0} "" -999.0 -999.0 -999.0 -999.0 -999 -999 "" "" "" "" 0 0 0.0 0.0 -999 ""
FIBERMAP 78 R-5C11 METROLOGY 0 0 0 1 0 0 4.784604473255149 -86.84414628900322 143.1 -32.284002980012644 -80.76908961394567 82.50397 59.45132 -999.0 -999.0 -999.0 -999.0 -999.0 282.3738987442854 4.03035424856534 282.3649191883616 4.069312706321806 59.379436069412286 157.18304285478754 -999.0 6231.0 -999.0 -1 -999 {-999.0 -999.0 -999.0 -999.0 -999.0} "" -999.0 -999.0 -999.0 -999.0 -999 -999 "" "" "" "" 0 0 0.0 0.0 -999 ""
FIBERMAP 86 R-12C11 APOGEE 0 0 0 1 0 0 77.33046276870711 -250.08014874686847 143.1 -35.33617295798398 -259.38666204523804 351.3098 56.79476 -999.0 -999.0 -999.0 -999.0 -999.0 282.3590621273991 3.224579330508986 282.35215964218963 3.263579729883563 58.621046562378964 157.71201732395167 -999.0 16600.0 -999.0 2 -999 {-999.0 -999.0 -999.0 -999.0 -999.0} "" -999.0 -999.0 -999.0 -999.0 -999 -999 "" "" "" "" 0 0 0.0 0.0 -999 ""
FIBERMAP 86 R-12C11 BOSS 1 1 0 1 0 0 76.82378038110748 -250.6302209741026 143.1 -36.02760812706309 -259.6718033536583 351.3098 56.79476 282.3559529942932 3.2231893032061754 3.3592653 1.130697 1.3909853 282.3559675551608 3.2231930969218414 282.3490290690869 3.2623038590726217 58.62083576438003 157.7184880560429 5400.0 5400.0 2016.0 1 407 {-999.0 19.746943 17.314999 16.00945 -999.0} sdss_psfmag_ps1 18.51741 16.564623 15.267204 -999.0 63050395644099162 917203314 bright_5x1 mwm_yso_pms_boss_sagitta_edr3 mwm_yso science 0 0 0.0 0.0 -999 ""
FIBERMAP 86 R-12C11 METROLOGY 0 0 0 1 0 0 76.60029641622414 -249.92678943605387 143.1 -35.93362458947821 -258.93967792454436 351.3098 56.79476 -999.0 -999.0 -999.0 -999.0 -999.0 282.35638338309064 3.2264912747734265 282.3494477732105 3.265568973429198 58.62379639031384 157.71572455434236 -999.0 6231.0 -999.0 -1 -999 {-999.0 -999.0 -999.0 -999.0 -999.0} "" -999.0 -999.0 -999.0 -999.0 -999 -999 "" "" "" "" 0 0 0.0 0.0 -999 ""
FIBERMAP 97 R-4C15 APOGEE 1 1 0 1 0 0 76.4660179553279 -66.19161965048333 143.1 41.42693165011496 -92.26963285011468 64.60779 103.39152 282.7101656173348 3.977325476519902 -0.0925667 -2.2194002 0.2638325 282.7101137583919 3.9773353762939196 282.70126484036945 4.017087317090205 59.219141539300686 156.5967517468542 16000.0 16600.0 2016.0 2 191 {-999.0 20.502588 17.287577 15.516849 -999.0} sdss_psfmag_ps1 18.671925 16.056026 14.63002 10.588 63050395645503113 1154123062 bright_1x1 mwm_galactic_core_dist_apogee_sparse mwm_galactic science 0 0 0.0 0.0 -999 ""
FIBERMAP 97 R-4C15 BOSS 0 0 0 1 0 0 77.19074380699014 -66.33681824430386 143.1 42.022891193057426 -92.70692243275998 64.60779 103.39152 -999.0 -999.0 -999.0 -999.0 -999.0 282.71288588349756 3.975182603099459 282.7040013158812 4.015056756087889 59.21631415042826 156.5930543322631 -999.0 5400.0 -999.0 1 314 {-999.0 -999.0 -999.0 -999.0 -999.0} "" -999.0 -999.0 -999.0 -999.0 -999 -999 "" "" "" "" 0 0 0.0 0.0 -999 ""
FIBERMAP 97 R-4C15 METROLOGY 0 0 0 1 0 0 76.70097958245263 -66.90149365737778 143.1 41.34063937330485 -93.01244059814003 64.60779 103.39152 -999.0 -999.0 -999.0 -999.0 -999.0 282.7097536246309 3.9738415275405075 282.7008843486491 4.0136754075491465 59.2160536100058 156.59968262342917 -999.0 6231.0 -999.0 -1 -999 {-999.0 -999.0 -999.0 -999.0 -999.0} "" -999.0 -999.0 -999.0 -999.0 -999 -999 "" "" "" "" 0 0 0.0 0.0 -999 ""
FIBERMAP 103 R-8C3 APOGEE 1 1 0 1 0 0 -159.83990585838598 -175.5441075339212 143.1 -218.97298300841504 -91.78012545602654 316.2556 50.027325 281.5266435646417 3.983942822204298 -2.4790626 -4.2376714 0.16222863 281.5266419687272 3.9839285357216463 281.5178913058167 4.02063166819069 59.6002165276653 158.7923649397832 16000.0 16600.0 2016.0 2 267 {-999.0 18.962183 15.987261 14.5120945 -999.0} sdss_psfmag_ps1 17.286394 15.067685 13.719557 9.881 63050395645006863 1154116464 bright_1x1 mwm_galactic_core_dist_apogee_sparse mwm_galactic science 0 0 0.0 0.0 -999 ""
FIBERMAP 103 R-8C3 BOSS 0 0 0 1 0 0 -160.57137180870757 -175.64707461651923 143.1 -219.67970764698526 -91.56503336215972 316.2556 50.027325 -999.0 -999.0 -999.0 -999.0 -999.0 281.523470910386 3.9847932941925994 281.5146817295752 4.021602198447895 59.6021170399644 158.79780608601519 -999.0 5400.0 -999.0 1 476 {-999.0 -999.0 -999.0 -999.0 -999.0} "" -999.0 -999.0 -999.0 -999.0 -999 -999 "" "" "" "" 0 0 0.0 0.0 -999 ""
FIBERMAP 103 R-8C3 METROLOGY 0 0 0 1 0 0 -160.30094002368784 -174.9459222084762 143.1 -219.13879606842656 -91.04326217662015 316.2556 50.027325 -999.0 -999.0 -999.0 -999.0 -999.0 281.52589032690935 3.987174120854026 281.51710520629535 4.023956444831109 59.60362207238489 158.79183717386724 -999.0 6231.0 -999.0 -1 -999 {-999.0 -999.0 -999.0 -999.0 -999.0} "" -999.0 -999.0 -999.0 -999.0 -999 -999 "" "" "" "" 0 0 0.0 0.0 -999 ""
FIBERMAP 107 R-3C24 APOGEE 1 1 0 1 0 0 257.53374033143 -38.973965806606955 143.1 217.0993374193471 -143.94575538246332 134.47853 63.855766 283.50494384765625 3.7433476595167576 -999.0 -999.0 -999.0 283.5049361020581 3.7433288792713433 283.49660225007244 3.7851690929799795 58.7287721526866 155.30543741810843 16000.0 16600.0 2015.5 2 222 {-999.0 -999.0 -999.0 -999.0 -999.0} "" -999.0 -999.0 -999.0 -999.0 27021603150603816 849031230 "" ops_sky_apogee_good ops_sky sky_apogee 0 0 0.0 0.0 -999 ""
FIBERMAP 107 R-3C24 BOSS 0 0 0 1 0 0 258.2397995108748 -38.7416892324659 143.1 217.83755352830758 -144.0328737622471 134.47853 63.855766 -999.0 -999.0 -999.0 -999.0 -999.0 283.5082977227921 3.742824109048759 283.49992103353657 3.784789154149519 58.72725051660271 155.2997242985437 -999.0 5400.0 -999.0 1 253 {-999.0 -999.0 -999.0 -999.0 -999.0} "" -999.0 -999.0 -999.0 -999.0 -999 -999 "" "" "" "" 0 0 0.0 0.0 -999 ""
FIBERMAP 107 R-3C24 METROLOGY 0 0 0 1 0 0 258.08524300370175 -39.477295293279425 143.1 217.38718981398526 -144.63475332580649 134.47853 63.855766 -999.0 -999.0 -999.0 -999.0 -999.0 283.50623215237687 3.740142164774185 283.4978748595586 3.7820695589296154 58.72542399907458 155.3052500424125 -999.0 6231.0 -999.0 -1 -999 {-999.0 -999.0 -999.0 -999.0 -999.0} "" -999.0 -999.0 -999.0 -999.0 -999 -999 "" "" "" "" 0 0 0.0 0.0 -999 ""
FIBERMAP 110 R-1C13 APOGEE 1 1 0 1 0 0 -19.61280300954212 -22.718680902240195 143.1 -27.36575862224317 -12.330745335622105 156.20303 153.39986 282.39699320739885 4.3420287390751815 -2.153671 -5.8230195 -0.043827564 282.39699792735473 4.341985615778031 282.3872517297617 4.3808597417168675 59.666361593819055 156.93971069928088 16000.0 16600.0 2016.0 2 162 {-999.0 23.550606 24.016157 19.689667 -999.0} sdss_psfmag_ps1 21.039074 18.272041 16.577585 8.922 63050395645530976 1154123570 bright_1x1 mwm_galactic_core_dist_apogee_sparse mwm_galactic science 0 0 0.0 0.0 -999 ""
FIBERMAP 110 R-1C13 BOSS 0 0 0 1 0 0 -20.089615964206935 -22.153759132189943 143.1 -27.559907550386438 -11.617391858195134 156.20303 153.39986 -999.0 -999.0 -999.0 -999.0 -999.0 282.39614207162145 4.345118080753019 282.3863483879793 4.384102178197689 59.669719543432926 156.93927313174277 -999.0 5400.0 -999.0 1 346 {-999.0 -999.0 -999.0 -999.0 -999.0} "" -999.0 -999.0 -999.0 -999.0 -999 -999 "" "" "" "" 0 0 0.0 0.0 -999 ""
FIBERMAP 110 R-1C13 METROLOGY 0 0 0 1 0 0 -19.362826837714255 -22.007936183195188 143.1 -26.839351317022235 -11.791649453144926 156.20303 153.39986 -999.0 -999.0 -999.0 -999.0 -999.0 282.39942394203786 4.3443492581701 282.3896431218929 4.383309989731574 59.66788649820822 156.93365151961544 -999.0 6231.0 -999.0 -1 -999 {-999.0 -999.0 -999.0 -999.0 -999.0} "" -999.0 -999.0 -999.0 -999.0 -999 -999 "" "" "" "" 0 0 0.0 0.0 -999 ""
FIBERMAP 114 R-12C15 APOGEE 1 1 0 1 0 0 174.40279256780576 -239.7434565470179 143.1 57.049316902993866 -290.94925216893364 21.992975 66.40081 282.7767164331781 3.083535877741753 -3.4180503 -4.5660524 -0.3473989 282.7767355207681 3.08354907854891 282.77014625313615 3.12365294771481 58.353465229154736 157.04335055156395 16000.0 16600.0 2016.0 2 236 {-999.0 25.078835 21.672258 18.041061 -999.0} sdss_psfmag_ps1 21.176289 17.709919 16.025585 9.676 63050395644083477 1154111074 bright_1x1 mwm_galactic_core_dist_apogee_sparse mwm_galactic science 0 0 0.0 0.0 -999 ""
FIBERMAP 114 R-12C15 BOSS 0 0 0 1 0 0 174.3701669338867 -240.4864869837803 143.1 56.70639076748872 -291.60928329823275 21.992975 66.40081 -999.0 -999.0 -999.0 -999.0 -999.0 282.77520297049097 3.0805327290644593 282.7685801021666 3.1207521832989737 58.35123898017249 157.04798139154448 -999.0 5400.0 -999.0 1 258 {-999.0 -999.0 -999.0 -999.0 -999.0} "" -999.0 -999.0 -999.0 -999.0 -999 -999 "" "" "" "" 0 0 0.0 0.0 -999 ""
FIBERMAP 114 R-12C15 METROLOGY 0 0 0 1 0 0 173.73488460876501 -240.08214676069545 143.1 56.30082148505685 -290.9747196673141 21.992975 66.40081 -999.0 -999.0 -999.0 -999.0 -999.0 282.77337837203356 3.0833717027576637 282.7667602477317 3.1235521763073693 58.354480424594534 157.04950019737078 -999.0 6231.0 -999.0 -1 -999 {-999.0 -999.0 -999.0 -999.0 -999.0} "" -999.0 -999.0 -999.0 -999.0 -999 -999 "" "" "" "" 0 0 0.0 0.0 -999 ""
FIBERMAP 115 R-11C13 APOGEE 1 1 0 1 0 0 118.19966343732406 -200.3706965012367 143.1 22.68734554278555 -231.54429932925365 110.137726 23.64428 282.6224897510711 3.3482264942161595 -1.5537701 -3.0155869 -0.18610647 282.62248088934416 3.348238939174873 282.6152370821575 3.387892184968328 58.6537975447245 157.15727210068601 16000.0 16600.0 2016.0 2 166 {-999.0 25.508968 20.510096 17.724928 -999.0} sdss_psfmag_ps1 21.316399 17.90103 16.276659 10.576 63050395644106261 1156788793 bright_1x1 mwm_galactic_core_dist_apogee_extra mwm_galactic science 0 0 0.0 0.0 -999 ""
FIBERMAP 115 R-11C13 BOSS 0 0 0 1 0 0 118.71582795137455 -200.90036932898462 143.1 22.93204368123058 -232.2422834214262 110.137726 23.64428 -999.0 -999.0 -999.0 -999.0 -999.0 282.6236232490658 3.344959498333257 282.61634688051845 3.3847339339781173 58.650450650192724 157.1572448177693 -999.0 5400.0 -999.0 1 395 {-999.0 -999.0 -999.0 -999.0 -999.0} "" -999.0 -999.0 -999.0 -999.0 -999 -999 "" "" "" "" 0 0 0.0 0.0 -999 ""
FIBERMAP 115 R-11C13 METROLOGY 0 0 0 1 0 0 117.9961823701975 -201.08835913942116 143.1 22.200183265786293 -232.10927575939323 110.137726 23.64428 -999.0 -999.0 -999.0 -999.0 -999.0 282.6202916922622 3.345601087119775 282.6130256026773 3.3853334961369153 58.65210130640003 157.16289064391788 -999.0 6231.0 -999.0 -1 -999 {-999.0 -999.0 -999.0 -999.0 -999.0} "" -999.0 -999.0 -999.0 -999.0 -999 -999 "" "" "" "" 0 0 0.0 0.0 -999 ""
FIBERMAP 117 R-1C9 APOGEE 1 1 0 1 0 0 -83.73611756466073 -16.23639817256777 143.1 -82.77998535921513 20.58869290141749 42.875645 81.359436 282.1443470093923 4.492437427518577 -0.8822485 -3.2213595 0.19277047 282.14435138689396 4.492470448357836 282.1342451961663 4.530664710096323 59.89057991081332 157.31558311590578 16000.0 16600.0 2016.0 2 244 {-999.0 21.287014 19.469347 15.924833 -999.0} sdss_psfmag_ps1 19.567648 15.330166 13.675677 8.352 63050395645591796 1154124650 bright_1x1 mwm_galactic_core_dist_apogee_sparse mwm_galactic science 0 0 0.0 0.0 -999 ""
FIBERMAP 117 R-1C9 BOSS 0 0 0 1 0 0 -83.30097463022828 -16.837938109527983 143.1 -82.63906546250143 19.85970611831109 42.875645 81.359436 -999.0 -999.0 -999.0 -999.0 -999.0 282.14498236394246 4.489048494185248 282.13484618217905 4.527357075577801 59.88725728493361 157.31659860030967 -999.0 5400.0 -999.0 1 481 {-999.0 -999.0 -999.0 -999.0 -999.0} "" -999.0 -999.0 -999.0 -999.0 -999 -999 "" "" "" "" 0 0 0.0 0.0 -999 ""
FIBERMAP 117 R-1C9 METROLOGY 0 0 0 1 0 0 -84.04410675456778 -16.920834106884982 143.1 -83.34790503016667 20.097918632658125 42.875645 81.359436 -999.0 -999.0 -999.0 -999.0 -999.0 282.1417485830978 4.490168658185197 282.1316208054635 4.528436944282756 59.889324234064574 157.32195900593553 -999.0 6231.0 -999.0 -1 -999 {-999.0 -999.0 -999.0 -999.0 -999.0} "" -999.0 -999.0 -999.0 -999.0 -999 -999 "" "" "" "" 0 0 0.0 0.0 -999 ""
FIBERMAP 119 R0C6 APOGEE 0 0 0 1 0 0 -166.34147247963452 -11.675840000117658 143.1 -155.76436819631977 59.5594837397285 350.69293 80.863464 -999.0 -999.0 -999.0 -999.0 -999.0 281.81270162335716 4.669986868580719 281.80217261965737 4.707292240058362 60.16434300789582 157.82907722540062 -999.0 16600.0 -999.0 2 -999 {-999.0 -999.0 -999.0 -999.0 -999.0} "" -999.0 -999.0 -999.0 -999.0 -999 -999 "" "" "" "" 0 0 0.0 0.0 -999 ""
FIBERMAP 119 R0C6 BOSS 1 1 0 1 0 0 -166.54022817685845 -12.37902391118471 143.1 -156.24113967318206 59.005644086499494 350.69293 80.863464 281.81021936014594 4.667381276354168 -1.6790811 -5.222511 0.40656394 281.81051374171665 4.6673803779525835 281.7999541730872 4.7047916861541825 60.16267643559929 157.8348899879722 5400.0 5400.0 2016.0 1 494 {-999.0 14.724378 13.534496 13.025954 -999.0} sdss_psfmag_gaia 14.285062 13.518053 12.644832 11.172 63050395645656486 1068393873 bright_3x1 mwm_ob_core_boss mwm_ob science 0 0 1.018938422203064 0.0 -999 ""
FIBERMAP 119 R0C6 METROLOGY 0 0 0 1 0 0 -167.06965108103984 -11.838375857598944 143.1 -156.49323236615075 59.7191718046049 350.69293 80.863464 -999.0 -999.0 -999.0 -999.0 -999.0 281.80938077326414 4.670647945010303 281.7988235690488 4.708024209849094 60.16609949445784 157.83496880046255 -999.0 6231.0 -999.0 -1 -999 {-999.0 -999.0 -999.0 -999.0 -999.0} "" -999.0 -999.0 -999.0 -999.0 -999 -999 "" "" "" "" 0 0 0.0 0.0 -999 ""
FIBERMAP 120 R-7C13 APOGEE 1 1 0 1 0 0 33.56140066982793 -136.08987279537487 143.1 -26.956078119279617 -137.56111182084396 260.79257 12.539482 282.3976309972188 3.7724862166314574 -2.2834039 -4.8497705 0.16429563 282.3977244455029 3.7725429078503177 282.3894263544365 3.8115323270542314 59.127770901242506 157.3022355105452 16000.0 16600.0 2016.0 2 163 {-999.0 23.405985 19.240625 16.88207 -999.0} sdss_psfmag_ps1 20.761528 17.226948 15.687051 10.617 63050395644711738 1154115337 bright_1x1 mwm_galactic_core_dist_apogee_sparse mwm_galactic science 0 0 0.0 0.0 -999 ""
FIBERMAP 120 R-7C13 BOSS 0 0 0 1 0 0 33.52110759686032 -135.34094230304677 143.1 -26.67678751458577 -136.86498014998287 260.79257 12.539482 -999.0 -999.0 -999.0 -999.0 -999.0 282.3990309261678 3.7755221807052024 282.39068533483044 3.8146298218768777 59.13029147218923 157.29795711582068 -999.0 5400.0 -999.0 1 354 {-999.0 -999.0 -999.0 -999.0 -999.0} "" -999.0 -999.0 -999.0 -999.0 -999 -999 "" "" "" "" 0 0 0.0 0.0 -999 ""
FIBERMAP 120 R-7C13 METROLOGY 0 0 0 1 0 0 34.179687846954344 -135.66725145131156 143.1 -26.217185159518905 -137.43860908419856 260.79257 12.539482 -999.0 -999.0 -999.0 -999.0 -999.0 282.40111194944586 3.7729594406644082 282.39278393674095 3.8120402408151515 59.127161615627884 157.29573967090352 -999.0 6231.0 -999.0 -1 -999 {-999.0 -999.0 -999.0 -999.0 -999.0} "" -999.0 -999.0 -999.0 -999.0 -999 -999 "" "" "" "" 0 0 0.0 0.0 -999 ""
FIBERMAP 124 R-6C12 APOGEE 0 0 0 1 0 0 41.837002088357714 -115.12346834747515 143.1 -10.60998638442609 -122.038381356588 52.292435 59.580303 -999.0 -999.0 -999.0 -999.0 -999.0 282.47237389384514 3.8427098492593053 282.4638901269699 3.881877295317668 59.170009442432544 157.12051245707104 -999.0 16600.0 -999.0 2 -999 {-999.0 -999.0 -999.0 -999.0 -999.0} "" -999.0 -999.0 -999.0 -999.0 -999 -999 "" "" "" "" 0 0 0.0 0.0 -999 ""
FIBERMAP 124 R-6C12 BOSS 1 1 0 1 0 0 42.115623799940124 -115.80859404365081 143.1 -10.646250609846593 -122.77715876053159 52.292435 59.580303 282.47222900390625 3.8391435326871743 -999.0 -999.0 -999.0 282.4722359461537 3.8391888516833164 282.4637211010576 3.8784718368619813 59.1668472415253 157.12300052553772 5400.0 5400.0 2015.5 1 378 {-999.0 -999.0 -999.0 -999.0 -999.0} "" -999.0 -999.0 -999.0 -999.0 27021603150616695 820734416 "" ops_sky_boss_good ops_sky sky_boss 0 0 0.0 0.0 -999 ""
FIBERMAP 124 R-6C12 METROLOGY 0 0 0 1 0 0 41.38242033571885 -115.71509104031205 143.1 -11.271698129372519 -122.38317234070354 52.292435 59.580303 -999.0 -999.0 -999.0 -999.0 -999.0 282.4693775020877 3.8410272071328273 282.46086962175036 3.8802698193738467 59.16947805191681 157.12709573915447 -999.0 6231.0 -999.0 -1 -999 {-999.0 -999.0 -999.0 -999.0 -999.0} "" -999.0 -999.0 -999.0 -999.0 -999 -999 "" "" "" "" 0 0 0.0 0.0 -999 ""
FIBERMAP 126 R-7C19 APOGEE 0 0 0 1 0 0 207.3962809846306 -124.24541699193014 143.1 135.67451522348347 -200.12771162609 92.07469 45.38908 -999.0 -999.0 -999.0 -999.0 -999.0 283.1355217642901 3.489491974715619 283.127867192491 3.5304353664988493 58.617296748755706 156.13911808768236 -999.0 16600.0 -999.0 2 -999 {-999.0 -999.0 -999.0 -999.0 -999.0} "" -999.0 -999.0 -999.0 -999.0 -999 -999 "" "" "" "" 0 0 0.0 0.0 -999 ""
FIBERMAP 126 R-7C19 BOSS 1 1 0 1 0 0 207.95827869027107 -124.72907098407927 143.1 135.9801819341909 -200.80329340167478 92.07469 45.38908 283.1369359395735 3.4863317701582277 -0.6794592 -3.4721677 0.12722437 283.13693276558035 3.486322256498501 283.1292435252699 3.527387061145384 58.61396276271584 156.13863300149734 5400.0 5400.0 2016.0 1 320 {-999.0 19.335806 16.723251 15.398798 -999.0} sdss_psfmag_ps1 17.94795 15.963898 14.6370945 11.75 63050395645265360 1093381458 bright_3x1 mwm_astar_core_boss mwm_ob science 0 0 0.0 0.0 -999 ""
FIBERMAP 126 R-7C19 METROLOGY 0 0 0 1 0 0 207.2461583325519 -124.97625566759301 143.1 135.23018262355032 -200.72713784904332 92.07469 45.38908 -999.0 -999.0 -999.0 -999.0 -999.0 283.13353079784315 3.4866936831372155 283.125853031527 3.527716474114262 58.61542562832081 156.14452649709233 -999.0 6231.0 -999.0 -1 -999 {-999.0 -999.0 -999.0 -999.0 -999.0} "" -999.0 -999.0 -999.0 -999.0 -999 -999 "" "" "" "" 0 0 0.0 0.0 -999 ""
FIBERMAP 129 R-6C21 APOGEE 1 1 0 1 0 0 220.77926848296764 -96.50263715929609 143.1 159.50969223108135 -180.61389474782553 151.43895 52.276638 283.24401855468744 3.5774818718990815 -999.0 -999.0 -999.0 283.2440100567987 3.577479312465558 283.23612179500145 3.618683465115158 58.66320025947379 155.8859809794954 16000.0 16600.0 2015.5 2 194 {-999.0 -999.0 -999.0 -999.0 -999.0} "" -999.0 -999.0 -999.0 -999.0 27021603150603424 849031224 "" ops_sky_apogee_good ops_sky sky_apogee 0 0 0.0 0.0 -999 ""
FIBERMAP 129 R-6C21 BOSS 0 0 0 1 0 0 221.44416456230795 -96.17599610479056 143.1 160.25037522854925 -180.598083452858 151.43895 52.276638 -999.0 -999.0 -999.0 -999.0 -999.0 283.2474148920448 3.577421818644095 283.2394835234298 3.6187514902951525 58.662109082607294 155.8798792720766 -999.0 5400.0 -999.0 1 333 {-999.0 -999.0 -999.0 -999.0 -999.0} "" -999.0 -999.0 -999.0 -999.0 -999 -999 "" "" "" "" 0 0 0.0 0.0 -999 ""
FIBERMAP 129 R-6C21 METROLOGY 0 0 0 1 0 0 221.39267072747847 -96.92259087776527 143.1 159.8888360615137 -181.25338992453854 151.43895 52.276638 -999.0 -999.0 -999.0 -999.0 -999.0 283.24573793647295 3.574508141857385 283.23782627272084 3.6158010175457442 58.65990840242338 155.88481798475993 -999.0 6231.0 -999.0 -1 -999 {-999.0 -999.0 -999.0 -999.0 -999.0} "" -999.0 -999.0 -999.0 -999.0 -999 -999 "" "" "" "" 0 0 0.0 0.0 -999 ""
FIBERMAP 130 R-9C15 APOGEE 0 0 0 1 0 0 134.01528484385383 -178.03099868764045 143.1 46.44995132452756 -217.95592444686312 328.8937 130.93488 -999.0 -999.0 -999.0 -999.0 -999.0 282.7306135716415 3.409049784413149 282.7232043693557 3.4489688330414228 58.676067493196726 156.9229444537938 -999.0 16600.0 -999.0 2 -999 {-999.0 -999.0 -999.0 -999.0 -999.0} "" -999.0 -999.0 -999.0 -999.0 -999 -999 "" "" "" "" 0 0 0.0 0.0 -999 ""
FIBERMAP 130 R-9C15 BOSS 1 1 0 1 0 0 134.15536881924731 -178.74946739160472 143.1 46.27399833093086 -218.6665154512211 328.8937 130.93488 282.72987212954644 3.405756292159128 -9.246785 -14.846455 1.5214189 282.72984792144854 3.4057050905260495 282.7224061605027 3.445740192746697 58.67328298405252 156.92644148014685 5400.0 5400.0 2016.0 1 265 {-999.0 17.733263 16.026752 15.106654 -999.0} sdss_psfmag_ps1 16.935665 15.706924 14.617513 12.331 63050395644106756 939256568 bright_1x1 openfibertargets_nov2020_34a open_fiber science 0 0 0.0 0.0 -999 ""
FIBERMAP 130 R-9C15 METROLOGY 0 0 0 1 0 0 133.45242599676249 -178.5207454576786 143.1 45.733014257759535 -218.16267187350113 328.8937 130.93488 -999.0 -999.0 -999.0 -999.0 -999.0 282.72738999991765 3.408009158538617 282.71995431081984 3.448004209981165 58.67622803345209 156.92944743827525 -999.0 6231.0 -999.0 -1 -999 {-999.0 -999.0 -999.0 -999.0 -999.0} "" -999.0 -999.0 -999.0 -999.0 -999 -999 "" "" "" "" 0 0 0.0 0.0 -999 ""
FIBERMAP 136 R-10C12 APOGEE 0 0 0 1 0 0 78.42965234800218 -190.73866397123118 143.1 -9.314721802459974 -206.03857459905137 6.903127 127.9686 -999.0 -999.0 -999.0 -999.0 -999.0 282.47745129479085 3.463062113558367 282.4699311527456 3.5023189711105154 58.80922784900397 157.34966735722327 -999.0 16600.0 -999.0 2 -999 {-999.0 -999.0 -999.0 -999.0 -999.0} "" -999.0 -999.0 -999.0 -999.0 -999 -999 "" "" "" "" 0 0 0.0 0.0 -999 ""
FIBERMAP 136 R-10C12 BOSS 1 1 0 1 0 0 78.94268311841284 -191.2342431252117 143.1 -9.058487858112931 -206.7043205884627 6.903127 127.9686 282.4786844862845 3.459949342476197 -11.2983055 -18.404604 1.1926359 282.47864737582444 3.4599004069649495 282.4710949387034 3.4992779601764714 58.805974464058714 157.34945078090848 5400.0 5400.0 2016.0 1 369 {-999.0 18.434492 16.04419 14.912221 -999.0} sdss_psfmag_ps1 17.202986 15.443921 14.19901 11.156 63050395644701734 939258632 bright_1x1 openfibertargets_nov2020_34a open_fiber science 0 0 0.0 0.0 -999 ""
FIBERMAP 136 R-10C12 METROLOGY 0 0 0 1 0 0 78.23938331880323 -191.46009288459652 143.1 -9.791491496113215 -206.61253793877026 6.903127 127.9686 -999.0 -999.0 -999.0 -999.0 -999.0 282.4753056417561 3.460365531058449 282.4677637676828 3.4997012374095307 58.80745345844572 157.3552582407508 -999.0 6231.0 -999.0 -1 -999 {-999.0 -999.0 -999.0 -999.0 -999.0} "" -999.0 -999.0 -999.0 -999.0 -999 -999 "" "" "" "" 0 0 0.0 0.0 -999 ""
FIBERMAP 138 R-2C24 APOGEE 0 0 0 1 0 0 227.6164670057555 -42.424839030595464 143.1 188.51471276424132 -134.45874202897147 232.71393 67.18912 -999.0 -999.0 -999.0 -999.0 -999.0 283.3768023956072 3.785790016712924 283.36837382560356 3.8272928921558216 58.81309415295632 155.50804545333412 -999.0 16600.0 -999.0 2 -999 {-999.0 -999.0 -999.0 -999.0 -999.0} "" -999.0 -999.0 -999.0 -999.0 -999 -999 "" "" "" "" 0 0 0.0 0.0 -999 ""
FIBERMAP 138 R-2C24 BOSS 1 1 0 1 0 0 227.23849256172895 -41.78897418806512 143.1 188.44010902808114 -133.72273730525572 232.71393 67.18912 283.3765536841435 3.788935539871738 1.0450627 -2.0310967 0.74126875 283.3765677675828 3.7889757218532893 283.3680878714622 3.830593179035667 58.81628613195586 155.50633485913048 5400.0 5400.0 2016.0 1 260 {-999.0 20.16816 17.917236 16.568186 -999.0} sdss_psfmag_ps1 19.068964 17.229918 15.963175 12.226 63050395645280751 939261147 bright_1x1 openfibertargets_nov2020_34a open_fiber science 0 0 0.0 0.0 -999 ""
FIBERMAP 138 R-2C24 METROLOGY 0 0 0 1 0 0 227.97819154535281 -41.77229222157338 143.1 189.11791249003954 -134.0195457779352 232.71393 67.18912 -999.0 -999.0 -999.0 -999.0 -999.0 283.3795918928006 3.7876787700422874 283.3711272393939 3.829271430669332 58.81398801769367 155.50173937858537 -999.0 6231.0 -999.0 -1 -999 {-999.0 -999.0 -999.0 -999.0 -999.0} "" -999.0 -999.0 -999.0 -999.0 -999 -999 "" "" "" "" 0 0 0.0 0.0 -999 ""
FIBERMAP 140 R-4C12 APOGEE 0 0 0 1 0 0 -14.198105374663795 -69.39639593158907 143.1 -42.1399384846006 -56.94211203394898 171.94098 91.62865 -999.0 -999.0 -999.0 -999.0 -999.0 282.3291053101804 4.13900083301129 282.3198820628452 4.177740529870877 59.49659080773012 157.1968397599151 -999.0 16600.0 -999.0 2 -999 {-999.0 -999.0 -999.0 -999.0 -999.0} "" -999.0 -999.0 -999.0 -999.0 -999 -999 "" "" "" "" 0 0 0.0 0.0 -999 ""
FIBERMAP 140 R-4C12 BOSS 1 1 0 1 0 0 -14.140339937020432 -68.66302900725333 143.1 -41.77829041754378 -56.301445521712004 171.94098 91.62865 282.3307800292969 4.141790182396335 -999.0 -999.0 -999.0 282.33077816981614 4.1417684771332866 282.3215082912168 4.180625641972683 59.49878747164887 157.19196222707893 5400.0 5400.0 2015.5 1 365 {-999.0 -999.0 -999.0 -999.0 -999.0} "" -999.0 -999.0 -999.0 -999.0 27021603150617333 820734952 "" ops_sky_boss_good ops_sky sky_boss 0 0 0.0 0.0 -999 ""
FIBERMAP 140 R-4C12 METROLOGY 0 0 0 1 0 0 -13.52191889599558 -69.08106463504828 143.1 -41.3937866064061 -56.94131780837562 171.94098 91.62865 -999.0 -999.0 -999.0 -999.0 -999.0 282.3325210235663 4.13888887482179 282.3232694747819 4.177718881887226 59.49546625556777 157.19056347537528 -999.0 6231.0 -999.0 -1 -999 {-999.0 -999.0 -999.0 -999.0 -999.0} "" -999.0 -999.0 -999.0 -999.0 -999 -999 "" "" "" "" 0 0 0.0 0.0 -999 ""
FIBERMAP 142 R0C2 APOGEE 1 1 0 1 0 0 -250.1987649840513 10.149393612734855 143.1 -222.6033977222446 114.71405494534659 93.12026 36.972527 281.51196852592443 4.919156755486952 -3.4144442 -8.777159 0.091297284 281.5119529766932 4.9191282407412125 281.5008137981203 4.955610033899483 60.494743877417015 158.24638100478663 16000.0 16600.0 2016.0 2 295 {-999.0 18.24895 15.806153 14.565915 -999.0} sdss_psfmag_ps1 16.95721 15.146996 13.8881645 10.465 63050395645685588 1154125222 bright_1x1 mwm_galactic_core_dist_apogee_sparse mwm_galactic science 0 0 0.0 0.0 -999 ""
FIBERMAP 142 R0C2 BOSS 0 0 0 1 0 0 -249.76362334802297 9.548301136943836 143.1 -222.46229030564163 113.98547447333841 93.12026 36.972527 -999.0 -999.0 -999.0 -999.0 -999.0 281.5125818143665 4.915741912254966 281.50141494973866 4.952335788578566 60.49144660228298 158.24730552845446 -999.0 5400.0 -999.0 1 423 {-999.0 -999.0 -999.0 -999.0 -999.0} "" -999.0 -999.0 -999.0 -999.0 -999 -999 "" "" "" "" 0 0 0.0 0.0 -999 ""
FIBERMAP 142 R0C2 METROLOGY 0 0 0 1 0 0 -250.5061205198712 9.470750090616008 143.1 -223.16830008943336 114.22826609452167 93.12026 36.972527 -999.0 -999.0 -999.0 -999.0 -999.0 281.5094111527702 4.916852196494029 281.49825202021054 4.953406561996712 60.49344920903652 158.2527023348326 -999.0 6231.0 -999.0 -1 -999 {-999.0 -999.0 -999.0 -999.0 -999.0} "" -999.0 -999.0 -999.0 -999.0 -999 -999 "" "" "" "" 0 0 0.0 0.0 -999 ""
FIBERMAP 144 R-4C4 APOGEE 0 0 0 1 0 0 -169.97988216543462 -96.6613467491427 143.1 -194.90266848818328 -15.97212748572793 357.93402 40.65591 -999.0 -999.0 -999.0 -999.0 -999.0 281.63474116729304 4.327103233726064 281.62510414980693 4.364017304974102 59.89401488823814 158.38063302294518 -999.0 16600.0 -999.0 2 -999 {-999.0 -999.0 -999.0 -999.0 -999.0} "" -999.0 -999.0 -999.0 -999.0 -999 -999 "" "" "" "" 0 0 0.0 0.0 -999 ""
FIBERMAP 144 R-4C4 BOSS 1 1 0 1 0 0 -170.56664165884035 -97.13427825304014 143.1 -195.63418786132712 -16.15354755367864 357.93402 40.65591 281.6314169988692 4.326175218645388 -0.7937549 -1.8966755 0.3121808 281.6314222869814 4.326169675072505 281.62175107104883 4.363187947366104 59.89426524042739 158.3874822755458 5400.0 5400.0 2016.0 1 455 {-999.0 19.124472 17.552843 16.713413 16.038448} sdss_psfmag_from_ps1dr2 18.4751 17.4073 16.3752 14.346 63050395645037963 1040113866 "" ops_std_boss_ps1dr2 ops_std standard_boss 0 0 0.0 0.0 -999 ""
FIBERMAP 144 R-4C4 METROLOGY 0 0 0 1 0 0 -170.67669075307217 -96.39466384247939 143.1 -195.42208156791813 -15.436447255807332 357.93402 40.65591 -999.0 -999.0 -999.0 -999.0 -999.0 281.6323821630357 4.329455532460028 281.6227129207482 4.366443719631043 59.89706200516975 158.38364834760637 -999.0 6231.0 -999.0 -1 -999 {-999.0 -999.0 -999.0 -999.0 -999.0} "" -999.0 -999.0 -999.0 -999.0 -999 -999 "" "" "" "" 0 0 0.0 0.0 -999 ""
FIBERMAP 146 R-8C5 APOGEE 1 1 0 1 0 0 -114.63298550213645 -169.07209234972754 143.1 -175.24947414812084 -104.9752724192926 265.90735 111.70081 281.7238749297229 3.923145030360113 -0.81781685 -2.8147805 0.344557 281.72388204454955 3.923128105258825 281.71526716065927 3.9603518722374735 59.48236256359196 158.45925859290776 16000.0 16600.0 2016.0 2 265 {-999.0 19.001059 16.154034 14.72833 -999.0} sdss_psfmag_ps1 17.41837 15.207176 13.860512 10.086 63050395644747433 1154115535 bright_1x1 mwm_galactic_core_dist_apogee_sparse mwm_galactic science 0 0 0.0 0.0 -999 ""
FIBERMAP 146 R-8C5 BOSS 0 0 0 1 0 0 -115.34359169786502 -169.30699388905683 143.1 -175.9929205149976 -104.88861688527979 265.90735 111.70081 -999.0 -999.0 -999.0 -999.0 -999.0 281.7205171437906 3.9233993679460446 281.7118645602915 3.9607288924599646 59.483771457432866 158.46538551619287 -999.0 5400.0 -999.0 1 480 {-999.0 -999.0 -999.0 -999.0 -999.0} "" -999.0 -999.0 -999.0 -999.0 -999 -999 "" "" "" "" 0 0 0.0 0.0 -999 ""
FIBERMAP 146 R-8C5 METROLOGY 0 0 0 1 0 0 -115.18887230949632 -168.573168480717 143.1 -175.5431600106922 -104.28842072838766 265.90735 111.70081 -999.0 -999.0 -999.0 -999.0 -999.0 281.7225409118821 3.92614307725695 281.7138917113977 3.963444820713472 59.4857283217557 158.45994315982043 -999.0 6231.0 -999.0 -1 -999 {-999.0 -999.0 -999.0 -999.0 -999.0} "" -999.0 -999.0 -999.0 -999.0 -999 -999 "" "" "" "" 0 0 0.0 0.0 -999 ""
FIBERMAP 147 R-3C3 APOGEE 1 1 0 1 0 0 -231.98341285480396 -57.71777329372529 143.1 -234.70550949651914 45.489700663619864 221.69342 66.36867 281.45599365234375 4.605920344781524 -999.0 -999.0 -999.0 281.455988483891 4.605908123874382 281.4456556029494 4.642306653307452 60.214018906385434 158.54878605694412 16000.0 16600.0 2015.5 2 278 {-999.0 -999.0 -999.0 -999.0 -999.0} "" -999.0 -999.0 -999.0 -999.0 27021603150620364 848237988 "" ops_sky_apogee_best ops_sky sky_apogee 0 0 0.0 0.0 -999 ""
FIBERMAP 147 R-3C3 BOSS 0 0 0 1 0 0 -232.21980973122012 -57.00464279942902 143.1 -234.61914544024026 46.236066690378145 221.69342 66.36867 -999.0 -999.0 -999.0 -999.0 -999.0 281.4563944474475 4.609182689332583 281.4460169650286 4.645692820504675 60.21712872405363 158.5459930283042 -999.0 5400.0 -999.0 1 442 {-999.0 -999.0 -999.0 -999.0 -999.0} "" -999.0 -999.0 -999.0 -999.0 -999 -999 "" "" "" "" 0 0 0.0 0.0 -999 ""
FIBERMAP 147 R-3C3 METROLOGY 0 0 0 1 0 0 -231.46822810121597 -57.17572270084445 143.1 -234.0097470480507 45.76398234737389 221.69342 66.36867 -999.0 -999.0 -999.0 -999.0 -999.0 281.4591199951696 4.607078655966917 281.44875789322674 4.643564722406969 60.214261429557766 158.54208377496812 -999.0 6231.0 -999.0 -1 -999 {-999.0 -999.0 -999.0 -999.0 -999.0} "" -999.0 -999.0 -999.0 -999.0 -999 -999 "" "" "" "" 0 0 0.0 0.0 -999 ""
FIBERMAP 148 R-10C10 APOGEE 0 0 0 1 0 0 12.339932391303101 -211.98312670343034 143.1 -78.204660026152 -197.43286033578465 294.45874 51.98578 -999.0 -999.0 -999.0 -999.0 -999.0 282.16450222815956 3.5030776440895894 282.15691253419135 3.541520761893452 58.946560917278106 157.89788074508937 -999.0 16600.0 -999.0 2 -999 {-999.0 -999.0 -999.0 -999.0 -999.0} "" -999.0 -999.0 -999.0 -999.0 -999 -999 "" "" "" "" 0 0 0.0 0.0 -999 ""
FIBERMAP 148 R-10C10 BOSS 1 1 0 1 0 0 11.610080187558365 -211.8005653436689 143.1 -78.7895120886677 -196.95952789947984 294.45874 51.98578 282.161865234375 3.505071094673994 -999.0 -999.0 -999.0 282.16186734489696 3.505063003401068 282.15423382379936 3.5436155670939677 58.949395153210844 157.90150944024575 5400.0 5400.0 2015.5 1 370 {-999.0 -999.0 -999.0 -999.0 -999.0} "" -999.0 -999.0 -999.0 -999.0 27021603150592810 852914912 "" ops_sky_boss_fallback ops_sky sky_boss 0 0 0.0 0.0 -999 ""
FIBERMAP 148 R-10C10 METROLOGY 0 0 0 1 0 0 12.125148574919669 -211.2686129577742 143.1 -78.0981136424634 -196.69435432751504 294.45874 51.98578 -999.0 -999.0 -999.0 -999.0 -999.0 282.1649963739908 3.5062806792060375 282.1573704958472 3.5448080011778598 58.949533700370054 157.89502000685997 -999.0 6231.0 -999.0 -1 -999 {-999.0 -999.0 -999.0 -999.0 -999.0} "" -999.0 -999.0 -999.0 -999.0 -999 -999 "" "" "" "" 0 0 0.0 0.0 -999 ""
FIBERMAP 153 R-7C3 APOGEE 1 1 0 1 0 0 -152.47929985988165 -126.91248521658565 143.1 -191.7900177599192 -50.7843594770759 65.31047 76.07407 281.6488084539142 4.1691108605885505 -4.4908843 -4.120906 -0.003477937 281.6487904112338 4.169085892492617 281.6395554241962 4.206067344166829 59.73938617898391 158.45083709853662 16000.0 16600.0 2016.0 2 300 {-999.0 20.738676 17.59282 15.633695 -999.0} sdss_psfmag_ps1 18.873125 16.16847 14.689456 10.371 63050395645016522 1154116482 bright_1x1 mwm_galactic_core_dist_apogee_sparse mwm_galactic science 0 0 0.0 0.0 -999 ""
FIBERMAP 153 R-7C3 BOSS 0 0 0 1 0 0 -151.8971597794736 -127.35883755889787 143.1 -191.4503553348079 -51.43460980709755 65.31047 76.07407 -999.0 -999.0 -999.0 -999.0 -999.0 281.6503141269675 4.166004355991574 281.64104984692943 4.203103669630603 59.73610664072729 158.449846364176 -999.0 5400.0 -999.0 1 446 {-999.0 -999.0 -999.0 -999.0 -999.0} "" -999.0 -999.0 -999.0 -999.0 -999 -999 "" "" "" "" 0 0 0.0 0.0 -999 ""
FIBERMAP 153 R-7C3 METROLOGY 0 0 0 1 0 0 -152.57094868536745 -127.65585251922728 143.1 -192.1866089444587 -51.41980561513561 65.31047 76.07407 -999.0 -999.0 -999.0 -999.0 -999.0 281.64698843919064 4.166117849943042 281.637734684673 4.2031764511750564 59.737199655171366 158.45603952292254 -999.0 6231.0 -999.0 -1 -999 {-999.0 -999.0 -999.0 -999.0 -999.0} "" -999.0 -999.0 -999.0 -999.0 -999 -999 "" "" "" "" 0 0 0.0 0.0 -999 ""
FIBERMAP 155 R-11C15 APOGEE 0 0 0 1 0 0 136.54830363808813 -194.05547273741755 143.1 41.989299983925825 -233.55531453100457 179.57181 34.68922 -999.0 -999.0 -999.0 -999.0 -999.0 282.71002627528543 3.33913323904331 282.7027964476952 3.3790135174785902 58.61673732737202 157.00422712886103 -999.0 16600.0 -999.0 2 -999 {-999.0 -999.0 -999.0 -999.0 -999.0} "" -999.0 -999.0 -999.0 -999.0 -999 -999 "" "" "" "" 0 0 0.0 0.0 -999 ""
FIBERMAP 155 R-11C15 BOSS 1 1 0 1 0 0 137.15080416055008 -193.62115902215703 143.1 42.718808151196995 -233.4155516661014 179.57181 34.68922 282.7133692304926 3.339618074641072 7.689477 1.103301 1.5806547 282.71338493326147 3.3396084603312755 282.7061124686143 3.3796149314552686 58.61621577522632 156.99784463611095 5400.0 5400.0 2016.0 1 267 {-999.0 17.935154 16.108603 15.2759905 -999.0} sdss_psfmag_ps1 17.069212 15.875245 14.806919 12.465 63050395644106093 980589090 "" ops_std_boss_tic ops_std standard_boss 0 0 0.0 0.0 -999 ""
FIBERMAP 155 R-11C15 METROLOGY 0 0 0 1 0 0 137.22653000189194 -194.36639230893604 143.1 42.47320757307397 -234.123272893292 179.57181 34.68922 -999.0 -999.0 -999.0 -999.0 -999.0 282.7122422794946 3.336481227617876 282.7049895055624 3.3764520636454702 58.61359809173105 157.0018761372487 -999.0 6231.0 -999.0 -1 -999 {-999.0 -999.0 -999.0 -999.0 -999.0} "" -999.0 -999.0 -999.0 -999.0 -999 -999 "" "" "" "" 0 0 0.0 0.0 -999 ""
FIBERMAP 159 R-8C14 APOGEE 0 0 0 1 0 0 92.5876105563428 -167.4405713899132 143.1 13.348854971934921 -190.88206759222905 277.97806 123.558556 -999.0 -999.0 -999.0 -999.0 -999.0 282.5806798182368 3.5310387662576197 282.5729765916093 3.57054750324379 58.84019875021273 157.11887119442616 -999.0 16600.0 -999.0 2 -999 {-999.0 -999.0 -999.0 -999.0 -999.0} "" -999.0 -999.0 -999.0 -999.0 -999 -999 "" "" "" "" 0 0 0.0 0.0 -999 ""
FIBERMAP 159 R-8C14 BOSS 1 1 0 1 0 0 92.03712939726631 -167.94246485551236 143.1 12.638019811228908 -191.10504955079955 277.97806 123.558556 282.57745044189846 3.5298697304526416 2.1165006 3.3898487 1.3774341 282.57748715678093 3.5298717040999303 282.56974669180175 3.5694891542675853 58.84025466295387 157.1254276044538 5400.0 5400.0 2016.0 1 327 {-999.0 19.22506 17.277254 16.163229 -999.0} sdss_psfmag_ps1 18.30584 16.865847 15.715278 13.226 63050395644702679 939258651 bright_1x1 openfibertargets_nov2020_34a open_fiber science 0 0 0.0 0.0 -999 ""
FIBERMAP 159 R-8C14 METROLOGY 0 0 0 1 0 0 91.8749951563369 -167.2195707741081 143.1 12.795843550553412 -190.3811468161087 277.97806 123.558556 -999.0 -999.0 -999.0 -999.0 -999.0 282.5782031334267 3.5331756356894077 282.57046569487795 3.5727611809686635 58.84311118384245 157.12204594205014 -999.0 6231.0 -999.0 -1 -999 {-999.0 -999.0 -999.0 -999.0 -999.0} "" -999.0 -999.0 -999.0 -999.0 -999 -999 "" "" "" "" 0 0 0.0 0.0 -999 ""
FIBERMAP 160 R+8C5 APOGEE 1 1 0 1 0 0 -115.92563867056846 163.2359303217358 143.1 -36.28520413596742 196.91104385765473 69.146225 153.42137 282.3591041040432 5.29198821090285 -3.651401 -6.657854 -0.112217374 282.359068174782 5.291960024401797 282.3469036592107 5.3305504664450325 60.574842048420436 156.37834539073773 16000.0 16600.0 2016.0 2 92 {-999.0 21.958527 18.385712 16.270643 -999.0} sdss_psfmag_ps1 19.714115 16.741589 15.221258 10.485 63050395645766066 1154126097 bright_1x1 mwm_galactic_core_dist_apogee_sparse mwm_galactic science 0 0 0.0 0.0 -999 ""
FIBERMAP 160 R+8C5 BOSS 0 0 0 1 0 0 -115.3933952784924 163.758273438865 143.1 -35.58228346565519 197.16026080919474 69.146225 153.42137 -999.0 -999.0 -999.0 -999.0 -999.0 282.36230536450455 5.293019630240115 282.3500987074764 5.331726603311477 60.574872096421274 156.37144198049842 -999.0 5400.0 -999.0 1 68 {-999.0 -999.0 -999.0 -999.0 -999.0} "" -999.0 -999.0 -999.0 -999.0 -999 -999 "" "" "" "" 0 0 0.0 0.0 -999 ""
FIBERMAP 160 R+8C5 METROLOGY 0 0 0 1 0 0 -115.20739328580177 163.0311303590847 143.1 -35.720255450580474 196.42243984116132 69.146225 153.42137 -999.0 -999.0 -999.0 -999.0 -999.0 282.36165478978387 5.289719539974557 282.34946771365657 5.3283947678715196 60.57194956459256 156.37494062144145 -999.0 6231.0 -999.0 -1 -999 {-999.0 -999.0 -999.0 -999.0 -999.0} "" -999.0 -999.0 -999.0 -999.0 -999 -999 "" "" "" "" 0 0 0.0 0.0 -999 ""
FIBERMAP 162 R-9C14 APOGEE 1 1 0 1 0 0 108.13860777734885 -189.59383108807518 143.1 18.10852522048509 -217.5288860235877 322.72092 89.00237 282.5998323007748 3.411098399759559 -0.4542524 -3.222252 0.038246363 282.60191902737796 3.4111299263839183 282.5945178409995 3.4507175366696603 58.71993213184617 157.15534697633515 16000.0 16600.0 2016.0 2 192 {-999.0 24.59207 19.881804 17.054804 -999.0} sdss_psfmag_ps1 21.121475 17.235758 15.635055 10.132 63050395644107801 1154111613 bright_1x1 mwm_galactic_core_dist_apogee_sparse mwm_galactic science 0 0 0.0 0.0 -999 ""
FIBERMAP 162 R-9C14 BOSS 0 0 0 1 0 0 107.70507489007876 -190.1844214146603 143.1 17.466336213415822 -217.88161728875187 322.72092 89.00237 -999.0 -999.0 -999.0 -999.0 -999.0 282.5990401462701 3.4093924287797606 282.5916030176091 3.4490902547550752 58.7193457607374 157.16166736945118 -999.0 5400.0 -999.0 1 328 {-999.0 -999.0 -999.0 -999.0 -999.0} "" -999.0 -999.0 -999.0 -999.0 -999 -999 "" "" "" "" 0 0 0.0 0.0 -999 ""
FIBERMAP 162 R-9C14 METROLOGY 0 0 0 1 0 0 107.40112412874916 -189.50280831426363 143.1 17.478150445626234 -217.13534372612668 322.72092 89.00237 -999.0 -999.0 -999.0 -999.0 -999.0 282.59909326806445 3.4127844958614815 282.5916590492118 3.4524485272595657 58.72250114386738 157.15945062891464 -999.0 6231.0 -999.0 -1 -999 {-999.0 -999.0 -999.0 -999.0 -999.0} "" -999.0 -999.0 -999.0 -999.0 -999 -999 "" "" "" "" 0 0 0.0 0.0 -999 ""
FIBERMAP 167 R-6C5 APOGEE 1 1 0 1 0 0 -149.81351059837684 -107.82255452351563 143.1 -181.3222972025266 -34.59754514501546 182.15082 79.26799 281.6960795387543 4.242417698622221 -4.1164536 -5.8358116 0.1532324 281.69608804242193 4.242401369848239 281.68666145054374 4.279490266928554 59.79458517074636 158.31685998877197 16000.0 16600.0 2016.0 2 251 {-999.0 19.298458 16.494953 14.695014 -999.0} sdss_psfmag_ps1 17.699295 15.267745 13.875645 9.943 63050395645017590 1154116513 bright_1x1 mwm_galactic_core_dist_apogee_sparse mwm_galactic science 0 0 0.0 0.0 -999 ""
FIBERMAP 167 R-6C5 BOSS 0 0 0 1 0 0 -149.73397194387917 -107.08771292016657 143.1 -180.94028302015218 -33.96472328267135 182.15082 79.26799 -999.0 -999.0 -999.0 -999.0 -999.0 281.6978000377949 4.245146773930862 281.6883291233609 4.28235251723068 59.79678675821415 158.31194616920072 -999.0 5400.0 -999.0 1 457 {-999.0 -999.0 -999.0 -999.0 -999.0} "" -999.0 -999.0 -999.0 -999.0 -999 -999 "" "" "" "" 0 0 0.0 0.0 -999 ""
FIBERMAP 167 R-6C5 METROLOGY 0 0 0 1 0 0 -149.1338271975114 -107.5272736662646 143.1 -180.58142967149774 -34.616407591034694 182.15082 79.26799 -999.0 -999.0 -999.0 -999.0 -999.0 281.6994226562924 4.242217267819359 281.68996958851346 4.27939576563671 59.79346745161916 158.3106879133484 -999.0 6231.0 -999.0 -1 -999 {-999.0 -999.0 -999.0 -999.0 -999.0} "" -999.0 -999.0 -999.0 -999.0 -999 -999 "" "" "" "" 0 0 0.0 0.0 -999 ""
FIBERMAP 170 R-2C20 APOGEE 0 0 0 1 0 0 136.99972422959797 -38.20279604346249 143.1 108.12274614055411 -92.41646651189397 223.56761 62.83167 -999.0 -999.0 -999.0 -999.0 -999.0 283.0139561527266 3.9761479092658116 283.00508086831167 4.016680899611426 59.11614777704729 156.04061812532257 -999.0 16600.0 -999.0 2 -999 {-999.0 -999.0 -999.0 -999.0 -999.0} "" -999.0 -999.0 -999.0 -999.0 -999 -999 "" "" "" "" 0 0 0.0 0.0 -999 ""
FIBERMAP 170 R-2C20 BOSS 1 1 0 1 0 0 136.77701646048772 -37.48212244420866 143.1 108.2247046323404 -91.66903308638402 223.56761 62.83167 283.0142017829772 3.9794274968153402 0.020434504 -2.0190823 0.6325302 283.01452222459784 3.9793889207059747 283.00559674579466 4.020037483257531 59.119125379246995 156.03743739989596 5400.0 5400.0 2016.0 1 298 {-999.0 15.924197 13.982925 12.4542885 -999.0} sdss_psfmag_gaia 14.8140545 13.179166 11.955398 9.471 63050395645507023 1068393851 bright_3x1 mwm_ob_core_boss mwm_ob science 0 0 1.2352876663208008 0.0 -999 ""
FIBERMAP 170 R-2C20 METROLOGY 0 0 0 1 0 0 137.5054394808398 -37.6542396970648 143.1 108.81266504107073 -92.13229197602323 223.56761 62.83167 -999.0 -999.0 -999.0 -999.0 -999.0 283.0171656024583 3.977321713551844 283.0082569828278 4.01794496414132 59.11625075555908 156.03397557712492 -999.0 6231.0 -999.0 -1 -999 {-999.0 -999.0 -999.0 -999.0 -999.0} "" -999.0 -999.0 -999.0 -999.0 -999 -999 "" "" "" "" 0 0 0.0 0.0 -999 ""
FIBERMAP 171 R-12C7 APOGEE 0 0 0 1 0 0 -37.93453280975695 -222.66126156978277 143.1 -128.29723198945496 -185.91486011268285 185.15573 71.5773 -999.0 -999.0 -999.0 -999.0 -999.0 281.937328976676 3.5563061253276254 281.9296271044325 3.5941532923666473 59.06783900688631 158.28394858342662 -999.0 16600.0 -999.0 2 -999 {-999.0 -999.0 -999.0 -999.0 -999.0} "" -999.0 -999.0 -999.0 -999.0 -999 -999 "" "" "" "" 0 0 0.0 0.0 -999 ""
FIBERMAP 171 R-12C7 BOSS 1 1 0 1 0 0 -37.77195321797238 -221.93956002966246 143.1 -127.84545646588032 -185.32897273482195 185.15573 71.5773 281.9393920898437 3.558794676634463 -999.0 -999.0 -999.0 281.9393810420347 3.5587804722384417 281.9316344254982 3.596748717341984 59.069680445359374 158.27867101903036 5400.0 5400.0 2015.5 1 404 {-999.0 -999.0 -999.0 -999.0 -999.0} "" -999.0 -999.0 -999.0 -999.0 27021603150592528 852914771 "" ops_sky_boss_fallback ops_sky sky_boss 0 0 0.0 0.0 -999 ""
FIBERMAP 171 R-12C7 METROLOGY 0 0 0 1 0 0 -37.224362812063355 -222.43252470155275 143.1 -127.55678085466008 -186.0069219023046 185.15573 71.5773 -999.0 -999.0 -999.0 -999.0 -999.0 281.9406915623911 3.5557603155418405 281.9329633303797 3.5936996000675343 59.06636978922447 158.27806913563614 -999.0 6231.0 -999.0 -1 -999 {-999.0 -999.0 -999.0 -999.0 -999.0} "" -999.0 -999.0 -999.0 -999.0 -999 -999 "" "" "" "" 0 0 0.0 0.0 -999 ""
FIBERMAP 177 R-4C3 APOGEE 1 1 0 1 0 0 -217.47452321757692 -64.98113958231697 143.1 -224.61167048439304 32.78469297588195 194.94684 51.560165 281.5011872106176 4.548406285789469 -2.3428614 -4.358602 0.091056794 281.50117935451743 4.54838992035285 281.49098939800865 4.584916221359853 60.14547785974191 158.49800667269065 16000.0 16600.0 2016.0 2 286 {-999.0 17.91206 15.537035 14.51415 -999.0} sdss_psfmag_ps1 16.659285 15.071406 13.855002 10.683 63050395645138986 1154116705 bright_1x1 mwm_galactic_core_dist_apogee_sparse mwm_galactic science 0 0 0.0 0.0 -999 ""
FIBERMAP 177 R-4C3 BOSS 0 0 0 1 0 0 -217.18522642263838 -64.30395601690833 143.1 -224.0637596893656 33.276773408184575 194.94684 51.560165 -999.0 -999.0 -999.0 -999.0 -999.0 281.50364881998695 4.5505149812399575 281.4934168298999 4.587158717349148 60.1468621740005 158.49199100898196 -999.0 5400.0 -999.0 1 443 {-999.0 -999.0 -999.0 -999.0 -999.0} "" -999.0 -999.0 -999.0 -999.0 -999 -999 "" "" "" "" 0 0 0.0 0.0 -999 ""
FIBERMAP 177 R-4C3 METROLOGY 0 0 0 1 0 0 -216.7262295899024 -64.89725939896111 143.1 -223.89773536134274 32.54519629439453 194.94684 51.560165 -999.0 -999.0 -999.0 -999.0 -999.0 281.5043842581603 4.5472301129869335 281.4941709033018 4.583844805895395 60.1434782666681 158.492613979099 -999.0 6231.0 -999.0 -1 -999 {-999.0 -999.0 -999.0 -999.0 -999.0} "" -999.0 -999.0 -999.0 -999.0 -999 -999 "" "" "" "" 0 0 0.0 0.0 -999 ""
FIBERMAP 179 R-4C8 APOGEE 0 0 0 1 0 0 -96.91554394654298 -66.94526223720854 143.1 -116.11551831172648 -19.836908076969202 124.10968 117.885475 -999.0 -999.0 -999.0 -999.0 -999.0 281.992096008462 4.308761152886669 281.9824722464656 4.346599614771304 59.76515459845787 157.71868254770678 -999.0 16600.0 -999.0 2 -999 {-999.0 -999.0 -999.0 -999.0 -999.0} "" -999.0 -999.0 -999.0 -999.0 -999 -999 "" "" "" "" 0 0 0.0 0.0 -999 ""
FIBERMAP 179 R-4C8 BOSS 1 1 0 1 0 0 -96.56956076086261 -66.28645343830694 143.1 -115.52395232640168 -19.38539514103335 124.10968 117.885475 281.994815341344 4.310729950037919 -2.4202578 -8.675779 0.96681917 281.9947766858779 4.31068774847595 281.9851095782107 4.348645522299504 59.766252117970616 157.7124349304232 5400.0 5400.0 2016.0 1 461 {-999.0 18.990833 16.955366 15.719289 -999.0} sdss_psfmag_ps1 17.727768 16.434662 15.13387 -999.0 63050395645583381 917203507 bright_5x1 mwm_yso_pms_boss_sagitta_edr3 mwm_yso science 0 0 0.0 0.0 -999 ""
FIBERMAP 179 R-4C8 METROLOGY 0 0 0 1 0 0 -96.17013782657372 -66.91314219947215 143.1 -115.42602920948588 -20.12212384444864 124.10968 117.885475 -999.0 -999.0 -999.0 -999.0 -999.0 281.9952168669997 4.307367913774674 281.9855690001724 4.345295524906774 59.76293155859656 157.71370064774752 -999.0 6231.0 -999.0 -1 -999 {-999.0 -999.0 -999.0 -999.0 -999.0} "" -999.0 -999.0 -999.0 -999.0 -999 -999 "" "" "" "" 0 0 0.0 0.0 -999 ""
FIBERMAP 187 R-7C8 APOGEE 1 1 0 1 0 0 -64.37634381208669 -150.0429647903254 143.1 -121.65139658773438 -108.91296859379047 263.4372 91.610825 281.9667651015279 3.9041308019872503 -0.78966784 -3.7071753 0.40687943 281.9667776703568 3.904091341107146 281.95818745877517 3.941944845927169 59.389146318965246 158.01785664261772 16000.0 16600.0 2016.0 2 288 {-999.0 18.882633 15.832911 14.275193 -999.0} sdss_psfmag_ps1 17.11608 14.749872 13.375085 9.423 63050395644749262 1154115748 bright_1x1 mwm_galactic_core_dist_apogee_sparse mwm_galactic science 0 0 0.0 0.0 -999 ""
FIBERMAP 187 R-7C8 BOSS 0 0 0 1 0 0 -65.11619501198535 -149.98887916249694 143.1 -122.2994949244308 -108.55192296430472 263.4372 91.610825 -999.0 -999.0 -999.0 -999.0 -999.0 281.96382800543523 3.9055889305305387 281.95519606222734 3.943549204316775 59.39161021984131 158.02242430814474 -999.0 5400.0 -999.0 1 400 {-999.0 -999.0 -999.0 -999.0 -999.0} "" -999.0 -999.0 -999.0 -999.0 -999 -999 "" "" "" "" 0 0 0.0 0.0 -999 ""
FIBERMAP 187 R-7C8 METROLOGY 0 0 0 1 0 0 -64.70186229492256 -149.36965977847734 143.1 -121.66264381846516 -108.16513366380292 263.4372 91.610825 -999.0 -999.0 -999.0 -999.0 -999.0 281.9667164746527 3.9073695035112403 281.9580905338119 3.9453043635876663 59.392364741459744 158.01595509991523 -999.0 6231.0 -999.0 -1 -999 {-999.0 -999.0 -999.0 -999.0 -999.0} "" -999.0 -999.0 -999.0 -999.0 -999 -999 "" "" "" "" 0 0 0.0 0.0 -999 ""
FIBERMAP 188 R-1C2 APOGEE 0 0 0 1 0 0 -263.0661191061902 -3.907777747039633 143.1 -240.1996812227809 107.39307817407303 134.7816 89.09297 -999.0 -999.0 -999.0 -999.0 -999.0 281.4327476663428 4.8857205605557015 281.4217009811194 4.922004650025967 60.48737337994219 158.41969323530628 -999.0 16600.0 -999.0 2 -999 {-999.0 -999.0 -999.0 -999.0 -999.0} "" -999.0 -999.0 -999.0 -999.0 -999 -999 "" "" "" "" 0 0 0.0 0.0 -999 ""
FIBERMAP 188 R-1C2 BOSS 1 1 0 1 0 0 -262.5241360516307 -3.3822670241110266 143.1 -239.48659270099174 107.64106027204828 134.7816 89.09297 281.43600057902296 4.886760449130051 -0.28386658 -3.5242352 0.3721909 281.43597752840145 4.886749158266227 281.4248918879995 4.923151284122123 60.48747631579168 158.4128358858038 5400.0 5400.0 2016.0 1 434 {-999.0 18.811268 17.402185 16.634794 15.999225} sdss_psfmag_from_ps1dr2 18.2102 17.2865 16.2773 14.287 63050395645678323 1040114150 "" ops_std_boss_ps1dr2 ops_std standard_boss 0 0 0.0 0.0 -999 ""
FIBERMAP 188 R-1C2 METROLOGY 0 0 0 1 0 0 -262.3486011223177 -4.112301396848958 143.1 -239.63527563096483 106.90503147133431 134.7816 89.09297 -999.0 -999.0 -999.0 -999.0 -999.0 281.4352819984516 4.883454124957213 281.42421506729437 4.9198239612042345 60.48452282141126 158.41623416564354 -999.0 6231.0 -999.0 -1 -999 {-999.0 -999.0 -999.0 -999.0 -999.0} "" -999.0 -999.0 -999.0 -999.0 -999 -999 "" "" "" "" 0 0 0.0 0.0 -999 ""
FIBERMAP 189 R-5C5 APOGEE 1 1 0 1 0 0 -155.97109112147615 -84.21708033109601 143.1 -176.95148783524854 -10.595105102627082 153.01686 89.456314 281.71595191056156 4.351387105980414 -2.8802357 -5.82001 0.1798001 281.71593682634955 4.351360857607236 281.7062302648529 4.388479436719854 59.89202981296411 158.2122089451822 16000.0 16600.0 2016.0 2 263 {-999.0 18.978125 16.33426 14.9864235 -999.0} sdss_psfmag_ps1 17.509703 15.526443 14.221853 10.558 63050395645037449 1154116683 bright_1x1 mwm_galactic_core_dist_apogee_sparse mwm_galactic science 0 0 0.0 0.0 -999 ""
FIBERMAP 189 R-5C5 BOSS 0 0 0 1 0 0 -155.62391681411975 -83.56044949906799 143.1 -176.3597601883051 -10.146069478904247 153.01686 89.456314 -999.0 -999.0 -999.0 -999.0 -999.0 281.71859906054794 4.353279866137368 281.7088501582029 4.390517409467703 59.89314753053971 158.20599127925865 -999.0 5400.0 -999.0 1 458 {-999.0 -999.0 -999.0 -999.0 -999.0} "" -999.0 -999.0 -999.0 -999.0 -999 -999 "" "" "" "" 0 0 0.0 0.0 -999 ""
FIBERMAP 189 R-5C5 METROLOGY 0 0 0 1 0 0 -155.2219813586881 -84.19656272871617 143.1 -176.26353304479045 -10.892403958336118 153.01686 89.456314 -999.0 -999.0 -999.0 -999.0 -999.0 281.71903124175054 4.349921133710289 281.7093014107404 4.387128587483416 59.88978822793203 158.20725463304206 -999.0 6231.0 -999.0 -1 -999 {-999.0 -999.0 -999.0 -999.0 -999.0} "" -999.0 -999.0 -999.0 -999.0 -999 -999 "" "" "" "" 0 0 0.0 0.0 -999 ""
FIBERMAP 192 R+4C10 APOGEE 0 0 0 1 0 0 -41.93194117558533 86.22159366158695 143.1 -1.6642150112699767 95.86982549014795 31.927122 149.36072 -999.0 -999.0 -999.0 -999.0 -999.0 282.51567402739806 4.834304730600894 282.50466347311516 4.873387084038732 60.091474424875635 156.39194415654845 -999.0 16600.0 -999.0 2 -999 {-999.0 -999.0 -999.0 -999.0 -999.0} "" -999.0 -999.0 -999.0 -999.0 -999 -999 "" "" "" "" 0 0 0.0 0.0 -999 ""
FIBERMAP 192 R+4C10 BOSS 1 1 0 1 0 0 -41.16440337832193 86.23889857497042 143.1 -0.9609042536888558 95.56184210411644 31.927122 149.36072 282.5189208984375 4.83283282218359 -999.0 -999.0 -999.0 282.51892263786016 4.83283344504321 282.50787568204385 4.872035026986907 60.08912011034202 156.38681974181716 5400.0 5400.0 2015.5 1 74 {-999.0 -999.0 -999.0 -999.0 -999.0} "" -999.0 -999.0 -999.0 -999.0 27021603150620094 820735199 "" ops_sky_boss_good ops_sky sky_boss 0 0 0.0 0.0 -999 ""
FIBERMAP 192 R+4C10 METROLOGY 0 0 0 1 0 0 -41.53361884596177 85.59072021767362 143.1 -1.5690546449023108 95.12976619468563 31.927122 149.36072 -999.0 -999.0 -999.0 -999.0 -999.0 282.51612794942207 4.83089919554085 282.5050974699709 4.870062637632577 60.08819944802211 156.39338119087003 -999.0 6231.0 -999.0 -1 -999 {-999.0 -999.0 -999.0 -999.0 -999.0} "" -999.0 -999.0 -999.0 -999.0 -999 -999 "" "" "" "" 0 0 0.0 0.0 -999 ""
FIBERMAP 194 R-10C1 APOGEE 1 1 0 1 0 0 -191.5748736401383 -208.19710834679057 143.1 -261.5206444325951 -108.00744397345159 268.71634 69.46122 281.3364259721767 3.9119810804195008 -3.2293627 -7.392106 0.17482838 281.3364558636766 3.9119166465165462 281.32790768785515 3.948143434899945 59.58838711396019 159.19260457138097 16000.0 16600.0 2016.0 2 291 {-999.0 19.02152 16.379576 15.055414 -999.0} sdss_psfmag_ps1 17.564651 15.618807 14.3060055 10.705 63050395644977115 1154116310 bright_1x1 mwm_galactic_core_dist_apogee_sparse mwm_galactic science 0 0 0.0 0.0 -999 ""
FIBERMAP 194 R-10C1 BOSS 0 0 0 1 0 0 -192.27216942134126 -207.9327649157217 143.1 -262.04148587787637 -107.4736797574288 268.71634 69.46122 -999.0 -999.0 -999.0 -999.0 -999.0 281.33416591428056 3.914229031517152 281.3255760858296 3.9505638315605958 59.591392897655766 159.19555746239408 -999.0 5400.0 -999.0 1 420 {-999.0 -999.0 -999.0 -999.0 -999.0} "" -999.0 -999.0 -999.0 -999.0 -999 -999 "" "" "" "" 0 0 0.0 0.0 -999 ""
FIBERMAP 194 R-10C1 METROLOGY 0 0 0 1 0 0 -191.6962872721824 -207.45726333961275 143.1 -261.3187464043802 -107.28534206774258 268.71634 69.46122 -999.0 -999.0 -999.0 -999.0 -999.0 281.33737389432906 3.915086135760844 281.32879174779544 3.951396627709969 59.591226939918236 159.189017700387 -999.0 6231.0 -999.0 -1 -999 {-999.0 -999.0 -999.0 -999.0 -999.0} "" -999.0 -999.0 -999.0 -999.0 -999 -999 "" "" "" "" 0 0 0.0 0.0 -999 ""
FIBERMAP 199 R+10C9 APOGEE 0 0 0 1 0 0 9.916224817691237 211.4726648602502 143.1 98.17156500830401 187.58440003699204 112.398865 52.841164 -999.0 -999.0 -999.0 -999.0 -999.0 282.9715128116381 5.247513064382618 282.9594112455366 5.287685670503261 60.32359687827653 155.24819082007954 -999.0 16600.0 -999.0 2 -999 {-999.0 -999.0 -999.0 -999.0 -999.0} "" -999.0 -999.0 -999.0 -999.0 -999 -999 "" "" "" "" 0 0 0.0 0.0 -999 ""
FIBERMAP 199 R+10C9 BOSS 1 1 0 1 0 0 10.644135825658523 211.29092290978735 143.1 98.75500231973633 187.1126292665391 112.398865 52.841164 282.97422332474247 5.245324619248101 0.98863083 -1.9616431 0.49532717 282.9742288615659 5.245300923389682 282.96209136458634 5.285589821970809 60.320692778727285 155.2446457739603 5400.0 5400.0 2016.0 1 121 {-999.0 19.63712 16.697706 15.305611 -999.0} sdss_psfmag_ps1 17.975937 15.900996 14.569641 10.886 63050395645742915 934473095 bright_1x1 openfibertargets_nov2020_34a open_fiber science 0 0 0.0 0.0 -999 ""
FIBERMAP 199 R+10C9 METROLOGY 0 0 0 1 0 0 10.122634271192226 210.7556870934978 143.1 98.05638555067213 186.84719114619713 112.398865 52.841164 -999.0 -999.0 -999.0 -999.0 -999.0 282.97103791404913 5.244151022809428 282.95891532981227 5.284401099301447 60.32069902287733 155.25146914161533 -999.0 6231.0 -999.0 -1 -999 {-999.0 -999.0 -999.0 -999.0 -999.0} "" -999.0 -999.0 -999.0 -999.0 -999 -999 "" "" "" "" 0 0 0.0 0.0 -999 ""
FIBERMAP 200 R+7C19 APOGEE 0 0 0 1 0 0 179.68299526604798 152.32558177969767 143.1 227.1755480890404 62.3573067206124 171.48946 58.76063 -999.0 -999.0 -999.0 -999.0 -999.0 283.5556540265189 4.6770215531387755 283.54495209170693 4.718804805537149 59.58360061535705 154.56710332063716 -999.0 16600.0 -999.0 2 -999 {-999.0 -999.0 -999.0 -999.0 -999.0} "" -999.0 -999.0 -999.0 -999.0 -999 -999 "" "" "" "" 0 0 0.0 0.0 -999 ""
FIBERMAP 200 R+7C19 BOSS 1 1 0 1 0 0 180.1661412887996 152.89745636095526 143.1 227.8548343744176 62.67214412338463 171.48946 58.76063 283.55880147289076 4.6783443576833585 -0.63851756 -3.5498993 0.49883053 283.5587828289592 4.678321622974371 283.548033715487 4.720224397869808 59.58381074025989 154.5604333553602 5400.0 5400.0 2016.0 1 238 {-999.0 19.362764 16.301638 14.696002 -999.0} sdss_psfmag_ps1 17.607622 15.166153 13.518388 9.842 63050395645560801 1093381654 bright_3x1 mwm_astar_core_boss mwm_ob science 0 0 0.0 0.0 -999 ""
FIBERMAP 200 R+7C19 METROLOGY 0 0 0 1 0 0 180.41819726522283 152.1985384763674 143.1 227.78866374214024 61.932062729412856 171.48946 58.76063 -999.0 -999.0 -999.0 -999.0 -999.0 283.55846333582843 4.6750031255331495 283.5477350190957 4.716874078812765 59.580796074746154 154.56337954972116 -999.0 6231.0 -999.0 -1 -999 {-999.0 -999.0 -999.0 -999.0 -999.0} "" -999.0 -999.0 -999.0 -999.0 -999 -999 "" "" "" "" 0 0 0.0 0.0 -999 ""
FIBERMAP 202 R-10C6 APOGEE 0 0 0 1 0 0 -57.68673276769212 -204.97875894316067 143.1 -138.75195447306538 -161.55050714325412 321.36737 107.31388 -999.0 -999.0 -999.0 -999.0 -999.0 281.88966492187734 3.666404859436212 281.881687627943 3.7041071280179727 59.18722644381417 158.30576931302673 -999.0 16600.0 -999.0 2 -999 {-999.0 -999.0 -999.0 -999.0 -999.0} "" -999.0 -999.0 -999.0 -999.0 -999 -999 "" "" "" "" 0 0 0.0 0.0 -999 ""
FIBERMAP 202 R-10C6 BOSS 1 1 0 1 0 0 -57.95756996021194 -205.67517537595486 143.1 -139.29123648865928 -162.067812722434 321.36737 107.31388 281.88720703125 3.663915138383345 -999.0 -999.0 -999.0 281.8872394939291 3.6639376558499115 281.87923070932294 3.7017499376360568 59.18575008450511 158.31175078422626 5400.0 5400.0 2015.5 1 391 {-999.0 -999.0 -999.0 -999.0 -999.0} "" -999.0 -999.0 -999.0 -999.0 27021603150593583 852915246 "" ops_sky_boss_fallback ops_sky sky_boss 0 0 0.0 0.0 -999 ""
FIBERMAP 202 R-10C6 METROLOGY 0 0 0 1 0 0 -58.42330736685334 -205.09758587774343 143.1 -139.46999990343153 -161.34764261688804 321.36737 107.31388 -999.0 -999.0 -999.0 -999.0 -999.0 281.8864156636097 3.6672312953220745 281.87840935259675 3.7050079753722582 59.18910136390544 158.31129066503746 -999.0 6231.0 -999.0 -1 -999 {-999.0 -999.0 -999.0 -999.0 -999.0} "" -999.0 -999.0 -999.0 -999.0 -999 -999 "" "" "" "" 0 0 0.0 0.0 -999 ""
FIBERMAP 204 R-3C18 APOGEE 1 1 0 1 0 0 118.53007447637304 -72.61575102618876 143.1 76.86206182451988 -115.83380543562976 265.26324 98.913155 282.87117985506467 3.8700643426407275 -1.8533398 -3.471772 0.19622788 282.8711729970511 3.8700533608681527 282.86258065616914 3.910240785797753 59.06439490300308 156.37133277252684 16000.0 16600.0 2016.0 2 224 {-999.0 22.899864 18.945665 16.881756 -999.0} sdss_psfmag_ps1 20.388016 17.243658 15.708843 10.903 63050395645496670 1154123150 bright_1x1 mwm_galactic_core_dist_apogee_sparse mwm_galactic science 0 0 0.0 0.0 -999 ""
FIBERMAP 204 R-3C18 BOSS 0 0 0 1 0 0 117.80854776915356 -72.74516996718732 143.1 76.15319529810745 -115.64689167149449 265.26324 98.913155 -999.0 -999.0 -999.0 -999.0 -999.0 282.86802170229623 3.870742764835749 282.8593864827568 3.91103716537215 59.06622089818069 156.37664426640583 -999.0 5400.0 -999.0 1 293 {-999.0 -999.0 -999.0 -999.0 -999.0} "" -999.0 -999.0 -999.0 -999.0 -999 -999 "" "" "" "" 0 0 0.0 0.0 -999 ""
FIBERMAP 204 R-3C18 METROLOGY 0 0 0 1 0 0 118.05913334373574 -72.03802583333365 143.1 76.67863682729428 -115.11131783517764 265.26324 98.913155 -999.0 -999.0 -999.0 -999.0 -999.0 282.8704081167333 3.873210984264262 282.861778140738 3.9134783645761155 59.067712619900796 156.37067105881744 -999.0 6231.0 -999.0 -1 -999 {-999.0 -999.0 -999.0 -999.0 -999.0} "" -999.0 -999.0 -999.0 -999.0 -999 -999 "" "" "" "" 0 0 0.0 0.0 -999 ""
FIBERMAP 208 R-7C5 APOGEE 1 1 0 1 0 0 -125.41898948030916 -155.3734434967884 143.1 -179.25355177632795 -88.00463280711445 309.3802 61.509857 281.7056209971121 4.0000939969592855 -999.0 -999.0 -999.0 281.705630827022 4.000087393541887 281.6968214908222 4.0372488305682515 59.56117835106232 158.4468202166587 16000.0 16600.0 2016.0 2 253 {-999.0 32.786022 21.988476 19.147144 -999.0} sdss_psfmag_ps1 -999.0 19.402273 -999.0 9.123 63050395645005247 1154116453 bright_1x1 mwm_galactic_core_dist_apogee_sparse mwm_galactic science 0 0 0.0 0.0 -999 ""
FIBERMAP 208 R-7C5 BOSS 0 0 0 1 0 0 -126.14305373489694 -155.54618893894005 143.1 -179.98299045202873 -87.85593797208163 309.3802 61.509857 -999.0 -999.0 -999.0 -999.0 -999.0 281.70232533560124 4.0006409732873305 281.69347766080244 4.037907896595406 59.56283783626473 158.45267789312166 -999.0 5400.0 -999.0 1 451 {-999.0 -999.0 -999.0 -999.0 -999.0} "" -999.0 -999.0 -999.0 -999.0 -999 -999 "" "" "" "" 0 0 0.0 0.0 -999 ""
FIBERMAP 208 R-7C5 METROLOGY 0 0 0 1 0 0 -125.92371367922983 -154.82493793524034 143.1 -179.47993380272882 -87.29439540495974 309.3802 61.509857 -999.0 -999.0 -999.0 -999.0 -999.0 281.70459243611265 4.003211321791007 281.69574853635515 4.040451231798043 59.56455477224645 158.44687146003713 -999.0 6231.0 -999.0 -1 -999 {-999.0 -999.0 -999.0 -999.0 -999.0} "" -999.0 -999.0 -999.0 -999.0 -999 -999 "" "" "" "" 0 0 0.0 0.0 -999 ""
FIBERMAP 214 R-11C5 APOGEE 1 1 0 1 0 0 -91.83912029272986 -206.1942393281153 143.1 -170.23435547700853 -148.25043543404547 166.95038 100.32251 281.747152057239 3.727392369104781 -2.9228764 -5.818465 -0.06567514 281.74713189437836 3.7273734258575675 281.7390136324078 3.7646961226695277 59.288958162443684 158.53370275088452 16000.0 16600.0 2016.0 2 153 {-999.0 24.173302 20.236052 16.901966 -999.0} sdss_psfmag_ps1 21.495152 17.05437 15.410024 10.07 63050395644728334 1156790312 bright_1x1 mwm_galactic_core_dist_apogee_extra mwm_galactic science 0 0 0.0 0.0 -999 ""
FIBERMAP 214 R-11C5 BOSS 0 0 0 1 0 0 -91.82843166653267 -205.45647193255718 143.1 -169.91354156158 -147.58592591881356 166.95038 100.32251 -999.0 -999.0 -999.0 -999.0 -999.0 281.74857688897873 3.730221000050076 281.7404137250061 3.7676622562375863 59.29134881396362 158.52930913821865 -999.0 5400.0 -999.0 1 392 {-999.0 -999.0 -999.0 -999.0 -999.0} "" -999.0 -999.0 -999.0 -999.0 -999 -999 "" "" "" "" 0 0 0.0 0.0 -999 ""
FIBERMAP 214 R-11C5 METROLOGY 0 0 0 1 0 0 -91.18804775927052 -205.8226707121482 143.1 -169.48726160279222 -148.18805376793037 166.95038 100.32251 -999.0 -999.0 -999.0 -999.0 -999.0 281.7505074948857 3.7275285789676116 281.74236161975773 3.7649426553078778 59.288162274317685 158.52733143137192 -999.0 6231.0 -999.0 -1 -999 {-999.0 -999.0 -999.0 -999.0 -999.0} "" -999.0 -999.0 -999.0 -999.0 -999 -999 "" "" "" "" 0 0 0.0 0.0 -999 ""
FIBERMAP 215 R-10C15 APOGEE 1 1 0 1 0 0 139.3239489823281 -172.98009185175044 143.1 53.39391677211696 -215.61439541422197 148.55157 23.372118 282.7621669132121 3.419590054500509 -3.9601169 -5.032582 0.56412476 282.7621886603023 3.4195429624578813 282.75474959934684 3.45954108127519 58.67563426956502 156.85905931286175 16000.0 16600.0 2016.0 2 237 {-999.0 22.690657 21.232674 16.92989 -999.0} sdss_psfmag_ps1 21.371685 16.523237 14.745386 8.051 63050395644106978 1154111778 bright_1x1 mwm_galactic_core_dist_apogee_sparse mwm_galactic science 0 0 0.0 0.0 -999 ""
FIBERMAP 215 R-10C15 BOSS 0 0 0 1 0 0 140.06231732083376 -173.05130374716097 143.1 54.03344817205154 -215.9903460314451 148.55157 23.372118 -999.0 -999.0 -999.0 -999.0 -999.0 282.76513309897433 3.4176978233778184 282.75765717248765 3.4578211910040566 58.673050460948915 156.8548871009961 -999.0 5400.0 -999.0 1 266 {-999.0 -999.0 -999.0 -999.0 -999.0} "" -999.0 -999.0 -999.0 -999.0 -999 -999 "" "" "" "" 0 0 0.0 0.0 -999 ""
FIBERMAP 215 R-10C15 METROLOGY 0 0 0 1 0 0 139.63004346518335 -173.65876266408185 143.1 53.38528727630589 -216.35890489349998 148.55157 23.372118 -999.0 -999.0 -999.0 -999.0 -999.0 282.7621685994403 3.4160860020361676 282.7547087583008 3.456168835191949 58.67246566864104 156.8612805755816 -999.0 6231.0 -999.0 -1 -999 {-999.0 -999.0 -999.0 -999.0 -999.0} "" -999.0 -999.0 -999.0 -999.0 -999 -999 "" "" "" "" 0 0 0.0 0.0 -999 ""
FIBERMAP 222 R-12C12 APOGEE 0 0 0 1 0 0 69.03834376316769 -227.77451234408164 143.1 -33.449140674649016 -235.66278283019074 227.31955 40.625645 -999.0 -999.0 -999.0 -999.0 -999.0 282.36766614256254 3.33051371387832 282.3604938412977 3.3695147973612687 58.71874901880287 157.6316632138235 -999.0 16600.0 -999.0 2 -999 {-999.0 -999.0 -999.0 -999.0 -999.0} "" -999.0 -999.0 -999.0 -999.0 -999 -999 "" "" "" "" 0 0 0.0 0.0 -999 ""
FIBERMAP 222 R-12C12 BOSS 1 1 0 1 0 0 69.05836852293987 -227.01607519154595 143.1 -33.11114406144022 -234.98346682158245 227.31955 40.625645 282.3692321777343 3.333409662633855 -999.0 -999.0 -999.0 282.3692366951847 3.333400036590144 282.36201704990293 3.3725221104304945 58.72111011565419 157.6270323754906 5400.0 5400.0 2015.5 1 343 {-999.0 -999.0 -999.0 -999.0 -999.0} "" -999.0 -999.0 -999.0 -999.0 27021603150581644 820732255 "" ops_sky_boss_good ops_sky sky_boss 0 0 0.0 0.0 -999 ""
FIBERMAP 222 R-12C12 METROLOGY 0 0 0 1 0 0 69.69375176001805 -227.4179981954474 143.1 -32.70446391362172 -235.61588104223668 227.31955 40.625645 -999.0 -999.0 -999.0 -999.0 -999.0 282.3710697323362 3.3306020997360912 282.36386828764824 3.369696161579117 58.71784082521225 157.62540617786843 -999.0 6231.0 -999.0 -1 -999 {-999.0 -999.0 -999.0 -999.0 -999.0} "" -999.0 -999.0 -999.0 -999.0 -999 -999 "" "" "" "" 0 0 0.0 0.0 -999 ""
FIBERMAP 228 R+13C11 APOGEE 1 1 0 1 0 0 65.05527365770877 248.71912875559494 143.1 163.87944204121908 198.10747614253074 196.36871 114.992096 283.2692811953429 5.2922023814011965 -2.3789263 -4.547912 0.2618322 283.26927335461073 5.292170311477925 283.2570338944276 5.333098204318635 60.26005275173081 154.65697920419396 16000.0 16600.0 2016.0 2 53 {-999.0 31.6339 22.469944 19.061258 -999.0} sdss_psfmag_ps1 21.909634 18.63918 16.933622 10.886 63050395645580520 1156794226 bright_1x1 mwm_galactic_core_dist_apogee_extra mwm_galactic science 0 0 0.0 0.0 -999 ""
FIBERMAP 228 R+13C11 BOSS 0 0 0 1 0 0 64.54039077455828 249.25442780565797 143.1 163.6382787168987 198.81002169345456 196.36871 114.992096 -999.0 -999.0 -999.0 -999.0 -999.0 283.2682244308863 5.295236973367553 283.25593489335625 5.336270366868666 60.26340595629007 154.65672422181308 -999.0 5400.0 -999.0 1 163 {-999.0 -999.0 -999.0 -999.0 -999.0} "" -999.0 -999.0 -999.0 -999.0 -999 -999 "" "" "" "" 0 0 0.0 0.0 -999 ""
FIBERMAP 228 R+13C11 METROLOGY 0 0 0 1 0 0 65.26244803877168 249.43775369922452 143.1 164.37035927336993 198.6717677090249 196.36871 114.992096 -999.0 -999.0 -999.0 -999.0 -999.0 283.2715188889854 5.294607866075588 283.2592426815984 5.335619004722662 60.26160795103199 154.65100842826058 -999.0 6231.0 -999.0 -1 -999 {-999.0 -999.0 -999.0 -999.0 -999.0} "" -999.0 -999.0 -999.0 -999.0 -999 -999 "" "" "" "" 0 0 0.0 0.0 -999 ""
FIBERMAP 233 R+4C4 APOGEE 0 0 0 1 0 0 -169.22543891029952 78.88024036382009 143.1 -120.1914952996406 142.89309151074315 343.94766 139.26682 -999.0 -999.0 -999.0 -999.0 -999.0 281.9759375594657 5.04793335803047 281.96442865147003 5.085585402080296 60.4703565070249 157.2738371198957 -999.0 16600.0 -999.0 2 -999 {-999.0 -999.0 -999.0 -999.0 -999.0} "" -999.0 -999.0 -999.0 -999.0 -999 -999 "" "" "" "" 0 0 0.0 0.0 -999 ""
FIBERMAP 233 R+4C4 BOSS 1 1 0 1 0 0 -168.81129519888583 78.27547036880532 143.1 -120.07097990547511 142.170031178943 343.94766 139.26682 281.9764709472656 5.044608288702861 -999.0 -999.0 -999.0 281.9764710012826 5.044596047487743 281.9649326877931 5.0823595068995315 60.467143253578875 157.2750086795203 5400.0 5400.0 2015.5 1 36 {-999.0 -999.0 -999.0 -999.0 -999.0} "" -999.0 -999.0 -999.0 -999.0 27021603150620780 820735402 "" ops_sky_boss_good ops_sky sky_boss 0 0 0.0 0.0 -999 ""
FIBERMAP 233 R+4C4 METROLOGY 0 0 0 1 0 0 -169.54945670899133 78.20817307058026 143.1 -120.76873398276754 142.4202926541146 343.94766 139.26682 -999.0 -999.0 -999.0 -999.0 -999.0 281.97330172009447 5.045745391554571 281.961771487083 5.083469462651211 60.469219309019735 157.28031336733775 -999.0 6231.0 -999.0 -1 -999 {-999.0 -999.0 -999.0 -999.0 -999.0} "" -999.0 -999.0 -999.0 -999.0 -999 -999 "" "" "" "" 0 0 0.0 0.0 -999 ""
FIBERMAP 238 R-5C3 APOGEE 1 1 0 1 0 0 -200.16240216119493 -102.92857444609969 143.1 -224.9154973249541 -8.927164396651861 195.33792 131.60846 281.49948946036693 4.359340891628349 -1.4704626 -5.001063 0.16981974 281.49948477223865 4.359310703414595 281.48977819037265 4.395869718921284 59.96601496783633 158.61708782511866 16000.0 16600.0 2016.0 2 290 {-999.0 17.679205 15.541847 14.537746 -999.0} sdss_psfmag_ps1 16.564024 15.024482 13.83797 10.809 63050395645042436 1154116533 bright_1x1 mwm_galactic_core_dist_apogee_sparse mwm_galactic science 0 0 0.0 0.0 -999 ""
FIBERMAP 238 R-5C3 BOSS 0 0 0 1 0 0 -200.7853399692415 -102.53714706285275 143.1 -225.31531786920726 -8.30951605876397 195.33792 131.60846 -999.0 -999.0 -999.0 -999.0 -999.0 281.4976864616598 4.361999733827851 281.48793676694606 4.398665938507866 59.96924025530682 158.61886065728373 -999.0 5400.0 -999.0 1 444 {-999.0 -999.0 -999.0 -999.0 -999.0} "" -999.0 -999.0 -999.0 -999.0 -999 -999 "" "" "" "" 0 0 0.0 0.0 -999 ""
FIBERMAP 238 R-5C3 METROLOGY 0 0 0 1 0 0 -200.13218024604456 -102.1809123507214 143.1 -224.5727977118919 -8.261919555740128 195.33792 131.60846 -999.0 -999.0 -999.0 -999.0 -999.0 281.50102363822526 4.362242289123757 281.49128332108216 4.398885211341647 59.9684228339306 158.61238187176016 -999.0 6231.0 -999.0 -1 -999 {-999.0 -999.0 -999.0 -999.0 -999.0} "" -999.0 -999.0 -999.0 -999.0 -999 -999 "" "" "" "" 0 0 0.0 0.0 -999 ""
FIBERMAP 240 R-13C13 APOGEE 1 1 0 1 0 0 136.8028150466339 -236.69775703314627 143.1 24.237564283352608 -272.33121640295843 105.9373 46.106915 282.62880012396903 3.166184339365218 -2.28659 -3.3922105 0.13618477 282.6287837945313 3.166179430383077 282.6220009223349 3.2058858760619855 58.47954887069828 157.25890652734623 16000.0 16600.0 2016.0 2 176 {-999.0 23.875366 21.076464 17.338533 -999.0} sdss_psfmag_ps1 21.263395 17.21763 15.535541 9.317 63050395644101051 1154111405 bright_1x1 mwm_galactic_core_dist_apogee_sparse mwm_galactic science 0 0 0.0 0.0 -999 ""
FIBERMAP 240 R-13C13 BOSS 0 0 0 1 0 0 137.4584270771287 -237.05421143844808 143.1 24.68176256677774 -272.930929727008 105.9373 46.106915 -999.0 -999.0 -999.0 -999.0 -999.0 282.6308241515149 3.1633925924683117 282.62400727345386 3.2032233069096407 58.476379166618955 157.25694184385551 -999.0 5400.0 -999.0 1 345 {-999.0 -999.0 -999.0 -999.0 -999.0} "" -999.0 -999.0 -999.0 -999.0 -999 -999 "" "" "" "" 0 0 0.0 0.0 -999 ""
FIBERMAP 240 R-13C13 METROLOGY 0 0 0 1 0 0 136.82467935695954 -237.44081085402948 143.1 23.944040470030647 -273.01424750282075 105.9373 46.106915 -999.0 -999.0 -999.0 -999.0 -999.0 282.62747111963125 3.1630621635770586 282.6206670209411 3.202850750643386 58.477112627142006 157.26320497322897 -999.0 6231.0 -999.0 -1 -999 {-999.0 -999.0 -999.0 -999.0 -999.0} "" -999.0 -999.0 -999.0 -999.0 -999 -999 "" "" "" "" 0 0 0.0 0.0 -999 ""
FIBERMAP 245 R-9C16 APOGEE 1 1 0 1 0 0 157.62552631032673 -166.40747288959818 143.1 72.76173923096826 -217.37215461320676 47.50466 103.86896 282.85002576715135 3.4116306826250917 -999.0 -999.0 -999.0 282.8500192429919 3.4116523629720557 282.8425911169191 3.4518779014313066 58.63928644212144 156.70495048687727 16000.0 16600.0 2016.0 2 193 {-999.0 -999.0 -999.0 -999.0 -999.0} "" -999.0 19.75418 -999.0 10.218 63050395644103752 1151532314 bright_1x1 mwm_galactic_core_dist_apogee_sparse mwm_galactic science 0 0 0.0 0.0 -999 ""
FIBERMAP 245 R-9C16 BOSS 0 0 0 1 0 0 158.27636314564415 -166.76369258131126 143.1 73.20170628614308 -217.96964136494145 47.50466 103.86896 -999.0 -999.0 -999.0 -999.0 -999.0 282.85205001650235 3.408821129591562 282.84458730055917 3.449169847081705 58.63606925847466 156.70307417019646 -999.0 5400.0 -999.0 1 308 {-999.0 -999.0 -999.0 -999.0 -999.0} "" -999.0 -999.0 -999.0 -999.0 -999 -999 "" "" "" "" 0 0 0.0 0.0 -999 ""
FIBERMAP 245 R-9C16 METROLOGY 0 0 0 1 0 0 157.64345423494677 -167.15196397673046 143.1 72.46403974780833 -218.0548290450461 47.50466 103.86896 -999.0 -999.0 -999.0 -999.0 -999.0 282.84868808123986 3.4084780677556323 282.8412383661375 3.4487849466016747 58.636819940478986 156.70937649939228 -999.0 6231.0 -999.0 -1 -999 {-999.0 -999.0 -999.0 -999.0 -999.0} "" -999.0 -999.0 -999.0 -999.0 -999 -999 "" "" "" "" 0 0 0.0 0.0 -999 ""
FIBERMAP 251 R-9C13 APOGEE 1 1 0 1 0 0 69.38773268456086 -186.85656335552466 143.1 -15.876943841353684 -198.70519914410312 246.8616 103.66616 282.4476845886087 3.4961835310061167 -2.6983006 -6.911035 -0.26687893 282.44768390254956 3.4961499345808797 282.4400828164833 3.5353235075803706 58.85010855783521 157.38344428156526 16000.0 16600.0 2016.0 2 172 {-999.0 24.349401 22.455334 17.245079 -999.0} sdss_psfmag_ps1 21.125853 17.401186 15.48515 9.563 63050395644702155 1154115049 bright_1x1 mwm_galactic_core_dist_apogee_sparse mwm_galactic science 0 0 0.0 0.0 -999 ""
FIBERMAP 251 R-9C13 BOSS 0 0 0 1 0 0 68.66027085744257 -186.7333284638284 143.1 -16.48464663878953 -198.28667275076882 246.8616 103.66616 -999.0 -999.0 -999.0 -999.0 -999.0 282.44495975889294 3.4978758990769574 282.437314506363 3.5371588982340465 58.85274008480701 157.38734838534936 -999.0 5400.0 -999.0 1 397 {-999.0 -999.0 -999.0 -999.0 -999.0} "" -999.0 -999.0 -999.0 -999.0 -999 -999 "" "" "" "" 0 0 0.0 0.0 -999 ""
FIBERMAP 251 R-9C13 METROLOGY 0 0 0 1 0 0 69.1367986281678 -186.15480510793614 143.1 -15.808558037902452 -197.96301519337845 246.8616 103.66616 -999.0 -999.0 -999.0 -999.0 -999.0 282.4480260332381 3.499366294542806 282.4403880290318 3.538623784355379 58.85313209876409 157.38081984165854 -999.0 6231.0 -999.0 -1 -999 {-999.0 -999.0 -999.0 -999.0 -999.0} "" -999.0 -999.0 -999.0 -999.0 -999 -999 "" "" "" "" 0 0 0.0 0.0 -999 ""
FIBERMAP 256 R-3C17 APOGEE 0 0 0 1 0 0 82.21822370690084 -62.1943830343157 143.1 48.32876672983837 -91.07062994332885 231.43422 68.39369 -999.0 -999.0 -999.0 -999.0 -999.0 282.7416116251819 3.982719123272889 282.7327459910548 4.022550961609676 59.21376136686813 156.5353638122593 -999.0 16600.0 -999.0 2 -999 {-999.0 -999.0 -999.0 -999.0 -999.0} "" -999.0 -999.0 -999.0 -999.0 -999 -999 "" "" "" "" 0 0 0.0 0.0 -999 ""
FIBERMAP 256 R-3C17 BOSS 1 1 0 1 0 0 81.8267939857507 -61.55601627788359 143.1 48.243016648482595 -90.32668227357183 231.43422 68.39369 282.7413027325302 3.985932162462004 -0.054685015 -2.2817686 0.55117774 282.741296716257 3.985942638316005 282.7323819842787 4.0258876390106275 59.217026340111644 156.53384381073843 5400.0 5400.0 2016.0 1 302 {-999.0 19.882462 16.86576 15.271818 -999.0} sdss_psfmag_ps1 18.170341 15.782936 14.39193 10.531 63050395645503667 934472461 bright_1x1 openfibertargets_nov2020_34a open_fiber science 0 0 0.0 0.0 -999 ""
FIBERMAP 256 R-3C17 METROLOGY 0 0 0 1 0 0 82.5660343531557 -61.53431505685916 143.1 48.92252088377923 -90.61874582012318 231.43422 68.39369 -999.0 -999.0 -999.0 -999.0 -999.0 282.744375167649 3.984649565906702 282.7354750159303 4.024570262966873 59.21474962841701 156.52902928669448 -999.0 6231.0 -999.0 -1 -999 {-999.0 -999.0 -999.0 -999.0 -999.0} "" -999.0 -999.0 -999.0 -999.0 -999 -999 "" "" "" "" 0 0 0.0 0.0 -999 ""
FIBERMAP 260 R+3C9 APOGEE 1 1 0 1 0 0 -61.51683506222038 69.78988969102315 143.1 -26.353406028285303 89.22842237002874 93.26393 43.134014 282.4027983840251 4.804391633288615 -1.824226 -4.0973573 0.13242209 282.40280768639286 4.804370812441151 282.39188329803284 4.843168806001607 60.100819996407196 156.62460308439015 16000.0 16600.0 2016.0 2 121 {-999.0 22.622671 19.04641 16.313229 -999.0} sdss_psfmag_ps1 20.228773 16.624086 15.063315 10.104 63050395645626473 1154125080 bright_1x1 mwm_galactic_core_dist_apogee_sparse mwm_galactic science 0 0 0.0 0.0 -999 ""
FIBERMAP 260 R+3C9 BOSS 0 0 0 1 0 0 -60.98375029602082 69.29225020381787 143.1 -26.079855718190622 88.55235114284368 93.26393 43.134014 -999.0 -999.0 -999.0 -999.0 -999.0 282.40407479404547 4.8012284328052965 282.39311883275553 4.840140986692545 60.09755473088695 156.62430961435592 -999.0 5400.0 -999.0 1 32 {-999.0 -999.0 -999.0 -999.0 -999.0} "" -999.0 -999.0 -999.0 -999.0 -999 -999 "" "" "" "" 0 0 0.0 0.0 -999 ""
FIBERMAP 260 R+3C9 METROLOGY 0 0 0 1 0 0 -61.687530601007765 69.05699256276392 143.1 -26.81726244983099 88.63580523649689 93.26393 43.134014 -999.0 -999.0 -999.0 -999.0 -999.0 282.40069855185084 4.801637569770615 282.3897530387211 4.840509990677095 60.099025223338515 156.63040118277215 -999.0 6231.0 -999.0 -1 -999 {-999.0 -999.0 -999.0 -999.0 -999.0} "" -999.0 -999.0 -999.0 -999.0 -999 -999 "" "" "" "" 0 0 0.0 0.0 -999 ""
FIBERMAP 261 R+4C15 APOGEE 1 1 0 1 0 0 72.57594272955606 70.03866199239668 143.1 95.34856125786781 32.90621170163485 268.67477 148.59398 282.9579142642974 4.5464086699154365 -3.4660122 -7.771924 0.086124144 282.95791621902873 4.546390301316467 282.9475989225559 4.586665760469197 59.67101699828146 155.76084525848535 16000.0 16600.0 2016.0 2 65 {-999.0 23.514553 19.79041 17.35953 -999.0} sdss_psfmag_ps1 20.989246 17.667633 16.116325 10.929 63050395645563519 1154124400 bright_1x1 mwm_galactic_core_dist_apogee_sparse mwm_galactic science 0 0 0.0 0.0 -999 ""
FIBERMAP 261 R+4C15 BOSS 0 0 0 1 0 0 72.1986982457498 69.40271269370271 143.1 94.73828712528015 32.48861114866994 268.67477 148.59398 -999.0 -999.0 -999.0 -999.0 -999.0 282.95521696146164 4.544403597685932 282.9448634462674 4.584784626009538 59.670196479050595 155.76720092873117 -999.0 5400.0 -999.0 1 212 {-999.0 -999.0 -999.0 -999.0 -999.0} "" -999.0 -999.0 -999.0 -999.0 -999 -999 "" "" "" "" 0 0 0.0 0.0 -999 ""
FIBERMAP 261 R+4C15 METROLOGY 0 0 0 1 0 0 71.82407096507512 70.04444583772036 143.1 94.66919334105042 33.2285258031172 268.67477 148.59398 -999.0 -999.0 -999.0 -999.0 -999.0 282.9548901974758 4.547801332225861 282.94453984483744 4.588149067083532 59.67346448619132 155.76549314988117 -999.0 6231.0 -999.0 -1 -999 {-999.0 -999.0 -999.0 -999.0 -999.0} "" -999.0 -999.0 -999.0 -999.0 -999 -999 "" "" "" "" 0 0 0.0 0.0 -999 ""
FIBERMAP 264 R+10C3 APOGEE 1 1 0 1 0 0 -128.5285853573383 200.6553934337158 143.1 -31.93368644773028 236.15824004115697 8.611557 149.81642 282.3795605235872 5.468182944337316 -1.3647265 -5.9399204 0.22390693 282.3795682188773 5.468146607178573 282.3669520397594 5.506755645092294 60.733803072765596 156.21796136614685 16000.0 16600.0 2016.0 2 136 {-999.0 20.492537 17.305414 15.665482 -999.0} sdss_psfmag_ps1 18.65225 16.155016 14.742577 10.474 63050395645776428 1154125978 bright_1x1 mwm_galactic_core_dist_apogee_sparse mwm_galactic science 0 0 0.0 0.0 -999 ""
FIBERMAP 264 R+10C3 BOSS 0 0 0 1 0 0 -127.83293548033534 200.3944457777308 143.1 -31.412905509039376 235.62824924628302 8.611557 149.81642 -999.0 -999.0 -999.0 -999.0 -999.0 282.3819632009341 5.465695298810358 282.36931390601467 5.504418601306006 60.73080489836753 156.21506882148978 -999.0 5400.0 -999.0 1 16 {-999.0 -999.0 -999.0 -999.0 -999.0} "" -999.0 -999.0 -999.0 -999.0 -999 -999 "" "" "" "" 0 0 0.0 0.0 -999 ""
FIBERMAP 264 R+10C3 METROLOGY 0 0 0 1 0 0 -128.40587597207437 199.91576637822166 143.1 -32.134317558583426 235.43578934924287 8.611557 149.81642 -999.0 -999.0 -999.0 -999.0 -999.0 282.3786671637174 5.464859932344342 282.3660313814634 5.503544421705996 60.73109606054905 156.22196118837505 -999.0 6231.0 -999.0 -1 -999 {-999.0 -999.0 -999.0 -999.0 -999.0} "" -999.0 -999.0 -999.0 -999.0 -999 -999 "" "" "" "" 0 0 0.0 0.0 -999 ""
FIBERMAP 285 R-8C18 APOGEE 0 0 0 1 0 0 187.76721263867648 -173.3020284521674 143.1 97.18712956860664 -236.33517249720583 345.64038 56.99642 -999.0 -999.0 -999.0 -999.0 -999.0 282.96004809574913 3.3268492906978677 282.9528233551019 3.367374871838017 58.52287511600229 156.5601547436626 -999.0 16600.0 -999.0 2 -999 {-999.0 -999.0 -999.0 -999.0 -999.0} "" -999.0 -999.0 -999.0 -999.0 -999 -999 "" "" "" "" 0 0 0.0 0.0 -999 ""
FIBERMAP 285 R-8C18 BOSS 1 1 0 1 0 0 187.2354365495809 -173.80547519466185 143.1 96.49260137931516 -236.56745103751075 345.64038 56.99642 282.956673776728 3.3256868215830533 -1.026143 -3.4059029 0.5021335 282.95694552952284 3.325670973226869 282.94968213335454 3.3663066456104866 58.522919200066084 156.5664985390038 5400.0 5400.0 2016.0 1 319 {-999.0 16.65061 14.724634 13.523993 -999.0} sdss_psfmag_from_g3xp 15.738372 14.17588 12.977517 10.568 63050395644102460 1093206495 bright_3x1 mwm_astar_core_boss mwm_ob science 0 0 0.881683349609375 0.0 -999 ""
FIBERMAP 285 R-8C18 METROLOGY 0 0 0 1 0 0 187.05350718415383 -173.0845738484074 143.1 96.63163429529638 -235.83700760737779 345.64038 56.99642 -999.0 -999.0 -999.0 -999.0 -999.0 282.95758768181406 3.3289752748803623 282.95032774318616 3.369578524125628 58.52578610652943 156.56323626221015 -999.0 6231.0 -999.0 -1 -999 {-999.0 -999.0 -999.0 -999.0 -999.0} "" -999.0 -999.0 -999.0 -999.0 -999 -999 "" "" "" "" 0 0 0.0 0.0 -999 ""
FIBERMAP 288 R-1C7 APOGEE 1 1 0 1 0 0 -156.7253713619956 -16.795940255611633 143.1 -149.2035435552909 50.86133819151557 149.93086 131.84398 281.8423675653055 4.630527522716888 -0.52481395 -7.6594353 3.8172975 281.84235177390815 4.630480345044702 281.83192098080735 4.667869831772886 60.11752877019177 157.79785661213754 16000.0 16600.0 2016.0 2 247 {-999.0 9.517091 9.281536 9.205783 -999.0} sdss_psfmag_from_g3xp 9.507575 9.274357 8.881629 8.279 63050395645613755 975057180 "" ops_std_apogee ops_std standard_apogee 0 0 0.0 0.0 -999 ""
FIBERMAP 288 R-1C7 BOSS 0 0 0 1 0 0 -156.91803686970664 -16.077453429461038 143.1 -149.07526453034848 51.59411960506698 149.93086 131.84398 -999.0 -999.0 -999.0 -999.0 -999.0 281.84292744325904 4.633716888558809 281.832450789941 4.6712184553490586 60.120534280242495 157.7947090225486 -999.0 5400.0 -999.0 1 483 {-999.0 -999.0 -999.0 -999.0 -999.0} "" -999.0 -999.0 -999.0 -999.0 -999 -999 "" "" "" "" 0 0 0.0 0.0 -999 ""
FIBERMAP 288 R-1C7 METROLOGY 0 0 0 1 0 0 -156.1940189671008 -16.272621427618454 143.1 -148.50101938905416 51.11181566957023 149.93086 131.84398 -999.0 -999.0 -999.0 -999.0 -999.0 281.8455277460623 4.63155320759461 281.8350670147291 4.669030382607341 60.11762895463484 157.79114880280022 -999.0 6231.0 -999.0 -1 -999 {-999.0 -999.0 -999.0 -999.0 -999.0} "" -999.0 -999.0 -999.0 -999.0 -999 -999 "" "" "" "" 0 0 0.0 0.0 -999 ""
FIBERMAP 289 R-11C12 APOGEE 1 1 0 1 0 0 87.1549303654073 -214.67727097529132 143.1 -11.497594286432966 -231.42591857812536 307.7954 152.9762 282.46731445664005 3.3491217139004745 -1.8930786 -5.013297 0.23153447 282.46730863420254 3.3491303665773757 282.460078703542 3.388384160919804 58.7046161728459 157.4387376688522 16000.0 16600.0 2016.0 2 175 {-999.0 24.221003 19.858204 17.465775 -999.0} sdss_psfmag_ps1 21.446033 17.59206 15.988044 10.499 63050395644105550 1154111669 bright_1x1 mwm_galactic_core_dist_apogee_sparse mwm_galactic science 0 0 0.0 0.0 -999 ""
FIBERMAP 289 R-11C12 BOSS 0 0 0 1 0 0 87.29291325660837 -215.39979814520694 143.1 -11.677164051853895 -232.13930381075906 307.7954 152.9762 -999.0 -999.0 -999.0 -999.0 -999.0 282.46652558624976 3.345785317656775 282.45926402971617 3.3851552883238374 58.70182336287171 157.442227883991 -999.0 5400.0 -999.0 1 394 {-999.0 -999.0 -999.0 -999.0 -999.0} "" -999.0 -999.0 -999.0 -999.0 -999 -999 "" "" "" "" 0 0 0.0 0.0 -999 ""
FIBERMAP 289 R-11C12 METROLOGY 0 0 0 1 0 0 86.592528928722 -215.1648492564865 143.1 -12.213202101637469 -231.6308924841016 307.7954 152.9762 -999.0 -999.0 -999.0 -999.0 -999.0 282.464085714613 3.3481109243160225 282.4568299081692 3.387440833677448 58.70477144451341 157.44523292375553 -999.0 6231.0 -999.0 -1 -999 {-999.0 -999.0 -999.0 -999.0 -999.0} "" -999.0 -999.0 -999.0 -999.0 -999 -999 "" "" "" "" 0 0 0.0 0.0 -999 ""
FIBERMAP 293 R-11C16 APOGEE 1 1 0 1 0 0 150.8956302758279 -212.93928408099018 143.1 47.036213975680845 -256.72975932493995 205.69452 86.96779 282.7323808333669 3.2355977923085755 -1.5778013 -4.520913 -0.9132996 282.7323657995265 3.2355757037337423 282.7253961003273 3.2755344758066536 58.51159475146221 157.028629579231 16000.0 16600.0 2016.0 2 218 {-999.0 26.40227 23.940126 19.886316 -999.0} sdss_psfmag_ps1 21.27413 19.537876 17.824848 10.797 63050395644102600 1154111758 bright_1x1 mwm_galactic_core_dist_apogee_sparse mwm_galactic science 0 0 0.0 0.0 -999 ""
FIBERMAP 293 R-11C16 BOSS 0 0 0 1 0 0 150.6029555438158 -212.26425888971872 143.1 47.05547529221686 -255.9942149384237 205.69452 86.96779 -999.0 -999.0 -999.0 -999.0 -999.0 282.73251426817944 3.2387244804140796 282.7254953842648 3.2788011323250683 58.51464728268175 157.02639439715892 -999.0 5400.0 -999.0 1 259 {-999.0 -999.0 -999.0 -999.0 -999.0} "" -999.0 -999.0 -999.0 -999.0 -999 -999 "" "" "" "" 0 0 0.0 0.0 -999 ""
FIBERMAP 293 R-11C16 METROLOGY 0 0 0 1 0 0 151.34619502945895 -212.3481167213503 143.1 47.69409103719268 -256.38368724810357 205.69452 86.96779 -999.0 -999.0 -999.0 -999.0 -999.0 282.735384942328 3.237025467275874 282.72838172667343 3.2770763752746985 58.51207101968013 157.02226958456362 -999.0 6231.0 -999.0 -1 -999 {-999.0 -999.0 -999.0 -999.0 -999.0} "" -999.0 -999.0 -999.0 -999.0 -999 -999 "" "" "" "" 0 0 0.0 0.0 -999 ""
FIBERMAP 296 R+3C13 APOGEE 1 1 0 1 0 0 -1.903168717589173 58.63228951730182 143.1 22.999801698843243 53.971094161646626 175.95348 119.06124 282.6278932350126 4.643451381782099 -2.0995793 -6.7985973 0.08518155 282.6278887002401 4.643397586259024 282.6173543449147 4.682805934863234 59.87413134953421 156.3096633901697 16000.0 16600.0 2016.0 2 5 {-999.0 20.966183 17.537634 15.8384495 -999.0} sdss_psfmag_ps1 18.876732 16.306164 14.875568 10.529 63050395645548584 1154123978 bright_1x1 mwm_galactic_core_dist_apogee_sparse mwm_galactic science 0 0 0.0 0.0 -999 ""
FIBERMAP 296 R+3C13 BOSS 0 0 0 1 0 0 -2.206220504050128 59.29477460979389 143.1 23.004364727124422 54.69964309670691 175.95348 119.06124 -999.0 -999.0 -999.0 -999.0 -999.0 282.6279704558623 4.646632342779227 282.6173875476742 4.686151757579816 59.87726782507001 156.30734131973995 -999.0 5400.0 -999.0 1 106 {-999.0 -999.0 -999.0 -999.0 -999.0} "" -999.0 -999.0 -999.0 -999.0 -999 -999 "" "" "" "" 0 0 0.0 0.0 -999 ""
FIBERMAP 296 R+3C13 METROLOGY 0 0 0 1 0 0 -1.4687303750880787 59.2706511161399 143.1 23.662957242041216 54.366763195526225 175.95348 119.06124 -999.0 -999.0 -999.0 -999.0 -999.0 282.63096243041895 4.645134011257855 282.6203944846114 4.684629821783627 59.874819926992096 156.3027518054688 -999.0 6231.0 -999.0 -1 -999 {-999.0 -999.0 -999.0 -999.0 -999.0} "" -999.0 -999.0 -999.0 -999.0 -999 -999 "" "" "" "" 0 0 0.0 0.0 -999 ""
FIBERMAP 298 R-12C13 APOGEE 0 0 0 1 0 0 113.74471921698552 -251.97384098344943 143.1 -3.113838486168221 -276.4600164468937 319.89813 64.556816 -999.0 -999.0 -999.0 -999.0 -999.0 282.5048944613989 3.1480743773545368 282.4981706480167 3.1874657125899444 58.50217693163303 157.49413239164795 -999.0 16600.0 -999.0 2 -999 {-999.0 -999.0 -999.0 -999.0 -999.0} "" -999.0 -999.0 -999.0 -999.0 -999 -999 "" "" "" "" 0 0 0.0 0.0 -999 ""
FIBERMAP 298 R-12C13 BOSS 1 1 0 1 0 0 113.07670869286831 -252.28711629723026 143.1 -3.8517092820830525 -276.46239413427185 319.89813 64.556816 282.5016844783882 3.1480469363660664 -33.908985 -22.888464 5.901332 282.50159426359016 3.147957424337116 282.49483070179247 3.187458758890373 58.50324524405771 157.50017887725198 5400.0 5400.0 2016.0 1 344 {-999.0 20.096092 18.59099 17.04057 -999.0} sdss_psfmag_ps1 19.521654 17.717974 16.468555 14.184 63050395644100864 939256446 bright_1x1 openfibertargets_nov2020_34a open_fiber science 0 0 0.0 0.0 -999 ""
FIBERMAP 298 R-12C13 METROLOGY 0 0 0 1 0 0 113.13233315826686 -251.5476423260151 143.1 -3.4894272946651292 -275.81528681126395 319.89813 64.556816 -999.0 -999.0 -999.0 -999.0 -999.0 282.50322956512235 3.150862938394397 282.4964699049468 3.1903343081660007 58.50543979695604 157.49543920613897 -999.0 6231.0 -999.0 -1 -999 {-999.0 -999.0 -999.0 -999.0 -999.0} "" -999.0 -999.0 -999.0 -999.0 -999 -999 "" "" "" "" 0 0 0.0 0.0 -999 ""
FIBERMAP 302 R-2C21 APOGEE 1 1 0 1 0 0 197.42752006889947 -47.3905747931196 143.1 159.044903547567 -126.23085900394169 26.491615 53.660496 283.24401855468744 3.8227873862457074 -999.0 -999.0 -999.0 283.2440288703709 3.8228064129176134 283.2355196881857 3.863961034354492 58.89359285332789 155.72364372371854 16000.0 16600.0 2015.5 2 228 {-999.0 -999.0 -999.0 -999.0 -999.0} "" -999.0 -999.0 -999.0 -999.0 27021603150604023 849031239 "" ops_sky_apogee_good ops_sky sky_apogee 0 0 0.0 0.0 -999 ""
FIBERMAP 302 R-2C21 BOSS 0 0 0 1 0 0 197.307666444162 -48.12178680900276 143.1 158.62786185156384 -126.84338842323285 26.491615 53.660496 -999.0 -999.0 -999.0 -999.0 -999.0 283.24220155592485 3.819888439439846 283.2336571450705 3.8611545777201406 58.89160407635286 155.7288998859874 -999.0 5400.0 -999.0 1 284 {-999.0 -999.0 -999.0 -999.0 -999.0} "" -999.0 -999.0 -999.0 -999.0 -999 -999 "" "" "" "" 0 0 0.0 0.0 -999 ""
FIBERMAP 302 R-2C21 METROLOGY 0 0 0 1 0 0 196.72731289406178 -47.65250182502167 143.1 158.29949031999135 -126.17309586981563 26.491615 53.660496 -999.0 -999.0 -999.0 -999.0 -999.0 283.2407195334119 3.822957919825786 283.2321796294499 3.864186858523874 58.89495927898862 155.72954327581667 -999.0 6231.0 -999.0 -1 -999 {-999.0 -999.0 -999.0 -999.0 -999.0} "" -999.0 -999.0 -999.0 -999.0 -999 -999 "" "" "" "" 0 0 0.0 0.0 -999 ""
FIBERMAP 307 R0C7 APOGEE 1 1 0 1 0 0 -167.31369023274783 2.55160540593697 143.1 -150.64618108563627 72.87110510135768 146.25847 135.33302 281.83615186957473 4.730460379147451 -3.0621011 -6.6139436 0.010153291 281.83614515242846 4.730432889088939 281.8254596555369 4.767786829465068 60.2142748072462 157.7460181763109 16000.0 16600.0 2016.0 2 250 {-999.0 20.206785 17.196436 15.266361 -999.0} sdss_psfmag_ps1 18.499008 15.743396 14.299983 10.117 63050395645659412 1154125042 bright_1x1 mwm_galactic_core_dist_apogee_sparse mwm_galactic science 0 0 0.0 0.0 -999 ""
FIBERMAP 307 R0C7 BOSS 0 0 0 1 0 0 -167.45980989309103 3.2741363284778613 143.1 -150.47398826479053 73.5879250656356 146.25847 135.33302 -999.0 -999.0 -999.0 -999.0 -999.0 281.8369250811109 4.733601269020595 281.8261939297387 4.7710673669732335 60.21714945844883 157.74251176042512 -999.0 5400.0 -999.0 1 493 {-999.0 -999.0 -999.0 -999.0 -999.0} "" -999.0 -999.0 -999.0 -999.0 -999 -999 "" "" "" "" 0 0 0.0 0.0 -999 ""
FIBERMAP 307 R0C7 METROLOGY 0 0 0 1 0 0 -166.7498298012202 3.041332247504741 143.1 -149.92834417316448 73.0774120819006 146.25847 135.33302 -999.0 -999.0 -999.0 -999.0 -999.0 281.8393922387435 4.731311900752959 281.8286773324424 4.768753418982174 60.21416587480002 157.73927991861856 -999.0 6231.0 -999.0 -1 -999 {-999.0 -999.0 -999.0 -999.0 -999.0} "" -999.0 -999.0 -999.0 -999.0 -999 -999 "" "" "" "" 0 0 0.0 0.0 -999 ""
FIBERMAP 310 R+1C8 APOGEE 0 0 0 1 0 0 -118.42011512241174 11.871975119870157 143.1 -102.37839648302936 60.7041963207329 260.5575 153.49 -999.0 -999.0 -999.0 -999.0 -999.0 282.055491338583 4.675123391816916 282.0449273871515 4.713053014496163 60.092001243861674 157.36540218583846 -999.0 16600.0 -999.0 2 -999 {-999.0 -999.0 -999.0 -999.0 -999.0} "" -999.0 -999.0 -999.0 -999.0 -999 -999 "" "" "" "" 0 0 0.0 0.0 -999 ""
FIBERMAP 310 R+1C8 BOSS 1 1 0 1 0 0 -118.85065770034598 11.263422551129802 143.1 -103.02544863395696 60.33391562999335 260.5575 153.49 282.05252498912387 4.673376742727983 -0.611691 -4.1966925 0.33838737 282.0525296328429 4.673357959853976 282.04193218117206 4.7113914353395945 60.09139883382052 157.37214656102566 5400.0 5400.0 2016.0 1 46 {-999.0 19.246662 16.365883 14.965557 -999.0} sdss_psfmag_ps1 17.634764 15.53475 14.202911 10.456 63050395645612115 934472813 bright_1x1 openfibertargets_nov2020_34a open_fiber science 0 0 0.0 0.0 -999 ""
FIBERMAP 310 R+1C8 METROLOGY 0 0 0 1 0 0 -119.16240747919676 11.947234920363762 143.1 -103.01977920526795 61.085472414582505 260.5575 153.49 -999.0 -999.0 -999.0 -999.0 -999.0 282.05256399863276 4.676801909854261 282.04196860277926 4.714803293754086 60.094614117125786 157.36985621949702 -999.0 6231.0 -999.0 -1 -999 {-999.0 -999.0 -999.0 -999.0 -999.0} "" -999.0 -999.0 -999.0 -999.0 -999 -999 "" "" "" "" 0 0 0.0 0.0 -999 ""
FIBERMAP 322 R+11C6 APOGEE 1 1 0 1 0 0 -37.92550685656575 214.06437168398486 143.1 55.881006097056364 210.10976403185808 39.435608 73.893486 282.7791270310893 5.350057419530727 -2.3453085 -4.3325086 0.14568926 282.779110485726 5.350042747003033 282.7667633996114 5.3897013671852605 60.486548511863816 155.53913535975641 16000.0 16600.0 2016.0 2 4 {-999.0 21.902311 18.611692 16.525333 -999.0} sdss_psfmag_ps1 19.98819 16.999796 15.487164 10.834 63050395645753159 1154125822 bright_1x1 mwm_galactic_core_dist_apogee_sparse mwm_galactic science 0 0 0.0 0.0 -999 ""
FIBERMAP 322 R+11C6 BOSS 0 0 0 1 0 0 -37.62953231688086 213.38730898780537 143.1 55.86387785949517 209.37098045918515 39.435608 73.893486 -999.0 -999.0 -999.0 -999.0 -999.0 282.7790826643567 5.3466566786909535 282.7667035929601 5.38642422726257 60.483499124934085 155.54157490543977 -999.0 5400.0 -999.0 1 143 {-999.0 -999.0 -999.0 -999.0 -999.0} "" -999.0 -999.0 -999.0 -999.0 -999 -999 "" "" "" "" 0 0 0.0 0.0 -999 ""
FIBERMAP 322 R+11C6 METROLOGY 0 0 0 1 0 0 -38.37739814975551 213.45596974447008 143.1 55.214658177434245 209.7486228263628 39.435608 73.893486 -999.0 -999.0 -999.0 -999.0 -999.0 282.77611447880366 5.34839163947131 282.763742744583 5.388120518060012 60.48611907533132 155.54597667374722 -999.0 6231.0 -999.0 -1 -999 {-999.0 -999.0 -999.0 -999.0 -999.0} "" -999.0 -999.0 -999.0 -999.0 -999 -999 "" "" "" "" 0 0 0.0 0.0 -999 ""
FIBERMAP 325 R+6C4 APOGEE 0 0 0 1 0 0 -157.9824147151381 127.17529769714464 143.1 -89.62983486728609 181.94641490393659 77.509964 134.23712 -999.0 -999.0 -999.0 -999.0 -999.0 282.1158558901193 5.224477776596636 282.10388397397463 5.26245567944027 60.59172751720137 156.88900298666832 -999.0 16600.0 -999.0 2 -999 {-999.0 -999.0 -999.0 -999.0 -999.0} "" -999.0 -999.0 -999.0 -999.0 -999 -999 "" "" "" "" 0 0 0.0 0.0 -999 ""
FIBERMAP 325 R+6C4 BOSS 1 1 0 1 0 0 -157.34332923480946 127.57789471361545 143.1 -88.88052612803347 182.04198854199072 77.509964 134.23712 282.11929321289057 5.224847246454885 -999.0 -999.0 -999.0 282.1192835401387 5.224848434718297 282.1072720546746 5.262943711080092 60.59106953578714 156.88219122586494 5400.0 5400.0 2015.5 1 38 {-999.0 -999.0 -999.0 -999.0 -999.0} "" -999.0 -999.0 -999.0 -999.0 27021603150620998 820735586 "" ops_sky_boss_good ops_sky sky_boss 0 0 0.0 0.0 -999 ""
FIBERMAP 325 R+6C4 METROLOGY 0 0 0 1 0 0 -157.3219798476418 126.82818421958011 143.1 -89.1773240428736 181.35313823161837 77.509964 134.23712 -999.0 -999.0 -999.0 -999.0 -999.0 282.1179100893651 5.221764047370072 282.10591746729847 5.259825613910289 60.58857494000763 156.8868878059997 -999.0 6231.0 -999.0 -1 -999 {-999.0 -999.0 -999.0 -999.0 -999.0} "" -999.0 -999.0 -999.0 -999.0 -999 -999 "" "" "" "" 0 0 0.0 0.0 -999 ""
FIBERMAP 333 R+12C2 APOGEE 1 1 0 1 0 0 -150.62063783114291 247.54560588219874 143.1 -32.19313525281258 287.99525164697883 210.67636 21.691097 282.3792933749295 5.699166115346225 14.474237 -28.907227 5.56239 282.3793674268359 5.699049321804397 282.3661611165957 5.737613315651239 60.951024816223416 156.05751659838435 16000.0 16600.0 2016.0 2 132 {-999.0 8.679389 8.613739 8.630935 -999.0} sdss_psfmag_from_g3xp 8.728182 8.582517 8.309262 7.928 63050395645796531 975057051 "" ops_std_apogee ops_std standard_apogee 0 0 0.0 0.0 -999 ""
FIBERMAP 333 R+12C2 BOSS 0 0 0 1 0 0 -150.17093990872723 248.12943887306255 143.1 -31.539137196251726 288.3350383721101 210.67636 21.691097 -999.0 -999.0 -999.0 -999.0 -999.0 282.38238253741395 5.700429543975426 282.36913334620294 5.739107590315164 60.95141403896501 156.05073986554484 -999.0 5400.0 -999.0 1 6 {-999.0 -999.0 -999.0 -999.0 -999.0} "" -999.0 -999.0 -999.0 -999.0 -999 -999 "" "" "" "" 0 0 0.0 0.0 -999 ""
FIBERMAP 333 R+12C2 METROLOGY 0 0 0 1 0 0 -149.87590121130668 247.44634153870496 143.1 -31.55965891398625 287.59117716259266 210.67636 21.691097 -999.0 -999.0 -999.0 -999.0 -999.0 282.3822636316111 5.697164550434894 282.3690338827264 5.735812729771564 60.94835305504377 156.0532589935879 -999.0 6231.0 -999.0 -1 -999 {-999.0 -999.0 -999.0 -999.0 -999.0} "" -999.0 -999.0 -999.0 -999.0 -999 -999 "" "" "" "" 0 0 0.0 0.0 -999 ""
FIBERMAP 343 R+11C1 APOGEE 1 1 0 1 0 0 -171.18138067189025 193.67355853352933 143.1 -73.55607612168376 247.81398469861432 311.06442 58.721252 282.1906110086403 5.5201572536855 -1.2860018 -8.68832 0.038004965 282.19062480900936 5.520140254598081 282.17789094240317 5.558253357754291 60.84595517088022 156.54508956013714 16000.0 16600.0 2016.0 2 139 {-999.0 21.338717 17.88346 16.096382 -999.0} sdss_psfmag_ps1 19.234133 16.587135 15.135373 10.563 63050395645778281 1154126003 bright_1x1 mwm_galactic_core_dist_apogee_sparse mwm_galactic science 0 0 0.0 0.0 -999 ""
FIBERMAP 343 R+11C1 BOSS 0 0 0 1 0 0 -171.90037978158455 193.55301431998421 143.1 -74.25890805954089 248.0078802755426 311.06442 58.721252 -999.0 -999.0 -999.0 -999.0 -999.0 282.1874729774701 5.520905644124612 282.1746989208487 5.5591177954839095 60.847837509276445 156.55063489056056 -999.0 5400.0 -999.0 1 9 {-999.0 -999.0 -999.0 -999.0 -999.0} "" -999.0 -999.0 -999.0 -999.0 -999 -999 "" "" "" "" 0 0 0.0 0.0 -999 ""
FIBERMAP 343 R+11C1 METROLOGY 0 0 0 1 0 0 -171.64596422099564 194.25068455556416 143.1 -73.73398865450972 248.53324792872996 311.06442 58.721252 -999.0 -999.0 -999.0 -999.0 -999.0 282.1898614415314 5.523281280924146 282.17709201872344 5.561468702372388 60.84925065841529 156.54440719959788 -999.0 6231.0 -999.0 -1 -999 {-999.0 -999.0 -999.0 -999.0 -999.0} "" -999.0 -999.0 -999.0 -999.0 -999 -999 "" "" "" "" 0 0 0.0 0.0 -999 ""
FIBERMAP 361 R+13C14 APOGEE 1 1 0 1 0 0 148.542693439469 239.51922025528916 143.1 235.7072483147932 154.55769014148203 282.56216 118.80222 283.5933147039821 5.092793071608444 -1.8121678 -4.6989083 0.34298792 283.59329900520754 5.092775561623198 283.58153953443724 5.134573186746302 59.957398206417565 154.19834344983883 16000.0 16600.0 2016.0 2 98 {-999.0 26.227911 21.214447 18.429794 -999.0} sdss_psfmag_ps1 21.04415 18.357159 16.72015 10.45 63050395645576301 1154124661 bright_1x1 mwm_galactic_core_dist_apogee_sparse mwm_galactic science 0 0 0.0 0.0 -999 ""
FIBERMAP 361 R+13C14 BOSS 0 0 0 1 0 0 147.98973632897065 239.03374839178665 143.1 235.00109302634854 154.35064362814086 282.56216 118.80222 -999.0 -999.0 -999.0 -999.0 -999.0 283.5901761506921 5.0917698142758425 283.5783759166615 5.133669503353965 59.95771548191154 154.20486021383653 -999.0 5400.0 -999.0 1 90 {-999.0 -999.0 -999.0 -999.0 -999.0} "" -999.0 -999.0 -999.0 -999.0 -999 -999 "" "" "" "" 0 0 0.0 0.0 -999 ""
FIBERMAP 361 R+13C14 METROLOGY 0 0 0 1 0 0 147.83355527616754 239.7599138772906 143.1 235.1656947658444 155.07500241588113 282.56216 118.80222 -999.0 -999.0 -999.0 -999.0 -999.0 283.5908862018124 5.095046670418298 283.5790899413522 5.136916388422102 59.96047398439181 154.20115606125208 -999.0 6231.0 -999.0 -1 -999 {-999.0 -999.0 -999.0 -999.0 -999.0} "" -999.0 -999.0 -999.0 -999.0 -999 -999 "" "" "" "" 0 0 0.0 0.0 -999 ""
FIBERMAP 368 R-8C2 APOGEE 0 0 0 1 0 0 -195.804010210851 -163.7294038600345 143.1 -246.60335841066797 -65.9001021536526 246.0093 72.53075 -999.0 -999.0 -999.0 -999.0 -999.0 281.4023653097582 4.101614953353478 281.39332625628504 4.137974253346875 59.74976327349518 158.95620296037058 -999.0 16600.0 -999.0 2 -999 {-999.0 -999.0 -999.0 -999.0 -999.0} "" -999.0 -999.0 -999.0 -999.0 -999 -999 "" "" "" "" 0 0 0.0 0.0 -999 ""
FIBERMAP 368 R-8C2 BOSS 1 0 0 1 0 0 -196.39216584114473 -163.1292471810372 143.1 -246.88361552012975 -65.10784327301276 246.0093 72.53075 281.4369529597114 4.19487630993133 -7.8292365 -3.9294832 1.0166675 281.40112091805054 4.105085379140833 281.3920369706314 4.14155429658704 59.7535646156191 158.95648441700735 5400.0 5400.0 2016.0 1 489 {-999.0 16.330664 15.130625 14.513325 -999.0} sdss_psfmag_ps1 15.832895 15.009807 14.100397 12.243 63050395645029574 980287341 "" ops_std_boss_red ops_std standard_boss 0 0 0.0 0.0 -999 ""
FIBERMAP 368 R-8C2 METROLOGY 0 0 0 1 0 0 -195.65234856040598 -162.9988830018134 143.1 -246.15776425288172 -65.30161313731719 246.0093 72.53075 -999.0 -999.0 -999.0 -999.0 -999.0 281.40436685631636 4.10422719600424 281.39529502369413 4.140672491544981 59.75174033364401 158.9508662913184 -999.0 6231.0 -999.0 -1 -999 {-999.0 -999.0 -999.0 -999.0 -999.0} "" -999.0 -999.0 -999.0 -999.0 -999 -999 "" "" "" "" 0 0 0.0 0.0 -999 ""
FIBERMAP 372 R+12C4 APOGEE 0 0 0 1 0 0 -110.6230851833901 231.87286523466494 143.1 -2.532136375939746 256.9157792130454 240.2151 44.479366 -999.0 -999.0 -999.0 -999.0 -999.0 282.5136163491586 5.56068674444692 282.50075306442034 5.599622469639181 60.775381743705935 155.8967231727985 -999.0 16600.0 -999.0 2 -999 {-999.0 -999.0 -999.0 -999.0 -999.0} "" -999.0 -999.0 -999.0 -999.0 -999 -999 "" "" "" "" 0 0 0.0 0.0 -999 ""
FIBERMAP 372 R+12C4 BOSS 1 1 0 1 0 0 -110.83119598692029 232.578432303209 143.1 -2.423311690427645 257.64335820612865 240.2151 44.479366 282.5141551231526 5.563847019349006 -0.41424844 -2.6867454 0.73703086 282.51415909303876 5.563838132639045 282.5012480963193 5.602881885266709 60.778270949583174 155.8934722611072 5400.0 5400.0 2016.0 1 93 {-999.0 19.072153 17.431765 16.64019 16.024143} sdss_psfmag_from_ps1dr2 18.3928 17.3339 16.3099 14.192 63050395645792958 1040114189 "" ops_std_boss_ps1dr2 ops_std standard_boss 0 0 0.0 0.0 -999 ""
FIBERMAP 372 R+12C4 METROLOGY 0 0 0 1 0 0 -110.10380556094005 232.40859898777362 143.1 -1.8353245002421175 257.1826058721598 240.2151 44.479366 -999.0 -999.0 -999.0 -999.0 -999.0 282.51681597440563 5.561803056228732 282.5039211856484 5.6008236461205625 60.77542104512942 155.8898129179699 -999.0 6231.0 -999.0 -1 -999 {-999.0 -999.0 -999.0 -999.0 -999.0} "" -999.0 -999.0 -999.0 -999.0 -999 -999 "" "" "" "" 0 0 0.0 0.0 -999 ""
FIBERMAP 373 R-8C13 APOGEE 0 0 0 1 0 0 65.85741785384161 -147.3448699493031 143.1 -2.4159395195610727 -161.38672971308972 37.44426 162.98785 -999.0 -999.0 -999.0 -999.0 -999.0 282.5092988262357 3.6643650351787174 282.501264386395 3.703663271435148 58.98940660383289 157.16546634691696 -999.0 16600.0 -999.0 2 -999 {-999.0 -999.0 -999.0 -999.0 -999.0} "" -999.0 -999.0 -999.0 -999.0 -999 -999 "" "" "" "" 0 0 0.0 0.0 -999 ""
FIBERMAP 373 R-8C13 BOSS 1 1 0 1 0 0 66.54917949826783 -147.08007540139533 143.1 -1.6769755575271774 -161.43833101140035 37.44426 162.98785 282.51270698835003 3.6639655304324323 0.777761 -0.5807184 1.0487225 282.5127027056742 3.663949491014612 282.5046287340653 3.7033725988917845 58.988033919543405 157.15949275534564 5400.0 5400.0 2016.0 1 353 {-999.0 19.80168 17.959673 16.699492 -999.0} sdss_psfmag_ps1 18.892164 17.302452 16.10901 13.49 63050395644704849 939258694 bright_1x1 openfibertargets_nov2020_34a open_fiber science 0 0 0.0 0.0 -999 ""
FIBERMAP 373 R-8C13 METROLOGY 0 0 0 1 0 0 66.44392860362206 -147.806028404613 143.1 -2.078557549755327 -162.05224955695422 37.44426 162.98785 -999.0 -999.0 -999.0 -999.0 -999.0 282.5108557729842 3.661222244074378 282.5028003209919 3.7006082753473812 58.986018350805914 157.16459401141316 -999.0 6231.0 -999.0 -1 -999 {-999.0 -999.0 -999.0 -999.0 -999.0} "" -999.0 -999.0 -999.0 -999.0 -999 -999 "" "" "" "" 0 0 0.0 0.0 -999 ""
FIBERMAP 375 R+2C25 APOGEE 1 1 0 1 0 0 262.99903712452806 21.36879952963158 143.1 247.50227739874353 -91.5309097661874 287.63086 75.42235 283.643525966899 3.9800386933519607 -2.33515 -6.453383 0.12026165 283.6435047887123 3.980039959435329 283.6345589742771 4.022187743573969 58.901523367922564 154.89448995252732 16000.0 16600.0 2016.0 2 57 {-999.0 23.101322 21.221155 18.553106 -999.0} sdss_psfmag_gaia 21.187696 19.270191 17.56321 10.72 63050395645300971 1154779736 bright_1x1 mwm_galactic_core_dist_apogee_sparse mwm_galactic science 0 0 0.0 0.0 -999 ""
FIBERMAP 375 R+2C25 BOSS 0 0 0 1 0 0 262.26458379691445 21.316942997795586 143.1 246.81439742118692 -91.26821016992228 287.63086 75.42235 -999.0 -999.0 -999.0 -999.0 -999.0 283.6404919134292 3.9811041112934045 283.6314995364281 4.023359004229757 58.90370860218662 154.89919705746263 -999.0 5400.0 -999.0 1 176 {-999.0 -999.0 -999.0 -999.0 -999.0} "" -999.0 -999.0 -999.0 -999.0 -999 -999 "" "" "" "" 0 0 0.0 0.0 -999 ""
FIBERMAP 375 R+2C25 METROLOGY 0 0 0 1 0 0 262.58192257093316 21.986404846769613 143.1 247.38448074582473 -90.79495737537187 287.63086 75.42235 -999.0 -999.0 -999.0 -999.0 -999.0 283.6430449889004 3.9832779251879997 283.6340593798596 4.025506315921938 58.90480066301403 154.89309292860602 -999.0 6231.0 -999.0 -1 -999 {-999.0 -999.0 -999.0 -999.0 -999.0} "" -999.0 -999.0 -999.0 -999.0 -999 -999 "" "" "" "" 0 0 0.0 0.0 -999 ""
FIBERMAP 380 R-1C10 APOGEE 0 0 0 1 0 0 -90.4219998160353 -5.876425631059487 143.1 -84.47396140126295 32.802729699579594 166.02788 74.939 -999.0 -999.0 -999.0 -999.0 -999.0 282.1367602484318 4.548085699230512 282.1265129678567 4.5862494754188505 59.94564691409843 157.29403079027833 -999.0 16600.0 -999.0 2 -999 {-999.0 -999.0 -999.0 -999.0 -999.0} "" -999.0 -999.0 -999.0 -999.0 -999 -999 "" "" "" "" 0 0 0.0 0.0 -999 ""
FIBERMAP 380 R-1C10 BOSS 1 1 0 1 0 0 -90.08369785466257 -5.19452185101316 143.1 -83.87962154463732 33.27842468442551 166.02788 74.939 282.1394732605193 4.550384758412892 5.8023276 -76.18459 5.979616 282.13947251134977 4.550151796921179 282.1291810994071 4.588433884717884 59.94684609370486 157.28758927782656 5400.0 5400.0 2016.0 1 441 {-999.0 17.116184 15.857626 14.9944315 -999.0} sdss_psfmag_ps1 16.528877 15.561306 14.455813 12.433 63050395645595695 939264766 bright_1x1 openfibertargets_nov2020_34a open_fiber science 0 0 0.0 0.0 -999 ""
FIBERMAP 380 R-1C10 METROLOGY 0 0 0 1 0 0 -89.67708699894291 -5.834391413530387 143.1 -83.78073875802548 32.526712267104344 166.02788 74.939 -999.0 -999.0 -999.0 -999.0 -999.0 282.13991195390577 4.546757629785772 282.1296400974115 4.58500986272035 59.94345975819658 157.2889522882883 -999.0 6231.0 -999.0 -1 -999 {-999.0 -999.0 -999.0 -999.0 -999.0} "" -999.0 -999.0 -999.0 -999.0 -999 -999 "" "" "" "" 0 0 0.0 0.0 -999 ""
FIBERMAP 382 R+9C5 APOGEE 1 1 0 1 0 0 -92.22545154571043 155.10443546485465 143.1 -18.222673643011007 179.54277579118119 356.78036 39.028233 282.4411118949438 5.2135585260603365 -3.9865377 -4.349988 -0.23120458 282.44113704575545 5.213561337611161 282.4291658444485 5.252378018452337 60.47352649045432 156.27560704424846 16000.0 16600.0 2016.0 2 112 {-999.0 24.522253 21.510147 18.18934 -999.0} sdss_psfmag_ps1 21.153019 17.662813 15.791291 9.878 63050395645763843 1154125994 bright_1x1 mwm_galactic_core_dist_apogee_sparse mwm_galactic science 0 0 0.0 0.0 -999 ""
FIBERMAP 382 R+9C5 BOSS 0 0 0 1 0 0 -92.87011443288351 154.73058429529775 143.1 -18.96491773516497 179.4756212863439 356.78036 39.028233 -999.0 -999.0 -999.0 -999.0 -999.0 282.43778478452674 5.213210068972228 282.42577529983214 5.252127007679078 60.47443733880417 156.2822236777639 -999.0 5400.0 -999.0 1 80 {-999.0 -999.0 -999.0 -999.0 -999.0} "" -999.0 -999.0 -999.0 -999.0 -999 -999 "" "" "" "" 0 0 0.0 0.0 -999 ""
FIBERMAP 382 R+9C5 METROLOGY 0 0 0 1 0 0 -92.87511310088559 155.48949219855527 143.1 -18.64941416997624 180.16591672077405 356.78036 39.028233 -999.0 -999.0 -999.0 -999.0 -999.0 282.4392233395066 5.216342644058568 282.4272169205921 5.2552318273266545 60.476869893170644 156.27734358697867 -999.0 6231.0 -999.0 -1 -999 {-999.0 -999.0 -999.0 -999.0 -999.0} "" -999.0 -999.0 -999.0 -999.0 -999 -999 "" "" "" "" 0 0 0.0 0.0 -999 ""
FIBERMAP 383 R+6C1 APOGEE 1 1 0 1 0 0 -234.2200096307961 122.13345821061323 143.1 -160.8892447406123 209.52430183958165 138.077 128.38017 281.79360355631104 5.347285119615445 -3.7859335 -8.219883 0.2613908 281.79358686117416 5.347261584755568 281.78132777279336 5.384386140346795 60.81221002413 157.42735500292875 16000.0 16600.0 2016.0 2 119 {-999.0 18.644762 15.8210535 14.143783 -999.0} sdss_psfmag_ps1 16.994757 14.645189 13.274192 9.378 63050395648645847 1154131992 bright_1x1 mwm_galactic_core_dist_apogee_sparse mwm_galactic science 0 0 0.0 0.0 -999 ""
FIBERMAP 383 R+6C1 BOSS 0 0 0 1 0 0 -234.1958305344514 122.85779768661227 143.1 -160.56186013448007 210.17094572495745 138.077 128.38017 -999.0 -999.0 -999.0 -999.0 -999.0 281.795123389307 5.350066241643133 281.7828198326985 5.387302139185996 60.8144868352285 157.42253459110086 -999.0 5400.0 -999.0 1 83 {-999.0 -999.0 -999.0 -999.0 -999.0} "" -999.0 -999.0 -999.0 -999.0 -999 -999 "" "" "" "" 0 0 0.0 0.0 -999 ""
FIBERMAP 383 R+6C1 METROLOGY 0 0 0 1 0 0 -233.55569061579865 122.48112624306849 143.1 -160.14021781852688 209.55942402084275 138.077 128.38017 -999.0 -999.0 -999.0 -999.0 -999.0 281.7969948114857 5.347366469622536 281.7847085365033 5.384577131482038 60.81129931362776 157.4206991690098 -999.0 6231.0 -999.0 -1 -999 {-999.0 -999.0 -999.0 -999.0 -999.0} "" -999.0 -999.0 -999.0 -999.0 -999 -999 "" "" "" "" 0 0 0.0 0.0 -999 ""
FIBERMAP 386 R-4C2 APOGEE 0 0 0 1 0 0 -219.10554591288445 -89.99443182207158 143.1 -236.63897165816164 10.790130261855435 294.40332 116.49261 -999.0 -999.0 -999.0 -999.0 -999.0 281.4469112742494 4.4487287896389205 281.4369810890335 4.485134679277377 60.06713403049031 158.66245339715158 -999.0 16600.0 -999.0 2 -999 {-999.0 -999.0 -999.0 -999.0 -999.0} "" -999.0 -999.0 -999.0 -999.0 -999 -999 "" "" "" "" 0 0 0.0 0.0 -999 ""
FIBERMAP 386 R-4C2 BOSS 1 1 0 1 0 0 -219.56984433390775 -90.58317257182674 143.1 -237.30827926894716 10.452050243402956 294.40332 116.49261 281.44390154583596 4.447172318176659 4.153525 -26.929653 2.3957617 281.4439091667036 4.44708818854303 281.43394725855734 4.4835985976942885 60.06660016229713 158.669166940151 5400.0 5400.0 2016.0 1 486 {-999.0 14.595354 13.796477 13.496114 -999.0} sdss_psfmag_from_g3xp 14.364942 13.833963 13.150282 11.843 63050395645129910 980529364 "" ops_std_boss_tic ops_std standard_boss 0 0 0.0 0.0 -999 ""
FIBERMAP 386 R-4C2 METROLOGY 0 0 0 1 0 0 -219.8427159254126 -89.87935639836583 143.1 -237.2589188641629 11.205351549723279 294.40332 116.49261 -999.0 -999.0 -999.0 -999.0 -999.0 281.44413314749403 4.450532354677067 281.4341726722961 4.487010932144357 60.06977894891661 158.66663995006198 -999.0 6231.0 -999.0 -1 -999 {-999.0 -999.0 -999.0 -999.0 -999.0} "" -999.0 -999.0 -999.0 -999.0 -999 -999 "" "" "" "" 0 0 0.0 0.0 -999 ""
FIBERMAP 388 R+2C3 APOGEE 1 1 0 1 0 0 -227.58210447240359 58.81747508378278 143.1 -181.570670638417 149.30930467887072 154.36577 46.980556 281.69794719906065 5.076091139652147 -1.1275024 -4.5182867 0.1935121 281.69795132697595 5.0760671695228465 281.686394375704 5.112997831951707 60.58565492873451 157.78863535726038 16000.0 16600.0 2016.0 2 116 {-999.0 18.0811 15.629863 14.545485 -999.0} sdss_psfmag_ps1 16.7949 15.118654 13.890176 10.673 63050395645709138 1154125535 bright_1x1 mwm_galactic_core_dist_apogee_sparse mwm_galactic science 0 0 0.0 0.0 -999 ""
FIBERMAP 388 R+2C3 BOSS 0 0 0 1 0 0 -226.89395364997117 59.11232135170365 143.1 -180.82230800958803 149.2864773746448 154.36577 46.980556 -999.0 -999.0 -999.0 -999.0 -999.0 281.70134194579157 5.075890964436087 281.68974824144055 5.1129395385074865 60.584533432509666 157.7822273304598 -999.0 5400.0 -999.0 1 60 {-999.0 -999.0 -999.0 -999.0 -999.0} "" -999.0 -999.0 -999.0 -999.0 -999 -999 "" "" "" "" 0 0 0.0 0.0 -999 ""
FIBERMAP 388 R+2C3 METROLOGY 0 0 0 1 0 0 -226.972598825846 58.37719336824738 143.1 -181.20363274239932 148.6530190333566 154.36577 46.980556 -999.0 -999.0 -999.0 -999.0 -999.0 281.69959413443246 5.073052984298399 281.6880183058861 5.110066684673606 60.58236085109888 157.78741901033985 -999.0 6231.0 -999.0 -1 -999 {-999.0 -999.0 -999.0 -999.0 -999.0} "" -999.0 -999.0 -999.0 -999.0 -999 -999 "" "" "" "" 0 0 0.0 0.0 -999 ""
FIBERMAP 394 R-1C26 APOGEE 1 1 0 1 0 0 271.29833997578777 -13.776026752997831 143.1 240.20738925191122 -126.90056124262856 119.23588 140.38547 283.60931396484375 3.8204508193965836 -999.0 -999.0 -999.0 283.6092935545067 3.8204322331348415 283.60075451150516 3.8625245087023057 58.764371776785 155.06534998658026 16000.0 16600.0 2015.5 2 240 {-999.0 -999.0 -999.0 -999.0 -999.0} "" -999.0 -999.0 -999.0 -999.0 27021603150603894 849031260 "" ops_sky_apogee_good ops_sky sky_apogee 0 0 0.0 0.0 -999 ""
FIBERMAP 394 R-1C26 BOSS 0 0 0 1 0 0 271.4255337402779 -13.044127395596758 143.1 240.6313769376124 -126.29050391809042 119.23588 140.38547 -999.0 -999.0 -999.0 -999.0 -999.0 283.61126519597485 3.823069558281203 283.6026751752872 3.8652821330625864 58.76626847626126 155.0600059129635 -999.0 5400.0 -999.0 1 262 {-999.0 -999.0 -999.0 -999.0 -999.0} "" -999.0 -999.0 -999.0 -999.0 -999 -999 "" "" "" "" 0 0 0.0 0.0 -999 ""
FIBERMAP 394 R-1C26 METROLOGY 0 0 0 1 0 0 272.0092335598808 -13.51807568503344 143.1 240.96081636309697 -126.96643636068562 119.23588 140.38547 -999.0 -999.0 -999.0 -999.0 -999.0 283.6126906767245 3.8200629677287736 283.6041206132606 3.862247006329601 58.762918963209486 155.0594864485348 -999.0 6231.0 -999.0 -1 -999 {-999.0 -999.0 -999.0 -999.0 -999.0} "" -999.0 -999.0 -999.0 -999.0 -999 -999 "" "" "" "" 0 0 0.0 0.0 -999 ""
FIBERMAP 396 R+11C2 APOGEE 0 0 0 1 0 0 -135.86162871151558 206.37492773921247 143.1 -36.17141964109808 244.43717973123495 317.2042 125.36515 -999.0 -999.0 -999.0 -999.0 -999.0 282.3604444662984 5.5051856639847685 282.3477351891674 5.543738377295137 60.77508939959097 156.22898888242142 -999.0 16600.0 -999.0 2 -999 {-999.0 -999.0 -999.0 -999.0 -999.0} "" -999.0 -999.0 -999.0 -999.0 -999 -999 "" "" "" "" 0 0 0.0 0.0 -999 ""
FIBERMAP 396 R+11C2 BOSS 1 1 0 1 0 0 -135.94186063182957 205.63307439024317 143.1 -36.55701938479076 243.79829188235678 317.2042 125.36515 282.3587137165637 5.502234956727275 -2.3963091 -0.23555857 0.9805161 282.3587139115887 5.502247403155195 282.3459731889296 5.54090369184051 60.77302125945009 156.23434300666807 5400.0 5400.0 2016.0 1 17 {-999.0 17.453445 16.028297 15.402142 -999.0} sdss_psfmag_ps1 16.829725 15.913595 14.970409 12.856 63050395645777098 982158609 "" ops_std_boss_tic ops_std standard_boss 0 0 0.0 0.0 -999 ""
FIBERMAP 396 R+11C2 METROLOGY 0 0 0 1 0 0 -136.54285966371737 206.07064765397186 143.1 -36.91748554486222 244.4485341738894 317.2042 125.36515 -999.0 -999.0 -999.0 -999.0 -999.0 282.3570770074894 5.50517836659738 282.34434000983583 5.54379941817145 60.7762974230656 156.23545426040363 -999.0 6231.0 -999.0 -1 -999 {-999.0 -999.0 -999.0 -999.0 -999.0} "" -999.0 -999.0 -999.0 -999.0 -999 -999 "" "" "" "" 0 0 0.0 0.0 -999 ""
FIBERMAP 402 R+12C13 APOGEE 0 0 0 1 0 0 109.45792424161792 212.9865470437798 143.1 189.07567442257155 146.97982282234548 313.1647 56.978992 -999.0 -999.0 -999.0 -999.0 -999.0 283.38372614358786 5.060986797681835 283.3720647979768 5.102253480950803 60.00340228103469 154.61020993590122 -999.0 16600.0 -999.0 2 -999 {-999.0 -999.0 -999.0 -999.0 -999.0} "" -999.0 -999.0 -999.0 -999.0 -999 -999 "" "" "" "" 0 0 0.0 0.0 -999 ""
FIBERMAP 402 R+12C13 BOSS 1 1 0 1 0 0 108.71407501454249 212.8531502725262 143.1 188.34488807056812 147.1725429912453 313.1647 56.978992 283.38045204622165 5.0617674290527646 5.8284454 5.2009883 2.3643024 283.3804927234007 5.061796407656381 283.36878675157254 5.10316455119 60.00543335569 154.6156385036548 5400.0 5400.0 2016.0 1 100 {-999.0 17.467236 16.001669 15.429343 -999.0} sdss_psfmag_ps1 16.843945 15.918925 14.97658 13.025 63050395645576609 1124290299 bright_1x1 openfibertargets_mwm_snc_further_ext_boss open_fiber science 0 0 0.0 0.0 -999 ""
FIBERMAP 402 R+12C13 METROLOGY 0 0 0 1 0 0 108.97136914965093 213.55216716629386 143.1 188.87298569861468 147.6979178977416 313.1647 56.978992 -999.0 -999.0 -999.0 -999.0 -999.0 283.38285261289406 5.064168599124937 283.37115255435737 5.105511173186766 60.006767957493935 154.6095453550183 -999.0 6231.0 -999.0 -1 -999 {-999.0 -999.0 -999.0 -999.0 -999.0} "" -999.0 -999.0 -999.0 -999.0 -999 -999 "" "" "" "" 0 0 0.0 0.0 -999 ""
FIBERMAP 404 R+1C23 APOGEE 0 0 0 1 0 0 225.3403897813875 19.80176902562867 143.1 212.69210383925218 -77.07101555763393 359.7686 120.32137 -999.0 -999.0 -999.0 -999.0 -999.0 283.4878352836037 4.045365305615739 283.47873916048013 4.087100755260966 59.017528785817774 155.13133323079543 -999.0 16600.0 -999.0 2 -999 {-999.0 -999.0 -999.0 -999.0 -999.0} "" -999.0 -999.0 -999.0 -999.0 -999 -999 "" "" "" "" 0 0 0.0 0.0 -999 ""
FIBERMAP 404 R+1C23 BOSS 1 1 0 1 0 0 225.72850329131367 19.159654460393902 143.1 212.77326626208688 -77.81696332075292 359.7686 120.32137 283.48834944227076 4.042075612259589 0.3844908 -6.6508336 1.3394551 283.4882546856702 4.041860205279686 283.4791237989084 4.083712126317903 59.014224232765876 155.13296993083313 5400.0 5400.0 2016.0 1 182 {-999.0 20.011425 17.892351 16.712404 -999.0} sdss_psfmag_ps1 19.02562 17.401209 16.202265 13.51 63050395645289810 939261265 bright_1x1 openfibertargets_nov2020_34a open_fiber science 0 0 0.0 0.0 -999 ""
FIBERMAP 404 R+1C23 METROLOGY 0 0 0 1 0 0 224.97593788171721 19.150741535165714 143.1 212.08707161476798 -77.50768392546367 359.7686 120.32137 -999.0 -999.0 -999.0 -999.0 -999.0 283.48515710605494 4.043296472534853 283.47603524292765 4.085107651665552 59.0166211673458 155.1376046679946 -999.0 6231.0 -999.0 -1 -999 {-999.0 -999.0 -999.0 -999.0 -999.0} "" -999.0 -999.0 -999.0 -999.0 -999 -999 "" "" "" "" 0 0 0.0 0.0 -999 ""
FIBERMAP 409 R+9C6 APOGEE 1 1 0 1 0 0 -75.8438878232208 196.24463553764664 143.1 13.981430572391382 209.94102675111907 155.44435 23.718666 282.5882887026935 5.350130453843694 -2.9395535 -4.9564013 0.09275945 282.5882927003235 5.350111627634193 282.57596095663746 5.3892800244038295 60.55212615519247 155.90140041968266 16000.0 16600.0 2016.0 2 17 {-999.0 23.546535 19.768341 17.229101 -999.0} sdss_psfmag_ps1 20.899895 17.577888 16.03005 10.886 63050395645768091 1154126156 bright_1x1 mwm_galactic_core_dist_apogee_sparse mwm_galactic science 0 0 0.0 0.0 -999 ""
FIBERMAP 409 R+9C6 BOSS 0 0 0 1 0 0 -75.09921051885972 196.23616034784754 143.1 14.653139502536558 209.61930605463783 155.44435 23.718666 -999.0 -999.0 -999.0 -999.0 -999.0 282.5913930303852 5.348592907729035 282.57902495121584 5.387877819724746 60.54975790062051 155.8965602493801 -999.0 5400.0 -999.0 1 147 {-999.0 -999.0 -999.0 -999.0 -999.0} "" -999.0 -999.0 -999.0 -999.0 -999 -999 "" "" "" "" 0 0 0.0 0.0 -999 ""
FIBERMAP 409 R+9C6 METROLOGY 0 0 0 1 0 0 -75.47132324866068 195.5813893470497 143.1 14.039581675828154 209.18247364553403 155.44435 23.718666 -999.0 -999.0 -999.0 -999.0 -999.0 282.5885817252152 5.346660131743042 282.576230136625 5.385907522166097 60.548868112838676 155.9032542658588 -999.0 6231.0 -999.0 -1 -999 {-999.0 -999.0 -999.0 -999.0 -999.0} "" -999.0 -999.0 -999.0 -999.0 -999 -999 "" "" "" "" 0 0 0.0 0.0 -999 ""
FIBERMAP 410 R-2C2 APOGEE 0 0 0 1 0 0 -227.80409105368375 -38.50670127120973 143.1 -222.8142120435894 61.14810095203198 41.43841 69.44501 -999.0 -999.0 -999.0 -999.0 -999.0 281.50970131437 4.67689432130556 281.499182021625 4.7134174751211155 60.26512314079247 158.40224312468013 -999.0 16600.0 -999.0 2 -999 {-999.0 -999.0 -999.0 -999.0 -999.0} "" -999.0 -999.0 -999.0 -999.0 -999 -999 "" "" "" "" 0 0 0.0 0.0 -999 ""
FIBERMAP 410 R-2C2 BOSS 1 1 0 1 0 0 -227.5134077401146 -39.20261041891409 143.1 -222.84408610491397 60.39445851895017 41.43841 69.44501 281.5095480215065 4.673340257557351 -0.6164054 -3.4897215 0.2115084 281.5095551382831 4.673379464384145 281.49900848892395 4.710013846272702 60.26194150745407 158.40470556055627 5400.0 5400.0 2016.0 1 435 {-999.0 19.088722 18.305962 18.016325 -999.0} sdss_psfmag_gaia 17.745981 18.348251 16.550974 -999.0 63050395645652735 978639008 "" ops_std_boss ops_std standard_boss 0 0 0.0 0.0 -999 ""
FIBERMAP 410 R-2C2 METROLOGY 0 0 0 1 0 0 -228.2588318629299 -39.09820171661781 143.1 -223.4760164705769 60.80348789867039 41.43841 69.44501 -999.0 -999.0 -999.0 -999.0 -999.0 281.50671742198733 4.675256161737491 281.4961765414213 4.711851421041399 60.26456461705682 158.40896409398715 -999.0 6231.0 -999.0 -1 -999 {-999.0 -999.0 -999.0 -999.0 -999.0} "" -999.0 -999.0 -999.0 -999.0 -999 -999 "" "" "" "" 0 0 0.0 0.0 -999 ""
FIBERMAP 415 R-2C4 APOGEE 0 0 0 1 0 0 -187.7192171401714 -47.729477634032584 143.1 -190.35403703317863 35.88071527619629 353.69455 90.20138 -999.0 -999.0 -999.0 -999.0 -999.0 281.6557066370424 4.562462990721739 281.64546655250325 4.599384881615371 60.1112967858805 158.19516002938568 -999.0 16600.0 -999.0 2 -999 {-999.0 -999.0 -999.0 -999.0 -999.0} "" -999.0 -999.0 -999.0 -999.0 -999 -999 "" "" "" "" 0 0 0.0 0.0 -999 ""
FIBERMAP 415 R-2C4 BOSS 1 1 0 1 0 0 -187.78396382057127 -48.46423740011774 143.1 -190.7226031515714 35.24172975280527 353.69455 90.20138 281.6540208076682 4.559477438291524 1.134887 -2.44482 0.44171932 281.6540183136716 4.559460846645789 281.64374915239233 4.596490474728218 60.10908447281872 158.20024205238246 5400.0 5400.0 2016.0 1 474 {-999.0 18.153913 16.75031 16.035336 15.439277} sdss_psfmag_from_ps1dr2 17.5821 16.6456 15.666 13.818 63050395645643757 1040114112 "" ops_std_boss_ps1dr2 ops_std standard_boss 0 0 0.0 0.0 -999 ""
FIBERMAP 415 R-2C4 METROLOGY 0 0 0 1 0 0 -188.4021393985543 -48.02994255630636 143.1 -191.10002775602393 35.89624259264683 353.69455 90.20138 -999.0 -999.0 -999.0 -999.0 -999.0 281.6523203183391 4.56246114777433 281.64205410946084 4.599454203250788 60.11242831802953 158.2015987703518 -999.0 6231.0 -999.0 -1 -999 {-999.0 -999.0 -999.0 -999.0 -999.0} "" -999.0 -999.0 -999.0 -999.0 -999 -999 "" "" "" "" 0 0 0.0 0.0 -999 ""
FIBERMAP 417 R+13C12 APOGEE 1 1 0 1 0 0 96.59831023141739 261.9518205597746 143.1 198.06338656641717 196.80514690906534 90.77186 135.99043 283.42339348957563 5.284527757997705 -0.8812374 -3.8559096 0.6139091 283.4234144775994 5.284516911014642 283.4111820069851 5.325841526140333 60.1975209663061 154.3743148128857 16000.0 16600.0 2016.0 2 93 {-999.0 13.785933 12.698457 12.060278 -999.0} sdss_psfmag_from_g3xp 13.381522 12.564443 11.648987 10.19 63050395645580657 1104492461 bright_1x1 mwm_tess_rgb_apogee mwm_tessrgb science 0 0 0.0 0.0 -999 ""
FIBERMAP 417 R+13C12 BOSS 0 0 0 1 0 0 97.1004966966446 262.50484539490185 143.1 198.751989909211 197.09486164020285 90.77186 135.99043 -999.0 -999.0 -999.0 -999.0 -999.0 283.4265432824696 5.285661708513371 283.41426472285707 5.32710302491251 60.19757404914342 154.3676386992352 -999.0 5400.0 -999.0 1 92 {-999.0 -999.0 -999.0 -999.0 -999.0} "" -999.0 -999.0 -999.0 -999.0 -999 -999 "" "" "" "" 0 0 0.0 0.0 -999 ""
FIBERMAP 417 R+13C12 METROLOGY 0 0 0 1 0 0 97.33262673123302 261.80189516695066 143.1 198.6660497106327 196.35952656519535 90.77186 135.99043 -999.0 -999.0 -999.0 -999.0 -999.0 283.42616063783504 5.282402506167239 283.4139025565942 5.323812627305569 60.19464280879839 154.3707324972715 -999.0 6231.0 -999.0 -1 -999 {-999.0 -999.0 -999.0 -999.0 -999.0} "" -999.0 -999.0 -999.0 -999.0 -999 -999 "" "" "" "" 0 0 0.0 0.0 -999 ""
FIBERMAP 422 R+8C8 APOGEE 0 0 0 1 0 0 -50.20294902888903 176.19300153095998 143.1 28.777059112242714 180.9449952793479 175.05405 24.840921 -999.0 -999.0 -999.0 -999.0 -999.0 282.6554873655815 5.219288897510417 282.6434837523602 5.258655384294816 60.40632525512321 155.86481536782608 -999.0 16600.0 -999.0 2 -999 {-999.0 -999.0 -999.0 -999.0 -999.0} "" -999.0 -999.0 -999.0 -999.0 -999 -999 "" "" "" "" 0 0 0.0 0.0 -999 ""
FIBERMAP 422 R+8C8 BOSS 1 1 0 1 0 0 -49.49713883903624 176.46564450429585 143.1 29.53207220853983 180.89458667092086 175.05405 24.840921 282.65899658203125 5.218994527531308 -999.0 -999.0 -999.0 282.65897827402455 5.218992991453075 282.6469348895772 5.258477379504459 60.404971451951056 155.8584091846711 5400.0 5400.0 2015.5 1 132 {-999.0 -999.0 -999.0 -999.0 -999.0} "" -999.0 -999.0 -999.0 -999.0 27021603150621388 820735994 "" ops_sky_boss_good ops_sky sky_boss 0 0 0.0 0.0 -999 ""
FIBERMAP 422 R+8C8 METROLOGY 0 0 0 1 0 0 -49.61834772120727 175.7294249012982 143.1 29.11168981542932 180.27808782803828 175.05405 24.840921 -999.0 -999.0 -999.0 -999.0 -999.0 282.6570438200003 5.216239462948723 282.6450190225748 5.255688571359655 60.40301303077637 155.86398441371145 -999.0 6231.0 -999.0 -1 -999 {-999.0 -999.0 -999.0 -999.0 -999.0} "" -999.0 -999.0 -999.0 -999.0 -999 -999 "" "" "" "" 0 0 0.0 0.0 -999 ""
FIBERMAP 423 R-11C2 APOGEE 0 0 0 1 0 0 -156.92909552409407 -225.46476144605984 143.1 -237.38528864900152 -138.27632527534863 250.09485 91.35159 -999.0 -999.0 -999.0 -999.0 -999.0 281.44504352092844 3.7746963783436938 281.43683481943634 3.811230584724138 59.42516166064785 159.06932375462935 -999.0 16600.0 -999.0 2 -999 {-999.0 -999.0 -999.0 -999.0 -999.0} "" -999.0 -999.0 -999.0 -999.0 -999 -999 "" "" "" "" 0 0 0.0 0.0 -999 ""
FIBERMAP 423 R-11C2 BOSS 1 1 0 1 0 0 -157.71098902791243 -225.1487536592741 143.1 -237.9610572026034 -137.6600357435713 250.09485 91.35159 281.442506096832 3.777397661568476 -3.447149 -13.544481 2.0564854 281.44248812410325 3.777378475686421 281.4342364338155 3.8140206173491555 59.4286027533807 159.07253322682416 5400.0 5400.0 2016.0 1 428 {-999.0 15.180645 14.314116 18.32847 -999.0} sdss_psfmag_ps1 14.8976555 14.363319 13.67275 12.411 63050395644971993 980524695 "" ops_std_boss_tic ops_std standard_boss 0 0 0.0 0.0 -999 ""
FIBERMAP 423 R-11C2 METROLOGY 0 0 0 1 0 0 -157.0876576383507 -224.73570723927256 143.1 -237.22162789406536 -137.54834284876054 250.09485 91.35159 -999.0 -999.0 -999.0 -999.0 -999.0 281.4457836809321 3.777886109711482 281.43754067366933 3.814504044293268 59.42807117336591 159.06606567108386 -999.0 6231.0 -999.0 -1 -999 {-999.0 -999.0 -999.0 -999.0 -999.0} "" -999.0 -999.0 -999.0 -999.0 -999 -999 "" "" "" "" 0 0 0.0 0.0 -999 ""
FIBERMAP 425 R-10C2 APOGEE 0 0 0 1 0 0 -147.25261566212578 -174.45649962379707 143.1 -207.10001473748113 -96.10201111657048 136.36969 24.948322 -999.0 -999.0 -999.0 -999.0 -999.0 281.58010631930284 3.964078269222948 281.5714010818137 4.000923214188044 59.56514113232821 158.7038703130136 -999.0 16600.0 -999.0 2 -999 {-999.0 -999.0 -999.0 -999.0 -999.0} "" -999.0 -999.0 -999.0 -999.0 -999 -999 "" "" "" "" 0 0 0.0 0.0 -999 ""
FIBERMAP 425 R-10C2 BOSS 1 1 0 1 0 0 -146.56330457508707 -174.6803465969951 143.1 -206.5693362948327 -96.59568542518808 136.36969 24.948322 281.5825056069105 3.9617009774358958 1.4054327 -1.5234071 0.6490806 281.5825049305147 3.9617015736668963 281.5737686849942 3.998667427615103 59.562270560270804 158.70079523288547 5400.0 5400.0 2016.0 1 427 {-999.0 19.846758 17.881573 16.770926 15.889033} sdss_psfmag_from_ps1dr2 18.9228 17.6658 16.4948 14.06 63050395645004327 1040113833 "" ops_std_boss_ps1dr2 ops_std standard_boss 0 0 0.0 0.0 -999 ""
FIBERMAP 425 R-10C2 METROLOGY 0 0 0 1 0 0 -147.1028257369092 -175.18740656644806 143.1 -207.2724115372685 -96.82797433846982 136.36969 24.948322 -999.0 -999.0 -999.0 -999.0 -999.0 281.5793400642358 3.9607046265230803 281.5706171189077 3.9976301415045663 59.56224555298101 158.70732995385518 -999.0 6231.0 -999.0 -1 -999 {-999.0 -999.0 -999.0 -999.0 -999.0} "" -999.0 -999.0 -999.0 -999.0 -999 -999 "" "" "" "" 0 0 0.0 0.0 -999 ""
FIBERMAP 428 R+3C23 APOGEE 0 0 0 1 0 0 251.59304324797483 51.26955926857881 143.1 249.76852097348092 -59.60653348399888 13.322074 78.0053 -999.0 -999.0 -999.0 -999.0 -999.0 283.6548221364156 4.124308896067828 283.64551045377385 4.166456670628181 59.032287488074935 154.7743887637006 -999.0 16600.0 -999.0 2 -999 {-999.0 -999.0 -999.0 -999.0 -999.0} "" -999.0 -999.0 -999.0 -999.0 -999 -999 "" "" "" "" 0 0 0.0 0.0 -999 ""
FIBERMAP 428 R+3C23 BOSS 1 1 0 1 0 0 251.606868431069 50.54622424823361 143.1 249.4760227230549 -60.26829316901808 13.322074 78.0053 283.65356363018105 4.121202245401302 -0.63165075 -1.7427971 0.46871617 283.65355083750654 4.121198882992905 283.644202985245 4.163458420607927 59.029957961363706 154.77884718542998 5400.0 5400.0 2016.0 1 186 {-999.0 17.11857 15.183429 14.142101 -999.0} sdss_psfmag_ps1 16.211752 14.681356 13.493421 11.092 63050395645302154 1093381475 bright_3x1 mwm_astar_core_boss mwm_ob science 0 0 0.0 0.0 -999 ""
FIBERMAP 428 R+3C23 METROLOGY 0 0 0 1 0 0 250.95067716761667 50.890049322309835 143.1 249.0259733122203 -59.67978801890095 13.322074 78.0053 -999.0 -999.0 -999.0 -999.0 -999.0 283.65153952989857 4.123895185846995 283.642197567571 4.1661165971439305 59.03315722327406 154.78061888144364 -999.0 6231.0 -999.0 -1 -999 {-999.0 -999.0 -999.0 -999.0 -999.0} "" -999.0 -999.0 -999.0 -999.0 -999 -999 "" "" "" "" 0 0 0.0 0.0 -999 ""
FIBERMAP 432 R+11C15 APOGEE 0 0 0 1 0 0 153.71189162136153 224.65439924292258 143.1 234.12615166746482 138.89819429780718 62.307144 109.18109 -999.0 -999.0 -999.0 -999.0 -999.0 283.58647673472865 5.022416630683374 283.57489634737954 5.064210620451418 59.894374924811245 154.2621611698782 -999.0 16600.0 -999.0 2 -999 {-999.0 -999.0 -999.0 -999.0 -999.0} "" -999.0 -999.0 -999.0 -999.0 -999 -999 "" "" "" "" 0 0 0.0 0.0 -999 ""
FIBERMAP 432 R+11C15 BOSS 1 1 0 1 0 0 154.42976117727454 224.5654517705655 143.1 234.7396152985765 138.51480530149078 62.307144 109.18109 283.5892873911163 5.020567588067586 -0.55964947 -4.135531 0.4996093 283.58927664663946 5.020549322824746 283.57765716657946 5.06246105044295 59.891738970416114 154.25833920494117 5400.0 5400.0 2016.0 1 178 {-999.0 19.06454 16.278818 14.769175 -999.0} sdss_psfmag_ps1 17.569267 15.223867 13.843178 10.466 63050395645575760 1093381664 bright_3x1 mwm_astar_core_boss mwm_ob science 0 0 0.0 0.0 -999 ""
FIBERMAP 432 R+11C15 METROLOGY 0 0 0 1 0 0 153.98977229703607 223.9619800703122 143.1 234.08613975446625 138.1531155751573 62.307144 109.18109 -999.0 -999.0 -999.0 -999.0 -999.0 283.58633861445094 5.018984634300208 283.57473571142265 5.060857917163423 59.89131425340415 154.26490800749158 -999.0 6231.0 -999.0 -1 -999 {-999.0 -999.0 -999.0 -999.0 -999.0} "" -999.0 -999.0 -999.0 -999.0 -999 -999 "" "" "" "" 0 0 0.0 0.0 -999 ""
FIBERMAP 436 R+4C3 APOGEE 1 1 0 1 0 0 -213.26029315313843 68.83524516840438 143.1 -164.35890852652267 152.35394623148943 226.86447 108.06402 281.77586439490017 5.090147975895302 -2.557162 -4.5078773 0.03801829 281.77586189491467 5.090121740592813 281.76426229595677 5.127250377369178 60.57432073641421 157.62976755328083 16000.0 16600.0 2016.0 2 149 {-999.0 20.733564 17.780087 15.882826 -999.0} sdss_psfmag_ps1 19.047821 16.384813 14.952475 10.78 63050395645710610 1154125564 bright_1x1 mwm_galactic_core_dist_apogee_sparse mwm_galactic science 0 0 0.0 0.0 -999 ""
FIBERMAP 436 R+4C3 BOSS 0 0 0 1 0 0 -213.92616917443567 69.1494349845548 143.1 -164.83023758244985 152.91966187360296 226.86447 108.06402 -999.0 -999.0 -999.0 -999.0 -999.0 281.7737549623428 5.092582672677923 281.76211208791665 5.129814499239223 60.5774369990938 157.63221873275083 -999.0 5400.0 -999.0 1 29 {-999.0 -999.0 -999.0 -999.0 -999.0} "" -999.0 -999.0 -999.0 -999.0 -999 -999 "" "" "" "" 0 0 0.0 0.0 -999 ""
FIBERMAP 436 R+4C3 METROLOGY 0 0 0 1 0 0 -213.31534524337795 69.57379809216522 143.1 -164.09737787730216 153.04689136350572 226.86447 108.06402 -999.0 -999.0 -999.0 -999.0 -999.0 281.7770706245353 5.0931949661797224 281.76543642260094 5.13040429711665 60.57693158554471 157.6254504055838 -999.0 6231.0 -999.0 -1 -999 {-999.0 -999.0 -999.0 -999.0 -999.0} "" -999.0 -999.0 -999.0 -999.0 -999 -999 "" "" "" "" 0 0 0.0 0.0 -999 ""
FIBERMAP 440 R+8C4 APOGEE 0 0 0 1 0 0 -133.05482359060522 134.23580669962652 143.1 -64.04771131864307 177.83684736456607 333.28467 43.185978 -999.0 -999.0 -999.0 -999.0 -999.0 282.23222445160224 5.206035641552969 282.22028990652836 5.244316520903266 60.536037074180086 156.67887414895648 -999.0 16600.0 -999.0 2 -999 {-999.0 -999.0 -999.0 -999.0 -999.0} "" -999.0 -999.0 -999.0 -999.0 -999 -999 "" "" "" "" 0 0 0.0 0.0 -999 ""
FIBERMAP 440 R+8C4 BOSS 1 1 0 1 0 0 -133.7981867774529 134.01776900070692 143.1 -64.81375055537168 177.95260908351315 333.28467 43.185978 282.22874486208656 5.206507727651758 -2.9877608 -0.8537836 1.0034796 282.22875766117414 5.206498224336996 282.2167834993954 5.244878848951293 60.53773416462164 156.6851826998486 5400.0 5400.0 2016.0 1 57 {-999.0 16.205435 14.773675 14.116434 -999.0} sdss_psfmag_ps1 15.582539 14.524301 13.505724 11.403 63050395645764877 939265125 bright_1x1 openfibertargets_nov2020_34a open_fiber science 0 0 0.0 0.0 -999 ""
FIBERMAP 440 R+8C4 METROLOGY 0 0 0 1 0 0 -133.60484096339496 134.73993254715 143.1 -64.33388099400179 178.52594109769132 333.28467 43.185978 -999.0 -999.0 -999.0 -999.0 -999.0 282.2309479178444 5.209106107347694 282.21897788155405 5.247461032622469 60.53943744260991 156.67924049757383 -999.0 6231.0 -999.0 -1 -999 {-999.0 -999.0 -999.0 -999.0 -999.0} "" -999.0 -999.0 -999.0 -999.0 -999 -999 "" "" "" "" 0 0 0.0 0.0 -999 ""
FIBERMAP 448 R+7C8 APOGEE 1 1 0 1 0 0 -44.50854016086733 145.70815592379142 143.1 21.08516384380966 150.89957512650372 58.050945 98.53272 282.6201449617006 5.083653753352113 -1.0795541 -4.095106 0.20602039 282.6201441723279 5.083634235333579 282.6084893062149 5.122936348200123 60.290891783908634 156.0253736027283 16000.0 16600.0 2016.0 2 27 {-999.0 20.851385 17.50862 15.766154 -999.0} sdss_psfmag_ps1 18.88328 16.29115 14.870535 10.547 63050395645730447 1154125745 bright_1x1 mwm_galactic_core_dist_apogee_sparse mwm_galactic science 0 0 0.0 0.0 -999 ""
FIBERMAP 448 R+7C8 BOSS 0 0 0 1 0 0 -43.83785913008866 145.39664341837388 143.1 21.561979183666562 150.33426100035814 58.050945 98.53272 -999.0 -999.0 -999.0 -999.0 -999.0 282.62236307109555 5.081015425450176 282.61067454075663 5.120433242455179 60.28779390583091 156.0229812470997 -999.0 5400.0 -999.0 1 104 {-999.0 -999.0 -999.0 -999.0 -999.0} "" -999.0 -999.0 -999.0 -999.0 -999 -999 "" "" "" "" 0 0 0.0 0.0 -999 ""
FIBERMAP 448 R+7C8 METROLOGY 0 0 0 1 0 0 -44.45186177556003 144.96101602237394 143.1 20.821486755320056 150.19815739326802 58.050945 98.53272 -999.0 -999.0 -999.0 -999.0 -999.0 282.6189693869987 5.080430911212612 282.60729401989005 5.119809093316491 60.288362628535296 156.02979433712306 -999.0 6231.0 -999.0 -1 -999 {-999.0 -999.0 -999.0 -999.0 -999.0} "" -999.0 -999.0 -999.0 -999.0 -999 -999 "" "" "" "" 0 0 0.0 0.0 -999 ""
FIBERMAP 450 R+2C17 APOGEE 1 1 0 1 0 0 98.23298781973267 52.93355621523707 143.1 111.40136540215121 6.575337857491976 84.625885 88.1007 283.0307126323688 4.426321401289473 -0.80930287 -5.841292 -0.26252332 283.03071886156465 4.426293663311235 283.02069995044326 4.466779889646137 59.53330308867855 155.70789067823145 16000.0 16600.0 2016.0 2 61 {-999.0 25.623589 22.685417 18.877213 -999.0} sdss_psfmag_ps1 21.595293 18.574726 16.895552 10.132 63050395645517051 1154123627 bright_1x1 mwm_galactic_core_dist_apogee_sparse mwm_galactic science 0 0 0.0 0.0 -999 ""
FIBERMAP 450 R+2C17 BOSS 0 0 0 1 0 0 98.97783926735127 52.86028464544891 143.1 112.0459071908059 6.194785531533513 84.625885 88.1007 -999.0 -999.0 -999.0 -999.0 -999.0 283.033742284259 4.424441750240747 283.02368596809384 4.465048807508603 59.53064653733033 155.70356915563806 -999.0 5400.0 -999.0 1 199 {-999.0 -999.0 -999.0 -999.0 -999.0} "" -999.0 -999.0 -999.0 -999.0 -999 -999 "" "" "" "" 0 0 0.0 0.0 -999 ""
FIBERMAP 450 R+2C17 METROLOGY 0 0 0 1 0 0 98.54639001514482 52.248125608205605 143.1 111.39651198463443 5.821616799159449 84.625885 88.1007 -999.0 -999.0 -999.0 -999.0 -999.0 283.0307581496135 4.422784833224537 283.02071817385234 4.463352623408066 59.53008242948478 155.7102022480689 -999.0 6231.0 -999.0 -1 -999 {-999.0 -999.0 -999.0 -999.0 -999.0} "" -999.0 -999.0 -999.0 -999.0 -999 -999 "" "" "" "" 0 0 0.0 0.0 -999 ""
FIBERMAP 452 R+12C9 APOGEE 0 0 0 1 0 0 20.905887465541188 250.5206212507465 143.1 124.60391103472355 218.35917738746852 127.485176 78.25105 -999.0 -999.0 -999.0 -999.0 -999.0 283.0912643187866 5.384768428400479 283.078803582577 5.425221621325568 60.40984277396 154.92454514152826 -999.0 16600.0 -999.0 2 -999 {-999.0 -999.0 -999.0 -999.0 -999.0} "" -999.0 -999.0 -999.0 -999.0 -999 -999 "" "" "" "" 0 0 0.0 0.0 -999 ""
FIBERMAP 452 R+12C9 BOSS 1 1 0 1 0 0 21.556247746551115 250.86556030445945 143.1 125.3391291688351 218.39771138498241 127.485176 78.25105 283.09463132872696 5.38482848185662 -0.5407052 1.115599 0.54559946 283.0946469327069 5.384818836009204 283.0821440764423 5.425389002310839 60.408808448161246 154.91813563392256 5400.0 5400.0 2016.0 1 154 {-999.0 19.174076 16.397839 14.989491 -999.0} sdss_psfmag_ps1 17.657015 15.551882 14.214698 10.483 63050395645748221 934473113 bright_1x1 openfibertargets_nov2020_34a open_fiber science 0 0 0.0 0.0 -999 ""
FIBERMAP 452 R+12C9 METROLOGY 0 0 0 1 0 0 21.5340158481655 250.1179840499645 143.1 125.00371120556974 217.72917494341073 127.485176 78.25105 -999.0 -999.0 -999.0 -999.0 -999.0 283.0931208584847 5.381864542464204 283.08063747242795 5.422400685245576 60.406555221310285 154.92313809269376 -999.0 6231.0 -999.0 -1 -999 {-999.0 -999.0 -999.0 -999.0 -999.0} "" -999.0 -999.0 -999.0 -999.0 -999 -999 "" "" "" "" 0 0 0.0 0.0 -999 ""
FIBERMAP 455 R-2C17 APOGEE 1 1 0 1 0 0 82.22339582738454 -42.54518387839905 143.1 56.61965255297675 -73.2546641306432 145.9998 159.40486 282.77973822775436 4.063657970915808 -3.0400965 -5.6916056 0.16127147 282.77972029219126 4.063640595644189 282.77064554780134 4.103554215671155 59.277319823157335 156.4124423055057 16000.0 16600.0 2016.0 2 238 {-999.0 23.88687 23.80217 17.702486 -999.0} sdss_psfmag_gaia 21.462513 18.114494 16.4834 10.614 63050395645504370 1154780653 bright_1x1 mwm_galactic_core_dist_apogee_sparse mwm_galactic science 0 0 0.0 0.0 -999 ""
FIBERMAP 455 R-2C17 BOSS 0 0 0 1 0 0 81.73812424645223 -41.99030715124503 143.1 56.413597173337436 -72.54685256955386 145.9998 159.40486 -999.0 -999.0 -999.0 -999.0 -999.0 282.7788611009791 4.066711083729811 282.7697375936329 4.1067361371749564 59.280620731319324 156.4120099447777 -999.0 5400.0 -999.0 1 303 {-999.0 -999.0 -999.0 -999.0 -999.0} "" -999.0 -999.0 -999.0 -999.0 -999 -999 "" "" "" "" 0 0 0.0 0.0 -999 ""
FIBERMAP 455 R-2C17 METROLOGY 0 0 0 1 0 0 82.47941836295232 -41.845913640707174 143.1 57.146703914966416 -72.72852324677739 145.9998 159.40486 -999.0 -999.0 -999.0 -999.0 -999.0 282.782185358529 4.06591681898509 282.77307517387436 4.105918200213247 59.27872758367158 156.40641560846947 -999.0 6231.0 -999.0 -1 -999 {-999.0 -999.0 -999.0 -999.0 -999.0} "" -999.0 -999.0 -999.0 -999.0 -999 -999 "" "" "" "" 0 0 0.0 0.0 -999 ""
FIBERMAP 463 R+8C11 APOGEE 0 0 1 1 0 0 22.922129180873597 162.63693875746495 143.1 89.37114183181085 137.81485961573713 7.768853 171.1739 -999.0 -999.0 -999.0 -999.0 -999.0 282.9314573899313 5.023004835229025 282.9199306162936 5.063118494922227 60.127235702774726 155.48146205198694 -999.0 16600.0 -999.0 2 -999 {-999.0 -999.0 -999.0 -999.0 -999.0} "" -999.0 -999.0 -999.0 -999.0 -999 -999 "" "" "" "" 0 0 0.0 0.0 -999 ""
FIBERMAP 463 R+8C11 BOSS 1 0 1 1 0 0 23.67661510590174 162.62621946411952 143.1 90.05079899240951 137.48696757782224 7.768853 171.1739 282.9954528808594 5.049289179236482 -999.0 -999.0 -999.0 282.93462440280035 5.021440595969809 282.92306006748265 5.061672591761203 60.12478930469253 155.4766174144526 5400.0 5400.0 2015.5 1 134 {-999.0 -999.0 -999.0 -999.0 -999.0} "" -999.0 -999.0 -999.0 -999.0 27021603150619155 820735186 "" ops_sky_boss_good ops_sky sky_boss 0 0 0.0 0.0 -999 ""
FIBERMAP 463 R+8C11 METROLOGY 0 0 1 1 0 0 23.28934455442824 161.98746600981735 143.1 89.43025056175506 137.0710522386752 7.768853 171.1739 -999.0 -999.0 -999.0 -999.0 -999.0 282.9317790721219 5.0195953550629 282.92023137643326 5.059789267808959 60.12401248723786 155.483240121603 -999.0 6231.0 -999.0 -1 -999 {-999.0 -999.0 -999.0 -999.0 -999.0} "" -999.0 -999.0 -999.0 -999.0 -999 -999 "" "" "" "" 0 0 0.0 0.0 -999 ""
FIBERMAP 466 R+5C5 APOGEE 1 1 0 1 0 0 -153.80592963931008 86.84681432968536 143.1 -102.84932935018254 143.61477559897017 229.22539 119.66726 282.0548183239683 5.051328788421178 -2.4632015 -3.5461376 0.30666512 282.0548233336779 5.051305092586426 282.04329904385156 5.089159548257435 60.44803082959065 157.12089851959902 16000.0 16600.0 2016.0 2 128 {-999.0 21.411297 18.108683 16.289423 -999.0} sdss_psfmag_ps1 19.585493 16.80203 15.354046 10.958 63050395645701463 1154125552 bright_1x1 mwm_galactic_core_dist_apogee_sparse mwm_galactic science 0 0 0.0 0.0 -999 ""
FIBERMAP 466 R+5C5 BOSS 0 0 0 1 0 0 -154.5347400904655 87.00111680563536 143.1 -103.44515369398472 144.06204320150948 229.22539 119.66726 -999.0 -999.0 -999.0 -999.0 -999.0 282.0521274079894 5.053261182114114 282.04056020099074 5.091217702003665 60.45087030748818 157.124753953129 -999.0 5400.0 -999.0 1 42 {-999.0 -999.0 -999.0 -999.0 -999.0} "" -999.0 -999.0 -999.0 -999.0 -999 -999 "" "" "" "" 0 0 0.0 0.0 -999 ""
FIBERMAP 466 R+5C5 METROLOGY 0 0 0 1 0 0 -154.03762360051246 87.56128947703307 143.1 -102.75813358082328 144.3603777243624 229.22539 119.66726 -999.0 -999.0 -999.0 -999.0 -999.0 282.05525579072525 5.054636528114454 282.0436956063079 5.092569830876864 60.45112250928068 157.11787229059155 -999.0 6231.0 -999.0 -1 -999 {-999.0 -999.0 -999.0 -999.0 -999.0} "" -999.0 -999.0 -999.0 -999.0 -999 -999 "" "" "" "" 0 0 0.0 0.0 -999 ""
FIBERMAP 469 R+1C6 APOGEE 0 0 0 1 0 0 -178.3297732832022 28.02481111782055 143.1 -149.89348981482405 100.61609040971496 141.4343 114.26919 -999.0 -999.0 -999.0 -999.0 -999.0 281.84008864939904 4.856292381016636 281.8290812628072 4.893631910090792 60.332339162967884 157.65786292167718 -999.0 16600.0 -999.0 2 -999 {-999.0 -999.0 -999.0 -999.0 -999.0} "" -999.0 -999.0 -999.0 -999.0 -999 -999 "" "" "" "" 0 0 0.0 0.0 -999 ""
FIBERMAP 469 R+1C6 BOSS 1 1 0 1 0 0 -178.16245470702748 28.757904482262482 143.1 -149.4326129123995 101.21030957994518 141.4343 114.26919 281.84221102501203 4.8589289031729646 -0.07332293 -0.09813568 0.75691015 281.8421839789348 4.858909324444502 281.8311322488659 4.896363933144306 60.33427105973803 157.65218147544113 5400.0 5400.0 2016.0 1 20 {-999.0 17.975338 16.705822 16.104553 -999.0} sdss_psfmag_ps1 17.488523 16.612167 15.685794 13.923 63050395645665364 981897828 "" ops_std_boss_tic ops_std standard_boss 0 0 0.0 0.0 -999 ""
FIBERMAP 469 R+1C6 METROLOGY 0 0 0 1 0 0 -177.61853317564405 28.25019853963564 143.1 -149.1534807740575 100.5205400266119 141.4343 114.26919 -999.0 -999.0 -999.0 -999.0 -999.0 281.84343430837737 4.85580983309208 281.8324010033818 4.893237049424928 60.330903888798645 157.65178982091436 -999.0 6231.0 -999.0 -1 -999 {-999.0 -999.0 -999.0 -999.0 -999.0} "" -999.0 -999.0 -999.0 -999.0 -999 -999 "" "" "" "" 0 0 0.0 0.0 -999 ""
FIBERMAP 481 R+7C10 APOGEE 1 1 0 1 0 0 -12.07757668311024 150.3016358190981 143.1 52.43107981140731 141.38865266012508 103.44349 104.86108 282.76310925975304 5.040059420032716 -2.9239163 -7.0211644 0.47436038 282.76309028378967 5.0400229054007415 282.7515344396213 5.07970082171333 60.20120024180741 155.78589358748252 16000.0 16600.0 2016.0 2 30 {-999.0 17.250156 14.26743 12.553117 -999.0} sdss_psfmag_from_g3xp 15.531985 13.218231 11.84837 7.946 63050395645725312 1152339508 bright_1x1 mwm_galactic_core_dist_apogee_sparse mwm_galactic science 0 0 0.0 0.0 -999 ""
FIBERMAP 481 R+7C10 BOSS 0 0 0 1 0 0 -11.442357998172152 150.68384830583142 143.1 53.168285801396166 141.4673719968881 103.44349 104.86108 -999.0 -999.0 -999.0 -999.0 -999.0 282.76651426208116 5.04030856803159 282.7549167270327 5.080104962944672 60.20041272534965 155.77925222362208 -999.0 5400.0 -999.0 1 127 {-999.0 -999.0 -999.0 -999.0 -999.0} "" -999.0 -999.0 -999.0 -999.0 -999 -999 "" "" "" "" 0 0 0.0 0.0 -999 ""
FIBERMAP 481 R+7C10 METROLOGY 0 0 0 1 0 0 -11.410580343852773 149.940800894187 143.1 52.88375423893642 140.7801661870672 103.44349 104.86108 -999.0 -999.0 -999.0 -999.0 -999.0 282.7651966032815 5.037222865149528 282.75361856707946 5.076985389607698 60.19793397474543 155.78386677620696 -999.0 6231.0 -999.0 -1 -999 {-999.0 -999.0 -999.0 -999.0 -999.0} "" -999.0 -999.0 -999.0 -999.0 -999 -999 "" "" "" "" 0 0 0.0 0.0 -999 ""
FIBERMAP 483 R+13C1 APOGEE 1 1 0 1 0 0 -128.04848549159476 257.2751480357392 143.1 -7.621405218805775 287.299301680144 55.948643 70.92711 282.4908953223306 5.6958115691781455 -2.2319562 -3.4116533 -0.05116638 282.4908782952008 5.695838275209273 282.47767149935817 5.7346895016485115 60.91006862857273 155.84520100554528 16000.0 16600.0 2016.0 2 135 {-999.0 23.771976 20.11527 16.751442 -999.0} sdss_psfmag_ps1 21.194763 16.898113 15.283139 10.127 63050395645796773 1154126419 bright_1x1 mwm_galactic_core_dist_apogee_sparse mwm_galactic science 0 0 0.0 0.0 -999 ""
FIBERMAP 483 R+13C1 BOSS 0 0 0 1 0 0 -127.63651348930541 256.65380712900605 143.1 -7.5098472202026345 286.56213045604756 55.948643 70.92711 -999.0 -999.0 -999.0 -999.0 -999.0 282.49141444616885 5.692448603798298 282.47817677003735 5.731408508915452 60.90681620596143 155.84656437880855 -999.0 5400.0 -999.0 1 7 {-999.0 -999.0 -999.0 -999.0 -999.0} "" -999.0 -999.0 -999.0 -999.0 -999 -999 "" "" "" "" 0 0 0.0 0.0 -999 ""
FIBERMAP 483 R+13C1 METROLOGY 0 0 0 1 0 0 -128.37064096240732 256.58848308857097 143.1 -8.203111045066967 286.8124801270401 55.948643 70.92711 -999.0 -999.0 -999.0 -999.0 -999.0 282.4882596594493 5.6935944480302885 282.4750305031567 5.73251579734745 60.90893763305272 155.85181839278206 -999.0 6231.0 -999.0 -1 -999 {-999.0 -999.0 -999.0 -999.0 -999.0} "" -999.0 -999.0 -999.0 -999.0 -999 -999 "" "" "" "" 0 0 0.0 0.0 -999 ""
FIBERMAP 488 R+13C8 APOGEE 1 1 0 1 0 0 -4.3095571280396126 244.2761781525967 143.1 99.10489857628231 223.33015369085092 234.90207 84.90826 282.97554716056703 5.408122297553785 -2.193418 -6.5689673 0.115209125 282.97556701559944 5.408044713266498 282.96305627515073 5.448196462622095 60.47240121559873 155.12615132054103 16000.0 16600.0 2016.0 2 37 {-999.0 22.259718 18.745316 16.730692 -999.0} sdss_psfmag_ps1 20.09905 17.07496 15.5742655 10.845 63050395645756690 1154125866 bright_1x1 mwm_galactic_core_dist_apogee_sparse mwm_galactic science 0 0 0.0 0.0 -999 ""
FIBERMAP 488 R+13C8 BOSS 0 0 0 1 0 0 -4.8776753480000075 244.74610582760283 143.1 98.7878932267097 223.99586932610003 234.90207 84.90826 -999.0 -999.0 -999.0 -999.0 -999.0 282.9741746589263 5.410953665581005 282.9616153325041 5.451209407671834 60.47572722447171 155.12669990754955 -999.0 5400.0 -999.0 1 166 {-999.0 -999.0 -999.0 -999.0 -999.0} "" -999.0 -999.0 -999.0 -999.0 -999 -999 "" "" "" "" 0 0 0.0 0.0 -999 ""
FIBERMAP 488 R+13C8 METROLOGY 0 0 0 1 0 0 -4.177364070455104 245.0178050768541 143.1 99.53752186387203 223.9469238637671 234.90207 84.90826 -999.0 -999.0 -999.0 -999.0 -999.0 282.97756342197766 5.410731855320794 282.96501608084094 5.450965696753201 60.47429648047721 155.12045433296691 -999.0 6231.0 -999.0 -1 -999 {-999.0 -999.0 -999.0 -999.0 -999.0} "" -999.0 -999.0 -999.0 -999.0 -999 -999 "" "" "" "" 0 0 0.0 0.0 -999 ""
FIBERMAP 489 R-5C2 APOGEE 0 0 0 1 0 0 -206.51353025757376 -116.21780602680354 143.1 -236.27893789584783 -18.29969857709796 341.57156 53.589676 -999.0 -999.0 -999.0 -999.0 -999.0 281.44840724449836 4.316930682573889 281.43881374866004 4.353366309115121 59.94114132726216 158.7397181455212 -999.0 16600.0 -999.0 2 -999 {-999.0 -999.0 -999.0 -999.0 -999.0} "" -999.0 -999.0 -999.0 -999.0 -999 -999 "" "" "" "" 0 0 0.0 0.0 -999 ""
FIBERMAP 489 R-5C2 BOSS 1 1 0 1 0 0 -207.11139652099186 -116.64595199357561 143.1 -237.00164267747672 -18.4358227455348 341.57156 53.589676 281.44512010089244 4.316212886622614 -1.5964602 0.82910395 0.32346007 281.44516854990667 4.3162057761295625 281.4355409716044 4.352745739835187 59.94154822390314 158.74630008215865 5400.0 5400.0 2016.0 1 487 {-999.0 19.306118 18.009552 17.304651 16.789759} sdss_psfmag_from_ps1dr2 18.7957 17.9248 16.9444 15.16 63050395645041454 1040113875 "" ops_std_boss_ps1dr2 ops_std standard_boss 0 0 0.0 0.0 -999 ""
FIBERMAP 489 R-5C2 METROLOGY 0 0 0 1 0 0 -207.19112332608654 -115.90550871010795 143.1 -236.7616902005237 -17.7307579224972 341.57156 53.589676 -999.0 -999.0 -999.0 -999.0 -999.0 281.44624270036877 4.319430153299137 281.43661704999397 4.355940348046321 59.94426183338947 158.7423104103133 -999.0 6231.0 -999.0 -1 -999 {-999.0 -999.0 -999.0 -999.0 -999.0} "" -999.0 -999.0 -999.0 -999.0 -999 -999 "" "" "" "" 0 0 0.0 0.0 -999 ""
FIBERMAP 493 R+8C15 APOGEE 1 1 0 1 0 0 124.40331285248213 145.06713276428732 143.1 173.98628454519982 79.08705493226313 343.1022 93.794914 283.3156870528588 4.754455497646393 -0.83378035 -6.3451967 -0.6988471 283.31570906499064 4.7544583127403355 283.3048317364685 4.79561095607943 59.741359237469744 154.95442759439334 16000.0 16600.0 2016.0 2 78 {-999.0 23.91658 22.059944 19.302397 -999.0} sdss_psfmag_gaia 21.983326 20.014961 18.310114 10.212 63050395645567033 1157125249 bright_1x1 mwm_galactic_core_dist_apogee_extra mwm_galactic science 0 0 0.0 0.0 -999 ""
FIBERMAP 493 R+8C15 BOSS 0 0 0 1 0 0 124.23105205822219 144.34288715786715 143.1 173.52465713311796 78.50294318865065 343.1022 93.794914 -999.0 -999.0 -999.0 -999.0 -999.0 283.3137074239765 4.751733291230528 283.3027944754116 4.792992647130072 59.7396387981238 154.96004646011522 -999.0 5400.0 -999.0 1 230 {-999.0 -999.0 -999.0 -999.0 -999.0} "" -999.0 -999.0 -999.0 -999.0 -999 -999 "" "" "" "" 0 0 0.0 0.0 -999 ""
FIBERMAP 493 R+8C15 METROLOGY 0 0 0 1 0 0 123.68670576617657 144.8518276129663 143.1 173.24566041831164 79.19401133814446 343.1022 93.794914 -999.0 -999.0 -999.0 -999.0 -999.0 283.312425363449 4.7549026477349985 283.3015165908839 4.796126533977128 59.74302079545803 154.96018567763085 -999.0 6231.0 -999.0 -1 -999 {-999.0 -999.0 -999.0 -999.0 -999.0} "" -999.0 -999.0 -999.0 -999.0 -999 -999 "" "" "" "" 0 0 0.0 0.0 -999 ""
FIBERMAP 495 R+5C10 APOGEE 1 1 0 1 0 0 -14.405429686553845 98.22820699318302 143.1 28.36044751993711 95.14946737587539 51.249947 61.60275 282.65282933529846 4.830673462876716 -2.7536323 -4.0575547 0.15061925 282.65281983921034 4.830634651169284 282.6418066625728 4.870070259050142 60.041935866285044 156.13663853036857 16000.0 16600.0 2016.0 2 7 {-999.0 21.396275 17.800531 15.927778 -999.0} sdss_psfmag_ps1 19.209797 16.352177 14.87907 10.301 63050395645718648 1154125596 bright_1x1 mwm_galactic_core_dist_apogee_sparse mwm_galactic science 0 0 0.0 0.0 -999 ""
FIBERMAP 495 R+5C10 BOSS 0 0 0 1 0 0 -14.123820469362471 97.53062590680221 143.1 28.32163988365334 94.39813541299797 51.249947 61.60275 -999.0 -999.0 -999.0 -999.0 -999.0 282.65268906211844 4.827156127269727 282.6416444128446 4.8667027523947946 60.03882587612115 156.13924493963702 -999.0 5400.0 -999.0 1 129 {-999.0 -999.0 -999.0 -999.0 -999.0} "" -999.0 -999.0 -999.0 -999.0 -999 -999 "" "" "" "" 0 0 0.0 0.0 -999 ""
FIBERMAP 495 R+5C10 METROLOGY 0 0 0 1 0 0 -14.862687664578878 97.63808567873278 143.1 27.696942080409535 94.8071664427553 51.249947 61.60275 -999.0 -999.0 -999.0 -999.0 -999.0 282.64982572588815 4.829047125623215 282.6387879515161 4.86855465065579 60.04153808568708 156.14333601759986 -999.0 6231.0 -999.0 -1 -999 {-999.0 -999.0 -999.0 -999.0 -999.0} "" -999.0 -999.0 -999.0 -999.0 -999 -999 "" "" "" "" 0 0 0.0 0.0 -999 ""
FIBERMAP 501 R+6C19 APOGEE 1 1 0 1 0 0 190.28459853839274 123.10639290293761 143.1 224.46729563783617 31.390204450658597 32.089573 117.46301 283.54324841696496 4.536809567935304 -4.4310517 -6.6088376 -0.014995812 283.5432387355519 4.536820273477784 283.5328931638253 4.57859954473887 59.457222067950255 154.68911998641084 16000.0 16600.0 2016.0 2 34 {-999.0 24.383635 24.431515 20.001232 -999.0} sdss_psfmag_ps1 22.484297 19.787634 18.012667 10.993 63050395645554315 1156794063 bright_1x1 mwm_galactic_core_dist_apogee_extra mwm_galactic science 0 0 0.0 0.0 -999 ""
FIBERMAP 501 R+6C19 BOSS 0 0 0 1 0 0 190.91654085987616 122.72054211619427 143.1 224.87763327806113 30.773815780167467 32.089573 117.46301 -999.0 -999.0 -999.0 -999.0 -999.0 283.5451582676798 4.5339090770513035 283.5347762865543 4.575806271624415 59.453939787168636 154.68765728449424 -999.0 5400.0 -999.0 1 195 {-999.0 -999.0 -999.0 -999.0 -999.0} "" -999.0 -999.0 -999.0 -999.0 -999 -999 "" "" "" "" 0 0 0.0 0.0 -999 ""
FIBERMAP 501 R+6C19 METROLOGY 0 0 0 1 0 0 190.2584088065944 122.36118214233899 143.1 224.1292862044774 30.725482113637913 32.089573 117.46301 -999.0 -999.0 -999.0 -999.0 -999.0 283.5417716064901 4.533739233098446 283.53140272705525 4.575595918936723 59.454956313690396 154.6939780926669 -999.0 6231.0 -999.0 -1 -999 {-999.0 -999.0 -999.0 -999.0 -999.0} "" -999.0 -999.0 -999.0 -999.0 -999 -999 "" "" "" "" 0 0 0.0 0.0 -999 ""
FIBERMAP 506 R+6C10 APOGEE 0 0 0 1 0 0 -10.861709549287436 111.65222630825659 143.1 37.23493525478692 105.82813109106117 334.1875 120.51845 -999.0 -999.0 -999.0 -999.0 -999.0 282.6934511143027 4.879010201238725 282.6823112358729 4.9185407327372515 60.073671969552294 156.02743598292705 -999.0 16600.0 -999.0 2 -999 {-999.0 -999.0 -999.0 -999.0 -999.0} "" -999.0 -999.0 -999.0 -999.0 -999 -999 "" "" "" "" 0 0 0.0 0.0 -999 ""
FIBERMAP 506 R+6C10 BOSS 1 1 0 1 0 0 -10.771247489818808 110.90117984780689 143.1 37.0002462157819 105.10892404362171 334.1875 120.51845 282.6924424421591 4.875705278164159 -3.9270394 -12.7754345 2.676303 282.69243042055155 4.87568603534735 282.68125862871506 4.915325059982213 60.07101083035755 156.03162065272122 5400.0 5400.0 2016.0 1 128 {-999.0 15.3046 14.33311 14.073652 -999.0} sdss_psfmag_ps1 14.977884 14.361297 13.599894 12.116 63050395645718955 980524716 "" ops_std_boss_tic ops_std standard_boss 0 0 0.0 0.0 -999 ""
FIBERMAP 506 R+6C10 METROLOGY 0 0 0 1 0 0 -11.456691771375294 111.20205063597832 143.1 36.50555568823009 105.67081388279468 334.1875 120.51845 -999.0 -999.0 -999.0 -999.0 -999.0 282.6901620103882 4.87826815518111 282.67899531455123 4.917869530699271 60.07417418737917 156.03411809589187 -999.0 6231.0 -999.0 -1 -999 {-999.0 -999.0 -999.0 -999.0 -999.0} "" -999.0 -999.0 -999.0 -999.0 -999 -999 "" "" "" "" 0 0 0.0 0.0 -999 ""
FIBERMAP 507 R+1C26 APOGEE 1 1 0 1 0 0 264.93015808372024 9.54163821814472 143.1 244.26585155544868 -103.07029833643473 246.45578 78.659294 283.6285400390625 3.9279395441369758 -999.0 -999.0 -999.0 283.6285422910601 3.9279299356628448 283.61972965466134 3.970049862409176 58.8581101868472 154.9572608431399 16000.0 16600.0 2015.5 2 42 {-999.0 -999.0 -999.0 -999.0 -999.0} "" -999.0 -999.0 -999.0 -999.0 27021603150603921 849031206 "" ops_sky_apogee_good ops_sky sky_apogee 0 0 0.0 0.0 -999 ""
FIBERMAP 507 R+1C26 BOSS 0 0 0 1 0 0 264.35138444970767 9.980902987275973 143.1 243.9262529913751 -102.42789476152312 246.45578 78.659294 -999.0 -999.0 -999.0 -999.0 -999.0 283.627102686135 3.9307076099645046 283.61823903380105 3.972938563216261 58.86133932913088 154.95795409133774 -999.0 5400.0 -999.0 1 175 {-999.0 -999.0 -999.0 -999.0 -999.0} "" -999.0 -999.0 -999.0 -999.0 -999 -999 "" "" "" "" 0 0 0.0 0.0 -999 ""
FIBERMAP 507 R+1C26 METROLOGY 0 0 0 1 0 0 265.0236937564296 10.295363516903057 143.1 244.66852179200282 -102.42625512986064 246.45578 78.659294 -999.0 -999.0 -999.0 -999.0 -999.0 283.6304073481686 3.9307548310310607 283.62155575516255 3.9729615801939526 58.86018017450748 154.9519609933364 -999.0 6231.0 -999.0 -1 -999 {-999.0 -999.0 -999.0 -999.0 -999.0} "" -999.0 -999.0 -999.0 -999.0 -999 -999 "" "" "" "" 0 0 0.0 0.0 -999 ""
FIBERMAP 514 R+11C3 APOGEE 1 1 0 1 0 0 -132.05385296484224 225.4299052171131 143.1 -24.682871026295498 260.11071487461874 137.99377 102.2934 282.4129332295196 5.575100739989623 -0.6218043 -3.869244 0.3835029 282.41296123840806 5.5751024048877955 282.4000691101329 5.613776636250721 60.82312467453286 156.07961374625197 16000.0 16600.0 2016.0 2 133 {-999.0 18.25473 15.381923 13.898492 -999.0} sdss_psfmag_ps1 16.626238 14.515932 13.184964 9.356 63050395645777598 1154125988 bright_1x1 mwm_galactic_core_dist_apogee_sparse mwm_galactic science 0 0 0.0 0.0 -999 ""
FIBERMAP 514 R+11C3 BOSS 0 0 0 1 0 0 -131.71782869264052 226.0899783357463 143.1 -24.09980274011876 260.56757405086347 137.99377 102.2934 -999.0 -999.0 -999.0 -999.0 -999.0 282.41565713717273 5.577040118479287 282.4027205734557 5.615828046812044 60.8241477770911 156.07308675945708 -999.0 5400.0 -999.0 1 5 {-999.0 -999.0 -999.0 -999.0 -999.0} "" -999.0 -999.0 -999.0 -999.0 -999 -999 "" "" "" "" 0 0 0.0 0.0 -999 ""
FIBERMAP 514 R+11C3 METROLOGY 0 0 0 1 0 0 -131.30663679520785 225.46947798869778 143.1 -23.98859768113805 259.8314940324333 137.99377 102.2934 -999.0 -999.0 -999.0 -999.0 -999.0 282.41613939531175 5.573785988949858 282.40322223557155 5.612545432913497 60.820892827654475 156.07443200850992 -999.0 6231.0 -999.0 -1 -999 {-999.0 -999.0 -999.0 -999.0 -999.0} "" -999.0 -999.0 -999.0 -999.0 -999 -999 "" "" "" "" 0 0 0.0 0.0 -999 ""
FIBERMAP 515 R+3C19 APOGEE 0 0 0 1 0 0 151.17112033640794 63.503668660978384 143.1 163.86383144190893 -6.163904400417092 337.6339 165.04745 -999.0 -999.0 -999.0 -999.0 -999.0 283.2689341365451 4.367544020103915 283.25904245837734 4.408653421548789 59.395760858818164 155.30970444211664 -999.0 16600.0 -999.0 2 -999 {-999.0 -999.0 -999.0 -999.0 -999.0} "" -999.0 -999.0 -999.0 -999.0 -999 -999 "" "" "" "" 0 0 0.0 0.0 -999 ""
FIBERMAP 515 R+3C19 BOSS 1 1 0 1 0 0 151.7683220123958 63.07423587375789 143.1 164.22428700286585 -6.805163433184568 337.6339 165.04745 283.27064935205516 4.3644864912605374 1.7367285 -10.462291 2.0351715 283.270656849075 4.364508558130581 283.2607300133301 4.405736069509556 59.392437781161405 155.30863021500625 5400.0 5400.0 2016.0 1 217 {-999.0 16.832203 15.635792 15.073886 -999.0} sdss_psfmag_ps1 16.31806 15.540273 14.680239 12.933 63050395645551770 981897756 "" ops_std_boss_tic ops_std standard_boss 0 0 0.0 0.0 -999 ""
FIBERMAP 515 R+3C19 METROLOGY 0 0 0 1 0 0 151.09300456225506 62.761671419514315 143.1 163.4800899664116 -6.803815125526882 337.6339 165.04745 -999.0 -999.0 -999.0 -999.0 -999.0 283.26726017333084 4.364558549141836 283.25734563098837 4.405745285994959 59.39363507084724 155.3148265571649 -999.0 6231.0 -999.0 -1 -999 {-999.0 -999.0 -999.0 -999.0 -999.0} "" -999.0 -999.0 -999.0 -999.0 -999 -999 "" "" "" "" 0 0 0.0 0.0 -999 ""
FIBERMAP 533 R+1C3 APOGEE 1 1 0 1 0 0 -227.15087886374394 38.429254586945405 143.1 -189.77747550722648 130.63915301970422 127.34671 42.50024 281.66037870669714 4.991662467500892 -3.113708 -7.1454277 0.04065123 281.660309468076 4.991660091465572 281.64897172116014 5.028510144883975 60.51742375570879 157.91520544891426 16000.0 16600.0 2016.0 2 104 {-999.0 19.517168 16.886074 15.104601 -999.0} sdss_psfmag_ps1 18.000744 15.688148 14.3124275 10.439 63050395645688775 1156795926 bright_1x1 mwm_galactic_core_dist_apogee_extra mwm_galactic science 0 0 0.0 0.0 -999 ""
FIBERMAP 533 R+1C3 BOSS 0 0 0 1 0 0 -226.42163082204414 38.318908278334405 143.1 -189.162717747692 130.23156090119096 127.34671 42.50024 -999.0 -999.0 -999.0 -999.0 -999.0 281.66307941650354 4.989741248989255 281.6517095341368 5.0267083345322945 60.51484947042812 157.91111271403742 -999.0 5400.0 -999.0 1 61 {-999.0 -999.0 -999.0 -999.0 -999.0} "" -999.0 -999.0 -999.0 -999.0 -999 -999 "" "" "" "" 0 0 0.0 0.0 -999 ""
FIBERMAP 533 R+1C3 METROLOGY 0 0 0 1 0 0 -226.88824260377692 37.72999786162217 143.1 -189.83419469343568 129.8943025858834 127.34671 42.50024 -999.0 -999.0 -999.0 -999.0 -999.0 281.6600341287439 4.988232783901956 281.64867880737694 5.025161282201968 60.514340607120474 157.91792696786814 -999.0 6231.0 -999.0 -1 -999 {-999.0 -999.0 -999.0 -999.0 -999.0} "" -999.0 -999.0 -999.0 -999.0 -999 -999 "" "" "" "" 0 0 0.0 0.0 -999 ""
FIBERMAP 544 R-6C19 APOGEE 1 1 0 1 0 0 190.20700449806924 -117.77539791572899 143.1 122.81550718228397 -187.0117847622224 336.8425 132.32156 283.0778503417969 3.548283296001543 -999.0 -999.0 -999.0 283.07786156254906 3.5483286545335733 283.07006392529826 3.5891120090103854 58.69210628788193 156.20500813212095 16000.0 16600.0 2015.5 2 229 {-999.0 -999.0 -999.0 -999.0 -999.0} "" -999.0 -999.0 -999.0 -999.0 27021603150603443 849031176 "" ops_sky_apogee_good ops_sky sky_apogee 0 0 0.0 0.0 -999 ""
FIBERMAP 544 R-6C19 BOSS 0 0 0 1 0 0 190.47004137403084 -118.4636524185574 143.1 122.76379098893743 -187.74682718132908 336.8425 132.32156 -999.0 -999.0 -999.0 -999.0 -999.0 283.0776638037217 3.5448710447710954 283.0698326299238 3.5857714331552706 58.689043089682016 156.2076110074145 -999.0 5400.0 -999.0 1 277 {-999.0 -999.0 -999.0 -999.0 -999.0} "" -999.0 -999.0 -999.0 -999.0 -999 -999 "" "" "" "" 0 0 0.0 0.0 -999 ""
FIBERMAP 544 R-6C19 METROLOGY 0 0 0 1 0 0 189.7341992202357 -118.34709017265077 143.1 122.14567490497913 -187.33081759063947 336.8425 132.32156 -999.0 -999.0 -999.0 -999.0 -999.0 283.0748641226084 3.546778188791685 283.0670404027046 3.587637879751654 58.69174557019996 156.2114337108555 -999.0 6231.0 -999.0 -1 -999 {-999.0 -999.0 -999.0 -999.0 -999.0} "" -999.0 -999.0 -999.0 -999.0 -999 -999 "" "" "" "" 0 0 0.0 0.0 -999 ""
FIBERMAP 546 R-12C1 APOGEE 1 1 0 1 0 0 -147.7094496857678 -223.36232810589294 143.1 -228.13818515124234 -140.25779653130732 47.994255 115.96927 281.48651118003625 3.7654353579887627 -3.375471 -6.9238734 -0.15956992 281.48649208478747 3.7654198602397626 281.4783029076201 3.8020628385755195 59.40394338524628 158.99722418060614 16000.0 16600.0 2016.0 2 296 {-999.0 22.667717 19.53573 16.16518 -999.0} sdss_psfmag_ps1 20.902184 16.488167 14.841345 9.589 63050395644730693 1154115575 bright_1x1 mwm_galactic_core_dist_apogee_sparse mwm_galactic science 0 0 0.0 0.0 -999 ""
FIBERMAP 546 R-12C1 BOSS 0 0 0 1 0 0 -146.99936806697096 -223.54351237415628 143.1 -227.57068058137318 -140.72154281844166 47.994255 115.96927 -999.0 -999.0 -999.0 -999.0 -999.0 281.4890779152082 3.76319155611333 281.48085759339074 3.799956794551869 59.40116572393343 158.99370001511414 -999.0 5400.0 -999.0 1 429 {-999.0 -999.0 -999.0 -999.0 -999.0} "" -999.0 -999.0 -999.0 -999.0 -999 -999 "" "" "" "" 0 0 0.0 0.0 -999 ""
FIBERMAP 546 R-12C1 METROLOGY 0 0 0 1 0 0 -147.5085060855049 -224.08292858491342 143.1 -228.25984883644088 -140.99598555823133 47.994255 115.96927 -999.0 -999.0 -999.0 -999.0 -999.0 281.4859909386481 3.7620167552063903 281.4777842936 3.798741636261367 59.40093357627174 159.00016403557098 -999.0 6231.0 -999.0 -1 -999 {-999.0 -999.0 -999.0 -999.0 -999.0} "" -999.0 -999.0 -999.0 -999.0 -999 -999 "" "" "" "" 0 0 0.0 0.0 -999 ""
FIBERMAP 548 R+1C14 APOGEE 1 1 0 1 0 0 4.993150259486142 36.14960596888589 143.1 19.772378029808444 30.675284306662412 142.07164 77.97404 282.61289506453386 4.537380272720462 -2.7757568 -5.8424935 -0.022167651 282.61287470294803 4.537357294922137 282.6026115281827 4.5767479628368655 59.779297921764254 156.40856116547317 16000.0 16600.0 2016.0 2 13 {-999.0 25.115644 21.701675 17.944925 -999.0} sdss_psfmag_ps1 21.828554 17.999716 16.180433 10.249 63050395645546824 1154123837 bright_1x1 mwm_galactic_core_dist_apogee_sparse mwm_galactic science 0 0 0.0 0.0 -999 ""
FIBERMAP 548 R+1C14 BOSS 0 0 0 1 0 0 5.563563276549066 36.616006685586015 143.1 20.486320131982385 30.857675588534708 142.07164 77.97404 -999.0 -999.0 -999.0 -999.0 -999.0 282.6161908069096 4.538084252525938 282.6058851743675 4.577595292479719 59.77899365810033 156.40189032656505 -999.0 5400.0 -999.0 1 96 {-999.0 -999.0 -999.0 -999.0 -999.0} "" -999.0 -999.0 -999.0 -999.0 -999 -999 "" "" "" "" 0 0 0.0 0.0 -999 ""
FIBERMAP 548 R+1C14 METROLOGY 0 0 0 1 0 0 5.693726685158064 35.89188608349481 143.1 20.298987598250356 30.146142937980294 142.07164 77.97404 -999.0 -999.0 -999.0 -999.0 -999.0 282.6153129055196 4.534873915174405 282.60502694464753 4.574351605490879 59.776229368567456 156.40566606543754 -999.0 6231.0 -999.0 -1 -999 {-999.0 -999.0 -999.0 -999.0 -999.0} "" -999.0 -999.0 -999.0 -999.0 -999 -999 "" "" "" "" 0 0 0.0 0.0 -999 ""
FIBERMAP 550 R+1C1 APOGEE 1 1 0 1 0 0 -286.1095047561451 31.082428326649108 143.1 -246.3401216541198 148.84019411146858 118.44791 115.802475 281.40676671747156 5.072245408512644 -2.9879534 -4.700919 0.11761332 281.4067528867442 5.072226836550353 281.3952309044239 5.108407753377212 60.672735929081924 158.35272303903199 16000.0 16600.0 2016.0 2 141 {-999.0 19.783401 17.784319 15.04818 -999.0} sdss_psfmag_ps1 18.54829 15.335401 13.78541 9.146 63050395648596849 1156798856 bright_1x1 mwm_galactic_core_dist_apogee_extra mwm_galactic science 0 0 0.0 0.0 -999 ""
FIBERMAP 550 R+1C1 BOSS 0 0 0 1 0 0 -285.696448477039 31.68162677680489 143.1 -245.7128709971703 149.20936645344557 118.44791 115.802475 -999.0 -999.0 -999.0 -999.0 -999.0 281.4096221670856 5.073789937004281 281.3980600422773 5.1100869900408075 60.67345392208253 158.34618810051708 -999.0 5400.0 -999.0 1 12 {-999.0 -999.0 -999.0 -999.0 -999.0} "" -999.0 -999.0 -999.0 -999.0 -999 -999 "" "" "" "" 0 0 0.0 0.0 -999 ""
FIBERMAP 550 R+1C1 METROLOGY 0 0 0 1 0 0 -285.36695547920715 31.003057012931844 143.1 -245.70023980536897 148.455081299553 118.44791 115.802475 -999.0 -999.0 -999.0 -999.0 -999.0 281.40963680590517 5.07043130277694 281.3980934531725 5.1066981531294955 60.67022333354234 158.34827874731187 -999.0 6231.0 -999.0 -1 -999 {-999.0 -999.0 -999.0 -999.0 -999.0} "" -999.0 -999.0 -999.0 -999.0 -999 -999 "" "" "" "" 0 0 0.0 0.0 -999 ""
FIBERMAP 554 R-2C23 APOGEE 1 1 0 1 0 0 215.84611344262393 -42.270404381879715 143.1 177.90633061952465 -129.35506369147944 154.9467 155.34126 283.32916259765625 3.8087680805187887 -999.0 -999.0 -999.0 283.3291535693846 3.808766148206659 283.32067155640823 3.85014210238163 58.85111391668933 155.57882510999167 16000.0 16600.0 2015.5 2 197 {-999.0 -999.0 -999.0 -999.0 -999.0} "" -999.0 -999.0 -999.0 -999.0 27021603150603870 849031256 "" ops_sky_apogee_good ops_sky sky_apogee 0 0 0.0 0.0 -999 ""
FIBERMAP 554 R-2C23 BOSS 0 0 0 1 0 0 215.3894479083994 -41.68569910824906 143.1 177.73879446452128 -128.63226657698925 154.9467 155.34126 -999.0 -999.0 -999.0 -999.0 -999.0 283.32850128481965 3.8118908308269743 283.3199683200444 3.8533801775592047 58.8543935433559 155.57791522782952 -999.0 5400.0 -999.0 1 310 {-999.0 -999.0 -999.0 -999.0 -999.0} "" -999.0 -999.0 -999.0 -999.0 -999 -999 "" "" "" "" 0 0 0.0 0.0 -999 ""
FIBERMAP 554 R-2C23 METROLOGY 0 0 0 1 0 0 216.1222613289473 -41.54979068775961 143.1 178.4606325838889 -128.81805527828132 154.9467 155.34126 -999.0 -999.0 -999.0 -999.0 -999.0 283.3317332966776 3.8110935565934674 283.3232142396167 3.8525585755262357 58.85249483097097 155.57259989514083 -999.0 6231.0 -999.0 -1 -999 {-999.0 -999.0 -999.0 -999.0 -999.0} "" -999.0 -999.0 -999.0 -999.0 -999 -999 "" "" "" "" 0 0 0.0 0.0 -999 ""
FIBERMAP 565 R+8C3 APOGEE 1 1 0 1 0 0 -141.34959559354235 152.84721893333733 143.1 -63.720963278764565 198.21187529778268 12.398924 95.49882 282.23414498455236 5.2978465488655395 -1.8693181 -5.976831 0.26284018 282.2341361201379 5.297840249524528 282.2219669105325 5.336108242493585 60.621973710931655 156.61311626334896 16000.0 16600.0 2016.0 2 137 {-999.0 22.220707 18.664488 15.808357 -999.0} sdss_psfmag_ps1 20.114614 16.091385 14.5105715 9.388 63050395645766409 1156796203 bright_1x1 mwm_galactic_core_dist_apogee_extra mwm_galactic science 0 0 0.0 0.0 -999 ""
FIBERMAP 565 R+8C3 BOSS 0 0 0 1 0 0 -141.09725897757644 152.1492931681867 143.1 -63.78646104023974 197.47257522296886 12.398924 95.49882 -999.0 -999.0 -999.0 -999.0 -999.0 282.2338460946409 5.294449535321524 282.2216468549283 5.332825792735411 60.61898799401506 156.61597106386685 -999.0 5400.0 -999.0 1 25 {-999.0 -999.0 -999.0 -999.0 -999.0} "" -999.0 -999.0 -999.0 -999.0 -999 -999 "" "" "" "" 0 0 0.0 0.0 -999 ""
FIBERMAP 565 R+8C3 METROLOGY 0 0 0 1 0 0 -141.83819003651442 152.2724936457786 143.1 -64.40639242326266 197.89675047222028 12.398924 95.49882 -999.0 -999.0 -999.0 -999.0 -999.0 282.23102507619325 5.296378564859943 282.2188321211006 5.334716478495987 60.621708632425964 156.62006153070672 -999.0 6231.0 -999.0 -1 -999 {-999.0 -999.0 -999.0 -999.0 -999.0} "" -999.0 -999.0 -999.0 -999.0 -999 -999 "" "" "" "" 0 0 0.0 0.0 -999 ""
FIBERMAP 566 R+8C7 APOGEE 0 0 0 1 0 0 -81.40670460892183 156.99327968903992 143.1 -7.615556594259665 176.69326779102695 180.17111 109.48841 -999.0 -999.0 -999.0 -999.0 -999.0 282.48947515113707 5.2006023514570865 282.4775329874412 5.239545819941165 60.4450697046465 156.19260572475682 -999.0 16600.0 -999.0 2 -999 {-999.0 -999.0 -999.0 -999.0 -999.0} "" -999.0 -999.0 -999.0 -999.0 -999 -999 "" "" "" "" 0 0 0.0 0.0 -999 ""
FIBERMAP 566 R+8C7 BOSS 1 1 0 1 0 0 -81.64816326131364 157.669181782165 143.1 -7.5494820816800345 177.40800920800422 180.17111 109.48841 282.48982670616215 5.203804440290943 -3.0517893 -6.678337 0.17181736 282.4898225979548 5.203774479847557 282.47783266761303 5.2428270973609665 60.44805273197313 156.18976921353104 5400.0 5400.0 2016.0 1 103 {-999.0 23.273186 19.517267 17.810333 -999.0} sdss_psfmag_ps1 17.618675 18.286346 16.808004 12.358 63050395645734506 978476338 "" ops_std_boss ops_std standard_boss 0 0 0.0 0.0 -999 ""
FIBERMAP 566 R+8C7 METROLOGY 0 0 0 1 0 0 -80.92959706181462 157.56689137738417 143.1 -6.941013526979591 177.0122268895204 180.17111 109.48841 -999.0 -999.0 -999.0 -999.0 -999.0 282.49258230453336 5.202001911534835 282.4806078940357 5.241031121127864 60.44542216671161 156.18574319625745 -999.0 6231.0 -999.0 -1 -999 {-999.0 -999.0 -999.0 -999.0 -999.0} "" -999.0 -999.0 -999.0 -999.0 -999 -999 "" "" "" "" 0 0 0.0 0.0 -999 ""
FIBERMAP 572 R+10C5 APOGEE 0 0 0 1 0 0 -83.05885065681844 199.61152001038138 143.1 8.858646508906897 216.03675793722164 354.30273 154.28244 -999.0 -999.0 -999.0 -999.0 -999.0 282.5650141422621 5.377572264455192 282.5526142234368 5.416675513521232 60.58585453965959 155.9265853025766 -999.0 16600.0 -999.0 2 -999 {-999.0 -999.0 -999.0 -999.0 -999.0} "" -999.0 -999.0 -999.0 -999.0 -999 -999 "" "" "" "" 0 0 0.0 0.0 -999 ""
FIBERMAP 572 R+10C5 BOSS 1 1 0 1 0 0 -82.41436173080615 199.22781153057772 143.1 9.281264996587929 215.41702095314912 354.30273 154.28244 282.5669860839844 5.374695640023262 -999.0 -999.0 -999.0 282.5669746477801 5.374718331363434 282.55454198897905 5.413935296266061 60.5826208635701 155.92483937163627 5400.0 5400.0 2015.5 1 146 {-999.0 -999.0 -999.0 -999.0 -999.0} "" -999.0 -999.0 -999.0 -999.0 27021603150621964 820735956 "" ops_sky_boss_good ops_sky sky_boss 0 0 0.0 0.0 -999 ""
FIBERMAP 572 R+10C5 METROLOGY 0 0 0 1 0 0 -83.064620506816 198.8654444851543 143.1 8.538789410534239 215.36264022291047 354.30273 154.28244 -999.0 -999.0 -999.0 -999.0 -999.0 282.563580310605 5.3745061840120005 282.5511597744622 5.413683825548065 60.58354482143345 155.93145151700446 -999.0 6231.0 -999.0 -1 -999 {-999.0 -999.0 -999.0 -999.0 -999.0} "" -999.0 -999.0 -999.0 -999.0 -999 -999 "" "" "" "" 0 0 0.0 0.0 -999 ""
FIBERMAP 575 R+3C14 APOGEE 1 1 0 1 0 0 18.224531594550804 67.19614129944429 143.1 44.86329189662886 53.248922541488135 181.51576 79.81812 282.72775175853855 4.639809742893687 -2.2776263 -7.4134774 0.10393336 282.7277584137402 4.63979962104089 282.7172242948584 4.679465355901587 59.8371243927416 156.125542278663 16000.0 16600.0 2016.0 2 24 {-999.0 21.01242 17.425636 15.023611 -999.0} sdss_psfmag_ps1 18.822878 15.466399 13.955809 9.095 63050395645547852 1154123884 bright_1x1 mwm_galactic_core_dist_apogee_sparse mwm_galactic science 0 0 0.0 0.0 -999 ""
FIBERMAP 575 R+3C14 BOSS 0 0 0 1 0 0 18.329039147783472 67.92293298075394 143.1 45.264553493318914 53.8639150830714 181.51576 79.81812 -999.0 -999.0 -999.0 -999.0 -999.0 282.7296624362242 4.642509862842898 282.7190805782154 4.682291512028996 59.83914881445599 156.12016055372024 -999.0 5400.0 -999.0 1 97 {-999.0 -999.0 -999.0 -999.0 -999.0} "" -999.0 -999.0 -999.0 -999.0 -999 -999 "" "" "" "" 0 0 0.0 0.0 -999 ""
FIBERMAP 575 R+3C14 METROLOGY 0 0 0 1 0 0 18.924370805941678 67.47255400767526 143.1 45.61448015457208 53.2044503778619 181.51576 79.81812 -999.0 -999.0 -999.0 -999.0 -999.0 282.73123759473043 4.63952887494219 282.7206747012316 4.679283556211637 59.83577908899431 156.11923332480964 -999.0 6231.0 -999.0 -1 -999 {-999.0 -999.0 -999.0 -999.0 -999.0} "" -999.0 -999.0 -999.0 -999.0 -999 -999 "" "" "" "" 0 0 0.0 0.0 -999 ""
FIBERMAP 577 R+6C15 APOGEE 1 1 0 1 0 0 84.25144837516093 132.72884990225867 143.1 132.37292206713218 84.83084469643761 134.97858 84.85184 283.1269259403188 4.781666315915109 -1.0365002 -4.392508 0.23359887 283.1269349182119 4.781658590500041 283.1160049786258 4.822321500059014 59.83313270334435 155.28514606819533 16000.0 16600.0 2016.0 2 36 {-999.0 22.372038 18.421104 16.231955 -999.0} sdss_psfmag_ps1 19.87555 16.61401 15.077088 10.114 63050395645567595 1154124371 bright_1x1 mwm_galactic_core_dist_apogee_sparse mwm_galactic science 0 0 0.0 0.0 -999 ""
FIBERMAP 577 R+6C15 BOSS 0 0 0 1 0 0 84.81055061181642 133.21959373959004 143.1 133.0868730609543 85.04008046370966 134.97858 84.85184 -999.0 -999.0 -999.0 -999.0 -999.0 283.13027163018245 4.782509619868412 283.11929718986755 4.823292009498239 59.83288317497624 155.2783563379337 -999.0 5400.0 -999.0 1 188 {-999.0 -999.0 -999.0 -999.0 -999.0} "" -999.0 -999.0 -999.0 -999.0 -999 -999 "" "" "" "" 0 0 0.0 0.0 -999 ""
FIBERMAP 577 R+6C15 METROLOGY 0 0 0 1 0 0 84.96611129921644 132.4826444041304 143.1 132.9171611461278 84.3062043540484 134.97858 84.85184 -999.0 -999.0 -999.0 -999.0 -999.0 283.1294752734328 4.779208321592309 283.11852120604937 4.8199578489617165 59.830036383908094 155.28213725055517 -999.0 6231.0 -999.0 -1 -999 {-999.0 -999.0 -999.0 -999.0 -999.0} "" -999.0 -999.0 -999.0 -999.0 -999 -999 "" "" "" "" 0 0 0.0 0.0 -999 ""
FIBERMAP 580 R+9C7 APOGEE 1 1 0 1 0 0 -51.339986221471634 165.65260723736068 143.1 23.30102599025475 171.8663259588228 273.57178 140.36864 282.6304235603164 5.1784257303481995 -2.020133 -3.5993783 0.24617101 282.630441974205 5.178399001600023 282.61854468722134 5.217709097405644 60.37645148159231 155.94057143376926 16000.0 16600.0 2016.0 2 29 {-999.0 20.335669 17.20742 15.65822 -999.0} sdss_psfmag_ps1 18.535116 16.190472 14.781467 10.7 63050395645735660 1154125722 bright_1x1 mwm_galactic_core_dist_apogee_sparse mwm_galactic science 0 0 0.0 0.0 -999 ""
FIBERMAP 580 R+9C7 BOSS 0 0 0 1 0 0 -51.76829180040747 165.0507404534313 143.1 22.65882181797918 171.5011646667861 273.57178 140.36864 -999.0 -999.0 -999.0 -999.0 -999.0 282.6275571136357 5.176706491619679 282.6156242428846 5.216118558477449 60.37595916697373 155.94720319134305 -999.0 5400.0 -999.0 1 118 {-999.0 -999.0 -999.0 -999.0 -999.0} "" -999.0 -999.0 -999.0 -999.0 -999 -999 "" "" "" "" 0 0 0.0 0.0 -999 ""
FIBERMAP 580 R+9C7 METROLOGY 0 0 0 1 0 0 -52.07917228254215 165.73031791735306 143.1 22.663493648886984 172.24851459657566 273.57178 140.36864 -999.0 -999.0 -999.0 -999.0 -999.0 282.62757212225574 5.180101952329188 282.6156419696015 5.219482480170583 60.379111505596484 155.94482737262203 -999.0 6231.0 -999.0 -1 -999 {-999.0 -999.0 -999.0 -999.0 -999.0} "" -999.0 -999.0 -999.0 -999.0 -999 -999 "" "" "" "" 0 0 0.0 0.0 -999 ""
FIBERMAP 581 R-1C19 APOGEE 0 0 0 1 0 0 136.60763951132535 -22.990331162110458 143.1 114.1823945100595 -78.45626269188725 352.36755 109.88284 -999.0 -999.0 -999.0 -999.0 -999.0 283.0418329464814 4.039508049968106 283.03279432330106 4.0800999461502725 59.166239977591275 155.94758788547057 -999.0 16600.0 -999.0 2 -999 {-999.0 -999.0 -999.0 -999.0 -999.0} "" -999.0 -999.0 -999.0 -999.0 -999 -999 "" "" "" "" 0 0 0.0 0.0 -999 ""
FIBERMAP 581 R-1C19 BOSS 1 1 0 1 0 0 136.77723753246744 -23.726622428381738 143.1 114.0256893423861 -79.19546169129389 352.36755 109.88284 283.0412054806627 4.0360161777783 -0.75996643 -4.594346 0.37107545 283.04119202020576 4.036004127357454 283.03212034679285 4.076709593798826 59.16328697089873 155.9510921003627 5400.0 5400.0 2016.0 1 296 {-999.0 18.125734 15.732282 14.42022 -999.0} sdss_psfmag_ps1 16.840412 14.881057 13.582112 10.676 63050395645507684 1093381750 bright_3x1 mwm_astar_core_boss mwm_ob science 0 0 0.0 0.0 -999 ""
FIBERMAP 581 R-1C19 METROLOGY 0 0 0 1 0 0 136.06925331987858 -23.506860241031717 143.1 113.47635528804487 -78.69761694004623 352.36755 109.88284 -999.0 -999.0 -999.0 -999.0 -999.0 283.03868422107416 4.038308135489823 283.0296188542688 4.078974238698371 59.16627094251706 155.9541460392652 -999.0 6231.0 -999.0 -1 -999 {-999.0 -999.0 -999.0 -999.0 -999.0} "" -999.0 -999.0 -999.0 -999.0 -999 -999 "" "" "" "" 0 0 0.0 0.0 -999 ""
FIBERMAP 587 R-10C13 APOGEE 0 0 0 1 0 0 87.30650159663527 -185.77746889970044 143.1 0.8270878337131914 -205.28312432657967 55.076313 154.85832 -999.0 -999.0 -999.0 -999.0 -999.0 282.52355793247324 3.4663339758832166 282.5160247509742 3.5057088149245446 58.79748033658254 157.26354126547568 -999.0 16600.0 -999.0 2 -999 {-999.0 -999.0 -999.0 -999.0 -999.0} "" -999.0 -999.0 -999.0 -999.0 -999 -999 "" "" "" "" 0 0 0.0 0.0 -999 ""
FIBERMAP 587 R-10C13 BOSS 1 1 0 1 0 0 87.94249011548946 -185.38636292394895 143.1 1.5687423614463414 -205.1966649033954 55.076313 154.85832 282.5269811268062 3.4665766637627997 -1.8789301 -10.043396 0.85360277 282.5269704842822 3.4665493009780834 282.51939603800423 3.5060498456038114 58.79670698217591 157.25718573348908 5400.0 5400.0 2016.0 1 396 {-999.0 20.579489 18.207544 16.91127 -999.0} sdss_psfmag_ps1 19.353813 17.494186 16.234755 13.279 63050395644108146 939256588 bright_1x1 openfibertargets_nov2020_34a open_fiber science 0 0 0.0 0.0 -999 ""
FIBERMAP 587 R-10C13 METROLOGY 0 0 0 1 0 0 87.96267753881315 -186.13256763726332 143.1 1.272369173461077 -205.88184611890037 55.076313 154.85832 -999.0 -999.0 -999.0 -999.0 -999.0 282.5256038273177 3.4635138887283916 282.5180486671906 3.502978392310282 58.79424092789509 157.26157062642977 -999.0 6231.0 -999.0 -1 -999 {-999.0 -999.0 -999.0 -999.0 -999.0} "" -999.0 -999.0 -999.0 -999.0 -999 -999 "" "" "" "" 0 0 0.0 0.0 -999 ""
FIBERMAP 588 R+8C1 APOGEE 1 1 0 1 0 0 -191.28202458929877 153.41249355994103 143.1 -108.76195315384291 219.7813051920374 329.37668 137.68567 282.0299949557527 5.394338682353587 -2.934763 -5.469105 -0.57385397 282.0299835157862 5.394325082389362 282.01758448087685 5.432049140454634 60.78020604917599 156.9398898492523 16000.0 16600.0 2016.0 2 94 {-999.0 22.513477 19.087442 16.628458 -999.0} sdss_psfmag_ps1 20.424423 17.066032 15.539437 10.751 63050395645774351 1156796427 bright_1x1 mwm_galactic_core_dist_apogee_extra mwm_galactic science 0 0 0.0 0.0 -999 ""
FIBERMAP 588 R+8C1 BOSS 0 0 0 1 0 0 -191.09456479239333 152.70481199537417 143.1 -108.89039613499298 219.0605174111536 329.37668 137.68567 -999.0 -999.0 -999.0 -999.0 -999.0 282.0294041083128 5.391008242089188 282.0169756348281 5.428839280668285 60.777377460658556 156.94323677119925 -999.0 5400.0 -999.0 1 81 {-999.0 -999.0 -999.0 -999.0 -999.0} "" -999.0 -999.0 -999.0 -999.0 -999 -999 "" "" "" "" 0 0 0.0 0.0 -999 ""
FIBERMAP 588 R+8C1 METROLOGY 0 0 0 1 0 0 -191.8213770556102 152.8971223366396 143.1 -109.46838033107242 219.54140838669514 329.37668 137.68567 -999.0 -999.0 -999.0 -999.0 -999.0 282.0267893853278 5.393179103003537 282.01436634115123 5.430972427051219 60.78024976706608 156.9468127759801 -999.0 6231.0 -999.0 -1 -999 {-999.0 -999.0 -999.0 -999.0 -999.0} "" -999.0 -999.0 -999.0 -999.0 -999 -999 "" "" "" "" 0 0 0.0 0.0 -999 ""
FIBERMAP 589 R-2C25 APOGEE 1 1 0 1 0 0 289.3453121259831 -35.904434033198086 143.1 247.24092214824043 -154.57741211828065 69.397644 40.25283 283.6392685514055 3.696033480850226 -4.6101174 -7.872447 0.41055968 283.6392588062418 3.696050431482304 283.6310310887721 3.738244727147553 58.637463602721766 155.09593265278798 16000.0 16600.0 2016.0 2 216 {-999.0 23.40741 21.631853 18.608767 -999.0} sdss_psfmag_gaia 21.461617 19.305925 17.650501 10.581 63050395645259152 1154779557 bright_1x1 mwm_galactic_core_dist_apogee_sparse mwm_galactic science 0 0 0.0 0.0 -999 ""
FIBERMAP 589 R-2C25 BOSS 0 0 0 1 0 0 289.61584775742006 -36.58986381152981 143.1 247.1971971277411 -155.31305531500658 69.397644 40.25283 -999.0 -999.0 -999.0 -999.0 -999.0 283.63904855035645 3.6926399641481344 283.63078519933026 3.7349508164344742 58.63447109024926 155.09861902313904 -999.0 5400.0 -999.0 1 254 {-999.0 -999.0 -999.0 -999.0 -999.0} "" -999.0 -999.0 -999.0 -999.0 -999 -999 "" "" "" "" 0 0 0.0 0.0 -999 ""
FIBERMAP 589 R-2C25 METROLOGY 0 0 0 1 0 0 288.87500494680313 -36.47322148525964 143.1 246.5745801541673 -154.8948642967542 69.397644 40.25283 -999.0 -999.0 -999.0 -999.0 -999.0 283.6362827202455 3.6945368328366532 283.62802740631827 3.7368072129497842 58.637183077152024 155.10229696594982 -999.0 6231.0 -999.0 -1 -999 {-999.0 -999.0 -999.0 -999.0 -999.0} "" -999.0 -999.0 -999.0 -999.0 -999 -999 "" "" "" "" 0 0 0.0 0.0 -999 ""
FIBERMAP 592 R0C5 APOGEE 1 1 0 1 0 0 -215.30800752383055 6.1872841724059935 143.1 -192.6348568100706 96.40750265474644 167.99794 102.60814 281.6465041749704 4.836830700077137 -5.8597293 -7.4955845 0.5579173 281.6464898199939 4.836842942911284 281.63554925880896 4.873687488359783 60.3747913838485 158.0402635311903 16000.0 16600.0 2016.0 2 243 {-999.0 14.482504 12.11529 10.843685 -999.0} sdss_psfmag_from_g3xp 13.239566 11.527091 10.295081 7.059 63050395645679591 1152339489 bright_1x1 mwm_galactic_core_dist_apogee_sparse mwm_galactic science 0 0 0.0 0.0 -999 ""
FIBERMAP 592 R0C5 BOSS 0 0 0 1 0 0 -215.33676321495327 6.926929167863341 143.1 -192.3490197135915 97.09034872811007 167.99794 102.60814 -999.0 -999.0 -999.0 -999.0 -999.0 281.64779439657707 4.839846520317189 281.6368092450744 4.876804047687373 60.37735239581077 158.0358635837437 -999.0 5400.0 -999.0 1 495 {-999.0 -999.0 -999.0 -999.0 -999.0} "" -999.0 -999.0 -999.0 -999.0 -999 -999 "" "" "" "" 0 0 0.0 0.0 -999 ""
FIBERMAP 592 R0C5 METROLOGY 0 0 0 1 0 0 -214.66720795572945 6.610138100002572 143.1 -191.87545124215754 96.52072267875955 167.99794 102.60814 -999.0 -999.0 -999.0 -999.0 -999.0 281.64991703876075 4.837300892976442 281.63894862983784 4.874233164026333 60.374240067147824 158.0334135014028 -999.0 6231.0 -999.0 -1 -999 {-999.0 -999.0 -999.0 -999.0 -999.0} "" -999.0 -999.0 -999.0 -999.0 -999 -999 "" "" "" "" 0 0 0.0 0.0 -999 ""
FIBERMAP 594 R+1C22 APOGEE 1 1 0 1 0 0 206.85889205382463 7.0663244986856455 143.1 190.5622234338388 -80.82591236660063 20.878244 47.847084 283.3879778976384 4.028398948719697 -3.2033546 -5.864935 -0.31041375 283.38796670103164 4.028397660387598 283.37892307092676 4.069880324710783 59.03658768150967 155.32414594951922 16000.0 16600.0 2016.0 2 86 {-999.0 23.535122 19.50281 17.328924 -999.0} sdss_psfmag_ps1 20.996868 17.657322 16.114794 10.91 63050395645290076 1154119226 bright_1x1 mwm_galactic_core_dist_apogee_sparse mwm_galactic science 0 0 0.0 0.0 -999 ""
FIBERMAP 594 R+1C22 BOSS 0 0 0 1 0 0 206.56948349208048 6.389706996107602 143.1 190.0144499996267 -81.31743235304378 20.878244 47.847084 -999.0 -999.0 -999.0 -999.0 -999.0 283.38556526209214 4.026038137077469 283.37648460383593 4.067629831743618 59.035337075590974 155.33011037205455 -999.0 5400.0 -999.0 1 235 {-999.0 -999.0 -999.0 -999.0 -999.0} "" -999.0 -999.0 -999.0 -999.0 -999 -999 "" "" "" "" 0 0 0.0 0.0 -999 ""
FIBERMAP 594 R+1C22 METROLOGY 0 0 0 1 0 0 206.11195856234767 6.971460781881657 143.1 189.84488987199 -80.59694927306376 20.878244 47.847084 -999.0 -999.0 -999.0 -999.0 -999.0 283.38480147197873 4.0293393835459765 283.3757247837931 4.070895934209233 59.038660991959034 155.32925553453595 -999.0 6231.0 -999.0 -1 -999 {-999.0 -999.0 -999.0 -999.0 -999.0} "" -999.0 -999.0 -999.0 -999.0 -999 -999 "" "" "" "" 0 0 0.0 0.0 -999 ""
FIBERMAP 597 R+1C2 APOGEE 0 0 0 1 0 0 -265.05304873429964 2.244236616048159 143.1 -239.40710995063424 113.80970526054315 284.88794 73.0192 -999.0 -999.0 -999.0 -999.0 -999.0 281.4365007141615 4.914686678759147 281.4253795494877 4.950974819941694 60.513772308538634 158.39434479776068 -999.0 16600.0 -999.0 2 -999 {-999.0 -999.0 -999.0 -999.0 -999.0} "" -999.0 -999.0 -999.0 -999.0 -999 -999 "" "" "" "" 0 0 0.0 0.0 -999 ""
FIBERMAP 597 R+1C2 BOSS 1 1 0 1 0 0 -265.8207733752469 2.2668749180656427 143.1 -240.0937458255397 114.15398846207985 284.88794 73.0192 281.4334474075194 4.9161454972749725 -1.8890393 -3.917709 0.22547348 281.4334630392124 4.916117262082512 281.42230246093453 4.952507066592321 60.516181338736 158.39929745771215 5400.0 5400.0 2016.0 1 11 {-999.0 17.811012 16.574564 15.8846445 -999.0} sdss_psfmag_ps1 17.322922 16.427917 15.475885 13.647 63050395645678653 1158045929 bright_1x1 openfibertargets_mwm_ztf_lomb_boss open_fiber science 0 0 0.0 0.0 -999 ""
FIBERMAP 597 R+1C2 METROLOGY 0 0 0 1 0 0 -265.40833640792164 2.900310277677736 143.1 -239.45261884005978 114.554468442441 284.88794 73.0192 -999.0 -999.0 -999.0 -999.0 -999.0 281.4363421288371 4.917968034244334 281.42518675953863 4.95433378860141 60.51702462199373 158.39259464912925 -999.0 6231.0 -999.0 -1 -999 {-999.0 -999.0 -999.0 -999.0 -999.0} "" -999.0 -999.0 -999.0 -999.0 -999 -999 "" "" "" "" 0 0 0.0 0.0 -999 ""
FIBERMAP 598 R+11C9 APOGEE 1 1 0 1 0 0 2.447305036231045 203.6191162663074 143.1 88.08675957103911 183.61239327289147 226.42564 119.4127 282.92566881322654 5.229957417635473 -2.145973 -5.321677 0.21607706 282.925660110557 5.229931425728464 282.913607078138 5.269989748750935 60.3231355180219 155.34699888250327 16000.0 16600.0 2016.0 2 21 {-999.0 20.978146 17.874582 15.969907 -999.0} sdss_psfmag_ps1 19.066528 16.406599 14.957335 10.479 63050395645742853 1154125878 bright_1x1 mwm_galactic_core_dist_apogee_sparse mwm_galactic science 0 0 0.0 0.0 -999 ""
FIBERMAP 598 R+11C9 BOSS 0 0 0 1 0 0 1.7354369067722626 203.7976956040267 143.1 87.5165364540548 184.0745307586696 226.42564 119.4127 -999.0 -999.0 -999.0 -999.0 -999.0 282.9231274963412 5.231965334682163 282.9110283284807 5.27212568646668 60.326039020222076 155.35033361498674 -999.0 5400.0 -999.0 1 110 {-999.0 -999.0 -999.0 -999.0 -999.0} "" -999.0 -999.0 -999.0 -999.0 -999 -999 "" "" "" "" 0 0 0.0 0.0 -999 ""
FIBERMAP 598 R+11C9 METROLOGY 0 0 0 1 0 0 2.2446149283264507 204.33900479925396 143.1 88.20653926829696 184.35067321162853 226.42564 119.4127 -999.0 -999.0 -999.0 -999.0 -999.0 282.92625035008894 5.233211238270047 282.9141594106713 5.273348492441636 60.32608522675066 155.3435693685559 -999.0 6231.0 -999.0 -1 -999 {-999.0 -999.0 -999.0 -999.0 -999.0} "" -999.0 -999.0 -999.0 -999.0 -999 -999 "" "" "" "" 0 0 0.0 0.0 -999 ""
FIBERMAP 599 R+2C11 APOGEE 1 1 0 1 0 0 -61.19299903721432 47.283368282509855 143.1 -35.550894491071844 68.68265504382147 188.3295 73.51371 282.3605302039683 4.711021804510378 -1.2148604 -2.9174497 0.51181775 282.3605339376189 4.71101078611301 282.34985122241363 4.7497183626995465 60.02671347112293 156.7662347429718 16000.0 16600.0 2016.0 2 142 {-999.0 18.969055 16.04967 13.899238 -999.0} sdss_psfmag_ps1 17.28729 14.137541 12.654246 8.095 63050395645622332 1154125035 bright_1x1 mwm_galactic_core_dist_apogee_sparse mwm_galactic science 0 0 0.0 0.0 -999 ""
FIBERMAP 599 R+2C11 BOSS 0 0 0 1 0 0 -61.09191605903273 48.01848162156116 143.1 -35.14922904571014 69.30663793752666 188.3295 73.51371 -999.0 -999.0 -999.0 -999.0 -999.0 282.3623972498296 4.713771329080471 282.35166798216704 4.752594228302104 60.02882259997918 156.76090104358502 -999.0 5400.0 -999.0 1 23 {-999.0 -999.0 -999.0 -999.0 -999.0} "" -999.0 -999.0 -999.0 -999.0 -999 -999 "" "" "" "" 0 0 0.0 0.0 -999 ""
FIBERMAP 599 R+2C11 METROLOGY 0 0 0 1 0 0 -60.497877663175984 47.56539091658615 143.1 -34.801618686432604 68.64525957606217 188.3295 73.51371 -999.0 -999.0 -999.0 -999.0 -999.0 282.3639692691153 4.710783658122918 282.3532586227394 4.74957972132815 60.02545231028114 156.75991803646306 -999.0 6231.0 -999.0 -1 -999 {-999.0 -999.0 -999.0 -999.0 -999.0} "" -999.0 -999.0 -999.0 -999.0 -999 -999 "" "" "" "" 0 0 0.0 0.0 -999 ""
FIBERMAP 600 R+1C17 APOGEE 0 0 0 1 0 0 90.70243246951307 34.331039581356485 143.1 96.7277579777651 -7.117979479064659 96.35839 61.709755 -999.0 -999.0 -999.0 -999.0 -999.0 282.96367235465397 4.364181522179717 282.9538172852288 4.404507902504043 59.49793651539842 155.873677791352 -999.0 16600.0 -999.0 2 -999 {-999.0 -999.0 -999.0 -999.0 -999.0} "" -999.0 -999.0 -999.0 -999.0 -999 -999 "" "" "" "" 0 0 0.0 0.0 -999 ""
FIBERMAP 600 R+1C17 BOSS 1 1 0 1 0 0 91.43259531733725 34.06978047450427 143.1 97.27970438215176 -7.662807046910449 96.35839 61.709755 282.9663329810731 4.36158185175793 -19.141962 -3.008878 1.7887386 282.96626889398203 4.3615767470225375 282.9563785863641 4.402023276019457 59.49472381099615 155.87064265724817 5400.0 5400.0 2016.0 1 191 {-999.0 17.233341 15.962192 15.343768 -999.0} sdss_psfmag_ps1 16.719515 15.820436 14.880185 12.98 63050395645516346 982158571 "" ops_std_boss_tic ops_std standard_boss 0 0 0.0 0.0 -999 ""
FIBERMAP 600 R+1C17 METROLOGY 0 0 0 1 0 0 90.82725107711593 33.595456618185175 143.1 96.53074495705924 -7.837652408804112 96.35839 61.709755 -999.0 -999.0 -999.0 -999.0 -999.0 282.9628321156627 4.360823851785845 282.95295583744394 4.401229692395598 59.49515528589766 155.8774924235538 -999.0 6231.0 -999.0 -1 -999 {-999.0 -999.0 -999.0 -999.0 -999.0} "" -999.0 -999.0 -999.0 -999.0 -999 -999 "" "" "" "" 0 0 0.0 0.0 -999 ""
FIBERMAP 604 R+7C14 APOGEE 1 1 0 1 0 0 73.00509194102766 146.30677621816983 143.1 127.90048141856785 101.8861451955602 105.137215 127.18245 283.10670288368357 4.859176223932773 -1.5811023 -5.979893 -0.0802572 283.10668090181974 4.859162034657858 283.0955557985809 4.8997576900570055 59.91277681056093 155.2686749651664 16000.0 16600.0 2016.0 2 43 {-999.0 25.253355 20.608175 17.991867 -999.0} sdss_psfmag_ps1 21.193434 18.104902 16.513277 10.866 63050395645568251 1154124534 bright_1x1 mwm_galactic_core_dist_apogee_sparse mwm_galactic science 0 0 0.0 0.0 -999 ""
FIBERMAP 604 R+7C14 BOSS 0 0 0 1 0 0 73.4700804996094 146.87041478344474 143.1 128.55982909976186 102.20117119422366 105.137215 127.18245 -999.0 -999.0 -999.0 -999.0 -999.0 283.10976600181965 4.860497398669411 283.09859529045826 4.901211424609771 59.913067476040766 155.26199926484324 -999.0 5400.0 -999.0 1 160 {-999.0 -999.0 -999.0 -999.0 -999.0} "" -999.0 -999.0 -999.0 -999.0 -999 -999 "" "" "" "" 0 0 0.0 0.0 -999 ""
FIBERMAP 604 R+7C14 METROLOGY 0 0 0 1 0 0 73.74696739576369 146.1780462559148 143.1 128.51893737205316 101.45655748050251 105.137215 127.18245 -999.0 -999.0 -999.0 -999.0 -999.0 283.1095571783722 4.857145993963568 283.0984068890943 4.8978287791023405 59.909969084455255 155.26473239280054 -999.0 6231.0 -999.0 -1 -999 {-999.0 -999.0 -999.0 -999.0 -999.0} "" -999.0 -999.0 -999.0 -999.0 -999 -999 "" "" "" "" 0 0 0.0 0.0 -999 ""
FIBERMAP 605 R+13C13 APOGEE 1 1 0 1 0 0 117.20458153156694 241.38070769647751 143.1 208.0744461340801 169.4611974981035 232.63681 126.4124 283.46897090144415 5.161288657272393 0.6797781 -1.8094388 0.72163415 283.46899629948877 5.161263528216709 283.4570732248064 5.20272913200743 60.06622322953799 154.37916761768665 16000.0 16600.0 2016.0 2 103 {-999.0 25.356878 21.796368 18.865538 -999.0} sdss_psfmag_ps1 21.600805 18.832418 17.176777 10.192 63050395645576972 1154124769 bright_1x1 mwm_galactic_core_dist_apogee_sparse mwm_galactic science 0 0 0.0 0.0 -999 ""
FIBERMAP 605 R+13C13 BOSS 0 0 0 1 0 0 116.46709620490569 241.42533005850586 143.1 207.4245024806906 169.81266401204562 232.63681 126.4124 -999.0 -999.0 -999.0 -999.0 -999.0 283.4661143389036 5.162771484230372 283.45414456235153 5.204338890443872 60.06878667748914 154.38343146962498 -999.0 5400.0 -999.0 1 91 {-999.0 -999.0 -999.0 -999.0 -999.0} "" -999.0 -999.0 -999.0 -999.0 -999 -999 "" "" "" "" 0 0 0.0 0.0 -999 ""
FIBERMAP 605 R+13C13 METROLOGY 0 0 0 1 0 0 116.86720278419594 242.05088603518087 143.1 208.05112532418067 170.21119867165626 232.63681 126.4124 -999.0 -999.0 -999.0 -999.0 -999.0 283.46890994339776 5.164557585628284 283.4569476112236 5.206100775321684 60.069407760676526 154.37693378652318 -999.0 6231.0 -999.0 -1 -999 {-999.0 -999.0 -999.0 -999.0 -999.0} "" -999.0 -999.0 -999.0 -999.0 -999 -999 "" "" "" "" 0 0 0.0 0.0 -999 ""
FIBERMAP 610 R-4C21 APOGEE 1 1 0 1 0 0 190.7792015625076 -93.52697873084408 143.1 133.56009966828535 -165.26430510078282 279.9653 65.12706 283.1272888183594 3.6463942133587466 -999.0 -999.0 -999.0 283.12729969857423 3.6463767056984238 283.1192488133415 3.6872672081102835 58.76764160513483 156.05163231566345 16000.0 16600.0 2015.5 2 232 {-999.0 -999.0 -999.0 -999.0 -999.0} "" -999.0 -999.0 -999.0 -999.0 27021603150603479 849031196 "" ops_sky_apogee_good ops_sky sky_apogee 0 0 0.0 0.0 -999 ""
FIBERMAP 610 R-4C21 BOSS 0 0 0 1 0 0 190.0576267964464 -93.33458230639273 143.1 132.98690120394184 -164.78554475067318 279.9653 65.12706 -999.0 -999.0 -999.0 -999.0 -999.0 283.12479167766463 3.6483809015035438 283.11669352900293 3.6893809315093353 58.77049998895064 156.05485957616392 -999.0 5400.0 -999.0 1 279 {-999.0 -999.0 -999.0 -999.0 -999.0} "" -999.0 -999.0 -999.0 -999.0 -999 -999 "" "" "" "" 0 0 0.0 0.0 -999 ""
FIBERMAP 610 R-4C21 METROLOGY 0 0 0 1 0 0 190.60892132064185 -92.80222577453897 143.1 133.71132040871026 -164.53528149256132 279.9653 65.12706 -999.0 -999.0 -999.0 -999.0 -999.0 283.12806335493417 3.6495541856698646 283.1199739262546 3.690529399070421 58.770459502263336 156.04816875741054 -999.0 6231.0 -999.0 -1 -999 {-999.0 -999.0 -999.0 -999.0 -999.0} "" -999.0 -999.0 -999.0 -999.0 -999 -999 "" "" "" "" 0 0 0.0 0.0 -999 ""
FIBERMAP 613 R0C25 APOGEE 1 1 0 1 0 0 257.69062858234446 3.3452909366853416 143.1 235.0879128014461 -105.63626898113172 7.5495014 126.551994 283.58734130859375 3.916255323172038 -999.0 -999.0 -999.0 283.5873397728164 3.9162807917628766 283.5785605791024 3.958297418267772 58.86175999443343 155.03956632220337 16000.0 16600.0 2015.5 2 35 {-999.0 -999.0 -999.0 -999.0 -999.0} "" -999.0 -999.0 -999.0 -999.0 27021603150603916 849031205 "" ops_sky_apogee_good ops_sky sky_apogee 0 0 0.0 0.0 -999 ""
FIBERMAP 613 R0C25 BOSS 0 0 0 1 0 0 258.20912456876783 2.810372454286434 143.1 235.33251302223164 -106.33999309765423 7.5495014 126.551994 -999.0 -999.0 -999.0 -999.0 -999.0 283.588462932583 3.9129842762560934 283.57964796280714 3.9551197906361257 58.85840432156403 155.03979142285752 -999.0 5400.0 -999.0 1 172 {-999.0 -999.0 -999.0 -999.0 -999.0} "" -999.0 -999.0 -999.0 -999.0 -999 -999 "" "" "" "" 0 0 0.0 0.0 -999 ""
FIBERMAP 613 R0C25 METROLOGY 0 0 0 1 0 0 257.4827172796108 2.6223659443058414 143.1 234.59451396057509 -106.20414912254482 7.5495014 126.551994 -999.0 -999.0 -999.0 -999.0 -999.0 283.5851459342934 3.9136264520669837 283.5763421410459 3.955720640713225 58.86013881124161 155.04533850301405 -999.0 6231.0 -999.0 -1 -999 {-999.0 -999.0 -999.0 -999.0 -999.0} "" -999.0 -999.0 -999.0 -999.0 -999 -999 "" "" "" "" 0 0 0.0 0.0 -999 ""
FIBERMAP 614 R+1C11 APOGEE 1 1 0 1 0 0 -54.52121255715415 8.292860228094595 143.1 -45.943384582112735 30.51202408229048 261.09244 133.51053 282.312587738203 4.537370022663863 -2.4566867 -5.84111 0.1455759 282.31260446868174 4.53734033127726 282.30236857967856 4.57595875832934 59.87846010266042 156.9704230099795 16000.0 16600.0 2016.0 2 134 {-999.0 21.234669 17.90145 15.662101 -999.0} sdss_psfmag_ps1 19.34029 16.130833 14.625095 10.024 63050395645617300 1154124987 bright_1x1 mwm_galactic_core_dist_apogee_sparse mwm_galactic science 0 0 0.0 0.0 -999 ""
FIBERMAP 614 R+1C11 BOSS 0 0 0 1 0 0 -55.13327309327223 7.867370141462741 143.1 -46.677840911077375 30.384294117726835 261.09244 133.51053 -999.0 -999.0 -999.0 -999.0 -999.0 282.30926179294477 4.536670244440689 282.2989886934326 4.575392071499552 59.879036842017825 156.9771332445686 -999.0 5400.0 -999.0 1 31 {-999.0 -999.0 -999.0 -999.0 -999.0} "" -999.0 -999.0 -999.0 -999.0 -999 -999 "" "" "" "" 0 0 0.0 0.0 -999 ""
FIBERMAP 614 R+1C11 METROLOGY 0 0 0 1 0 0 -55.20163585162076 8.621161651875044 143.1 -46.42195433561138 31.096670992150454 261.09244 133.51053 -999.0 -999.0 -999.0 -999.0 -999.0 282.31043252740557 4.539941030839726 282.3001621014701 4.578633512915482 59.88171082860134 156.97280155266432 -999.0 6231.0 -999.0 -1 -999 {-999.0 -999.0 -999.0 -999.0 -999.0} "" -999.0 -999.0 -999.0 -999.0 -999 -999 "" "" "" "" 0 0 0.0 0.0 -999 ""
FIBERMAP 615 R-10C5 APOGEE 0 0 0 1 0 0 -95.38110984544774 -209.9190042965672 143.1 -175.0170349597657 -150.13442015376208 276.23672 87.98029 -999.0 -999.0 -999.0 -999.0 -999.0 281.7255805487455 3.7190278032798467 281.7174857122122 3.756296606104537 59.28758521935818 158.57878515711906 -999.0 16600.0 -999.0 2 -999 {-999.0 -999.0 -999.0 -999.0 -999.0} "" -999.0 -999.0 -999.0 -999.0 -999 -999 "" "" "" "" 0 0 0.0 0.0 -999 ""
FIBERMAP 615 R-10C5 BOSS 1 1 0 1 0 0 -96.11916154997154 -209.99955176668777 143.1 -175.7202771480109 -149.89622041089484 276.23672 87.98029 281.722412109375 3.719984412240052 -999.0 -999.0 -999.0 281.72241375574873 3.7199868105536336 281.71427938084537 3.7573626979718435 59.289584150395605 158.58410341441513 5400.0 5400.0 2015.5 1 348 {-999.0 -999.0 -999.0 -999.0 -999.0} "" -999.0 -999.0 -999.0 -999.0 27021603150593446 852915184 "" ops_sky_boss_fallback ops_sky sky_boss 0 0 0.0 0.0 -999 ""
FIBERMAP 615 R-10C5 METROLOGY 0 0 0 1 0 0 -95.81545817579558 -209.31237136930739 143.1 -175.1550865519704 -149.40115007117507 276.23672 87.98029 -999.0 -999.0 -999.0 -999.0 -999.0 281.7249495085489 3.7222388520859053 281.71681973712293 3.7595881058387284 59.290921476763515 158.57803960748743 -999.0 6231.0 -999.0 -1 -999 {-999.0 -999.0 -999.0 -999.0 -999.0} "" -999.0 -999.0 -999.0 -999.0 -999 -999 "" "" "" "" 0 0 0.0 0.0 -999 ""
FIBERMAP 619 R+7C12 APOGEE 1 1 0 1 0 0 38.63876764116795 151.50783427640897 143.1 98.92997598015879 121.09503516338424 96.642494 88.53648 282.9749849262769 4.946996192792178 -2.6172771 -1.9911371 0.3516308 282.9749320165503 4.947018419825458 282.9635948600946 4.9872586039185185 60.04094278287727 155.4530919959753 16000.0 16600.0 2016.0 2 6 {-999.0 22.544615 18.811499 16.834507 -999.0} sdss_psfmag_ps1 20.341085 17.233824 15.746334 10.986 63050395645573402 1154124521 bright_1x1 mwm_galactic_core_dist_apogee_sparse mwm_galactic science 0 0 0.0 0.0 -999 ""
FIBERMAP 619 R+7C12 BOSS 0 0 0 1 0 0 39.373550910121395 151.5635367203246 143.1 99.61977699902715 120.83568395131984 96.642494 88.53648 -999.0 -999.0 -999.0 -999.0 -999.0 282.97815006915914 4.9457592011560285 282.9667743872386 4.986118159330608 60.03876394184876 155.4479530562447 -999.0 5400.0 -999.0 1 138 {-999.0 -999.0 -999.0 -999.0 -999.0} "" -999.0 -999.0 -999.0 -999.0 -999 -999 "" "" "" "" 0 0 0.0 0.0 -999 ""
FIBERMAP 619 R+7C12 METROLOGY 0 0 0 1 0 0 39.05652801197908 150.88264350489595 143.1 99.04515943277362 120.35193183948017 96.642494 88.53648 -999.0 -999.0 -999.0 -999.0 -999.0 282.9755129281515 4.943603857548877 282.96415470718165 4.983925226484023 60.037625486882206 155.45438661373868 -999.0 6231.0 -999.0 -1 -999 {-999.0 -999.0 -999.0 -999.0 -999.0} "" -999.0 -999.0 -999.0 -999.0 -999 -999 "" "" "" "" 0 0 0.0 0.0 -999 ""
FIBERMAP 623 R+6C11 APOGEE 0 0 0 1 0 0 -0.5336982590485662 134.49453511120598 143.1 56.23325982615625 122.18644113727926 127.1151 73.99824 -999.0 -999.0 -999.0 -999.0 -999.0 282.78030318321174 4.952917911810908 282.7689676612559 4.992657099353913 60.11352473119364 155.81368016493505 -999.0 16600.0 -999.0 2 -999 {-999.0 -999.0 -999.0 -999.0 -999.0} "" -999.0 -999.0 -999.0 -999.0 -999 -999 "" "" "" "" 0 0 0.0 0.0 -999 ""
FIBERMAP 623 R+6C11 BOSS 1 1 0 1 0 0 0.17690575815043158 134.7837552858228 143.1 56.999610740948896 122.14904336021706 127.1151 73.99824 282.783877494077 4.952662142231658 1.7209591 -1.26583 0.46181664 282.78386389366375 4.952674091863379 282.77248792397575 4.992532623009637 60.11219500523323 155.8071630834684 5400.0 5400.0 2016.0 1 136 {-999.0 18.860859 15.723305 14.190145 -999.0} sdss_psfmag_ps1 17.001116 14.636553 13.260319 9.229 63050395645720000 934473007 bright_1x1 openfibertargets_nov2020_34a open_fiber science 0 0 0.0 0.0 -999 ""
FIBERMAP 623 R+6C11 METROLOGY 0 0 0 1 0 0 0.06328353392835212 134.04701447551878 143.1 56.58588823047645 121.52887253660403 127.1151 73.99824 -999.0 -999.0 -999.0 -999.0 -999.0 282.7819557251038 4.949890803560291 282.7705985604423 4.9897137718396465 60.110201139132315 155.81266358880785 -999.0 6231.0 -999.0 -1 -999 {-999.0 -999.0 -999.0 -999.0 -999.0} "" -999.0 -999.0 -999.0 -999.0 -999 -999 "" "" "" "" 0 0 0.0 0.0 -999 ""
FIBERMAP 624 R-5C1 APOGEE 1 1 0 1 0 0 -217.59197573414522 -94.0532735063729 143.1 -236.97808678110826 6.471237899131818 44.59041 76.752525 281.445368476966 4.4291703348914 -2.7309194 -6.2750077 0.302099 281.44535890379586 4.429162734495459 281.43547887539245 4.465568457938739 60.0489708703 158.67733610924407 16000.0 16600.0 2016.0 2 241 {-999.0 16.498447 14.107332 12.275487 -999.0} sdss_psfmag_from_g3xp 15.257773 12.973441 11.614175 8.029 63050395645129754 1155904888 bright_1x1 mwm_galactic_core_dist_apogee_extra mwm_galactic science 0 0 0.0 0.0 -999 ""
FIBERMAP 624 R-5C1 BOSS 0 0 0 1 0 0 -217.18200145902574 -94.67255423746423 143.1 -236.86747155770897 5.736777323449309 44.59041 76.752525 -999.0 -999.0 -999.0 -999.0 -999.0 281.44585535567074 4.42572341402893 281.4359478629808 4.462243131957369 60.04566239221782 158.67848733475415 -999.0 5400.0 -999.0 1 498 {-999.0 -999.0 -999.0 -999.0 -999.0} "" -999.0 -999.0 -999.0 -999.0 -999 -999 "" "" "" "" 0 0 0.0 0.0 -999 ""
FIBERMAP 624 R-5C1 METROLOGY 0 0 0 1 0 0 -217.9177704885882 -94.7319397999364 143.1 -237.55971967215874 5.9932043378481525 44.59041 76.752525 -999.0 -999.0 -999.0 -999.0 -999.0 281.4427468455483 4.426919346063193 281.43284685501595 4.463399057181397 60.04771064059702 158.68367108686465 -999.0 6231.0 -999.0 -1 -999 {-999.0 -999.0 -999.0 -999.0 -999.0} "" -999.0 -999.0 -999.0 -999.0 -999 -999 "" "" "" "" 0 0 0.0 0.0 -999 ""
FIBERMAP 627 R+5C4 APOGEE 0 0 0 1 0 0 -180.78576634159762 111.37906946048814 143.1 -116.96958055588716 177.2385140252059 173.69879 65.44092 -999.0 -999.0 -999.0 -999.0 -999.0 281.9914596882171 5.203017733486955 281.97955306818113 5.240679638880931 60.61199352475725 157.14174574155737 -999.0 16600.0 -999.0 2 -999 {-999.0 -999.0 -999.0 -999.0 -999.0} "" -999.0 -999.0 -999.0 -999.0 -999 -999 "" "" "" "" 0 0 0.0 0.0 -999 ""
FIBERMAP 627 R+5C4 BOSS 1 1 0 1 0 0 -180.41205082347082 112.03614601056233 143.1 -116.35359703488163 177.67676122978514 173.69879 65.44092 281.9943237304687 5.204948224796254 -999.0 -999.0 -999.0 281.9942823722353 5.204928479059889 281.98233272758205 5.242705946601595 60.612999609364635 157.13506242743222 5400.0 5400.0 2015.5 1 37 {-999.0 -999.0 -999.0 -999.0 -999.0} "" -999.0 -999.0 -999.0 -999.0 27021603150621000 820735587 "" ops_sky_boss_good ops_sky sky_boss 0 0 0.0 0.0 -999 ""
FIBERMAP 627 R+5C4 METROLOGY 0 0 0 1 0 0 -180.0396816471456 111.38349768995862 143.1 -116.29115393005581 176.92790080995178 173.69879 65.44092 -999.0 -999.0 -999.0 -999.0 -999.0 281.99453946155364 5.201577955883924 281.98260910070763 5.239325950487428 60.60971641455197 157.13679243855836 -999.0 6231.0 -999.0 -1 -999 {-999.0 -999.0 -999.0 -999.0 -999.0} "" -999.0 -999.0 -999.0 -999.0 -999 -999 "" "" "" "" 0 0 0.0 0.0 -999 ""
FIBERMAP 630 R+11C4 APOGEE 1 1 0 1 0 0 -92.92521528016165 204.35100766299328 143.1 1.910372875161855 224.4952968294663 303.4393 125.66534 282.533458203127 5.415612917456945 -2.5243165 -4.0551953 0.009372707 282.53345839948463 5.415624161584304 282.5209639213305 5.45463893963041 60.632345495703376 155.96022573033073 16000.0 16600.0 2016.0 2 26 {-999.0 22.609777 18.898493 16.580969 -999.0} sdss_psfmag_ps1 20.013565 16.61492 15.083217 9.935 63050395645769079 1154126165 bright_1x1 mwm_galactic_core_dist_apogee_sparse mwm_galactic science 0 0 0.0 0.0 -999 ""
FIBERMAP 630 R+11C4 BOSS 0 0 0 1 0 0 -93.2032551673755 203.66157994052367 143.1 1.367506548039264 223.98736612625933 303.4393 125.66534 -999.0 -999.0 -999.0 -999.0 -999.0 282.5310205291002 5.4132836854348065 282.51849249729275 5.4524005849819375 60.63109028625189 155.96650639091405 -999.0 5400.0 -999.0 1 145 {-999.0 -999.0 -999.0 -999.0 -999.0} "" -999.0 -999.0 -999.0 -999.0 -999 -999 "" "" "" "" 0 0 0.0 0.0 -999 ""
FIBERMAP 630 R+11C4 METROLOGY 0 0 0 1 0 0 -93.66812191910398 204.23207971306255 143.1 1.1865428707159824 224.7007400163646 303.4393 125.66534 -999.0 -999.0 -999.0 -999.0 -999.0 282.530193209661 5.416507504678582 282.51766827615097 5.455591055411885 60.63436827976051 155.96583917704848 -999.0 6231.0 -999.0 -1 -999 {-999.0 -999.0 -999.0 -999.0 -999.0} "" -999.0 -999.0 -999.0 -999.0 -999 -999 "" "" "" "" 0 0 0.0 0.0 -999 ""
FIBERMAP 631 R-5C16 APOGEE 1 1 0 1 0 0 112.08262962047036 -92.68715397297021 143.1 62.55119399350589 -131.31588257678757 14.900299 124.66667 282.8056841311049 3.799928525124183 1.1967655 -1.9465977 0.54592866 282.805688789282 3.7999404722114063 282.797280737008 3.839973672127199 59.02016583615588 156.53658201396885 16000.0 16600.0 2016.0 2 202 {-999.0 21.527931 17.750406 15.672501 -999.0} sdss_psfmag_ps1 19.182003 16.160088 14.670201 9.996 63050395645495742 1154123020 bright_1x1 mwm_galactic_core_dist_apogee_sparse mwm_galactic science 0 0 0.0 0.0 -999 ""
FIBERMAP 631 R-5C16 BOSS 0 0 0 1 0 0 112.65661881457547 -93.16327717767481 143.1 62.870910522709785 -131.98969222634204 14.900299 124.66667 -999.0 -999.0 -999.0 -999.0 -999.0 282.8071963468401 3.7967174588644754 282.7987550731964 3.836870715154126 59.016749171722246 156.5359127948931 -999.0 5400.0 -999.0 1 304 {-999.0 -999.0 -999.0 -999.0 -999.0} "" -999.0 -999.0 -999.0 -999.0 -999 -999 "" "" "" "" 0 0 0.0 0.0 -999 ""
FIBERMAP 631 R-5C16 METROLOGY 0 0 0 1 0 0 111.96448299737955 -93.42597070902728 143.1 62.132493268397965 -131.93602790805036 14.900299 124.66667 -999.0 -999.0 -999.0 -999.0 -999.0 282.80381866832096 3.797007680109647 282.7953886902633 3.837119452673099 59.01811047767845 156.54189725852677 -999.0 6231.0 -999.0 -1 -999 {-999.0 -999.0 -999.0 -999.0 -999.0} "" -999.0 -999.0 -999.0 -999.0 -999 -999 "" "" "" "" 0 0 0.0 0.0 -999 ""
FIBERMAP 635 R+9C12 APOGEE 1 1 0 1 0 0 63.97894996215618 176.12533371675795 143.1 132.29014013119266 132.73238033130337 313.4694 159.64784 283.126676570792 4.998827546330357 -3.1224911 -2.5907762 0.06507539 283.1266733048083 4.998774913930298 283.1151916408338 5.039394431584264 60.036444567197385 155.13331817969365 16000.0 16600.0 2016.0 2 25 {-999.0 24.362413 20.026617 17.247301 -999.0} sdss_psfmag_ps1 21.797009 17.502539 15.713905 9.872 63050395645577379 1154124776 bright_1x1 mwm_galactic_core_dist_apogee_sparse mwm_galactic science 0 0 0.0 0.0 -999 ""
FIBERMAP 635 R+9C12 BOSS 0 0 0 1 0 0 64.27598308375062 175.44144904494078 143.1 132.27109495764125 131.98696409232826 313.4694 159.64784 -999.0 -999.0 -999.0 -999.0 -999.0 283.12666722919664 4.99533018964709 283.11515236002214 5.036060470104861 60.03334158788853 155.13576071529894 -999.0 5400.0 -999.0 1 140 {-999.0 -999.0 -999.0 -999.0 -999.0} "" -999.0 -999.0 -999.0 -999.0 -999 -999 "" "" "" "" 0 0 0.0 0.0 -999 ""
FIBERMAP 635 R+9C12 METROLOGY 0 0 0 1 0 0 63.53634459536979 175.5204147712702 143.1 131.6336816106012 132.37048161382097 313.4694 159.64784 -999.0 -999.0 -999.0 -999.0 -999.0 283.1237526035584 4.997109751525693 283.1122453567815 5.037800994393353 60.035996540389334 155.13994418092034 -999.0 6231.0 -999.0 -1 -999 {-999.0 -999.0 -999.0 -999.0 -999.0} "" -999.0 -999.0 -999.0 -999.0 -999 -999 "" "" "" "" 0 0 0.0 0.0 -999 ""
FIBERMAP 637 R-13C10 APOGEE 1 1 0 1 0 0 77.44632737412375 -257.7795055877851 143.1 -38.47797453080058 -266.4173988784266 62.300777 18.617924 282.34485898537446 3.193279247736876 -2.914558 -8.265815 0.4112596 282.34482854148655 3.1933291185463513 282.33800687954744 3.232299213262056 58.59591080230078 157.75689020339198 16000.0 16600.0 2016.0 2 181 {-999.0 23.870396 20.11137 16.521082 -999.0} sdss_psfmag_ps1 21.29995 16.544044 14.888472 8.901 63050395644099087 1154111321 bright_1x1 mwm_galactic_core_dist_apogee_sparse mwm_galactic science 0 0 0.0 0.0 -999 ""
FIBERMAP 637 R-13C10 BOSS 0 0 0 1 0 0 77.3021956251471 -258.5116173758376 143.1 -38.91741138243525 -267.02050597908044 62.300777 18.617924 -999.0 -999.0 -999.0 -999.0 -999.0 282.34287792772267 3.1905321072542576 282.3360237606099 3.229615945936712 58.593998687145806 157.76213317649274 -999.0 5400.0 -999.0 1 335 {-999.0 -999.0 -999.0 -999.0 -999.0} "" -999.0 -999.0 -999.0 -999.0 -999 -999 "" "" "" "" 0 0 0.0 0.0 -999 ""
FIBERMAP 637 R-13C10 METROLOGY 0 0 0 1 0 0 76.74194485414353 -258.0269358385709 143.1 -39.22106062781834 -266.34472910609685 62.300777 18.617924 -999.0 -999.0 -999.0 -999.0 -999.0 282.3414921750953 3.1935820730905613 282.33464169944875 3.232628217542815 58.59729366166996 157.76280059705567 -999.0 6231.0 -999.0 -1 -999 {-999.0 -999.0 -999.0 -999.0 -999.0} "" -999.0 -999.0 -999.0 -999.0 -999 -999 "" "" "" "" 0 0 0.0 0.0 -999 ""
FIBERMAP 640 R-5C17 APOGEE 0 0 0 1 0 0 114.18515346223049 -83.42336087194975 143.1 68.36439178246559 -123.80200369251675 145.18167 91.982544 -999.0 -999.0 -999.0 -999.0 -999.0 282.83231348233124 3.8339665859635588 282.82381649158305 3.8740613852735275 59.04337418492199 156.46585981965063 -999.0 16600.0 -999.0 2 -999 {-999.0 -999.0 -999.0 -999.0 -999.0} "" -999.0 -999.0 -999.0 -999.0 -999 -999 "" "" "" "" 0 0 0.0 0.0 -999 ""
FIBERMAP 640 R-5C17 BOSS 1 1 0 1 0 0 114.59405115622633 -82.77812087353698 143.1 69.00728740261212 -123.3893265789256 145.18167 91.982544 282.83529565048343 3.8356556523052836 2.691761 1.2814533 1.0359218 282.83531821452794 3.8356686068930665 282.82677527626697 3.8758861500439568 59.0440989140119 156.45926171029657 5400.0 5400.0 2016.0 1 300 {-999.0 18.174374 16.148605 14.964088 -999.0} sdss_psfmag_ps1 17.08479 15.449415 14.233104 11.657 63050395645495922 939263559 bright_1x1 openfibertargets_nov2020_34a open_fiber science 0 0 0.0 0.0 -999 ""
FIBERMAP 640 R-5C17 METROLOGY 0 0 0 1 0 0 114.93106792876623 -83.43990140170271 143.1 69.03382138064893 -124.13155986254469 145.18167 91.982544 -999.0 -999.0 -999.0 -999.0 -999.0 282.8354066739341 3.8323450120464257 282.8268838704446 3.8725307686196304 59.04090286262924 156.46125900715796 -999.0 6231.0 -999.0 -1 -999 {-999.0 -999.0 -999.0 -999.0 -999.0} "" -999.0 -999.0 -999.0 -999.0 -999 -999 "" "" "" "" 0 0 0.0 0.0 -999 ""
FIBERMAP 641 R-8C16 APOGEE 0 0 0 1 0 0 120.73112701095323 -152.21066501557277 143.1 45.29230929269329 -188.93969707623882 173.69957 110.41463 -999.0 -999.0 -999.0 -999.0 -999.0 282.725974340536 3.5395591942217313 282.71823470105454 3.579439910045665 58.8008372521589 156.84881640353026 -999.0 16600.0 -999.0 2 -999 {-999.0 -999.0 -999.0 -999.0 -999.0} "" -999.0 -999.0 -999.0 -999.0 -999 -999 "" "" "" "" 0 0 0.0 0.0 -999 ""
FIBERMAP 641 R-8C16 BOSS 1 1 0 1 0 0 120.53882832068919 -151.47744316219334 143.1 45.427134809687644 -188.19370843948337 173.69957 110.41463 282.72662818678185 3.5427640929838535 6.0375495 -6.8261976 0.6201449 282.72665538167274 3.542753201925168 282.71886651874934 3.5827517189555818 58.80375317175114 156.84554979825782 5400.0 5400.0 2016.0 1 307 {-999.0 20.986937 18.160065 16.713947 -999.0} sdss_psfmag_ps1 19.363354 17.30325 15.977739 12.458 63050395645272562 939261028 bright_1x1 openfibertargets_nov2020_34a open_fiber science 0 0 0.0 0.0 -999 ""
FIBERMAP 641 R-8C16 METROLOGY 0 0 0 1 0 0 121.25907165887328 -151.6834682503661 143.1 45.99337862153475 -188.6842659655941 173.69957 110.41463 -999.0 -999.0 -999.0 -999.0 -999.0 282.72920566682376 3.540582784216241 282.72143367574796 3.5805552355354315 58.80083187233485 156.84228776159756 -999.0 6231.0 -999.0 -1 -999 {-999.0 -999.0 -999.0 -999.0 -999.0} "" -999.0 -999.0 -999.0 -999.0 -999 -999 "" "" "" "" 0 0 0.0 0.0 -999 ""
FIBERMAP 647 R-6C1 APOGEE 1 0 1 1 0 0 -223.54822551730516 -108.76939911815614 143.1 -248.5851771471172 -4.361744935905979 9.415645 170.39424 281.3155868513867 4.2783340520800195 0.86209714 -3.532993 0.1256772 281.39325353344026 4.380151627196905 281.3835036498661 4.4164325837317495 60.01803498433058 158.8061916777478 16000.0 16600.0 2016.0 2 261 {-999.0 17.659855 15.340866 14.086427 -999.0} sdss_psfmag_ps1 16.422678 14.553846 13.278579 9.914 63050395645115708 1154116587 bright_1x1 mwm_galactic_core_dist_apogee_sparse mwm_galactic science 0 0 0.0 0.0 -999 ""
FIBERMAP 647 R-6C1 BOSS 0 0 1 1 0 0 -222.81052035312 -108.72999676520787 143.1 -247.89960037088127 -4.63710946276081 9.415645 170.39424 -999.0 -999.0 -999.0 -999.0 -999.0 281.3963362815971 4.3787880098094885 281.38655354594937 4.4151894235787905 60.015923763677506 158.80115523969604 -999.0 5400.0 -999.0 1 499 {-999.0 -999.0 -999.0 -999.0 -999.0} "" -999.0 -999.0 -999.0 -999.0 -999 -999 "" "" "" "" 0 0 0.0 0.0 -999 ""
FIBERMAP 647 R-6C1 METROLOGY 0 0 1 1 0 0 -223.11199107755345 -109.40747276036029 143.1 -248.4586739615417 -5.124321248506372 9.415645 170.39424 -999.0 -999.0 -999.0 -999.0 -999.0 281.39382604841364 4.376617204457614 281.3840593186828 4.412980769078103 60.01457860714177 158.80724180390126 -999.0 6231.0 -999.0 -1 -999 {-999.0 -999.0 -999.0 -999.0 -999.0} "" -999.0 -999.0 -999.0 -999.0 -999 -999 "" "" "" "" 0 0 0.0 0.0 -999 ""
FIBERMAP 648 R+10C6 APOGEE 0 0 0 1 0 0 -63.68274016933209 205.09745802338253 143.1 28.742609022742446 212.84044479947238 61.677444 127.15473 -999.0 -999.0 -999.0 -999.0 -999.0 282.65555561648875 5.362894924642262 282.6431857890749 5.402233668206281 60.541138232861385 155.7645779904875 -999.0 16600.0 -999.0 2 -999 {-999.0 -999.0 -999.0 -999.0 -999.0} "" -999.0 -999.0 -999.0 -999.0 -999 -999 "" "" "" "" 0 0 0.0 0.0 -999 ""
FIBERMAP 648 R+10C6 BOSS 1 1 0 1 0 0 -62.915572396349965 205.20783706180703 143.1 29.4848342042417 212.6170182707331 61.677444 127.15473 282.65899658203125 5.361816610139783 -999.0 -999.0 -999.0 282.6589806910828 5.3618125905039316 282.64657315472346 5.401268565444919 60.53906365688813 155.75882694161214 5400.0 5400.0 2015.5 1 119 {-999.0 -999.0 -999.0 -999.0 -999.0} "" -999.0 -999.0 -999.0 -999.0 27021603150621454 820735937 "" ops_sky_boss_good ops_sky sky_boss 0 0 0.0 0.0 -999 ""
FIBERMAP 648 R+10C6 METROLOGY 0 0 0 1 0 0 -63.210900821320195 204.5195050753154 143.1 28.92675248738004 212.11737188436723 61.677444 127.15473 -999.0 -999.0 -999.0 -999.0 -999.0 282.6564230664983 5.359600156094066 282.6440327770074 5.399019327086252 60.53783091252046 155.76523575403786 -999.0 6231.0 -999.0 -1 -999 {-999.0 -999.0 -999.0 -999.0 -999.0} "" -999.0 -999.0 -999.0 -999.0 -999 -999 "" "" "" "" 0 0 0.0 0.0 -999 ""
FIBERMAP 650 R-2C1 APOGEE 1 1 0 1 0 0 -281.75199090212027 -44.22161488624892 143.1 -274.14487903614327 78.71592553970049 209.44801 110.44123 281.28021240234375 4.755627445620249 -999.0 -999.0 -999.0 281.2802140088293 4.755642440508193 281.2695139331644 4.791558451554574 60.40994115160907 158.79364215066167 16000.0 16600.0 2015.5 2 275 {-999.0 -999.0 -999.0 -999.0 -999.0} "" -999.0 -999.0 -999.0 -999.0 27021603150620543 848238003 "" ops_sky_apogee_best ops_sky sky_apogee 0 0 0.0 0.0 -999 ""
FIBERMAP 650 R-2C1 BOSS 0 0 0 1 0 0 -282.33072333427623 -43.74749158240312 143.1 -274.46974016597756 79.38992190787181 209.44801 110.44123 -999.0 -999.0 -999.0 -999.0 -999.0 281.2788317627807 4.7585628986648585 281.26808881190857 4.794585215532115 60.413256943804406 158.79450997269194 -999.0 5400.0 -999.0 1 426 {-999.0 -999.0 -999.0 -999.0 -999.0} "" -999.0 -999.0 -999.0 -999.0 -999 -999 "" "" "" "" 0 0 0.0 0.0 -999 ""
FIBERMAP 650 R-2C1 METROLOGY 0 0 0 1 0 0 -281.63646270413403 -43.48414739392994 143.1 -273.7291217175533 79.33595156633582 209.44801 110.44123 -999.0 -999.0 -999.0 -999.0 -999.0 281.2821203424644 4.758364537464949 281.2713876618994 4.794364079710076 60.41204285016221 158.78830665956139 -999.0 6231.0 -999.0 -1 -999 {-999.0 -999.0 -999.0 -999.0 -999.0} "" -999.0 -999.0 -999.0 -999.0 -999 -999 "" "" "" "" 0 0 0.0 0.0 -999 ""
FIBERMAP 654 R+12C14 APOGEE 1 1 0 1 0 0 144.53202745901916 216.27404651633623 143.1 222.26768307897308 135.16999118478398 348.16495 61.80227 283.533293341373 5.006216327993234 -2.52072 -5.090658 -0.1579085 283.53331024083417 5.006212130350205 283.5217754226307 5.047873056475246 59.89852876321914 154.3722626728884 16000.0 16600.0 2016.0 2 91 {-999.0 23.957108 27.154243 16.936338 -999.0} sdss_psfmag_gaia 21.201605 16.877247 15.209951 9.09 63050395645575843 1154780866 bright_1x1 mwm_galactic_core_dist_apogee_sparse mwm_galactic science 0 0 0.0 0.0 -999 ""
FIBERMAP 654 R+12C14 BOSS 0 0 0 1 0 0 144.0461629515075 215.7136367046004 143.1 221.59076640481547 134.8666965854982 348.16495 61.80227 -999.0 -999.0 -999.0 -999.0 -999.0 283.53032774033875 5.0047744150507265 283.51875342892254 5.046538220653953 59.89838502687637 154.37882217963292 -999.0 5400.0 -999.0 1 89 {-999.0 -999.0 -999.0 -999.0 -999.0} "" -999.0 -999.0 -999.0 -999.0 -999 -999 "" "" "" "" 0 0 0.0 0.0 -999 ""
FIBERMAP 654 R+12C14 METROLOGY 0 0 0 1 0 0 143.79231254937 216.41967987578337 143.1 221.65831460865388 135.61399600219647 348.16495 61.80227 -999.0 -999.0 -999.0 -999.0 -999.0 283.5306059013614 5.008167988521915 283.5190352523947 5.049900586622103 59.90141287012557 154.3758535889648 -999.0 6231.0 -999.0 -1 -999 {-999.0 -999.0 -999.0 -999.0 -999.0} "" -999.0 -999.0 -999.0 -999.0 -999 -999 "" "" "" "" 0 0 0.0 0.0 -999 ""
FIBERMAP 660 R+8C18 APOGEE 0 0 0 1 0 0 181.6366316156821 172.59443447669747 143.1 237.49463832396071 79.91350224990772 114.96249 79.5521 -999.0 -999.0 -999.0 -999.0 -999.0 283.6020307006806 4.756095435967737 283.59112430471095 4.797981884913282 59.640650402611215 154.42549098868597 -999.0 16600.0 -999.0 2 -999 {-999.0 -999.0 -999.0 -999.0 -999.0} "" -999.0 -999.0 -999.0 -999.0 -999 -999 "" "" "" "" 0 0 0.0 0.0 -999 ""
FIBERMAP 660 R+8C18 BOSS 1 1 0 1 0 0 182.36746746004624 172.79099720194222 143.1 238.24026146841663 79.78354961035888 114.96249 79.5521 283.60543774442687 4.755366164787081 0.066313446 1.3981013 0.99411625 283.6054390335636 4.755375174578287 283.5944904197321 4.797381926561447 59.63886966194964 154.41974300342622 5400.0 5400.0 2016.0 1 239 {-999.0 19.27119 17.106155 16.036432 -999.0} sdss_psfmag_ps1 18.195934 16.62884 15.4389715 12.787 63050395645561120 939264443 bright_1x1 openfibertargets_nov2020_34a open_fiber science 0 0 0.0 0.0 -999 ""
FIBERMAP 660 R+8C18 METROLOGY 0 0 0 1 0 0 182.16327972840213 172.0659425222836 143.1 237.7493411067377 79.21216798682553 114.96249 79.5521 -999.0 -999.0 -999.0 -999.0 -999.0 283.6032198327925 4.752840128734723 283.5922902393151 4.79481012620338 59.63727333702809 154.4256361127972 -999.0 6231.0 -999.0 -1 -999 {-999.0 -999.0 -999.0 -999.0 -999.0} "" -999.0 -999.0 -999.0 -999.0 -999 -999 "" "" "" "" 0 0 0.0 0.0 -999 ""
FIBERMAP 661 R-11C8 APOGEE 1 1 0 1 0 0 -4.9545784142334 -219.7088346410018 143.1 -97.14552674423413 -197.1454236076197 271.09973 153.47368 282.0785813956421 3.5048864347027386 -1.6302105 -5.792269 1.0155283 282.07858124384563 3.5048621789524823 282.0709958110957 3.5430836227824094 58.975135209399184 158.05471398442617 16000.0 16600.0 2016.0 2 158 {-999.0 15.455511 12.842929 11.291374 -999.0} sdss_psfmag_from_g3xp 14.040602 11.96851 10.658528 7.243 63050395644706142 1152339191 bright_1x1 mwm_galactic_core_dist_apogee_sparse mwm_galactic science 0 0 0.0 0.0 -999 ""
FIBERMAP 661 R-11C8 BOSS 0 0 0 1 0 0 -5.244852509499212 -220.3959301900425 143.1 -97.69850371605402 -197.64608022043922 271.09973 153.47368 -999.0 -999.0 -999.0 -999.0 -999.0 282.07609915319017 3.5024723874674044 282.0684813068835 3.540804526305816 58.97376209137029 158.0607276884388 -999.0 5400.0 -999.0 1 360 {-999.0 -999.0 -999.0 -999.0 -999.0} "" -999.0 -999.0 -999.0 -999.0 -999 -999 "" "" "" "" 0 0 0.0 0.0 -999 ""
FIBERMAP 661 R-11C8 METROLOGY 0 0 0 1 0 0 -5.696259127567033 -219.7958366410722 143.1 -97.8547816818752 -196.9115465389348 271.09973 153.47368 -999.0 -999.0 -999.0 -999.0 -999.0 282.0753764380097 3.5058206263918223 282.0677611337024 3.5441171727100613 58.977132601425495 158.06002824639614 -999.0 6231.0 -999.0 -1 -999 {-999.0 -999.0 -999.0 -999.0 -999.0} "" -999.0 -999.0 -999.0 -999.0 -999 -999 "" "" "" "" 0 0 0.0 0.0 -999 ""
FIBERMAP 663 R0C1 APOGEE 1 1 0 1 0 0 -275.5577949366317 -14.818492872343077 143.1 -256.12841365470837 102.76692246072784 22.710907 33.200127 281.36126960384655 4.8644946802015685 -3.3629541 -5.0274262 -0.044148196 281.36130671886156 4.8645019711760416 281.35032068499197 4.900605968929843 60.48902769506557 158.5704219338104 16000.0 16600.0 2016.0 2 277 {-999.0 19.408434 16.887846 15.047797 -999.0} sdss_psfmag_ps1 18.097584 15.643085 14.248858 10.49 63050395645677855 1156795831 bright_1x1 mwm_galactic_core_dist_apogee_extra mwm_galactic science 0 0 0.0 0.0 -999 ""
FIBERMAP 663 R0C1 BOSS 0 0 0 1 0 0 -275.96003288844224 -15.44302205918916 143.1 -256.7565362502776 102.37021772108072 22.710907 33.200127 -999.0 -999.0 -999.0 -999.0 -999.0 281.35852520817065 4.862587590082175 281.34750855077766 4.8987947773573755 60.48816855522547 158.5769663767649 -999.0 5400.0 -999.0 1 424 {-999.0 -999.0 -999.0 -999.0 -999.0} "" -999.0 -999.0 -999.0 -999.0 -999 -999 "" "" "" "" 0 0 0.0 0.0 -999 ""
FIBERMAP 663 R0C1 METROLOGY 0 0 0 1 0 0 -276.3138604613195 -14.787490184771814 143.1 -256.8009495767453 103.11387386933006 22.710907 33.200127 -999.0 -999.0 -999.0 -999.0 -999.0 281.3583417472313 4.865970565507789 281.34732658325873 4.902145441199728 60.491411926624494 158.5752195650374 -999.0 6231.0 -999.0 -1 -999 {-999.0 -999.0 -999.0 -999.0 -999.0} "" -999.0 -999.0 -999.0 -999.0 -999 -999 "" "" "" "" 0 0 0.0 0.0 -999 ""
FIBERMAP 664 R+7C5 APOGEE 1 1 0 1 0 0 -127.16076192789974 144.24349319016068 143.1 -54.48259348516061 184.42638208370965 74.3285 149.92781 282.2759655062944 5.235775259109777 -2.4007707 -5.570652 -0.18206906 282.27592920159117 5.2357536743467215 282.2639151093684 5.274141206718965 60.54958554077649 156.5753250041294 16000.0 16600.0 2016.0 2 117 {-999.0 22.163141 18.958723 16.502342 -999.0} sdss_psfmag_ps1 20.141212 16.917877 15.398309 10.752 63050395645765080 1154126078 bright_1x1 mwm_galactic_core_dist_apogee_sparse mwm_galactic science 0 0 0.0 0.0 -999 ""
FIBERMAP 664 R+7C5 BOSS 0 0 0 1 0 0 -126.62530253505847 144.75461791490721 143.1 -53.78148737329569 184.6640698439767 74.3285 149.92781 -999.0 -999.0 -999.0 -999.0 -999.0 282.27915205071315 5.236766075563211 282.26709621106505 5.275270336315256 60.54958557743924 156.56848533963876 -999.0 5400.0 -999.0 1 56 {-999.0 -999.0 -999.0 -999.0 -999.0} "" -999.0 -999.0 -999.0 -999.0 -999 -999 "" "" "" "" 0 0 0.0 0.0 -999 ""
FIBERMAP 664 R+7C5 METROLOGY 0 0 0 1 0 0 -126.44729540650141 144.03290856519413 143.1 -53.92441776453794 183.93454773881535 74.3285 149.92781 -999.0 -999.0 -999.0 -999.0 -999.0 282.27847871620764 5.2334982524022475 282.26644230088243 5.271970639772273 60.54669609400398 156.57198610493515 -999.0 6231.0 -999.0 -1 -999 {-999.0 -999.0 -999.0 -999.0 -999.0} "" -999.0 -999.0 -999.0 -999.0 -999 -999 "" "" "" "" 0 0 0.0 0.0 -999 ""
FIBERMAP 665 R-5C18 APOGEE 1 1 0 1 0 0 126.08996449907427 -99.65612284688733 143.1 72.31436600257062 -143.54241797724296 234.36913 60.523937 282.8498840332031 3.7445158382100487 -999.0 -999.0 -999.0 282.849865935976 3.74450996012092 282.8415940964549 3.784667859242669 58.953222650667016 156.4918018290561 16000.0 16600.0 2015.5 2 220 {-999.0 -999.0 -999.0 -999.0 -999.0} "" -999.0 -999.0 -999.0 -999.0 27021603150603706 849031194 "" ops_sky_apogee_good ops_sky sky_apogee 0 0 0.0 0.0 -999 ""
FIBERMAP 665 R-5C18 BOSS 0 0 0 1 0 0 125.75915094361918 -98.99487716790956 143.1 72.29323163230318 -142.80328563893613 234.36913 60.523937 -999.0 -999.0 -999.0 -999.0 -999.0 282.8498533714353 3.7476888792799605 282.84153205290903 3.787961889285181 58.95634579695047 156.48976773622627 -999.0 5400.0 -999.0 1 292 {-999.0 -999.0 -999.0 -999.0 -999.0} "" -999.0 -999.0 -999.0 -999.0 -999 -999 "" "" "" "" 0 0 0.0 0.0 -999 ""
FIBERMAP 665 R-5C18 METROLOGY 0 0 0 1 0 0 126.50781234777796 -99.04627497667808 143.1 72.95045264658263 -143.16560924017682 234.36913 60.523937 -999.0 -999.0 -999.0 -999.0 -999.0 282.85281901215535 3.74608850006929 282.8445131870491 3.786336649148633 58.953815087444426 156.48539500300004 -999.0 6231.0 -999.0 -1 -999 {-999.0 -999.0 -999.0 -999.0 -999.0} "" -999.0 -999.0 -999.0 -999.0 -999 -999 "" "" "" "" 0 0 0.0 0.0 -999 ""
FIBERMAP 667 R0C9 APOGEE 1 1 0 1 0 0 -107.56084845003618 -20.97219283341726 143.1 -106.38167380692353 26.341257985157643 345.97357 36.854706 282.0368576778812 4.518831117331877 -1.8594127 -4.525522 0.1590354 282.03682465554795 4.518824242955274 282.0266611096764 4.556736492345728 59.94999815079504 157.5011567925794 16000.0 16600.0 2016.0 2 246 {-999.0 19.906916 16.771257 15.180481 -999.0} sdss_psfmag_ps1 18.08599 15.665201 14.277641 10.162 63050395645594451 1154124753 bright_1x1 mwm_galactic_core_dist_apogee_sparse mwm_galactic science 0 0 0.0 0.0 -999 ""
FIBERMAP 667 R0C9 BOSS 0 0 0 1 0 0 -108.23730020888895 -21.277561525556433 143.1 -107.1238649492322 26.349609847988358 345.97357 36.854706 -999.0 -999.0 -999.0 -999.0 -999.0 282.03343146308896 4.518767418050263 282.0232301201581 4.556782780339298 59.951145821258294 157.5075915215384 -999.0 5400.0 -999.0 1 492 {-999.0 -999.0 -999.0 -999.0 -999.0} "" -999.0 -999.0 -999.0 -999.0 -999 -999 "" "" "" "" 0 0 0.0 0.0 -999 ""
FIBERMAP 667 R0C9 METROLOGY 0 0 0 1 0 0 -108.16687999832712 -20.535343436568336 143.1 -106.74700877709505 26.99296610992945 345.97357 36.854706 -999.0 -999.0 -999.0 -999.0 -999.0 282.03515403303226 4.521722271673511 282.0249558328793 4.5597097849996935 59.953360988778215 157.50245319464048 -999.0 6231.0 -999.0 -1 -999 {-999.0 -999.0 -999.0 -999.0 -999.0} "" -999.0 -999.0 -999.0 -999.0 -999 -999 "" "" "" "" 0 0 0.0 0.0 -999 ""
FIBERMAP 669 R+3C3 APOGEE 1 1 0 1 0 0 -200.68820582591482 75.30256331519305 143.1 -150.23106745368702 152.91686226805905 118.509285 37.51895 281.8399154210933 5.092844702059841 -2.6645284 -5.327341 -0.11186665 281.8398585929004 5.09288731611894 281.82824643670654 5.130180242267481 60.55656334240513 157.5050820327516 16000.0 16600.0 2016.0 2 107 {-999.0 21.49568 18.326254 15.7638445 -999.0} sdss_psfmag_ps1 19.744577 16.222507 14.680927 10.026 63050395645707491 1154125487 bright_1x1 mwm_galactic_core_dist_apogee_sparse mwm_galactic science 0 0 0.0 0.0 -999 ""
FIBERMAP 669 R+3C3 BOSS 0 0 0 1 0 0 -200.0207216683721 74.98388271618202 143.1 -149.76017391157168 152.34639616463124 118.509285 37.51895 -999.0 -999.0 -999.0 -999.0 -999.0 281.84198217344476 5.090241792351122 281.8303391989777 5.127649831821627 60.553495269948286 157.50273202951269 -999.0 5400.0 -999.0 1 59 {-999.0 -999.0 -999.0 -999.0 -999.0} "" -999.0 -999.0 -999.0 -999.0 -999 -999 "" "" "" "" 0 0 0.0 0.0 -999 ""
FIBERMAP 669 R+3C3 METROLOGY 0 0 0 1 0 0 -200.62533526022173 74.552201174887 143.1 -150.49048823242504 152.20991128415778 118.509285 37.51895 -999.0 -999.0 -999.0 -999.0 -999.0 281.8386642889764 5.089639470742632 281.8270337464029 5.127008156788175 60.55395138208452 157.50949153059983 -999.0 6231.0 -999.0 -1 -999 {-999.0 -999.0 -999.0 -999.0 -999.0} "" -999.0 -999.0 -999.0 -999.0 -999 -999 "" "" "" "" 0 0 0.0 0.0 -999 ""
FIBERMAP 671 R+1C15 APOGEE 0 0 0 1 0 0 35.03376465717919 11.649318750307199 143.1 36.681662958317276 -4.2102151591022805 207.03311 169.83748 -999.0 -999.0 -999.0 -999.0 -999.0 282.68970377773167 4.378220774581888 282.6798383004954 4.417840422710117 59.60372398971289 156.37134680220814 -999.0 16600.0 -999.0 2 -999 {-999.0 -999.0 -999.0 -999.0 -999.0} "" -999.0 -999.0 -999.0 -999.0 -999 -999 "" "" "" "" 0 0 0.0 0.0 -999 ""
FIBERMAP 671 R+1C15 BOSS 1 1 0 1 0 0 34.304843668377565 11.410429908024039 143.1 35.919927029427704 -4.119451894862244 207.03311 169.83748 282.6862525408924 4.378553495424456 0.49827677 -4.488842 0.6774453 282.6862863757059 4.378528599346775 282.6763798201926 4.418252163352427 59.605276972510055 156.37748576017194 5400.0 5400.0 2016.0 1 189 {-999.0 18.495274 16.792364 15.637555 -999.0} sdss_psfmag_ps1 17.666088 16.249094 14.9527855 12.234 63050395645537150 917203457 bright_4x1 mwm_yso_pms_boss_sagitta_edr3 mwm_yso science 0 0 0.0 0.0 -999 ""
FIBERMAP 671 R+1C15 METROLOGY 0 0 0 1 0 0 34.47286691996217 12.141310324316994 143.1 36.380509725897625 -3.5275366207472163 207.03311 169.83748 -999.0 -999.0 -999.0 -999.0 -999.0 282.6883826404565 4.381252021019825 282.67848047212937 4.420948469691115 59.607106705420705 156.3717884937988 -999.0 6231.0 -999.0 -1 -999 {-999.0 -999.0 -999.0 -999.0 -999.0} "" -999.0 -999.0 -999.0 -999.0 -999 -999 "" "" "" "" 0 0 0.0 0.0 -999 ""
FIBERMAP 673 R-11C1 APOGEE 1 1 0 1 0 0 -174.60860314848026 -196.7873633558719 143.1 -241.32384776179555 -104.81572735604782 146.7689 76.36415 281.42665543736354 3.9256873579637515 -6.251182 -5.198941 0.1951217 281.4266130728072 3.9256616247063665 281.4180209285843 3.962118296259946 59.5746884725374 159.01496466278525 16000.0 16600.0 2016.0 2 271 {-999.0 18.19199 15.372135 13.945458 -999.0} sdss_psfmag_ps1 16.60621 14.302247 12.937388 9.049 63050395644978078 1154116348 bright_1x1 mwm_galactic_core_dist_apogee_sparse mwm_galactic science 0 0 0.0 0.0 -999 ""
FIBERMAP 673 R-11C1 BOSS 0 0 0 1 0 0 -174.06952854562266 -196.2691309420899 143.1 -240.6164659720041 -104.57311880948376 146.7689 76.36415 -999.0 -999.0 -999.0 -999.0 -999.0 281.4298004439726 3.9266160659546694 281.4211692420386 3.9631951281594238 59.57476683234928 159.008410081977 -999.0 5400.0 -999.0 1 421 {-999.0 -999.0 -999.0 -999.0 -999.0} "" -999.0 -999.0 -999.0 -999.0 -999 -999 "" "" "" "" 0 0 0.0 0.0 -999 ""
FIBERMAP 673 R-11C1 METROLOGY 0 0 0 1 0 0 -173.8874175748731 -196.9964892655828 143.1 -240.75805715543254 -105.30949409391107 146.7689 76.36415 -999.0 -999.0 -999.0 -999.0 -999.0 281.4291752556986 3.923331101518916 281.4205627906076 3.959876805427003 59.571786043535326 159.01152729266641 -999.0 6231.0 -999.0 -1 -999 {-999.0 -999.0 -999.0 -999.0 -999.0} "" -999.0 -999.0 -999.0 -999.0 -999 -999 "" "" "" "" 0 0 0.0 0.0 -999 ""
FIBERMAP 674 R+4C1 APOGEE 1 1 0 1 0 0 -258.32474320359756 63.51747244874623 143.1 -207.46647188866947 166.53569447248285 264.93704 75.96515 281.58184766488506 5.1530682423186045 -0.45422795 -14.846691 3.5470521 281.5818508403562 5.152991207127689 281.57010695780247 5.189607830111589 60.69511591318655 157.9629136419757 16000.0 16600.0 2016.0 2 144 {-999.0 7.9265027 8.04725 8.15427 -999.0} sdss_psfmag_from_g3xp 8.028775 7.9670243 7.8321123 7.616 63050395648634935 975057377 "" ops_std_apogee ops_std standard_apogee 0 0 0.0 0.0 -999 ""
FIBERMAP 674 R+4C1 BOSS 0 0 0 1 0 0 -259.016805427525 63.76267808434703 143.1 -207.99063801019176 167.04989726372764 264.93704 75.96515 -999.0 -999.0 -999.0 -999.0 -999.0 281.57954480778426 5.155182629591987 281.56775904925377 5.191901619143344 60.69803229453346 157.96596046605077 -999.0 5400.0 -999.0 1 2 {-999.0 -999.0 -999.0 -999.0 -999.0} "" -999.0 -999.0 -999.0 -999.0 -999 -999 "" "" "" "" 0 0 0.0 0.0 -999 ""
FIBERMAP 674 R+4C1 METROLOGY 0 0 0 1 0 0 -258.44902070016644 64.2534015670598 143.1 -207.26882220562163 167.2554531101059 264.93704 75.96515 -999.0 -999.0 -999.0 -999.0 -999.0 281.58279177557847 5.156156886834511 281.5710135701284 5.192853239128553 60.69790806228014 157.95906303890723 -999.0 6231.0 -999.0 -1 -999 {-999.0 -999.0 -999.0 -999.0 -999.0} "" -999.0 -999.0 -999.0 -999.0 -999 -999 "" "" "" "" 0 0 0.0 0.0 -999 ""
FIBERMAP 675 R-1C20 APOGEE 1 1 0 1 0 0 158.9738683937423 -26.49381567868212 143.1 132.98693668504055 -91.06525245310307 348.01492 100.309555 283.12698385355765 3.98215780536667 -3.1226256 -7.2185364 -0.0006135283 283.126977041044 3.9821531326010318 283.11807562440947 4.022975182271596 59.083314585024404 155.83029116030013 16000.0 16600.0 2016.0 2 227 {-999.0 23.343845 19.289557 16.820883 -999.0} sdss_psfmag_ps1 20.987144 16.99333 15.390324 9.911 63050395645287990 1154119362 bright_1x1 mwm_galactic_core_dist_apogee_sparse mwm_galactic science 0 0 0.0 0.0 -999 ""
FIBERMAP 675 R-1C20 BOSS 0 0 0 1 0 0 158.98488177918802 -27.241428994251542 143.1 132.6816503445458 -91.74784225556058 348.01492 100.309555 -999.0 -999.0 -999.0 -999.0 -999.0 283.12566248715797 3.9789095658837654 283.11672709816247 4.019843710967339 59.08083974925519 155.83485172603554 -999.0 5400.0 -999.0 1 271 {-999.0 -999.0 -999.0 -999.0 -999.0} "" -999.0 -999.0 -999.0 -999.0 -999 -999 "" "" "" "" 0 0 0.0 0.0 -999 ""
FIBERMAP 675 R-1C20 METROLOGY 0 0 0 1 0 0 158.3226114532043 -26.866198001804136 143.1 132.2393324424854 -91.128294233679 348.01492 100.309555 -999.0 -999.0 -999.0 -999.0 -999.0 283.12364949204374 3.9817615921191574 283.11471906818144 4.022657446819215 59.08417185979086 155.83662112462127 -999.0 6231.0 -999.0 -1 -999 {-999.0 -999.0 -999.0 -999.0 -999.0} "" -999.0 -999.0 -999.0 -999.0 -999 -999 "" "" "" "" 0 0 0.0 0.0 -999 ""
FIBERMAP 676 R-9C12 APOGEE 1 1 0 1 0 0 61.3998344184832 -166.4719749999441 143.1 -14.524158786480157 -176.85164292028213 30.919918 141.21576 282.4540087881865 3.594667512517159 -4.0680704 -4.7455826 -0.14493623 282.4540217702471 3.594649388988486 282.44616993558094 3.6338194198648153 58.94130302190095 157.31045045594377 16000.0 16600.0 2016.0 2 152 {-999.0 23.018269 19.419024 16.375317 -999.0} sdss_psfmag_ps1 20.91601 16.078835 14.3883505 8.618 63050395644703786 1154114980 bright_1x1 mwm_galactic_core_dist_apogee_sparse mwm_galactic science 0 0 0.0 0.0 -999 ""
FIBERMAP 676 R-9C12 BOSS 0 0 0 1 0 0 62.145217492534904 -166.574335620324 143.1 -13.89140195483802 -177.25879776240387 30.919918 141.21576 -999.0 -999.0 -999.0 -999.0 -999.0 282.456933125761 3.5926311375564945 282.4490460497267 3.631925409466494 58.93857888106373 157.306382423238 -999.0 5400.0 -999.0 1 368 {-999.0 -999.0 -999.0 -999.0 -999.0} "" -999.0 -999.0 -999.0 -999.0 -999 -999 "" "" "" "" 0 0 0.0 0.0 -999 ""
FIBERMAP 676 R-9C12 METROLOGY 0 0 0 1 0 0 61.68720998395759 -167.1683581592306 143.1 -14.557232250171374 -177.60432029418783 30.919918 141.21576 -999.0 -999.0 -999.0 -999.0 -999.0 282.45388940012623 3.5911243253077263 282.44601782205655 3.6303781018302095 58.93809785149683 157.31289644210125 -999.0 6231.0 -999.0 -1 -999 {-999.0 -999.0 -999.0 -999.0 -999.0} "" -999.0 -999.0 -999.0 -999.0 -999 -999 "" "" "" "" 0 0 0.0 0.0 -999 ""
FIBERMAP 677 R-11C3 APOGEE 1 1 0 1 0 0 -108.6262731912635 -214.11414808086136 143.1 -188.79703926159524 -148.35305865152313 9.34076 105.30474 281.66342833153664 3.7275116209275656 -3.4531581 -7.0544143 0.018588884 281.6634247008206 3.727521148891342 281.65531445098924 3.764627999266857 59.31456055554743 158.68942280412244 16000.0 16600.0 2016.0 2 206 {-999.0 22.250801 18.799149 16.534864 -999.0} sdss_psfmag_ps1 20.1119 16.882587 15.364816 10.739 63050395644728613 1154115423 bright_1x1 mwm_galactic_core_dist_apogee_sparse mwm_galactic science 0 0 0.0 0.0 -999 ""
FIBERMAP 677 R-11C3 BOSS 0 0 0 1 0 0 -108.28700162019223 -214.77201778850664 143.1 -188.76681138463434 -149.09269641598644 9.34076 105.30474 -999.0 -999.0 -999.0 -999.0 -999.0 281.66359054885095 3.7240523071959695 281.6554519218441 3.7612756754449888 59.311327291914374 158.6911785564395 -999.0 5400.0 -999.0 1 338 {-999.0 -999.0 -999.0 -999.0 -999.0} "" -999.0 -999.0 -999.0 -999.0 -999 -999 "" "" "" "" 0 0 0.0 0.0 -999 ""
FIBERMAP 677 R-11C3 METROLOGY 0 0 0 1 0 0 -109.02431481767984 -214.7413246107182 143.1 -189.422472977083 -148.75393365375615 9.34076 105.30474 -999.0 -999.0 -999.0 -999.0 -999.0 281.66062522592733 3.7256390498418015 281.6524934024962 3.762821746471953 59.31370304838572 158.6957575966499 -999.0 6231.0 -999.0 -1 -999 {-999.0 -999.0 -999.0 -999.0 -999.0} "" -999.0 -999.0 -999.0 -999.0 -999 -999 "" "" "" "" 0 0 0.0 0.0 -999 ""
FIBERMAP 678 R+11C16 APOGEE 1 1 0 1 0 0 157.20748702913295 209.56810890177653 143.1 230.93401540091813 123.74363643932396 181.44954 133.23332 283.57233159869685 4.954325946218682 -1.431855 -3.0322297 0.030438885 283.5723500450311 4.95429100078408 283.56094366250403 4.996062213716553 59.836044750125716 154.33761613466277 16000.0 16600.0 2016.0 2 58 {-999.0 24.539099 20.802292 18.024529 -999.0} sdss_psfmag_ps1 21.480324 18.146244 16.507439 10.428 63050395645562777 1154124296 bright_1x1 mwm_galactic_core_dist_apogee_sparse mwm_galactic science 0 0 0.0 0.0 -999 ""
FIBERMAP 678 R+11C16 BOSS 0 0 0 1 0 0 156.6774176169828 210.0992380735565 143.1 230.67732227153792 124.44880494941371 181.44954 133.23332 -999.0 -999.0 -999.0 -999.0 -999.0 283.5712439465042 4.95737736760165 283.55978627492556 4.999255614793332 59.839438615996556 154.33742874439255 -999.0 5400.0 -999.0 1 171 {-999.0 -999.0 -999.0 -999.0 -999.0} "" -999.0 -999.0 -999.0 -999.0 -999 -999 "" "" "" "" 0 0 0.0 0.0 -999 ""
FIBERMAP 678 R+11C16 METROLOGY 0 0 0 1 0 0 157.3977829038507 210.29062208623873 143.1 231.41126668264016 124.31857168911111 181.44954 133.23332 -999.0 -999.0 -999.0 -999.0 -999.0 283.574522463234 4.9567848532584255 283.5630783518899 4.9986403141960505 59.83766694040021 154.331801017087 -999.0 6231.0 -999.0 -1 -999 {-999.0 -999.0 -999.0 -999.0 -999.0} "" -999.0 -999.0 -999.0 -999.0 -999 -999 "" "" "" "" 0 0 0.0 0.0 -999 ""
FIBERMAP 681 R+6C17 APOGEE 1 1 0 1 0 0 124.16992553397236 114.12044176884675 143.1 160.7242241106226 51.12261781732059 168.01494 139.64803 283.2554281037679 4.627954829604603 -0.22627379 -1.9540489 0.39918154 283.2554344124425 4.627901163547122 283.24488355807006 4.668924212604462 59.64422595053429 155.1544050207382 16000.0 16600.0 2016.0 2 71 {-999.0 22.965084 19.060658 16.874882 -999.0} sdss_psfmag_ps1 20.536247 17.235281 15.69888 10.594 63050395645557405 1154124128 bright_1x1 mwm_galactic_core_dist_apogee_sparse mwm_galactic science 0 0 0.0 0.0 -999 ""
FIBERMAP 681 R+6C17 BOSS 0 0 0 1 0 0 123.73089287317866 114.71150628982281 143.1 160.57535940856434 51.84374568128387 168.01494 139.64803 -999.0 -999.0 -999.0 -999.0 -999.0 283.25486197614254 4.631084915993724 283.24426054968836 4.672217705726467 59.647525673043205 155.15324355942096 -999.0 5400.0 -999.0 1 207 {-999.0 -999.0 -999.0 -999.0 -999.0} "" -999.0 -999.0 -999.0 -999.0 -999 -999 "" "" "" "" 0 0 0.0 0.0 -999 ""
FIBERMAP 681 R+6C17 METROLOGY 0 0 0 1 0 0 124.46427011525678 114.813911616817 143.1 161.2835803351132 51.62733817597591 168.01494 139.64803 -999.0 -999.0 -999.0 -999.0 -999.0 283.2580495692952 4.630113632893283 283.2474623728437 4.671223103570473 59.64546426254799 155.1480365999974 -999.0 6231.0 -999.0 -1 -999 {-999.0 -999.0 -999.0 -999.0 -999.0} "" -999.0 -999.0 -999.0 -999.0 -999 -999 "" "" "" "" 0 0 0.0 0.0 -999 ""
FIBERMAP 683 R-1C25 APOGEE 0 0 0 1 0 0 250.12700947508097 -32.69570968382386 143.1 213.0304000909157 -135.12908504945253 256.38324 101.56355 -999.0 -999.0 -999.0 -999.0 -999.0 283.48708273588795 3.7830073096523362 283.47865032654323 3.824793700603016 58.7721660659051 155.3108657908643 -999.0 16600.0 -999.0 2 -999 {-999.0 -999.0 -999.0 -999.0 -999.0} "" -999.0 -999.0 -999.0 -999.0 -999 -999 "" "" "" "" 0 0 0.0 0.0 -999 ""
FIBERMAP 683 R-1C25 BOSS 1 1 0 1 0 0 249.36984610014474 -32.66469667457755 143.1 212.356872976848 -134.781661310399 256.38324 101.56355 283.484145871956 3.7844454315784435 -3.4660769 -3.453445 0.9700133 283.48413379269107 3.7844389969317924 283.4756543767011 3.826333431986911 58.7746594480251 155.31521746069646 5400.0 5400.0 2016.0 1 261 {-999.0 21.349728 18.51709 17.031897 -999.0} sdss_psfmag_ps1 19.860247 17.565493 16.213835 12.576 63050395645281957 939261162 bright_1x1 openfibertargets_nov2020_34a open_fiber science 0 0 0.0 0.0 -999 ""
FIBERMAP 683 R-1C25 METROLOGY 0 0 0 1 0 0 249.77591457552967 -32.037382749830684 143.1 212.98964348271102 -134.38404669136952 256.38324 101.56355 -999.0 -999.0 -999.0 -999.0 -999.0 283.48697713974354 3.7862750141837647 283.4785051716235 3.8281435226096923 58.775352446435775 155.3088525967221 -999.0 6231.0 -999.0 -1 -999 {-999.0 -999.0 -999.0 -999.0 -999.0} "" -999.0 -999.0 -999.0 -999.0 -999 -999 "" "" "" "" 0 0 0.0 0.0 -999 ""
FIBERMAP 685 R+6C6 APOGEE 0 0 0 1 0 0 -118.53535904885901 100.44274887516713 143.1 -65.13202712028917 141.06991411121595 275.461 86.52549 -999.0 -999.0 -999.0 -999.0 -999.0 282.22658706878485 5.039843609139714 282.21507734098793 5.078142301005171 60.38110243284844 156.80117365031276 -999.0 16600.0 -999.0 2 -999 {-999.0 -999.0 -999.0 -999.0 -999.0} "" -999.0 -999.0 -999.0 -999.0 -999 -999 "" "" "" "" 0 0 0.0 0.0 -999 ""
FIBERMAP 685 R+6C6 BOSS 1 1 0 1 0 0 -119.37958792184173 100.45932276049119 143.1 -65.8905954225332 141.4409603561192 275.461 86.52549 282.22311808588734 5.041491133411022 0.58975345 -2.2220325 0.32959482 282.22314934000815 5.041467395218035 282.2115970046935 5.079866433115271 60.3838811683367 156.80662909320907 5400.0 5400.0 2016.0 1 55 {-999.0 15.726964 14.4057455 13.638727 -999.0} sdss_psfmag_from_g3xp 15.184886 14.243441 13.201769 11.473 63050395645699956 1093201078 bright_3x1 mwm_astar_core_boss mwm_ob science 0 0 0.0 0.0 -999 ""
FIBERMAP 685 R+6C6 METROLOGY 0 0 0 1 0 0 -118.94918655595009 101.06356187026837 143.1 -65.24549033833519 141.80738909674295 275.461 86.52549 -999.0 -999.0 -999.0 -999.0 -999.0 282.22609102850487 5.043146817966492 282.2145451308053 5.0815220592268755 60.384466120707536 156.79991097806337 -999.0 6231.0 -999.0 -1 -999 {-999.0 -999.0 -999.0 -999.0 -999.0} "" -999.0 -999.0 -999.0 -999.0 -999 -999 "" "" "" "" 0 0 0.0 0.0 -999 ""
FIBERMAP 687 R-7C16 APOGEE 1 1 0 1 0 0 116.34856594844388 -147.7305081764422 143.1 43.2074578756225 -183.0288785009217 243.1355 115.12878 282.7166221328356 3.5662124679919343 -999.0 -999.0 -999.0 282.7166140498873 3.566217043053851 282.70880775424456 3.60606830581568 58.82907882821515 156.84892568713602 16000.0 16600.0 2016.0 2 186 {-999.0 23.993711 22.076033 19.5715 -999.0} sdss_psfmag_gaia 21.91971 20.295828 18.387518 10.251 63050395645272846 1154779590 bright_1x1 mwm_galactic_core_dist_apogee_sparse mwm_galactic science 0 0 0.0 0.0 -999 ""
FIBERMAP 687 R-7C16 BOSS 0 0 0 1 0 0 115.62228370422716 -147.676831130478 143.1 42.57149174110155 -182.6739254960087 243.1355 115.12878 -999.0 -999.0 -999.0 -999.0 -999.0 282.7137816550495 3.5676526294913553 282.7059310068965 3.607612890768756 58.831487189365916 156.85317121086064 -999.0 5400.0 -999.0 1 306 {-999.0 -999.0 -999.0 -999.0 -999.0} "" -999.0 -999.0 -999.0 -999.0 -999 -999 "" "" "" "" 0 0 0.0 0.0 -999 ""
FIBERMAP 687 R-7C16 METROLOGY 0 0 0 1 0 0 116.02413330544789 -147.05863831916605 143.1 43.19659008438639 -182.28280289334432 243.1355 115.12878 -999.0 -999.0 -999.0 -999.0 -999.0 282.7166184122806 3.569456357553154 282.7087745134522 3.6093905089735245 58.832224437667236 156.84685979842897 -999.0 6231.0 -999.0 -1 -999 {-999.0 -999.0 -999.0 -999.0 -999.0} "" -999.0 -999.0 -999.0 -999.0 -999 -999 "" "" "" "" 0 0 0.0 0.0 -999 ""
FIBERMAP 688 R-7C2 APOGEE 0 0 0 1 0 0 -177.48448849933087 -125.457057138602 143.1 -213.85128142230437 -38.919707105632725 65.18792 85.17028 -999.0 -999.0 -999.0 -999.0 -999.0 281.5492642439724 4.223217185569758 281.5399005672058 4.259931351786515 59.82129415479085 158.60562324601892 -999.0 16600.0 -999.0 2 -999 {-999.0 -999.0 -999.0 -999.0 -999.0} "" -999.0 -999.0 -999.0 -999.0 -999 -999 "" "" "" "" 0 0 0.0 0.0 -999 ""
FIBERMAP 688 R-7C2 BOSS 1 1 0 1 0 0 -176.79708785483103 -125.8008252268543 143.1 -213.37290691137986 -39.52132178018952 65.18792 85.17028 281.5513952852086 4.220401107360989 6.8895307 -11.342861 -3.27791 281.5514141398044 4.220362201137977 281.54202090363435 4.257195507456093 59.81804053299538 158.60329513543687 5400.0 5400.0 2016.0 1 488 {-999.0 16.967247 15.611571 15.095093 -999.0} sdss_psfmag_ps1 16.353203 15.923554 14.576689 12.759 63050395645025769 1093381844 bright_3x1 mwm_astar_core_boss mwm_ob science 0 0 0.0 0.0 -999 ""
FIBERMAP 688 R-7C2 METROLOGY 0 0 0 1 0 0 -177.4277828780717 -126.20099695675223 143.1 -214.11358431685787 -39.618234447714805 65.18792 85.17028 -999.0 -999.0 -999.0 -999.0 -999.0 281.5480774268188 4.219966854381986 281.5386959108182 4.256759602692079 59.81864562940621 158.60983754800094 -999.0 6231.0 -999.0 -1 -999 {-999.0 -999.0 -999.0 -999.0 -999.0} "" -999.0 -999.0 -999.0 -999.0 -999 -999 "" "" "" "" 0 0 0.0 0.0 -999 ""
FIBERMAP 689 R+5C20 APOGEE 1 1 0 1 0 0 185.8562375355919 106.18081751338366 143.1 213.31397509274248 17.909343411069745 91.627716 139.95541 283.4928708780014 4.475973400981601 -3.0054865 -4.420956 -0.10481933 283.4928559053859 4.475955533104511 283.48266906646955 4.517617737676313 59.41833343750977 154.82413522913026 16000.0 16600.0 2016.0 2 45 {-999.0 25.928396 21.997705 18.203829 -999.0} sdss_psfmag_ps1 21.28571 17.92441 16.24531 9.809 63050395645553753 1154123871 bright_1x1 mwm_galactic_core_dist_apogee_sparse mwm_galactic science 0 0 0.0 0.0 -999 ""
FIBERMAP 689 R+5C20 BOSS 0 0 0 1 0 0 186.32923130585604 106.75665980241207 143.1 213.98572839306857 18.232060053575154 91.627716 139.95541 -999.0 -999.0 -999.0 -999.0 -999.0 283.4959741797941 4.477295691075202 283.4857402058332 4.519078287953992 59.418597986451914 154.817488135573 -999.0 5400.0 -999.0 1 194 {-999.0 -999.0 -999.0 -999.0 -999.0} "" -999.0 -999.0 -999.0 -999.0 -999 -999 "" "" "" "" 0 0 0.0 0.0 -999 ""
FIBERMAP 689 R+5C20 METROLOGY 0 0 0 1 0 0 186.58752124405635 106.05016618670957 143.1 213.92201606232797 17.482479986616728 91.627716 139.95541 -999.0 -999.0 -999.0 -999.0 -999.0 283.4956555900184 4.47392860802377 283.48544249101815 4.5156791417581985 59.415531811757404 154.82043033597796 -999.0 6231.0 -999.0 -1 -999 {-999.0 -999.0 -999.0 -999.0 -999.0} "" -999.0 -999.0 -999.0 -999.0 -999 -999 "" "" "" "" 0 0 0.0 0.0 -999 ""
FIBERMAP 690 R-4C17 APOGEE 1 1 0 1 0 0 99.49975870682943 -65.62769923214097 143.1 62.55203342601386 -101.47174153402739 166.88286 82.90664 282.80627210442213 3.935360562487786 -1.3104384 -10.879248 2.5532515 282.8062732033536 3.9353420953124165 282.7975215521591 3.9753496290257684 59.14758142179428 156.44755953084027 16000.0 16600.0 2016.0 2 201 {-999.0 9.124157 9.134991 9.178225 -999.0} sdss_psfmag_gaia 9.190695 9.08212 8.863974 8.508 63050395645498144 975479680 "" ops_std_apogee ops_std standard_apogee 0 0 0.0 0.0 -999 ""
FIBERMAP 690 R-4C17 BOSS 0 0 0 1 0 0 99.75422963884593 -64.93444178131575 143.1 63.07514214240337 -100.9503988013971 166.88286 82.90664 -999.0 -999.0 -999.0 -999.0 -999.0 282.8087361922 3.93754497584999 282.79993750889406 3.977673271727194 59.148957387090604 156.44160806931382 -999.0 5400.0 -999.0 1 301 {-999.0 -999.0 -999.0 -999.0 -999.0} "" -999.0 -999.0 -999.0 -999.0 -999 -999 "" "" "" "" 0 0 0.0 0.0 -999 ""
FIBERMAP 690 R-4C17 METROLOGY 0 0 0 1 0 0 100.23468795380182 -65.50898868091772 143.1 63.26853775019537 -101.674017742554 166.88286 82.90664 -999.0 -999.0 -999.0 -999.0 -999.0 282.8095871106207 3.9342982001477416 282.80080825712236 3.9743967909043563 59.145579796950464 156.4421656618587 -999.0 6231.0 -999.0 -1 -999 {-999.0 -999.0 -999.0 -999.0 -999.0} "" -999.0 -999.0 -999.0 -999.0 -999 -999 "" "" "" "" 0 0 0.0 0.0 -999 ""
FIBERMAP 691 R+10C2 APOGEE 0 0 0 1 0 0 -167.16696099886414 197.70895867706042 143.1 -68.21399403653498 249.78043052818802 139.4983 135.60066 -999.0 -999.0 -999.0 -999.0 -999.0 282.21493684030617 5.52896076669297 282.2021784649219 5.567134704349948 60.84618063477524 156.4922277017055 -999.0 16600.0 -999.0 2 -999 {-999.0 -999.0 -999.0 -999.0 -999.0} "" -999.0 -999.0 -999.0 -999.0 -999 -999 "" "" "" "" 0 0 0.0 0.0 -999 ""
FIBERMAP 691 R+10C2 BOSS 1 1 0 1 0 0 -167.22257626142886 198.4712820327485 143.1 -67.94294993276746 250.49516848755317 139.4983 135.60066 282.21624275278134 5.532078904620506 -0.25222185 -1.662394 0.8082565 282.2162214058493 5.532058055024789 282.20341642366276 5.570341963599509 60.84878499703425 156.48762741839215 5400.0 5400.0 2016.0 1 18 {-999.0 19.280659 17.259892 16.099648 -999.0} sdss_psfmag_ps1 18.33839 16.740509 15.48698 -999.0 63050395645778418 917203533 bright_6x1 mwm_yso_pms_boss_sagitta_edr3 mwm_yso science 0 0 0.0 0.0 -999 ""
FIBERMAP 691 R+10C2 METROLOGY 0 0 0 1 0 0 -166.56003673009883 198.142899816497 143.1 -67.48063147678553 249.91799001381207 139.4983 135.60066 -999.0 -999.0 -999.0 -999.0 -999.0 282.2182959928534 5.529512501084617 282.20550828189704 5.567771847774494 60.84566350697368 156.48538201506008 -999.0 6231.0 -999.0 -1 -999 {-999.0 -999.0 -999.0 -999.0 -999.0} "" -999.0 -999.0 -999.0 -999.0 -999 -999 "" "" "" "" 0 0 0.0 0.0 -999 ""
FIBERMAP 692 R+8C17 APOGEE 1 1 0 1 0 0 136.5557926824918 159.09458267033952 143.1 190.92177709686564 86.68254706659634 223.57936 49.8275 283.392333984375 4.788380176546454 -999.0 -999.0 -999.0 283.3923225803401 4.788356068374329 283.38135257088214 4.829698511728215 59.74585915752431 154.78890431909775 16000.0 16600.0 2015.5 2 81 {-999.0 -999.0 -999.0 -999.0 -999.0} "" -999.0 -999.0 -999.0 -999.0 27021603150618659 842847026 "" ops_sky_apogee_best ops_sky sky_apogee 0 0 0.0 0.0 -999 ""
FIBERMAP 692 R+8C17 BOSS 0 0 0 1 0 0 136.5569726387193 159.82751715468748 143.1 191.23193035763114 87.34668390394053 223.57936 49.8275 -999.0 -999.0 -999.0 -999.0 -999.0 283.3938092486483 4.791261667300684 283.3827887565752 4.832718511306132 59.74816281612728 154.78409889429642 -999.0 5400.0 -999.0 1 226 {-999.0 -999.0 -999.0 -999.0 -999.0} "" -999.0 -999.0 -999.0 -999.0 -999 -999 "" "" "" "" 0 0 0.0 0.0 -999 ""
FIBERMAP 692 R+8C17 METROLOGY 0 0 0 1 0 0 137.21125219034232 159.48447367630453 143.1 191.68057580756198 86.75969369623725 223.57936 49.8275 -999.0 -999.0 -999.0 -999.0 -999.0 283.395814603956 4.7886158204958935 283.3848128259991 4.830046837079371 59.74494465859841 154.78226995580914 -999.0 6231.0 -999.0 -1 -999 {-999.0 -999.0 -999.0 -999.0 -999.0} "" -999.0 -999.0 -999.0 -999.0 -999 -999 "" "" "" "" 0 0 0.0 0.0 -999 ""
FIBERMAP 693 R+2C15 APOGEE 1 1 0 1 0 0 37.43825726229586 54.89666615926553 143.1 57.09977682218812 33.993046371516215 144.88486 79.80254 282.78347553319753 4.551980260698863 -6.230159 -7.761909 -0.18327947 282.7834208540143 4.551949907651506 282.773105153178 4.591776016781358 59.73567994161567 156.08107561860027 16000.0 16600.0 2016.0 2 54 {-999.0 21.621275 18.107973 15.492791 -999.0} sdss_psfmag_ps1 19.587639 15.896287 14.339084 9.348 63050395645541327 1154123785 bright_1x1 mwm_galactic_core_dist_apogee_sparse mwm_galactic science 0 0 0.0 0.0 -999 ""
FIBERMAP 693 R+2C15 BOSS 0 0 0 1 0 0 37.95798710409003 55.42296002828469 143.1 57.79301610178354 34.25112296168755 144.88486 79.80254 -999.0 -999.0 -999.0 -999.0 -999.0 282.78666083831524 4.553020821956892 282.7763012150982 4.592967039182563 59.73570933533849 156.07432740622264 -999.0 5400.0 -999.0 1 198 {-999.0 -999.0 -999.0 -999.0 -999.0} "" -999.0 -999.0 -999.0 -999.0 -999 -999 "" "" "" "" 0 0 0.0 0.0 -999 ""
FIBERMAP 693 R+2C15 METROLOGY 0 0 0 1 0 0 38.16699338161321 54.706042163227934 143.1 57.680216738565605 33.512873292863375 144.88486 79.80254 -999.0 -999.0 -999.0 -999.0 -999.0 282.7861198662683 4.5496890223667545 282.775780355998 4.589602780821331 59.73272567238729 156.07757884415332 -999.0 6231.0 -999.0 -1 -999 {-999.0 -999.0 -999.0 -999.0 -999.0} "" -999.0 -999.0 -999.0 -999.0 -999 -999 "" "" "" "" 0 0 0.0 0.0 -999 ""
FIBERMAP 694 R+3C15 APOGEE 0 0 0 1 0 0 48.539029498988214 53.228449549009696 143.1 66.46260224938719 27.79901787027178 171.814 151.00522 -999.0 -999.0 -999.0 -999.0 -999.0 282.8260902565774 4.523605146495196 282.8158427570094 4.563546492914696 59.69456924839463 156.0208747493564 -999.0 16600.0 -999.0 2 -999 {-999.0 -999.0 -999.0 -999.0 -999.0} "" -999.0 -999.0 -999.0 -999.0 -999 -999 "" "" "" "" 0 0 0.0 0.0 -999 ""
FIBERMAP 694 R+3C15 BOSS 1 1 0 1 0 0 47.920947203437635 53.712833325774184 143.1 66.10638506496817 28.498912661985546 171.814 151.00522 282.8245521231749 4.5266920459181454 0.8916491 -0.74278176 1.0619305 282.8245487013317 4.526700174584982 282.8142524233774 4.566749081282033 59.6981212319344 156.02165026286468 5400.0 5400.0 2016.0 1 197 {-999.0 18.447302 16.696486 15.589821 -999.0} sdss_psfmag_ps1 17.642271 16.183434 15.02832 12.614 63050395645540776 939264086 bright_1x1 openfibertargets_nov2020_34a open_fiber science 0 0 0.0 0.0 -999 ""
FIBERMAP 694 R+3C15 METROLOGY 0 0 0 1 0 0 48.625582169855235 53.96951001596066 143.1 66.85359936758172 28.43452122171138 171.814 151.00522 -999.0 -999.0 -999.0 -999.0 -999.0 282.8279406234198 4.5264245923437585 282.81765636395687 4.566450492647673 59.696677383233634 156.01553591655465 -999.0 6231.0 -999.0 -1 -999 {-999.0 -999.0 -999.0 -999.0 -999.0} "" -999.0 -999.0 -999.0 -999.0 -999 -999 "" "" "" "" 0 0 0.0 0.0 -999 ""
FIBERMAP 695 R-4C1 APOGEE 1 1 0 1 0 0 -234.90857250760953 -65.73380984142939 143.1 -240.73849694498153 39.454214393253324 72.33979 88.14345 281.4288047249823 4.578570422147568 -0.30916658 -6.648577 1.207362 281.42882130605125 4.578550596362745 281.41856087078804 4.614884418353606 60.196249634327046 158.6174936349973 16000.0 16600.0 2016.0 2 248 {-999.0 8.967019 8.715889 8.613972 -999.0} sdss_psfmag_from_g3xp 8.937169 8.694683 8.270326 7.706 63050395645140882 975057022 "" ops_std_apogee ops_std standard_apogee 0 0 0.0 0.0 -999 ""
FIBERMAP 695 R-4C1 BOSS 0 0 0 1 0 0 -234.20460809953934 -65.96366769747469 143.1 -240.1970655106207 38.948909937405226 72.33979 88.14345 -999.0 -999.0 -999.0 -999.0 -999.0 281.43125257448077 4.576158064009325 281.4209619228682 4.612609961282815 60.19334928625692 158.61431968550772 -999.0 5400.0 -999.0 1 497 {-999.0 -999.0 -999.0 -999.0 -999.0} "" -999.0 -999.0 -999.0 -999.0 -999 -999 "" "" "" "" 0 0 0.0 0.0 -999 ""
FIBERMAP 695 R-4C1 METROLOGY 0 0 0 1 0 0 -234.76165662039944 -66.4685011768086 143.1 -240.91509586260042 38.7260314358819 72.33979 88.14345 -999.0 -999.0 -999.0 -999.0 -999.0 281.4280247288856 4.575176315738049 281.41774712541627 4.61158853143124 60.193362951091245 158.62108570760236 -999.0 6231.0 -999.0 -1 -999 {-999.0 -999.0 -999.0 -999.0 -999.0} "" -999.0 -999.0 -999.0 -999.0 -999 -999 "" "" "" "" 0 0 0.0 0.0 -999 ""
FIBERMAP 698 R+7C18 APOGEE 1 1 0 1 0 0 163.88369932108293 144.06516160450377 143.1 209.36506982438559 61.529317626280644 77.1763 149.35217 283.47543015320764 4.673818876972238 0.27612925 -2.8503065 -0.39352635 283.47547330269595 4.673819572474718 283.4647865327712 4.715397901760357 59.6092937786909 154.71673495860355 16000.0 16600.0 2016.0 2 40 {-999.0 25.431751 22.67217 19.182903 -999.0} sdss_psfmag_ps1 21.327322 18.864185 17.143433 9.572 63050395645557056 1156794215 bright_1x1 mwm_galactic_core_dist_apogee_extra mwm_galactic science 0 0 0.0 0.0 -999 ""
FIBERMAP 698 R+7C18 BOSS 0 0 0 1 0 0 164.3904475191668 144.61240259672678 143.1 210.05537072095535 61.811863781607585 77.1763 149.35217 -999.0 -999.0 -999.0 -999.0 -999.0 283.47866963489076 4.674978994863328 283.46793631953767 4.716677028350594 59.609355605620145 154.7100355938541 -999.0 5400.0 -999.0 1 196 {-999.0 -999.0 -999.0 -999.0 -999.0} "" -999.0 -999.0 -999.0 -999.0 -999 -999 "" "" "" "" 0 0 0.0 0.0 -999 ""
FIBERMAP 698 R+7C18 METROLOGY 0 0 0 1 0 0 164.61207058035782 143.90465706577461 143.1 209.9578804529325 61.07661112339959 77.1763 149.35217 -999.0 -999.0 -999.0 -999.0 -999.0 283.47820603849414 4.671679601799644 283.46749340709374 4.713345445799593 59.60640703737812 154.71322293481848 -999.0 6231.0 -999.0 -1 -999 {-999.0 -999.0 -999.0 -999.0 -999.0} "" -999.0 -999.0 -999.0 -999.0 -999 -999 "" "" "" "" 0 0 0.0 0.0 -999 ""
FIBERMAP 704 R+5C16 APOGEE 1 1 0 1 0 0 110.23602885719411 96.8549927313186 143.1 140.8078344210401 41.342101480913115 327.53656 145.7906 283.16492455875726 4.583879732874217 -1.013141 -5.8389163 0.040440492 283.1649266733587 4.5839040136258244 283.15449554360515 4.624703518599007 59.634671309383485 155.35206009927745 16000.0 16600.0 2016.0 2 79 {-999.0 24.523594 20.38983 17.723213 -999.0} sdss_psfmag_ps1 21.339294 17.845663 16.23946 10.487 63050395645556388 1154123940 bright_1x1 mwm_galactic_core_dist_apogee_sparse mwm_galactic science 0 0 0.0 0.0 -999 ""
FIBERMAP 704 R+5C16 BOSS 0 0 0 1 0 0 110.54121635440356 96.18106887626874 143.1 140.80038428186458 40.602279085425074 327.53656 145.7906 -999.0 -999.0 -999.0 -999.0 -999.0 283.1649822508207 4.580444804993264 283.1545176546717 4.621357172087014 59.63153113864637 155.35434807757684 -999.0 5400.0 -999.0 1 214 {-999.0 -999.0 -999.0 -999.0 -999.0} "" -999.0 -999.0 -999.0 -999.0 -999 -999 "" "" "" "" 0 0 0.0 0.0 -999 ""
FIBERMAP 704 R+5C16 METROLOGY 0 0 0 1 0 0 109.80492897612665 96.2483344072948 143.1 140.16107571582623 40.97377353405844 327.53656 145.7906 -999.0 -999.0 -999.0 -999.0 -999.0 283.16205871253436 4.582175664474825 283.1516019631738 4.6230484291175955 59.63413661387643 155.3585525668618 -999.0 6231.0 -999.0 -1 -999 {-999.0 -999.0 -999.0 -999.0 -999.0} "" -999.0 -999.0 -999.0 -999.0 -999 -999 "" "" "" "" 0 0 0.0 0.0 -999 ""
FIBERMAP 706 R+6C21 APOGEE 1 1 0 1 0 0 235.95728795899285 129.45902308327177 143.1 268.5628244498313 17.890379769981696 83.15041 76.774155 283.7406478519568 4.474670926960486 4.400841 -4.721429 0.5520789 283.7406761802206 4.4746321369781485 283.73047033871825 4.516929816845639 59.32830844042792 154.37257205798875 16000.0 16600.0 2016.0 2 67 {-999.0 19.21284 16.066755 14.563815 -999.0} sdss_psfmag_ps1 17.516037 15.119932 13.742941 9.875 63050395645312671 1154119987 bright_1x1 mwm_galactic_core_dist_apogee_sparse mwm_galactic science 0 0 0.0 0.0 -999 ""
FIBERMAP 706 R+6C21 BOSS 0 0 0 1 0 0 236.65888733553354 129.21439691918204 143.1 269.0958833511303 17.372680571392728 83.15041 76.774155 -999.0 -999.0 -999.0 -999.0 -999.0 283.7430958508195 4.47216578272763 283.7328516900497 4.514582956854736 59.32525722491894 154.36991774406675 -999.0 5400.0 -999.0 1 249 {-999.0 -999.0 -999.0 -999.0 -999.0} "" -999.0 -999.0 -999.0 -999.0 -999 -999 "" "" "" "" 0 0 0.0 0.0 -999 ""
FIBERMAP 706 R+6C21 METROLOGY 0 0 0 1 0 0 236.1007122381656 128.72500059129476 143.1 268.3833413526958 17.16427576234842 83.15041 76.774155 -999.0 -999.0 -999.0 -999.0 -999.0 283.7398980898941 4.471271965672144 283.7296690533577 4.5136491595679935 59.32554527459048 154.37637600854842 -999.0 6231.0 -999.0 -1 -999 {-999.0 -999.0 -999.0 -999.0 -999.0} "" -999.0 -999.0 -999.0 -999.0 -999 -999 "" "" "" "" 0 0 0.0 0.0 -999 ""
FIBERMAP 709 R+2C18 APOGEE 0 0 0 1 0 0 103.59151291972431 26.443342844878885 143.1 105.08944892212838 -19.70605394154843 248.02408 104.06794 -999.0 -999.0 -999.0 -999.0 -999.0 283.001573588782 4.306773198467636 282.9918607468268 4.347208339073125 59.43106953049802 155.84249985095556 -999.0 16600.0 -999.0 2 -999 {-999.0 -999.0 -999.0 -999.0 -999.0} "" -999.0 -999.0 -999.0 -999.0 -999 -999 "" "" "" "" 0 0 0.0 0.0 -999 ""
FIBERMAP 709 R+2C18 BOSS 1 1 0 1 0 0 102.86599777079505 26.518512032544017 143.1 104.46324177608759 -19.33193507475896 248.02408 104.06794 282.99852520841546 4.308371294482245 -0.85269004 -1.2793982 0.44864947 282.99881866692067 4.308361199851473 282.98906030304994 4.348902173175072 59.433622944391146 155.84650395764356 5400.0 5400.0 2016.0 1 200 {-999.0 17.301327 14.771049 13.6767645 -999.0} sdss_psfmag_ps1 15.973329 13.934769 12.622651 9.738 63050395645515737 1093381755 bright_3x1 mwm_astar_core_boss mwm_ob science 0 0 1.0268158912658691 0.0 -999 ""
FIBERMAP 709 R+2C18 METROLOGY 0 0 0 1 0 0 103.29361574270327 27.12738908047607 143.1 105.10777869158929 -18.960126816636816 248.02408 104.06794 -999.0 -999.0 -999.0 -999.0 -999.0 283.00173948712944 4.3100790524293116 282.9919883159307 4.3505950938508064 59.43420427304467 155.8399666053627 -999.0 6231.0 -999.0 -1 -999 {-999.0 -999.0 -999.0 -999.0 -999.0} "" -999.0 -999.0 -999.0 -999.0 -999 -999 "" "" "" "" 0 0 0.0 0.0 -999 ""
FIBERMAP 710 R+8C6 APOGEE 0 0 0 1 0 0 -88.4109375936361 139.31018853377748 143.1 -21.424160385014876 163.61174374250345 297.03165 94.80425 -999.0 -999.0 -999.0 -999.0 -999.0 282.42631127785677 5.141633227531694 282.4145248454295 5.180425782502274 60.41078580078968 156.35288712465103 -999.0 16600.0 -999.0 2 -999 {-999.0 -999.0 -999.0 -999.0 -999.0} "" -999.0 -999.0 -999.0 -999.0 -999 -999 "" "" "" "" 0 0 0.0 0.0 -999 ""
FIBERMAP 710 R+8C6 BOSS 1 1 0 1 0 0 -89.05155890017716 138.91372895460108 143.1 -22.172273633851667 163.52238327960404 297.03165 94.80425 282.42291410001576 5.141212213307278 -3.467007 -8.23851 0.60605186 282.422928650108 5.1411824189663475 282.4111042232248 5.180075495963255 60.411609759143275 156.35961900442464 5400.0 5400.0 2016.0 1 77 {-999.0 18.186075 16.446983 15.505342 14.741356} sdss_psfmag_from_ps1dr2 17.3971 16.271 15.1943 13.008 63050395645733869 1040114183 "" ops_std_boss_ps1dr2 ops_std standard_boss 0 0 0.0 0.0 -999 ""
FIBERMAP 710 R+8C6 METROLOGY 0 0 0 1 0 0 -89.0679964515886 139.6636508906105 143.1 -21.8709324366079 164.20935397504869 297.03165 94.80425 -999.0 -999.0 -999.0 -999.0 -999.0 282.4243035410513 5.144305529672718 282.4124822014341 5.183170597177695 60.41405734559759 156.35488116078514 -999.0 6231.0 -999.0 -1 -999 {-999.0 -999.0 -999.0 -999.0 -999.0} "" -999.0 -999.0 -999.0 -999.0 -999 -999 "" "" "" "" 0 0 0.0 0.0 -999 ""
FIBERMAP 714 R-3C22 APOGEE 1 1 0 1 0 0 212.81938780648701 -67.05231128008116 143.1 164.710964749036 -150.55122614683515 224.37952 154.44044 283.26873779296875 3.712975559016357 -999.0 -999.0 -999.0 283.2687453815131 3.7129675037118792 283.2605117878432 3.7542077426485942 58.78199494673082 155.75188353886574 16000.0 16600.0 2015.5 2 209 {-999.0 -999.0 -999.0 -999.0 -999.0} "" -999.0 -999.0 -999.0 -999.0 27021603150603838 849031216 "" ops_sky_apogee_good ops_sky sky_apogee 0 0 0.0 0.0 -999 ""
FIBERMAP 714 R-3C22 BOSS 0 0 0 1 0 0 212.13293092881042 -67.31191086819821 143.1 163.9790019663196 -150.4971510468623 224.37952 154.44044 -999.0 -999.0 -999.0 -999.0 -999.0 283.26551308542696 3.713062300491174 283.25723665327473 3.7544103558953577 58.783315952816054 155.75766429188732 -999.0 5400.0 -999.0 1 309 {-999.0 -999.0 -999.0 -999.0 -999.0} "" -999.0 -999.0 -999.0 -999.0 -999 -999 "" "" "" "" 0 0 0.0 0.0 -999 ""
FIBERMAP 714 R-3C22 METROLOGY 0 0 0 1 0 0 212.25458156545972 -66.56787378328013 143.1 164.40308163128952 -149.87374950141395 224.37952 154.44044 -999.0 -999.0 -999.0 -999.0 -999.0 283.2674352154544 3.715917217938303 283.259163525786 3.7572367107982227 58.78530234453141 155.75229637303562 -999.0 6231.0 -999.0 -1 -999 {-999.0 -999.0 -999.0 -999.0 -999.0} "" -999.0 -999.0 -999.0 -999.0 -999 -999 "" "" "" "" 0 0 0.0 0.0 -999 ""
FIBERMAP 715 R-6C17 APOGEE 1 1 0 1 0 0 126.65264731026042 -111.31462150015199 143.1 67.90814896252363 -154.35178176739237 108.551346 148.05109 282.82961879277866 3.6956603626302273 -2.2218168 -4.9866433 0.07342286 282.8295755270668 3.6956203189685457 282.82142968557594 3.7357359089885254 58.91388384849152 156.56036090110024 16000.0 16600.0 2016.0 2 205 {-999.0 25.712154 23.131624 18.427147 -999.0} sdss_psfmag_ps1 21.513237 18.009802 16.292866 9.654 63050395645273903 1154118937 bright_1x1 mwm_galactic_core_dist_apogee_sparse mwm_galactic science 0 0 0.0 0.0 -999 ""
FIBERMAP 715 R-6C17 BOSS 0 0 0 1 0 0 126.85254323318243 -110.59930220484378 143.1 68.39107198156879 -153.7874184320242 108.551346 148.05109 -999.0 -999.0 -999.0 -999.0 -999.0 282.8318491362043 3.6980027176260832 282.8236556533812 3.738239680917068 58.9154980897239 156.55468206488226 -999.0 5400.0 -999.0 1 299 {-999.0 -999.0 -999.0 -999.0 -999.0} "" -999.0 -999.0 -999.0 -999.0 -999 -999 "" "" "" "" 0 0 0.0 0.0 -999 ""
FIBERMAP 715 R-6C17 METROLOGY 0 0 0 1 0 0 127.3934688049762 -111.11134162650389 143.1 68.66565988873423 -154.4798542242364 108.551346 148.05109 -999.0 -999.0 -999.0 -999.0 -999.0 282.8330663986249 3.6949129797553444 282.82489234971877 3.7351208294351443 58.912146004020705 156.5544555554861 -999.0 6231.0 -999.0 -1 -999 {-999.0 -999.0 -999.0 -999.0 -999.0} "" -999.0 -999.0 -999.0 -999.0 -999 -999 "" "" "" "" 0 0 0.0 0.0 -999 ""
FIBERMAP 717 R+6C9 APOGEE 0 0 0 1 0 0 -27.853158228186263 113.41731059182715 143.1 22.571218272666197 114.59413719346418 21.839262 81.141495 -999.0 -999.0 -999.0 -999.0 -999.0 282.6265763474303 4.919037066003182 282.61534031402016 4.958387893430558 60.13394896451511 156.12585409994105 -999.0 16600.0 -999.0 2 -999 {-999.0 -999.0 -999.0 -999.0 -999.0} "" -999.0 -999.0 -999.0 -999.0 -999 -999 "" "" "" "" 0 0 0.0 0.0 -999 ""
FIBERMAP 717 R+6C9 BOSS 1 1 0 1 0 0 -27.668387259791984 112.68336222745701 143.1 22.429260146070792 113.85066423668374 21.839262 81.141495 282.6259587651933 4.915606708605452 -0.413105 -3.557403 0.344657 282.6259709806478 4.915605843408892 282.61470352193834 4.955066039086557 60.131043618771955 156.12932991456444 5400.0 5400.0 2016.0 1 130 {-999.0 18.753057 16.438826 15.36238 -999.0} sdss_psfmag_ps1 17.569046 15.872713 14.638696 11.754 63050395645720986 1093381768 bright_3x1 mwm_astar_core_boss mwm_ob science 0 0 0.0 0.0 -999 ""
FIBERMAP 717 R+6C9 METROLOGY 0 0 0 1 0 0 -28.387446032687166 112.8965433477791 143.1 21.86710825880507 114.34721140601403 21.839262 81.141495 -999.0 -999.0 -999.0 -999.0 -999.0 282.62339533609577 4.917889684156431 282.6121336865034 4.957311560212184 60.1340285259399 156.1326218051759 -999.0 6231.0 -999.0 -1 -999 {-999.0 -999.0 -999.0 -999.0 -999.0} "" -999.0 -999.0 -999.0 -999.0 -999 -999 "" "" "" "" 0 0 0.0 0.0 -999 ""
FIBERMAP 719 R+3C18 APOGEE 1 1 0 1 0 0 121.224184003348 43.13207819503566 143.1 128.1167309637283 -12.008306342727836 278.17014 101.94835 283.1065272730048 4.341490159332567 -0.956257 -2.0074327 0.17365418 283.1065066153022 4.341490827918745 283.0966959653094 4.382188506762495 59.427652915511956 155.6258742370041 16000.0 16600.0 2016.0 2 87 {-999.0 26.269295 21.052664 18.256804 -999.0} sdss_psfmag_ps1 20.784483 18.291603 16.66004 10.741 63050395645516030 1156794240 bright_1x1 mwm_galactic_core_dist_apogee_extra mwm_galactic science 0 0 0.0 0.0 -999 ""
FIBERMAP 719 R+3C18 BOSS 0 0 0 1 0 0 120.5083499887283 42.891645976877804 143.1 127.36621161993148 -11.924461494140477 278.17014 101.94835 -999.0 -999.0 -999.0 -999.0 -999.0 283.1031916730265 4.3417640990031705 283.09333852879803 4.382566327714727 59.42917210534241 155.63178615558036 -999.0 5400.0 -999.0 1 218 {-999.0 -999.0 -999.0 -999.0 -999.0} "" -999.0 -999.0 -999.0 -999.0 -999 -999 "" "" "" "" 0 0 0.0 0.0 -999 ""
FIBERMAP 719 R+3C18 METROLOGY 0 0 0 1 0 0 120.66088851794302 43.62564062451548 143.1 127.81406586237843 -11.323192186317211 278.17014 101.94835 -999.0 -999.0 -999.0 -999.0 -999.0 283.10521621141936 4.344526409542215 283.0953678001872 4.385301222011802 59.43103192544408 155.62618514474786 -999.0 6231.0 -999.0 -1 -999 {-999.0 -999.0 -999.0 -999.0 -999.0} "" -999.0 -999.0 -999.0 -999.0 -999 -999 "" "" "" "" 0 0 0.0 0.0 -999 ""
FIBERMAP 721 R+9C9 APOGEE 1 1 0 1 0 0 -14.26171855913718 195.17578786599148 143.1 69.37419495952366 183.0021787382649 155.99077 44.815945 282.84049437189367 5.227720534029725 -2.7718194 -4.840009 -0.119021825 282.8404913766329 5.227696554496952 282.8284510494344 5.267536625572962 60.350614973495986 155.5091686346216 16000.0 16600.0 2016.0 2 9 {-999.0 22.541279 18.906275 16.179 -999.0} sdss_psfmag_ps1 20.211206 16.504568 14.931612 9.822 63050395645743225 1154125880 bright_1x1 mwm_galactic_core_dist_apogee_sparse mwm_galactic science 0 0 0.0 0.0 -999 ""
FIBERMAP 721 R+9C9 BOSS 0 0 0 1 0 0 -13.571990148131356 195.44911410327472 143.1 70.11491302845656 182.9591715136104 155.99077 44.815945 -999.0 -999.0 -999.0 -999.0 -999.0 282.8439232290644 5.227422321065361 282.8318424313889 5.267380172973044 60.349286093969425 155.50288493979042 -999.0 5400.0 -999.0 1 125 {-999.0 -999.0 -999.0 -999.0 -999.0} "" -999.0 -999.0 -999.0 -999.0 -999 -999 "" "" "" "" 0 0 0.0 0.0 -999 ""
FIBERMAP 721 R+9C9 METROLOGY 0 0 0 1 0 0 -13.670052225360308 194.71645024486207 143.1 69.71701993698707 182.33613590683316 155.99077 44.815945 -999.0 -999.0 -999.0 -999.0 -999.0 282.8420952686982 5.224645366479931 282.8300332864618 5.264568208855598 60.347282832304856 155.50828587993266 -999.0 6231.0 -999.0 -1 -999 {-999.0 -999.0 -999.0 -999.0 -999.0} "" -999.0 -999.0 -999.0 -999.0 -999 -999 "" "" "" "" 0 0 0.0 0.0 -999 ""
FIBERMAP 723 R-2C19 APOGEE 1 1 0 1 0 0 118.79377165279696 -43.97372918227412 143.1 89.17971358814756 -89.97205386283106 221.00711 92.52646 282.9278203805377 3.987429997143569 -2.7392156 -6.47314 0.5521591 282.9278035407339 3.9873726035090313 282.91890810854073 4.027682020363777 59.155827161748405 156.19080081529032 16000.0 16600.0 2016.0 2 212 {-999.0 25.75422 21.365482 18.242342 -999.0} sdss_psfmag_ps1 22.162764 18.463919 16.688684 10.861 63050395645507994 1154123294 bright_1x1 mwm_galactic_core_dist_apogee_sparse mwm_galactic science 0 0 0.0 0.0 -999 ""
FIBERMAP 723 R-2C19 BOSS 0 0 0 1 0 0 118.2903453441514 -43.42959799988972 143.1 88.95266380109175 -89.26633053286568 221.00711 92.52646 -999.0 -999.0 -999.0 -999.0 -999.0 282.9268644574237 3.990426115868438 282.91791976526054 4.030847185542375 59.15913892195184 156.19050814075013 -999.0 5400.0 -999.0 1 297 {-999.0 -999.0 -999.0 -999.0 -999.0} "" -999.0 -999.0 -999.0 -999.0 -999 -999 "" "" "" "" 0 0 0.0 0.0 -999 ""
FIBERMAP 723 R-2C19 METROLOGY 0 0 0 1 0 0 119.0073945648866 -43.26074955819259 143.1 89.67409776316647 -89.4156009325007 221.00711 92.52646 -999.0 -999.0 -999.0 -999.0 -999.0 282.9301274851472 3.989782753524928 282.9211958920146 4.030179840501131 59.157399175598286 156.18495717132288 -999.0 6231.0 -999.0 -1 -999 {-999.0 -999.0 -999.0 -999.0 -999.0} "" -999.0 -999.0 -999.0 -999.0 -999 -999 "" "" "" "" 0 0 0.0 0.0 -999 ""
FIBERMAP 724 R+1C21 APOGEE 0 0 0 1 0 0 173.46065577275397 27.576502297071485 143.1 168.92554851115008 -48.1427644386221 27.122704 141.70288 -999.0 -999.0 -999.0 -999.0 -999.0 283.2910218794008 4.176773889975829 283.28161166823145 4.21797805372051 59.20934926013966 155.39977553734926 -999.0 16600.0 -999.0 2 -999 {-999.0 -999.0 -999.0 -999.0 -999.0} "" -999.0 -999.0 -999.0 -999.0 -999 -999 "" "" "" "" 0 0 0.0 0.0 -999 ""
FIBERMAP 724 R+1C21 BOSS 1 1 0 1 0 0 174.19235565077022 27.46009918285217 143.1 169.53997543294068 -48.55688290188478 27.122704 141.70288 283.2938980082349 4.174764160778992 -2.1257076 -2.7367527 2.0104332 283.29389075601443 4.17475853062176 283.2844425334529 4.216084439699874 59.20658513638682 155.39591001225435 5400.0 5400.0 2016.0 1 234 {-999.0 17.10279 15.743028 15.20139 -999.0} sdss_psfmag_ps1 16.529486 15.678687 14.689962 12.66 63050395645510668 982158569 "" ops_std_boss_tic ops_std standard_boss 0 0 0.0 0.0 -999 ""
FIBERMAP 724 R+1C21 METROLOGY 0 0 0 1 0 0 173.72251414905782 26.87786636092784 143.1 168.8683857208673 -48.886723894193764 27.122704 141.70288 -999.0 -999.0 -999.0 -999.0 -999.0 283.2908193004236 4.17330193392923 283.2813872075376 4.214587955446656 59.20625339416034 155.40250925475604 -999.0 6231.0 -999.0 -1 -999 {-999.0 -999.0 -999.0 -999.0 -999.0} "" -999.0 -999.0 -999.0 -999.0 -999 -999 "" "" "" "" 0 0 0.0 0.0 -999 ""
FIBERMAP 730 R+6C13 APOGEE 0 0 0 1 0 0 46.297004922567965 126.47976070646857 143.1 95.32006204066653 95.16972691780781 55.663895 139.79562 -999.0 -999.0 -999.0 -999.0 -999.0 282.95835385705055 4.829484987147195 282.94731702517043 4.869705703213156 59.9364938312569 155.56569679477437 -999.0 16600.0 -999.0 2 -999 {-999.0 -999.0 -999.0 -999.0 -999.0} "" -999.0 -999.0 -999.0 -999.0 -999 -999 "" "" "" "" 0 0 0.0 0.0 -999 ""
FIBERMAP 730 R+6C13 BOSS 1 1 0 1 0 0 47.02517810912202 126.67359253638287 143.1 96.06211901631265 95.03842072738902 55.663895 139.79562 282.9618601843198 4.828776967794355 -2.322001 1.1095395 0.5251253 282.96181559849697 4.82880072805889 282.95073877115755 4.869141263888389 59.93477458592435 155.55971284658185 5400.0 5400.0 2016.0 1 149 {-999.0 20.089642 17.434849 15.98337 -999.0} sdss_psfmag_ps1 18.659107 16.594515 15.268512 11.791 63050395645572144 939264622 bright_1x1 openfibertargets_nov2020_34a open_fiber science 0 0 0.0 0.0 -999 ""
FIBERMAP 730 R+6C13 METROLOGY 0 0 0 1 0 0 46.83277480692601 125.96051836273419 143.1 95.58693718474127 94.47293361014583 55.663895 139.79562 -999.0 -999.0 -999.0 -999.0 -999.0 282.95962749124664 4.826267551564534 282.94856904199804 4.866571576465504 59.933121384976516 155.56554724030877 -999.0 6231.0 -999.0 -1 -999 {-999.0 -999.0 -999.0 -999.0 -999.0} "" -999.0 -999.0 -999.0 -999.0 -999 -999 "" "" "" "" 0 0 0.0 0.0 -999 ""
FIBERMAP 733 R+2C2 APOGEE 0 0 0 1 0 0 -239.1233128577601 52.35071534166749 143.1 -194.76346192334464 148.3121666250034 80.60687 97.316765 -999.0 -999.0 -999.0 -999.0 -999.0 281.6383819394628 5.0712900711837685 281.6268423425055 5.108068179626091 60.59986413419394 157.90634860762563 -999.0 16600.0 -999.0 2 -999 {-999.0 -999.0 -999.0 -999.0 -999.0} "" -999.0 -999.0 -999.0 -999.0 -999 -999 "" "" "" "" 0 0 0.0 0.0 -999 ""
FIBERMAP 733 R+2C2 BOSS 1 1 0 1 0 0 -238.4092521612285 52.34530166225004 143.1 -194.11822546867165 148.00613336915637 80.60687 97.316765 281.641317399996 5.069848279060465 -2.0793848 -4.603107 0.39420918 281.6412964645808 5.069831865109738 281.6297236448107 5.10672691289582 60.59768092490051 157.90167298974754 5400.0 5400.0 2016.0 1 10 {-999.0 18.015177 16.650333 15.90442 15.265791} sdss_psfmag_from_ps1dr2 17.4231 16.5309 15.5272 12.548 63050395645709461 1040114176 "" ops_std_boss_ps1dr2 ops_std standard_boss 0 0 0.0 0.0 -999 ""
FIBERMAP 733 R+2C2 METROLOGY 0 0 0 1 0 0 -238.76756694477865 51.69489004030379 143.1 -194.71743276141757 147.56743541686205 80.60687 97.316765 -999.0 -999.0 -999.0 -999.0 -999.0 281.6385743044942 5.067868084900915 281.6270171527517 5.104725573639023 60.596639218787274 157.90817420928605 -999.0 6231.0 -999.0 -1 -999 {-999.0 -999.0 -999.0 -999.0 -999.0} "" -999.0 -999.0 -999.0 -999.0 -999 -999 "" "" "" "" 0 0 0.0 0.0 -999 ""
FIBERMAP 741 R+5C9 APOGEE 1 1 0 1 0 0 -53.01670969106127 81.81341387969515 143.1 -13.574984121414905 96.5469505886778 299.04175 99.30001 282.4612426757812 4.837512217204278 -999.0 -999.0 -999.0 282.4612709243889 4.837511924568016 282.45025695156966 4.876453768379935 60.11264633585118 156.4922507548457 16000.0 16600.0 2015.5 2 101 {-999.0 -999.0 -999.0 -999.0 -999.0} "" -999.0 -999.0 -999.0 -999.0 27021603150620090 842846700 "" ops_sky_apogee_best ops_sky sky_apogee 0 0 0.0 0.0 -999 ""
FIBERMAP 741 R+5C9 BOSS 0 0 0 1 0 0 -53.58300090960052 81.33772081204846 143.1 -14.28910716870071 96.35439469388595 299.04175 99.30001 -999.0 -999.0 -999.0 -999.0 -999.0 282.4580388322918 4.836580879141619 282.446987864805 4.875625139550748 60.11296237337511 156.4989658895414 -999.0 5400.0 -999.0 1 75 {-999.0 -999.0 -999.0 -999.0 -999.0} "" -999.0 -999.0 -999.0 -999.0 -999 -999 "" "" "" "" 0 0 0.0 0.0 -999 ""
FIBERMAP 741 R+5C9 METROLOGY 0 0 0 1 0 0 -53.72621423298768 82.06294794442161 143.1 -14.113141834757604 97.07243399468905 299.04175 99.30001 -999.0 -999.0 -999.0 -999.0 -999.0 282.45884172019646 4.839864790584326 282.44779354892415 4.878879134054824 60.115756360534306 156.4952508500878 -999.0 6231.0 -999.0 -1 -999 {-999.0 -999.0 -999.0 -999.0 -999.0} "" -999.0 -999.0 -999.0 -999.0 -999 -999 "" "" "" "" 0 0 0.0 0.0 -999 ""
FIBERMAP 742 R-5C19 APOGEE 0 0 0 1 0 0 153.79401977033913 -84.56196507577107 143.1 103.80206518781578 -141.53782239088295 180.03365 67.45844 -999.0 -999.0 -999.0 -999.0 -999.0 282.9930737862735 3.7534971754466877 282.9847649449371 3.7940212676845855 58.91374782648816 156.2251249381972 -999.0 16600.0 -999.0 2 -999 {-999.0 -999.0 -999.0 -999.0 -999.0} "" -999.0 -999.0 -999.0 -999.0 -999 -999 "" "" "" "" 0 0 0.0 0.0 -999 ""
FIBERMAP 742 R-5C19 BOSS 1 1 0 1 0 0 154.063693158057 -83.87094472049804 143.1 104.33801628907207 -141.0249192602258 180.03365 67.45844 282.9956134491831 3.755676820470667 1.8319737 -2.089206 0.41693896 282.99559723445077 3.7556564109145016 282.98724073351866 3.7963023616456066 58.91505382192739 156.21912387445832 5400.0 5400.0 2016.0 1 287 {-999.0 19.702444 16.720697 14.915375 -999.0} sdss_psfmag_ps1 18.009958 15.505713 14.097272 9.959 63050395645277145 934471571 bright_1x1 openfibertargets_nov2020_34a open_fiber science 0 0 0.0 0.0 -999 ""
FIBERMAP 742 R-5C19 METROLOGY 0 0 0 1 0 0 154.53260220926933 -84.45633382369223 143.1 104.51636664761453 -141.7534996512903 180.03365 67.45844 -999.0 -999.0 -999.0 -999.0 -999.0 282.99636900089166 3.752401232894329 282.9880325545734 3.793017013911616 58.911695495767376 156.21984695210713 -999.0 6231.0 -999.0 -1 -999 {-999.0 -999.0 -999.0 -999.0 -999.0} "" -999.0 -999.0 -999.0 -999.0 -999 -999 "" "" "" "" 0 0 0.0 0.0 -999 ""
FIBERMAP 743 R-1C3 APOGEE 1 1 0 1 0 0 -236.00277034665214 -31.331239805746062 143.1 -227.22294106118616 71.11233847877415 255.50041 127.7245 281.4900895099591 4.721964665800494 -1.5395757 -3.7221913 0.12939306 281.49007130673334 4.721960872281929 281.4794385269523 4.758424624870555 60.3140152319331 158.4117830421043 16000.0 16600.0 2016.0 2 281 {-999.0 18.525675 16.037413 14.806715 -999.0} sdss_psfmag_ps1 17.127121 15.265758 13.989549 10.522 63050395645668096 1154125273 bright_1x1 mwm_galactic_core_dist_apogee_sparse mwm_galactic science 0 0 0.0 0.0 -999 ""
FIBERMAP 743 R-1C3 BOSS 0 0 0 1 0 0 -236.68438928332657 -31.636110259755007 143.1 -227.9696077566356 71.12332118301124 255.50041 127.7245 -999.0 -999.0 -999.0 -999.0 -999.0 281.4867227229704 4.721900745688703 281.4760541351522 4.758466563150423 60.315102041106826 158.41823065085362 -999.0 5400.0 -999.0 1 433 {-999.0 -999.0 -999.0 -999.0 -999.0} "" -999.0 -999.0 -999.0 -999.0 -999 -999 "" "" "" "" 0 0 0.0 0.0 -999 ""
FIBERMAP 743 R-1C3 METROLOGY 0 0 0 1 0 0 -236.61374976671246 -30.894007892347595 143.1 -227.5926015154917 71.7664800243369 255.50041 127.7245 -999.0 -999.0 -999.0 -999.0 -999.0 281.4884269675024 4.724844723907588 281.4777609690057 4.761382984501517 60.31734641975515 158.41313748299302 -999.0 6231.0 -999.0 -1 -999 {-999.0 -999.0 -999.0 -999.0 -999.0} "" -999.0 -999.0 -999.0 -999.0 -999 -999 "" "" "" "" 0 0 0.0 0.0 -999 ""
FIBERMAP 748 R-1C24 APOGEE 1 1 0 1 0 0 236.31798094471105 -27.115365949798857 143.1 202.86146253797995 -124.24539989796017 199.89333 172.32492 283.4417724609375 3.832133717351951 -999.0 -999.0 -999.0 283.44183656345086 3.832016449628171 283.4332846565229 3.873676864638596 58.83384536688395 155.35947615763027 16000.0 16600.0 2015.5 2 210 {-999.0 -999.0 -999.0 -999.0 -999.0} "" -999.0 -999.0 -999.0 -999.0 27021603150603928 849031221 "" ops_sky_apogee_good ops_sky sky_apogee 0 0 0.0 0.0 -999 ""
FIBERMAP 748 R-1C24 BOSS 0 0 0 1 0 0 235.59092948177127 -27.281683385745197 143.1 202.13202575548146 -124.08961633880885 199.89333 172.32492 -999.0 -999.0 -999.0 -999.0 -999.0 283.43862993835376 3.832582049682043 283.43003341987355 3.8743497742526225 58.835615087202534 155.36488779657873 -999.0 5400.0 -999.0 1 311 {-999.0 -999.0 -999.0 -999.0 -999.0} "" -999.0 -999.0 -999.0 -999.0 -999 -999 "" "" "" "" 0 0 0.0 0.0 -999 ""
FIBERMAP 748 R-1C24 METROLOGY 0 0 0 1 0 0 235.80332859305636 -26.570570951819263 143.1 202.62451276587555 -123.53434051577011 199.89333 172.32492 -999.0 -999.0 -999.0 -999.0 -999.0 283.4408510347791 3.835129811370634 283.4322601750081 3.8768699381741882 58.837193985095325 155.35915720976132 -999.0 6231.0 -999.0 -1 -999 {-999.0 -999.0 -999.0 -999.0 -999.0} "" -999.0 -999.0 -999.0 -999.0 -999 -999 "" "" "" "" 0 0 0.0 0.0 -999 ""
FIBERMAP 751 R-10C16 APOGEE 0 0 0 1 0 0 169.58069434459762 -192.5749210952428 143.1 72.56785572544635 -246.14270623256812 6.194227 117.94915 -999.0 -999.0 -999.0 -999.0 -999.0 282.8482871285996 3.282864957962134 282.84118545042554 3.323112197635198 58.51831599724568 156.789627858103 -999.0 16600.0 -999.0 2 -999 {-999.0 -999.0 -999.0 -999.0 -999.0} "" -999.0 -999.0 -999.0 -999.0 -999 -999 "" "" "" "" 0 0 0.0 0.0 -999 ""
FIBERMAP 751 R-10C16 BOSS 1 1 0 1 0 0 170.01101641300372 -193.19123084788689 143.1 72.6981754709573 -246.88305348410776 6.194227 117.94915 282.8489023518287 3.2794408117671447 -1.049043 -0.49019575 1.094979 282.8488999136708 3.2794268185620115 282.8417652880466 3.319794329704821 58.51499410799059 156.79069118256794 5400.0 5400.0 2016.0 1 268 {-999.0 20.98449 18.535137 17.119059 -999.0} sdss_psfmag_ps1 19.697092 17.746553 16.475433 13.411 63050395644102293 939256469 bright_1x1 openfibertargets_nov2020_34a open_fiber science 0 0 0.0 0.0 -999 ""
FIBERMAP 751 R-10C16 METROLOGY 0 0 0 1 0 0 169.26667889404555 -193.2517196452755 143.1 71.99769209856497 -246.62401350937665 6.194227 117.94915 -999.0 -999.0 -999.0 -999.0 -999.0 282.84572340226737 3.28061794721621 282.83859788749226 3.320943605102679 58.517127752828316 156.79567218792164 -999.0 6231.0 -999.0 -1 -999 {-999.0 -999.0 -999.0 -999.0 -999.0} "" -999.0 -999.0 -999.0 -999.0 -999 -999 "" "" "" "" 0 0 0.0 0.0 -999 ""
FIBERMAP 753 R-2C22 APOGEE 0 0 0 1 0 0 190.29888722194318 -27.228185728062762 143.1 161.08317866144552 -104.94115380123307 156.88771 91.38958 -999.0 -999.0 -999.0 -999.0 -999.0 283.2539530995252 3.9191753971354424 283.245198935177 3.960336092044788 58.980625252976765 155.64126415589809 -999.0 16600.0 -999.0 2 -999 {-999.0 -999.0 -999.0 -999.0 -999.0} "" -999.0 -999.0 -999.0 -999.0 -999 -999 "" "" "" "" 0 0 0.0 0.0 -999 ""
FIBERMAP 753 R-2C22 BOSS 1 1 0 1 0 0 190.57210805972997 -26.525185928008234 143.1 161.62739844626665 -104.41888353859439 156.88771 91.38958 283.2565606037231 3.9214420115953326 -4.676806 -11.363993 0.84169185 283.2565191047936 3.9213972469273006 283.24771625597816 3.962679231020438 58.98194903905942 155.6351139463477 5400.0 5400.0 2016.0 1 285 {-999.0 20.520435 18.159395 16.834799 -999.0} sdss_psfmag_ps1 19.40868 17.462202 16.191322 13.247 63050395645286468 939261221 bright_1x1 openfibertargets_nov2020_34a open_fiber science 0 0 0.0 0.0 -999 ""
FIBERMAP 753 R-2C22 METROLOGY 0 0 0 1 0 0 191.03457495093352 -27.103986106787886 143.1 161.8026855636002 -105.13877230714584 156.88771 91.38958 -999.0 -999.0 -999.0 -999.0 -999.0 283.2572690383738 3.9181745890078297 283.24848640629926 3.9594265251868923 58.97863215367616 155.6359108910895 -999.0 6231.0 -999.0 -1 -999 {-999.0 -999.0 -999.0 -999.0 -999.0} "" -999.0 -999.0 -999.0 -999.0 -999 -999 "" "" "" "" 0 0 0.0 0.0 -999 ""
FIBERMAP 756 R-13C9 APOGEE 1 1 0 1 0 0 40.94049766057843 -242.10566081084585 143.1 -64.97216844946487 -236.80940758301634 50.186092 120.49209 282.2247320453254 3.3261005741731187 -4.4992776 -7.4509535 0.51244646 282.2247261916773 3.3260724241985686 282.2175800757394 3.3647063553520162 58.759668957425816 157.89519841994115 16000.0 16600.0 2016.0 2 207 {-999.0 23.502197 20.11058 17.582294 -999.0} sdss_psfmag_ps1 21.48744 17.657246 16.047165 10.331 63050395644693066 1154114740 bright_1x1 mwm_galactic_core_dist_apogee_sparse mwm_galactic science 0 0 0.0 0.0 -999 ""
FIBERMAP 756 R-13C9 BOSS 0 0 0 1 0 0 41.675546576203 -242.1977859292272 143.1 -64.34446638774196 -237.20292275792957 50.186092 120.49209 -999.0 -999.0 -999.0 -999.0 -999.0 282.2276053648596 3.3241545959867276 282.22042447081833 3.3629138451026486 58.75706877660089 157.8911015691752 -999.0 5400.0 -999.0 1 334 {-999.0 -999.0 -999.0 -999.0 -999.0} "" -999.0 -999.0 -999.0 -999.0 -999 -999 "" "" "" "" 0 0 0.0 0.0 -999 ""
FIBERMAP 756 R-13C9 METROLOGY 0 0 0 1 0 0 41.22700956159745 -242.79291917321024 143.1 -65.00217710872442 -237.5534462605766 50.186092 120.49209 -999.0 -999.0 -999.0 -999.0 -999.0 282.2246172673137 3.322642810533194 282.21745168401105 3.361361371511856 58.75653706421336 157.89747696719417 -999.0 6231.0 -999.0 -1 -999 {-999.0 -999.0 -999.0 -999.0 -999.0} "" -999.0 -999.0 -999.0 -999.0 -999 -999 "" "" "" "" 0 0 0.0 0.0 -999 ""
FIBERMAP 758 R+4C17 APOGEE 1 1 0 1 0 0 113.658060387322 93.74114424140198 143.1 142.59784644263672 37.07533049861487 106.6164 91.82036 283.17303050731255 4.564496155548191 -3.2831955 -6.025301 0.21192132 283.17301395786325 4.564472238085255 283.16263142581363 4.605296349858589 59.61365178949448 155.3505513721866 16000.0 16600.0 2016.0 2 83 {-999.0 22.912907 22.766737 18.192194 -999.0} sdss_psfmag_ps1 21.264744 17.564232 15.720638 8.178 63050395645556216 1156794194 bright_1x1 mwm_galactic_core_dist_apogee_extra mwm_galactic science 0 0 0.0 0.0 -999 ""
FIBERMAP 758 R+4C17 BOSS 0 0 0 1 0 0 114.36125062852804 93.97640878126693 143.1 143.33472100611263 36.9921314946444 106.6164 91.82036 -999.0 -999.0 -999.0 -999.0 -999.0 283.1764584499587 4.563980922783534 283.1660345677059 4.604926087905761 59.61211158014838 155.34453182831925 -999.0 5400.0 -999.0 1 210 {-999.0 -999.0 -999.0 -999.0 -999.0} "" -999.0 -999.0 -999.0 -999.0 -999 -999 "" "" "" "" 0 0 0.0 0.0 -999 ""
FIBERMAP 758 R+4C17 METROLOGY 0 0 0 1 0 0 114.22581039814365 93.250411478352 143.1 142.90574425384418 36.39090381770124 106.6164 91.82036 -999.0 -999.0 -999.0 -999.0 -999.0 283.17448053252264 4.561285643609076 283.164075656715 4.602194502467555 59.61024177467512 155.3500449666351 -999.0 6231.0 -999.0 -1 -999 {-999.0 -999.0 -999.0 -999.0 -999.0} "" -999.0 -999.0 -999.0 -999.0 -999 -999 "" "" "" "" 0 0 0.0 0.0 -999 ""
FIBERMAP 760 R+10C10 APOGEE 0 0 0 1 0 0 30.276565623793267 179.5435203597993 143.1 103.16985547762948 150.04455171145452 323.97028 90.23622 -999.0 -999.0 -999.0 -999.0 -999.0 282.9942933520752 5.077963228101696 282.98262144284257 5.118227447524439 60.15688872312439 155.32513811935146 -999.0 16600.0 -999.0 2 -999 {-999.0 -999.0 -999.0 -999.0 -999.0} "" -999.0 -999.0 -999.0 -999.0 -999 -999 "" "" "" "" 0 0 0.0 0.0 -999 ""
FIBERMAP 760 R+10C10 BOSS 1 1 0 1 0 0 29.83243075574951 178.9229380059717 143.1 102.50540462394751 149.6690942141767 323.97028 90.23622 282.99133300781244 5.076204956499225 -999.0 -999.0 -999.0 282.9913425519732 5.0762201387825865 282.9796338688544 5.116586795523741 60.15640194842284 155.33189602868984 5400.0 5400.0 2015.5 1 122 {-999.0 -999.0 -999.0 -999.0 -999.0} "" -999.0 -999.0 -999.0 -999.0 27021603150621217 820735747 "" ops_sky_boss_good ops_sky sky_boss 0 0 0.0 0.0 -999 ""
FIBERMAP 760 R+10C10 METROLOGY 0 0 0 1 0 0 29.53374601989509 179.61338463233068 143.1 102.52571931151869 150.42115741459173 323.97028 90.23622 -999.0 -999.0 -999.0 -999.0 -999.0 282.99141750672754 5.079642185419332 282.9797118592361 5.119977273673235 60.159547587390975 155.32934903285144 -999.0 6231.0 -999.0 -1 -999 {-999.0 -999.0 -999.0 -999.0 -999.0} "" -999.0 -999.0 -999.0 -999.0 -999 -999 "" "" "" "" 0 0 0.0 0.0 -999 ""
FIBERMAP 761 R+4C9 APOGEE 1 1 0 1 0 0 -79.35577550976114 74.91018637517881 143.1 -40.37072447094463 101.3943711181346 185.1834 124.295944 282.3389331146883 4.859832925056304 -0.9288296 -2.499778 0.42072114 282.338953056957 4.859769467919028 282.32789303289445 4.898392375272429 60.174179611540055 156.7082153791003 16000.0 16600.0 2016.0 2 118 {-999.0 19.805347 16.350008 14.814322 -999.0} sdss_psfmag_ps1 17.862679 15.321986 13.910041 9.658 63050395645636464 1154125147 bright_1x1 mwm_galactic_core_dist_apogee_sparse mwm_galactic science 0 0 0.0 0.0 -999 ""
FIBERMAP 761 R+4C9 BOSS 0 0 0 1 0 0 -79.8372343367012 75.48217960144686 143.1 -40.56610425662455 102.11609627785542 185.1834 124.295944 -999.0 -999.0 -999.0 -999.0 -999.0 282.33809093369615 4.8629866388861025 282.3269835635302 4.901717072964173 60.177616110817176 156.7077020118777 -999.0 5400.0 -999.0 1 64 {-999.0 -999.0 -999.0 -999.0 -999.0} "" -999.0 -999.0 -999.0 -999.0 -999 -999 "" "" "" "" 0 0 0.0 0.0 -999 ""
FIBERMAP 761 R+4C9 METROLOGY 0 0 0 1 0 0 -79.11173589223256 75.65158548484861 143.1 -39.83677335281004 101.96376828068142 185.1834 124.295944 -999.0 -999.0 -999.0 -999.0 -999.0 282.3414117094169 4.862311849229105 282.33031687541626 4.901019681449697 60.17585024226396 156.7018750197012 -999.0 6231.0 -999.0 -1 -999 {-999.0 -999.0 -999.0 -999.0 -999.0} "" -999.0 -999.0 -999.0 -999.0 -999 -999 "" "" "" "" 0 0 0.0 0.0 -999 ""
FIBERMAP 762 R+2C22 APOGEE 0 0 0 1 0 0 193.37495595537118 39.47667200986689 143.1 192.0024717941422 -45.74952774938077 114.28122 163.06087 -999.0 -999.0 -999.0 -999.0 -999.0 283.39545198971524 4.187435217594702 283.3860049611308 4.228905196672638 59.18289557857092 155.20199407138648 -999.0 16600.0 -999.0 2 -999 {-999.0 -999.0 -999.0 -999.0 -999.0} "" -999.0 -999.0 -999.0 -999.0 -999 -999 "" "" "" "" 0 0 0.0 0.0 -999 ""
FIBERMAP 762 R+2C22 BOSS 1 1 0 1 0 0 193.27051207048788 40.19822566659708 143.1 192.21204462569412 -45.051168929162955 114.28122 163.06087 283.3965242990098 4.190521307926879 -0.53439295 -3.886376 0.45053104 283.39650824644343 4.190476027836788 283.38701020893495 4.2320620615621465 59.185493851516036 155.1979841247842 5400.0 5400.0 2016.0 1 224 {-999.0 19.277397 16.597906 15.061705 -999.0} sdss_psfmag_ps1 17.882885 15.672852 14.30997 11.097 63050395645305960 1093381477 bright_3x1 mwm_astar_core_boss mwm_ob science 0 0 0.0 0.0 -999 ""
FIBERMAP 762 R+2C22 METROLOGY 0 0 0 1 0 0 193.967882050325 39.92955237644799 143.1 192.73112742538612 -45.58889080722888 114.28122 163.06087 -999.0 -999.0 -999.0 -999.0 -999.0 283.3988171170296 4.188066497902932 283.38933720355243 4.229626652581386 59.18239503064818 155.1954285435606 -999.0 6231.0 -999.0 -1 -999 {-999.0 -999.0 -999.0 -999.0 -999.0} "" -999.0 -999.0 -999.0 -999.0 -999 -999 "" "" "" "" 0 0 0.0 0.0 -999 ""
FIBERMAP 765 R+2C19 APOGEE 1 1 0 1 0 0 144.78114864167853 35.968501367862316 143.1 146.4575628185933 -28.43845601202052 325.8114 135.55095 283.189570979526 4.2665790054736 -1.5722072 -6.722615 0.31430954 283.1895574297593 4.266534905109823 283.17992919801577 4.307460722909548 59.32867504531947 155.52432401999388 16000.0 16600.0 2016.0 2 72 {-999.0 25.420229 20.723068 16.81502 -999.0} sdss_psfmag_ps1 21.31394 16.524572 14.828826 8.694 63050395645512121 1154123486 bright_1x1 mwm_galactic_core_dist_apogee_sparse mwm_galactic science 0 0 0.0 0.0 -999 ""
FIBERMAP 765 R+2C19 BOSS 0 0 0 1 0 0 144.93205517322082 35.23792286822901 143.1 146.28631707837368 -29.164592277743967 325.8114 135.55095 -999.0 -999.0 -999.0 -999.0 -999.0 283.18886446171905 4.2631109543942 283.1792025356137 4.30414919648781 59.32582530381284 155.5279227260087 -999.0 5400.0 -999.0 1 221 {-999.0 -999.0 -999.0 -999.0 -999.0} "" -999.0 -999.0 -999.0 -999.0 -999 -999 "" "" "" "" 0 0 0.0 0.0 -999 ""
FIBERMAP 765 R+2C19 METROLOGY 0 0 0 1 0 0 144.21988189161533 35.47193471975957 143.1 145.73919349877798 -28.652059189666087 325.8114 135.55095 -999.0 -999.0 -999.0 -999.0 -999.0 283.186367601584 4.265481945343072 283.17671193031 4.306481126078826 59.32887786225745 155.5308878255465 -999.0 6231.0 -999.0 -1 -999 {-999.0 -999.0 -999.0 -999.0 -999.0} "" -999.0 -999.0 -999.0 -999.0 -999 -999 "" "" "" "" 0 0 0.0 0.0 -999 ""
FIBERMAP 766 R+7C3 APOGEE 1 1 0 1 0 0 -153.28507615421694 142.34150945239853 143.1 -78.97453714810655 193.71843274071819 48.674522 89.52261 282.16461181640625 5.277524184458031 -999.0 -999.0 -999.0 282.1646135405334 5.27756152046172 282.1525019080068 5.315654590806798 60.62581348283014 156.75994161692077 16000.0 16600.0 2015.5 2 123 {-999.0 -999.0 -999.0 -999.0 -999.0} "" -999.0 -999.0 -999.0 -999.0 27021603150622036 842847566 "" ops_sky_apogee_best ops_sky sky_apogee 0 0 0.0 0.0 -999 ""
FIBERMAP 766 R+7C3 BOSS 0 0 0 1 0 0 -152.71570673317567 141.84977210213845 143.1 -78.66559447584031 193.03241217130932 48.674522 89.52261 -999.0 -999.0 -999.0 -999.0 -999.0 282.16602369798693 5.2744096974638826 282.15388151788716 5.312615424133363 60.62249026507714 156.7593659017932 -999.0 5400.0 -999.0 1 26 {-999.0 -999.0 -999.0 -999.0 -999.0} "" -999.0 -999.0 -999.0 -999.0 -999 -999 "" "" "" "" 0 0 0.0 0.0 -999 ""
FIBERMAP 766 R+7C3 METROLOGY 0 0 0 1 0 0 -153.42336518943466 141.60744647764028 143.1 -79.409498579818 193.11109236825288 48.674522 89.52261 -999.0 -999.0 -999.0 -999.0 -999.0 282.16263344163696 5.2747820093391535 282.150501506614 5.312948214643954 60.62392540677533 156.76560846483503 -999.0 6231.0 -999.0 -1 -999 {-999.0 -999.0 -999.0 -999.0 -999.0} "" -999.0 -999.0 -999.0 -999.0 -999 -999 "" "" "" "" 0 0 0.0 0.0 -999 ""
FIBERMAP 776 R+1C5 APOGEE 1 1 0 1 0 0 -182.1657163963318 17.276798215037488 143.1 -157.9044797189431 92.48729612182366 301.57465 154.40611 281.80357076839715 4.819372320544357 -2.2249143 -4.4734454 0.015329148 281.8035821889894 4.819391902296366 281.79267231869267 4.856644593109455 60.308913950670394 157.7511888284634 16000.0 16600.0 2016.0 2 110 {-999.0 22.236958 18.965229 15.608517 -999.0} sdss_psfmag_ps1 20.457794 15.5960865 13.891116 8.25 63050395645664755 1154125099 bright_1x1 mwm_galactic_core_dist_apogee_sparse mwm_galactic science 0 0 0.0 0.0 -999 ""
FIBERMAP 776 R+1C5 BOSS 0 0 0 1 0 0 -182.12218242883264 16.525168571028313 143.1 -158.18196968862514 91.78735011904487 301.57465 154.40611 -999.0 -999.0 -999.0 -999.0 -999.0 281.8022995030018 4.816133720361515 281.7913607273648 4.8534941166485295 60.30634614776251 157.75572095812961 -999.0 5400.0 -999.0 1 63 {-999.0 -999.0 -999.0 -999.0 -999.0} "" -999.0 -999.0 -999.0 -999.0 -999 -999 "" "" "" "" 0 0 0.0 0.0 -999 ""
FIBERMAP 776 R+1C5 METROLOGY 0 0 0 1 0 0 -182.79331957555289 16.86474633523545 143.1 -158.64736333727572 92.37830653049065 301.57465 154.40611 -999.0 -999.0 -999.0 -999.0 -999.0 281.80020002887096 4.818836043424174 281.78926512288285 4.856159215967673 60.30953864522437 157.75799678817805 -999.0 6231.0 -999.0 -1 -999 {-999.0 -999.0 -999.0 -999.0 -999.0} "" -999.0 -999.0 -999.0 -999.0 -999 -999 "" "" "" "" 0 0 0.0 0.0 -999 ""
FIBERMAP 779 R+1C20 APOGEE 1 1 0 1 0 0 126.14613788330215 12.154289666675366 143.1 119.51648630989583 -42.17498417103918 256.03314 46.32195 283.06685246128154 4.204455316937303 -1.2245405 -5.3069596 0.33324128 283.06684953199976 4.204378986157384 283.057390404237 4.245002167553304 59.312582111911695 155.79143293645757 16000.0 16600.0 2016.0 2 85 {-999.0 26.25027 22.255737 18.88088 -999.0} sdss_psfmag_ps1 21.633724 18.711683 17.0254 10.408 63050395645511550 1154123351 bright_1x1 mwm_galactic_core_dist_apogee_sparse mwm_galactic science 0 0 0.0 0.0 -999 ""
FIBERMAP 779 R+1C20 BOSS 0 0 0 1 0 0 125.73827053841094 12.768461049749295 143.1 119.4056270325256 -41.4460453242057 256.03314 46.32195 -999.0 -999.0 -999.0 -999.0 -999.0 283.06645298966504 4.207563210582633 283.05694379796523 4.248298462296041 59.31582908781972 155.79001845534756 -999.0 5400.0 -999.0 1 233 {-999.0 -999.0 -999.0 -999.0 -999.0} "" -999.0 -999.0 -999.0 -999.0 -999 -999 "" "" "" "" 0 0 0.0 0.0 -999 ""
FIBERMAP 779 R+1C20 METROLOGY 0 0 0 1 0 0 126.48478578800301 12.821419820640724 143.1 120.10490973773457 -41.71283198720992 256.03314 46.32195 -999.0 -999.0 -999.0 -999.0 -999.0 283.06960745673325 4.206378077151143 283.0601128759459 4.247089442402464 59.31360176041854 155.7850269161107 -999.0 6231.0 -999.0 -1 -999 {-999.0 -999.0 -999.0 -999.0 -999.0} "" -999.0 -999.0 -999.0 -999.0 -999 -999 "" "" "" "" 0 0 0.0 0.0 -999 ""
FIBERMAP 781 R+8C12 APOGEE 0 0 0 1 0 0 30.74528896249846 156.7817228320654 143.1 93.99610108992381 129.20619678476467 179.28677 110.69881 -999.0 -999.0 -999.0 -999.0 -999.0 282.95249290451704 4.983899174794698 282.94106384452675 5.024074510491583 60.0832907346814 155.469351370812 -999.0 16600.0 -999.0 2 -999 {-999.0 -999.0 -999.0 -999.0 -999.0} "" -999.0 -999.0 -999.0 -999.0 -999 -999 "" "" "" "" 0 0 0.0 0.0 -999 ""
FIBERMAP 781 R+8C12 BOSS 1 1 0 1 0 0 30.48844740387402 157.48764205531913 143.1 94.06088460487398 129.9546451941195 179.28677 110.69881 282.952880859375 4.987270109506582 -999.0 -999.0 -999.0 282.9528654604147 4.987224266117787 282.94138655955817 5.0275099693676655 60.086395605094516 155.4663333090694 5400.0 5400.0 2015.5 1 139 {-999.0 -999.0 -999.0 -999.0 -999.0} "" -999.0 -999.0 -999.0 -999.0 27021603150619144 812877196 "" ops_sky_boss_good ops_sky sky_boss 0 0 0.0 0.0 -999 ""
FIBERMAP 781 R+8C12 METROLOGY 0 0 0 1 0 0 31.216380388327707 157.36028557630496 143.1 94.66727655354775 129.53218260218108 179.28677 110.69881 -999.0 -999.0 -999.0 -999.0 -999.0 282.95560768905494 4.985317330204913 282.94414511720635 5.025579264538289 60.08362416019828 155.4625298848924 -999.0 6231.0 -999.0 -1 -999 {-999.0 -999.0 -999.0 -999.0 -999.0} "" -999.0 -999.0 -999.0 -999.0 -999 -999 "" "" "" "" 0 0 0.0 0.0 -999 ""
FIBERMAP 784 R0C21 APOGEE 1 1 0 1 0 0 174.61065089760484 0.544931762869312 143.1 158.56898897898324 -73.1403012977081 37.754436 75.82182 283.24349768063774 4.063382711313927 -2.8223295 -4.9095793 0.39182696 283.2434822951438 4.063371388331229 283.23436390432374 4.104476251654494 59.11950846998721 155.56337361293674 16000.0 16600.0 2016.0 2 73 {-999.0 25.421864 21.38156 18.230076 -999.0} sdss_psfmag_ps1 21.459906 18.075556 16.375986 9.32 63050395645291130 1154119284 bright_1x1 mwm_galactic_core_dist_apogee_sparse mwm_galactic science 0 0 0.0 0.0 -999 ""
FIBERMAP 784 R0C21 BOSS 0 0 0 1 0 0 174.9127236942082 -0.12944427603854852 143.1 158.5585237002847 -73.879220249746 37.754436 75.82182 -999.0 -999.0 -999.0 -999.0 -999.0 283.24350854307096 4.059879847555706 283.2343562849963 4.101099972455468 59.11634680518176 155.56568147983998 -999.0 5400.0 -999.0 1 243 {-999.0 -999.0 -999.0 -999.0 -999.0} "" -999.0 -999.0 -999.0 -999.0 -999 -999 "" "" "" "" 0 0 0.0 0.0 -999 ""
FIBERMAP 784 R0C21 METROLOGY 0 0 0 1 0 0 174.17153287006246 -0.06210825555645244 143.1 157.914798352227 -73.50559406520237 37.754436 75.82182 -999.0 -999.0 -999.0 -999.0 -999.0 283.24057968556855 4.06161581781264 283.23143542071614 4.102795623596804 59.11895191477922 155.56984932684688 -999.0 6231.0 -999.0 -1 -999 {-999.0 -999.0 -999.0 -999.0 -999.0} "" -999.0 -999.0 -999.0 -999.0 -999 -999 "" "" "" "" 0 0 0.0 0.0 -999 ""
FIBERMAP 786 R+11C5 APOGEE 1 1 0 1 0 0 -63.7728423757023 216.0206914133446 143.1 33.26730207738697 222.783770247613 24.838032 102.40071 282.67622644159826 5.407449908962816 -1.6393603 -5.526197 0.051176835 282.6762170443204 5.407444816163681 282.6637319051942 5.44682799548382 60.57585682618978 155.6940545083675 16000.0 16600.0 2016.0 2 22 {-999.0 25.394224 22.271019 18.313612 -999.0} sdss_psfmag_ps1 21.422659 17.895748 16.159575 9.87 63050395645779865 1154126107 bright_1x1 mwm_galactic_core_dist_apogee_sparse mwm_galactic science 0 0 0.0 0.0 -999 ""
FIBERMAP 786 R+11C5 BOSS 0 0 0 1 0 0 -63.32213076142603 215.43077242390922 143.1 33.42724048305583 222.05875607541108 24.838032 102.40071 -999.0 -999.0 -999.0 -999.0 -999.0 282.6769871711515 5.404119611224359 282.6644702104866 5.4436134503011555 60.572587289244495 155.69492669865446 -999.0 5400.0 -999.0 1 144 {-999.0 -999.0 -999.0 -999.0 -999.0} "" -999.0 -999.0 -999.0 -999.0 -999 -999 "" "" "" "" 0 0 0.0 0.0 -999 ""
FIBERMAP 786 R+11C5 METROLOGY 0 0 0 1 0 0 -64.06322428490353 215.32332062374846 143.1 32.709894202417864 222.27384138012587 24.838032 102.40071 -999.0 -999.0 -999.0 -999.0 -999.0 282.6737100009061 5.405121209667078 282.6612021624008 5.444575814796363 60.57462059093066 155.70045452423878 -999.0 6231.0 -999.0 -1 -999 {-999.0 -999.0 -999.0 -999.0 -999.0} "" -999.0 -999.0 -999.0 -999.0 -999 -999 "" "" "" "" 0 0 0.0 0.0 -999 ""
FIBERMAP 787 R+9C16 APOGEE 1 1 0 1 0 0 157.07253182856886 166.37197915066548 143.1 212.59554611429277 84.62974098734436 332.80496 108.21581 283.4900797159021 4.77833201032609 -4.901431 -6.301153 0.031111863 283.4900930333873 4.778327246946481 283.479139986372 4.819922366218122 59.70160304753509 154.6156301166325 16000.0 16600.0 2016.0 2 88 {-999.0 23.51821 23.195124 19.446692 -999.0} sdss_psfmag_ps1 21.475946 19.082073 17.347254 10.244 63050395645561410 1154124281 bright_1x1 mwm_galactic_core_dist_apogee_sparse mwm_galactic science 0 0 0.0 0.0 -999 ""
FIBERMAP 787 R+9C16 BOSS 0 0 0 1 0 0 156.97677623528892 165.63085887501512 143.1 212.19617844577616 83.99806433312177 332.80496 108.21581 -999.0 -999.0 -999.0 -999.0 -999.0 283.4883713510671 4.7753843686689414 283.4773825932184 4.817086934941457 59.699593049767955 154.62089897271917 -999.0 5400.0 -999.0 1 227 {-999.0 -999.0 -999.0 -999.0 -999.0} "" -999.0 -999.0 -999.0 -999.0 -999 -999 "" "" "" "" 0 0 0.0 0.0 -999 ""
FIBERMAP 787 R+9C16 METROLOGY 0 0 0 1 0 0 156.382382298438 166.07289970917992 143.1 211.843585874621 84.6495724633436 332.80496 108.21581 -999.0 -999.0 -999.0 -999.0 -999.0 283.48676372561357 4.778374123760914 283.47577980727624 4.820040431375885 59.70292424778199 154.6217330150493 -999.0 6231.0 -999.0 -1 -999 {-999.0 -999.0 -999.0 -999.0 -999.0} "" -999.0 -999.0 -999.0 -999.0 -999 -999 "" "" "" "" 0 0 0.0 0.0 -999 ""
FIBERMAP 789 R+2C9 APOGEE 1 1 0 1 0 0 -100.52648027834002 24.415283803373548 143.1 -80.86262265428805 64.53276749087242 266.71918 77.07145 282.15362548828125 4.692465853429411 -999.0 -999.0 -999.0 282.1536313147631 4.6924429779321155 282.14301438930335 4.730621829512876 60.07673676445964 157.1686193534592 16000.0 16600.0 2015.5 2 109 {-999.0 -999.0 -999.0 -999.0 -999.0} "" -999.0 -999.0 -999.0 -999.0 27021603150620135 848237979 "" ops_sky_apogee_best ops_sky sky_apogee 0 0 0.0 0.0 -999 ""
FIBERMAP 789 R+2C9 BOSS 0 0 0 1 0 0 -101.2553807391576 24.599091395770223 143.1 -81.44608611961088 65.00682867077437 266.71918 77.07145 -999.0 -999.0 -999.0 -999.0 -999.0 282.15097571724715 4.69452202815482 282.14031511522074 4.732804710848442 60.079680010896624 157.1722824792424 -999.0 5400.0 -999.0 1 53 {-999.0 -999.0 -999.0 -999.0 -999.0} "" -999.0 -999.0 -999.0 -999.0 -999 -999 "" "" "" "" 0 0 0.0 0.0 -999 ""
FIBERMAP 789 R+2C9 METROLOGY 0 0 0 1 0 0 -100.73474003354353 25.134763126543533 143.1 -80.74806615138974 65.273025109572 266.71918 77.07145 -999.0 -999.0 -999.0 -999.0 -999.0 282.15415988274174 4.695755031369543 282.14350678545446 4.734014187275642 60.079781466410665 157.16546311558514 -999.0 6231.0 -999.0 -1 -999 {-999.0 -999.0 -999.0 -999.0 -999.0} "" -999.0 -999.0 -999.0 -999.0 -999 -999 "" "" "" "" 0 0 0.0 0.0 -999 ""
FIBERMAP 790 R+6C16 APOGEE 0 0 0 1 0 0 93.7959175735727 115.01020061749674 143.1 133.55589951275286 64.73838023332382 219.77025 76.422035 -999.0 -999.0 -999.0 -999.0 -999.0 283.1321796552785 4.690385411282879 283.121481084615 4.731079800007626 59.74582229389745 155.3389050055527 -999.0 16600.0 -999.0 2 -999 {-999.0 -999.0 -999.0 -999.0 -999.0} "" -999.0 -999.0 -999.0 -999.0 -999 -999 "" "" "" "" 0 0 0.0 0.0 -999 ""
FIBERMAP 790 R+6C16 BOSS 1 1 0 1 0 0 93.44955006041437 115.69776867722564 143.1 133.53176093322375 65.50794125119718 219.77025 76.422035 283.13217230757743 4.693832246278431 -0.013023669 -4.327116 2.598833 283.1321694329128 4.693795553372805 283.12142011729753 4.734600736859652 59.74913918453694 155.3365573808629 5400.0 5400.0 2016.0 1 215 {-999.0 14.8224745 14.034677 13.955951 -999.0} sdss_psfmag_ps1 14.5318 13.9923525 13.294407 11.939 63050395645566628 980524713 "" ops_std_boss_tic ops_std standard_boss 0 0 0.0 0.0 -999 ""
FIBERMAP 790 R+6C16 METROLOGY 0 0 0 1 0 0 94.20460810173357 115.63440734022839 143.1 134.18973740245912 65.13207146474785 219.77025 76.422035 -999.0 -999.0 -999.0 -999.0 -999.0 283.1351360825379 4.692099429393928 283.1244027314756 4.732880972353732 59.746482908893356 155.3322372561248 -999.0 6231.0 -999.0 -1 -999 {-999.0 -999.0 -999.0 -999.0 -999.0} "" -999.0 -999.0 -999.0 -999.0 -999 -999 "" "" "" "" 0 0 0.0 0.0 -999 ""
FIBERMAP 791 R+7C20 APOGEE 1 1 0 1 0 0 226.23076402147785 130.50169982965357 143.1 260.18239083632466 22.937631176508447 351.3684 104.805374 283.70332229675876 4.4976794615325675 -2.5492957 -3.3985066 0.00656881 283.70331134526805 4.497663903877149 283.6930505741962 4.539861249971177 59.363258954079555 154.42430915326474 16000.0 16600.0 2016.0 2 76 {-999.0 22.648273 18.835024 16.673458 -999.0} sdss_psfmag_ps1 19.969984 16.989368 15.455965 10.436 63050395645558052 1154124238 bright_1x1 mwm_galactic_core_dist_apogee_sparse mwm_galactic science 0 0 0.0 0.0 -999 ""
FIBERMAP 791 R+7C20 BOSS 0 0 0 1 0 0 226.38114156029155 129.7738637705901 143.1 260.01182190379217 22.214204870914077 351.3684 104.805374 -999.0 -999.0 -999.0 -999.0 -999.0 283.70259572958366 4.494283391072889 283.6922993900892 4.536592257966893 59.36048705211963 154.42801343368924 -999.0 5400.0 -999.0 1 250 {-999.0 -999.0 -999.0 -999.0 -999.0} "" -999.0 -999.0 -999.0 -999.0 -999 -999 "" "" "" "" 0 0 0.0 0.0 -999 ""
FIBERMAP 791 R+7C20 METROLOGY 0 0 0 1 0 0 225.673024306274 130.00154035488308 143.1 259.46570475867526 22.719282603708347 351.3684 104.805374 -999.0 -999.0 -999.0 -999.0 -999.0 283.7001444837142 4.496613536841665 283.6898549961693 4.53888371680426 59.36350841546388 154.43082969966727 -999.0 6231.0 -999.0 -1 -999 {-999.0 -999.0 -999.0 -999.0 -999.0} "" -999.0 -999.0 -999.0 -999.0 -999 -999 "" "" "" "" 0 0 0.0 0.0 -999 ""
FIBERMAP 792 R-7C14 APOGEE 1 1 0 1 0 0 67.10843171099387 -142.48008033671385 143.1 0.7700095301483534 -157.5028365387287 209.1717 118.89751 282.5238481775307 3.681904504006483 -1.4774879 -5.0511274 0.05309771 282.52385276474024 3.681892867067843 282.5157723576771 3.721225023056735 59.0012633149979 157.1277507161039 16000.0 16600.0 2016.0 2 184 {-999.0 23.039892 18.956282 16.72925 -999.0} sdss_psfmag_ps1 20.443537 17.084412 15.555119 10.577 63050395644704955 1154115102 bright_1x1 mwm_galactic_core_dist_apogee_sparse mwm_galactic science 0 0 0.0 0.0 -999 ""
FIBERMAP 792 R-7C14 BOSS 0 0 0 1 0 0 66.4671576870301 -142.10906693011455 143.1 0.3449527617379893 -156.89596735578596 209.1717 118.89751 -999.0 -999.0 -999.0 -999.0 -999.0 282.5219637431102 3.6844696352266557 282.51383671180764 3.7239123510326846 59.00443503708907 157.12958549572363 -999.0 5400.0 -999.0 1 326 {-999.0 -999.0 -999.0 -999.0 -999.0} "" -999.0 -999.0 -999.0 -999.0 -999 -999 "" "" "" "" 0 0 0.0 0.0 -999 ""
FIBERMAP 792 R-7C14 METROLOGY 0 0 0 1 0 0 67.12408348514695 -141.73674453706752 143.1 1.0976723244717277 -156.83537051485706 209.1717 118.89751 -999.0 -999.0 -999.0 -999.0 -999.0 282.52538181140824 3.684778809916875 282.51726505615153 3.7241974016626354 59.00358380617368 157.1231274518412 -999.0 6231.0 -999.0 -1 -999 {-999.0 -999.0 -999.0 -999.0 -999.0} "" -999.0 -999.0 -999.0 -999.0 -999 -999 "" "" "" "" 0 0 0.0 0.0 -999 ""
FIBERMAP 793 R+7C1 APOGEE 1 1 0 1 0 0 -199.1654975002252 132.60014171435674 143.1 -124.68749271729935 204.23290845823894 356.4103 108.61718 281.95725457245265 5.324338620605108 -0.93030787 -1.6777408 0.033238664 281.9572487610266 5.324329014590242 281.9450347729587 5.361879381653621 60.737760656125104 157.1268325849686 16000.0 16600.0 2016.0 2 97 {-999.0 20.586624 17.375942 15.635192 -999.0} sdss_psfmag_ps1 18.721989 16.146254 14.728153 10.535 63050395645718124 1154125593 bright_1x1 mwm_galactic_core_dist_apogee_sparse mwm_galactic science 0 0 0.0 0.0 -999 ""
FIBERMAP 793 R+7C1 BOSS 0 0 0 1 0 0 -198.9688164815616 131.88626685532049 143.1 -124.81018552851128 203.50261586867427 356.4103 108.61718 -999.0 -999.0 -999.0 -999.0 -999.0 281.9566903245404 5.3209656925265385 281.9444472504268 5.358623393819668 60.734877103353426 157.13014936924978 -999.0 5400.0 -999.0 1 82 {-999.0 -999.0 -999.0 -999.0 -999.0} "" -999.0 -999.0 -999.0 -999.0 -999 -999 "" "" "" "" 0 0 0.0 0.0 -999 ""
FIBERMAP 793 R+7C1 METROLOGY 0 0 0 1 0 0 -199.69511075450228 132.06665773450413 143.1 -125.39272651938028 203.97247968256082 356.4103 108.61718 -999.0 -999.0 -999.0 -999.0 -999.0 281.954057474916 5.323089685005185 281.9418198871236 5.360709550031071 60.737706252830904 157.13380354923353 -999.0 6231.0 -999.0 -1 -999 {-999.0 -999.0 -999.0 -999.0 -999.0} "" -999.0 -999.0 -999.0 -999.0 -999 -999 "" "" "" "" 0 0 0.0 0.0 -999 ""
FIBERMAP 795 R+5C3 APOGEE 1 1 0 1 0 0 -191.8511567749661 83.75813639541717 143.1 -138.65174710995691 156.8578435393323 264.81235 117.55235 281.89245018144425 5.110855944695722 -1.0775704 -2.2467432 0.2654259 281.8924732371344 5.1108346003393805 281.88081069168896 5.148259534340241 60.5567174458282 157.39240766932252 16000.0 16600.0 2016.0 2 130 {-999.0 20.36255 17.190361 15.551729 -999.0} sdss_psfmag_ps1 18.52759 16.05227 14.639103 10.447 63050395645707798 1154125488 bright_1x1 mwm_galactic_core_dist_apogee_sparse mwm_galactic science 0 0 0.0 0.0 -999 ""
FIBERMAP 795 R+5C3 BOSS 0 0 0 1 0 0 -192.51951230219566 83.46576315286114 143.1 -139.38111621912287 156.87456560948308 264.81235 117.55235 -999.0 -999.0 -999.0 -999.0 -999.0 281.88917176870314 5.110825851957187 281.877471966278 5.1483513420050455 60.55788338364674 157.3987457482634 -999.0 5400.0 -999.0 1 28 {-999.0 -999.0 -999.0 -999.0 -999.0} "" -999.0 -999.0 -999.0 -999.0 -999 -999 "" "" "" "" 0 0 0.0 0.0 -999 ""
FIBERMAP 795 R+5C3 METROLOGY 0 0 0 1 0 0 -192.44591976693135 84.20740196312515 143.1 -139.0016276277005 157.51605878395856 264.81235 117.55235 -999.0 -999.0 -999.0 -999.0 -999.0 281.8909069451882 5.1137500219647265 281.87921015872047 5.151248498419249 60.5600619704786 157.3935015990872 -999.0 6231.0 -999.0 -1 -999 {-999.0 -999.0 -999.0 -999.0 -999.0} "" -999.0 -999.0 -999.0 -999.0 -999 -999 "" "" "" "" 0 0 0.0 0.0 -999 ""
FIBERMAP 796 R-1C17 APOGEE 0 0 0 1 0 0 93.59597962519844 -14.422602875240909 143.1 78.79193422081673 -52.54863828100068 40.772743 93.09943 -999.0 -999.0 -999.0 -999.0 -999.0 282.88118100525827 4.15761453354029 282.8718580403685 4.1977701305146695 59.33173063920408 156.16382852669773 -999.0 16600.0 -999.0 2 -999 {-999.0 -999.0 -999.0 -999.0 -999.0} "" -999.0 -999.0 -999.0 -999.0 -999 -999 "" "" "" "" 0 0 0.0 0.0 -999 ""
FIBERMAP 796 R-1C17 BOSS 1 1 0 1 0 0 94.12260556765366 -14.944931412374132 143.1 79.04921605265277 -53.24437412854567 40.772743 93.09943 282.8824183583217 4.154328550242097 2.241386 -16.43736 1.4663097 282.88242224887944 4.154305717010575 282.8730661781585 4.194579054383888 59.32831996778921 156.16373934360274 5400.0 5400.0 2016.0 1 280 {-999.0 18.848984 17.12447 16.272032 -999.0} sdss_psfmag_ps1 17.999334 16.835594 15.768736 13.516 63050395645513498 982158573 "" ops_std_boss_tic ops_std standard_boss 0 0 0.0 0.0 -999 ""
FIBERMAP 796 R-1C17 METROLOGY 0 0 0 1 0 0 93.40683714136557 -15.144327962321388 143.1 78.31606119462346 -53.123345266401984 40.772743 93.09943 -999.0 -999.0 -999.0 -999.0 -999.0 282.8790626566545 4.154901292881924 282.86971712957046 4.195133600714705 59.32997928371039 156.1695250547413 -999.0 6231.0 -999.0 -1 -999 {-999.0 -999.0 -999.0 -999.0 -999.0} "" -999.0 -999.0 -999.0 -999.0 -999 -999 "" "" "" "" 0 0 0.0 0.0 -999 ""
FIBERMAP 800 R+11C7 APOGEE 1 1 0 1 0 0 -12.255549314071363 214.17969955941604 143.1 79.20748881408656 199.3891560043703 69.85847 32.30047 282.8852689622852 5.301256414845193 -3.2113976 -4.5760374 0.24555507 282.88525013080704 5.301220925508832 282.87301883016875 5.341161603034881 60.403979403860944 155.37281896577565 16000.0 16600.0 2016.0 2 16 {-999.0 25.130856 20.489695 18.41088 -999.0} sdss_psfmag_ps1 21.022352 18.543358 16.979214 9.349 63050395645749486 1154125685 bright_1x1 mwm_galactic_core_dist_apogee_sparse mwm_galactic science 0 0 0.0 0.0 -999 ""
FIBERMAP 800 R+11C7 BOSS 0 0 0 1 0 0 -12.104129341448818 213.4491168811628 143.1 79.03670690670172 198.66279942796197 69.85847 32.30047 -999.0 -999.0 -999.0 -999.0 -999.0 282.8845313942689 5.2978910528232035 282.8722676285206 5.337939142928995 60.40122627608024 155.37653246981077 -999.0 5400.0 -999.0 1 112 {-999.0 -999.0 -999.0 -999.0 -999.0} "" -999.0 -999.0 -999.0 -999.0 -999 -999 "" "" "" "" 0 0 0.0 0.0 -999 ""
FIBERMAP 800 R+11C7 METROLOGY 0 0 0 1 0 0 -12.811983710107071 213.67715065156426 143.1 78.49097877713125 199.16809020124714 69.85847 32.30047 -999.0 -999.0 -999.0 -999.0 -999.0 282.8820332780681 5.300202161978613 282.86977545604145 5.3402126006902275 60.404227446813664 155.3796155574257 -999.0 6231.0 -999.0 -1 -999 {-999.0 -999.0 -999.0 -999.0 -999.0} "" -999.0 -999.0 -999.0 -999.0 -999 -999 "" "" "" "" 0 0 0.0 0.0 -999 ""
FIBERMAP 804 R-6C16 APOGEE 0 0 0 1 0 0 98.03316283926398 -112.36794613498347 143.1 41.51143786621846 -143.23792650645794 171.82933 108.51241 -999.0 -999.0 -999.0 -999.0 -999.0 282.7096423171782 3.746072351623008 282.70138045235814 3.7858694547830143 59.001143581261246 156.7468576798624 -999.0 16600.0 -999.0 2 -999 {-999.0 -999.0 -999.0 -999.0 -999.0} "" -999.0 -999.0 -999.0 -999.0 -999 -999 "" "" "" "" 0 0 0.0 0.0 -999 ""
FIBERMAP 804 R-6C16 BOSS 1 1 0 1 0 0 97.89807749031073 -111.61669595196601 143.1 41.70574784258755 -142.49971678801225 171.82933 108.51241 282.7105931870376 3.7492275055799222 0.045025464 0.067103766 0.58014095 282.7105970935799 3.749243150286251 282.70228616727775 3.789157785476657 59.003943854900484 156.7430783356381 5400.0 5400.0 2016.0 1 305 {-999.0 20.886496 17.613897 15.878182 -999.0} sdss_psfmag_ps1 18.924095 16.370039 14.950693 10.729 63050395645493270 934472426 bright_1x1 openfibertargets_nov2020_34a open_fiber science 0 0 0.0 0.0 -999 ""
FIBERMAP 804 R-6C16 METROLOGY 0 0 0 1 0 0 98.59383294302751 -111.87569516722658 143.1 42.227446188881025 -143.02798523370444 171.82933 108.51241 -999.0 -999.0 -999.0 -999.0 -999.0 282.71294939589825 3.746890069109136 282.704655796556 3.786778442054951 59.000913293073495 156.74028627292742 -999.0 6231.0 -999.0 -1 -999 {-999.0 -999.0 -999.0 -999.0 -999.0} "" -999.0 -999.0 -999.0 -999.0 -999 -999 "" "" "" "" 0 0 0.0 0.0 -999 ""
FIBERMAP 805 R0C18 APOGEE 0 0 0 1 0 0 80.95443473072052 18.083761860529528 143.1 81.03656486818785 -17.74042588270694 167.40483 53.019073 -999.0 -999.0 -999.0 -999.0 -999.0 282.8919764399989 4.31602965442843 282.88225026554323 4.356181438032624 59.4770718765279 156.03837017393104 -999.0 16600.0 -999.0 2 -999 {-999.0 -999.0 -999.0 -999.0 -999.0} "" -999.0 -999.0 -999.0 -999.0 -999 -999 "" "" "" "" 0 0 0.0 0.0 -999 ""
FIBERMAP 805 R0C18 BOSS 1 1 0 1 0 0 81.52075977483291 18.581685419967258 143.1 81.76009333258794 -17.52772535603502 167.40483 53.019073 282.895358382782 4.3168694304142345 6.228642 0.5567675 1.2370093 282.8953625030724 4.3168664190802986 282.8855925139499 4.35713987405848 59.47683079088958 156.0315590186399 5400.0 5400.0 2016.0 1 241 {-999.0 20.7362 18.365923 16.992983 -999.0} sdss_psfmag_ps1 19.44755 17.559427 16.283201 13.224 63050395645516373 939263854 bright_1x1 openfibertargets_nov2020_34a open_fiber science 0 0 0.0 0.0 -999 ""
FIBERMAP 805 R0C18 METROLOGY 0 0 0 1 0 0 81.66249165744988 17.848565412804728 143.1 81.57945613219643 -18.25229728412586 167.40483 53.019073 -999.0 -999.0 -999.0 -999.0 -999.0 282.89450820025314 4.313603259652004 282.88475830357885 4.3538431169027625 59.47401843915819 156.03532112951055 -999.0 6231.0 -999.0 -1 -999 {-999.0 -999.0 -999.0 -999.0 -999.0} "" -999.0 -999.0 -999.0 -999.0 -999 -999 "" "" "" "" 0 0 0.0 0.0 -999 ""
FIBERMAP 806 R+4C22 APOGEE 0 0 0 1 0 0 224.7101558591008 92.85497347959921 143.1 242.9276132685973 -10.559654871732782 104.39876 98.47531 -999.0 -999.0 -999.0 -999.0 -999.0 283.6254910930247 4.346370695889223 283.6156203270699 4.388398792329648 59.25007678406877 154.67281063834292 -999.0 16600.0 -999.0 2 -999 {-999.0 -999.0 -999.0 -999.0 -999.0} "" -999.0 -999.0 -999.0 -999.0 -999 -999 "" "" "" "" 0 0 0.0 0.0 -999 ""
FIBERMAP 806 R+4C22 BOSS 1 1 0 1 0 0 225.37174617901076 93.16253130554321 143.1 243.65725103864682 -10.559754433916105 104.39876 98.47531 283.62886590803 4.346234856431433 1.3446199 -3.1044106 0.48929343 283.6288325975514 4.346244140701084 283.6189178641973 4.388394162643977 59.24888615139611 154.66681667445422 5400.0 5400.0 2016.0 1 236 {-999.0 18.176474 15.894856 14.544473 -999.0} sdss_psfmag_ps1 17.056013 15.157864 13.874444 11.069 63050395645308173 1093381500 bright_3x1 mwm_astar_core_boss mwm_ob science 0 0 0.0 0.0 -999 ""
FIBERMAP 806 R+4C22 METROLOGY 0 0 0 1 0 0 225.31206062119952 92.41409635627042 143.1 243.28750749731057 -11.213275098061695 104.39876 98.47531 -999.0 -999.0 -999.0 -999.0 -999.0 283.6271427949096 4.343322529367607 283.6172480784485 4.385436694931061 59.24672864109577 154.671940322087 -999.0 6231.0 -999.0 -1 -999 {-999.0 -999.0 -999.0 -999.0 -999.0} "" -999.0 -999.0 -999.0 -999.0 -999 -999 "" "" "" "" 0 0 0.0 0.0 -999 ""
FIBERMAP 808 R-9C5 APOGEE 1 1 0 1 0 0 -85.12198260208112 -190.31921942637524 143.1 -157.4485688595556 -136.68742372961748 35.917625 12.944058 281.80473437528525 3.779203175825917 -2.3159494 -2.3639343 0.08015533 281.8047356797979 3.77920935719572 281.7964795942063 3.8166701958827693 59.32064500232194 158.3953880475769 16000.0 16600.0 2016.0 2 287 {-999.0 21.23983 18.021513 16.176075 -999.0} sdss_psfmag_ps1 19.418177 16.626127 15.176106 10.905 63050395644743089 1154115628 bright_1x1 mwm_galactic_core_dist_apogee_sparse mwm_galactic science 0 0 0.0 0.0 -999 ""
FIBERMAP 808 R-9C5 BOSS 0 0 0 1 0 0 -85.61921627293687 -190.88841473203502 143.1 -158.13950013769406 -136.99389067750292 35.917625 12.944058 -999.0 -999.0 -999.0 -999.0 -999.0 281.80161693440937 3.7776981101240064 281.79332733556487 3.81526641258541 59.32028632362773 158.40210179105992 -999.0 5400.0 -999.0 1 412 {-999.0 -999.0 -999.0 -999.0 -999.0} "" -999.0 -999.0 -999.0 -999.0 -999 -999 "" "" "" "" 0 0 0.0 0.0 -999 ""
FIBERMAP 808 R-9C5 METROLOGY 0 0 0 1 0 0 -85.85667172932415 -190.1666854593956 143.1 -158.0504698543561 -136.23928075767654 35.917625 12.944058 -999.0 -999.0 -999.0 -999.0 -999.0 281.8020060605139 3.7811445657883227 281.7937183185867 3.818680525379968 59.323410967088165 158.39929901007605 -999.0 6231.0 -999.0 -1 -999 {-999.0 -999.0 -999.0 -999.0 -999.0} "" -999.0 -999.0 -999.0 -999.0 -999 -999 "" "" "" "" 0 0 0.0 0.0 -999 ""
FIBERMAP 809 R+9C1 APOGEE 1 1 0 1 0 0 -181.32849251779885 193.25344327757972 143.1 -82.93477321453047 251.71212214190294 124.77397 39.4161 282.1481323242187 5.537463434956223 -999.0 -999.0 -999.0 282.1481644347934 5.53743622561119 282.1353897440477 5.575436769232247 60.8763456265792 156.61506727666836 16000.0 16600.0 2015.5 2 120 {-999.0 -999.0 -999.0 -999.0 -999.0} "" -999.0 -999.0 -999.0 -999.0 27021603150622184 842847280 "" ops_sky_apogee_best ops_sky sky_apogee 0 0 0.0 0.0 -999 ""
FIBERMAP 809 R+9C1 BOSS 0 0 0 1 0 0 -180.59996294377348 193.07532477713653 143.1 -82.34924694687787 251.2433763092591 124.77397 39.4161 -999.0 -999.0 -999.0 -999.0 -999.0 282.1508426830002 5.535253835991933 282.13803500599 5.573368913362111 60.87351459637312 156.61139613954438 -999.0 5400.0 -999.0 1 78 {-999.0 -999.0 -999.0 -999.0 -999.0} "" -999.0 -999.0 -999.0 -999.0 -999 -999 "" "" "" "" 0 0 0.0 0.0 -999 ""
FIBERMAP 809 R+9C1 METROLOGY 0 0 0 1 0 0 -181.1195538563988 192.5280830773263 143.1 -83.05119408083705 250.96624536892315 124.77397 39.4161 -999.0 -999.0 -999.0 -999.0 -999.0 282.14763942162426 5.53403639626266 282.1348459927638 5.572113084688761 60.873395827900765 156.61840458202582 -999.0 6231.0 -999.0 -1 -999 {-999.0 -999.0 -999.0 -999.0 -999.0} "" -999.0 -999.0 -999.0 -999.0 -999 -999 "" "" "" "" 0 0 0.0 0.0 -999 ""
FIBERMAP 816 R+4C16 APOGEE 0 0 0 1 0 0 105.33937349339254 89.9469935975398 143.1 133.45433588131417 37.14279043568374 90.017685 54.530838 -999.0 -999.0 -999.0 -999.0 -999.0 283.13145755242124 4.564962342257939 283.12107750064484 4.605679694546602 59.62856258665601 155.42696715347813 -999.0 16600.0 -999.0 2 -999 {-999.0 -999.0 -999.0 -999.0 -999.0} "" -999.0 -999.0 -999.0 -999.0 -999 -999 "" "" "" "" 0 0 0.0 0.0 -999 ""
FIBERMAP 816 R+4C16 BOSS 1 1 0 1 0 0 105.93765531949018 89.5327048439568 143.1 133.82215727424634 36.514808701355754 90.017685 54.530838 283.13323819272284 4.562018532734197 -0.83814853 -7.8301144 1.4224279 283.1332197242674 4.562002264088693 283.12280489329106 4.602836831548158 59.62529635736891 155.42575076591862 5400.0 5400.0 2016.0 1 211 {-999.0 16.53047 14.98346 14.070246 -999.0} sdss_psfmag_from_g3xp 15.8733 14.691373 13.623577 11.523 63050395645556278 939264313 bright_1x1 openfibertargets_nov2020_34a open_fiber science 0 0 0.0 0.0 -999 ""
FIBERMAP 816 R+4C16 METROLOGY 0 0 0 1 0 0 105.27322913400216 89.20383351772347 143.1 133.08095986241636 36.49677680994555 90.017685 54.530838 -999.0 -999.0 -999.0 -999.0 -999.0 283.12982719133 4.561963939150955 283.1194247112774 4.602758035541625 59.62640447346327 155.4320453447679 -999.0 6231.0 -999.0 -1 -999 {-999.0 -999.0 -999.0 -999.0 -999.0} "" -999.0 -999.0 -999.0 -999.0 -999 -999 "" "" "" "" 0 0 0.0 0.0 -999 ""
FIBERMAP 818 R+7C11 APOGEE 1 1 0 1 0 0 6.98886989750166 148.85210337421316 143.1 69.10950189469717 132.03375285641337 112.8397 112.149994 282.8391120238359 4.997306659815209 -1.3426682 -2.473656 0.22210063 282.8390962143062 4.9972964725958295 282.82764270457625 5.03717798323428 60.13501313043342 155.67262501916417 16000.0 16600.0 2016.0 2 19 {-999.0 20.892385 17.55257 15.735255 -999.0} sdss_psfmag_ps1 18.859734 16.238848 14.800888 10.511 63050395645723743 1154125432 bright_1x1 mwm_galactic_core_dist_apogee_sparse mwm_galactic science 0 0 0.0 0.0 -999 ""
FIBERMAP 818 R+7C11 BOSS 0 0 0 1 0 0 7.502696124532738 149.40497590604951 143.1 69.80859609615358 132.31842091335432 112.8397 112.149994 -999.0 -999.0 -999.0 -999.0 -999.0 282.8423529789311 4.998511680779026 282.8308551437642 5.038511281228906 60.135150251882514 155.66566865910968 -999.0 5400.0 -999.0 1 135 {-999.0 -999.0 -999.0 -999.0 -999.0} "" -999.0 -999.0 -999.0 -999.0 -999 -999 "" "" "" "" 0 0 0.0 0.0 -999 ""
FIBERMAP 818 R+7C11 METROLOGY 0 0 0 1 0 0 7.723397536149065 148.70453094626058 143.1 69.71334876298663 131.5901771727763 112.8397 112.149994 -999.0 -999.0 -999.0 -999.0 -999.0 282.84189810641885 4.995235367857292 282.8304202562195 5.035203289953315 60.132199479387225 155.6687947659618 -999.0 6231.0 -999.0 -1 -999 {-999.0 -999.0 -999.0 -999.0 -999.0} "" -999.0 -999.0 -999.0 -999.0 -999 -999 "" "" "" "" 0 0 0.0 0.0 -999 ""
FIBERMAP 819 R+10C16 APOGEE 0 0 0 1 0 0 147.03290229802803 189.93719055059287 143.1 213.42908434759485 110.23275564368599 177.4012 139.61598 -999.0 -999.0 -999.0 -999.0 -999.0 283.4937808953578 4.8940732936228795 283.48253394124663 4.935655000487497 59.808243849254126 154.5261099551963 -999.0 16600.0 -999.0 2 -999 {-999.0 -999.0 -999.0 -999.0 -999.0} "" -999.0 -999.0 -999.0 -999.0 -999 -999 "" "" "" "" 0 0 0.0 0.0 -999 ""
FIBERMAP 819 R+10C16 BOSS 1 1 0 1 0 0 146.48442322838747 190.45264955030132 143.1 213.14908888967986 110.93147771272466 177.4012 139.61598 283.49258422851557 4.897177349814598 -999.0 -999.0 -999.0 283.4925855707534 4.897143954488429 283.4812876330867 4.938832710143881 59.81165553585953 154.5261168015849 5400.0 5400.0 2015.5 1 177 {-999.0 -999.0 -999.0 -999.0 -999.0} "" -999.0 -999.0 -999.0 -999.0 27021603150619195 820735528 "" ops_sky_boss_good ops_sky sky_boss 0 0 0.0 0.0 -999 ""
FIBERMAP 819 R+10C16 METROLOGY 0 0 0 1 0 0 147.1899913973337 190.666563565854 143.1 213.8791161330517 110.82791499058892 177.4012 139.61598 -999.0 -999.0 -999.0 -999.0 -999.0 283.49585373207594 4.8966743435090745 283.4845689680914 4.938340195742944 59.810009764592905 154.5204147912475 -999.0 6231.0 -999.0 -1 -999 {-999.0 -999.0 -999.0 -999.0 -999.0} "" -999.0 -999.0 -999.0 -999.0 -999 -999 "" "" "" "" 0 0 0.0 0.0 -999 ""
FIBERMAP 820 R+4C5 APOGEE 1 1 0 1 0 0 -167.8006922461232 71.88364156664927 143.1 -121.85002810054081 135.94766060826106 199.81566 124.803375 281.9682312011718 5.016523653273353 -999.0 -999.0 -999.0 281.96823645772486 5.0165040862170915 281.95680852367497 5.054142414446995 60.443103695680946 157.30917197582278 16000.0 16600.0 2015.5 2 127 {-999.0 -999.0 -999.0 -999.0 -999.0} "" -999.0 -999.0 -999.0 -999.0 27021603150620769 842846901 "" ops_sky_apogee_best ops_sky sky_apogee 0 0 0.0 0.0 -999 ""
FIBERMAP 820 R+4C5 BOSS 0 0 0 1 0 0 -168.41691738196752 72.29171557485316 143.1 -122.23674151664521 136.57757354238342 199.81566 124.803375 -999.0 -999.0 -999.0 -999.0 -999.0 281.96649461262524 5.019282381450025 281.9550218691601 5.0570251903059535 60.44640888030098 157.31068024743402 -999.0 5400.0 -999.0 1 41 {-999.0 -999.0 -999.0 -999.0 -999.0} "" -999.0 -999.0 -999.0 -999.0 -999 -999 "" "" "" "" 0 0 0.0 0.0 -999 ""
FIBERMAP 820 R+4C5 METROLOGY 0 0 0 1 0 0 -167.75384699506722 72.63056837382452 143.1 -121.49256430816544 136.60522851098463 199.81566 124.803375 -999.0 -999.0 -999.0 -999.0 -999.0 281.96987411073815 5.019436175024588 281.9584114038077 5.057156622383006 60.445433578478514 157.3041214784675 -999.0 6231.0 -999.0 -1 -999 {-999.0 -999.0 -999.0 -999.0 -999.0} "" -999.0 -999.0 -999.0 -999.0 -999 -999 "" "" "" "" 0 0 0.0 0.0 -999 ""
FIBERMAP 824 R-6C7 APOGEE 1 1 0 1 0 0 -78.78403435824447 -105.98594867978228 143.1 -116.13734440999481 -62.88568156323627 59.76824 99.25212 281.9918392460953 4.112933199560972 -2.9690392 -8.878032 0.10439588 281.99181251228936 4.112971302769586 281.98268777829173 4.150847780672913 59.57955228308957 157.84189315722648 16000.0 16600.0 2016.0 2 280 {-999.0 21.439552 18.080866 16.261408 -999.0} sdss_psfmag_ps1 19.324059 16.701263 15.250589 10.848 63050395644754467 1154115677 bright_1x1 mwm_galactic_core_dist_apogee_sparse mwm_galactic science 0 0 0.0 0.0 -999 ""
FIBERMAP 824 R-6C7 BOSS 0 0 0 1 0 0 -78.07070914937042 -106.23593466544494 143.1 -115.59591264465519 -63.41318597719162 59.76824 99.25212 -999.0 -999.0 -999.0 -999.0 -999.0 281.9942629640163 4.110424901298026 281.98510623648957 4.14842191690485 59.57648528417104 157.83890031566764 -999.0 5400.0 -999.0 1 438 {-999.0 -999.0 -999.0 -999.0 -999.0} "" -999.0 -999.0 -999.0 -999.0 -999 -999 "" "" "" "" 0 0 0.0 0.0 -999 ""
FIBERMAP 824 R-6C7 METROLOGY 0 0 0 1 0 0 -78.6358163990012 -106.71801085966206 143.1 -116.311653859866 -63.612029460814654 59.76824 99.25212 -999.0 -999.0 -999.0 -999.0 -999.0 281.9910053404718 4.109569114502521 281.98186195262707 4.147525683540002 59.57666447794264 157.8455213957207 -999.0 6231.0 -999.0 -1 -999 {-999.0 -999.0 -999.0 -999.0 -999.0} "" -999.0 -999.0 -999.0 -999.0 -999 -999 "" "" "" "" 0 0 0.0 0.0 -999 ""
FIBERMAP 825 R+3C17 APOGEE 0 0 0 1 0 0 112.32056548328367 67.78446049538323 143.1 130.43888568883995 14.101505625686176 53.967022 101.23302 -999.0 -999.0 -999.0 -999.0 -999.0 283.11746060553054 4.460228813582885 283.1073476540589 4.500931009017284 59.535236704648305 155.5247269557345 -999.0 16600.0 -999.0 2 -999 {-999.0 -999.0 -999.0 -999.0 -999.0} "" -999.0 -999.0 -999.0 -999.0 -999 -999 "" "" "" "" 0 0 0.0 0.0 -999 ""
FIBERMAP 825 R+3C17 BOSS 1 1 0 1 0 0 112.99886328046624 67.50370393320357 143.1 130.93557799282829 13.560869344926177 53.967022 101.23302 283.1198331912326 4.457646021156073 -5.815621 -1.73 1.7481596 283.11980959752174 4.45765408815853 283.109660842249 4.4984754085867635 59.53213003485655 155.5221581018446 5400.0 5400.0 2016.0 1 219 {-999.0 17.736992 16.282606 15.654133 -999.0} sdss_psfmag_ps1 17.158886 16.164728 15.187963 13.122 63050395645555565 981897772 "" ops_std_boss_tic ops_std standard_boss 0 0 0.0 0.0 -999 ""
FIBERMAP 825 R+3C17 METROLOGY 0 0 0 1 0 0 112.41473753199135 67.04432969224503 143.1 130.21216411988598 13.390632510215863 53.967022 101.23302 -999.0 -999.0 -999.0 -999.0 -999.0 283.11649494009094 4.4569227806613005 283.10636028808676 4.497703833473102 59.532556908865615 155.5287699998631 -999.0 6231.0 -999.0 -1 -999 {-999.0 -999.0 -999.0 -999.0 -999.0} "" -999.0 -999.0 -999.0 -999.0 -999 -999 "" "" "" "" 0 0 0.0 0.0 -999 ""
FIBERMAP 827 R+5C13 APOGEE 1 1 0 1 0 0 47.619232628676045 100.53308273380047 143.1 85.57719151421121 71.08335300495241 26.01531 105.083275 282.91377484495814 4.7202733567500035 -2.7905688 -6.767128 -0.08982845 282.9137562217794 4.720243191667441 282.90300103671217 4.760370895636022 59.849360528715266 155.72408025085946 16000.0 16600.0 2016.0 2 3 {-999.0 25.072409 21.692554 17.928442 -999.0} sdss_psfmag_ps1 21.603449 17.891289 16.213383 10.125 63050395645569376 1154124552 bright_1x1 mwm_galactic_core_dist_apogee_sparse mwm_galactic science 0 0 0.0 0.0 -999 ""
FIBERMAP 827 R+5C13 BOSS 0 0 0 1 0 0 48.09706637296362 99.96663858383232 143.1 85.77162410997589 70.36818854014945 26.01531 105.083275 -999.0 -999.0 -999.0 -999.0 -999.0 282.91471775512383 4.71690905866864 282.9039296558117 4.757151181531231 59.84601972592007 155.7245759424048 -999.0 5400.0 -999.0 1 148 {-999.0 -999.0 -999.0 -999.0 -999.0} "" -999.0 -999.0 -999.0 -999.0 -999 -999 "" "" "" "" 0 0 0.0 0.0 -999 ""
FIBERMAP 827 R+5C13 METROLOGY 0 0 0 1 0 0 47.36656428190544 99.82269337281531 143.1 85.04849276688552 70.5457146735067 26.01531 105.083275 -999.0 -999.0 -999.0 -999.0 -999.0 282.91140240915934 4.717755723913688 282.90062416389145 4.757957622250477 59.847918704222934 155.73016981516142 -999.0 6231.0 -999.0 -1 -999 {-999.0 -999.0 -999.0 -999.0 -999.0} "" -999.0 -999.0 -999.0 -999.0 -999 -999 "" "" "" "" 0 0 0.0 0.0 -999 ""
FIBERMAP 828 R-2C18 APOGEE 0 0 0 1 0 0 120.99283427753647 -50.42049436211902 143.1 88.45520890478039 -96.74542265794622 320.19064 105.7221 -999.0 -999.0 -999.0 -999.0 -999.0 282.9243623613594 3.9566155170243436 282.9155452784458 3.996922255324356 59.128042087473915 156.2173479838011 -999.0 16600.0 -999.0 2 -999 {-999.0 -999.0 -999.0 -999.0 -999.0} "" -999.0 -999.0 -999.0 -999.0 -999 -999 "" "" "" "" 0 0 0.0 0.0 -999 ""
FIBERMAP 828 R-2C18 BOSS 1 1 0 1 0 0 120.7089872955988 -51.10387185820791 143.1 87.90962804934979 -97.2454180481375 320.19064 105.7221 282.92196393871706 3.9542023874484773 -0.31118557 -3.72464 0.81195456 282.92194650264304 3.954192315950966 282.9130941995729 3.9946081775787423 59.12669683905056 156.2233621912533 5400.0 5400.0 2016.0 1 294 {-999.0 20.988808 18.52234 17.075224 -999.0} sdss_psfmag_ps1 19.687963 17.692923 16.389318 13.3 63050395645497054 939263571 bright_1x1 openfibertargets_nov2020_34a open_fiber science 0 0 0.0 0.0 -999 ""
FIBERMAP 828 R-2C18 METROLOGY 0 0 0 1 0 0 120.25137995675026 -50.503605556907935 143.1 87.74780004082876 -96.50811282812444 320.19064 105.7221 -999.0 -999.0 -999.0 -999.0 -999.0 282.92120663144016 3.9575819408501856 282.9123575943273 3.997962664529666 59.13010139130321 156.2224872372044 -999.0 6231.0 -999.0 -1 -999 {-999.0 -999.0 -999.0 -999.0 -999.0} "" -999.0 -999.0 -999.0 -999.0 -999 -999 "" "" "" "" 0 0 0.0 0.0 -999 ""
FIBERMAP 830 R+9C18 APOGEE 1 1 0 1 0 0 200.87114487411432 155.27481019065056 143.1 247.63294400662335 56.096523898468554 13.212789 21.140303 283.6474404867898 4.648044806668958 -3.4668794 -6.3181973 -0.028920393 283.6474359093591 4.64803380361146 283.6367993493426 4.690058047645795 59.52356055492367 154.41941560545536 16000.0 16600.0 2016.0 2 52 {-999.0 24.032335 24.724548 20.314793 -999.0} sdss_psfmag_ps1 21.471498 19.09602 17.164856 9.322 63050395645559188 1154124077 bright_1x1 mwm_galactic_core_dist_apogee_sparse mwm_galactic science 0 0 0.0 0.0 -999 ""
FIBERMAP 830 R+9C18 BOSS 0 0 0 1 0 0 200.26654118884287 154.85215826932944 143.1 246.90644651892785 55.96822301604469 13.212789 21.140303 -999.0 -999.0 -999.0 -999.0 -999.0 283.64424270692746 4.647368896417823 283.6335641876412 4.689497032473979 59.5242125556726 154.42573915059702 -999.0 5400.0 -999.0 1 169 {-999.0 -999.0 -999.0 -999.0 -999.0} "" -999.0 -999.0 -999.0 -999.0 -999 -999 "" "" "" "" 0 0 0.0 0.0 -999 ""
FIBERMAP 830 R+9C18 METROLOGY 0 0 0 1 0 0 200.1940959389581 155.5937283720544 143.1 247.1534771909952 56.671238973889494 13.212789 21.140303 -999.0 -999.0 -999.0 -999.0 -999.0 283.64533506984026 4.650571655070102 283.63466078724446 4.692670220643804 59.52676967280583 154.4214531787622 -999.0 6231.0 -999.0 -1 -999 {-999.0 -999.0 -999.0 -999.0 -999.0} "" -999.0 -999.0 -999.0 -999.0 -999 -999 "" "" "" "" 0 0 0.0 0.0 -999 ""
FIBERMAP 831 R-6C18 APOGEE 0 0 0 1 0 0 147.43025945299107 -99.65053030364496 143.1 91.66837879982693 -152.53668841276664 162.92339 62.376163 -999.0 -999.0 -999.0 -999.0 -999.0 282.93764912146224 3.703764152717318 282.9294718400714 3.744155858245127 58.88552683263818 156.35833064379594 -999.0 16600.0 -999.0 2 -999 {-999.0 -999.0 -999.0 -999.0 -999.0} "" -999.0 -999.0 -999.0 -999.0 -999 -999 "" "" "" "" 0 0 0.0 0.0 -999 ""
FIBERMAP 831 R-6C18 BOSS 1 1 0 1 0 0 147.94731680404468 -99.10067658909301 143.1 92.36912997119795 -152.25612044434317 162.92339 62.376163 282.94091849492867 3.704893680883363 -1.218269 -9.901159 0.794926 282.94091088152925 3.704868147790706 282.9326887159607 3.7453840374049383 58.885597845601104 156.3516809781869 5400.0 5400.0 2016.0 1 288 {-999.0 20.261545 18.109207 16.503061 -999.0} sdss_psfmag_ps1 19.210073 17.226183 15.931457 12.813 63050395645276390 939261085 bright_1x1 openfibertargets_nov2020_34a open_fiber science 0 0 0.0 0.0 -999 ""
FIBERMAP 831 R-6C18 METROLOGY 0 0 0 1 0 0 148.15843855209303 -99.81306393137432 143.1 92.26015949496345 -152.9911538844927 162.92339 62.376163 -999.0 -999.0 -999.0 -999.0 -999.0 282.94037872307126 3.701587179731179 282.9321767614117 3.742069493880275 58.88265104090907 156.3547792582179 -999.0 6231.0 -999.0 -1 -999 {-999.0 -999.0 -999.0 -999.0 -999.0} "" -999.0 -999.0 -999.0 -999.0 -999 -999 "" "" "" "" 0 0 0.0 0.0 -999 ""
FIBERMAP 835 R+3C22 APOGEE 1 1 0 1 0 0 200.7729016158318 54.787728033172684 143.1 205.16779659663777 -34.98502692477259 189.27623 123.21915 283.45513566936427 4.236175986334386 -2.8162434 -5.149599 -0.2730703 283.4551301511342 4.2361425771317105 283.4455541948393 4.277755891618562 59.20751333458958 155.0597429188383 16000.0 16600.0 2016.0 2 31 {-999.0 20.57463 18.394236 17.15739 -999.0} sdss_psfmag_ps1 -999.0 18.378048 -999.0 10.36 63050395645306150 1154119701 bright_1x1 mwm_galactic_core_dist_apogee_sparse mwm_galactic science 0 0 0.0 0.0 -999 ""
FIBERMAP 835 R+3C22 BOSS 0 0 0 1 0 0 200.24936854284223 55.331306958352776 143.1 204.92228084617335 -34.27132523484731 189.27623 123.21915 -999.0 -999.0 -999.0 -999.0 -999.0 283.45412950506284 4.239260526708367 283.4445023501096 4.280984403351683 59.21090382359096 155.05941551711655 -999.0 5400.0 -999.0 1 192 {-999.0 -999.0 -999.0 -999.0 -999.0} "" -999.0 -999.0 -999.0 -999.0 -999 -999 "" "" "" "" 0 0 0.0 0.0 -999 ""
FIBERMAP 835 R+3C22 METROLOGY 0 0 0 1 0 0 200.97540220992036 55.51055858242501 143.1 205.65624910992094 -34.41495069441311 189.27623 123.21915 -999.0 -999.0 -999.0 -999.0 -999.0 283.457414006936 4.238635272239383 283.4478004187922 4.280335465085442 59.20912774780815 155.0538613846512 -999.0 6231.0 -999.0 -1 -999 {-999.0 -999.0 -999.0 -999.0 -999.0} "" -999.0 -999.0 -999.0 -999.0 -999 -999 "" "" "" "" 0 0 0.0 0.0 -999 ""
FIBERMAP 837 R+1C18 APOGEE 1 1 0 1 0 0 109.54926486947807 27.86614693929087 143.1 111.09202092583807 -20.92825978605221 38.04435 123.023315 283.0289001452679 4.3011516896889415 -0.79532874 -2.8608346 0.4682012 283.02888824459325 4.301134212586636 283.01918717922763 4.341640623521239 59.41643225291588 155.79601253867756 16000.0 16600.0 2016.0 2 69 {-999.0 24.80833 21.315233 18.37365 -999.0} sdss_psfmag_ps1 21.428148 18.369963 16.736496 10.584 63050395645515691 1154123535 bright_1x1 mwm_galactic_core_dist_apogee_sparse mwm_galactic science 0 0 0.0 0.0 -999 ""
FIBERMAP 837 R+1C18 BOSS 0 0 0 1 0 0 110.23976590675616 27.628304044141586 143.1 111.6178762589531 -21.43512758679219 38.04435 123.023315 -999.0 -999.0 -999.0 -999.0 -999.0 283.0313671671613 4.298697577469129 283.0216301887916 4.339324123049574 59.41341635285834 155.7930943984101 -999.0 5400.0 -999.0 1 231 {-999.0 -999.0 -999.0 -999.0 -999.0} "" -999.0 -999.0 -999.0 -999.0 -999 -999 "" "" "" "" 0 0 0.0 0.0 -999 ""
FIBERMAP 837 R+1C18 METROLOGY 0 0 0 1 0 0 109.69138774589 27.133225221247134 143.1 110.91182190347396 -21.652816787653833 38.04435 123.023315 -999.0 -999.0 -999.0 -999.0 -999.0 283.0281273203038 4.2977499362981035 283.01840492009035 4.338336249210964 59.41360129458231 155.7996961842433 -999.0 6231.0 -999.0 -1 -999 {-999.0 -999.0 -999.0 -999.0 -999.0} "" -999.0 -999.0 -999.0 -999.0 -999 -999 "" "" "" "" 0 0 0.0 0.0 -999 ""
FIBERMAP 838 R-8C6 APOGEE 0 0 0 1 0 0 -88.86499828761241 -166.4063597446058 143.1 -150.75857452200603 -113.42448033499977 257.8118 133.64043 -999.0 -999.0 -999.0 -999.0 -999.0 281.8347736292214 3.8842834053617974 281.8262468527573 3.921800720777509 59.411316829005656 158.2758021203805 -999.0 16600.0 -999.0 2 -999 {-999.0 -999.0 -999.0 -999.0 -999.0} "" -999.0 -999.0 -999.0 -999.0 -999 -999 "" "" "" "" 0 0 0.0 0.0 -999 ""
FIBERMAP 838 R-8C6 BOSS 1 1 0 1 0 0 -89.4759636426273 -166.8024577580577 143.1 -151.479642897321 -113.52601903398148 257.8118 133.64043 281.83150776588843 3.8837342623860684 -4.702635 -9.481503 1.7297602 281.83150319033683 3.8836939616420985 281.8229404930232 3.9213176816317987 59.41188682743274 158.28225706430712 5400.0 5400.0 2016.0 1 411 {-999.0 18.044487 16.541824 15.850325 -999.0} sdss_psfmag_ps1 17.385935 16.331816 15.312795 13.12 63050395644745578 982158462 "" ops_std_boss_tic ops_std standard_boss 0 0 0.0 0.0 -999 ""
FIBERMAP 838 R-8C6 METROLOGY 0 0 0 1 0 0 -89.5278219270291 -166.06382974074887 143.1 -151.21518439638203 -112.8343526549595 257.8118 133.64043 -999.0 -999.0 -999.0 -999.0 -999.0 281.8326928937202 3.886858857514564 281.8241327090315 3.9244524939324767 59.414494246927035 158.2781145798053 -999.0 6231.0 -999.0 -1 -999 {-999.0 -999.0 -999.0 -999.0 -999.0} "" -999.0 -999.0 -999.0 -999.0 -999 -999 "" "" "" "" 0 0 0.0 0.0 -999 ""
FIBERMAP 839 R+3C1 APOGEE 1 1 0 1 0 0 -248.4020761799859 47.870703803060024 143.1 -205.06681417917022 148.16254957019652 318.6375 111.97992 281.59194946289057 5.070353605234558 -999.0 -999.0 -999.0 281.59195299666135 5.07037272826252 281.5804197519095 5.107031374434442 60.61353460340486 157.99637143697507 16000.0 16600.0 2015.5 2 143 {-999.0 -999.0 -999.0 -999.0 -999.0} "" -999.0 -999.0 -999.0 -999.0 27021603150620687 842846989 "" ops_sky_apogee_best ops_sky sky_apogee 0 0 0.0 0.0 -999 ""
FIBERMAP 839 R+3C1 BOSS 0 0 0 1 0 0 -248.6264169833409 47.17383132064663 143.1 -205.56412498917393 147.625222608215 318.6375 111.97992 -999.0 -999.0 -999.0 -999.0 -999.0 281.5897154447091 5.067841783175329 281.57815234835914 5.104604289819977 60.61194635000468 158.00230179154218 -999.0 5400.0 -999.0 1 3 {-999.0 -999.0 -999.0 -999.0 -999.0} "" -999.0 -999.0 -999.0 -999.0 -999 -999 "" "" "" "" 0 0 0.0 0.0 -999 ""
FIBERMAP 839 R+3C1 METROLOGY 0 0 0 1 0 0 -249.13757637263308 47.73308323842953 143.1 -205.79181072046234 148.34791870647481 318.6375 111.97992 -999.0 -999.0 -999.0 -999.0 -999.0 281.58871055472423 5.071119487065872 281.577149508821 5.107847829954149 60.615339309784815 158.00214266178915 -999.0 6231.0 -999.0 -1 -999 {-999.0 -999.0 -999.0 -999.0 -999.0} "" -999.0 -999.0 -999.0 -999.0 -999 -999 "" "" "" "" 0 0 0.0 0.0 -999 ""
FIBERMAP 840 R+10C12 APOGEE 0 0 0 1 0 0 58.083341655575424 210.1563963583868 143.1 141.29504805219372 166.07840289384868 157.31223 71.44879 -999.0 -999.0 -999.0 -999.0 -999.0 283.16741475523463 5.149083565071549 283.1555475098033 5.189778156081395 60.16264397269252 154.95050790739532 -999.0 16600.0 -999.0 2 -999 {-999.0 -999.0 -999.0 -999.0 -999.0} "" -999.0 -999.0 -999.0 -999.0 -999 -999 "" "" "" "" 0 0 0.0 0.0 -999 ""
FIBERMAP 840 R+10C12 BOSS 1 1 0 1 0 0 58.55623890746627 210.73333322863064 143.1 141.96717542046633 166.40215281913015 157.31223 71.44879 283.1705807906137 5.150470537381221 -3.2564032 -5.4630923 1.1231254 283.17052896979715 5.150439682948901 283.15861595202875 5.191251407877862 60.16292724217976 154.94371322807567 5400.0 5400.0 2016.0 1 141 {-999.0 20.85595 18.707258 17.688856 -999.0} sdss_psfmag_ps1 19.520527 18.304853 17.062756 14.216 63050395645578859 1094913669 bright_1x1 mwm_bin_vis_boss mwm_filler science 0 0 0.0 0.0 -999 ""
FIBERMAP 840 R+10C12 METROLOGY 0 0 0 1 0 0 58.818441778356735 210.02876489675324 143.1 141.90782329226778 165.6526685150635 157.31223 71.44879 -999.0 -999.0 -999.0 -999.0 -999.0 283.17024772249914 5.147087496578086 283.1583551734687 5.187868161567986 60.15986053394631 154.94663203209134 -999.0 6231.0 -999.0 -1 -999 {-999.0 -999.0 -999.0 -999.0 -999.0} "" -999.0 -999.0 -999.0 -999.0 -999 -999 "" "" "" "" 0 0 0.0 0.0 -999 ""
FIBERMAP 842 R-4C20 APOGEE 0 0 0 1 0 0 183.48540055976034 -64.0383413906255 143.1 139.38153800874196 -135.44778532417092 82.98001 106.51445 -999.0 -999.0 -999.0 -999.0 -999.0 283.1546886796738 3.781067972856081 283.14629398986 3.8220016233961576 58.88494679208803 155.91338336978328 -999.0 16600.0 -999.0 2 -999 {-999.0 -999.0 -999.0 -999.0 -999.0} "" -999.0 -999.0 -999.0 -999.0 -999 -999 "" "" "" "" 0 0 0.0 0.0 -999 ""
FIBERMAP 842 R-4C20 BOSS 1 1 0 1 0 0 184.19401353872118 -63.9041895719649 143.1 140.08069008544157 -135.62496145028118 82.98001 106.51445 283.1579666284115 3.7801082798128225 -2.4485865 -0.7642275 0.6042265 283.1579299203197 3.780116518180301 283.149494810669 3.8211744521464515 58.883071532041605 155.90813098462382 5400.0 5400.0 2016.0 1 286 {-999.0 19.107433 16.901134 15.655269 -999.0} sdss_psfmag_ps1 17.983326 16.22301 14.965028 12.115 63050395645284963 939261205 bright_1x1 openfibertargets_nov2020_34a open_fiber science 0 0 0.0 0.0 -999 ""
FIBERMAP 842 R-4C20 METROLOGY 0 0 0 1 0 0 183.96855533055694 -64.6068688288097 143.1 139.57991724364078 -136.16708285321462 82.98001 106.51445 -999.0 -999.0 -999.0 -999.0 -999.0 283.15562387085663 3.7777035071531775 283.1472071520756 3.818723205644159 58.88155500989055 155.91390975876772 -999.0 6231.0 -999.0 -1 -999 {-999.0 -999.0 -999.0 -999.0 -999.0} "" -999.0 -999.0 -999.0 -999.0 -999 -999 "" "" "" "" 0 0 0.0 0.0 -999 ""
FIBERMAP 846 R+1C13 APOGEE 1 1 0 1 0 0 -20.56319962410914 18.380106666038433 143.1 -10.895963247007215 25.338953157942136 147.5217 148.61517 282.4726732712201 4.513447312757191 -3.3417442 -5.249533 -0.11390495 282.4726672762485 4.513417212795093 282.46247775397705 4.552452094049987 59.80330973850212 156.6862879090336 16000.0 16600.0 2016.0 2 131 {-999.0 23.5815 20.052652 16.999413 -999.0} sdss_psfmag_ps1 21.376 17.133884 15.485624 9.891 63050395645545401 1154123726 bright_1x1 mwm_galactic_core_dist_apogee_sparse mwm_galactic science 0 0 0.0 0.0 -999 ""
FIBERMAP 846 R+1C13 BOSS 0 0 0 1 0 0 -20.924720424584386 19.028767364005155 143.1 -10.950250511378027 26.079622719214484 147.5217 148.61517 -999.0 -999.0 -999.0 -999.0 -999.0 282.47246099844443 4.516694587284718 282.4622233459985 4.555840320346206 59.80658822799831 156.68451409392804 -999.0 5400.0 -999.0 1 13 {-999.0 -999.0 -999.0 -999.0 -999.0} "" -999.0 -999.0 -999.0 -999.0 -999 -999 "" "" "" "" 0 0 0.0 0.0 -999 ""
FIBERMAP 846 R+1C13 METROLOGY 0 0 0 1 0 0 -20.17974004718975 19.023256880829415 143.1 -10.277016514546277 25.76046264901416 147.5217 148.61517 -999.0 -999.0 -999.0 -999.0 -999.0 282.475524077437 4.5152619998931165 282.46530106574306 4.554384150982604 59.80419121913981 156.67973080672928 -999.0 6231.0 -999.0 -1 -999 {-999.0 -999.0 -999.0 -999.0 -999.0} "" -999.0 -999.0 -999.0 -999.0 -999 -999 "" "" "" "" 0 0 0.0 0.0 -999 ""
FIBERMAP 847 R+5C22 APOGEE 1 1 0 1 0 0 239.5747111459059 87.46938842157051 143.1 254.13584708860037 -21.7118528771191 272.58597 138.00722 283.67546173999966 4.295749421114389 -5.021574 -10.33671 -0.27373183 283.6754455712826 4.295720259734634 283.66569837885044 4.337886528184399 59.184940983926715 154.61747125266402 16000.0 16600.0 2016.0 2 74 {-999.0 22.694168 21.293856 16.421637 -999.0} sdss_psfmag_ps1 21.624353 16.927744 15.109583 7.718 63050395645307236 1154119800 bright_1x1 mwm_galactic_core_dist_apogee_sparse mwm_galactic science 0 0 0.0 0.0 -999 ""
FIBERMAP 847 R+5C22 BOSS 0 0 0 1 0 0 239.10596284740376 86.8739675802105 143.1 253.45968723331112 -22.054113946286993 272.58597 138.00722 -999.0 -999.0 -999.0 -999.0 -999.0 283.6724737245769 4.294064553438383 283.6626868386481 4.336337134951185 59.18458172381589 154.62403011955257 -999.0 5400.0 -999.0 1 248 {-999.0 -999.0 -999.0 -999.0 -999.0} "" -999.0 -999.0 -999.0 -999.0 -999 -999 "" "" "" "" 0 0 0.0 0.0 -999 ""
FIBERMAP 847 R+5C22 METROLOGY 0 0 0 1 0 0 238.8301896947559 87.56182885061058 143.1 253.4996881781961 -21.314057144311107 272.58597 138.00722 -999.0 -999.0 -999.0 -999.0 -999.0 283.67265297335075 4.297446176048754 283.66287002929664 4.339686336212195 59.187638512917424 154.6213346034468 -999.0 6231.0 -999.0 -1 -999 {-999.0 -999.0 -999.0 -999.0 -999.0} "" -999.0 -999.0 -999.0 -999.0 -999 -999 "" "" "" "" 0 0 0.0 0.0 -999 ""
FIBERMAP 849 R+6C12 APOGEE 0 0 0 1 0 0 14.258664087271457 131.33683651136946 143.1 68.3155424347662 113.08496350814833 145.33218 86.03355 -999.0 -999.0 -999.0 -999.0 -999.0 282.83535728121257 4.9113869916061805 282.82412274080184 4.9512757415912425 60.05567491015825 155.73905675359316 -999.0 16600.0 -999.0 2 -999 {-999.0 -999.0 -999.0 -999.0 -999.0} "" -999.0 -999.0 -999.0 -999.0 -999 -999 "" "" "" "" 0 0 0.0 0.0 -999 ""
FIBERMAP 849 R+6C12 BOSS 1 1 0 1 0 0 14.710519887485944 131.92531044790732 143.1 68.97345439983035 113.42804871143692 145.33218 86.03355 282.83843419395924 4.91286719204695 -2.2248838 0.86824054 0.55968225 282.83843052460867 4.91286764323174 282.82715098223906 4.952874351815221 60.05612784601593 155.7322770388293 5400.0 5400.0 2016.0 1 117 {-999.0 17.953665 15.260177 14.134274 -999.0} sdss_psfmag_ps1 16.529003 14.492442 13.164298 9.634 63050395645571786 934472740 bright_1x1 openfibertargets_nov2020_34a open_fiber science 0 0 0.0 0.0 -999 ""
FIBERMAP 849 R+6C12 METROLOGY 0 0 0 1 0 0 14.998848701255515 131.24308835014438 143.1 68.94721716615062 112.68781077951887 145.33218 86.03355 -999.0 -999.0 -999.0 -999.0 -999.0 282.838288784279 4.909531352347751 282.827029354065 4.949507088873794 60.053011691339265 155.73484465073292 -999.0 6231.0 -999.0 -1 -999 {-999.0 -999.0 -999.0 -999.0 -999.0} "" -999.0 -999.0 -999.0 -999.0 -999 -999 "" "" "" "" 0 0 0.0 0.0 -999 ""
FIBERMAP 852 R0C15 APOGEE 1 1 0 1 0 0 7.894174535152123 -6.127543134603819 143.1 4.574514187887649 -8.885560038187322 220.37935 97.8891 282.54303400769714 4.358796646372866 -1.579642 -6.4512854 -0.13793465 282.5429637800748 4.357313043658996 282.5331650362169 4.396559568443347 59.63283202551764 156.65781734192544 16000.0 16600.0 2016.0 2 32 {-999.0 25.535538 20.982502 17.564266 -999.0} sdss_psfmag_ps1 21.161783 17.55962 15.88402 9.774 63050395645536999 1154123742 bright_1x1 mwm_galactic_core_dist_apogee_sparse mwm_galactic science 0 0 0.0 0.0 -999 ""
FIBERMAP 852 R0C15 BOSS 0 0 0 1 0 0 7.346371869227946 -5.629127778766385 143.1 4.287944685588045 -8.20257860884639 220.37935 97.8891 -999.0 -999.0 -999.0 -999.0 -999.0 282.5417047474237 4.360310465663601 282.5318583916556 4.399665943087293 59.63619517642411 156.65819298372455 -999.0 5400.0 -999.0 1 180 {-999.0 -999.0 -999.0 -999.0 -999.0} "" -999.0 -999.0 -999.0 -999.0 -999 -999 "" "" "" "" 0 0 0.0 0.0 -999 ""
FIBERMAP 852 R0C15 METROLOGY 0 0 0 1 0 0 8.047309972428168 -5.393754509467334 143.1 5.0228228332194425 -8.2847292742521 220.37935 97.8891 -999.0 -999.0 -999.0 -999.0 -999.0 282.5450501024716 4.359960319417824 282.5352156840306 4.399292509166205 59.6347245275762 156.65219864549388 -999.0 6231.0 -999.0 -1 -999 {-999.0 -999.0 -999.0 -999.0 -999.0} "" -999.0 -999.0 -999.0 -999.0 -999 -999 "" "" "" "" 0 0 0.0 0.0 -999 ""
FIBERMAP 857 R+13C3 APOGEE 1 1 0 1 0 0 -91.94942764270436 240.37672466208593 143.1 17.98750993667361 256.752385090623 319.59213 105.45887 282.60693917028044 5.559694525435863 -2.6924021 -4.8404713 0.1440116 282.6069125943382 5.5596726511497145 282.5940445083798 5.598848304714436 60.74250797706222 155.71895876033136 16000.0 16600.0 2016.0 2 106 {-999.0 19.570068 16.720871 15.463452 -999.0} sdss_psfmag_ps1 18.023844 16.03078 14.710775 10.997 63050395645783447 1154125965 bright_1x1 mwm_galactic_core_dist_apogee_sparse mwm_galactic science 0 0 0.0 0.0 -999 ""
FIBERMAP 857 R+13C3 BOSS 0 0 0 1 0 0 -92.2633116841035 239.7001966159206 143.1 17.417579546553437 256.2712676941078 319.59213 105.45887 -999.0 -999.0 -999.0 -999.0 -999.0 282.6043586520956 5.55744486522782 282.5914565172727 5.596721695442107 60.74140858226251 155.72541205738085 -999.0 5400.0 -999.0 1 87 {-999.0 -999.0 -999.0 -999.0 -999.0} "" -999.0 -999.0 -999.0 -999.0 -999 -999 "" "" "" "" 0 0 0.0 0.0 -999 ""
FIBERMAP 857 R+13C3 METROLOGY 0 0 0 1 0 0 -92.70155158836312 240.30421045473273 143.1 17.27489453827924 257.00380385569673 319.59213 105.45887 -999.0 -999.0 -999.0 -999.0 -999.0 282.6037037833687 5.560739534463117 282.5908046093185 5.599983624474887 60.744692764265544 155.72433853200386 -999.0 6231.0 -999.0 -1 -999 {-999.0 -999.0 -999.0 -999.0 -999.0} "" -999.0 -999.0 -999.0 -999.0 -999 -999 "" "" "" "" 0 0 0.0 0.0 -999 ""
FIBERMAP 859 R-9C1 APOGEE 1 1 0 1 0 0 -208.14148093587588 -171.90344786002822 143.1 -261.2381835706716 -68.10963853537814 205.4752 77.17412 281.33697495165615 4.091997511504046 3.5538793 -4.401347 4.936389 281.3369647537783 4.09194900032316 281.3279567110944 4.128141485863183 59.76006924715969 159.08549906959755 16000.0 16600.0 2016.0 2 272 {-999.0 10.500195 10.176551 10.081042 -999.0} sdss_psfmag_gaia 10.463294 10.190802 9.757123 9.082 63050395644996496 975479610 "" ops_std_apogee ops_std standard_apogee 0 0 0.0 0.0 -999 ""
FIBERMAP 859 R-9C1 BOSS 0 0 0 1 0 0 -208.31992429704732 -171.17022316967373 143.1 -261.0907926663909 -67.36949020883029 205.4752 77.17412 -999.0 -999.0 -999.0 -999.0 -999.0 281.33764459973196 4.095174766449845 281.32859232121484 4.131481904135897 59.7630639682137 159.0823021807937 -999.0 5400.0 -999.0 1 419 {-999.0 -999.0 -999.0 -999.0 -999.0} "" -999.0 -999.0 -999.0 -999.0 -999 -999 "" "" "" "" 0 0 0.0 0.0 -999 ""
FIBERMAP 859 R-9C1 METROLOGY 0 0 0 1 0 0 -207.60156890311703 -171.37904260091315 143.1 -260.5274392594452 -67.8617855228044 205.4752 77.17412 -999.0 -999.0 -999.0 -999.0 -999.0 281.3401588497698 4.092970868594843 281.3311221335449 4.129252761623193 59.76017866737752 159.0788566117591 -999.0 6231.0 -999.0 -1 -999 {-999.0 -999.0 -999.0 -999.0 -999.0} "" -999.0 -999.0 -999.0 -999.0 -999 -999 "" "" "" "" 0 0 0.0 0.0 -999 ""
FIBERMAP 865 R-9C11 APOGEE 1 1 0 1 0 0 26.34578688009044 -172.55558315559472 143.1 -48.87711799703626 -167.5858162689195 78.58293 175.20636 282.2978210449219 3.6370498597276395 -999.0 -999.0 -999.0 282.29774863952184 3.637037073993452 282.2898049148655 3.67579635477131 59.031469324195214 157.57071675407764 16000.0 16600.0 2015.5 2 179 {-999.0 -999.0 -999.0 -999.0 -999.0} "" -999.0 -999.0 -999.0 -999.0 27021603150592923 849030931 "" ops_sky_apogee_good ops_sky sky_apogee 0 0 0.0 0.0 -999 ""
FIBERMAP 865 R-9C11 BOSS 0 0 0 1 0 0 26.545192410069383 -171.84219387938475 143.1 -48.3954535742945 -167.02299629782505 78.58293 175.20636 -999.0 -999.0 -999.0 -999.0 -999.0 282.29996516340975 3.6394011680253997 282.29197571229287 3.6782817357415865 59.033126184717844 157.5651771633436 -999.0 5400.0 -999.0 1 374 {-999.0 -999.0 -999.0 -999.0 -999.0} "" -999.0 -999.0 -999.0 -999.0 -999 -999 "" "" "" "" 0 0 0.0 0.0 -999 ""
FIBERMAP 865 R-9C11 METROLOGY 0 0 0 1 0 0 27.068191473406507 -172.37591247336368 143.1 -48.146263904564606 -167.72753131702942 78.58293 175.20636 -999.0 -999.0 -999.0 -999.0 -999.0 282.3010889031042 3.636257152820077 282.29311851760616 3.675108366973053 59.02975463132749 157.5650616913407 -999.0 6231.0 -999.0 -1 -999 {-999.0 -999.0 -999.0 -999.0 -999.0} "" -999.0 -999.0 -999.0 -999.0 -999 -999 "" "" "" "" 0 0 0.0 0.0 -999 ""
FIBERMAP 866 R+11C13 APOGEE 1 1 0 1 0 0 99.43339570400265 198.43097570191492 143.1 173.84712325626495 138.00805240171982 279.33408 103.35385 283.31498391933974 5.021199031984378 -5.1632876 -6.144232 0.49234077 283.31500827884037 5.0211417109196015 283.303453894062 5.062240002077616 59.99075240454842 154.7665492716944 16000.0 16600.0 2016.0 2 12 {-999.0 23.580603 23.657448 19.111645 -999.0} sdss_psfmag_ps1 21.165485 18.550179 16.812784 9.254 63050395645575487 1154124625 bright_1x1 mwm_galactic_core_dist_apogee_sparse mwm_galactic science 0 0 0.0 0.0 -999 ""
FIBERMAP 866 R+11C13 BOSS 0 0 0 1 0 0 98.74141239439774 198.1357654800072 143.1 173.09513179692067 138.032165852665 279.33408 103.35385 -999.0 -999.0 -999.0 -999.0 -999.0 283.31168167192624 5.0211954261259075 283.3000848205302 5.062395240647683 59.992104832659905 154.772698228288 -999.0 5400.0 -999.0 1 99 {-999.0 -999.0 -999.0 -999.0 -999.0} "" -999.0 -999.0 -999.0 -999.0 -999 -999 "" "" "" "" 0 0 0.0 0.0 -999 ""
FIBERMAP 866 R+11C13 METROLOGY 0 0 0 1 0 0 98.83081666786683 198.8802596587158 143.1 173.49016280377626 138.66958039871147 279.33408 103.35385 -999.0 -999.0 -999.0 -999.0 -999.0 283.31344513965695 5.024084010441917 283.3018528738892 5.0652565796627025 59.99414079072352 154.7673537638626 -999.0 6231.0 -999.0 -1 -999 {-999.0 -999.0 -999.0 -999.0 -999.0} "" -999.0 -999.0 -999.0 -999.0 -999 -999 "" "" "" "" 0 0 0.0 0.0 -999 ""
FIBERMAP 868 R+9C15 APOGEE 0 0 0 1 0 0 131.85085111723032 169.33217387155835 143.1 190.9725345780112 97.95023125740106 304.2677 140.28732 -999.0 -999.0 -999.0 -999.0 -999.0 283.39255553221795 4.839375104157206 283.3814560420307 4.88070806890053 59.793417237606604 154.75226931875528 -999.0 16600.0 -999.0 2 -999 {-999.0 -999.0 -999.0 -999.0 -999.0} "" -999.0 -999.0 -999.0 -999.0 -999 -999 "" "" "" "" 0 0 0.0 0.0 -999 ""
FIBERMAP 868 R+9C15 BOSS 1 1 0 1 0 0 131.79115532871592 168.58401419691526 143.1 190.60289784445158 97.29696453019032 304.2677 140.28732 283.3909606933594 4.836342365418105 -999.0 -999.0 -999.0 283.39096864842753 4.8363397376003965 283.3798340423248 4.877780185017239 59.791267284884235 154.75736069373332 5400.0 5400.0 2015.5 1 229 {-999.0 -999.0 -999.0 -999.0 -999.0} "" -999.0 -999.0 -999.0 -999.0 27021603150619175 820735195 "" ops_sky_boss_good ops_sky sky_boss 0 0 0.0 0.0 -999 ""
FIBERMAP 868 R+9C15 METROLOGY 0 0 0 1 0 0 131.17656841728603 169.01279193551997 143.1 190.22640088974524 97.94496102382031 304.2677 140.28732 -999.0 -999.0 -999.0 -999.0 -999.0 283.3892473648089 4.839313665346773 283.3781175382292 4.880717658293601 59.79462344787299 154.75843101537194 -999.0 6231.0 -999.0 -1 -999 {-999.0 -999.0 -999.0 -999.0 -999.0} "" -999.0 -999.0 -999.0 -999.0 -999 -999 "" "" "" "" 0 0 0.0 0.0 -999 ""
FIBERMAP 869 R+10C1 APOGEE 1 1 0 1 0 0 -189.6180816496853 178.45284300489567 143.1 -96.6933892782029 241.78652104617532 275.3569 73.07104 282.08543735115455 5.492997815723905 -2.9234793 -6.4864044 -0.20999002 282.08543538251854 5.49295385603244 282.0727795355077 5.530801582677421 60.85511088334927 156.7663489620569 16000.0 16600.0 2016.0 2 115 {-999.0 22.963709 19.372196 16.973736 -999.0} sdss_psfmag_ps1 20.749846 17.428463 15.897628 10.907 63050395648792935 1154132505 bright_1x1 mwm_galactic_core_dist_apogee_sparse mwm_galactic science 0 0 0.0 0.0 -999 ""
FIBERMAP 869 R+10C1 BOSS 0 0 0 1 0 0 -190.32932054092618 178.64426258609387 143.1 -97.25762697928793 242.2600368762893 275.3569 73.07104 -999.0 -999.0 -999.0 -999.0 -999.0 282.082924493682 5.494964066906497 282.0702255801243 5.532912324786421 60.85794809779209 156.76982613212817 -999.0 5400.0 -999.0 1 79 {-999.0 -999.0 -999.0 -999.0 -999.0} "" -999.0 -999.0 -999.0 -999.0 -999 -999 "" "" "" "" 0 0 0.0 0.0 -999 ""
FIBERMAP 869 R+10C1 METROLOGY 0 0 0 1 0 0 -189.80066686586443 179.17881957299286 143.1 -96.5528108419187 242.52184332940558 275.3569 73.07104 -999.0 -999.0 -999.0 -999.0 -999.0 282.0861207084554 5.496170326925589 282.0734292476217 5.534096143067204 60.858001543896904 156.76284227128482 -999.0 6231.0 -999.0 -1 -999 {-999.0 -999.0 -999.0 -999.0 -999.0} "" -999.0 -999.0 -999.0 -999.0 -999 -999 "" "" "" "" 0 0 0.0 0.0 -999 ""
FIBERMAP 870 R0C26 APOGEE 1 1 0 1 0 0 265.7122797179195 -10.476849632203125 143.1 236.53316239605897 -121.55314681542995 234.50865 136.222 283.59275976545814 3.8445074785665234 -0.30887184 -3.8984177 0.061580516 283.5931051325054 3.844487043591675 283.5845068751267 3.886532945477554 58.79257280924199 155.07813046113236 16000.0 16600.0 2016.0 2 38 {-999.0 20.933022 19.675266 15.566406 -999.0} sdss_psfmag_ps1 20.934566 14.862346 13.0931635 6.227 63050395645282481 1154119248 bright_1x1 mwm_galactic_core_dist_apogee_sparse mwm_galactic science 0 0 1.153855800628662 0.0 -999 ""
FIBERMAP 870 R0C26 BOSS 0 0 0 1 0 0 264.99168796074866 -10.645529735809903 143.1 235.80858700557954 -121.40222985388306 234.50865 136.222 -999.0 -999.0 -999.0 -999.0 -999.0 283.58991918487123 3.845039604450791 283.581275809028 3.8871928876146864 58.794334494446105 155.08349436953455 -999.0 5400.0 -999.0 1 173 {-999.0 -999.0 -999.0 -999.0 -999.0} "" -999.0 -999.0 -999.0 -999.0 -999 -999 "" "" "" "" 0 0 0.0 0.0 -999 ""
FIBERMAP 870 R0C26 METROLOGY 0 0 0 1 0 0 265.2210039206599 -9.915313730324671 143.1 236.32447053319774 -120.8367646116537 234.50865 136.222 -999.0 -999.0 -999.0 -999.0 -999.0 283.5922394909926 3.8476294266769937 283.5836018150113 3.889755351242436 58.795905835293986 155.07755078213228 -999.0 6231.0 -999.0 -1 -999 {-999.0 -999.0 -999.0 -999.0 -999.0} "" -999.0 -999.0 -999.0 -999.0 -999 -999 "" "" "" "" 0 0 0.0 0.0 -999 ""
FIBERMAP 871 R-7C18 APOGEE 1 1 0 1 0 0 183.9405636622531 -140.8339070139714 143.1 107.40909394581371 -205.2789388215768 9.729696 87.96198 283.0074578681833 3.4661212803568806 -1.2439693 -3.6768737 0.32612652 283.00743807823306 3.466094955032735 282.99985585294377 3.50671404302543 58.63831272318079 156.385456934624 16000.0 16600.0 2016.0 2 234 {-999.0 19.659271 16.676512 15.116947 -999.0} sdss_psfmag_ps1 17.98802 15.647583 14.273025 10.487 63050395645263724 1154118661 bright_1x1 mwm_galactic_core_dist_apogee_sparse mwm_galactic science 0 0 0.0 0.0 -999 ""
FIBERMAP 871 R-7C18 BOSS 0 0 0 1 0 0 184.00313238101654 -141.58515637806832 143.1 107.1490253003213 -205.98656706061885 9.729696 87.96198 -999.0 -999.0 -999.0 -999.0 -999.0 283.00629278853734 3.4627674572958416 282.99867702025165 3.503501475055774 58.63568563382994 156.38966798584354 -999.0 5400.0 -999.0 1 276 {-999.0 -999.0 -999.0 -999.0 -999.0} "" -999.0 -999.0 -999.0 -999.0 -999 -999 "" "" "" "" 0 0 0.0 0.0 -999 ""
FIBERMAP 871 R-7C18 METROLOGY 0 0 0 1 0 0 183.32185984001552 -141.2822477919009 143.1 106.65897711357903 -205.42458857022234 9.729696 87.96198 -999.0 -999.0 -999.0 -999.0 -999.0 283.00407816519447 3.4653273031732637 282.996468075131 3.506021889154057 58.63880215886242 156.3920219618439 -999.0 6231.0 -999.0 -1 -999 {-999.0 -999.0 -999.0 -999.0 -999.0} "" -999.0 -999.0 -999.0 -999.0 -999 -999 "" "" "" "" 0 0 0.0 0.0 -999 ""
FIBERMAP 872 R+4C23 APOGEE 1 1 0 1 0 0 231.37610375365097 65.42715457243867 143.1 237.40589024038235 -38.24262818600139 261.41483 66.19887 283.6000536607254 4.221089756224572 -2.5952601 -5.1683784 0.23185657 283.6000650950884 4.221065395427323 283.59051378870754 4.263053384980389 59.14213750329295 154.80650338607526 16000.0 16600.0 2016.0 2 77 {-999.0 27.834435 23.152205 19.355795 -999.0} sdss_psfmag_ps1 21.201143 18.684677 16.915003 9.924 63050395645305207 1154119662 bright_1x1 mwm_galactic_core_dist_apogee_sparse mwm_galactic science 0 0 0.0 0.0 -999 ""
FIBERMAP 872 R+4C23 BOSS 0 0 0 1 0 0 230.76853299887367 65.85227719986244 143.1 237.03421424264712 -37.60090495338407 261.41483 66.19887 -999.0 -999.0 -999.0 -999.0 -999.0 283.59848714904496 4.223856058403635 283.58888500976747 4.265953334928048 59.14542721323305 154.80742981557833 -999.0 5400.0 -999.0 1 247 {-999.0 -999.0 -999.0 -999.0 -999.0} "" -999.0 -999.0 -999.0 -999.0 -999 -999 "" "" "" "" 0 0 0.0 0.0 -999 ""
FIBERMAP 872 R+4C23 METROLOGY 0 0 0 1 0 0 231.4463105632716 66.17404354197903 143.1 237.78452263864662 -37.59494631683054 261.41483 66.19887 -999.0 -999.0 -999.0 -999.0 -999.0 283.60183423986865 4.2239096450978435 283.5922440904211 4.265983217146021 59.14425264723339 154.80131278252514 -999.0 6231.0 -999.0 -1 -999 {-999.0 -999.0 -999.0 -999.0 -999.0} "" -999.0 -999.0 -999.0 -999.0 -999 -999 "" "" "" "" 0 0 0.0 0.0 -999 ""
FIBERMAP 875 R+1C7 APOGEE 1 1 0 1 0 0 -140.6338794478163 2.8577150239271027 143.1 -126.32349653124817 61.89763870479826 317.08084 84.1163 281.94649573499396 4.680617041235216 -2.6515605 -2.3228397 0.2629066 281.9464946210827 4.680605826897005 281.9359264643788 4.718253725958447 60.132047172263384 157.56832015560403 16000.0 16600.0 2016.0 2 138 {-999.0 19.78217 16.794712 15.317068 -999.0} sdss_psfmag_ps1 18.061325 15.880165 14.526046 10.619 63050395645615157 1154124798 bright_1x1 mwm_galactic_core_dist_apogee_sparse mwm_galactic science 0 0 0.0 0.0 -999 ""
FIBERMAP 875 R+1C7 BOSS 0 0 0 1 0 0 -141.20596431040647 2.3761541665049073 143.1 -127.04534781488744 61.702205040198535 317.08084 84.1163 -999.0 -999.0 -999.0 -999.0 -999.0 281.9431945392005 4.679632390998454 281.93259128088295 4.717383041132336 60.132292820988 157.57520214377493 -999.0 5400.0 -999.0 1 21 {-999.0 -999.0 -999.0 -999.0 -999.0} "" -999.0 -999.0 -999.0 -999.0 -999 -999 "" "" "" "" 0 0 0.0 0.0 -999 ""
FIBERMAP 875 R+1C7 METROLOGY 0 0 0 1 0 0 -141.34311207413512 3.1162384989502634 143.1 -126.85761677495336 62.43115915528611 317.08084 84.1163 -999.0 -999.0 -999.0 -999.0 -999.0 281.94405838970243 4.682971764225841 281.93345726349696 4.720692501236543 60.135148339060834 157.57142207262686 -999.0 6231.0 -999.0 -1 -999 {-999.0 -999.0 -999.0 -999.0 -999.0} "" -999.0 -999.0 -999.0 -999.0 -999 -999 "" "" "" "" 0 0 0.0 0.0 -999 ""
FIBERMAP 877 R+13C4 APOGEE 1 1 0 1 0 0 -84.1626133756214 234.25879032216022 143.1 22.46872054188645 247.9208129578053 291.39398 70.83042 282.62724283422324 5.520194749124413 -1.2161807 -6.5137467 0.44175464 282.6272286270469 5.520175500104323 282.6144597574361 5.5594109870966815 60.69846769815172 155.70802415438803 16000.0 16600.0 2016.0 2 114 {-999.0 20.706333 17.330692 15.759626 -999.0} sdss_psfmag_ps1 18.736273 16.235529 14.8177185 10.58 63050395645783205 1154125963 bright_1x1 mwm_galactic_core_dist_apogee_sparse mwm_galactic science 0 0 0.0 0.0 -999 ""
FIBERMAP 877 R+13C4 BOSS 0 0 0 1 0 0 -84.89802816321058 234.20974432530247 143.1 21.781153921002996 248.18646663735015 291.39398 70.83042 -999.0 -999.0 -999.0 -999.0 -999.0 282.62414504373453 5.52128903705337 282.6113335576425 5.5606238668745505 60.700686310367416 155.71312447566928 -999.0 5400.0 -999.0 1 86 {-999.0 -999.0 -999.0 -999.0 -999.0} "" -999.0 -999.0 -999.0 -999.0 -999 -999 "" "" "" "" 0 0 0.0 0.0 -999 ""
FIBERMAP 877 R+13C4 METROLOGY 0 0 0 1 0 0 -84.58925890385937 234.87218732961483 143.1 22.34050640668465 248.65696847347058 291.39398 70.83042 -999.0 -999.0 -999.0 -999.0 -999.0 282.62668034374934 5.523405118119227 282.61387458988196 5.562715587142159 60.70176869813862 155.7067930407864 -999.0 6231.0 -999.0 -1 -999 {-999.0 -999.0 -999.0 -999.0 -999.0} "" -999.0 -999.0 -999.0 -999.0 -999 -999 "" "" "" "" 0 0 0.0 0.0 -999 ""
FIBERMAP 880 R-8C1 APOGEE 1 1 0 1 0 0 -210.55732253940005 -168.2934134091729 143.1 -261.9065247424105 -63.81723659826402 254.96045 97.0238 281.3339285580571 4.1113539588780865 -999.0 -999.0 -999.0 281.3339255141039 4.111356449963506 281.3248681833439 4.147537263190438 59.77949276039206 159.0797382016858 16000.0 16600.0 2016.0 2 276 {-999.0 -999.0 -999.0 -999.0 -999.0} "" -999.0 18.323677 -999.0 10.425 63050395645026305 1151532340 bright_1x1 mwm_galactic_core_dist_apogee_sparse mwm_galactic science 0 0 0.0 0.0 -999 ""
FIBERMAP 880 R-8C1 BOSS 0 0 0 1 0 0 -211.30814195055018 -168.21125653718164 143.1 -262.55273136728096 -63.42611023658326 254.96045 97.0238 -999.0 -999.0 -999.0 -999.0 -999.0 281.33106808489975 4.113023098552062 281.32197087138263 4.149309659836492 59.78205279132142 159.08415334962368 -999.0 5400.0 -999.0 1 418 {-999.0 -999.0 -999.0 -999.0 -999.0} "" -999.0 -999.0 -999.0 -999.0 -999 -999 "" "" "" "" 0 0 0.0 0.0 -999 ""
FIBERMAP 880 R-8C1 METROLOGY 0 0 0 1 0 0 -210.86178649558457 -167.60946276302488 143.1 -261.8941901235883 -63.068626901413865 254.96045 97.0238 -999.0 -999.0 -999.0 -999.0 -999.0 281.33399560982156 4.114656964675238 281.3249041062398 4.150918601632143 59.78270644055877 159.07764774485926 -999.0 6231.0 -999.0 -1 -999 {-999.0 -999.0 -999.0 -999.0 -999.0} "" -999.0 -999.0 -999.0 -999.0 -999 -999 "" "" "" "" 0 0 0.0 0.0 -999 ""
FIBERMAP 885 R+12C10 APOGEE 0 0 1 1 0 0 45.07076100176745 240.3516645841407 143.1 142.2286141934019 198.94735140781876 7.236913 172.20927 -999.0 -999.0 -999.0 -999.0 -999.0 283.1713347331147 5.296943673602293 283.1590910656383 5.337619419119751 60.29940562594912 154.8371854480975 -999.0 16600.0 -999.0 2 -999 {-999.0 -999.0 -999.0 -999.0 -999.0} "" -999.0 -999.0 -999.0 -999.0 -999 -999 "" "" "" "" 0 0 0.0 0.0 -999 ""
FIBERMAP 885 R+12C10 BOSS 1 0 1 1 0 0 45.82193979405448 240.36356031442665 143.1 142.91480930666458 198.64136160416246 7.236913 172.20927 283.159436929378 5.183152410638277 19.218315 10.575661 1.5569495 283.1745023734477 5.295451661632479 283.1622202133148 5.336244571843327 60.29700361109506 154.83231346729437 5400.0 5400.0 2016.0 1 153 {-999.0 17.964146 16.561932 15.969657 -999.0} sdss_psfmag_ps1 17.427761 16.504566 15.561664 13.559 63050395645579078 981897800 "" ops_std_boss_tic ops_std standard_boss 0 0 0.0 0.0 -999 ""
FIBERMAP 885 R+12C10 METROLOGY 0 0 1 1 0 0 45.45529358002841 239.71229248843449 143.1 142.30768589859073 198.20540065368075 7.236913 172.20927 -999.0 -999.0 -999.0 -999.0 -999.0 283.171743464102 5.293546887501134 283.159478291831 5.334302279289767 60.29617127512409 154.83886314842778 -999.0 6231.0 -999.0 -1 -999 {-999.0 -999.0 -999.0 -999.0 -999.0} "" -999.0 -999.0 -999.0 -999.0 -999 -999 "" "" "" "" 0 0 0.0 0.0 -999 ""
FIBERMAP 886 R+3C2 APOGEE 0 0 0 1 0 0 -251.1894153512004 56.5038774194784 143.1 -203.95374352241387 157.16666176610042 205.75273 95.32574 -999.0 -999.0 -999.0 -999.0 -999.0 281.5972937741238 5.110945905662983 281.5856562118567 5.147610458172626 60.65037573552951 157.96008990822233 -999.0 16600.0 -999.0 2 -999 {-999.0 -999.0 -999.0 -999.0 -999.0} "" -999.0 -999.0 -999.0 -999.0 -999 -999 "" "" "" "" 0 0 0.0 0.0 -999 ""
FIBERMAP 886 R+3C2 BOSS 1 1 0 1 0 0 -251.57726202058336 57.10314637893017 143.1 -204.0527322427307 157.87364405352682 205.75273 95.32574 281.59691817351387 5.114121147086502 -5.6271405 -29.2537 2.1144123 281.5968991462893 5.114025316538903 281.5852172001109 5.150797183783227 60.653536819472905 157.95887603703838 5400.0 5400.0 2016.0 1 73 {-999.0 14.288024 13.631302 13.366898 -999.0} sdss_psfmag_from_g3xp 14.110438 13.651235 13.022799 11.889 63050395648633604 980529435 "" ops_std_boss_tic ops_std standard_boss 0 0 0.0 0.0 -999 ""
FIBERMAP 886 R+3C2 METROLOGY 0 0 0 1 0 0 -250.83697133572306 57.161483073701355 143.1 -203.3568261473688 157.61435910079956 205.75273 95.32574 -999.0 -999.0 -999.0 -999.0 -999.0 281.6000152109022 5.112905237480344 281.58834621008896 5.149654486763613 60.651465507695576 157.9535839270373 -999.0 6231.0 -999.0 -1 -999 {-999.0 -999.0 -999.0 -999.0 -999.0} "" -999.0 -999.0 -999.0 -999.0 -999 -999 "" "" "" "" 0 0 0.0 0.0 -999 ""
FIBERMAP 891 R+9C3 APOGEE 1 1 0 1 0 0 -124.80813976675294 177.25265163841513 143.1 -38.42902759215795 213.36739607421265 70.24334 38.42075 282.349605663456 5.365964054142325 -4.527033 -5.4241896 -0.12820603 282.34959274415166 5.365972653934172 282.3372399964053 5.404524386607375 60.647703425437996 156.3457455067971 16000.0 16600.0 2016.0 2 99 {-999.0 23.515503 20.642492 17.017864 -999.0} sdss_psfmag_ps1 21.344818 17.741539 16.038311 9.39 63050395645769873 1154125908 bright_1x1 mwm_galactic_core_dist_apogee_sparse mwm_galactic science 0 0 0.0 0.0 -999 ""
FIBERMAP 891 R+9C3 BOSS 0 0 0 1 0 0 -124.55850730273085 176.53822512613903 143.1 -38.50393598633612 212.61427326787543 70.24334 38.42075 -999.0 -999.0 -999.0 -999.0 -999.0 282.3492691831777 5.362524204953309 282.3368861680995 5.401183863321891 60.64467990537504 156.34873078861472 -999.0 5400.0 -999.0 1 58 {-999.0 -999.0 -999.0 -999.0 -999.0} "" -999.0 -999.0 -999.0 -999.0 -999 -999 "" "" "" "" 0 0 0.0 0.0 -999 ""
FIBERMAP 891 R+9C3 METROLOGY 0 0 0 1 0 0 -125.29204388003805 176.6751186026485 143.1 -39.11138753103766 213.0477472037269 70.24334 38.42075 -999.0 -999.0 -999.0 -999.0 -999.0 282.34650153577894 5.364494744930989 282.3341248024517 5.4031162660872925 60.64742944666109 156.35267155362234 -999.0 6231.0 -999.0 -1 -999 {-999.0 -999.0 -999.0 -999.0 -999.0} "" -999.0 -999.0 -999.0 -999.0 -999 -999 "" "" "" "" 0 0 0.0 0.0 -999 ""
FIBERMAP 894 R+13C9 APOGEE 1 1 0 1 0 0 19.294174544370996 268.4600497835617 143.1 130.70756322831292 235.30655215989617 199.07889 29.510279 283.1187003069163 5.460342468066518 -2.7398407 -6.0089364 -0.8481497 283.11867057948984 5.460308754399325 283.1060153192049 5.500817565978553 60.47069094567338 154.818323378666 16000.0 16600.0 2016.0 2 56 {-999.0 23.849758 23.717054 17.686642 -999.0} sdss_psfmag_gaia 21.353668 18.10615 16.39536 9.975 63050395645748678 1154780880 bright_1x1 mwm_galactic_core_dist_apogee_sparse mwm_galactic science 0 0 0.0 0.0 -999 ""
FIBERMAP 894 R+13C9 BOSS 0 0 0 1 0 0 19.777215838477105 269.0285329814328 143.1 131.38532437587082 235.61835837727742 199.07889 29.510279 -999.0 -999.0 -999.0 -999.0 -999.0 283.1217760913555 5.461565016737803 283.10907559463556 5.502189517061293 60.470876118500136 154.8115553486804 -999.0 5400.0 -999.0 1 165 {-999.0 -999.0 -999.0 -999.0 -999.0} "" -999.0 -999.0 -999.0 -999.0 -999 -999 "" "" "" "" 0 0 0.0 0.0 -999 ""
FIBERMAP 894 R+13C9 METROLOGY 0 0 0 1 0 0 20.040694538983836 268.32611851527037 143.1 131.32803748565044 234.8702892007029 199.07889 29.510279 -999.0 -999.0 -999.0 -999.0 -999.0 283.1215158437967 5.4582549564731195 283.10883563936403 5.498848847086008 60.467844674931136 154.81444422350958 -999.0 6231.0 -999.0 -1 -999 {-999.0 -999.0 -999.0 -999.0 -999.0} "" -999.0 -999.0 -999.0 -999.0 -999 -999 "" "" "" "" 0 0 0.0 0.0 -999 ""
FIBERMAP 895 R+11C14 APOGEE 1 1 0 1 0 0 117.46766676823168 224.92806020374897 143.1 201.37482626185601 154.4307800334912 115.007164 118.380714 283.4390970606199 5.094019280425429 -3.501368 -7.5303297 -0.18080333 283.4390831624724 5.0939905196230075 283.4273333945971 5.135392648063233 60.01430973389634 154.4835342479647 16000.0 16600.0 2016.0 2 96 {-999.0 23.758904 23.863297 19.700836 -999.0} sdss_psfmag_ps1 20.776695 18.33621 16.488173 8.248 63050395645576656 1154124715 bright_1x1 mwm_galactic_core_dist_apogee_sparse mwm_galactic science 0 0 0.0 0.0 -999 ""
FIBERMAP 895 R+11C14 BOSS 0 0 0 1 0 0 117.91429681132318 225.53031423696495 143.1 202.03381059985142 154.788564941898 115.007164 118.380714 -999.0 -999.0 -999.0 -999.0 -999.0 283.4421030805161 5.09547050358689 283.4303062567842 5.136989866741438 60.0147205667253 154.47685317192628 -999.0 5400.0 -999.0 1 88 {-999.0 -999.0 -999.0 -999.0 -999.0} "" -999.0 -999.0 -999.0 -999.0 -999 -999 "" "" "" "" 0 0 0.0 0.0 -999 ""
FIBERMAP 895 R+11C14 METROLOGY 0 0 0 1 0 0 118.21568531620991 224.84717515584802 143.1 202.01902936444884 154.04198812058135 115.007164 118.380714 -999.0 -999.0 -999.0 -999.0 -999.0 283.44203086544127 5.092137815938712 283.4302547088238 5.1336265479510566 60.01160633384835 154.47939670476848 -999.0 6231.0 -999.0 -1 -999 {-999.0 -999.0 -999.0 -999.0 -999.0} "" -999.0 -999.0 -999.0 -999.0 -999 -999 "" "" "" "" 0 0 0.0 0.0 -999 ""
FIBERMAP 896 R-8C17 APOGEE 1 1 0 1 0 0 162.92024253086691 -141.53787745809316 143.1 88.050727008755 -197.05290151534004 80.552765 100.90044 282.91999752549987 3.5029865608097954 -4.8117814 -6.069438 0.27988246 282.91996298503307 3.5029756928759586 282.91229629717503 3.54336251285446 58.70223752486961 156.52000551895887 16000.0 16600.0 2016.0 2 230 {-999.0 21.133795 17.841333 16.242178 -999.0} sdss_psfmag_ps1 19.210598 16.652285 15.226429 10.974 63050395645263650 1154118660 bright_1x1 mwm_galactic_core_dist_apogee_sparse mwm_galactic science 0 0 0.0 0.0 -999 ""
FIBERMAP 896 R-8C17 BOSS 0 0 0 1 0 0 163.65155164575313 -141.48618494877874 143.1 88.73568660433521 -197.3144239142884 80.552765 100.90044 -999.0 -999.0 -999.0 -999.0 -999.0 282.92312122682927 3.5016446681040687 282.9154158151218 3.5421568510821486 58.70005659248429 156.51513909033517 -999.0 5400.0 -999.0 1 275 {-999.0 -999.0 -999.0 -999.0 -999.0} "" -999.0 -999.0 -999.0 -999.0 -999 -999 "" "" "" "" 0 0 0.0 0.0 -999 ""
FIBERMAP 896 R-8C17 METROLOGY 0 0 0 1 0 0 163.33719492412007 -142.16264472905888 143.1 88.16535636985937 -197.7952800740762 80.552765 100.90044 -999.0 -999.0 -999.0 -999.0 -999.0 282.9205041401333 3.4995214716078085 282.91281621918625 3.539994214710574 58.69889046375643 156.5212409037638 -999.0 6231.0 -999.0 -1 -999 {-999.0 -999.0 -999.0 -999.0 -999.0} "" -999.0 -999.0 -999.0 -999.0 -999 -999 "" "" "" "" 0 0 0.0 0.0 -999 ""
FIBERMAP 897 R-6C3 APOGEE 1 1 0 1 0 0 -169.16798428989205 -100.55110121287892 143.1 -195.80676390933797 -19.841789583350348 100.147736 66.58429 281.63063322434306 4.309588319442807 -0.7530151 -4.2836146 1.4808338 281.630646675374 4.3095478259187825 281.62105486633635 4.346454798907367 59.87857492955163 158.39915449059174 16000.0 16600.0 2016.0 2 298 {-999.0 11.860237 11.438008 11.254117 -999.0} sdss_psfmag_from_g3xp 11.777953 11.436594 10.910458 10.21 63050395645037655 975056938 "" ops_std_apogee ops_std standard_apogee 0 0 0.0 0.0 -999 ""
FIBERMAP 897 R-6C3 BOSS 0 0 0 1 0 0 -168.4450825628268 -100.71555340130521 143.1 -195.22057787273363 -20.295769328360905 100.147736 66.58429 -999.0 -999.0 -999.0 -999.0 -999.0 281.6332785319637 4.307363512088323 281.62365514562015 4.344390360590775 59.87580750585302 158.39552055955002 -999.0 5400.0 -999.0 1 445 {-999.0 -999.0 -999.0 -999.0 -999.0} "" -999.0 -999.0 -999.0 -999.0 -999 -999 "" "" "" "" 0 0 0.0 0.0 -999 ""
FIBERMAP 897 R-6C3 METROLOGY 0 0 0 1 0 0 -168.94859439681247 -101.26266168529804 143.1 -195.9078880287181 -20.579559938042646 100.147736 66.58429 -999.0 -999.0 -999.0 -999.0 -999.0 281.63017370123606 4.306115292469126 281.62056426072434 4.343102459336696 59.87554007289897 158.40215475065338 -999.0 6231.0 -999.0 -1 -999 {-999.0 -999.0 -999.0 -999.0 -999.0} "" -999.0 -999.0 -999.0 -999.0 -999 -999 "" "" "" "" 0 0 0.0 0.0 -999 ""
FIBERMAP 898 R+4C19 APOGEE 1 1 0 1 0 0 154.04932357858732 94.38549854970572 143.1 179.49689267596682 20.62637967035975 128.15266 85.65957 283.34014892578125 4.488983647456891 -999.0 -999.0 -999.0 283.3401586693101 4.488983212856674 283.32995260139603 4.530251192562761 59.48448762088563 155.0950491586824 16000.0 16600.0 2015.5 2 90 {-999.0 -999.0 -999.0 -999.0 -999.0} "" -999.0 -999.0 -999.0 -999.0 27021603150618237 848237937 "" ops_sky_apogee_best ops_sky sky_apogee 0 0 0.0 0.0 -999 ""
FIBERMAP 898 R+4C19 BOSS 0 0 0 1 0 0 154.66909945946472 94.77006163173856 143.1 180.22108619368544 20.71374288860261 128.15266 85.65957 -999.0 -999.0 -999.0 -999.0 -999.0 283.34353476889027 4.489258838109798 283.3332847871201 4.530647961700362 59.48367841517245 155.08865651257307 -999.0 5400.0 -999.0 1 208 {-999.0 -999.0 -999.0 -999.0 -999.0} "" -999.0 -999.0 -999.0 -999.0 -999 -999 "" "" "" "" 0 0 0.0 0.0 -999 ""
FIBERMAP 898 R+4C19 METROLOGY 0 0 0 1 0 0 154.70779968870715 94.02795139218362 143.1 179.9432273229414 20.024467623426645 128.15266 85.65957 -999.0 -999.0 -999.0 -999.0 -999.0 283.34224550927837 4.486164684534356 283.33201565186675 4.5275192336007155 59.48120327524621 155.09317438120195 -999.0 6231.0 -999.0 -1 -999 {-999.0 -999.0 -999.0 -999.0 -999.0} "" -999.0 -999.0 -999.0 -999.0 -999 -999 "" "" "" "" 0 0 0.0 0.0 -999 ""
FIBERMAP 899 R+4C21 APOGEE 1 1 0 1 0 0 192.27927322848475 82.52599608297844 143.1 209.1630738405097 -6.249789522114063 128.92145 138.55855 283.47378280383 4.366476995092756 -2.2306428 -5.614615 0.14580052 283.4737548223093 4.3664432758111476 283.4638471461162 4.408078324372294 59.322775270509325 154.93550667246492 16000.0 16600.0 2016.0 2 33 {-999.0 30.139713 25.049786 20.186838 -999.0} sdss_psfmag_ps1 21.138693 19.556635 17.86308 10.692 63050395645551144 1154123830 bright_1x1 mwm_galactic_core_dist_apogee_sparse mwm_galactic science 0 0 0.0 0.0 -999 ""
FIBERMAP 899 R+4C21 BOSS 0 0 0 1 0 0 192.3135505154847 83.26978494231989 143.1 209.50781754806368 -5.58976715834629 128.92145 138.55855 -999.0 -999.0 -999.0 -999.0 -999.0 283.47541061362415 4.369317259643753 283.4654520816573 4.411069137089034 59.32499685606552 154.93048256258976 -999.0 5400.0 -999.0 1 193 {-999.0 -999.0 -999.0 -999.0 -999.0} "" -999.0 -999.0 -999.0 -999.0 -999 -999 "" "" "" "" 0 0 0.0 0.0 -999 ""
FIBERMAP 899 R+4C21 METROLOGY 0 0 0 1 0 0 192.94286018769287 82.86034046969854 143.1 209.9058182565074 -6.226440681740545 128.92145 138.55855 -999.0 -999.0 -999.0 -999.0 -999.0 283.47717128331425 4.366454818374461 283.4672321412304 4.4081797249696635 59.3216640006911 154.92925748337095 -999.0 6231.0 -999.0 -1 -999 {-999.0 -999.0 -999.0 -999.0 -999.0} "" -999.0 -999.0 -999.0 -999.0 -999 -999 "" "" "" "" 0 0 0.0 0.0 -999 ""
FIBERMAP 901 R+8C13 APOGEE 0 0 0 1 0 0 47.248526349267074 144.56610419302302 143.1 103.81004315830775 111.16939338953227 291.40698 8.672206 -999.0 -999.0 -999.0 -999.0 -999.0 282.9971122084693 4.901892495910607 282.98588791446497 4.942198488156345 59.990955600297795 155.44309644246155 -999.0 16600.0 -999.0 2 -999 {-999.0 -999.0 -999.0 -999.0 -999.0} "" -999.0 -999.0 -999.0 -999.0 -999 -999 "" "" "" "" 0 0 0.0 0.0 -999 ""
FIBERMAP 901 R+8C13 BOSS 1 1 0 1 0 0 46.87373752022836 145.21321921009246 143.1 103.743072450973 111.91425652179679 291.40698 8.672206 282.99682617187494 4.905367095780761 -999.0 -999.0 -999.0 282.99689110810414 4.905203719055485 282.9856168797823 4.945618952611336 59.99425343561188 155.44120290322073 5400.0 5400.0 2015.5 1 151 {-999.0 -999.0 -999.0 -999.0 -999.0} "" -999.0 -999.0 -999.0 -999.0 27021603150619070 820735260 "" ops_sky_boss_good ops_sky sky_boss 0 0 0.0 0.0 -999 ""
FIBERMAP 901 R+8C13 METROLOGY 0 0 0 1 0 0 47.614398620353725 145.2163345074207 143.1 104.41602721953484 111.60473988792884 291.40698 8.672206 -999.0 -999.0 -999.0 -999.0 -999.0 282.9999347498709 4.903806385863318 282.9886755754562 4.944198410435417 59.991854095626366 155.43649338722815 -999.0 6231.0 -999.0 -1 -999 {-999.0 -999.0 -999.0 -999.0 -999.0} "" -999.0 -999.0 -999.0 -999.0 -999 -999 "" "" "" "" 0 0 0.0 0.0 -999 ""
FIBERMAP 903 R+10C13 APOGEE 0 0 0 1 0 0 106.02974115804702 191.8065385270786 143.1 177.03520585022042 129.21920545040072 19.439926 87.74069 -999.0 -999.0 -999.0 -999.0 -999.0 283.3294751434262 4.981314731580179 283.3180206958974 5.02245795617271 59.94841377895533 154.76810281415132 -999.0 16600.0 -999.0 2 -999 {-999.0 -999.0 -999.0 -999.0 -999.0} "" -999.0 -999.0 -999.0 -999.0 -999 -999 "" "" "" "" 0 0 0.0 0.0 -999 ""
FIBERMAP 903 R+10C13 BOSS 1 1 0 1 0 0 106.26121068216334 191.1095172041247 143.1 176.95116695021545 128.48952532440725 19.439926 87.74069 283.32916259765625 4.977909251137675 -999.0 -999.0 -999.0 283.32917548877407 4.977934765079162 283.3176869637008 5.019188158623607 59.945482600609196 154.77107146568684 5400.0 5400.0 2015.5 1 98 {-999.0 -999.0 -999.0 -999.0 -999.0} "" -999.0 -999.0 -999.0 -999.0 27021603150619228 820735531 "" ops_sky_boss_good ops_sky sky_boss 0 0 0.0 0.0 -999 ""
FIBERMAP 903 R+10C13 METROLOGY 0 0 0 1 0 0 105.53070874091331 191.2518957346784 143.1 176.3487803357163 128.92669345207395 19.439926 87.74069 -999.0 -999.0 -999.0 -999.0 -999.0 283.3264303956294 4.979959904994381 283.3149490639836 5.021174602152387 59.94831726937085 154.77472582259077 -999.0 6231.0 -999.0 -1 -999 {-999.0 -999.0 -999.0 -999.0 -999.0} "" -999.0 -999.0 -999.0 -999.0 -999 -999 "" "" "" "" 0 0 0.0 0.0 -999 ""
FIBERMAP 904 R+7C9 APOGEE 1 1 0 1 0 0 -12.65183238842505 133.1858115932737 143.1 44.692482424031525 126.1099701370851 58.04324 35.281902 282.7276611328125 4.970888694790958 -999.0 -999.0 -999.0 282.72767051400325 4.9709271007314 282.7162936425539 5.010527543441615 60.148412759666684 155.90017717653328 16000.0 16600.0 2015.5 2 23 {-999.0 -999.0 -999.0 -999.0 -999.0} "" -999.0 -999.0 -999.0 -999.0 27021603150621129 842847191 "" ops_sky_apogee_best ops_sky sky_apogee 0 0 0.0 0.0 -999 ""
FIBERMAP 904 R+7C9 BOSS 0 0 0 1 0 0 -12.594003498428634 132.4527680532226 143.1 44.435793155713576 125.42084999059071 58.04324 35.281902 -999.0 -999.0 -999.0 -999.0 -999.0 282.72655272790075 4.967749174518939 282.7151434886765 5.007457422610976 60.14592561131332 155.90446358019955 -999.0 5400.0 -999.0 1 131 {-999.0 -999.0 -999.0 -999.0 -999.0} "" -999.0 -999.0 -999.0 -999.0 -999 -999 "" "" "" "" 0 0 0.0 0.0 -999 ""
FIBERMAP 904 R+7C9 METROLOGY 0 0 0 1 0 0 -13.273918173115938 132.76073814839037 143.1 43.949110771056404 125.98684570145751 58.04324 35.281902 -999.0 -999.0 -999.0 -999.0 -999.0 282.7243209521542 4.970346028542289 282.71291679034516 5.010016836363242 60.149092646951395 155.90687507062682 -999.0 6231.0 -999.0 -1 -999 {-999.0 -999.0 -999.0 -999.0 -999.0} "" -999.0 -999.0 -999.0 -999.0 -999 -999 "" "" "" "" 0 0 0.0 0.0 -999 ""
FIBERMAP 905 R-1C5 APOGEE 1 1 0 1 0 0 -188.1874235086032 -26.798031906860906 143.1 -181.95168516451906 55.05906560048671 206.01268 174.60605 281.69394434668374 4.649513872094898 -0.32814538 -1.1163113 0.16360763 281.69397550735863 4.649507444465685 281.68350954357925 4.686510920654863 60.18209391097513 158.06784319058366 16000.0 16600.0 2016.0 2 266 {-999.0 18.640844 16.066051 14.823954 -999.0} sdss_psfmag_ps1 17.192455 15.380122 14.118078 10.685 63050395645648496 1154125234 bright_1x1 mwm_galactic_core_dist_apogee_sparse mwm_galactic science 0 0 0.0 0.0 -999 ""
FIBERMAP 905 R-1C5 BOSS 0 0 0 1 0 0 -188.87405790243707 -27.073855047897965 143.1 -182.6906504994496 55.09850383339169 206.01268 174.60605 -999.0 -999.0 -999.0 -999.0 -999.0 281.69061906466845 4.649588376401064 281.6801161954504 4.686694285597044 60.18333355998073 158.07418214998435 -999.0 5400.0 -999.0 1 485 {-999.0 -999.0 -999.0 -999.0 -999.0} "" -999.0 -999.0 -999.0 -999.0 -999 -999 "" "" "" "" 0 0 0.0 0.0 -999 ""
FIBERMAP 905 R-1C5 METROLOGY 0 0 0 1 0 0 -188.78071055334266 -26.33906522838746 143.1 -182.2961362525044 55.72545552074239 206.01268 174.60605 -999.0 -999.0 -999.0 -999.0 -999.0 281.6924132087024 4.652462912449506 281.68191331445416 4.689541389715604 60.185471305900165 158.06895912371277 -999.0 6231.0 -999.0 -1 -999 {-999.0 -999.0 -999.0 -999.0 -999.0} "" -999.0 -999.0 -999.0 -999.0 -999 -999 "" "" "" "" 0 0 0.0 0.0 -999 ""
FIBERMAP 906 R+11C11 APOGEE 1 1 0 1 0 0 39.06110070448058 203.21188384901083 143.1 121.1168885968869 167.80283279209723 257.67252 60.245705 283.0758452865498 5.157644695246614 -4.639584 -6.513741 0.10447755 283.0758425714429 5.15759364538585 283.06396126393355 5.1980515962946185 60.20288085686725 155.11596771040482 16000.0 16600.0 2016.0 2 1 {-999.0 22.764523 19.021044 15.6073675 -999.0} sdss_psfmag_ps1 20.562014 15.672179 14.006925 8.061 63050395645740442 1154125650 bright_1x1 mwm_galactic_core_dist_apogee_sparse mwm_galactic science 0 0 0.0 0.0 -999 ""
FIBERMAP 906 R+11C11 BOSS 0 0 0 1 0 0 38.503558253623666 203.7002772105704 143.1 120.81726059166175 168.48083347886518 257.67252 60.245705 -999.0 -999.0 -999.0 -999.0 -999.0 283.0745482060759 5.160590855230404 283.06261765748184 5.201154218684234 60.20625645752148 155.11626646003964 -999.0 5400.0 -999.0 1 108 {-999.0 -999.0 -999.0 -999.0 -999.0} "" -999.0 -999.0 -999.0 -999.0 -999 -999 "" "" "" "" 0 0 0.0 0.0 -999 ""
FIBERMAP 906 R+11C11 METROLOGY 0 0 0 1 0 0 39.202537392597996 203.94815848240134 143.1 121.55563703169497 168.410851339307 257.67252 60.245705 -999.0 -999.0 -999.0 -999.0 -999.0 283.0778844159801 5.160272899594501 283.0659662153837 5.200813908826479 60.20475341870491 155.11023650378627 -999.0 6231.0 -999.0 -1 -999 {-999.0 -999.0 -999.0 -999.0 -999.0} "" -999.0 -999.0 -999.0 -999.0 -999 -999 "" "" "" "" 0 0 0.0 0.0 -999 ""
FIBERMAP 907 R-6C6 APOGEE 0 0 0 1 0 0 -120.48509634563511 -122.08183408644062 143.1 -160.74014469441127 -59.89602748176336 187.47565 139.71501 -999.0 -999.0 -999.0 -999.0 -999.0 281.789286773207 4.127242169918565 281.7801450810888 4.164594028468262 59.65632303717372 158.21234010226976 -999.0 16600.0 -999.0 2 -999 {-999.0 -999.0 -999.0 -999.0 -999.0} "" -999.0 -999.0 -999.0 -999.0 -999 -999 "" "" "" "" 0 0 0.0 0.0 -999 ""
FIBERMAP 907 R-6C6 BOSS 1 1 0 1 0 0 -121.120074539576 -121.66859830417941 143.1 -161.14168687133952 -59.253525497290845 187.47565 139.71501 281.7874537708199 4.130041408675614 -0.11135752 -3.2635393 0.33604488 281.7874504167086 4.130032665591285 281.7782642763644 4.167492785991524 59.659663206926695 158.21407131248603 5400.0 5400.0 2016.0 1 465 {-999.0 18.77921 16.873587 15.83062 14.946703} sdss_psfmag_from_ps1dr2 17.9117 16.6605 15.5105 13.136 63050395645012530 1040113836 "" ops_std_boss_ps1dr2 ops_std standard_boss 0 0 0.0 0.0 -999 ""
FIBERMAP 907 R-6C6 METROLOGY 0 0 0 1 0 0 -120.45976788743923 -121.336166298671 143.1 -160.4027235437064 -59.230527501910295 187.47565 139.71501 -999.0 -999.0 -999.0 -999.0 -999.0 281.79079870199814 4.130161152827993 281.78162253385744 4.167597699120364 59.658714643892495 158.20770882226714 -999.0 6231.0 -999.0 -1 -999 {-999.0 -999.0 -999.0 -999.0 -999.0} "" -999.0 -999.0 -999.0 -999.0 -999 -999 "" "" "" "" 0 0 0.0 0.0 -999 ""
FIBERMAP 908 R+6C18 APOGEE 0 0 0 1 0 0 148.15544345272994 108.58946688061454 143.1 180.14215250665927 35.99220889996288 208.988 130.05046 -999.0 -999.0 -999.0 -999.0 -999.0 283.3432629676435 4.558744751528722 283.33287972222956 4.600006837519983 59.5486464398919 155.04077638771284 -999.0 16600.0 -999.0 2 -999 {-999.0 -999.0 -999.0 -999.0 -999.0} "" -999.0 -999.0 -999.0 -999.0 -999 -999 "" "" "" "" 0 0 0.0 0.0 -999 ""
FIBERMAP 908 R+6C18 BOSS 1 1 0 1 0 0 147.4508863716241 108.84078896390704 143.1 179.60923523363815 36.51722732768816 208.988 130.05046 283.3409434836512 4.561049617640387 -1.7671767 1.0622885 2.070169 283.3409527426357 4.561038851339071 283.3305210108825 4.602406759281758 59.551726069236594 155.04342612269724 5400.0 5400.0 2016.0 1 203 {-999.0 16.029173 14.994301 14.581174 -999.0} sdss_psfmag_from_g3xp 15.669029 15.006294 14.220957 12.643 63050395645556712 981666925 "" ops_std_boss_tic ops_std standard_boss 0 0 0.0 0.0 -999 ""
FIBERMAP 908 R+6C18 METROLOGY 0 0 0 1 0 0 148.02242538474607 109.32361139915406 143.1 180.33112354955983 36.71403519559947 208.988 130.05046 -999.0 -999.0 -999.0 -999.0 -999.0 283.344199441018 4.561945753774056 283.3337772612327 4.603290010892442 59.55139601822039 155.03682037124213 -999.0 6231.0 -999.0 -1 -999 {-999.0 -999.0 -999.0 -999.0 -999.0} "" -999.0 -999.0 -999.0 -999.0 -999 -999 "" "" "" "" 0 0 0.0 0.0 -999 ""
FIBERMAP 910 R+11C8 APOGEE 1 1 0 1 0 0 -11.327083276148366 225.41814954804397 143.1 84.78876157395892 209.18878704078722 81.593315 123.44836 282.91060459391196 5.345099115697982 -0.105206884 1.3474056 0.44824958 282.9106090708713 5.345097066529727 282.8982639292389 5.38509431117574 60.43623323354931 155.29379996143942 16000.0 16600.0 2016.0 2 15 {-999.0 16.947802 14.058379 12.497421 -999.0} sdss_psfmag_from_g3xp 15.3021145 13.150871 11.809145 7.875 63050395645750960 1152339521 bright_1x1 mwm_galactic_core_dist_apogee_sparse mwm_galactic science 0 0 0.0 0.0 -999 ""
FIBERMAP 910 R+11C8 BOSS 0 0 0 1 0 0 -10.655096608393114 225.75029170531323 143.1 85.53819425932882 209.20659665914351 81.593315 123.44836 -999.0 -999.0 -999.0 -999.0 -999.0 282.91407108241896 5.345080124954904 282.90168460772907 5.385194667681802 60.435124748594674 155.2872703870994 -999.0 5400.0 -999.0 1 111 {-999.0 -999.0 -999.0 -999.0 -999.0} "" -999.0 -999.0 -999.0 -999.0 -999 -999 "" "" "" "" 0 0 0.0 0.0 -999 ""
FIBERMAP 910 R+11C8 METROLOGY 0 0 0 1 0 0 -10.697834722503503 225.00835056389434 143.1 85.18655735947408 208.55181781586955 81.593315 123.44836 -999.0 -999.0 -999.0 -999.0 -999.0 282.9124601977963 5.342174026276821 282.9000929068727 5.382254286498048 60.432933239551645 155.29237912574797 -999.0 6231.0 -999.0 -1 -999 {-999.0 -999.0 -999.0 -999.0 -999.0} "" -999.0 -999.0 -999.0 -999.0 -999 -999 "" "" "" "" 0 0 0.0 0.0 -999 ""
FIBERMAP 912 R+3C20 APOGEE 1 1 0 1 0 0 170.92723849861167 37.96247356831108 143.1 171.0080450397055 -37.65627327172241 332.25995 50.475445 283.3007200877004 4.224350965596685 4.14911 5.1967864 3.2020237 283.3006915280036 4.224373987981734 283.29115979878566 4.26559344766952 59.25058355292458 155.34964933372578 16000.0 16600.0 2016.0 2 62 {-999.0 9.084818 9.138986 9.227977 -999.0} sdss_psfmag_from_g3xp 9.166779 9.087231 8.885316 8.456 63050395645510989 975056965 "" ops_std_apogee ops_std standard_apogee 0 0 0.0 0.0 -999 ""
FIBERMAP 912 R+3C20 BOSS 0 0 0 1 0 0 170.24242092261449 37.667247851453226 143.1 170.2625450255891 -37.635195708483 332.25995 50.475445 -999.0 -999.0 -999.0 -999.0 -999.0 283.2974132099315 4.224351352281511 283.28783900236647 4.265676154031286 59.2518254958009 155.35565590348284 -999.0 5400.0 -999.0 1 216 {-999.0 -999.0 -999.0 -999.0 -999.0} "" -999.0 -999.0 -999.0 -999.0 -999 -999 "" "" "" "" 0 0 0.0 0.0 -999 ""
FIBERMAP 912 R+3C20 METROLOGY 0 0 0 1 0 0 170.332574604877 38.41128893133626 143.1 170.65806453125757 -36.998508068873754 332.25995 50.475445 -999.0 -999.0 -999.0 -999.0 -999.0 283.299195828606 4.227273631050977 283.2896261866214 4.268570178340657 59.25390797839853 155.35040197215577 -999.0 6231.0 -999.0 -1 -999 {-999.0 -999.0 -999.0 -999.0 -999.0} "" -999.0 -999.0 -999.0 -999.0 -999 -999 "" "" "" "" 0 0 0.0 0.0 -999 ""
FIBERMAP 914 R+3C11 APOGEE 1 1 0 1 0 0 -49.417672002975166 54.51889185483701 143.1 -21.82160866872513 70.27818867865962 212.32408 94.719986 282.4232769426982 4.7181996246323 -3.276789 -5.5535383 0.5812693 282.42327381119264 4.718142745146413 282.41256734816767 4.757010292544054 60.01273172457926 156.64345885281378 16000.0 16600.0 2016.0 2 124 {-999.0 22.061014 20.030527 16.382381 -999.0} sdss_psfmag_ps1 21.220337 15.60596 13.873382 7.475 63050395645624135 1154124924 bright_1x1 mwm_galactic_core_dist_apogee_sparse mwm_galactic science 0 0 0.0 0.0 -999 ""
FIBERMAP 914 R+3C11 BOSS 0 0 0 1 0 0 -49.88311802748207 55.09703912885706 143.1 -21.999872636720866 70.99874170474443 212.32408 94.719986 -999.0 -999.0 -999.0 -999.0 -999.0 282.42249590404543 4.721349166477552 282.4117417790363 4.760325145145648 60.01613081915839 156.6427913958206 -999.0 5400.0 -999.0 1 14 {-999.0 -999.0 -999.0 -999.0 -999.0} "" -999.0 -999.0 -999.0 -999.0 -999 -999 "" "" "" "" 0 0 0.0 0.0 -999 ""
FIBERMAP 914 R+3C11 METROLOGY 0 0 0 1 0 0 -49.150640834394835 55.212495977332395 143.1 -21.286963974300967 70.79454904379527 212.32408 94.719986 -999.0 -999.0 -999.0 -999.0 -999.0 282.4257418548393 4.720437537120697 282.4150009673919 4.759390573070342 60.01416344311444 156.6372926885664 -999.0 6231.0 -999.0 -1 -999 {-999.0 -999.0 -999.0 -999.0 -999.0} "" -999.0 -999.0 -999.0 -999.0 -999 -999 "" "" "" "" 0 0 0.0 0.0 -999 ""
FIBERMAP 916 R-13C3 APOGEE 1 1 0 1 0 0 -92.67888134659364 -270.63688715546874 143.1 -198.17174729492382 -206.33372595673282 346.03046 54.4005 281.62290029756093 3.467447140091493 -3.3873537 -4.5686526 -0.16076806 281.6229051940532 3.4674424432475996 281.6154618094029 3.5044968370622147 59.07891058416272 158.91815065199958 16000.0 16600.0 2016.0 2 198 {-999.0 23.152525 22.260853 17.405241 -999.0} sdss_psfmag_gaia 20.905277 17.947048 16.329695 10.661 63050395644716671 1154778871 bright_1x1 mwm_galactic_core_dist_apogee_sparse mwm_galactic science 0 0 0.0 0.0 -999 ""
FIBERMAP 916 R-13C3 BOSS 0 0 0 1 0 0 -93.25973112876592 -271.10008010101296 143.1 -198.8938008520959 -206.50880713835267 346.03046 54.4005 -999.0 -999.0 -999.0 -999.0 -999.0 281.6197196933461 3.4665877961797174 281.61224168171805 3.5037507391396923 59.07917339576224 158.92455145407635 -999.0 5400.0 -999.0 1 342 {-999.0 -999.0 -999.0 -999.0 -999.0} "" -999.0 -999.0 -999.0 -999.0 -999 -999 "" "" "" "" 0 0 0.0 0.0 -999 ""
FIBERMAP 916 R-13C3 METROLOGY 0 0 0 1 0 0 -93.37470517887218 -270.3566960414026 143.1 -198.68457088648444 -205.78621158808645 346.03046 54.4005 -999.0 -999.0 -999.0 -999.0 -999.0 281.6206217042672 3.4698433407752343 281.6131458270432 3.5069749047777115 59.081972609862724 158.9209766225264 -999.0 6231.0 -999.0 -1 -999 {-999.0 -999.0 -999.0 -999.0 -999.0} "" -999.0 -999.0 -999.0 -999.0 -999 -999 "" "" "" "" 0 0 0.0 0.0 -999 ""
FIBERMAP 918 R-4C10 APOGEE 0 0 0 1 0 0 -42.370933211884164 -68.85802217969386 143.1 -67.46038598094137 -44.573242191576455 35.408134 149.28038 -999.0 -999.0 -999.0 -999.0 -999.0 282.21366153912993 4.195617049310457 282.2043051560903 4.234048384239657 59.58735743759881 157.37567769115708 -999.0 16600.0 -999.0 2 -999 {-999.0 -999.0 -999.0 -999.0 -999.0} "" -999.0 -999.0 -999.0 -999.0 -999 -999 "" "" "" "" 0 0 0.0 0.0 -999 ""
FIBERMAP 918 R-4C10 BOSS 1 1 0 1 0 0 -41.65231142808875 -68.78360207867914 143.1 -66.77734704671285 -44.80880458715409 35.408134 149.28038 282.216796875 4.194385144722361 -999.0 -999.0 -999.0 282.21677959779794 4.19439964094544 282.20738701146485 4.232952663740078 59.58532395936132 157.37063700833363 5400.0 5400.0 2015.5 1 408 {-999.0 -999.0 -999.0 -999.0 -999.0} "" -999.0 -999.0 -999.0 -999.0 27021603150617491 820734714 "" ops_sky_boss_good ops_sky sky_boss 0 0 0.0 0.0 -999 ""
FIBERMAP 918 R-4C10 METROLOGY 0 0 0 1 0 0 -41.93666381915976 -69.46471161841401 143.1 -67.32242980164263 -45.306530230972086 35.408134 149.28038 -999.0 -999.0 -999.0 -999.0 -999.0 282.2142848424903 4.192177196749005 282.2049092113284 4.230692103035681 59.58398721771394 157.37670245071044 -999.0 6231.0 -999.0 -1 -999 {-999.0 -999.0 -999.0 -999.0 -999.0} "" -999.0 -999.0 -999.0 -999.0 -999 -999 "" "" "" "" 0 0 0.0 0.0 -999 ""
FIBERMAP 919 R-12C2 APOGEE 1 1 0 1 0 0 -127.49982840297453 -252.77715102330518 143.1 -222.21626324645192 -175.45406624622316 350.57288 39.98719 281.51402966781967 3.6068719568797842 13.89854 23.360468 8.281399 281.51408150779565 3.6069494274531917 281.50629369906073 3.6436951858093463 59.24452899256835 159.0386906698073 16000.0 16600.0 2016.0 2 204 {-999.0 9.232173 8.965111 8.853443 -999.0} sdss_psfmag_from_g3xp 9.209229 8.963158 8.529711 7.847 63050395644723714 975056975 "" ops_std_apogee ops_std standard_apogee 0 0 0.0 0.0 -999 ""
FIBERMAP 919 R-12C2 BOSS 0 0 0 1 0 0 -128.1362262537769 -253.16158113853112 143.1 -222.95547370766334 -175.53429929512237 350.57288 39.98719 -999.0 -999.0 -999.0 -999.0 -999.0 281.51082027072397 3.6065140825609623 281.5029972044644 3.6433674061411816 59.245207944923436 159.04501809086824 -999.0 5400.0 -999.0 1 339 {-999.0 -999.0 -999.0 -999.0 -999.0} "" -999.0 -999.0 -999.0 -999.0 -999 -999 "" "" "" "" 0 0 0.0 0.0 -999 ""
FIBERMAP 919 R-12C2 METROLOGY 0 0 0 1 0 0 -128.16181038565927 -252.41236433089045 143.1 -222.66272410466405 -174.8441108464155 350.57288 39.98719 -999.0 -999.0 -999.0 -999.0 -999.0 281.5120969309207 3.6096305309579133 281.50427618653987 3.6464536725654577 59.24776606315706 159.04081907197147 -999.0 6231.0 -999.0 -1 -999 {-999.0 -999.0 -999.0 -999.0 -999.0} "" -999.0 -999.0 -999.0 -999.0 -999 -999 "" "" "" "" 0 0 0.0 0.0 -999 ""
FIBERMAP 920 R+5C2 APOGEE 0 0 0 1 0 0 -217.99416118912197 89.10178107298042 143.1 -160.10511042822162 172.72820516108897 196.7129 150.89333 -999.0 -999.0 -999.0 -999.0 -999.0 281.79576655093973 5.18202159375333 281.78393016015315 5.219183693004794 60.65504998423199 157.5316430665759 -999.0 16600.0 -999.0 2 -999 {-999.0 -999.0 -999.0 -999.0 -999.0} "" -999.0 -999.0 -999.0 -999.0 -999 -999 "" "" "" "" 0 0 0.0 0.0 -999 ""
FIBERMAP 920 R+5C2 BOSS 1 1 0 1 0 0 -218.6838514093635 89.21364929730257 143.1 -160.68335484384545 173.12049558058425 196.7129 150.89333 281.7931868359799 5.183707773347198 1.607136 -4.7336154 0.7198715 281.7931790031463 5.183690422451197 281.7813013593944 5.2209542191155265 60.65757053331919 157.53553363747164 5400.0 5400.0 2016.0 1 71 {-999.0 18.60385 16.801369 15.800764 15.026605} sdss_psfmag_from_ps1dr2 17.7857 16.605 15.5135 13.333 63050395645711849 1040114178 "" ops_std_boss_ps1dr2 ops_std standard_boss 0 0 0.0 0.0 -999 ""
FIBERMAP 920 R+5C2 METROLOGY 0 0 0 1 0 0 -218.22949366143698 89.80979280168688 143.1 -160.01993977348812 173.4694805591022 196.7129 150.89333 -999.0 -999.0 -999.0 -999.0 -999.0 281.7961865575432 5.185300582015597 281.78431507499585 5.2225410083533 60.658103958410535 157.52869172461675 -999.0 6231.0 -999.0 -1 -999 {-999.0 -999.0 -999.0 -999.0 -999.0} "" -999.0 -999.0 -999.0 -999.0 -999 -999 "" "" "" "" 0 0 0.0 0.0 -999 ""
FIBERMAP 921 R+2C21 APOGEE 1 1 0 1 0 0 189.3670138531611 37.16766007728685 143.1 187.3942928429406 -46.153194142629864 324.71378 140.36873 283.3746272801959 4.185631201686284 -2.0489724 -5.2679114 -0.5110172 283.37462296901174 4.185643435967873 283.3651824334619 4.227060337103993 59.188508066209245 155.24118914790103 16000.0 16600.0 2016.0 2 80 {-999.0 26.65419 22.713821 19.030098 -999.0} sdss_psfmag_ps1 21.730276 18.86279 17.177114 10.818 63050395645305923 1154119696 bright_1x1 mwm_galactic_core_dist_apogee_sparse mwm_galactic science 0 0 0.0 0.0 -999 ""
FIBERMAP 921 R+2C21 BOSS 0 0 0 1 0 0 189.60032426754802 36.46226285604603 143.1 187.3083911149105 -46.8912459565503 324.71378 140.36873 -999.0 -999.0 -999.0 -999.0 -999.0 283.3743099123329 4.182168167470022 283.36483507581966 4.2236989432103105 59.18548551442504 155.2441389697671 -999.0 5400.0 -999.0 1 223 {-999.0 -999.0 -999.0 -999.0 -999.0} "" -999.0 -999.0 -999.0 -999.0 -999 -999 "" "" "" "" 0 0 0.0 0.0 -999 ""
FIBERMAP 921 R+2C21 METROLOGY 0 0 0 1 0 0 188.8684304389482 36.59879948654239 143.1 186.70227875160444 -46.45878837112474 324.71378 140.36873 -999.0 -999.0 -999.0 -999.0 -999.0 283.37155951493435 4.184170635427654 283.36209209574946 4.225661644948615 59.188287617516394 155.24778261756057 -999.0 6231.0 -999.0 -1 -999 {-999.0 -999.0 -999.0 -999.0 -999.0} "" -999.0 -999.0 -999.0 -999.0 -999 -999 "" "" "" "" 0 0 0.0 0.0 -999 ""
FIBERMAP 925 R-13C12 APOGEE 1 1 0 1 0 0 107.13416146447072 -259.415652628071 143.1 -12.246638015610728 -280.42063171745275 280.1219 144.67738 282.46351414720493 3.130635150282444 -3.3456898 -7.405066 -0.024990609 282.46352158301187 3.130610405106985 282.45684646534914 3.169898806618824 58.4988214406048 157.57972013838804 16000.0 16600.0 2016.0 2 182 {-999.0 25.479082 21.089128 17.36357 -999.0} sdss_psfmag_ps1 20.99959 17.239477 15.58531 9.482 63050395644097657 1156787938 bright_1x1 mwm_galactic_core_dist_apogee_extra mwm_galactic science 0 0 0.0 0.0 -999 ""
FIBERMAP 925 R-13C12 BOSS 0 0 0 1 0 0 106.8352504693236 -260.0964918410376 143.1 -12.804808701706598 -280.91197276700575 280.1219 144.67738 -999.0 -999.0 -999.0 -999.0 -999.0 282.46103232970466 3.1283271255379375 282.4543230110609 3.1677281294364326 58.497574952667364 157.58562082124917 -999.0 5400.0 -999.0 1 337 {-999.0 -999.0 -999.0 -999.0 -999.0} "" -999.0 -999.0 -999.0 -999.0 -999 -999 "" "" "" "" 0 0 0.0 0.0 -999 ""
FIBERMAP 925 R-13C12 METROLOGY 0 0 0 1 0 0 106.39184109952305 -259.5070599196198 143.1 -12.958330737777771 -280.19047967856727 280.1219 144.67738 -999.0 -999.0 -999.0 -999.0 -999.0 282.46033151668814 3.131566203562344 282.45362546786635 3.1709311386723207 58.50083197585716 157.58491465063815 -999.0 6231.0 -999.0 -1 -999 {-999.0 -999.0 -999.0 -999.0 -999.0} "" -999.0 -999.0 -999.0 -999.0 -999 -999 "" "" "" "" 0 0 0.0 0.0 -999 ""
FIBERMAP 932 R0C19 APOGEE 1 1 0 1 0 0 127.88861668606734 -3.5813890731987694 143.1 114.46074998998452 -57.17911506767032 10.160145 90.53826 283.04354725383877 4.136188854056211 -2.217816 -4.2271423 0.14779456 283.04355294603016 4.136202585856707 283.0342689414119 4.176779555879237 59.25651081117661 155.879904619251 16000.0 16600.0 2016.0 2 64 {-999.0 23.911062 19.58136 17.19265 -999.0} sdss_psfmag_ps1 20.823816 17.477564 15.851239 10.474 63050395645509264 1154123194 bright_1x1 mwm_galactic_core_dist_apogee_sparse mwm_galactic science 0 0 0.0 0.0 -999 ""
FIBERMAP 932 R0C19 BOSS 0 0 0 1 0 0 128.0877545627364 -4.3037789149437184 143.1 114.33669426541533 -57.91816522632608 10.160145 90.53826 -999.0 -999.0 -999.0 -999.0 -999.0 283.04306464258383 4.132704355329701 283.03374758904675 4.1733948335979445 59.253512443606624 155.8831404963155 -999.0 5400.0 -999.0 1 242 {-999.0 -999.0 -999.0 -999.0 -999.0} "" -999.0 -999.0 -999.0 -999.0 -999 -999 "" "" "" "" 0 0 0.0 0.0 -999 ""
FIBERMAP 932 R0C19 METROLOGY 0 0 0 1 0 0 127.35730902893718 -4.147171993728973 143.1 113.74035900723348 -57.46811839809818 10.160145 90.53826 -999.0 -999.0 -999.0 -999.0 -999.0 283.0403394283493 4.134793085159441 283.0310292360638 4.175443814844687 59.25636993485013 155.8867385435906 -999.0 6231.0 -999.0 -1 -999 {-999.0 -999.0 -999.0 -999.0 -999.0} "" -999.0 -999.0 -999.0 -999.0 -999 -999 "" "" "" "" 0 0 0.0 0.0 -999 ""
FIBERMAP 934 R+3C10 APOGEE 0 0 0 1 0 0 -67.8342918013925 44.18765333151142 143.1 -42.878787550675966 68.67609739983074 265.5302 76.28589 -999.0 -999.0 -999.0 -999.0 -999.0 282.32706377337405 4.711042478357129 282.316383954825 4.749663949568751 60.03774949143826 156.82924335729058 -999.0 16600.0 -999.0 2 -999 {-999.0 -999.0 -999.0 -999.0 -999.0} "" -999.0 -999.0 -999.0 -999.0 -999 -999 "" "" "" "" 0 0 0.0 0.0 -999 ""
FIBERMAP 934 R+3C10 BOSS 1 1 0 1 0 0 -68.60880437631745 44.47578124155354 143.1 -43.45962010906889 69.26399251426483 265.5302 76.28589 282.32442620250094 4.71368505638824 -5.774724 2.7130241 -1.2325958 282.3244350715413 4.713646439915969 282.3137096321935 4.752371694097173 60.04118844608662 156.8324773307348 5400.0 5400.0 2016.0 1 24 {-999.0 16.17833 14.909425 14.087142 -999.0} sdss_psfmag_from_g3xp 15.635438 14.983414 13.675036 11.757 63050395645622474 1093201095 bright_3x1 mwm_astar_core_boss mwm_ob science 0 0 0.0 0.0 -999 ""
FIBERMAP 934 R+3C10 METROLOGY 0 0 0 1 0 0 -68.0033012388311 44.914356703299724 143.1 -42.72559192547124 69.40635376340832 265.5302 76.28589 -999.0 -999.0 -999.0 -999.0 -999.0 282.32778273589264 4.714313075602269 282.3170664051756 4.753015337401954 60.04068493824231 156.82573063361525 -999.0 6231.0 -999.0 -1 -999 {-999.0 -999.0 -999.0 -999.0 -999.0} "" -999.0 -999.0 -999.0 -999.0 -999 -999 "" "" "" "" 0 0 0.0 0.0 -999 ""
FIBERMAP 936 R+2C20 APOGEE 0 0 0 1 0 0 140.84062221664567 41.82017737692119 143.1 145.35193270125941 -21.470335079524002 188.03764 94.95489 -999.0 -999.0 -999.0 -999.0 -999.0 283.18466805833754 4.29822737638347 283.1749599170989 4.339134323454681 59.36008327880266 155.51172100521137 -999.0 16600.0 -999.0 2 -999 {-999.0 -999.0 -999.0 -999.0 -999.0} "" -999.0 -999.0 -999.0 -999.0 -999 -999 "" "" "" "" 0 0 0.0 0.0 -999 ""
FIBERMAP 936 R+2C20 BOSS 1 1 0 1 0 0 140.6477318957192 42.54075096280156 143.1 145.48088786289546 -20.735566560164557 188.03764 94.95489 283.185354576941 4.301441653033153 -0.35302716 -1.8035448 0.9326844 283.18536602103717 4.301444604216497 283.1756072423923 4.342466041214512 59.3629791490614 155.50824892798585 5400.0 5400.0 2016.0 1 222 {-999.0 19.886139 17.787077 16.50291 -999.0} sdss_psfmag_ps1 18.885515 17.102678 15.855711 13.143 63050395645512214 939263780 bright_1x1 openfibertargets_nov2020_34a open_fiber science 0 0 0.0 0.0 -999 ""
FIBERMAP 936 R+2C20 METROLOGY 0 0 0 1 0 0 141.36849900484614 42.347442089367355 143.1 146.05296914782787 -21.214813736560032 188.03764 94.95489 -999.0 -999.0 -999.0 -999.0 -999.0 283.1879322919635 4.2992918638188105 283.1781907472013 4.340288205836875 59.36003809558256 155.50500710553501 -999.0 6231.0 -999.0 -1 -999 {-999.0 -999.0 -999.0 -999.0 -999.0} "" -999.0 -999.0 -999.0 -999.0 -999 -999 "" "" "" "" 0 0 0.0 0.0 -999 ""
FIBERMAP 938 R+12C15 APOGEE 1 1 0 1 0 0 157.9511990586032 253.83505058887704 143.1 250.27608161284306 163.57184121728318 149.76591 36.886253 283.65826318389173 5.1324064630777455 -999.0 -999.0 -999.0 283.65827273355353 5.132402119182259 283.6464073579642 5.174358422398364 59.97057850092085 154.04906672850638 16000.0 16600.0 2016.0 2 44 {-999.0 23.082811 21.24153 20.020067 -999.0} sdss_psfmag_gaia 21.601007 20.718073 19.022541 10.814 63050395645812755 1154781036 bright_1x1 mwm_galactic_core_dist_apogee_sparse mwm_galactic science 0 0 0.0 0.0 -999 ""
FIBERMAP 938 R+12C15 BOSS 0 0 0 1 0 0 158.68788425657982 253.92456862303166 143.1 250.98186758081638 163.34235236218737 149.76591 36.886253 -999.0 -999.0 -999.0 -999.0 -999.0 283.66144914241335 5.1312037096014755 283.6495427325883 5.173278105828412 59.96842081160749 154.0440665033776 -999.0 5400.0 -999.0 1 179 {-999.0 -999.0 -999.0 -999.0 -999.0} "" -999.0 -999.0 -999.0 -999.0 -999 -999 "" "" "" "" 0 0 0.0 0.0 -999 ""
FIBERMAP 938 R+12C15 METROLOGY 0 0 0 1 0 0 158.40145204926978 253.2378997339837 143.1 250.4325544077956 162.84046250089088 149.76591 36.886253 -999.0 -999.0 -999.0 -999.0 -999.0 283.65899760365585 5.129018251608859 283.6471093619893 5.17105570995896 59.9672511652835 154.05020679864063 -999.0 6231.0 -999.0 -1 -999 {-999.0 -999.0 -999.0 -999.0 -999.0} "" -999.0 -999.0 -999.0 -999.0 -999 -999 "" "" "" "" 0 0 0.0 0.0 -999 ""
FIBERMAP 940 R+12C5 APOGEE 0 0 0 1 0 0 -78.50444377018563 243.82972642902473 143.1 31.635747928257718 254.21377402444315 153.14992 97.76038 -999.0 -999.0 -999.0 -999.0 -999.0 282.6689459501489 5.548092384138216 282.656102516116 5.587429641935533 60.71029952062377 155.60868378994775 -999.0 16600.0 -999.0 2 -999 {-999.0 -999.0 -999.0 -999.0 -999.0} "" -999.0 -999.0 -999.0 -999.0 -999 -999 "" "" "" "" 0 0 0.0 0.0 -999 ""
FIBERMAP 940 R+12C5 BOSS 1 1 0 1 0 0 -78.25895871182499 244.5228181790797 143.1 32.15063826155609 254.73875589911734 153.14992 97.76038 282.6713562011719 5.550346236591253 -999.0 -999.0 -999.0 282.67133077461324 5.550332198606951 282.65844125884894 5.5897825175046245 60.71169225472537 155.60254669605436 5400.0 5400.0 2015.5 1 157 {-999.0 -999.0 -999.0 -999.0 -999.0} "" -999.0 -999.0 -999.0 -999.0 27021603150622295 820736165 "" ops_sky_boss_good ops_sky sky_boss 0 0 0.0 0.0 -999 ""
FIBERMAP 940 R+12C5 METROLOGY 0 0 0 1 0 0 -77.77204210036186 243.97202813158353 143.1 32.35990875558847 254.03395647166528 153.14992 97.76038 -999.0 -999.0 -999.0 -999.0 -999.0 282.67226730869874 5.547209706242751 282.6593970708046 5.586632618208678 60.70840841807881 155.6029715200158 -999.0 6231.0 -999.0 -1 -999 {-999.0 -999.0 -999.0 -999.0 -999.0} "" -999.0 -999.0 -999.0 -999.0 -999 -999 "" "" "" "" 0 0 0.0 0.0 -999 ""
FIBERMAP 941 R-13C14 APOGEE 0 0 0 1 0 0 146.1843101116232 -237.74436503099002 143.1 32.30346343591355 -277.23653178889265 98.97098 106.384186 -999.0 -999.0 -999.0 -999.0 -999.0 282.66519507844777 3.1443458274566383 282.65846367895836 3.184150393342695 58.447134793947825 157.20664656664061 -999.0 16600.0 -999.0 2 -999 {-999.0 -999.0 -999.0 -999.0 -999.0} "" -999.0 -999.0 -999.0 -999.0 -999 -999 "" "" "" "" 0 0 0.0 0.0 -999 ""
FIBERMAP 941 R-13C14 BOSS 1 1 0 1 0 0 146.85216450166644 -237.4244310966568 143.1 33.044000631234994 -277.2280501358572 98.97098 106.384186 282.6686096191406 3.144266387425617 -999.0 -999.0 -999.0 282.6685863197072 3.144268232905297 282.66181375985326 3.1842000983487773 58.446090302158225 157.20057341322214 5400.0 5400.0 2015.5 1 257 {-999.0 -999.0 -999.0 -999.0 -999.0} "" -999.0 -999.0 -999.0 -999.0 27021603150581258 820732195 "" ops_sky_boss_good ops_sky sky_boss 0 0 0.0 0.0 -999 ""
FIBERMAP 941 R-13C14 METROLOGY 0 0 0 1 0 0 146.79762988172945 -238.16921893541908 143.1 32.680466037054806 -277.88043573736644 98.97098 106.384186 -999.0 -999.0 -999.0 -999.0 -999.0 282.6669156368088 3.141407778417839 282.66016212529297 3.1813023393896693 58.44388929296862 157.20535905369042 -999.0 6231.0 -999.0 -1 -999 {-999.0 -999.0 -999.0 -999.0 -999.0} "" -999.0 -999.0 -999.0 -999.0 -999 -999 "" "" "" "" 0 0 0.0 0.0 -999 ""
FIBERMAP 942 R+1C24 APOGEE 1 1 0 1 0 0 242.86302964155377 5.308925690872778 143.1 222.47013266895513 -97.60272432788949 319.84735 94.69981 283.53103637695307 3.952476941297661 -999.0 -999.0 -999.0 283.5310622061017 3.952498604184418 283.52219687095345 3.994363605922349 58.91544604044627 155.11649893371114 16000.0 16600.0 2015.5 2 59 {-999.0 -999.0 -999.0 -999.0 -999.0} "" -999.0 -999.0 -999.0 -999.0 27021603150603986 849031248 "" ops_sky_apogee_good ops_sky sky_apogee 0 0 0.0 0.0 -999 ""
FIBERMAP 942 R+1C24 BOSS 0 0 0 1 0 0 242.45024483417995 4.696427293346494 143.1 221.83751951135784 -97.9840717148849 319.84735 94.69981 -999.0 -999.0 -999.0 -999.0 -999.0 283.5282747084371 3.9506460232614233 283.5193705568949 3.992619386737801 58.914815083329714 155.12280286676776 -999.0 5400.0 -999.0 1 183 {-999.0 -999.0 -999.0 -999.0 -999.0} "" -999.0 -999.0 -999.0 -999.0 -999 -999 "" "" "" "" 0 0 0.0 0.0 -999 ""
FIBERMAP 942 R+1C24 METROLOGY 0 0 0 1 0 0 242.1187109528785 5.3707939031350715 143.1 221.82126512259208 -97.23273738136933 319.84735 94.69981 -999.0 -999.0 -999.0 -999.0 -999.0 283.52821267335844 3.9540772229144574 283.51931225475033 3.996017095712723 58.91801260932449 155.12057447102566 -999.0 6231.0 -999.0 -1 -999 {-999.0 -999.0 -999.0 -999.0 -999.0} "" -999.0 -999.0 -999.0 -999.0 -999 -999 "" "" "" "" 0 0 0.0 0.0 -999 ""
FIBERMAP 943 R-4C19 APOGEE 1 1 0 1 0 0 149.32461775845488 -92.26021529512076 143.1 96.50275144527672 -146.63391883139207 265.7168 92.30076 282.95974731445307 3.7304977966302175 -999.0 -999.0 -999.0 282.95977344515387 3.730451473307863 282.9515263188175 3.770894649800483 58.90324341043848 156.30073360751896 16000.0 16600.0 2015.5 2 223 {-999.0 -999.0 -999.0 -999.0 -999.0} "" -999.0 -999.0 -999.0 -999.0 27021603150603695 849031190 "" ops_sky_apogee_good ops_sky sky_apogee 0 0 0.0 0.0 -999 ""
FIBERMAP 943 R-4C19 BOSS 0 0 0 1 0 0 148.57744727674958 -92.23836898112175 143.1 95.83442036024283 -146.2990216380527 265.7168 92.30076 -999.0 -999.0 -999.0 -999.0 -999.0 282.95681764845546 3.7318043876350484 282.94852557977816 3.77235560198299 58.90563212165663 156.3052304676434 -999.0 5400.0 -999.0 1 291 {-999.0 -999.0 -999.0 -999.0 -999.0} "" -999.0 -999.0 -999.0 -999.0 -999 -999 "" "" "" "" 0 0 0.0 0.0 -999 ""
FIBERMAP 943 R-4C19 METROLOGY 0 0 0 1 0 0 148.96931192804 -91.6058763100463 143.1 96.45649456659929 -145.89072101970353 265.7168 92.30076 -999.0 -999.0 -999.0 -999.0 -999.0 282.9596377400994 3.7336924474320354 282.95135244664067 3.7742176755908976 58.90642876199571 156.29887023395995 -999.0 6231.0 -999.0 -1 -999 {-999.0 -999.0 -999.0 -999.0 -999.0} "" -999.0 -999.0 -999.0 -999.0 -999 -999 "" "" "" "" 0 0 0.0 0.0 -999 ""
FIBERMAP 944 R-1C11 APOGEE 1 1 0 1 0 0 -71.11181506605746 -4.296331384260547 143.1 -66.29690103363359 26.092348431037188 200.53093 33.996567 282.21964576927564 4.517427267734056 -3.8140066 -6.2357984 0.13180606 282.21962194178997 4.517394231857396 282.20944534444175 4.555777321222695 59.88985041263503 157.1579958124217 16000.0 16600.0 2016.0 2 282 {-999.0 21.37691 18.289955 16.04369 -999.0} sdss_psfmag_ps1 19.549944 16.487823 15.001396 10.524 63050395645592136 1154124651 bright_1x1 mwm_galactic_core_dist_apogee_sparse mwm_galactic science 0 0 0.0 0.0 -999 ""
FIBERMAP 944 R-1C11 BOSS 0 0 0 1 0 0 -70.65906130425418 -3.716804310258194 143.1 -65.64194773582517 26.426941827849085 200.53093 33.996567 -999.0 -999.0 -999.0 -999.0 -999.0 282.22261879398934 4.518814373625415 282.2123993831588 4.557316811326483 59.89034060356409 157.15144458704023 -999.0 5400.0 -999.0 1 440 {-999.0 -999.0 -999.0 -999.0 -999.0} "" -999.0 -999.0 -999.0 -999.0 -999 -999 "" "" "" "" 0 0 0.0 0.0 -999 ""
FIBERMAP 944 R-1C11 METROLOGY 0 0 0 1 0 0 -70.36737580843678 -4.393772202300244 143.1 -65.66292535409572 25.69005294261409 200.53093 33.996567 -999.0 -999.0 -999.0 -999.0 -999.0 282.22251041640914 4.515487882197576 282.2123105221195 4.5539589913778205 59.88719701150491 157.15380362369632 -999.0 6231.0 -999.0 -1 -999 {-999.0 -999.0 -999.0 -999.0 -999.0} "" -999.0 -999.0 -999.0 -999.0 -999 -999 "" "" "" "" 0 0 0.0 0.0 -999 ""
FIBERMAP 948 R-8C9 APOGEE 0 0 0 1 0 0 -12.198053109212404 -168.43732462495282 143.1 -82.09247211650758 -147.59713719877723 333.89468 88.55142 -999.0 -999.0 -999.0 -999.0 -999.0 282.1466740434716 3.728048541757966 282.13851408498914 3.766400576613633 59.165620540465056 157.79277344388768 -999.0 16600.0 -999.0 2 -999 {-999.0 -999.0 -999.0 -999.0 -999.0} "" -999.0 -999.0 -999.0 -999.0 -999 -999 "" "" "" "" 0 0 0.0 0.0 -999 ""
FIBERMAP 948 R-8C9 BOSS 1 1 0 1 0 0 -12.53982834480056 -169.10278525317514 143.1 -82.68302739836847 -148.05645661928463 333.89468 88.55142 282.1440124511719 3.7258251658380885 -999.0 -999.0 -999.0 282.1440003809522 3.7258175897374524 282.1358074556791 3.764278769762122 59.16446930248159 157.79908654671777 5400.0 5400.0 2015.5 1 384 {-999.0 -999.0 -999.0 -999.0 -999.0} "" -999.0 -999.0 -999.0 -999.0 27021603150592992 852914983 "" ops_sky_boss_fallback ops_sky sky_boss 0 0 0.0 0.0 -999 ""
FIBERMAP 948 R-8C9 METROLOGY 0 0 0 1 0 0 -12.943237953760283 -168.4742235133905 143.1 -82.78377583591258 -147.3163482679694 333.89468 88.55142 -999.0 -999.0 -999.0 -999.0 -999.0 282.14353531251703 3.7292103145456648 282.1353448320714 3.7676368505830786 59.16779957967053 157.7978540625504 -999.0 6231.0 -999.0 -1 -999 {-999.0 -999.0 -999.0 -999.0 -999.0} "" -999.0 -999.0 -999.0 -999.0 -999 -999 "" "" "" "" 0 0 0.0 0.0 -999 ""
FIBERMAP 950 R-5C15 APOGEE 0 0 0 1 0 0 80.78264519955161 -115.96757432345845 143.1 24.350459508860656 -139.22745971217998 318.23123 68.21756 -999.0 -999.0 -999.0 -999.0 -999.0 282.6315269780357 3.7643845864217256 282.6232263968394 3.8039771329190306 59.0441013937989 156.87811100620604 -999.0 16600.0 -999.0 2 -999 {-999.0 -999.0 -999.0 -999.0 -999.0} "" -999.0 -999.0 -999.0 -999.0 -999 -999 "" "" "" "" 0 0 0.0 0.0 -999 ""
FIBERMAP 950 R-5C15 BOSS 1 1 0 1 0 0 80.12784394244399 -116.30619634802171 143.1 23.613878172881606 -139.2583925576414 318.23123 68.21756 282.62820953306374 3.7640890805711935 -1.5232427 -2.5980327 0.23886228 282.62821980857575 3.7640795038385177 282.6198797089564 3.803779215038741 59.04501957512139 156.8843646544038 5400.0 5400.0 2016.0 1 315 {-999.0 19.130524 16.528625 15.118447 -999.0} sdss_psfmag_ps1 17.796482 15.599519 14.24355 11.029 63050395645494569 1093381734 bright_3x1 mwm_astar_core_boss mwm_ob science 0 0 0.0 0.0 -999 ""
FIBERMAP 950 R-5C15 METROLOGY 0 0 0 1 0 0 80.15083570217658 -115.57073841336648 143.1 23.944874813544423 -138.6011656031125 318.23123 68.21756 -999.0 -999.0 -999.0 -999.0 -999.0 282.6297248921417 3.7670976951277213 282.62138848991884 3.806767898881721 59.04734178695544 156.87967996637553 -999.0 6231.0 -999.0 -1 -999 {-999.0 -999.0 -999.0 -999.0 -999.0} "" -999.0 -999.0 -999.0 -999.0 -999 -999 "" "" "" "" 0 0 0.0 0.0 -999 ""
FIBERMAP 951 R+2C24 APOGEE 0 0 0 1 0 0 236.95479079753278 29.751004452426844 143.1 227.41984989644254 -72.94678949980734 222.68062 119.14948 -999.0 -999.0 -999.0 -999.0 -999.0 283.55418518381356 4.064012376363043 283.54503555567726 4.105914241781674 59.01161118000788 154.99828465081646 -999.0 16600.0 -999.0 2 -999 {-999.0 -999.0 -999.0 -999.0 -999.0} "" -999.0 -999.0 -999.0 -999.0 -999 -999 "" "" "" "" 0 0 0.0 0.0 -999 ""
FIBERMAP 951 R+2C24 BOSS 1 1 0 1 0 0 236.2457040176559 29.973496277896537 143.1 226.8706671261118 -72.44600451771777 222.68062 119.14948 283.5518044284824 4.066176248903126 0.58616453 -4.99017 1.5021957 283.5518082411621 4.066155110136143 283.54260960726435 4.108165056781066 59.014576409088534 155.0011184900889 5400.0 5400.0 2016.0 1 185 {-999.0 18.574196 16.553751 15.563081 -999.0} sdss_psfmag_ps1 17.545488 16.0725 14.885215 11.75 63050395645303581 917203484 bright_4x1 mwm_yso_pms_boss_sagitta_edr3 mwm_yso science 0 0 0.0 0.0 -999 ""
FIBERMAP 951 R+2C24 METROLOGY 0 0 0 1 0 0 236.7915046780697 30.479015182912665 143.1 227.5787868218248 -72.21776116710865 222.68062 119.14948 -999.0 -999.0 -999.0 -999.0 -999.0 283.5549768398789 4.067221688979534 283.5457876140359 4.10920706564935 59.014420562348604 154.99464425581843 -999.0 6231.0 -999.0 -1 -999 {-999.0 -999.0 -999.0 -999.0 -999.0} "" -999.0 -999.0 -999.0 -999.0 -999 -999 "" "" "" "" 0 0 0.0 0.0 -999 ""
FIBERMAP 954 R+12C12 APOGEE 0 0 0 1 0 0 97.11446077010852 239.15835078921322 143.1 188.91928338289398 175.9180708244177 13.054847 141.60524 -999.0 -999.0 -999.0 -999.0 -999.0 283.3826397526138 5.191275961365504 283.3706475274819 5.23251429696153 60.12530843867073 154.51818816990632 -999.0 16600.0 -999.0 2 -999 {-999.0 -999.0 -999.0 -999.0 -999.0} "" -999.0 -999.0 -999.0 -999.0 -999 -999 "" "" "" "" 0 0 0.0 0.0 -999 ""
FIBERMAP 954 R+12C12 BOSS 1 1 0 1 0 0 97.78521461646551 238.84542625856687 143.1 189.39556929258978 175.35144554879872 13.054847 141.60524 283.38483658593066 5.188560311629581 3.4266646 15.379615 3.9324431 283.3848494364534 5.18860572042175 283.372821002599 5.229959574974639 60.12214194575262 154.51600315923218 5400.0 5400.0 2016.0 1 101 {-999.0 18.664223 17.072062 15.956843 -999.0} sdss_psfmag_ps1 18.011831 16.637527 15.503867 13.199 63050395645579467 1078765330 bright_flexible_2x1 mwm_snc_ext_filler_boss mwm_snc science 0 0 0.0 0.0 -999 ""
FIBERMAP 954 R+12C12 METROLOGY 0 0 0 1 0 0 97.18430529550396 238.41552932830615 143.1 188.66936663443317 175.2150168613635 13.054847 141.60524 -999.0 -999.0 -999.0 -999.0 -999.0 283.38156285284435 5.188057271418163 283.36954822274555 5.229371824500904 60.12277828718513 154.52252736359398 -999.0 6231.0 -999.0 -1 -999 {-999.0 -999.0 -999.0 -999.0 -999.0} "" -999.0 -999.0 -999.0 -999.0 -999 -999 "" "" "" "" 0 0 0.0 0.0 -999 ""
FIBERMAP 956 R+10C8 APOGEE 0 0 0 1 0 0 -39.39666924062904 207.66365439586596 143.1 51.84771279006185 204.92590992671578 209.59984 29.290588 -999.0 -999.0 -999.0 -999.0 -999.0 282.7607368233582 5.326839295682276 282.7484503819567 5.366455236012863 60.471137401918725 155.5902879426542 -999.0 16600.0 -999.0 2 -999 {-999.0 -999.0 -999.0 -999.0 -999.0} "" -999.0 -999.0 -999.0 -999.0 -999 -999 "" "" "" "" 0 0 0.0 0.0 -999 ""
FIBERMAP 956 R+10C8 BOSS 1 1 0 1 0 0 -39.025165816326805 208.30910011387138 143.1 52.456785558006814 205.3545429973586 209.59984 29.290588 282.76361920617626 5.32873408665152 -1.0531466 -4.549917 0.27831927 282.7635628304926 5.328687497953678 282.7512308771312 5.3684187545318975 60.472011053100594 155.58363369817044 5400.0 5400.0 2016.0 1 120 {-999.0 15.989266 14.546959 13.742249 -999.0} sdss_psfmag_from_g3xp 15.375925 14.307274 13.271392 11.353 63050395645752838 1093201125 bright_3x1 mwm_astar_core_boss mwm_ob science 0 0 0.0 0.0 -999 ""
FIBERMAP 956 R+10C8 METROLOGY 0 0 0 1 0 0 -38.65057250172332 207.6623750577362 143.1 52.52374341940705 204.61011593640794 209.59984 29.290588 -999.0 -999.0 -999.0 -999.0 -999.0 282.7638519586033 5.325360781543403 282.7515399579074 5.365062714179588 60.468758737817204 155.5854257599453 -999.0 6231.0 -999.0 -1 -999 {-999.0 -999.0 -999.0 -999.0 -999.0} "" -999.0 -999.0 -999.0 -999.0 -999 -999 "" "" "" "" 0 0 0.0 0.0 -999 ""
FIBERMAP 962 R-1C12 APOGEE 0 0 0 1 0 0 -50.39259245433719 -15.31874017457715 143.1 -52.156664859922856 7.359654580575939 193.4337 85.67214 -999.0 -999.0 -999.0 -999.0 -999.0 282.28397615283177 4.431948797266143 282.27401135341347 4.470514343368732 59.78819649366682 157.09261090095916 -999.0 16600.0 -999.0 2 -999 {-999.0 -999.0 -999.0 -999.0 -999.0} "" -999.0 -999.0 -999.0 -999.0 -999 -999 "" "" "" "" 0 0 0.0 0.0 -999 ""
FIBERMAP 962 R-1C12 BOSS 1 1 0 1 0 0 -50.52688873046684 -14.591670774152355 143.1 -51.97183653617554 8.075604096686611 193.4337 85.67214 282.2848285229558 4.435114437659737 -0.9724272 -3.3444295 0.33138108 282.2848376512502 4.435100164371984 282.27482557708396 4.473779634410146 59.79101424413824 157.08895643693228 5400.0 5400.0 2016.0 1 439 {-999.0 16.082354 14.731817 13.954685 -999.0} sdss_psfmag_from_g3xp 15.535451 14.499606 13.482499 11.582 63050395645534715 1093201094 bright_3x1 mwm_astar_core_boss mwm_ob science 0 0 0.0 0.0 -999 ""
FIBERMAP 962 R-1C12 METROLOGY 0 0 0 1 0 0 -49.822526200092085 -14.83740199171323 143.1 -51.43673797965233 7.5557375813468655 193.4337 85.67214 -999.0 -999.0 -999.0 -999.0 -999.0 282.287270222556 4.432757630754751 282.2772749843357 4.471411998314243 59.78797602155501 157.0859176400431 -999.0 6231.0 -999.0 -1 -999 {-999.0 -999.0 -999.0 -999.0 -999.0} "" -999.0 -999.0 -999.0 -999.0 -999 -999 "" "" "" "" 0 0 0.0 0.0 -999 ""
FIBERMAP 963 R+9C11 APOGEE 1 1 0 1 0 0 30.264245343893073 194.19034020909677 143.1 109.33534292614223 163.331672184195 148.66486 56.879078 283.0223816707852 5.137822421342273 -3.3566802 -6.480965 -0.2958989 283.02232342150967 5.137805900142401 283.0104969030261 5.178130360653383 60.2031300311464 155.23036938275817 16000.0 16600.0 2016.0 2 28 {-999.0 26.087948 21.154615 17.606642 -999.0} sdss_psfmag_ps1 21.383905 17.49385 15.81099 9.928 63050395645740308 1154125646 bright_1x1 mwm_galactic_core_dist_apogee_sparse mwm_galactic science 0 0 0.0 0.0 -999 ""
FIBERMAP 963 R+9C11 BOSS 0 0 0 1 0 0 30.924092172423514 194.5296268680849 143.1 110.07677993196805 163.36107997827696 148.66486 56.879078 -999.0 -999.0 -999.0 -999.0 -999.0 283.02576377311493 5.137847722085129 283.0138953042267 5.178290408442549 60.202082307508306 155.2238851121147 -999.0 5400.0 -999.0 1 133 {-999.0 -999.0 -999.0 -999.0 -999.0} "" -999.0 -999.0 -999.0 -999.0 -999 -999 "" "" "" "" 0 0 0.0 0.0 -999 ""
FIBERMAP 963 R+9C11 METROLOGY 0 0 0 1 0 0 30.8787011261676 193.75951060765135 143.1 109.71085568727385 162.68187033292918 148.66486 56.879078 -999.0 -999.0 -999.0 -999.0 -999.0 283.02408441325775 5.134815945344609 283.01223557913016 5.175223919764394 60.19979896909082 155.22917923439178 -999.0 6231.0 -999.0 -1 -999 {-999.0 -999.0 -999.0 -999.0 -999.0} "" -999.0 -999.0 -999.0 -999.0 -999 -999 "" "" "" "" 0 0 0.0 0.0 -999 ""
FIBERMAP 964 R+8C14 APOGEE 0 0 0 1 0 0 103.6286190886238 138.10909911817603 143.1 152.21327635121014 81.53824449171165 31.179943 9.66909 -999.0 -999.0 -999.0 -999.0 -999.0 283.21702817438666 4.766192735076089 283.20612966213747 4.8070898945162845 59.787107165159 155.12883057770637 -999.0 16600.0 -999.0 2 -999 {-999.0 -999.0 -999.0 -999.0 -999.0} "" -999.0 -999.0 -999.0 -999.0 -999 -999 "" "" "" "" 0 0 0.0 0.0 -999 ""
FIBERMAP 964 R+8C14 BOSS 1 1 0 1 0 0 103.05288161255822 137.59316676851608 143.1 151.47361814774578 81.31318264612227 31.179943 9.66909 283.21380615234375 4.7649852093328064 -999.0 -999.0 -999.0 283.213762554336 4.765106797127381 283.20282473358515 4.806106993480696 59.78735689457332 155.13564234751112 5400.0 5400.0 2015.5 1 161 {-999.0 -999.0 -999.0 -999.0 -999.0} "" -999.0 -999.0 -999.0 -999.0 27021603150618914 812877148 "" ops_sky_boss_good ops_sky sky_boss 0 0 0.0 0.0 -999 ""
FIBERMAP 964 R+8C14 METROLOGY 0 0 0 1 0 0 102.91772718205124 138.33558240162415 143.1 151.66413989264768 82.04341021303968 31.179943 9.66909 -999.0 -999.0 -999.0 -999.0 -999.0 283.2146089984668 4.768441470498808 283.20367463692986 4.8094116561967075 59.79014599192372 155.1317383876935 -999.0 6231.0 -999.0 -1 -999 {-999.0 -999.0 -999.0 -999.0 -999.0} "" -999.0 -999.0 -999.0 -999.0 -999 -999 "" "" "" "" 0 0 0.0 0.0 -999 ""
FIBERMAP 965 R+5C15 APOGEE 0 0 0 1 0 0 76.72445266387638 115.9827281800778 143.1 118.48539643368017 72.81942905822501 138.25075 64.13168 -999.0 -999.0 -999.0 -999.0 -999.0 283.0636920405212 4.727444343619929 283.0529053641579 4.767955614868174 59.80436051552657 155.44026552983837 -999.0 16600.0 -999.0 2 -999 {-999.0 -999.0 -999.0 -999.0 -999.0} "" -999.0 -999.0 -999.0 -999.0 -999 -999 "" "" "" "" 0 0 0.0 0.0 -999 ""
FIBERMAP 965 R+5C15 BOSS 1 1 0 1 0 0 77.40720346003143 116.28619785654577 143.1 119.23249879684596 72.80669879832907 138.25075 64.13168 283.06715598227044 4.727317634917885 -1.8990198 -1.3656893 1.9536775 283.06718218381224 4.727287581932464 283.05635375593636 4.767919154830459 59.80312099352088 155.43389263514842 5400.0 5400.0 2016.0 1 213 {-999.0 16.618643 15.3630495 15.021899 -999.0} sdss_psfmag_ps1 16.070751 15.36773 14.52162 12.821 63050395645565780 981897792 "" ops_std_boss_tic ops_std standard_boss 0 0 0.0 0.0 -999 ""
FIBERMAP 965 R+5C15 METROLOGY 0 0 0 1 0 0 77.33100990877983 115.54827416735962 143.1 118.85221826145236 72.16967140894548 138.25075 64.13168 -999.0 -999.0 -999.0 -999.0 -999.0 283.0654258600885 4.724427837707482 283.0546167136739 4.765023930759216 59.80101691851692 155.43913450704633 -999.0 6231.0 -999.0 -1 -999 {-999.0 -999.0 -999.0 -999.0 -999.0} "" -999.0 -999.0 -999.0 -999.0 -999 -999 "" "" "" "" 0 0 0.0 0.0 -999 ""
FIBERMAP 971 R+4C2 APOGEE 0 0 0 1 0 0 -236.4116833961753 68.73110464887255 143.1 -185.39680418932664 162.02260281019517 230.24577 101.74516 -999.0 -999.0 -999.0 -999.0 -999.0 281.6811119374176 5.133269664901482 281.66941005496966 5.170145862625093 60.645213003137066 157.7841315443286 -999.0 16600.0 -999.0 2 -999 {-999.0 -999.0 -999.0 -999.0 -999.0} "" -999.0 -999.0 -999.0 -999.0 -999 -999 "" "" "" "" 0 0 0.0 0.0 -999 ""
FIBERMAP 971 R+4C2 BOSS 1 1 0 1 0 0 -237.07345499412844 69.08082709889027 143.1 -185.84942695740682 162.6188090403128 230.24577 101.74516 281.6791104109362 5.135871033452776 -1.398814 -2.8265364 0.48252806 281.67910929198206 5.135850169116258 281.66736415994075 5.1728295671444755 60.64840672952651 157.7863230787143 5400.0 5400.0 2016.0 1 72 {-999.0 18.81478 17.176664 16.28365 15.517182} sdss_psfmag_from_ps1dr2 18.0962 17.0104 15.9531 13.898 63050395645710501 1040114177 "" ops_std_boss_ps1dr2 ops_std standard_boss 0 0 0.0 0.0 -999 ""
FIBERMAP 971 R+4C2 METROLOGY 0 0 0 1 0 0 -236.44881689255425 69.47627783945207 143.1 -185.11623291857694 162.71399489733335 230.24577 101.74516 -999.0 -999.0 -999.0 -999.0 -999.0 281.68241502291903 5.13632326976512 281.67067882286 5.1732802425176345 60.64777992223651 157.77964728021314 -999.0 6231.0 -999.0 -1 -999 {-999.0 -999.0 -999.0 -999.0 -999.0} "" -999.0 -999.0 -999.0 -999.0 -999 -999 "" "" "" "" 0 0 0.0 0.0 -999 ""
FIBERMAP 973 R+9C14 APOGEE 1 1 0 1 0 0 107.75719054573901 182.48279494067341 143.1 174.66979561477478 120.03583795663482 28.155994 135.66615 283.3188234140276 4.939897935907538 -3.5253634 -7.0572734 0.86440206 283.31881607134363 4.939888751735378 283.30746773000453 4.98101279039055 59.913518637590386 154.81741853913667 16000.0 16600.0 2016.0 2 39 {-999.0 16.159113 13.898683 12.628968 -999.0} sdss_psfmag_from_g3xp 15.003222 13.307269 12.07956 9.03 63050395645575177 1107128604 bright_1x1 mwm_tess_rgb_apogee mwm_tessrgb science 0 0 0.0 0.0 -999 ""
FIBERMAP 973 R+9C14 BOSS 0 0 0 1 0 0 108.48551324225828 182.30348430498213 143.1 175.2546315520158 119.56609832198623 28.155994 135.66615 -999.0 -999.0 -999.0 -999.0 -999.0 283.32154301833987 4.937657591166902 283.31015743737527 4.978899517671919 59.91058394944012 154.81394436137154 -999.0 5400.0 -999.0 1 162 {-999.0 -999.0 -999.0 -999.0 -999.0} "" -999.0 -999.0 -999.0 -999.0 -999 -999 "" "" "" "" 0 0 0.0 0.0 -999 ""
FIBERMAP 973 R+9C14 METROLOGY 0 0 0 1 0 0 107.9567016009309 181.76750984538796 143.1 174.5490744113041 119.30307310177542 28.155994 135.66615 -999.0 -999.0 -999.0 -999.0 -999.0 283.31833273932455 4.936520164704862 283.3069624208994 4.977722782374708 59.91062890465398 154.82071251976603 -999.0 6231.0 -999.0 -1 -999 {-999.0 -999.0 -999.0 -999.0 -999.0} "" -999.0 -999.0 -999.0 -999.0 -999 -999 "" "" "" "" 0 0 0.0 0.0 -999 ""
FIBERMAP 975 R-1C21 APOGEE 0 0 0 1 0 0 145.6027204513993 -18.32851069642701 143.1 124.30516993968999 -78.02214824559766 259.84192 8.396621 -999.0 -999.0 -999.0 -999.0 -999.0 283.0878627129331 4.04141163167929 283.0788148530533 4.082121359200097 59.152339405878905 155.86215927894233 -999.0 16600.0 -999.0 2 -999 {-999.0 -999.0 -999.0 -999.0 -999.0} "" -999.0 -999.0 -999.0 -999.0 -999 -999 "" "" "" "" 0 0 0.0 0.0 -999 ""
FIBERMAP 975 R-1C21 BOSS 1 1 0 1 0 0 145.59579272895064 -17.609122518764593 143.1 124.60225848693824 -77.36687631259353 259.84192 8.396621 283.0892651377985 4.044238225327002 1.4581432 -2.6938248 1.446355 283.0893186797824 4.044240712911955 283.0802213430596 4.085068110314079 59.15462179841627 155.85760949978746 5400.0 5400.0 2016.0 1 270 {-999.0 18.04738 16.28589 15.439376 -999.0} sdss_psfmag_ps1 17.27826 16.045023 14.948244 12.744 63050395645507780 939263719 bright_1x1 openfibertargets_nov2020_34a open_fiber science 0 0 0.0 0.0 -999 ""
FIBERMAP 975 R-1C21 METROLOGY 0 0 0 1 0 0 146.25657963732405 -17.969163864670215 143.1 125.04963677999942 -77.97202460040772 259.84192 8.396621 -999.0 -999.0 -999.0 -999.0 -999.0 283.0913164713146 4.041527583648618 283.0822377647851 4.082328217071964 59.15135641569411 155.85576999676272 -999.0 6231.0 -999.0 -1 -999 {-999.0 -999.0 -999.0 -999.0 -999.0} "" -999.0 -999.0 -999.0 -999.0 -999 -999 "" "" "" "" 0 0 0.0 0.0 -999 ""
FIBERMAP 979 R+3C7 APOGEE 1 1 0 1 0 0 -123.76130575699528 66.24239371992344 143.1 -84.29349616369801 112.26040733756983 34.871357 161.02684 282.1387446333923 4.909297481441869 -3.969178 -4.677946 0.43267936 282.1387237816447 4.909282138422741 282.12755490325236 4.9473802014502 60.28654316715494 157.0548073252759 16000.0 16600.0 2016.0 2 125 {-999.0 20.94967 17.292646 15.309798 -999.0} sdss_psfmag_ps1 18.808216 15.673392 14.177493 9.426 63050395645635943 1154125115 bright_1x1 mwm_galactic_core_dist_apogee_sparse mwm_galactic science 0 0 0.0 0.0 -999 ""
FIBERMAP 979 R+3C7 BOSS 0 0 0 1 0 0 -123.04909199155811 66.44340112755242 143.1 -83.5628854087118 112.14233824563217 34.871357 161.02684 -999.0 -999.0 -999.0 -999.0 -999.0 282.14205625577284 4.90868111830957 282.1308501089407 4.946897958496136 60.28500742478322 157.0488732384958 -999.0 5400.0 -999.0 1 43 {-999.0 -999.0 -999.0 -999.0 -999.0} "" -999.0 -999.0 -999.0 -999.0 -999 -999 "" "" "" "" 0 0 0.0 0.0 -999 ""
FIBERMAP 979 R+3C7 METROLOGY 0 0 0 1 0 0 -123.22321224948652 65.72393373533446 143.1 -84.02418400225183 111.56334359619393 34.871357 161.02684 -999.0 -999.0 -999.0 -999.0 -999.0 282.139938946992 4.906077204199053 282.1287505497096 4.944257915027479 60.283202791016365 157.05461064703678 -999.0 6231.0 -999.0 -1 -999 {-999.0 -999.0 -999.0 -999.0 -999.0} "" -999.0 -999.0 -999.0 -999.0 -999 -999 "" "" "" "" 0 0 0.0 0.0 -999 ""
FIBERMAP 983 R+6C5 APOGEE 1 1 0 1 0 0 -146.41035399465244 111.46819713511876 143.1 -85.75992806813332 162.82300014308268 198.23701 121.90799 282.1330261230469 5.138232555689058 -999.0 -999.0 -999.0 282.13302924208546 5.138210087851935 282.12127629013764 5.176248922519013 60.50465058827265 156.91384554285594 16000.0 16600.0 2015.5 2 150 {-999.0 -999.0 -999.0 -999.0 -999.0} "" -999.0 -999.0 -999.0 -999.0 27021603150620861 842847302 "" ops_sky_apogee_best ops_sky sky_apogee 0 0 0.0 0.0 -999 ""
FIBERMAP 983 R+6C5 BOSS 0 0 0 1 0 0 -146.9999850038499 111.93269378012204 143.1 -86.09873179296942 163.49286293415093 198.23701 121.90799 -999.0 -999.0 -999.0 -999.0 -999.0 282.13151433332075 5.141173302334788 282.1197155364936 5.179316676063462 60.50805994826558 156.91476179830534 -999.0 5400.0 -999.0 1 49 {-999.0 -999.0 -999.0 -999.0 -999.0} "" -999.0 -999.0 -999.0 -999.0 -999 -999 "" "" "" "" 0 0 0.0 0.0 -999 ""
FIBERMAP 983 R+6C5 METROLOGY 0 0 0 1 0 0 -146.3024706105609 112.2102787117353 143.1 -85.349157375771 163.4504341487738 198.23701 121.90799 -999.0 -999.0 -999.0 -999.0 -999.0 282.13492014122676 5.141006207876618 282.1231323576726 5.1791274863993815 60.5067547231736 156.9083668837184 -999.0 6231.0 -999.0 -1 -999 {-999.0 -999.0 -999.0 -999.0 -999.0} "" -999.0 -999.0 -999.0 -999.0 -999 -999 "" "" "" "" 0 0 0.0 0.0 -999 ""
FIBERMAP 985 R+9C10 APOGEE 1 1 0 1 0 0 21.273276262683574 167.0541667704053 143.1 89.73871468040203 142.5157909334642 323.0816 119.5816 282.9330982764362 5.044220104919957 17.615417 14.966127 5.33391 282.9331451563006 5.044274771262466 282.9215641143596 5.084388598315327 60.14658668010229 155.46343138090074 16000.0 16600.0 2016.0 2 10 {-999.0 9.17723 8.928168 8.852362 -999.0} sdss_psfmag_from_g3xp 9.160635 8.927201 8.530403 7.912 63050395645724390 975057253 "" ops_std_apogee ops_std standard_apogee 0 0 0.0 0.0 -999 ""
FIBERMAP 985 R+9C10 BOSS 0 0 0 1 0 0 21.18268625744773 166.32314667640227 143.1 89.34829054626887 141.8910948918455 323.0816 119.5816 -999.0 -999.0 -999.0 -999.0 -999.0 282.93143691377406 5.0413955982525716 282.9198220866939 5.081615407878347 60.14459770352451 155.46864874084312 -999.0 5400.0 -999.0 1 126 {-999.0 -999.0 -999.0 -999.0 -999.0} "" -999.0 -999.0 -999.0 -999.0 -999 -999 "" "" "" "" 0 0 0.0 0.0 -999 ""
FIBERMAP 985 R+9C10 METROLOGY 0 0 0 1 0 0 20.581454499827167 166.77412838827226 143.1 88.99326777770068 142.55359427885213 323.0816 119.5816 -999.0 -999.0 -999.0 -999.0 -999.0 282.9298042847945 5.0444251678803536 282.91819358227644 5.084609064149669 60.14796999576734 155.4695927715359 -999.0 6231.0 -999.0 -1 -999 {-999.0 -999.0 -999.0 -999.0 -999.0} "" -999.0 -999.0 -999.0 -999.0 -999 -999 "" "" "" "" 0 0 0.0 0.0 -999 ""
FIBERMAP 986 R+2C13 APOGEE 0 0 1 1 0 0 0.5954312426066359 46.39191646643677 143.1 20.103719033788938 41.81769026004389 10.099492 169.89003 -999.0 -999.0 -999.0 -999.0 -999.0 282.614517718538 4.588099687252213 282.6041252835831 4.627484565463632 59.826541074114104 156.37165593165582 -999.0 16600.0 -999.0 2 -999 {-999.0 -999.0 -999.0 -999.0 -999.0} "" -999.0 -999.0 -999.0 -999.0 -999 -999 "" "" "" "" 0 0 0.0 0.0 -999 ""
FIBERMAP 986 R+2C13 BOSS 1 0 1 1 0 0 1.3485534914338686 46.39217714475016 143.1 20.78676992103562 41.50033007304566 10.099492 169.89003 282.58938079109424 4.463478123809615 -0.49855497 -1.3294321 0.38687918 282.617686896537 4.58655687146577 282.60725780533056 4.626061967724425 59.82414643636862 156.3667671152656 5400.0 5400.0 2016.0 1 105 {-999.0 19.352377 16.741396 15.240116 -999.0} sdss_psfmag_ps1 17.941402 15.829558 14.482197 11.232 63050395645543070 1093381766 bright_3x1 mwm_astar_core_boss mwm_ob science 0 0 0.0 0.0 -999 ""
FIBERMAP 986 R+2C13 METROLOGY 0 0 1 1 0 0 0.9790848579993415 45.752016564961615 143.1 20.18177110498382 41.075631549220006 10.099492 169.89003 -999.0 -999.0 -999.0 -999.0 -999.0 282.61490377304784 4.5846579079839795 282.6044911908199 4.6241245561764766 59.8232556400816 156.37323327927885 -999.0 6231.0 -999.0 -1 -999 {-999.0 -999.0 -999.0 -999.0 -999.0} "" -999.0 -999.0 -999.0 -999.0 -999 -999 "" "" "" "" 0 0 0.0 0.0 -999 ""
FIBERMAP 988 R+7C6 APOGEE 0 0 0 1 0 0 -116.09107168903412 125.9638225041219 143.1 -52.15311234185886 163.18198050743828 246.8068 78.060165 -999.0 -999.0 -999.0 -999.0 -999.0 282.2861550063936 5.139851145701248 282.27438492606404 5.178283610420107 60.45578285653092 156.62066748575296 -999.0 16600.0 -999.0 2 -999 {-999.0 -999.0 -999.0 -999.0 -999.0} "" -999.0 -999.0 -999.0 -999.0 -999 -999 "" "" "" "" 0 0 0.0 0.0 -999 ""
FIBERMAP 988 R+7C6 BOSS 1 1 0 1 0 0 -116.75843748925193 126.49899903371458 143.1 -52.53260080745331 163.9487179977164 246.8068 78.060165 282.2842949726125 5.143469721969273 53.40959 -54.198368 5.351427 282.2844600248367 5.1432615672369755 282.2726424402118 5.181798074241367 60.45967561527311 156.6215955448262 5400.0 5400.0 2016.0 1 67 {-999.0 18.63366 17.274538 16.025436 -999.0} sdss_psfmag_ps1 18.059185 16.697483 15.557424 13.44 63050395645762950 939265117 bright_1x1 openfibertargets_nov2020_34a open_fiber science 0 0 0.0 0.0 -999 ""
FIBERMAP 988 R+7C6 METROLOGY 0 0 0 1 0 0 -116.03559734079178 126.7078551493727 143.1 -51.78904405998353 163.83328500017558 246.8068 78.060165 -999.0 -999.0 -999.0 -999.0 -999.0 282.2878403626324 5.142758840616741 282.276034803217 5.181273234809973 60.4580490688618 156.6154960706335 -999.0 6231.0 -999.0 -1 -999 {-999.0 -999.0 -999.0 -999.0 -999.0} "" -999.0 -999.0 -999.0 -999.0 -999 -999 "" "" "" "" 0 0 0.0 0.0 -999 ""
FIBERMAP 990 R+4C7 APOGEE 1 1 0 1 0 0 -103.45047307751015 63.91406317476775 143.1 -66.85724363608136 101.5838363461471 324.86172 92.63597 282.2180628776892 4.860795068344054 -3.684261 -4.905746 0.41066065 282.21806351804884 4.860776976552427 282.2070114917462 4.899088680403137 60.21484317167537 156.93629792436244 16000.0 16600.0 2016.0 2 95 {-999.0 22.474157 18.962378 16.075283 -999.0} sdss_psfmag_ps1 20.354364 16.39182 14.80778 9.803 63050395645639224 1154125213 bright_1x1 mwm_galactic_core_dist_apogee_sparse mwm_galactic science 0 0 0.0 0.0 -999 ""
FIBERMAP 990 R+4C7 BOSS 0 0 0 1 0 0 -103.82644933885562 63.272255086770784 143.1 -67.46883841793553 101.16038814986644 324.86172 92.63597 -999.0 -999.0 -999.0 -999.0 -999.0 282.2152751559468 4.858791144948061 282.2041896539813 4.8972064051184825 60.21399616421238 156.94289212672084 -999.0 5400.0 -999.0 1 51 {-999.0 -999.0 -999.0 -999.0 -999.0} "" -999.0 -999.0 -999.0 -999.0 -999 -999 "" "" "" "" 0 0 0.0 0.0 -999 ""
FIBERMAP 990 R+4C7 METROLOGY 0 0 0 1 0 0 -104.20055093419677 63.91319661990485 143.1 -67.53778933141479 101.89936327642624 324.86172 92.63597 -999.0 -999.0 -999.0 -999.0 -999.0 282.21496681085233 4.86217013244059 282.2038837083289 4.900552657353586 60.21725508065758 156.94124456444604 -999.0 6231.0 -999.0 -1 -999 {-999.0 -999.0 -999.0 -999.0 -999.0} "" -999.0 -999.0 -999.0 -999.0 -999 -999 "" "" "" "" 0 0 0.0 0.0 -999 ""
FIBERMAP 991 R-3C20 APOGEE 1 1 0 1 0 0 175.99717121507396 -50.38701227127127 143.1 138.34796986162934 -119.91074896757762 31.037922 130.27937 283.1504879284079 3.851346260831461 1.0608114 5.64965 2.416482 283.1504922201904 3.8513793073487257 283.1419198565371 3.8922880193729776 58.95244020042062 155.87445606792252 16000.0 16600.0 2016.0 2 226 {-999.0 10.279054 10.024198 9.956404 -999.0} sdss_psfmag_gaia 10.266308 10.027647 9.635409 9.098 63050395645285620 975479641 "" ops_std_apogee ops_std standard_apogee 0 0 0.0 0.0 -999 ""
FIBERMAP 991 R-3C20 BOSS 0 0 0 1 0 0 176.7002373343384 -50.612851631929246 143.1 138.89028134189155 -120.41203058578027 31.037922 130.27937 -999.0 -999.0 -999.0 -999.0 -999.0 283.15301897518214 3.8489581024617086 283.1444100313839 3.8899892325117076 58.94942622023666 155.8714695226169 -999.0 5400.0 -999.0 1 290 {-999.0 -999.0 -999.0 -999.0 -999.0} "" -999.0 -999.0 -999.0 -999.0 -999 -999 "" "" "" "" 0 0 0.0 0.0 -999 ""
FIBERMAP 991 R-3C20 METROLOGY 0 0 0 1 0 0 176.15689863202275 -51.1164145450316 143.1 138.18521903606973 -120.63953844154062 31.037922 130.27937 -999.0 -999.0 -999.0 -999.0 -999.0 283.1497954233253 3.847967427357815 283.14120134725147 3.8889577663339856 58.94956070223475 155.8779850613976 -999.0 6231.0 -999.0 -1 -999 {-999.0 -999.0 -999.0 -999.0 -999.0} "" -999.0 -999.0 -999.0 -999.0 -999 -999 "" "" "" "" 0 0 0.0 0.0 -999 ""
FIBERMAP 994 R+7C2 APOGEE 0 0 0 1 0 0 -209.3603097074335 141.9781578831064 143.1 -129.97750906663651 217.0362332580635 210.95273 56.59636 -999.0 -999.0 -999.0 -999.0 -999.0 281.93371113659936 5.381648608154212 281.92135244915596 5.419127315425576 60.79957586827625 157.1339581584027 -999.0 16600.0 -999.0 2 -999 {-999.0 -999.0 -999.0 -999.0 -999.0} "" -999.0 -999.0 -999.0 -999.0 -999 -999 "" "" "" "" 0 0 0.0 0.0 -999 ""
FIBERMAP 994 R+7C2 BOSS 1 1 0 1 0 0 -209.35786689535774 142.7331763785155 143.1 -129.65689766015092 217.71986360657692 210.95273 56.59636 281.9352029539531 5.384680189153935 13.172217 -8.865534 4.593332 281.9352154730351 5.384625886892205 281.92281140173765 5.422215715384622 60.802016385650234 157.1290678700267 5400.0 5400.0 2016.0 1 70 {-999.0 16.943886 15.481769 14.780246 -999.0} sdss_psfmag_ps1 16.287245 15.312608 14.296755 11.953 63050395648646556 939268838 bright_1x1 openfibertargets_nov2020_34a open_fiber science 0 0 0.0 0.0 -999 ""
FIBERMAP 994 R+7C2 METROLOGY 0 0 0 1 0 0 -208.70644775517422 142.33749968125895 143.1 -129.2330418404831 217.0863511721349 210.95273 56.59636 -999.0 -999.0 -999.0 -999.0 -999.0 281.937104752445 5.381823106617091 281.92471835910743 5.419387793078276 60.79872195610319 157.12729517079154 -999.0 6231.0 -999.0 -1 -999 {-999.0 -999.0 -999.0 -999.0 -999.0} "" -999.0 -999.0 -999.0 -999.0 -999 -999 "" "" "" "" 0 0 0.0 0.0 -999 ""
FIBERMAP 996 R-6C15 APOGEE 1 1 0 1 0 0 106.63733008738804 -119.06392510472303 143.1 46.49006948686302 -152.93836004930517 23.093714 82.66634 282.7321381754596 3.702107532762082 -3.1241972 -4.937337 0.31378016 282.7321345595471 3.702127769305007 282.7239819500375 3.7419915449787973 58.95226141070581 156.7339244020994 16000.0 16600.0 2016.0 2 183 {-999.0 24.60409 20.73226 17.434587 -999.0} sdss_psfmag_ps1 -999.0 -999.0 15.895584 10.037 63050395645492790 1154122932 bright_1x1 mwm_galactic_core_dist_apogee_sparse mwm_galactic science 0 0 0.0 0.0 -999 ""
FIBERMAP 996 R-6C15 BOSS 0 0 0 1 0 0 106.82240950260709 -119.78657634233114 143.1 46.35315513599621 -153.6717187000416 23.093714 82.66634 -999.0 -999.0 -999.0 -999.0 -999.0 282.73155446132574 3.6986398318672964 282.72336974440157 3.73861877994026 58.94928427547325 156.73721779904525 -999.0 5400.0 -999.0 1 316 {-999.0 -999.0 -999.0 -999.0 -999.0} "" -999.0 -999.0 -999.0 -999.0 -999 -999 "" "" "" "" 0 0 0.0 0.0 -999 ""
FIBERMAP 996 R-6C15 METROLOGY 0 0 0 1 0 0 106.09338333611808 -119.5857145663648 143.1 45.776769539799474 -153.18213955587137 23.093714 82.66634 -999.0 -999.0 -999.0 -999.0 -999.0 282.7289249702414 3.7009018887728398 282.7207464076952 3.740840749684138 58.95225075859048 156.7405702107019 -999.0 6231.0 -999.0 -1 -999 {-999.0 -999.0 -999.0 -999.0 -999.0} "" -999.0 -999.0 -999.0 -999.0 -999 -999 "" "" "" "" 0 0 0.0 0.0 -999 ""
FIBERMAP 999 R0C27 APOGEE 0 0 0 1 0 0 289.4516513170452 11.393918352520194 143.1 267.28337615893133 -111.73150077526681 85.18941 129.29237 -999.0 -999.0 -999.0 -999.0 -999.0 283.73088747641606 3.8891117147663476 283.7221630098437 3.931501849995353 58.78554714447267 154.79958427788202 -999.0 16600.0 -999.0 2 -999 {-999.0 -999.0 -999.0 -999.0 -999.0} "" -999.0 -999.0 -999.0 -999.0 -999 -999 "" "" "" "" 0 0 0.0 0.0 -999 ""
FIBERMAP 999 R0C27 BOSS 1 1 0 1 0 0 290.04496312945696 11.825903875858147 143.1 268.00357007180656 -111.58997420572257 85.18941 129.29237 283.7341573036549 3.889652618781797 -2.7310054 -4.904007 0.714807 283.7341287421526 3.889649490952942 283.7253580679054 3.9321633471754893 58.785020488914014 154.7933853560004 5400.0 5400.0 2016.0 1 174 {-999.0 20.959553 17.825481 16.150007 -999.0} sdss_psfmag_ps1 19.249687 16.575258 15.14423 10.993 63050395645295362 934471643 bright_1x1 openfibertargets_nov2020_34a open_fiber science 0 0 0.0 0.0 -999 ""
FIBERMAP 999 R0C27 METROLOGY 0 0 0 1 0 0 290.1304595238902 11.084271135785306 143.1 267.76834793117115 -112.29855071685745 85.18941 129.29237 -999.0 -999.0 -999.0 -999.0 -999.0 283.73303419063865 3.8864883033787336 283.72428423150933 3.9289672653231817 58.78242191566139 154.79752818807845 -999.0 6231.0 -999.0 -1 -999 {-999.0 -999.0 -999.0 -999.0 -999.0} "" -999.0 -999.0 -999.0 -999.0 -999 -999 "" "" "" "" 0 0 0.0 0.0 -999 ""
FIBERMAP 1004 R-13C1 APOGEE 1 1 0 1 0 0 -160.6386158214707 -243.60738906841434 143.1 -248.3999940609405 -153.16396478117494 179.04623 82.94534 281.3963317240465 3.7082577836083224 -3.4076962 -5.19821 0.2772887 281.396298640572 3.708208592836669 281.3882644691516 3.7446302731570276 59.376179219051636 159.19941507835216 16000.0 16600.0 2016.0 2 199 {-999.0 22.525822 18.990961 15.874757 -999.0} sdss_psfmag_ps1 20.569252 15.873192 14.197707 8.702 63050395644965569 1154116374 bright_1x1 mwm_galactic_core_dist_apogee_sparse mwm_galactic science 0 0 0.0 0.0 -999 ""
FIBERMAP 1004 R-13C1 BOSS 0 0 0 1 0 0 -160.55125026079216 -242.87615871618829 143.1 -248.012405227405 -152.53771830535166 179.04623 82.94534 -999.0 -999.0 -999.0 -999.0 -999.0 281.3980591207259 3.710899130370296 281.38998164235875 3.747440173733742 59.378347501531266 159.1945544484453 -999.0 5400.0 -999.0 1 340 {-999.0 -999.0 -999.0 -999.0 -999.0} "" -999.0 -999.0 -999.0 -999.0 -999 -999 "" "" "" "" 0 0 0.0 0.0 -999 ""
FIBERMAP 1004 R-13C1 METROLOGY 0 0 0 1 0 0 -159.94760108064054 -243.31054658537508 143.1 -247.64819257705415 -153.1861896249168 179.04623 82.94534 -999.0 -999.0 -999.0 -999.0 -999.0 281.3996956098813 3.708002541301623 281.3916356298244 3.7445157035135264 59.37506309150891 159.19318141749275 -999.0 6231.0 -999.0 -1 -999 {-999.0 -999.0 -999.0 -999.0 -999.0} "" -999.0 -999.0 -999.0 -999.0 -999 -999 "" "" "" "" 0 0 0.0 0.0 -999 ""
FIBERMAP 1009 R-13C2 APOGEE 1 1 0 1 0 0 -114.93894494034701 -240.98177325874147 143.1 -205.85170442645574 -170.05487236545258 60.67774 111.012276 281.5872320380103 3.6305138010127354 13.787004 -12.471212 4.511534 281.5872720893519 3.6304786649725855 281.57941687065806 3.6674085088627906 59.24505994929328 158.88864550394908 16000.0 16600.0 2016.0 2 190 {-999.0 10.11408 9.714706 9.583072 -999.0} sdss_psfmag_from_g3xp 10.046074 9.7334795 9.254942 8.457 63050395644726875 975056974 "" ops_std_apogee ops_std standard_apogee 0 0 0.0 0.0 -999 ""
FIBERMAP 1009 R-13C2 BOSS 0 0 0 1 0 0 -114.20739887001608 -241.09342854300994 143.1 -205.23541478854168 -170.46462057364496 60.67774 111.012276 -999.0 -999.0 -999.0 -999.0 -999.0 281.59008205911994 3.628491295874366 281.5821946486472 3.6655446028597627 59.242442589205396 158.88458675894404 -999.0 5400.0 -999.0 1 341 {-999.0 -999.0 -999.0 -999.0 -999.0} "" -999.0 -999.0 -999.0 -999.0 -999 -999 "" "" "" "" 0 0 0.0 0.0 -999 ""
FIBERMAP 1009 R-13C2 METROLOGY 0 0 0 1 0 0 -114.67591466329037 -241.67980391763587 143.1 -205.90754927266755 -170.79877714602202 60.67774 111.012276 -999.0 -999.0 -999.0 -999.0 -999.0 281.5870671474047 3.6270531434779563 281.57919419342164 3.6640661441622 59.24194265077219 158.89104301498546 -999.0 6231.0 -999.0 -1 -999 {-999.0 -999.0 -999.0 -999.0 -999.0} "" -999.0 -999.0 -999.0 -999.0 -999 -999 "" "" "" "" 0 0 0.0 0.0 -999 ""
FIBERMAP 1011 R+6C3 APOGEE 1 1 0 1 0 0 -166.54406722821247 126.42422727282762 143.1 -97.71038296915036 184.875839376437 61.140324 90.90142 282.07918997898923 5.237638233038636 -1.8526167 -4.7889442 0.1876658 282.07917994791853 5.237617853407379 282.0671775195922 5.275498829160641 60.616135258015674 156.9504739054593 16000.0 16600.0 2016.0 2 126 {-999.0 21.02671 23.736673 14.081733 -999.0} sdss_psfmag_gaia 18.376629 14.088584 12.503596 7.426 63050395645714362 1157125216 bright_1x1 mwm_galactic_core_dist_apogee_extra mwm_galactic science 0 0 0.0 0.0 -999 ""
FIBERMAP 1011 R+6C3 BOSS 0 0 0 1 0 0 -165.8920128600993 126.07954679502103 143.1 -97.26444567764624 184.28830309099345 61.140324 90.90142 -999.0 -999.0 -999.0 -999.0 -999.0 282.0812085334464 5.234907545473412 282.0691746643218 5.272902830949336 60.61302772487679 156.94839823614208 -999.0 5400.0 -999.0 1 27 {-999.0 -999.0 -999.0 -999.0 -999.0} "" -999.0 -999.0 -999.0 -999.0 -999 -999 "" "" "" "" 0 0 0.0 0.0 -999 ""
FIBERMAP 1011 R+6C3 METROLOGY 0 0 0 1 0 0 -166.5166104122676 125.67075178948029 143.1 -98.00323030948941 184.18099938263018 61.140324 90.90142 -999.0 -999.0 -999.0 -999.0 -999.0 282.07784038524227 5.234440450602885 282.06581882526183 5.272396393322073 60.61365454075478 156.95516644225518 -999.0 6231.0 -999.0 -1 -999 {-999.0 -999.0 -999.0 -999.0 -999.0} "" -999.0 -999.0 -999.0 -999.0 -999 -999 "" "" "" "" 0 0 0.0 0.0 -999 ""
FIBERMAP 1012 R+1C12 APOGEE 0 0 0 1 0 0 -43.27244015300667 35.43087591612051 143.1 -24.298574307905245 50.37744549402207 161.95222 68.1081 -999.0 -999.0 -999.0 -999.0 -999.0 282.41171669999756 4.627590848856319 282.4012419510546 4.666446472318201 59.93113629359276 156.72515490456058 -999.0 16600.0 -999.0 2 -999 {-999.0 -999.0 -999.0 -999.0 -999.0} "" -999.0 -999.0 -999.0 -999.0 -999 -999 "" "" "" "" 0 0 0.0 0.0 -999 ""
FIBERMAP 1012 R+1C12 BOSS 1 1 0 1 0 0 -42.791827004650706 36.02282443908379 143.1 -23.61311955327403 50.71155433542315 161.95222 68.1081 282.4148951871992 4.629036725571706 -2.5278652 -2.745102 0.70529616 282.41487887661714 4.62902138356614 282.4043606350481 4.667996343797368 59.93156109601726 156.7182747053833 5400.0 5400.0 2016.0 1 22 {-999.0 17.634602 15.353371 14.279547 -999.0} sdss_psfmag_ps1 16.462942 14.790186 13.570614 10.447 63050395645619087 934472836 bright_1x1 openfibertargets_nov2020_34a open_fiber science 0 0 0.0 0.0 -999 ""
FIBERMAP 1012 R+1C12 METROLOGY 0 0 0 1 0 0 -42.53510113767515 35.31688838618095 143.1 -23.678015076074836 49.96313945264995 161.95222 68.1081 -999.0 -999.0 -999.0 -999.0 -999.0 282.4145647201974 4.625640728880146 282.4040663302772 4.664583963645336 59.928441819786364 156.72109751222172 -999.0 6231.0 -999.0 -1 -999 {-999.0 -999.0 -999.0 -999.0 -999.0} "" -999.0 -999.0 -999.0 -999.0 -999 -999 "" "" "" "" 0 0 0.0 0.0 -999 ""
FIBERMAP 1013 R+10C15 APOGEE 1 1 0 1 0 0 146.917409716971 184.9572841522661 143.1 211.22429511889752 105.7656163430442 342.27786 97.54763 283.4838826689434 4.87397789381874 -1.8409288 -4.142738 0.016120547 283.48387549898456 4.873974580430176 283.4726803804281 4.915534860752108 59.7930559784212 154.5588084192303 16000.0 16600.0 2016.0 2 68 {-999.0 25.761656 22.030508 18.969498 -999.0} sdss_psfmag_ps1 21.222097 18.805271 17.120897 10.125 63050395645561892 1154124317 bright_1x1 mwm_galactic_core_dist_apogee_sparse mwm_galactic science 0 0 0.0 0.0 -999 ""
FIBERMAP 1013 R+10C15 BOSS 0 0 0 1 0 0 146.81442244492018 184.2234584031097 143.1 210.8214458203949 105.14360410561123 342.27786 97.54763 -999.0 -999.0 -999.0 -999.0 -999.0 283.4821357602429 4.871082132103864 283.470904861141 4.912749357601512 59.79110127228565 154.5640921923716 -999.0 5400.0 -999.0 1 228 {-999.0 -999.0 -999.0 -999.0 -999.0} "" -999.0 -999.0 -999.0 -999.0 -999 -999 "" "" "" "" 0 0 0.0 0.0 -999 ""
FIBERMAP 1013 R+10C15 METROLOGY 0 0 0 1 0 0 146.2217581846429 184.6702101424998 143.1 210.47240836175558 105.79865472946733 342.27786 97.54763 -999.0 -999.0 -999.0 -999.0 -999.0 283.48054247124395 4.874085173601866 283.46931635636605 4.915716301919791 59.79444012685637 154.5648863193456 -999.0 6231.0 -999.0 -1 -999 {-999.0 -999.0 -999.0 -999.0 -999.0} "" -999.0 -999.0 -999.0 -999.0 -999 -999 "" "" "" "" 0 0 0.0 0.0 -999 ""
FIBERMAP 1016 R+1C16 APOGEE 1 1 0 1 0 0 47.27280195676629 23.57624625216551 143.1 52.80984291521635 1.4439943481561965 117.79625 146.97636 282.76344913934383 4.403800478525769 -3.3851078 -6.142298 0.15653168 282.7634315289744 4.40376856255735 282.7534943242295 4.44357263731057 59.60303125867593 156.21756557064617 16000.0 16600.0 2016.0 2 51 {-999.0 24.342442 20.579716 17.781954 -999.0} sdss_psfmag_ps1 21.382877 18.031544 16.430782 10.929 63050395645538337 1154123814 bright_1x1 mwm_galactic_core_dist_apogee_sparse mwm_galactic science 0 0 0.0 0.0 -999 ""
FIBERMAP 1016 R+1C16 BOSS 0 0 0 1 0 0 47.323939780993356 24.316033894751527 143.1 53.16818863588657 2.093278158303236 117.79625 146.97636 -999.0 -999.0 -999.0 -999.0 -999.0 282.76514624778594 4.406609557760671 282.7551607835773 4.446530140589931 59.60524725431389 156.21248942723085 -999.0 5400.0 -999.0 1 190 {-999.0 -999.0 -999.0 -999.0 -999.0} "" -999.0 -999.0 -999.0 -999.0 -999 -999 "" "" "" "" 0 0 0.0 0.0 -999 ""
FIBERMAP 1016 R+1C16 METROLOGY 0 0 0 1 0 0 47.951388977836075 23.90520455201841 143.1 53.56391823252563 1.4561333914692343 117.79625 146.97636 -999.0 -999.0 -999.0 -999.0 -999.0 282.7669279739182 4.403733578163832 282.75696123552285 4.443627391943836 59.60190697523048 156.2111050687979 -999.0 6231.0 -999.0 -1 -999 {-999.0 -999.0 -999.0 -999.0 -999.0} "" -999.0 -999.0 -999.0 -999.0 -999 -999 "" "" "" "" 0 0 0.0 0.0 -999 ""
FIBERMAP 1017 R+5C18 APOGEE 1 1 0 1 0 0 134.90419240448188 112.416289817342 143.1 169.73954358196488 45.050560393459094 163.83731 69.67329 283.29630142596375 4.600139712289629 -2.6364548 -5.166716 0.24576226 283.2962466260666 4.600114649063546 283.2857626445765 4.641247914255209 59.60389234621421 155.0984964263545 16000.0 16600.0 2016.0 2 70 {-999.0 23.926096 19.570324 16.992468 -999.0} sdss_psfmag_ps1 21.590212 17.18151 15.552502 9.779 63050395645557139 1154124099 bright_1x1 mwm_galactic_core_dist_apogee_sparse mwm_galactic science 0 0 0.0 0.0 -999 ""
FIBERMAP 1017 R+5C18 BOSS 0 0 0 1 0 0 135.44161982913036 112.89830468999695 143.1 170.4301585155869 45.26102103296266 163.83731 69.67329 -999.0 -999.0 -999.0 -999.0 -999.0 283.29947412507 4.600956111254405 283.2889450083437 4.642209489505129 59.60366430163867 155.0919613047738 -999.0 5400.0 -999.0 1 209 {-999.0 -999.0 -999.0 -999.0 -999.0} "" -999.0 -999.0 -999.0 -999.0 -999 -999 "" "" "" "" 0 0 0.0 0.0 -999 ""
FIBERMAP 1017 R+5C18 METROLOGY 0 0 0 1 0 0 135.6105594950439 112.17686785003642 143.1 170.27912055154923 44.53556985140177 163.83731 69.67329 -999.0 -999.0 -999.0 -999.0 -999.0 283.29876062261394 4.597694382505757 283.28825194944665 4.63891484789034 59.60083004311393 155.0955507672205 -999.0 6231.0 -999.0 -1 -999 {-999.0 -999.0 -999.0 -999.0 -999.0} "" -999.0 -999.0 -999.0 -999.0 -999 -999 "" "" "" "" 0 0 0.0 0.0 -999 ""
FIBERMAP 1018 R-1C8 APOGEE 0 0 0 1 0 0 -109.87348935602935 -27.06249562478616 143.1 -111.04712685651673 21.79374873581498 348.5719 99.25087 -999.0 -999.0 -999.0 -999.0 -999.0 282.01552551118914 4.498161020778451 282.0054166172636 4.536022490453864 59.93721868063196 157.5545166844014 -999.0 16600.0 -999.0 2 -999 {-999.0 -999.0 -999.0 -999.0 -999.0} "" -999.0 -999.0 -999.0 -999.0 -999 -999 "" "" "" "" 0 0 0.0 0.0 -999 ""
FIBERMAP 1018 R-1C8 BOSS 1 1 0 1 0 0 -109.89512635087593 -27.80292530447043 143.1 -111.37899159629343 21.131442025639274 348.5719 99.25087 282.0139918298891 4.4950682776027975 -3.4068637 -7.732654 0.8444548 282.01399352669984 4.495047253870429 282.00385452380493 4.5330173318719345 59.93487506721836 157.55939125291587 5400.0 5400.0 2016.0 1 482 {-999.0 18.214771 16.585217 15.87477 -999.0} sdss_psfmag_ps1 17.499084 16.410242 15.383947 13.176 63050395645593829 980287354 "" ops_std_boss_red ops_std standard_boss 0 0 0.0 0.0 -999 ""
FIBERMAP 1018 R-1C8 METROLOGY 0 0 0 1 0 0 -110.53153939035109 -27.4141092377777 143.1 -111.79213286325763 21.752404981179474 348.5719 99.25087 -999.0 -999.0 -999.0 -999.0 -999.0 282.0121174784553 4.497905683936448 282.00198218548763 4.535838635856502 59.93814709734457 157.56110530501905 -999.0 6231.0 -999.0 -1 -999 {-999.0 -999.0 -999.0 -999.0 -999.0} "" -999.0 -999.0 -999.0 -999.0 -999 -999 "" "" "" "" 0 0 0.0 0.0 -999 ""
FIBERMAP 1019 R+3C24 APOGEE 1 1 0 1 0 0 271.2299478944791 43.89743158374591 143.1 264.4666446673207 -74.57268484434992 3.4803193 56.288578 283.72000053619905 4.056678140048938 -4.1882763 -5.40973 0.35115713 283.7199591258559 4.056668262515793 283.71081228714024 4.0989965995805635 58.94591168651928 154.70354222277834 16000.0 16600.0 2016.0 2 84 {-999.0 22.812962 20.3377 16.41524 -999.0} sdss_psfmag_ps1 20.767908 16.386135 14.691443 7.618 63050395645301805 1154119535 bright_1x1 mwm_galactic_core_dist_apogee_sparse mwm_galactic science 0 0 0.0 0.0 -999 ""
FIBERMAP 1019 R+3C24 BOSS 0 0 0 1 0 0 270.85576911594165 43.26009447080794 143.1 263.8585653054303 -74.99283671309418 3.4803193 56.288578 -999.0 -999.0 -999.0 -999.0 -999.0 283.7172736689423 4.054655485046507 283.7080877646899 4.097092083295583 58.94511383953662 154.70978651894106 -999.0 5400.0 -999.0 1 246 {-999.0 -999.0 -999.0 -999.0 -999.0} "" -999.0 -999.0 -999.0 -999.0 -999 -999 "" "" "" "" 0 0 0.0 0.0 -999 ""
FIBERMAP 1019 R+3C24 METROLOGY 0 0 0 1 0 0 270.484571655483 43.902271509660885 143.1 263.79276891971045 -74.25396590668826 3.4803193 56.288578 -999.0 -999.0 -999.0 -999.0 -999.0 283.71699408361394 4.058024732421789 283.70781227610365 4.100427408647403 58.94832429837945 154.70795471153787 -999.0 6231.0 -999.0 -1 -999 {-999.0 -999.0 -999.0 -999.0 -999.0} "" -999.0 -999.0 -999.0 -999.0 -999 -999 "" "" "" "" 0 0 0.0 0.0 -999 ""
FIBERMAP 1025 R-7C7 APOGEE 1 1 0 1 0 0 -94.5838067903951 -140.37732632541864 143.1 -144.96785027195708 -87.40935859177893 222.18726 88.139694 281.8608714523905 4.002136297632178 -2.1402092 -4.0405903 0.14773698 281.8608679696144 4.002087150898232 281.8520384380348 4.039648285882086 59.515201277415684 158.15514811583841 16000.0 16600.0 2016.0 2 294 {-999.0 20.966686 17.583464 15.940515 -999.0} sdss_psfmag_ps1 18.971798 16.298014 14.831854 10.445 63050395644752632 1154115774 bright_1x1 mwm_galactic_core_dist_apogee_sparse mwm_galactic science 0 0 0.0 0.0 -999 ""
FIBERMAP 1025 R-7C7 BOSS 0 0 0 1 0 0 -95.07206130939278 -139.8236952491644 143.1 -145.17713591738632 -86.7014186784993 222.18726 88.139694 -999.0 -999.0 -999.0 -999.0 -999.0 281.85990484333223 4.005159852659929 281.8510297689443 4.04283205416152 59.51853997011645 158.1550628320035 -999.0 5400.0 -999.0 1 410 {-999.0 -999.0 -999.0 -999.0 -999.0} "" -999.0 -999.0 -999.0 -999.0 -999 -999 "" "" "" "" 0 0 0.0 0.0 -999 ""
FIBERMAP 1025 R-7C7 METROLOGY 0 0 0 1 0 0 -94.33868279695798 -139.67080217637354 143.1 -144.4476228265575 -86.87204378121713 222.18726 88.139694 -999.0 -999.0 -999.0 -999.0 -999.0 281.8632131381821 4.004409535599818 281.8543503597305 4.042058062952779 59.51676594588291 158.14934142589917 -999.0 6231.0 -999.0 -1 -999 {-999.0 -999.0 -999.0 -999.0 -999.0} "" -999.0 -999.0 -999.0 -999.0 -999 -999 "" "" "" "" 0 0 0.0 0.0 -999 ""
FIBERMAP 1028 R+9C8 APOGEE 1 1 0 1 0 0 -35.68801682990625 159.358372260986 143.1 34.84011345653854 159.55809482842804 279.78033 100.98534 282.6829694087342 5.12259782905819 -2.1430159 -2.4644537 0.041889694 282.68297588326385 5.122580036878886 282.67121647741243 5.162036001849085 60.306111009234584 155.87983284466398 16000.0 16600.0 2016.0 2 2 {-999.0 23.492619 21.19391 17.127327 -999.0} sdss_psfmag_ps1 21.55057 16.740257 14.986274 8.327 63050395645734710 1154125682 bright_1x1 mwm_galactic_core_dist_apogee_sparse mwm_galactic science 0 0 0.0 0.0 -999 ""
FIBERMAP 1028 R+9C8 BOSS 0 0 0 1 0 0 -36.385910610514024 159.1156972759059 143.1 34.104916758596715 159.63234039316782 279.78033 100.98534 -999.0 -999.0 -999.0 -999.0 -999.0 282.6796750009251 5.122875145529233 282.66787477979585 5.162431894778247 60.30763076235342 155.8858633600725 -999.0 5400.0 -999.0 1 124 {-999.0 -999.0 -999.0 -999.0 -999.0} "" -999.0 -999.0 -999.0 -999.0 -999 -999 "" "" "" "" 0 0 0.0 0.0 -999 ""
FIBERMAP 1028 R+9C8 METROLOGY 0 0 0 1 0 0 -36.248835035114354 159.84597642694388 143.1 34.53718214612507 160.23676126947205 279.78033 100.98534 -999.0 -999.0 -999.0 -999.0 -999.0 282.68163782618916 5.125620884339887 282.6698418710415 5.165151151565771 60.30950721737237 155.8802571103818 -999.0 6231.0 -999.0 -1 -999 {-999.0 -999.0 -999.0 -999.0 -999.0} "" -999.0 -999.0 -999.0 -999.0 -999 -999 "" "" "" "" 0 0 0.0 0.0 -999 ""
FIBERMAP 1032 R+2C8 APOGEE 0 0 0 1 0 0 -121.93665296176081 21.146008120106863 143.1 -101.65631798288027 70.5969559050437 292.24094 54.442303 -999.0 -999.0 -999.0 -999.0 -999.0 282.05892336608105 4.720096228372695 282.04824435287094 4.758025875002774 60.13345901320618 157.3297990195579 -999.0 16600.0 -999.0 2 -999 {-999.0 -999.0 -999.0 -999.0 -999.0} "" -999.0 -999.0 -999.0 -999.0 -999 -999 "" "" "" "" 0 0 0.0 0.0 -999 ""
FIBERMAP 1032 R+2C8 BOSS 1 1 0 1 0 0 -122.66942601140568 21.315566990893945 143.1 -102.24930194064919 71.05972925664088 292.24094 54.442303 282.0561898080961 4.722160099391714 2.8860254 0.1022007 2.2508507 282.0562215319362 4.722121540448701 282.04549932341547 4.760154742939537 60.136361759346016 157.33360372232232 5400.0 5400.0 2016.0 1 44 {-999.0 16.917572 15.613557 14.908105 -999.0} sdss_psfmag_ps1 16.417473 15.497149 14.457477 12.189 63050395645632355 917036210 bright_3x1 mwm_yso_variable_boss mwm_yso science 0 0 0.0 0.0 -999 ""
FIBERMAP 1032 R+2C8 METROLOGY 0 0 0 1 0 0 -122.15943761997393 21.858067792168598 143.1 -101.55806176450582 71.33661053504215 292.24094 54.442303 -999.0 -999.0 -999.0 -999.0 -999.0 282.05937283959554 4.723403984659698 282.04865791446394 4.761413615122109 60.13652852457351 157.3268036760962 -999.0 6231.0 -999.0 -1 -999 {-999.0 -999.0 -999.0 -999.0 -999.0} "" -999.0 -999.0 -999.0 -999.0 -999 -999 "" "" "" "" 0 0 0.0 0.0 -999 ""
FIBERMAP 1034 R+13C2 APOGEE 1 1 0 1 0 0 -129.06641756952152 233.23432734194884 143.1 -18.682650317113495 265.92804437261265 299.21414 61.484665 282.44001966087825 5.60098565154058 -3.8723347 -1.7349504 0.49435347 282.44032664099205 5.600983246664362 282.42736621131013 5.63972282872401 60.83817626598919 156.00899643587013 16000.0 16600.0 2016.0 2 113 {-999.0 20.134327 16.717949 13.653553 -999.0} sdss_psfmag_ps1 18.360764 13.367985 11.724232 6.188 63050395645793601 1154126207 bright_1x1 mwm_galactic_core_dist_apogee_sparse mwm_galactic science 0 0 1.1657112836837769 0.0 -999 ""
FIBERMAP 1034 R+13C2 BOSS 0 0 0 1 0 0 -129.8142283533047 233.23480629692753 143.1 -19.3605727912399 266.2438353890929 299.21414 61.484665 -999.0 -999.0 -999.0 -999.0 -999.0 282.4372896317038 5.602292652012378 282.42428675765706 5.641131210076121 60.84055169089872 156.0139100918857 -999.0 5400.0 -999.0 1 95 {-999.0 -999.0 -999.0 -999.0 -999.0} "" -999.0 -999.0 -999.0 -999.0 -999 -999 "" "" "" "" 0 0 0.0 0.0 -999 ""
FIBERMAP 1034 R+13C2 METROLOGY 0 0 0 1 0 0 -129.45272039383286 233.87780671465495 143.1 -18.76159523867742 266.6744661827738 299.21414 61.484665 -999.0 -999.0 -999.0 -999.0 -999.0 282.44000751927774 5.604232728292565 282.42701061463043 5.6430475601232635 60.841420190218706 156.00733415519102 -999.0 6231.0 -999.0 -1 -999 {-999.0 -999.0 -999.0 -999.0 -999.0} "" -999.0 -999.0 -999.0 -999.0 -999 -999 "" "" "" "" 0 0 0.0 0.0 -999 ""
FIBERMAP 1036 R0C17 APOGEE 1 1 0 1 0 0 55.91640761828621 -13.963229176552908 143.1 44.81733380004201 -36.24235056841149 265.49594 77.75701 282.72642409143634 4.232251176832781 -1.7278852 -5.170626 0.2759815 282.7264266457861 4.232219725156977 282.7169288024067 4.27196275949288 59.453928318860335 156.39987986927818 16000.0 16600.0 2016.0 2 47 {-999.0 25.48823 21.301697 18.016148 -999.0} sdss_psfmag_ps1 21.827944 18.110073 16.475298 10.618 63050395645514619 1154123258 bright_1x1 mwm_galactic_core_dist_apogee_sparse mwm_galactic science 0 0 0.0 0.0 -999 ""
FIBERMAP 1036 R0C17 BOSS 0 0 0 1 0 0 55.1911168080747 -13.760227648750368 143.1 44.245237820370335 -35.752406293860524 265.49594 77.75701 -999.0 -999.0 -999.0 -999.0 -999.0 282.7238865183613 4.23432420514967 282.71434277187655 4.274173740300651 59.45688004477006 156.40318780776548 -999.0 5400.0 -999.0 1 181 {-999.0 -999.0 -999.0 -999.0 -999.0} "" -999.0 -999.0 -999.0 -999.0 -999 -999 "" "" "" "" 0 0 0.0 0.0 -999 ""
FIBERMAP 1036 R0C17 METROLOGY 0 0 0 1 0 0 55.74373820464921 -13.230415086953938 143.1 44.96978744130954 -35.505009491322326 265.49594 77.75701 -999.0 -999.0 -999.0 -999.0 -999.0 282.7271821691205 4.235478332006164 282.717646733738 4.275303955679706 59.456831632865004 156.39633423897592 -999.0 6231.0 -999.0 -1 -999 {-999.0 -999.0 -999.0 -999.0 -999.0} "" -999.0 -999.0 -999.0 -999.0 -999 -999 "" "" "" "" 0 0 0.0 0.0 -999 ""
FIBERMAP 1037 R+4C11 APOGEE 0 0 0 1 0 0 -34.09185672528153 72.19708972923571 143.1 -0.4689503786071391 79.84600980846001 201.0712 120.63786 -999.0 -999.0 -999.0 -999.0 -999.0 282.5209484738681 4.761438212968259 282.5101230771487 4.800548424300199 60.02107750655888 156.43096386586413 -999.0 16600.0 -999.0 2 -999 {-999.0 -999.0 -999.0 -999.0 -999.0} "" -999.0 -999.0 -999.0 -999.0 -999 -999 "" "" "" "" 0 0 0.0 0.0 -999 ""
FIBERMAP 1037 R+4C11 BOSS 1 1 0 1 0 0 -34.688946185437295 72.63813477144892 143.1 -0.8244072169935661 80.49775166150265 201.0712 120.63786 282.5193833880261 4.764324138080036 -0.099602886 -3.9731364 0.37375903 282.5193712353644 4.764337345344076 282.5084987032341 4.8035538360322 60.02445282893491 156.43198397570995 5400.0 5400.0 2016.0 1 113 {-999.0 18.636473 15.576037 14.257797 -999.0} sdss_psfmag_ps1 16.953999 14.699298 13.340039 9.393 63050395645624963 934472870 bright_1x1 openfibertargets_nov2020_34a open_fiber science 0 0 0.0 0.0 -999 ""
FIBERMAP 1037 R+4C11 METROLOGY 0 0 0 1 0 0 -34.00425565237362 72.93802699549866 143.1 -0.07705451047081575 80.48095932193735 201.0712 120.63786 -999.0 -999.0 -999.0 -999.0 -999.0 282.522774868471 4.764275857026386 282.51191348881855 4.803469682945369 60.02322536048582 156.42562978311074 -999.0 6231.0 -999.0 -1 -999 {-999.0 -999.0 -999.0 -999.0 -999.0} "" -999.0 -999.0 -999.0 -999.0 -999 -999 "" "" "" "" 0 0 0.0 0.0 -999 ""
FIBERMAP 1039 R-1C4 APOGEE 0 0 0 1 0 0 -230.13373410500932 -19.526805543776582 143.1 -216.92281632623013 79.34174060763685 209.54033 84.69843 -999.0 -999.0 -999.0 -999.0 -999.0 281.5365821809581 4.759317808432811 281.5258496746336 4.795894182627125 60.33522914863775 158.29944949860177 -999.0 16600.0 -999.0 2 -999 {-999.0 -999.0 -999.0 -999.0 -999.0} "" -999.0 -999.0 -999.0 -999.0 -999 -999 "" "" "" "" 0 0 0.0 0.0 -999 ""
FIBERMAP 1039 R-1C4 BOSS 1 1 0 1 0 0 -230.44812028723484 -18.846767318474694 143.1 -216.92112920324288 80.09098673841733 209.54033 84.69843 281.5366118099184 4.762606393751987 -0.2587477 -4.1537557 -0.16920035 281.5366095868245 4.762610300209395 281.52583223045826 4.799296621170972 60.33846713688854 158.29733767320488 5400.0 5400.0 2016.0 1 432 {-999.0 16.82896 15.569774 15.175079 -999.0} sdss_psfmag_ps1 16.287092 15.519287 14.506967 12.733 63050395645671165 1093381746 bright_3x1 mwm_astar_core_boss mwm_ob science 0 0 0.0 0.0 -999 ""
FIBERMAP 1039 R-1C4 METROLOGY 0 0 0 1 0 0 -229.69726232877684 -18.9216986366401 143.1 -216.2718405599148 79.70639634637902 209.54033 84.69843 -999.0 -999.0 -999.0 -999.0 -999.0 281.53952069068595 4.760905901979485 281.5287577480251 4.797568746111416 60.33591577746971 158.29283076654707 -999.0 6231.0 -999.0 -1 -999 {-999.0 -999.0 -999.0 -999.0 -999.0} "" -999.0 -999.0 -999.0 -999.0 -999 -999 "" "" "" "" 0 0 0.0 0.0 -999 ""
FIBERMAP 1040 R+5C11 APOGEE 1 1 0 1 0 0 -32.41385487210445 101.47627301134696 143.1 13.39990622787589 105.68912605812054 233.84602 32.21668 282.5846270888091 4.8787871209780365 -0.8555698 -6.6587563 0.41111907 282.5845973983538 4.878730340006259 282.57346766812884 4.9179811680037275 60.11018291389931 156.23223189382077 16000.0 16600.0 2016.0 2 20 {-999.0 21.724255 18.151402 16.29587 -999.0} sdss_psfmag_ps1 19.698256 16.842724 15.400318 10.902 63050395645720611 1154125355 bright_1x1 mwm_galactic_core_dist_apogee_sparse mwm_galactic science 0 0 0.0 0.0 -999 ""
FIBERMAP 1040 R+5C11 BOSS 0 0 0 1 0 0 -32.351577557975716 102.22415145556388 143.1 13.771765325411272 106.34104911573777 233.84602 32.21668 -999.0 -999.0 -999.0 -999.0 -999.0 282.58634938506736 4.881626215704273 282.5751720375812 4.920991371141784 60.11243590660253 156.22697248481202 -999.0 5400.0 -999.0 1 137 {-999.0 -999.0 -999.0 -999.0 -999.0} "" -999.0 -999.0 -999.0 -999.0 -999 -999 "" "" "" "" 0 0 0.0 0.0 -999 ""
FIBERMAP 1040 R+5C11 METROLOGY 0 0 0 1 0 0 -31.737213824151137 101.8045046101791 143.1 14.15191045712479 105.70142674916482 233.84602 32.21668 -999.0 -999.0 -999.0 -999.0 -999.0 282.58806646793295 4.878737708955777 282.57690768510827 4.9180765702414275 60.10910664983489 156.22569946951532 -999.0 6231.0 -999.0 -1 -999 {-999.0 -999.0 -999.0 -999.0 -999.0} "" -999.0 -999.0 -999.0 -999.0 -999 -999 "" "" "" "" 0 0 0.0 0.0 -999 ""
FIBERMAP 1044 R+13C10 APOGEE 1 1 0 1 0 0 36.42616389541318 252.5204323478626 143.1 139.52123105168948 213.62762986884363 223.59784 61.511326 283.1589206558779 5.362976306745943 -2.0598178 -7.092302 -0.47816575 283.1588849540375 5.3629127256047635 283.14647442415946 5.403543666199472 60.365441187190186 154.8130176021065 16000.0 16600.0 2016.0 2 50 {-999.0 22.821997 19.040577 16.221048 -999.0} sdss_psfmag_ps1 20.860094 16.451668 14.833 9.389 63050395645747744 1154125740 bright_1x1 mwm_galactic_core_dist_apogee_sparse mwm_galactic science 0 0 0.0 0.0 -999 ""
FIBERMAP 1044 R+13C10 BOSS 0 0 0 1 0 0 36.20905438611684 253.2357164569781 143.1 139.62599333438803 214.3678152125207 223.59784 61.511326 -999.0 -999.0 -999.0 -999.0 -999.0 283.15939958283434 5.36612992921744 283.1469388685098 5.406869980666668 60.36837893528168 154.80972662082783 -999.0 5400.0 -999.0 1 164 {-999.0 -999.0 -999.0 -999.0 -999.0} "" -999.0 -999.0 -999.0 -999.0 -999 -999 "" "" "" "" 0 0 0.0 0.0 -999 ""
FIBERMAP 1044 R+13C10 METROLOGY 0 0 0 1 0 0 36.940241470439595 253.06825262092522 143.1 140.2184226082083 213.90761047734972 223.59784 61.511326 -999.0 -999.0 -999.0 -999.0 -999.0 283.16207306442374 5.36406762890294 283.14962926644455 5.4047842238733095 60.36546968151481 154.80618837498727 -999.0 6231.0 -999.0 -1 -999 {-999.0 -999.0 -999.0 -999.0 -999.0} "" -999.0 -999.0 -999.0 -999.0 -999 -999 "" "" "" "" 0 0 0.0 0.0 -999 ""
FIBERMAP 1046 R+5C21 APOGEE 0 0 0 1 0 0 198.8058548445144 88.39472756231753 143.1 217.55634454288196 -3.6802503255019023 233.9845 91.96039 -999.0 -999.0 -999.0 -999.0 -999.0 283.5116182590446 4.377960292632742 283.5016779461119 4.41969013822964 59.320122493733756 154.8583317606358 -999.0 16600.0 -999.0 2 -999 {-999.0 -999.0 -999.0 -999.0 -999.0} "" -999.0 -999.0 -999.0 -999.0 -999 -999 "" "" "" "" 0 0 0.0 0.0 -999 ""
FIBERMAP 1046 R+5C21 BOSS 1 1 0 1 0 0 198.18415365100208 88.78749497421221 143.1 217.15821047545631 -3.061908320802519 233.9845 91.96039 283.50994498258405 4.3807547019244355 -13.426773 -35.898792 6.155961 283.5099228824818 4.380657141424704 283.4999323510801 4.4224952208639206 59.32336493160733 154.85954642587615 5400.0 5400.0 2016.0 1 237 {-999.0 18.809875 17.35779 15.932759 -999.0} sdss_psfmag_ps1 18.184597 16.630655 15.405489 12.565 63050395645552635 939264222 bright_1x1 openfibertargets_nov2020_34a open_fiber science 0 0 0.0 0.0 -999 ""
FIBERMAP 1046 R+5C21 METROLOGY 0 0 0 1 0 0 198.842186310076 89.13994028706257 143.1 217.9035514593637 -3.019803042764942 233.9845 91.96039 -999.0 -999.0 -999.0 -999.0 -999.0 283.5132584008866 4.380867751715049 283.5032793623955 4.422682285557775 59.322343751199426 154.85330875193867 -999.0 6231.0 -999.0 -1 -999 {-999.0 -999.0 -999.0 -999.0 -999.0} "" -999.0 -999.0 -999.0 -999.0 -999 -999 "" "" "" "" 0 0 0.0 0.0 -999 ""
FIBERMAP 1051 R-5C20 APOGEE 1 1 0 1 0 0 171.04575194660572 -88.24966356080105 143.1 117.89103162683084 -152.15704307127555 218.38063 37.923157 283.05677486048126 3.705545257198414 -1.7017827 -9.166336 -0.06364726 283.05672009071327 3.7054871472318407 283.0485265641052 3.746184424376855 58.84711496483334 156.14086519070926 16000.0 16600.0 2016.0 2 233 {-999.0 22.758175 20.246387 16.598284 -999.0} sdss_psfmag_ps1 21.686312 16.09219 14.34823 8.047 63050395645275910 1154118834 bright_1x1 mwm_galactic_core_dist_apogee_sparse mwm_galactic science 0 0 0.0 0.0 -999 ""
FIBERMAP 1051 R-5C20 BOSS 0 0 0 1 0 0 171.18250936893742 -87.51739745606871 143.1 118.32384642041474 -151.55068623253624 218.38063 37.923157 -999.0 -999.0 -999.0 -999.0 -999.0 283.0587762782259 3.7080703482959647 283.0505338214916 3.7488884489317447 58.84897422710439 156.13544334055152 -999.0 5400.0 -999.0 1 278 {-999.0 -999.0 -999.0 -999.0 -999.0} "" -999.0 -999.0 -999.0 -999.0 -999 -999 "" "" "" "" 0 0 0.0 0.0 -999 ""
FIBERMAP 1051 R-5C20 METROLOGY 0 0 0 1 0 0 171.75222855286705 -87.99808598173152 143.1 118.63776562370293 -152.22683508275688 218.38063 37.923157 -999.0 -999.0 -999.0 -999.0 -999.0 283.06016092467 3.7050569040500143 283.05193791289037 3.7458462890792976 58.84563665275029 156.13490214065732 -999.0 6231.0 -999.0 -1 -999 {-999.0 -999.0 -999.0 -999.0 -999.0} "" -999.0 -999.0 -999.0 -999.0 -999 -999 "" "" "" "" 0 0 0.0 0.0 -999 ""
FIBERMAP 1054 R-2C7 APOGEE 1 1 0 1 0 0 -125.85478144768989 -59.0949017973291 143.1 -139.04744339977762 -0.51423454444297 8.312103 21.400282 281.8879368793068 4.39685660116282 -2.8640172 -5.2687383 0.208926 281.8879346453596 4.396873913490629 281.8780958968457 4.434426705927741 59.88157701761922 157.85921284601366 16000.0 16600.0 2016.0 2 255 {-999.0 17.54431 14.8885765 13.439695 -999.0} sdss_psfmag_from_g3xp 16.089203 14.112183 12.811861 9.23 63050395645587630 1152339478 bright_1x1 mwm_galactic_core_dist_apogee_sparse mwm_galactic science 0 0 0.0 0.0 -999 ""
FIBERMAP 1054 R-2C7 BOSS 0 0 0 1 0 0 -126.50722648239106 -59.45104257100472 143.1 -139.78927585389724 -0.562047251673631 8.312103 21.400282 -999.0 -999.0 -999.0 -999.0 -999.0 281.8845438047184 4.396549720321765 281.8746684329597 4.434206187218151 59.882453992332785 157.86580955179647 -999.0 5400.0 -999.0 1 471 {-999.0 -999.0 -999.0 -999.0 -999.0} "" -999.0 -999.0 -999.0 -999.0 -999 -999 "" "" "" "" 0 0 0.0 0.0 -999 ""
FIBERMAP 1054 R-2C7 METROLOGY 0 0 0 1 0 0 -126.48940276678941 -58.70591617586643 143.1 -139.45888840926855 0.1061265853569088 8.312103 21.400282 -999.0 -999.0 -999.0 -999.0 -999.0 281.8860503953838 4.399618025328456 281.87617775509693 4.437245921621283 59.88485789088689 157.8610406343356 -999.0 6231.0 -999.0 -1 -999 {-999.0 -999.0 -999.0 -999.0 -999.0} "" -999.0 -999.0 -999.0 -999.0 -999 -999 "" "" "" "" 0 0 0.0 0.0 -999 ""
FIBERMAP 1056 R-6C9 APOGEE 0 0 0 1 0 0 -62.09475806558875 -104.2555979908545 143.1 -100.27359347242621 -68.35455413211116 203.29497 43.527004 -999.0 -999.0 -999.0 -999.0 -999.0 282.0639901383822 4.0878753241551244 282.0549224088513 4.125942677217314 59.53297891023187 157.72279162760918 -999.0 16600.0 -999.0 2 -999 {-999.0 -999.0 -999.0 -999.0 -999.0} "" -999.0 -999.0 -999.0 -999.0 -999 -999 "" "" "" "" 0 0 0.0 0.0 -999 ""
FIBERMAP 1056 R-6C9 BOSS 1 1 0 1 0 0 -61.809779284470395 -103.56949133555617 143.1 -99.72583538264617 -67.85256119229976 203.29497 43.527004 282.06652210006786 4.090032964779728 -1.6726078 -1.9480933 0.8556932 282.0664789113771 4.090005033676644 282.05736700898757 4.128192218804451 59.53433108057418 157.7168168830436 5400.0 5400.0 2016.0 1 399 {-999.0 18.401415 15.966297 14.651769 -999.0} sdss_psfmag_ps1 17.143326 15.344664 14.096137 10.839 63050395645524808 934472545 bright_1x1 openfibertargets_nov2020_34a open_fiber science 0 0 0.0 0.0 -999 ""
FIBERMAP 1056 R-6C9 METROLOGY 0 0 0 1 0 0 -61.354410479000585 -104.16314567046781 143.1 -99.56324899560089 -68.58292659185874 203.29497 43.527004 -999.0 -999.0 -999.0 -999.0 -999.0 282.0672146151158 4.086720080892912 282.0581219192711 4.124877561354208 59.53094965141554 157.71749958814118 -999.0 6231.0 -999.0 -1 -999 {-999.0 -999.0 -999.0 -999.0 -999.0} "" -999.0 -999.0 -999.0 -999.0 -999 -999 "" "" "" "" 0 0 0.0 0.0 -999 ""
FIBERMAP 1058 R-4C23 APOGEE 1 1 0 1 0 0 232.1325745039748 -92.70793796689311 143.1 171.40526583748647 -181.96057596898666 284.0628 46.745487 283.2975769042969 3.5716420825391424 -999.0 -999.0 -999.0 283.29760164400864 3.571588749125234 283.2897228610243 3.612931684186755 58.639353632350335 155.79327602302527 16000.0 16600.0 2015.5 2 221 {-999.0 -999.0 -999.0 -999.0 -999.0} "" -999.0 -999.0 -999.0 -999.0 27021603150603413 849031202 "" ops_sky_apogee_good ops_sky sky_apogee 0 0 0.0 0.0 -999 ""
FIBERMAP 1058 R-4C23 BOSS 0 0 0 1 0 0 231.4845702574145 -92.36164365831712 143.1 170.96368181136373 -181.3732842037344 284.0628 46.745487 -999.0 -999.0 -999.0 -999.0 -999.0 283.2956966495305 3.5740887643179593 283.2877686529857 3.615543105385 58.642478037303704 155.79505945683522 -999.0 5400.0 -999.0 1 252 {-999.0 -999.0 -999.0 -999.0 -999.0} "" -999.0 -999.0 -999.0 -999.0 -999 -999 "" "" "" "" 0 0 0.0 0.0 -999 ""
FIBERMAP 1058 R-4C23 METROLOGY 0 0 0 1 0 0 232.11340976514998 -91.95720756760088 143.1 171.70447492029925 -181.27172207586952 284.0628 46.745487 -999.0 -999.0 -999.0 -999.0 -999.0 283.2990241158142 3.574593820323315 283.29110670573186 3.6160234995673552 58.641777871443864 155.78873287788522 -999.0 6231.0 -999.0 -1 -999 {-999.0 -999.0 -999.0 -999.0 -999.0} "" -999.0 -999.0 -999.0 -999.0 -999 -999 "" "" "" "" 0 0 0.0 0.0 -999 ""
FIBERMAP 1063 R0C13 APOGEE 1 1 0 1 0 0 -36.0664792811144 5.993432398914283 143.1 -30.178078440961166 20.64439169278798 169.0695 103.34662 282.3845156870236 4.492251763641939 -0.7559497 4.0149636 2.652399 282.38450910718757 4.49224020461555 282.3743815384256 4.531052510066002 59.812340199974365 156.86512412516547 16000.0 16600.0 2016.0 2 292 {-999.0 9.675886 9.75189 9.845599 -999.0} sdss_psfmag_from_g3xp 9.767304 9.686093 9.51801 9.274 63050395645544863 975057015 "" ops_std_apogee ops_std standard_apogee 0 0 0.0 0.0 -999 ""
FIBERMAP 1063 R0C13 BOSS 0 0 0 1 0 0 -36.12109510979522 6.731838437874508 143.1 -29.916214126419174 21.337019653424836 169.0695 103.34662 -999.0 -999.0 -999.0 -999.0 -999.0 282.38573550608197 4.495292499218227 282.37556054694454 4.53421944924704 59.81493857127895 156.86083118189936 -999.0 5400.0 -999.0 1 430 {-999.0 -999.0 -999.0 -999.0 -999.0} "" -999.0 -999.0 -999.0 -999.0 -999 -999 "" "" "" "" 0 0 0.0 0.0 -999 ""
FIBERMAP 1063 R0C13 METROLOGY 0 0 0 1 0 0 -35.44698341402313 6.420027473531906 143.1 -29.43641367742885 20.769988147036358 169.0695 103.34662 -999.0 -999.0 -999.0 -999.0 -999.0 282.38791346582 4.492733803324741 282.3777560128714 4.531635104226667 59.811774848750076 156.85842839578882 -999.0 6231.0 -999.0 -1 -999 {-999.0 -999.0 -999.0 -999.0 -999.0} "" -999.0 -999.0 -999.0 -999.0 -999 -999 "" "" "" "" 0 0 0.0 0.0 -999 ""
FIBERMAP 1068 R-2C8 APOGEE 0 0 0 1 0 0 -116.52865325057292 -58.238143440060824 143.1 -130.229089607177 -3.6702042290633257 305.8637 58.596844 -999.0 -999.0 -999.0 -999.0 -999.0 281.9279979474929 4.382446796341429 281.9181922752309 4.420105630159946 59.85527562782495 157.79279940159435 -999.0 16600.0 -999.0 2 -999 {-999.0 -999.0 -999.0 -999.0 -999.0} "" -999.0 -999.0 -999.0 -999.0 -999 -999 "" "" "" "" 0 0 0.0 0.0 -999 ""
FIBERMAP 1068 R-2C8 BOSS 1 1 0 1 0 0 -117.27670148764147 -58.300236363073296 143.1 -130.9336143768134 -3.4110540620393524 305.8637 58.596844 281.9244581663134 4.383564532017748 -1.7887362 -2.7505813 0.52304775 281.92477790188934 4.383517727157099 281.9149318859057 4.421280477850752 59.85742529090214 157.79818940264943 5400.0 5400.0 2016.0 1 450 {-999.0 15.439892 14.065068 13.535785 -999.0} sdss_psfmag_ps1 14.84234 13.852372 12.82614 10.843 63050395645587407 1093381667 bright_3x1 mwm_astar_core_boss mwm_ob science 0 0 0.9500141143798828 0.0 -999 ""
FIBERMAP 1068 R-2C8 METROLOGY 0 0 0 1 0 0 -116.96005242983841 -57.62940973092287 143.1 -130.363580957742 -2.936272806687505 305.8637 58.596844 -999.0 -999.0 -999.0 -999.0 -999.0 281.9273735715486 4.385704983108256 281.9175324729722 4.4234421228584 59.85864776091949 157.7919230671647 -999.0 6231.0 -999.0 -1 -999 {-999.0 -999.0 -999.0 -999.0 -999.0} "" -999.0 -999.0 -999.0 -999.0 -999 -999 "" "" "" "" 0 0 0.0 0.0 -999 ""
FIBERMAP 1069 R+11C10 APOGEE 1 1 0 1 0 0 12.938479917105326 215.17148993495948 143.1 102.47200357052247 189.6640375419413 229.18127 49.15839 282.9910695873871 5.256773720938624 -0.31550086 -2.5468743 0.3342672 282.9910510940306 5.256735200079668 282.97892444747754 5.296956160595738 60.325391940473466 155.20485839938556 16000.0 16600.0 2016.0 2 18 {-999.0 20.24121 16.888155 15.268737 -999.0} sdss_psfmag_ps1 18.267433 15.745273 14.324438 10.054 63050395645743996 1154125888 bright_1x1 mwm_galactic_core_dist_apogee_sparse mwm_galactic science 0 0 0.0 0.0 -999 ""
FIBERMAP 1069 R+11C10 BOSS 0 0 0 1 0 0 12.815037841689197 215.901498306 143.1 102.66791400642116 190.37807486710284 229.18127 49.15839 -999.0 -999.0 -999.0 -999.0 -999.0 282.9920002722413 5.259871506298564 282.9798241644639 5.300203121364109 60.32811111363616 155.20084302628675 -999.0 5400.0 -999.0 1 109 {-999.0 -999.0 -999.0 -999.0 -999.0} "" -999.0 -999.0 -999.0 -999.0 -999 -999 "" "" "" "" 0 0 0.0 0.0 -999 ""
FIBERMAP 1069 R+11C10 METROLOGY 0 0 0 1 0 0 13.516912976346966 215.65613777004006 143.1 103.20091327931705 189.8595934416414 229.18127 49.15839 -999.0 -999.0 -999.0 -999.0 -999.0 282.99440860042796 5.257543176866393 282.98224994878603 5.297850594899869 60.32505551357723 155.1979636375429 -999.0 6231.0 -999.0 -1 -999 {-999.0 -999.0 -999.0 -999.0 -999.0} "" -999.0 -999.0 -999.0 -999.0 -999 -999 "" "" "" "" 0 0 0.0 0.0 -999 ""
FIBERMAP 1070 R+9C13 APOGEE 1 1 0 1 0 0 96.82050071751141 178.9211083600219 143.1 163.25027788007938 121.41812824518112 56.23 65.470085 283.2671066955327 4.946564764085828 2.2335587 -0.766768 0.12128828 283.26712047345484 4.946550036701587 283.2557596088959 4.987540164660412 59.93808176323702 154.90870826570855 16000.0 16600.0 2016.0 2 55 {-999.0 24.176565 23.946209 18.05819 -999.0} sdss_psfmag_gaia 21.78891 18.49303 16.873922 10.641 63050395645575312 1154780854 bright_1x1 mwm_galactic_core_dist_apogee_sparse mwm_galactic science 0 0 0.0 0.0 -999 ""
FIBERMAP 1070 R+9C13 BOSS 0 0 0 1 0 0 97.19573778459915 178.28758471592172 143.1 163.3233866262427 120.6854009201048 56.23 65.470085 -999.0 -999.0 -999.0 -999.0 -999.0 283.2675349126377 4.943150782590326 283.25614016718254 4.98425304743997 59.93487672420662 154.9103502218292 -999.0 5400.0 -999.0 1 152 {-999.0 -999.0 -999.0 -999.0 -999.0} "" -999.0 -999.0 -999.0 -999.0 -999 -999 "" "" "" "" 0 0 0.0 0.0 -999 ""
FIBERMAP 1070 R+9C13 METROLOGY 0 0 0 1 0 0 96.44870272453413 178.27474299880205 143.1 162.64055017391232 120.988785451759 56.23 65.470085 -999.0 -999.0 -999.0 -999.0 -999.0 283.2644214830834 4.944572960166134 283.25303543664444 4.985635665199265 59.937274701105764 154.91512760244686 -999.0 6231.0 -999.0 -1 -999 {-999.0 -999.0 -999.0 -999.0 -999.0} "" -999.0 -999.0 -999.0 -999.0 -999 -999 "" "" "" "" 0 0 0.0 0.0 -999 ""
FIBERMAP 1078 R-3C9 APOGEE 1 1 0 1 0 0 -78.23692843565445 -70.97963287582398 143.1 -100.87882959516371 -31.372221558195182 267.63004 121.75146 282.06138302564426 4.256116671633539 0.14582923 -3.7310731 0.16202518 282.06140328001345 4.256102470641247 282.0519072189947 4.294129824271846 59.693267572357506 157.62191963365976 16000.0 16600.0 2016.0 2 245 {-999.0 20.973642 17.380142 15.515513 -999.0} sdss_psfmag_ps1 18.772589 15.917397 14.449947 9.834 63050395645528615 1156794614 bright_1x1 mwm_galactic_core_dist_apogee_extra mwm_galactic science 0 0 0.0 0.0 -999 ""
FIBERMAP 1078 R-3C9 BOSS 0 0 0 1 0 0 -78.87305850676097 -71.35426589210246 143.1 -101.61366572965396 -31.44368339600307 267.63004 121.75146 -999.0 -999.0 -999.0 -999.0 -999.0 282.0580452105544 4.255657762506118 282.04851217462004 4.29378962681273 59.694032107825535 157.62848999720558 -999.0 5400.0 -999.0 1 470 {-999.0 -999.0 -999.0 -999.0 -999.0} "" -999.0 -999.0 -999.0 -999.0 -999 -999 "" "" "" "" 0 0 0.0 0.0 -999 ""
FIBERMAP 1078 R-3C9 METROLOGY 0 0 0 1 0 0 -78.86129166262403 -70.60759844856972 143.1 -101.28812086392085 -30.77155789416151 267.63004 121.75146 -999.0 -999.0 -999.0 -999.0 -999.0 282.0595305733817 4.258747706513037 282.0500004095822 4.296850731774111 59.696454880085994 157.62375735786694 -999.0 6231.0 -999.0 -1 -999 {-999.0 -999.0 -999.0 -999.0 -999.0} "" -999.0 -999.0 -999.0 -999.0 -999 -999 "" "" "" "" 0 0 0.0 0.0 -999 ""
FIBERMAP 1081 R-1C22 APOGEE 1 1 0 1 0 0 170.86536836255326 -10.685100892571311 143.1 150.43694037566664 -81.7444294652123 221.73828 33.993286 283.20648557870146 4.024456530363958 -0.6227057 -4.0448112 -0.119678825 283.2063942507126 4.024368520310296 283.19737822380284 4.065386001608165 59.09570598146087 155.65723735073172 16000.0 16600.0 2016.0 2 196 {-999.0 28.880959 21.158613 18.198114 -999.0} sdss_psfmag_ps1 21.13671 17.963068 16.291494 10.495 63050395645290978 1154119166 bright_1x1 mwm_galactic_core_dist_apogee_sparse mwm_galactic science 0 0 0.0 0.0 -999 ""
FIBERMAP 1081 R-1C22 BOSS 0 0 0 1 0 0 171.0473161743197 -9.963561084655531 143.1 150.90621104710868 -81.16685645312194 221.73828 33.993286 -999.0 -999.0 -999.0 -999.0 -999.0 283.20862927176427 4.026845417243372 283.1995641569643 4.067982772320165 59.09738315898711 155.65149942444435 -999.0 5400.0 -999.0 1 313 {-999.0 -999.0 -999.0 -999.0 -999.0} "" -999.0 -999.0 -999.0 -999.0 -999 -999 "" "" "" "" 0 0 0.0 0.0 -999 ""
FIBERMAP 1081 R-1C22 METROLOGY 0 0 0 1 0 0 171.58929580672464 -10.481780086555561 143.1 151.17914882064917 -81.86534047255279 221.73828 33.993286 -999.0 -999.0 -999.0 -999.0 -999.0 283.2098264618923 4.023712478441644 283.2007812378838 4.064821060289744 59.09399661152314 155.65142261153304 -999.0 6231.0 -999.0 -1 -999 {-999.0 -999.0 -999.0 -999.0 -999.0} "" -999.0 -999.0 -999.0 -999.0 -999 -999 "" "" "" "" 0 0 0.0 0.0 -999 ""
FIBERMAP 1083 R-3C10 APOGEE 0 0 0 1 0 0 -50.28679428241453 -46.490387495727354 143.1 -65.20601307462674 -20.95181256622149 66.12213 115.363205 -999.0 -999.0 -999.0 -999.0 -999.0 282.22413547723255 4.30313810683614 282.21450430870215 4.341575104543393 59.68574233484337 157.28751868284655 -999.0 16600.0 -999.0 2 -999 {-999.0 -999.0 -999.0 -999.0 -999.0} "" -999.0 -999.0 -999.0 -999.0 -999 -999 "" "" "" "" 0 0 0.0 0.0 -999 ""
FIBERMAP 1083 R-3C10 BOSS 1 1 0 1 0 0 -49.53995557937929 -46.46558626229767 143.1 -64.51831127520569 -21.244269249372184 66.12213 115.363205 282.2273177084576 4.3017357098252065 -13.929621 -16.510086 2.150582 282.22727522912595 4.301674326637589 282.2176084858552 4.340232620393518 59.68346508565558 157.2825868308848 5400.0 5400.0 2016.0 1 447 {-999.0 15.39389 14.430894 14.034127 -999.0} sdss_psfmag_from_g3xp 15.074818 14.439446 13.676622 12.094 63050395645531421 980529403 "" ops_std_boss_tic ops_std standard_boss 0 0 0.0 0.0 -999 ""
FIBERMAP 1083 R-3C10 METROLOGY 0 0 0 1 0 0 -49.89828514455145 -47.12735109775551 143.1 -65.12231969643996 -21.693256208432476 66.12213 115.363205 -999.0 -999.0 -999.0 -999.0 -999.0 282.22451030992204 4.299670368752151 282.2148599903338 4.338189946486198 59.68242615904518 157.28903789629635 -999.0 6231.0 -999.0 -1 -999 {-999.0 -999.0 -999.0 -999.0 -999.0} "" -999.0 -999.0 -999.0 -999.0 -999 -999 "" "" "" "" 0 0 0.0 0.0 -999 ""
FIBERMAP 1085 R-2C13 APOGEE 0 0 0 1 0 0 10.10514889306494 -40.707726410467096 143.1 -8.003235025439185 -41.17569805339604 324.45392 139.9064 -999.0 -999.0 -999.0 -999.0 -999.0 282.4851334858699 4.210370496276291 282.4757138910532 4.249497439713422 59.51321278084474 156.8611157056024 -999.0 16600.0 -999.0 2 -999 {-999.0 -999.0 -999.0 -999.0 -999.0} "" -999.0 -999.0 -999.0 -999.0 -999 -999 "" "" "" "" 0 0 0.0 0.0 -999 ""
FIBERMAP 1085 R-2C13 BOSS 1 1 0 1 0 0 10.313490467229958 -41.41757634437441 143.1 -8.113656557475846 -41.907258121450226 324.45392 139.9064 282.4846367819896 4.206881670484803 3.1807353 -0.7753944 2.1452694 282.48465606182134 4.206903087733217 282.47520537657783 4.246142965953507 59.51021579607118 156.86424934131094 5400.0 5400.0 2016.0 1 355 {-999.0 15.795607 14.683004 14.157901 -999.0} sdss_psfmag_from_g3xp 15.389032 14.638943 13.784571 12.159 63050395645523435 981666914 "" ops_std_boss_tic ops_std standard_boss 0 0 0.0 0.0 -999 ""
FIBERMAP 1085 R-2C13 METROLOGY 0 0 0 1 0 0 9.581233791009307 -41.23892782833967 143.1 -8.702339098376077 -41.43645992049024 324.45392 139.9064 -999.0 -999.0 -999.0 -999.0 -999.0 282.4819618577616 4.209090871278227 282.4725171926487 4.248291219347177 59.51313083350607 156.86783210033553 -999.0 6231.0 -999.0 -1 -999 {-999.0 -999.0 -999.0 -999.0 -999.0} "" -999.0 -999.0 -999.0 -999.0 -999 -999 "" "" "" "" 0 0 0.0 0.0 -999 ""
FIBERMAP 1086 R-3C15 APOGEE 0 0 0 1 0 0 58.136754619318666 -70.20120010664661 143.1 23.114853248145916 -88.17600194450858 271.89963 125.728775 -999.0 -999.0 -999.0 -999.0 -999.0 282.6266305942229 3.9961292338887118 282.61774202138923 4.035662765808674 59.26446802468387 156.7381907092562 -999.0 16600.0 -999.0 2 -999 {-999.0 -999.0 -999.0 -999.0 -999.0} "" -999.0 -999.0 -999.0 -999.0 -999 -999 "" "" "" "" 0 0 0.0 0.0 -999 ""
FIBERMAP 1086 R-3C15 BOSS 1 1 0 1 0 0 57.54911866594187 -70.66751664138964 143.1 22.385328665525694 -88.35105386431444 271.89963 125.728775 282.62333733545006 3.9951875173549154 -0.02781239 -3.324446 0.85570085 282.623350643179 3.995182153767649 282.6144242719974 4.034821962850516 59.264776820628825 156.74484467793846 5400.0 5400.0 2016.0 1 274 {-999.0 16.618061 14.865529 14.003085 -999.0} sdss_psfmag_ps1 15.859124 14.460185 13.303931 11.053 63050395645503526 939263660 bright_1x1 openfibertargets_nov2020_34a open_fiber science 0 0 0.0 0.0 -999 ""
FIBERMAP 1086 R-3C15 METROLOGY 0 0 0 1 0 0 57.439831181764326 -69.93481748202694 143.1 22.595209390127007 -87.64054558125322 271.89963 125.728775 -999.0 -999.0 -999.0 -999.0 -999.0 282.62430478332453 3.9984511344001628 282.6153814978547 4.038060278768402 59.26751265614858 156.74097365259382 -999.0 6231.0 -999.0 -1 -999 {-999.0 -999.0 -999.0 -999.0 -999.0} "" -999.0 -999.0 -999.0 -999.0 -999 -999 "" "" "" "" 0 0 0.0 0.0 -999 ""
FIBERMAP 1091 R+10C17 APOGEE 1 1 0 1 0 0 163.32882259855086 187.5624004406636 143.1 227.2049703049365 101.20716930521887 227.51256 87.43092 283.55577109223265 4.852720696019735 -2.556222 -4.331829 0.1183791 283.55577721039504 4.8527340055899835 283.54462980764777 4.894482790095135 59.74739639373304 154.44134795131123 16000.0 16600.0 2016.0 2 49 {-999.0 24.855923 25.045984 19.949865 -999.0} sdss_psfmag_ps1 21.222052 19.386135 17.648935 10.361 63050395645561750 1154124313 bright_1x1 mwm_galactic_core_dist_apogee_sparse mwm_galactic science 0 0 0.0 0.0 -999 ""
FIBERMAP 1091 R+10C17 BOSS 0 0 0 1 0 0 162.78724214874183 188.0690758151284 143.1 226.9275264921977 101.89501707666908 227.51256 87.43092 -999.0 -999.0 -999.0 -999.0 -999.0 283.55459149865897 4.855750943730791 283.54339301643705 4.897607031332716 59.75075485933309 154.44136801471504 -999.0 5400.0 -999.0 1 170 {-999.0 -999.0 -999.0 -999.0 -999.0} "" -999.0 -999.0 -999.0 -999.0 -999 -999 "" "" "" "" 0 0 0.0 0.0 -999 ""
FIBERMAP 1091 R+10C17 METROLOGY 0 0 0 1 0 0 163.50685512301735 188.2919694633089 143.1 227.6740765157321 101.7936744149021 227.51256 87.43092 -999.0 -999.0 -999.0 -999.0 -999.0 283.5579279324907 4.8552914899022195 283.5467426569445 4.897124783621927 59.7490903936572 154.4355466683008 -999.0 6231.0 -999.0 -1 -999 {-999.0 -999.0 -999.0 -999.0 -999.0} "" -999.0 -999.0 -999.0 -999.0 -999 -999 "" "" "" "" 0 0 0.0 0.0 -999 ""
FIBERMAP 1092 R-7C20 APOGEE 1 1 0 1 0 0 202.82065809432802 -152.75910320486813 143.1 119.50087364735009 -224.05471954648334 285.78345 61.45483 283.0614313364874 3.3820607994410263 -3.2289977 -5.929764 -0.09578227 283.06143169551547 3.3820213653054143 283.0540567556066 3.4227962522884474 58.54105338379752 156.34213210397942 16000.0 16600.0 2016.0 2 200 {-999.0 23.709305 23.578016 19.17161 -999.0} sdss_psfmag_ps1 21.65999 18.052872 16.286188 9.136 63050395645260989 1154119035 bright_1x1 mwm_galactic_core_dist_apogee_sparse mwm_galactic science 0 0 0.0 0.0 -999 ""
FIBERMAP 1092 R-7C20 BOSS 0 0 0 1 0 0 202.1218524798372 -152.516363000523 143.1 118.96955284392139 -223.53990870819877 285.78345 61.45483 -999.0 -999.0 -999.0 -999.0 -999.0 283.0591019400332 3.384185137795065 283.05167945793517 3.425071193351622 58.54399654157602 156.34493825436778 -999.0 5400.0 -999.0 1 332 {-999.0 -999.0 -999.0 -999.0 -999.0} "" -999.0 -999.0 -999.0 -999.0 -999 -999 "" "" "" "" 0 0 0.0 0.0 -999 ""
FIBERMAP 1092 R-7C20 METROLOGY 0 0 0 1 0 0 202.68333052258333 -152.02540210764326 143.1 119.6857497830564 -223.33147800511188 285.78345 61.45483 -999.0 -999.0 -999.0 -999.0 -999.0 283.0623334802732 3.3851648977873308 283.0549201650427 3.4260257295635257 58.54380137666638 156.33848585030125 -999.0 6231.0 -999.0 -1 -999 {-999.0 -999.0 -999.0 -999.0 -999.0} "" -999.0 -999.0 -999.0 -999.0 -999 -999 "" "" "" "" 0 0 0.0 0.0 -999 ""
FIBERMAP 1094 R+1C19 APOGEE 0 0 0 1 0 0 111.25600471048735 33.810126846790126 143.1 115.14632976780665 -16.257925574600954 170.34698 68.88532 -999.0 -999.0 -999.0 -999.0 -999.0 283.04742224309285 4.322332901487994 283.03766566425907 4.362882686895377 59.42998527550016 155.7475786712838 -999.0 16600.0 -999.0 2 -999 {-999.0 -999.0 -999.0 -999.0 -999.0} "" -999.0 -999.0 -999.0 -999.0 -999 -999 "" "" "" "" 0 0 0.0 0.0 -999 ""
FIBERMAP 1094 R+1C19 BOSS 1 1 0 1 0 0 111.63428471809456 34.44660798500499 143.1 115.75776720691852 -15.84027942986024 170.34698 68.88532 283.0503845214844 4.3241346187528364 -999.0 -999.0 -999.0 283.0503067152737 4.3241044497384165 283.04050344922496 4.364774463105929 59.43077960395124 155.74107096370673 5400.0 5400.0 2015.5 1 232 {-999.0 -999.0 -999.0 -999.0 -999.0} "" -999.0 -999.0 -999.0 -999.0 27021603150617193 820734601 "" ops_sky_boss_good ops_sky sky_boss 0 0 0.0 0.0 -999 ""
FIBERMAP 1094 R+1C19 METROLOGY 0 0 0 1 0 0 112.00210239313445 33.81060482213265 143.1 115.82310232352275 -16.572126408395057 170.34698 68.88532 -999.0 -999.0 -999.0 -999.0 -999.0 283.0505703769821 4.320806765878707 283.040787334365 4.361446051450989 59.42755928539496 155.74281631643214 -999.0 6231.0 -999.0 -1 -999 {-999.0 -999.0 -999.0 -999.0 -999.0} "" -999.0 -999.0 -999.0 -999.0 -999 -999 "" "" "" "" 0 0 0.0 0.0 -999 ""
FIBERMAP 1095 R+5C8 APOGEE 0 0 0 1 0 0 -68.6794961451518 103.1784242180319 143.1 -18.768436192365012 122.5261165958074 20.842958 128.60275 -999.0 -999.0 -999.0 -999.0 -999.0 282.4378789082234 4.955528618921234 282.4265661427906 4.994387217277799 60.23163745627018 156.45705241766558 -999.0 16600.0 -999.0 2 -999 {-999.0 -999.0 -999.0 -999.0 -999.0} "" -999.0 -999.0 -999.0 -999.0 -999 -999 "" "" "" "" 0 0 0.0 0.0 -999 ""
FIBERMAP 1095 R+5C8 BOSS 1 1 0 1 0 0 -68.03301365891812 102.80873024621057 143.1 -18.338099909001695 121.91824745074636 20.842958 128.60275 282.43985824148945 4.952728872773537 -0.038873833 -0.9066067 0.116845116 282.43986731362935 4.952710583407363 282.42852201334034 4.991684848766492 60.228436369180415 156.45519308302468 5400.0 5400.0 2016.0 1 65 {-999.0 15.408532 14.45506 13.880517 -999.0} sdss_psfmag_from_g3xp 15.078804 14.3694935 13.470227 11.869 63050395645638174 1093201104 bright_3x1 mwm_astar_core_boss mwm_ob science 0 0 0.0 0.0 -999 ""
FIBERMAP 1095 R+5C8 METROLOGY 0 0 0 1 0 0 -68.67650084089311 102.43233239481967 143.1 -19.080351808905917 121.8482877794494 20.842958 128.60275 -999.0 -999.0 -999.0 -999.0 -999.0 282.43646719348453 4.952421051020552 282.4251341404817 4.99135545606277 60.22926410878419 156.46181592483703 -999.0 6231.0 -999.0 -1 -999 {-999.0 -999.0 -999.0 -999.0 -999.0} "" -999.0 -999.0 -999.0 -999.0 -999 -999 "" "" "" "" 0 0 0.0 0.0 -999 ""
FIBERMAP 1096 R+1C25 APOGEE 0 0 0 1 0 0 254.81648590372708 5.353783212169036 143.1 233.32859751035065 -102.60289756282205 267.32394 108.50052 -999.0 -999.0 -999.0 -999.0 -999.0 283.57958241114494 3.929964572038537 283.57076937067455 3.971958546782792 58.87729229926053 155.04421930064305 -999.0 16600.0 -999.0 2 -999 {-999.0 -999.0 -999.0 -999.0 -999.0} "" -999.0 -999.0 -999.0 -999.0 -999 -999 "" "" "" "" 0 0 0.0 0.0 -999 ""
FIBERMAP 1096 R+1C25 BOSS 1 1 0 1 0 0 254.10762603442305 5.1341882497125795 143.1 232.593189618258 -102.50309826497487 267.32394 108.50052 283.57635498046875 3.9302764079472325 -999.0 -999.0 -999.0 283.5763502358365 3.9302878681701356 283.5674927392401 3.972388745104686 58.87885675185194 155.0498342130672 5400.0 5400.0 2015.5 1 184 {-999.0 -999.0 -999.0 -999.0 -999.0} "" -999.0 -999.0 -999.0 -999.0 27021603150603991 852919475 "" ops_sky_boss_fallback ops_sky sky_boss 0 0 0.0 0.0 -999 ""
FIBERMAP 1096 R+1C25 METROLOGY 0 0 0 1 0 0 254.26652597367803 5.857971724386694 143.1 233.0425063509202 -101.91377122852393 267.32394 108.50052 -999.0 -999.0 -999.0 -999.0 -999.0 283.57837169241367 3.932986827123184 283.5695196266756 3.9750596729786305 58.8806340736049 155.04433994614766 -999.0 6231.0 -999.0 -1 -999 {-999.0 -999.0 -999.0 -999.0 -999.0} "" -999.0 -999.0 -999.0 -999.0 -999 -999 "" "" "" "" 0 0 0.0 0.0 -999 ""
FIBERMAP 1098 R+5C1 APOGEE 1 1 0 1 0 0 -246.0130395541452 103.38937203429367 143.1 -179.48781982127616 197.50012079788252 144.50945 121.29173 281.70914500875807 5.2928464529686226 1.233652 -2.051175 0.26169616 281.7091445989811 5.292844595398867 281.6970318678819 5.32976216320653 60.787605917004626 157.6263224366279 16000.0 16600.0 2016.0 2 122 {-999.0 18.958008 16.015793 14.51272 -999.0} sdss_psfmag_ps1 17.287079 15.081437 13.736918 9.853 63050395648645338 1154131990 bright_1x1 mwm_galactic_core_dist_apogee_sparse mwm_galactic science 0 0 0.0 0.0 -999 ""
FIBERMAP 1098 R+5C1 BOSS 0 0 0 1 0 0 -245.97127335942028 104.13091712594041 143.1 -179.13723128721796 198.15495036287658 144.50945 121.29173 -999.0 -999.0 -999.0 -999.0 -999.0 281.7107853210812 5.295687507257316 281.698628292553 5.332716894122898 60.78989274251836 157.62129184839262 -999.0 5400.0 -999.0 1 1 {-999.0 -999.0 -999.0 -999.0 -999.0} "" -999.0 -999.0 -999.0 -999.0 -999 -999 "" "" "" "" 0 0 0.0 0.0 -999 ""
FIBERMAP 1098 R+5C1 METROLOGY 0 0 0 1 0 0 -245.33709109084782 103.72465745763147 143.1 -178.73346899282987 197.51911005533594 144.50945 121.29173 -999.0 -999.0 -999.0 -999.0 -999.0 281.71257110192187 5.292877182136817 281.70043156587224 5.329881074812284 60.786630193592714 157.61967667145692 -999.0 6231.0 -999.0 -1 -999 {-999.0 -999.0 -999.0 -999.0 -999.0} "" -999.0 -999.0 -999.0 -999.0 -999 -999 "" "" "" "" 0 0 0.0 0.0 -999 ""
FIBERMAP 1100 R-9C17 APOGEE 0 0 0 1 0 0 178.19339081643625 -185.42818317146003 143.1 83.391785922386 -243.29398259391502 327.32504 103.72774 -999.0 -999.0 -999.0 -999.0 -999.0 282.8973782251536 3.2956468170588353 282.89023903730805 3.336017660401844 58.51419842418531 156.6929797968251 -999.0 16600.0 -999.0 2 -999 {-999.0 -999.0 -999.0 -999.0 -999.0} "" -999.0 -999.0 -999.0 -999.0 -999 -999 "" "" "" "" 0 0 0.0 0.0 -999 ""
FIBERMAP 1100 R-9C17 BOSS 1 1 0 1 0 0 177.9538779306915 -186.14678778203043 143.1 82.87155229216576 -243.8446183633956 327.32504 103.72774 282.8950642235991 3.2930666283197936 -0.084715895 -2.1619544 0.6534686 282.8950515348194 3.2930514309635273 282.88787741058235 3.33353477382663 58.512643066432474 156.69881983545864 5400.0 5400.0 2016.0 1 269 {-999.0 16.088068 14.50074 13.5014715 -999.0} sdss_psfmag_from_g3xp 15.404545 14.137757 13.034908 11.019 63050395644102290 1127724036 bright_1x1 openfibertargets_mwm_more_ob_boss open_fiber science 0 0 0.0 0.0 -999 ""
FIBERMAP 1100 R-9C17 METROLOGY 0 0 0 1 0 0 177.46176559604467 -185.57442447000057 143.1 82.66666783603517 -243.11806495132518 327.32504 103.72774 -999.0 -999.0 -999.0 -999.0 -999.0 282.8941354371405 3.2963325949575704 282.88696493453307 3.3367794774189043 58.51600587966132 156.69839435318318 -999.0 6231.0 -999.0 -1 -999 {-999.0 -999.0 -999.0 -999.0 -999.0} "" -999.0 -999.0 -999.0 -999.0 -999 -999 "" "" "" "" 0 0 0.0 0.0 -999 ""
FIBERMAP 1101 R-12C14 APOGEE 1 1 0 1 0 0 122.82049832881412 -247.40816566942192 143.1 7.0415700465274345 -276.14711860907096 270.87607 71.24171 282.5508692276389 3.1493829926273493 -3.9960225 -6.6377745 -0.8470049 282.55087195556337 3.1493513310433197 282.54414001804156 3.18886073025814 58.48867482352769 157.41014410153056 16000.0 16600.0 2016.0 2 213 {-999.0 22.601765 20.642014 19.012213 -999.0} sdss_psfmag_gaia 20.967915 19.74199 18.026333 10.323 63050395644100837 1157123933 bright_1x1 mwm_galactic_core_dist_apogee_extra mwm_galactic science 0 0 0.0 0.0 -999 ""
FIBERMAP 1101 R-12C14 BOSS 0 0 0 1 0 0 122.10982650869411 -247.21745864640488 143.1 6.47754608239914 -275.67448807349245 270.87607 71.24171 -999.0 -999.0 -999.0 -999.0 -999.0 282.54836508226026 3.1513404963019793 282.5415878049629 3.190961512998324 58.49148698339564 157.4134573678967 -999.0 5400.0 -999.0 1 256 {-999.0 -999.0 -999.0 -999.0 -999.0} "" -999.0 -999.0 -999.0 -999.0 -999 -999 "" "" "" "" 0 0 0.0 0.0 -999 ""
FIBERMAP 1101 R-12C14 METROLOGY 0 0 0 1 0 0 122.62802423399329 -246.6797489741575 143.1 7.174210137834597 -275.40541338235 270.87607 71.24171 -999.0 -999.0 -999.0 -999.0 -999.0 282.55151116331007 3.152564667675379 282.5447419348991 3.192159953824127 58.49160216800783 157.4070137452384 -999.0 6231.0 -999.0 -1 -999 {-999.0 -999.0 -999.0 -999.0 -999.0} "" -999.0 -999.0 -999.0 -999.0 -999 -999 "" "" "" "" 0 0 0.0 0.0 -999 ""
FIBERMAP 1103 R-2C9 APOGEE 1 1 0 1 0 0 -103.82443238099131 -43.76165730611312 143.1 -112.60390966146545 4.099806939908443 211.72466 104.412636 282.00825608126985 4.417739558682532 -2.6046124 -4.6102185 0.07809557 282.00826520313336 4.417653245069862 281.9983622944867 4.455511868288601 59.863246865460766 157.6194237165835 16000.0 16600.0 2016.0 2 258 {-999.0 22.397926 18.879688 16.678425 -999.0} sdss_psfmag_ps1 20.404991 17.13394 15.636031 10.981 63050395645587279 1154124923 bright_1x1 mwm_galactic_core_dist_apogee_sparse mwm_galactic science 0 0 0.0 0.0 -999 ""
FIBERMAP 1103 R-2C9 BOSS 0 0 0 1 0 0 -104.3455055938862 -43.255526003940304 143.1 -112.8629866864222 4.778513303788176 211.72466 104.412636 -999.0 -999.0 -999.0 -999.0 -999.0 282.0070770442441 4.420633922196978 281.99712845409016 4.458601181275189 59.86656758018181 157.61976800987753 -999.0 5400.0 -999.0 1 449 {-999.0 -999.0 -999.0 -999.0 -999.0} "" -999.0 -999.0 -999.0 -999.0 -999 -999 "" "" "" "" 0 0 0.0 0.0 -999 ""
FIBERMAP 1103 R-2C9 METROLOGY 0 0 0 1 0 0 -103.63359728460541 -43.04326539027975 143.1 -112.12790737249846 4.670777576908934 211.72466 104.412636 -999.0 -999.0 -999.0 -999.0 -999.0 282.0104224920319 4.420169046112569 282.00048559201394 4.4581131945543735 59.865030466888754 157.61376650123987 -999.0 6231.0 -999.0 -1 -999 {-999.0 -999.0 -999.0 -999.0 -999.0} "" -999.0 -999.0 -999.0 -999.0 -999 -999 "" "" "" "" 0 0 0.0 0.0 -999 ""
FIBERMAP 1104 R-13C7 APOGEE 1 1 0 1 0 0 -13.004765284182296 -235.18165535007094 143.1 -110.97052950313775 -207.7815603532714 125.1421 83.62504 282.0160937058689 3.4574807533599303 -0.78672975 -2.0050285 0.7215467 282.01607121804204 3.4574779091960663 282.00861271151376 3.495547840840359 58.94954480001685 158.1983113213061 16000.0 16600.0 2016.0 2 299 {-999.0 19.207762 16.309397 14.656822 -999.0} sdss_psfmag_ps1 17.621168 15.300321 13.935737 10.255 63050395644697290 1154114930 bright_1x1 mwm_galactic_core_dist_apogee_sparse mwm_galactic science 0 0 0.0 0.0 -999 ""
FIBERMAP 1104 R-13C7 BOSS 0 0 0 1 0 0 -12.351286119878942 -234.8262691888507 143.1 -110.22807751197575 -207.73486803754727 125.1421 83.62504 -999.0 -999.0 -999.0 -999.0 -999.0 282.01945469057233 3.4575187288994846 282.01195717298737 3.4957141675353487 58.948658157807415 158.19206347701703 -999.0 5400.0 -999.0 1 416 {-999.0 -999.0 -999.0 -999.0 -999.0} "" -999.0 -999.0 -999.0 -999.0 -999 -999 "" "" "" "" 0 0 0.0 0.0 -999 ""
FIBERMAP 1104 R-13C7 METROLOGY 0 0 0 1 0 0 -12.367854191910496 -235.57121416053488 143.1 -110.55724981538289 -208.40340687055064 125.1421 83.62504 -999.0 -999.0 -999.0 -999.0 -999.0 282.0179664137755 3.454567876398551 282.0104874847813 3.4927269846785682 58.94628007077077 158.1965767878537 -999.0 6231.0 -999.0 -1 -999 {-999.0 -999.0 -999.0 -999.0 -999.0} "" -999.0 -999.0 -999.0 -999.0 -999 -999 "" "" "" "" 0 0 0.0 0.0 -999 ""
FIBERMAP 1105 R-7C6 APOGEE 0 0 0 1 0 0 -110.8472081810919 -147.58727931315568 143.1 -162.75619645673152 -87.08905420858602 245.86636 100.97093 -999.0 -999.0 -999.0 -999.0 -999.0 281.78025273219424 4.003891674143623 281.7714264366373 4.041244700148588 59.54185798152342 158.30478355583284 -999.0 16600.0 -999.0 2 -999 {-999.0 -999.0 -999.0 -999.0 -999.0} "" -999.0 -999.0 -999.0 -999.0 -999 -999 "" "" "" "" 0 0 0.0 0.0 -999 ""
FIBERMAP 1105 R-7C6 BOSS 1 1 0 1 0 0 -111.57742632081363 -147.4254068128174 143.1 -163.35010498191122 -86.63432837894227 245.86636 100.97093 281.777545798014 4.005848516583583 -0.69720393 -5.85343 0.92573977 281.77755037936754 4.005826134134881 281.76868190138157 4.043285933943088 59.544650652136596 158.30866087902797 5400.0 5400.0 2016.0 1 437 {-999.0 18.008709 16.387213 15.488113 -999.0} sdss_psfmag_ps1 17.286728 16.02582 14.9238405 -999.0 63050395644749132 917203319 bright_4x1 mwm_yso_pms_boss_sagitta_edr3 mwm_yso science 0 0 0.0 0.0 -999 ""
FIBERMAP 1105 R-7C6 METROLOGY 0 0 0 1 0 0 -111.07047283892064 -146.87536999795014 143.1 -162.65843891466096 -86.34933350514743 245.86636 100.97093 -999.0 -999.0 -999.0 -999.0 -999.0 281.7806790756784 4.007141618161126 281.7718175630295 4.044576875848801 59.54490262470067 158.302003500402 -999.0 6231.0 -999.0 -1 -999 {-999.0 -999.0 -999.0 -999.0 -999.0} "" -999.0 -999.0 -999.0 -999.0 -999 -999 "" "" "" "" 0 0 0.0 0.0 -999 ""
FIBERMAP 1106 R-10C9 APOGEE 0 0 0 1 0 0 5.738260247818115 -210.87109962397932 143.1 -83.72219228763504 -193.64049157404605 321.90466 79.6506 -999.0 -999.0 -999.0 -999.0 -999.0 282.13944120021546 3.520279517047754 282.13181033878357 3.558654626584678 58.970748501996624 157.933440645113 -999.0 16600.0 -999.0 2 -999 {-999.0 -999.0 -999.0 -999.0 -999.0} "" -999.0 -999.0 -999.0 -999.0 -999 -999 "" "" "" "" 0 0 0.0 0.0 -999 ""
FIBERMAP 1106 R-10C9 BOSS 1 1 0 1 0 0 5.198391165637945 -211.3889683767726 143.1 -84.43014116329603 -193.8824353110189 321.90466 79.6506 282.13625689133096 3.5190672985514166 0.057967607 -5.6738477 0.6733619 282.1362505141613 3.51905003011862 282.1285841511327 3.5575337238740947 58.97070423563139 157.94005434377735 5400.0 5400.0 2016.0 1 371 {-999.0 20.476967 18.180908 16.741638 -999.0} sdss_psfmag_ps1 19.319231 17.432428 16.156523 13.207 63050395644706212 939258707 bright_1x1 openfibertargets_nov2020_34a open_fiber science 0 0 0.0 0.0 -999 ""
FIBERMAP 1106 R-10C9 METROLOGY 0 0 0 1 0 0 5.024836230373149 -210.65272345347424 143.1 -84.2770437194594 -193.14160967947598 321.90466 79.6506 -999.0 -999.0 -999.0 -999.0 -999.0 282.1369333119601 3.522421858448281 282.1292693445732 3.560873590800047 58.97365605607631 157.93674537397305 -999.0 6231.0 -999.0 -1 -999 {-999.0 -999.0 -999.0 -999.0 -999.0} "" -999.0 -999.0 -999.0 -999.0 -999 -999 "" "" "" "" 0 0 0.0 0.0 -999 ""
FIBERMAP 1107 R-13C5 APOGEE 1 1 0 1 0 0 -35.453878698200434 -251.9119339455038 143.1 -138.38294255679943 -213.48585469933084 57.329918 47.103775 281.892238301308 3.4328657768833932 -3.1637285 -6.592602 -0.2699571 281.89223258759563 3.4328373131160257 281.8848495353342 3.4705930692189932 58.964275759762245 158.44103053693632 16000.0 16600.0 2016.0 2 283 {-999.0 23.915567 20.535934 17.68039 -999.0} sdss_psfmag_ps1 21.725348 17.914312 16.323769 10.87 63050395644697659 1154114937 bright_1x1 mwm_galactic_core_dist_apogee_sparse mwm_galactic science 0 0 0.0 0.0 -999 ""
FIBERMAP 1107 R-13C5 BOSS 0 0 0 1 0 0 -35.24144052326617 -252.62223292572477 143.1 -138.48983860424786 -214.21954953167997 57.329918 47.103775 -999.0 -999.0 -999.0 -999.0 -999.0 281.8917940118739 3.4294221050481144 281.88438158145675 3.4672942960616204 58.961283581513214 158.44387239720663 -999.0 5400.0 -999.0 1 414 {-999.0 -999.0 -999.0 -999.0 -999.0} "" -999.0 -999.0 -999.0 -999.0 -999 -999 "" "" "" "" 0 0 0.0 0.0 -999 ""
FIBERMAP 1107 R-13C5 METROLOGY 0 0 0 1 0 0 -35.96097679548419 -252.45945919658993 143.1 -139.0736806202913 -213.768511069478 57.329918 47.103775 -999.0 -999.0 -999.0 -999.0 -999.0 281.88914023633913 3.431502434591929 281.8817335947903 3.469334237077707 58.96404139596967 158.44752257203146 -999.0 6231.0 -999.0 -1 -999 {-999.0 -999.0 -999.0 -999.0 -999.0} "" -999.0 -999.0 -999.0 -999.0 -999 -999 "" "" "" "" 0 0 0.0 0.0 -999 ""
FIBERMAP 1108 R-9C7 APOGEE 1 1 0 1 0 0 -51.453426960173005 -189.76725051352082 143.1 -126.6847199636667 -150.3851411229437 307.20065 97.522865 281.94420467327444 3.716494496450126 -1.7958677 -4.6835675 0.20094706 281.94420396026874 3.7164791725789175 281.9360937014114 3.7543119640781155 59.217958708581904 158.1744082749401 16000.0 16600.0 2016.0 2 178 {-999.0 20.915953 17.57881 14.483156 -999.0} sdss_psfmag_ps1 19.105135 14.553718 12.963285 7.845 63050395644733662 1154115392 bright_1x1 mwm_galactic_core_dist_apogee_sparse mwm_galactic science 0 0 0.0 0.0 -999 ""
FIBERMAP 1108 R-9C7 BOSS 0 0 0 1 0 0 -51.970697955526184 -190.30176290964624 143.1 -127.37919533621576 -150.65170729098293 307.20065 97.522865 -999.0 -999.0 -999.0 -999.0 -999.0 281.9410632501225 3.7151386626786675 281.93291852797364 3.7530791806194372 59.21778046639487 158.18104218722604 -999.0 5400.0 -999.0 1 390 {-999.0 -999.0 -999.0 -999.0 -999.0} "" -999.0 -999.0 -999.0 -999.0 -999 -999 "" "" "" "" 0 0 0.0 0.0 -999 ""
FIBERMAP 1108 R-9C7 METROLOGY 0 0 0 1 0 0 -52.168257340014875 -189.5790862722186 143.1 -127.25358727098875 -149.91306272277419 307.20065 97.522865 -999.0 -999.0 -999.0 -999.0 -999.0 281.94162114655205 3.7185129728628743 281.9334786003556 3.756421496288657 59.22077953604381 158.17795934993094 -999.0 6231.0 -999.0 -1 -999 {-999.0 -999.0 -999.0 -999.0 -999.0} "" -999.0 -999.0 -999.0 -999.0 -999 -999 "" "" "" "" 0 0 0.0 0.0 -999 ""
FIBERMAP 1109 R+8C19 APOGEE 1 1 0 1 0 0 215.86757027389982 142.10306426718395 143.1 255.6772844299196 37.82812442506163 5.2295275 60.768757 283.68331388876726 4.5651567095018715 -0.804022 -3.118993 0.03214451 283.68332585930125 4.565148496902238 283.6728960313122 4.60728118990435 59.43336515945971 154.41282281499656 16000.0 16600.0 2016.0 2 60 {-999.0 26.344805 21.256655 18.22646 -999.0} sdss_psfmag_ps1 21.704998 18.225718 16.57398 10.304 63050395645558309 1154124244 bright_1x1 mwm_galactic_core_dist_apogee_sparse mwm_galactic science 0 0 0.0 0.0 -999 ""
FIBERMAP 1109 R+8C19 BOSS 0 0 0 1 0 0 215.585168386876 141.40715298945736 143.1 255.12772842755766 37.316153834244275 5.2295275 60.768757 -999.0 -999.0 -999.0 -999.0 -999.0 283.68092117333026 4.562737443807666 283.6704535775316 4.604976807224561 59.432106040268316 154.4189318594672 -999.0 5400.0 -999.0 1 168 {-999.0 -999.0 -999.0 -999.0 -999.0} "" -999.0 -999.0 -999.0 -999.0 -999 -999 "" "" "" "" 0 0 0.0 0.0 -999 ""
FIBERMAP 1109 R+8C19 METROLOGY 0 0 0 1 0 0 215.1275287831459 142.00497484359752 143.1 254.96484032148632 38.05125600439304 5.2295275 60.768757 -999.0 -999.0 -999.0 -999.0 -999.0 283.6801820555147 4.566098983971734 283.6697185105776 4.608303933350142 59.435471470945366 154.41789042174443 -999.0 6231.0 -999.0 -1 -999 {-999.0 -999.0 -999.0 -999.0 -999.0} "" -999.0 -999.0 -999.0 -999.0 -999 -999 "" "" "" "" 0 0 0.0 0.0 -999 ""
FIBERMAP 1111 R+8C16 APOGEE 0 0 0 1 0 0 152.2719895515467 156.24502824793655 143.1 203.97175116531952 77.47091149245516 40.35592 74.30149 -999.0 -999.0 -999.0 -999.0 -999.0 283.4512139735589 4.746207272540924 283.44034576673323 4.787709064153421 59.68552359104518 154.71012040801352 -999.0 16600.0 -999.0 2 -999 {-999.0 -999.0 -999.0 -999.0 -999.0} "" -999.0 -999.0 -999.0 -999.0 -999 -999 "" "" "" "" 0 0 0.0 0.0 -999 ""
FIBERMAP 1111 R+8C16 BOSS 1 1 0 1 0 0 152.60358733575399 155.5828886499955 143.1 203.9932197128545 76.73063782252716 40.35592 74.30149 283.4513854980469 4.742760728067623 -999.0 -999.0 -999.0 283.4513918050616 4.742756913912583 283.4404891302182 4.784371256890875 59.68235867910544 154.7122400016419 5400.0 5400.0 2015.5 1 202 {-999.0 -999.0 -999.0 -999.0 -999.0} "" -999.0 -999.0 -999.0 -999.0 27021603150618647 812877170 "" ops_sky_boss_good ops_sky sky_boss 0 0 0.0 0.0 -999 ""
FIBERMAP 1111 R+8C16 METROLOGY 0 0 0 1 0 0 151.8518582017085 155.62846387222635 143.1 203.33076141880366 77.08897510902342 40.35592 74.30149 -999.0 -999.0 -999.0 -999.0 -999.0 283.4483844139625 4.744430107266888 283.4374900091717 4.786004828149144 59.68495963925018 154.71659645024218 -999.0 6231.0 -999.0 -1 -999 {-999.0 -999.0 -999.0 -999.0 -999.0} "" -999.0 -999.0 -999.0 -999.0 -999 -999 "" "" "" "" 0 0 0.0 0.0 -999 ""
FIBERMAP 1112 R-6C10 APOGEE 0 0 0 1 0 0 -26.37712992496925 -125.56306247946038 143.1 -76.8698851383956 -102.73879460475652 213.86526 145.02834 -999.0 -999.0 -999.0 -999.0 -999.0 282.1704724236806 3.931285243617743 282.1617930371069 3.9696579497590023 59.3507853806132 157.62259758720745 -999.0 16600.0 -999.0 2 -999 {-999.0 -999.0 -999.0 -999.0 -999.0} "" -999.0 -999.0 -999.0 -999.0 -999 -999 "" "" "" "" 0 0 0.0 0.0 -999 ""
FIBERMAP 1112 R-6C10 BOSS 1 1 0 1 0 0 -27.130333292978136 -125.55752424813146 143.1 -77.55056414747331 -102.41614168329995 213.86526 145.02834 282.1673583984375 3.932613278305766 -999.0 -999.0 -999.0 282.16737812724085 3.9326025187880043 282.1586567700339 3.971081618076058 59.35313767591926 157.62751458285985 5400.0 5400.0 2015.5 1 367 {-999.0 -999.0 -999.0 -999.0 -999.0} "" -999.0 -999.0 -999.0 -999.0 27021603150593786 852915343 "" ops_sky_boss_fallback ops_sky sky_boss 0 0 0.0 0.0 -999 ""
FIBERMAP 1112 R-6C10 METROLOGY 0 0 0 1 0 0 -26.752850827986023 -124.91847285532108 143.1 -76.9387660371216 -101.995828469648 213.86526 145.02834 -999.0 -999.0 -999.0 -999.0 -999.0 282.17016126155437 3.9345416460065197 282.1614457209825 3.9729950360212016 59.354057157838476 157.62114052966643 -999.0 6231.0 -999.0 -1 -999 {-999.0 -999.0 -999.0 -999.0 -999.0} "" -999.0 -999.0 -999.0 -999.0 -999 -999 "" "" "" "" 0 0 0.0 0.0 -999 ""
FIBERMAP 1113 R-3C16 APOGEE 1 1 0 1 0 0 68.20028765737486 -50.65662829768009 143.1 40.4826682944984 -74.69659008112849 139.84738 119.71389 282.706088923378 4.057258146282341 -3.1635818 -6.3281364 0.1724199 282.70607826835675 4.0572446293377515 282.69702682132635 4.096970226780361 59.295821506790176 156.5521708724281 16000.0 16600.0 2016.0 2 235 {-999.0 24.60485 20.75048 17.691124 -999.0} sdss_psfmag_ps1 21.58223 17.98071 16.327616 10.801 63050395645504279 1154123078 bright_1x1 mwm_galactic_core_dist_apogee_sparse mwm_galactic science 0 0 0.0 0.0 -999 ""
FIBERMAP 1113 R-3C16 BOSS 0 0 0 1 0 0 68.32629846051162 -49.92755364497623 143.1 40.90439205917636 -74.08859537266714 139.84738 119.71389 -999.0 -999.0 -999.0 -999.0 -999.0 282.7080732383658 4.059853384369208 282.69897417486584 4.099697845978084 59.297739389010296 156.5467949568413 -999.0 5400.0 -999.0 1 282 {-999.0 -999.0 -999.0 -999.0 -999.0} "" -999.0 -999.0 -999.0 -999.0 -999 -999 "" "" "" "" 0 0 0.0 0.0 -999 ""
FIBERMAP 1113 R-3C16 METROLOGY 0 0 0 1 0 0 68.89778709448603 -50.3954210536543 143.1 41.22532257136988 -74.75386405748117 139.84738 119.71389 -999.0 -999.0 -999.0 -999.0 -999.0 282.7095122272052 4.056863369055101 282.7004321771421 4.096679758335057 59.2944083073956 156.5460951983979 -999.0 6231.0 -999.0 -1 -999 {-999.0 -999.0 -999.0 -999.0 -999.0} "" -999.0 -999.0 -999.0 -999.0 -999 -999 "" "" "" "" 0 0 0.0 0.0 -999 ""
FIBERMAP 1114 R-8C15 APOGEE 1 1 0 1 0 0 101.99597262039835 -160.3079930234278 143.1 24.888333800397884 -188.3817214018959 188.73535 133.6864 282.6332011961115 3.542226155870166 1.1291405 -2.9490185 0.4214829 282.63320280192397 3.5422059039013862 282.6254658911395 3.581847494216694 58.83367452190379 157.01607725255965 16000.0 16600.0 2016.0 2 203 {-999.0 21.779688 17.911774 15.494253 -999.0} sdss_psfmag_ps1 19.415745 15.797748 14.2546625 9.197 63050395644109177 1154111748 bright_1x1 mwm_galactic_core_dist_apogee_sparse mwm_galactic science 0 0 0.0 0.0 -999 ""
FIBERMAP 1114 R-8C15 BOSS 0 0 0 1 0 0 101.40342708132945 -159.8829028545648 143.1 24.53026917384552 -187.746363834763 188.73535 133.6864 -999.0 -999.0 -999.0 -999.0 -999.0 282.6316317720746 3.544903499543708 282.6238474637587 3.584657147885269 58.83685916877001 157.01723868946826 -999.0 5400.0 -999.0 1 318 {-999.0 -999.0 -999.0 -999.0 -999.0} "" -999.0 -999.0 -999.0 -999.0 -999 -999 "" "" "" "" 0 0 0.0 0.0 -999 ""
FIBERMAP 1114 R-8C15 METROLOGY 0 0 0 1 0 0 102.07896251151568 -159.56691153312494 143.1 25.27610900970198 -187.7446965387093 188.73535 133.6864 -999.0 -999.0 -999.0 -999.0 -999.0 282.63501152295623 3.544948409703398 282.6272382859447 3.5846776874854607 58.8357651289444 157.01105003524174 -999.0 6231.0 -999.0 -1 -999 {-999.0 -999.0 -999.0 -999.0 -999.0} "" -999.0 -999.0 -999.0 -999.0 -999 -999 "" "" "" "" 0 0 0.0 0.0 -999 ""
FIBERMAP 1115 R-5C21 APOGEE 0 0 0 1 0 0 213.66559872616224 -77.90394939050748 143.1 160.902113013557 -160.74848405818665 130.76715 64.007195 -999.0 -999.0 -999.0 -999.0 -999.0 283.25113292837653 3.6669458099534724 283.2430175611455 3.7081501373861707 58.74481045606423 155.8141721772022 -999.0 16600.0 -999.0 2 -999 {-999.0 -999.0 -999.0 -999.0 -999.0} "" -999.0 -999.0 -999.0 -999.0 -999 -999 "" "" "" "" 0 0 0.0 0.0 -999 ""
FIBERMAP 1115 R-5C21 BOSS 1 1 0 1 0 0 214.35960591033518 -77.68746276333741 143.1 161.62274149412872 -160.84483856014376 130.76715 64.007195 283.2544260084045 3.6664431180240444 3.5617068 -16.297642 3.782021 283.2544526472906 3.6663755942048937 283.24629549208 3.7077049083277847 58.74326321312115 155.80855182286635 5400.0 5400.0 2016.0 1 321 {-999.0 15.797372 14.451745 14.073527 -999.0} sdss_psfmag_ps1 15.222864 14.448802 13.597131 11.864 63050395645269021 980524708 "" ops_std_boss_tic ops_std standard_boss 0 0 0.0 0.0 -999 ""
FIBERMAP 1115 R-5C21 METROLOGY 0 0 0 1 0 0 214.20561054069128 -78.41877870268856 143.1 161.17469579880043 -161.44306442165538 130.76715 64.007195 -999.0 -999.0 -999.0 -999.0 -999.0 283.25238690238444 3.66371340019586 283.2442488526959 3.7050049856352474 58.741434484573865 155.81404233634245 -999.0 6231.0 -999.0 -1 -999 {-999.0 -999.0 -999.0 -999.0 -999.0} "" -999.0 -999.0 -999.0 -999.0 -999 -999 "" "" "" "" 0 0 0.0 0.0 -999 ""
FIBERMAP 1118 R-13C4 APOGEE 1 1 0 1 0 0 -71.74434709456376 -268.49206748881136 143.1 -178.28355747316098 -213.21700573833803 323.35983 80.971016 281.71242123610836 3.435705309532424 -0.9351129 -0.7249989 0.06234782 281.7124435514999 3.43570631506636 281.7050717655011 3.4729979908459394 59.02170866046461 158.771086574016 16000.0 16600.0 2016.0 2 279 {-999.0 21.425077 17.674683 15.385103 -999.0} sdss_psfmag_ps1 19.103472 15.816226 14.290786 9.398 63050395644715151 1154115660 bright_1x1 mwm_galactic_core_dist_apogee_sparse mwm_galactic science 0 0 0.0 0.0 -999 ""
FIBERMAP 1118 R-13C4 BOSS 0 0 0 1 0 0 -72.24951590115998 -269.0255321655431 143.1 -178.96661659492173 -213.48772539301163 323.35983 80.971016 -999.0 -999.0 -999.0 -999.0 -999.0 281.70942219150095 3.43441370291964 281.7020165467871 3.471814628612449 59.02151179845548 158.77743033527196 -999.0 5400.0 -999.0 1 413 {-999.0 -999.0 -999.0 -999.0 -999.0} "" -999.0 -999.0 -999.0 -999.0 -999 -999 "" "" "" "" 0 0 0.0 0.0 -999 ""
FIBERMAP 1118 R-13C4 METROLOGY 0 0 0 1 0 0 -72.4671303758723 -268.31470319932845 143.1 -178.86419098424025 -212.75136708309594 323.35983 80.971016 -999.0 -999.0 -999.0 -999.0 -999.0 281.7098492735387 3.4377371759976487 281.7024457375175 3.4751054294884476 59.02451518032211 158.77468774600976 -999.0 6231.0 -999.0 -1 -999 {-999.0 -999.0 -999.0 -999.0 -999.0} "" -999.0 -999.0 -999.0 -999.0 -999 -999 "" "" "" "" 0 0 0.0 0.0 -999 ""
FIBERMAP 1121 R-3C7 APOGEE 1 1 0 1 0 0 -117.71718619795548 -79.54244137231508 143.1 -140.29102824193197 -22.488003941175496 358.41528 23.610893 281.88209138211636 4.296974759597919 -3.5763392 -6.388003 0.08700129 281.8821458185827 4.296956517109721 281.8725624798872 4.334514095767012 59.7885796712121 157.93272401516552 16000.0 16600.0 2016.0 2 254 {-999.0 21.659033 18.21514 15.998378 -999.0} sdss_psfmag_ps1 19.657715 16.528849 15.030413 10.516 63050395645584353 1154124821 bright_1x1 mwm_galactic_core_dist_apogee_sparse mwm_galactic science 0 0 0.0 0.0 -999 ""
FIBERMAP 1121 R-3C7 BOSS 0 0 0 1 0 0 -118.41066678858542 -79.80211294294568 143.1 -141.02939057353532 -22.43103217022587 358.41528 23.610893 -999.0 -999.0 -999.0 -999.0 -999.0 281.87877285723147 4.2971015987592445 281.86915168866295 4.334763264390856 59.78989338269956 157.93897810796952 -999.0 5400.0 -999.0 1 468 {-999.0 -999.0 -999.0 -999.0 -999.0} "" -999.0 -999.0 -999.0 -999.0 -999 -999 "" "" "" "" 0 0 0.0 0.0 -999 ""
FIBERMAP 1121 R-3C7 METROLOGY 0 0 0 1 0 0 -118.29843413197719 -79.06871789103117 143.1 -140.61833906905153 -21.813309333680298 358.41528 23.610893 -999.0 -999.0 -999.0 -999.0 -999.0 281.880643299278 4.299939973426394 281.87102541716985 4.337573920811209 59.79196744743167 157.93368654363803 -999.0 6231.0 -999.0 -1 -999 {-999.0 -999.0 -999.0 -999.0 -999.0} "" -999.0 -999.0 -999.0 -999.0 -999 -999 "" "" "" "" 0 0 0.0 0.0 -999 ""
FIBERMAP 1125 R0C22 APOGEE 0 0 0 1 0 0 189.72476773948515 -7.568870724316517 143.1 168.85302131531526 -86.87172375319497 323.8863 119.38924 -999.0 -999.0 -999.0 -999.0 -999.0 283.2896673965775 4.001047881200595 283.2807024465314 4.04228379061162 59.045094646979514 155.52131859645974 -999.0 16600.0 -999.0 2 -999 {-999.0 -999.0 -999.0 -999.0 -999.0} "" -999.0 -999.0 -999.0 -999.0 -999 -999 "" "" "" "" 0 0 0.0 0.0 -999 ""
FIBERMAP 1125 R0C22 BOSS 1 1 0 1 0 0 189.63607810938075 -8.305600586975412 143.1 168.46191261908183 -87.50239888719865 323.8863 119.38924 283.2879638671875 3.9980483229591215 -999.0 -999.0 -999.0 283.28796855999343 3.998050365543567 283.2789684719064 4.039397320971769 59.04299404517553 155.52642934607562 5400.0 5400.0 2015.5 1 244 {-999.0 -999.0 -999.0 -999.0 -999.0} "" -999.0 -999.0 -999.0 -999.0 27021603150604164 852919541 "" ops_sky_boss_fallback ops_sky sky_boss 0 0 0.0 0.0 -999 ""
FIBERMAP 1125 R0C22 METROLOGY 0 0 0 1 0 0 189.03928927168178 -7.863457300198286 143.1 168.10719152592088 -86.84978790629145 323.8863 119.38924 -999.0 -999.0 -999.0 -999.0 -999.0 283.2863615890518 4.001047178031705 283.2773662262803 4.042356862309778 59.04632539981321 155.52733164746496 -999.0 6231.0 -999.0 -1 -999 {-999.0 -999.0 -999.0 -999.0 -999.0} "" -999.0 -999.0 -999.0 -999.0 -999 -999 "" "" "" "" 0 0 0.0 0.0 -999 ""
FIBERMAP 1126 R+3C12 APOGEE 1 1 0 1 0 0 7.1810641731911815 58.425141116630435 143.1 31.150145279688175 49.952368954211835 40.191536 70.87268 282.66508909123695 4.62501824231156 -3.792836 -3.692923 -0.3136703 282.66508110441146 4.624990793524929 282.6545902622421 4.664498367735709 59.84431545131167 156.25251347127897 16000.0 16600.0 2016.0 2 14 {-999.0 22.456663 18.643223 16.032663 -999.0} sdss_psfmag_ps1 20.306631 16.30596 14.733166 9.322 63050395645547892 1154123886 bright_1x1 mwm_galactic_core_dist_apogee_sparse mwm_galactic science 0 0 0.0 0.0 -999 ""
FIBERMAP 1126 R+3C12 BOSS 0 0 0 1 0 0 7.455170028307851 57.746377700703114 143.1 31.112469032601748 49.22126531414045 40.191536 70.87268 -999.0 -999.0 -999.0 -999.0 -999.0 282.6649581075651 4.621577947648024 282.6544355072008 4.66119750359584 59.841263321661124 156.2550344818022 -999.0 5400.0 -999.0 1 114 {-999.0 -999.0 -999.0 -999.0 -999.0} "" -999.0 -999.0 -999.0 -999.0 -999 -999 "" "" "" "" 0 0 0.0 0.0 -999 ""
FIBERMAP 1126 R+3C12 METROLOGY 0 0 0 1 0 0 6.7183399317405375 57.841471940204656 143.1 30.484403870830995 49.61822406197815 40.191536 70.87268 -999.0 -999.0 -999.0 -999.0 -999.0 282.66207830364993 4.623420737846838 282.65156274403245 4.663000888230284 59.8439320943159 156.2591756084145 -999.0 6231.0 -999.0 -1 -999 {-999.0 -999.0 -999.0 -999.0 -999.0} "" -999.0 -999.0 -999.0 -999.0 -999 -999 "" "" "" "" 0 0 0.0 0.0 -999 ""
FIBERMAP 1127 R-13C6 APOGEE 1 1 0 1 0 0 -28.588456358028054 -231.92217269651934 143.1 -123.72747619579505 -198.2540751378058 137.3024 41.63925 281.9582408305734 3.5006650323277264 -2.1801353 -5.0042415 0.061781302 281.9581950998739 3.5006747764985158 281.9506326528363 3.5385868877588784 59.008505947278614 158.27890263631795 16000.0 16600.0 2016.0 2 274 {-999.0 28.312155 21.478203 17.922827 -999.0} sdss_psfmag_ps1 20.11325 17.586988 15.927423 10.007 63050395644698309 1154114883 bright_1x1 mwm_galactic_core_dist_apogee_sparse mwm_galactic science 0 0 0.0 0.0 -999 ""
FIBERMAP 1127 R-13C6 BOSS 0 0 0 1 0 0 -27.838615550078167 -231.9529729741277 143.1 -123.06049956948337 -198.59821799472357 137.3024 41.63925 -999.0 -999.0 -999.0 -999.0 -999.0 281.9612386892653 3.4989617740951733 281.95364195161164 3.536998650501222 59.006060310466424 158.27432229845502 -999.0 5400.0 -999.0 1 415 {-999.0 -999.0 -999.0 -999.0 -999.0} "" -999.0 -999.0 -999.0 -999.0 -999 -999 "" "" "" "" 0 0 0.0 0.0 -999 ""
FIBERMAP 1127 R-13C6 METROLOGY 0 0 0 1 0 0 -28.23443283142567 -232.5893300570806 143.1 -123.68778771943612 -199.0083560616246 137.3024 41.63925 -999.0 -999.0 -999.0 -999.0 -999.0 281.95840002971033 3.4971790113924066 281.95081899002565 3.5351758994113545 59.0052069992398 158.28062474833965 -999.0 6231.0 -999.0 -1 -999 {-999.0 -999.0 -999.0 -999.0 -999.0} "" -999.0 -999.0 -999.0 -999.0 -999 -999 "" "" "" "" 0 0 0.0 0.0 -999 ""
FIBERMAP 1129 R-8C8 APOGEE 0 0 0 1 0 0 -36.671662315060594 -147.74574355611267 143.1 -95.55968128943232 -118.51306400192311 27.050869 132.6813 -999.0 -999.0 -999.0 -999.0 -999.0 282.0853905644132 3.860047526382681 282.0769008242966 3.898215344104885 59.31014749182033 157.82468035576943 -999.0 16600.0 -999.0 2 -999 {-999.0 -999.0 -999.0 -999.0 -999.0} "" -999.0 -999.0 -999.0 -999.0 -999 -999 "" "" "" "" 0 0 0.0 0.0 -999 ""
FIBERMAP 1129 R-8C8 BOSS 1 1 0 1 0 0 -35.971749823120085 -147.99536618889698 143.1 -95.03025912031723 -119.0345826924339 27.050869 132.6813 282.08780266854365 3.8575148536604913 0.44827414 -4.4204464 0.6012648 282.0878014035252 3.857513025838791 282.0792792129925 3.895802500717202 59.3071051007816 157.82177686012196 5400.0 5400.0 2016.0 1 389 {-999.0 17.695286 15.466722 14.40282 -999.0} sdss_psfmag_ps1 16.582829 14.895105 13.652428 10.666 63050395644740488 934470680 bright_1x1 openfibertargets_nov2020_34a open_fiber science 0 0 0.0 0.0 -999 ""
FIBERMAP 1129 R-8C8 METROLOGY 0 0 0 1 0 0 -36.54425272729706 -148.4808821671635 143.1 -95.75415738975686 -119.2334266206992 27.050869 132.6813 -999.0 -999.0 -999.0 -999.0 -999.0 282.0845050129836 3.856666643964913 282.07599626662545 3.894915226307252 59.307305853942395 157.82841329985766 -999.0 6231.0 -999.0 -1 -999 {-999.0 -999.0 -999.0 -999.0 -999.0} "" -999.0 -999.0 -999.0 -999.0 -999 -999 "" "" "" "" 0 0 0.0 0.0 -999 ""
FIBERMAP 1130 R-3C13 APOGEE 1 1 0 1 0 0 17.731290224563026 -76.33674115569767 143.1 -16.112740149049454 -76.70054125387033 335.56326 64.45361 282.4477034113438 4.048772138417208 -2.986333 -5.6051707 0.0073847123 282.4477264225392 4.048769384118304 282.4387213219315 4.087832254274267 59.37279181013206 157.0345983415336 16000.0 16600.0 2016.0 2 174 {-999.0 22.889826 18.574192 15.722241 -999.0} sdss_psfmag_ps1 20.131365 15.964278 14.361318 8.874 63050395645518599 1154123709 bright_1x1 mwm_galactic_core_dist_apogee_sparse mwm_galactic science 0 0 0.0 0.0 -999 ""
FIBERMAP 1130 R-3C13 BOSS 0 0 0 1 0 0 17.159923498929192 -76.80594875045648 143.1 -16.82873076526017 -76.8850756637903 335.56326 64.45361 -999.0 -999.0 -999.0 -999.0 -999.0 282.4444870932517 4.047784430344233 282.43544494243275 4.086953362819715 59.37303661526157 157.04122374304276 -999.0 5400.0 -999.0 1 364 {-999.0 -999.0 -999.0 -999.0 -999.0} "" -999.0 -999.0 -999.0 -999.0 -999 -999 "" "" "" "" 0 0 0.0 0.0 -999 ""
FIBERMAP 1130 R-3C13 METROLOGY 0 0 0 1 0 0 17.035878336926352 -76.06993973923312 143.1 -16.63083670687266 -76.16534255525205 335.56326 64.45361 -999.0 -999.0 -999.0 -999.0 -999.0 282.4453881490431 4.051096067045507 282.4363487877665 4.0902342837769305 59.37583855641304 157.037434422597 -999.0 6231.0 -999.0 -1 -999 {-999.0 -999.0 -999.0 -999.0 -999.0} "" -999.0 -999.0 -999.0 -999.0 -999 -999 "" "" "" "" 0 0 0.0 0.0 -999 ""
FIBERMAP 1131 R-8C19 APOGEE 1 1 0 1 0 0 212.63552071255884 -159.98212189485204 143.1 125.35512333279688 -234.7436376459636 329.93985 124.24427 283.0874362401136 3.3343446161884653 -0.34488714 -16.332502 2.8610475 283.08742482331536 3.3342976487885583 283.08016796557934 3.3751490234945325 58.48739917592043 156.32601220819313 16000.0 16600.0 2016.0 2 185 {-999.0 10.788021 10.603444 10.577198 -999.0} sdss_psfmag_from_g3xp 10.797095 10.5959015 10.253238 9.71 63050395645247987 975057002 "" ops_std_apogee ops_std standard_apogee 0 0 0.0 0.0 -999 ""
FIBERMAP 1131 R-8C19 BOSS 0 0 0 1 0 0 212.703762939997 -160.72715150146792 143.1 125.1028224104324 -235.44801828447495 329.93985 124.24427 -999.0 -999.0 -999.0 -999.0 -999.0 283.08630010956426 3.331022860436488 283.0790092308345 3.371989870840116 58.48481738191579 156.33013879577004 -999.0 5400.0 -999.0 1 331 {-999.0 -999.0 -999.0 -999.0 -999.0} "" -999.0 -999.0 -999.0 -999.0 -999 -999 "" "" "" "" 0 0 0.0 0.0 -999 ""
FIBERMAP 1131 R-8C19 METROLOGY 0 0 0 1 0 0 212.02842472531697 -160.43218801877757 143.1 124.61480504519632 -234.8957470604522 329.93985 124.24427 -999.0 -999.0 -999.0 -999.0 -999.0 283.0841076910854 3.3335187720802217 283.07682275375856 3.3744462326446447 58.487867128404645 156.33247947018722 -999.0 6231.0 -999.0 -1 -999 {-999.0 -999.0 -999.0 -999.0 -999.0} "" -999.0 -999.0 -999.0 -999.0 -999 -999 "" "" "" "" 0 0 0.0 0.0 -999 ""
FIBERMAP 1132 R+2C1 APOGEE 1 1 0 1 0 0 -254.85715654224 34.804961655125815 143.1 -216.4302730498033 139.03651583631148 356.2362 107.70709 281.54050149191147 5.029028123489119 3.42757 -8.325321 3.7991095 281.54050200544367 5.0289731595447815 281.5290791847795 5.065507228385971 60.59026133947873 158.1219143641848 16000.0 16600.0 2016.0 2 145 {-999.0 9.670343 9.385297 9.259658 -999.0} sdss_psfmag_from_g3xp 9.6365795 9.379169 8.931606 8.307 63050395648592216 975057367 "" ops_std_apogee ops_std standard_apogee 0 0 0.0 0.0 -999 ""
FIBERMAP 1132 R+2C1 BOSS 0 0 0 1 0 0 -254.70889317755837 34.095400024506276 143.1 -216.59505269678982 138.33055257890047 356.2362 107.70709 -999.0 -999.0 -999.0 -999.0 -999.0 281.5397590420074 5.025686800333979 281.528308338169 5.062328901670747 60.58748585400532 158.12543438697315 -999.0 5400.0 -999.0 1 4 {-999.0 -999.0 -999.0 -999.0 -999.0} "" -999.0 -999.0 -999.0 -999.0 -999 -999 "" "" "" "" 0 0 0.0 0.0 -999 ""
FIBERMAP 1132 R+2C1 METROLOGY 0 0 0 1 0 0 -255.421831965678 34.30287871928215 143.1 -217.1540596531332 138.81934787771308 356.2362 107.70709 -999.0 -999.0 -999.0 -999.0 -999.0 281.5372572703306 5.027903862840095 281.5258114193299 5.06450810093197 60.5903366850693 158.1288465572273 -999.0 6231.0 -999.0 -1 -999 {-999.0 -999.0 -999.0 -999.0 -999.0} "" -999.0 -999.0 -999.0 -999.0 -999 -999 "" "" "" "" 0 0 0.0 0.0 -999 ""
FIBERMAP 1135 R-2C11 APOGEE 1 1 0 1 0 0 -38.7675884438176 -22.691294614088463 143.1 -44.724015843092275 -4.228212916123122 100.57954 81.62065 282.3177910368886 4.379109588287849 0.23917484 -1.2429597 0.29544407 282.3177981801186 4.379087371922429 282.30796488021036 4.417750389800516 59.727240667088026 157.06354268220014 16000.0 16600.0 2016.0 2 268 {-999.0 18.425606 15.173111 13.752285 -999.0} sdss_psfmag_ps1 16.52565 13.465947 11.991488 7.525 63050395645533173 1154123946 bright_1x1 mwm_galactic_core_dist_apogee_sparse mwm_galactic science 0 0 0.0 0.0 -999 ""
FIBERMAP 1135 R-2C11 BOSS 0 0 0 1 0 0 -38.03193510080636 -22.63964193169232 143.1 -44.035133640754474 -4.491603420020839 100.57954 81.62065 -999.0 -999.0 -999.0 -999.0 -999.0 282.3209557403768 4.377764999428126 282.3110861996785 4.416549013643498 59.72508308768555 157.05849598308774 -999.0 5400.0 -999.0 1 448 {-999.0 -999.0 -999.0 -999.0 -999.0} "" -999.0 -999.0 -999.0 -999.0 -999 -999 "" "" "" "" 0 0 0.0 0.0 -999 ""
FIBERMAP 1135 R-2C11 METROLOGY 0 0 0 1 0 0 -38.355408430061125 -23.31570631045988 143.1 -44.61356418906686 -4.96825649161856 100.57954 81.62065 -999.0 -999.0 -999.0 -999.0 -999.0 282.31830261905196 4.375632058255891 282.3084499031613 4.41437776106221 59.72389646402341 157.0648354795289 -999.0 6231.0 -999.0 -1 -999 {-999.0 -999.0 -999.0 -999.0 -999.0} "" -999.0 -999.0 -999.0 -999.0 -999 -999 "" "" "" "" 0 0 0.0 0.0 -999 ""
FIBERMAP 1137 R-1C6 APOGEE 0 0 0 1 0 0 -175.23504236388342 -33.225910765082524 143.1 -172.91697759675372 43.768078479929024 258.99564 100.01282 -999.0 -999.0 -999.0 -999.0 -999.0 281.73471130741905 4.5982697405751125 281.72437254400216 4.635388215307645 60.12073434317046 158.02258952166665 -999.0 16600.0 -999.0 2 -999 {-999.0 -999.0 -999.0 -999.0 -999.0} "" -999.0 -999.0 -999.0 -999.0 -999 -999 "" "" "" "" 0 0 0.0 0.0 -999 ""
FIBERMAP 1137 R-1C6 BOSS 1 1 0 1 0 0 -175.97429938291953 -33.221402577933176 143.1 -173.5854442532772 44.08391607756244 258.99564 100.01282 281.7316603983094 4.5996283616756335 0.006513514 -6.8161225 1.5395573 281.73167110985713 4.5996058946484615 281.7212920477079 4.636827618890252 60.123069443528905 158.02752571119973 5400.0 5400.0 2016.0 1 484 {-999.0 15.876389 14.925326 14.4802 -999.0} sdss_psfmag_ps1 15.55273 14.850779 14.022178 12.358 63050395645646767 981897832 "" ops_std_boss_tic ops_std standard_boss 0 0 0.0 0.0 -999 ""
FIBERMAP 1137 R-1C6 METROLOGY 0 0 0 1 0 0 -175.60116675655794 -32.57582237909142 143.1 -172.9748373924688 44.51198405200604 258.99564 100.01282 -999.0 -999.0 -999.0 -999.0 -999.0 281.73444243569764 4.601578757145869 281.7240686069937 4.638775676175726 60.12404417480889 158.02101951034751 -999.0 6231.0 -999.0 -1 -999 {-999.0 -999.0 -999.0 -999.0 -999.0} "" -999.0 -999.0 -999.0 -999.0 -999 -999 "" "" "" "" 0 0 0.0 0.0 -999 ""
FIBERMAP 1140 R-5C12 APOGEE 1 1 0 1 0 0 15.800704126552397 -115.7771624985902 143.1 -34.49570388944626 -111.65148265491297 328.634 64.00238 282.3635505230181 3.8901714008370187 -0.3019315 -2.702219 0.23875204 282.3635494932619 3.8901707117133144 282.35495579123597 3.929048638401655 59.250083372327246 157.29109717634233 16000.0 16600.0 2016.0 2 159 {-999.0 19.496044 16.262741 14.609019 -999.0} sdss_psfmag_ps1 17.590971 15.090007 13.68421 9.624 63050395645501181 1154123228 bright_1x1 mwm_galactic_core_dist_apogee_sparse mwm_galactic science 0 0 0.0 0.0 -999 ""
FIBERMAP 1140 R-5C12 BOSS 0 0 0 1 0 0 15.17424208083371 -116.17685545419661 143.1 -35.232340874127914 -111.74974623802332 328.634 64.00238 -999.0 -999.0 -999.0 -999.0 -999.0 282.3602131447122 3.8895692136715665 282.35158167758914 3.928553579476466 59.250710407960035 157.29763775800603 -999.0 5400.0 -999.0 1 387 {-999.0 -999.0 -999.0 -999.0 -999.0} "" -999.0 -999.0 -999.0 -999.0 -999 -999 "" "" "" "" 0 0 0.0 0.0 -999 ""
FIBERMAP 1140 R-5C12 METROLOGY 0 0 0 1 0 0 15.127025719307436 -115.43242895792048 143.1 -34.96122776125538 -111.0547792527819 328.634 64.00238 -999.0 -999.0 -999.0 -999.0 -999.0 282.36144634502483 3.892762748614106 282.35281786379403 3.9317170765349903 59.25330059584148 157.29334375905268 -999.0 6231.0 -999.0 -1 -999 {-999.0 -999.0 -999.0 -999.0 -999.0} "" -999.0 -999.0 -999.0 -999.0 -999 -999 "" "" "" "" 0 0 0.0 0.0 -999 ""
FIBERMAP 1143 R-2C5 APOGEE 1 1 0 1 0 0 -174.53112690412163 -48.47616582979798 143.1 -178.70979019990548 29.64210497352898 275.90973 136.9413 281.7083110230937 4.534145261645725 -1.9687235 -2.0159144 0.314894 281.7083047791235 4.534130732896038 281.69813225072306 4.57119373115072 60.06805136429327 158.11294865330453 16000.0 16600.0 2016.0 2 249 {-999.0 16.632303 14.1451235 14.021713 -999.0} sdss_psfmag_ps1 15.292716 13.577099 12.340613 9.051 63050395645604642 1154124831 bright_1x1 mwm_galactic_core_dist_apogee_sparse mwm_galactic science 0 0 0.0 0.0 -999 ""
FIBERMAP 1143 R-2C5 BOSS 0 0 0 1 0 0 -174.9705629002644 -49.076353724474004 143.1 -179.3613795793258 29.283159889561446 275.90973 136.9413 -999.0 -999.0 -999.0 -999.0 -999.0 281.7053339436273 4.53239908008862 281.6951290201021 4.5695664075229985 60.06744783198613 158.11966945081636 -999.0 5400.0 -999.0 1 473 {-999.0 -999.0 -999.0 -999.0 -999.0} "" -999.0 -999.0 -999.0 -999.0 -999 -999 "" "" "" "" 0 0 0.0 0.0 -999 ""
FIBERMAP 1143 R-2C5 METROLOGY 0 0 0 1 0 0 -175.27756781872407 -48.389290024510714 143.1 -179.35003634269373 30.035664084110692 275.90973 136.9413 -999.0 -999.0 -999.0 -999.0 -999.0 281.7053939286982 4.535846265043265 281.69519070685953 4.572981420442679 60.07067035543826 158.11740070137898 -999.0 6231.0 -999.0 -1 -999 {-999.0 -999.0 -999.0 -999.0 -999.0} "" -999.0 -999.0 -999.0 -999.0 -999 -999 "" "" "" "" 0 0 0.0 0.0 -999 ""
FIBERMAP 1144 R+12C1 APOGEE 1 1 0 1 0 0 -155.09145984114477 213.2191867499434 143.1 -50.7230094947387 258.75298741552325 320.01477 63.300896 282.294617672718 5.5690739428669005 -3.927021 -5.4960346 0.07620886 282.294605121384 5.569069416268414 282.28173782357453 5.607440511312109 60.85732948635808 156.3112533404522 16000.0 16600.0 2016.0 2 129 {-999.0 22.010225 18.591455 16.312197 -999.0} sdss_psfmag_ps1 20.02449 16.82111 15.324823 10.654 63050395645778817 1156796549 bright_1x1 mwm_galactic_core_dist_apogee_extra mwm_galactic science 0 0 0.0 0.0 -999 ""
FIBERMAP 1144 R+12C1 BOSS 0 0 0 1 0 0 -155.77433177830054 212.97364936873063 143.1 -51.445791282668935 258.8183025130337 320.01477 63.300896 -999.0 -999.0 -999.0 -999.0 -999.0 282.29136007986 5.569260371148824 282.27845371622044 5.607730210164957 60.858711352492435 156.31736459232323 -999.0 5400.0 -999.0 1 8 {-999.0 -999.0 -999.0 -999.0 -999.0} "" -999.0 -999.0 -999.0 -999.0 -999 -999 "" "" "" "" 0 0 0.0 0.0 -999 ""
FIBERMAP 1144 R+12C1 METROLOGY 0 0 0 1 0 0 -155.65835562786583 213.69957489377128 143.1 -51.03449507804771 259.42767323057456 320.01477 63.300896 -999.0 -999.0 -999.0 -999.0 -999.0 282.293232397122 5.572003559542816 282.28032987263566 5.610447317763996 60.86063340496833 156.31186389198032 -999.0 6231.0 -999.0 -1 -999 {-999.0 -999.0 -999.0 -999.0 -999.0} "" -999.0 -999.0 -999.0 -999.0 -999 -999 "" "" "" "" 0 0 0.0 0.0 -999 ""
FIBERMAP 1148 R0C11 APOGEE 1 1 0 1 0 0 -89.6502733276299 -0.6388470921131213 143.1 -81.56542878590105 37.22679129010023 261.25778 12.593433 282.1500743506524 4.568341668958221 -2.0458076 -4.019667 -0.027387885 282.15007832678157 4.568202697230116 282.13977854513035 4.606396798879681 59.96038517535426 157.2559512126029 16000.0 16600.0 2016.0 2 285 {-999.0 21.444244 18.148579 16.019903 -999.0} sdss_psfmag_ps1 19.63513 16.493078 15.003633 10.555 63050395645595706 1154124759 bright_1x1 mwm_galactic_core_dist_apogee_sparse mwm_galactic science 0 0 0.0 0.0 -999 ""
FIBERMAP 1148 R0C11 BOSS 0 0 0 1 0 0 -89.70610353270335 0.10079105601472055 143.1 -81.30414609502942 37.92104865366306 261.25778 12.593433 -999.0 -999.0 -999.0 -999.0 -999.0 282.1512756568392 4.571268357397715 282.1409292984967 4.609576581641107 59.96301690762131 157.2517131523597 -999.0 5400.0 -999.0 1 431 {-999.0 -999.0 -999.0 -999.0 -999.0} "" -999.0 -999.0 -999.0 -999.0 -999 -999 "" "" "" "" 0 0 0.0 0.0 -999 ""
FIBERMAP 1148 R0C11 METROLOGY 0 0 0 1 0 0 -89.0336924087575 -0.2209583242036956 143.1 -80.83007884139445 37.34572200597573 261.25778 12.593433 -999.0 -999.0 -999.0 -999.0 -999.0 282.15342835230604 4.5686742566059975 282.14309936002536 4.6069569024212536 59.95983490482436 157.24933571658934 -999.0 6231.0 -999.0 -1 -999 {-999.0 -999.0 -999.0 -999.0 -999.0} "" -999.0 -999.0 -999.0 -999.0 -999 -999 "" "" "" "" 0 0 0.0 0.0 -999 ""
FIBERMAP 1149 R-5C9 APOGEE 1 1 0 1 0 0 -72.67988978540697 -107.76072016425655 143.1 -111.3504602052463 -67.06922486186724 261.03708 59.022694 282.01357850102744 4.0939250420579905 -2.5755556 -7.203595 -0.1456054 282.0135799663694 4.0938840855377485 282.0045017734157 4.1318204162077565 59.55459116657028 157.81312423990744 16000.0 16600.0 2016.0 2 284 {-999.0 23.026022 19.20642 16.640497 -999.0} sdss_psfmag_ps1 20.708899 16.981531 15.396366 10.224 63050395644754311 1154115675 bright_1x1 mwm_galactic_core_dist_apogee_sparse mwm_galactic science 0 0 0.0 0.0 -999 ""
FIBERMAP 1149 R-5C9 BOSS 0 0 0 1 0 0 -73.2560461779536 -107.28723869540134 143.1 -111.67325601518596 -66.39689685066982 261.03708 59.022694 -999.0 -999.0 -999.0 -999.0 -999.0 282.01210282488967 4.096802581276423 282.00297902423875 4.1348483199949495 59.55794505106118 157.8140632577668 -999.0 5400.0 -999.0 1 409 {-999.0 -999.0 -999.0 -999.0 -999.0} "" -999.0 -999.0 -999.0 -999.0 -999 -999 "" "" "" "" 0 0 0.0 0.0 -999 ""
FIBERMAP 1149 R-5C9 METROLOGY 0 0 0 1 0 0 -72.56202766573622 -107.01882777713725 143.1 -110.93072044935472 -66.44617051364719 261.03708 59.022694 -999.0 -999.0 -999.0 -999.0 -999.0 282.01547950551196 4.096604960678893 282.0063667333704 4.13462718987046 59.55665959353092 157.8078805424804 -999.0 6231.0 -999.0 -1 -999 {-999.0 -999.0 -999.0 -999.0 -999.0} "" -999.0 -999.0 -999.0 -999.0 -999 -999 "" "" "" "" 0 0 0.0 0.0 -999 ""
FIBERMAP 1150 R-9C10 APOGEE 1 1 0 1 0 0 27.159184284895204 -189.97509219144075 143.1 -55.48543953616232 -183.72506647384097 30.597672 22.225594 282.26764078308804 3.5642910431003565 -3.5078237 -6.02509 0.029242104 282.2676677978754 3.564320176399986 282.25991191888596 3.6030166316656764 58.97210652485048 157.67091586320723 16000.0 16600.0 2016.0 2 180 {-999.0 25.059597 20.52064 17.847345 -999.0} sdss_psfmag_ps1 20.753366 17.998995 16.403814 10.756 63050395644706557 1154115246 bright_1x1 mwm_galactic_core_dist_apogee_sparse mwm_galactic science 0 0 0.0 0.0 -999 ""
FIBERMAP 1150 R-9C10 BOSS 0 0 0 1 0 0 26.717145120086087 -190.55847822907853 143.1 -56.132304049563935 -184.0676776441562 30.597672 22.225594 -999.0 -999.0 -999.0 -999.0 -999.0 282.26475098352773 3.5626218357312167 282.25696032062626 3.6014275256839006 58.97154383745628 157.67731679563335 -999.0 5400.0 -999.0 1 375 {-999.0 -999.0 -999.0 -999.0 -999.0} "" -999.0 -999.0 -999.0 -999.0 -999 -999 "" "" "" "" 0 0 0.0 0.0 -999 ""
FIBERMAP 1150 R-9C10 METROLOGY 0 0 0 1 0 0 26.423193533474223 -189.86424478207493 143.1 -56.10610035427376 -183.31417650595944 30.597672 22.225594 -999.0 -999.0 -999.0 -999.0 -999.0 282.26486230655314 3.566061347431566 282.2570740565913 3.6048336330261272 58.974734476671145 157.67499332082923 -999.0 6231.0 -999.0 -1 -999 {-999.0 -999.0 -999.0 -999.0 -999.0} "" -999.0 -999.0 -999.0 -999.0 -999 -999 "" "" "" "" 0 0 0.0 0.0 -999 ""
FIBERMAP 1151 R-9C4 APOGEE 0 0 0 1 0 0 -137.65861465779182 -162.28216233565803 143.1 -193.2660534448537 -89.10801813865449 182.9872 65.8393 -999.0 -999.0 -999.0 -999.0 -999.0 281.6423692738239 3.995400666589896 281.63357805188787 4.0323999425828925 59.5760506430089 158.56824039127017 -999.0 16600.0 -999.0 2 -999 {-999.0 -999.0 -999.0 -999.0 -999.0} "" -999.0 -999.0 -999.0 -999.0 -999 -999 "" "" "" "" 0 0 0.0 0.0 -999 ""
FIBERMAP 1151 R-9C4 BOSS 1 1 0 1 0 0 -137.39900494346335 -161.60763669575348 143.1 -192.74618414152656 -88.60582871156298 182.9872 65.8393 281.6447046622292 3.997544719088354 -3.586936 -2.4424257 0.36228722 281.64470536528233 3.9975300326486765 281.6358714384743 4.034649018409079 59.57748560724147 158.5625741538244 5400.0 5400.0 2016.0 1 479 {-999.0 19.222805 16.122456 14.502362 -999.0} sdss_psfmag_ps1 17.412794 14.917043 13.517794 9.4 63050395645005965 934470891 bright_1x1 openfibertargets_nov2020_34a open_fiber science 0 0 0.0 0.0 -999 ""
FIBERMAP 1151 R-9C4 METROLOGY 0 0 0 1 0 0 -136.92122275574155 -162.1685174356296 143.1 -192.5494521715312 -89.31592646268196 182.9872 65.8393 -999.0 -999.0 -999.0 -999.0 -999.0 281.64559793599574 3.994345854957111 281.63678253988854 4.031435446970667 59.574148346843515 158.56282185522707 -999.0 6231.0 -999.0 -1 -999 {-999.0 -999.0 -999.0 -999.0 -999.0} "" -999.0 -999.0 -999.0 -999.0 -999 -999 "" "" "" "" 0 0 0.0 0.0 -999 ""
FIBERMAP 1152 R-9C3 APOGEE 1 1 0 1 0 0 -148.0115479703575 -160.85072765686712 143.1 -202.05058138915726 -83.44407510415951 107.08587 109.11098 281.6027256189884 4.02127118662878 -1.3457452 -4.452668 -0.120897375 281.60270366924266 4.021247510695367 281.59385036807765 4.058139391160728 59.612732441267 158.62709868670498 16000.0 16600.0 2016.0 2 256 {-999.0 20.439335 17.319662 15.586864 -999.0} sdss_psfmag_ps1 18.672121 16.086897 14.6508255 10.506 63050395645005008 1154116444 bright_1x1 mwm_galactic_core_dist_apogee_sparse mwm_galactic science 0 0 0.0 0.0 -999 ""
FIBERMAP 1152 R-9C3 BOSS 0 0 0 1 0 0 -147.41649365771107 -160.42088709543953 143.1 -201.32971189907445 -83.30522843744349 107.08587 109.11098 -999.0 -999.0 -999.0 -999.0 -999.0 281.60594849518037 4.021729896439955 281.5970567472315 4.05874402878374 59.61232510161433 158.6207145171739 -999.0 5400.0 -999.0 1 477 {-999.0 -999.0 -999.0 -999.0 -999.0} "" -999.0 -999.0 -999.0 -999.0 -999 -999 "" "" "" "" 0 0 0.0 0.0 -999 ""
FIBERMAP 1152 R-9C3 METROLOGY 0 0 0 1 0 0 -147.34727099367169 -161.19460507643103 143.1 -201.59322182383067 -84.03603751994417 107.08587 109.11098 -999.0 -999.0 -999.0 -999.0 -999.0 281.60476606529073 4.01846219029384 281.59589322908687 4.055441630858314 59.60953909864345 158.62490374661562 -999.0 6231.0 -999.0 -1 -999 {-999.0 -999.0 -999.0 -999.0 -999.0} "" -999.0 -999.0 -999.0 -999.0 -999 -999 "" "" "" "" 0 0 0.0 0.0 -999 ""
FIBERMAP 1153 R-6C11 APOGEE 0 0 0 1 0 0 -7.4513014994259645 -120.77587439352453 143.1 -57.68891160926655 -106.37885629037147 157.03865 158.51334 -999.0 -999.0 -999.0 -999.0 -999.0 282.2578501028258 3.9144521073536414 282.2492050019637 3.953053126988192 59.30699167226336 157.4712272393191 -999.0 16600.0 -999.0 2 -999 {-999.0 -999.0 -999.0 -999.0 -999.0} "" -999.0 -999.0 -999.0 -999.0 -999 -999 "" "" "" "" 0 0 0.0 0.0 -999 ""
FIBERMAP 1153 R-6C11 BOSS 1 1 0 1 0 0 -7.988003625926055 -120.26688352679757 143.1 -57.960955237365674 -105.69096602152389 157.03865 158.51334 282.2566223144531 3.9174237379201884 -999.0 -999.0 -999.0 282.25662637006536 3.9174175084630627 282.24793460261367 3.956129517265367 59.310312515452026 157.47163073849708 5400.0 5400.0 2015.5 1 386 {-999.0 -999.0 -999.0 -999.0 -999.0} "" -999.0 -999.0 -999.0 -999.0 27021603150593748 852915320 "" ops_sky_boss_fallback ops_sky sky_boss 0 0 0.0 0.0 -999 ""
FIBERMAP 1153 R-6C11 METROLOGY 0 0 0 1 0 0 -7.269874915199422 -120.05217115666035 143.1 -57.219201261548456 -105.79910164798044 157.03865 158.51334 -999.0 -999.0 -999.0 -999.0 -999.0 282.260000614596 3.9169564495807627 282.2513208024077 3.9556447253236775 59.308762617233384 157.4656736516186 -999.0 6231.0 -999.0 -1 -999 {-999.0 -999.0 -999.0 -999.0 -999.0} "" -999.0 -999.0 -999.0 -999.0 -999 -999 "" "" "" "" 0 0 0.0 0.0 -999 ""
FIBERMAP 1156 R-11C14 APOGEE 1 1 0 1 0 0 106.34712950861005 -226.94437409649157 143.1 0.7330216012826571 -250.64336150818784 285.1489 33.902905 282.5226012763238 3.263038432084435 -1.4962184 -4.005519 0.20975974 282.5226063015272 3.2630199485594313 282.515589070743 3.3024335074737525 58.605360391462256 157.39138662737324 16000.0 16600.0 2016.0 2 239 {-999.0 22.440783 18.43261 15.86987 -999.0} sdss_psfmag_ps1 20.14134 16.208422 14.62687 9.155 63050395644104426 1154111850 bright_1x1 mwm_galactic_core_dist_apogee_sparse mwm_galactic science 0 0 0.0 0.0 -999 ""
FIBERMAP 1156 R-11C14 BOSS 0 0 0 1 0 0 105.78242583249069 -226.45874129176693 143.1 0.42573555987791495 -249.9648441944346 285.1489 33.902905 -999.0 -999.0 -999.0 -999.0 -999.0 282.52126080540654 3.2659136281724033 282.5141959536814 3.3054410542519665 58.60865624887608 157.39204325071321 -999.0 5400.0 -999.0 1 255 {-999.0 -999.0 -999.0 -999.0 -999.0} "" -999.0 -999.0 -999.0 -999.0 -999 -999 "" "" "" "" 0 0 0.0 0.0 -999 ""
FIBERMAP 1156 R-11C14 METROLOGY 0 0 0 1 0 0 106.48729519813537 -226.20880912211715 143.1 1.1703182103493062 -250.03545050050485 285.1489 33.902905 -999.0 -999.0 -999.0 -999.0 -999.0 282.52462507453066 3.2656288485724922 282.5175720385981 3.3051315754781974 58.607271975809525 157.38611374058357 -999.0 6231.0 -999.0 -1 -999 {-999.0 -999.0 -999.0 -999.0 -999.0} "" -999.0 -999.0 -999.0 -999.0 -999 -999 "" "" "" "" 0 0 0.0 0.0 -999 ""
FIBERMAP 1158 R-5C22 APOGEE 1 1 0 1 0 0 246.24372706443899 -105.96379903135946 143.1 178.6113575407728 -199.9319267949109 331.07446 108.38502 283.32916259765625 3.4910567565553237 -999.0 -999.0 -999.0 283.3291668433813 3.491048904592945 283.32148854060335 3.532489217951585 58.55291123676324 155.78951407020867 16000.0 16600.0 2015.5 2 211 {-999.0 -999.0 -999.0 -999.0 -999.0} "" -999.0 -999.0 -999.0 -999.0 27021603150602714 849031150 "" ops_sky_apogee_good ops_sky sky_apogee 0 0 0.0 0.0 -999 ""
FIBERMAP 1158 R-5C22 BOSS 0 0 0 1 0 0 246.1059935703222 -106.69064617788526 143.1 178.17994284280448 -200.5329580366879 331.07446 108.38502 -999.0 -999.0 -999.0 -999.0 -999.0 283.32724135304784 3.4882249001617867 283.3195271583551 3.529778068652506 58.55104328847815 155.7948305137008 -999.0 5400.0 -999.0 1 251 {-999.0 -999.0 -999.0 -999.0 -999.0} "" -999.0 -999.0 -999.0 -999.0 -999 -999 "" "" "" "" 0 0 0.0 0.0 -999 ""
FIBERMAP 1158 R-5C22 METROLOGY 0 0 0 1 0 0 245.54127201590055 -106.20699382316921 143.1 177.87180542041543 -199.85622908111907 331.07446 108.38502 -999.0 -999.0 -999.0 -999.0 -999.0 283.32587615509925 3.4912872183013013 283.31816661161463 3.5328030290223253 58.554351124554486 155.7952704110384 -999.0 6231.0 -999.0 -1 -999 {-999.0 -999.0 -999.0 -999.0 -999.0} "" -999.0 -999.0 -999.0 -999.0 -999 -999 "" "" "" "" 0 0 0.0 0.0 -999 ""
FIBERMAP 1162 R-2C6 APOGEE 0 0 0 1 0 0 -172.188827754301 -52.4736833974583 143.1 -178.27154243489616 25.029341687534746 276.7886 48.115635 -999.0 -999.0 -999.0 -999.0 -999.0 281.7102379510436 4.513182052142651 281.70011874776196 4.550254141145685 60.0475509993377 158.1223720763541 -999.0 16600.0 -999.0 2 -999 {-999.0 -999.0 -999.0 -999.0 -999.0} "" -999.0 -999.0 -999.0 -999.0 -999 -999 "" "" "" "" 0 0 0.0 0.0 -999 ""
FIBERMAP 1162 R-2C6 BOSS 1 1 0 1 0 0 -172.81231764823005 -52.048680125368676 143.1 -178.65770444602026 25.677669892198036 276.7886 48.115635 281.70847123946174 4.516033176963576 -0.27291557 -2.0234642 0.60387486 281.70847905362643 4.516023407922028 281.69831564887517 4.55320212929503 60.050914532988386 158.1239338444181 5400.0 5400.0 2016.0 1 472 {-999.0 18.402037 17.121332 16.451593 -999.0} sdss_psfmag_ps1 17.873283 16.958736 16.019045 14.252 63050395645604584 982158592 "" ops_std_boss_tic ops_std standard_boss 0 0 0.0 0.0 -999 ""
FIBERMAP 1162 R-2C6 METROLOGY 0 0 0 1 0 0 -172.13933040023096 -51.72922924007059 143.1 -177.91271641391376 25.68354895040588 276.7886 48.115635 -999.0 -999.0 -999.0 -999.0 -999.0 281.7118515978875 4.5160784678071995 281.70169824973243 4.553234209228931 60.049885026979666 158.11750188444756 -999.0 6231.0 -999.0 -1 -999 {-999.0 -999.0 -999.0 -999.0 -999.0} "" -999.0 -999.0 -999.0 -999.0 -999 -999 "" "" "" "" 0 0 0.0 0.0 -999 ""
FIBERMAP 1163 R-8C7 APOGEE 0 0 0 1 0 0 -65.50691392721842 -163.74364449702978 143.1 -128.4542782895101 -120.86015264880587 231.55994 156.30598 -999.0 -999.0 -999.0 -999.0 -999.0 281.9359506832668 3.850094141542922 281.9275010250021 3.8878789856136473 59.347470503774005 158.10829826967756 -999.0 16600.0 -999.0 2 -999 {-999.0 -999.0 -999.0 -999.0 -999.0} "" -999.0 -999.0 -999.0 -999.0 -999 -999 "" "" "" "" 0 0 0.0 0.0 -999 ""
FIBERMAP 1163 R-8C7 BOSS 1 1 0 1 0 0 -66.15696191412957 -164.12061087516835 143.1 -129.20271936329587 -120.92786113317 231.55994 156.30598 281.93252563476557 3.8496583636322583 -999.0 -999.0 -999.0 281.9325521209287 3.849651327399045 281.92406581121116 3.887542419109389 59.34822785570809 158.11488776113657 5400.0 5400.0 2015.5 1 401 {-999.0 -999.0 -999.0 -999.0 -999.0} "" -999.0 -999.0 -999.0 -999.0 27021603150593678 852915289 "" ops_sky_boss_fallback ops_sky sky_boss 0 0 0.0 0.0 -999 ""
FIBERMAP 1163 R-8C7 METROLOGY 0 0 0 1 0 0 -66.1510489710537 -163.36714479475216 143.1 -128.87961586086107 -120.24710191148905 231.55994 156.30598 -999.0 -999.0 -999.0 -999.0 -999.0 281.93401113199064 3.8527674375090006 281.9255275405256 3.8906290910576455 59.35070001385822 158.11026964902342 -999.0 6231.0 -999.0 -1 -999 {-999.0 -999.0 -999.0 -999.0 -999.0} "" -999.0 -999.0 -999.0 -999.0 -999 -999 "" "" "" "" 0 0 0.0 0.0 -999 ""
FIBERMAP 1167 R-3C5 APOGEE 1 1 0 1 0 0 -159.58117228480415 -67.18793546075335 143.1 -173.04385427658755 6.369537663381477 309.08694 123.396675 281.73375038347103 4.428429992404329 -3.0645647 -5.6750937 0.44499937 281.733739104953 4.428400176848738 281.7238342174641 4.465549478585172 59.95970791783162 158.13072092551627 16000.0 16600.0 2016.0 2 264 {-999.0 15.795014 13.456747 12.24331 -999.0} sdss_psfmag_from_g3xp 14.574591 12.923344 11.706006 8.617 63050395645599177 1152339487 bright_1x1 mwm_galactic_core_dist_apogee_sparse mwm_galactic science 0 0 0.0 0.0 -999 ""
FIBERMAP 1167 R-3C5 BOSS 0 0 0 1 0 0 -159.8072324380279 -67.91366618329906 143.1 -173.55489392363413 5.806766738549791 309.08694 123.396675 -999.0 -999.0 -999.0 -999.0 -999.0 281.7314008772721 4.4257361696120885 281.72146579244026 4.462992119116673 59.95802175394029 158.1368034832632 -999.0 5400.0 -999.0 1 466 {-999.0 -999.0 -999.0 -999.0 -999.0} "" -999.0 -999.0 -999.0 -999.0 -999 -999 "" "" "" "" 0 0 0.0 0.0 -999 ""
FIBERMAP 1167 R-3C5 METROLOGY 0 0 0 1 0 0 -160.30870446322913 -67.35020470280135 143.1 -173.77201982826193 6.529194897772788 309.08694 123.396675 -999.0 -999.0 -999.0 -999.0 -999.0 281.7304234125383 4.429051081725469 281.7204905050916 4.466272067222618 59.96144111266989 158.13658957520505 -999.0 6231.0 -999.0 -1 -999 {-999.0 -999.0 -999.0 -999.0 -999.0} "" -999.0 -999.0 -999.0 -999.0 -999 -999 "" "" "" "" 0 0 0.0 0.0 -999 ""
FIBERMAP 1169 R-11C9 APOGEE 1 1 0 1 0 0 20.783015313786514 -214.52796674702208 143.1 -71.62153933729246 -203.30105730975149 321.3764 145.61926 282.19442149576497 3.4765310613818423 -4.254364 -2.669366 0.17020993 282.194407519154 3.4765259841032314 282.1868822480211 3.515051467618304 58.91196903504303 157.85918607330575 16000.0 16600.0 2016.0 2 168 {-999.0 24.61255 20.001205 17.738453 -999.0} sdss_psfmag_ps1 21.048897 17.629953 16.051195 10.367 63050395644700965 1154115015 bright_1x1 mwm_galactic_core_dist_apogee_sparse mwm_galactic science 0 0 0.0 0.0 -999 ""
FIBERMAP 1169 R-11C9 BOSS 0 0 0 1 0 0 21.032583529786415 -215.23058971729674 143.1 -71.69152836161503 -204.04344941832932 321.3764 145.61926 -999.0 -999.0 -999.0 -999.0 -999.0 282.19411749406095 3.473032312674903 282.1865619556284 3.511674549640642 58.908868337037916 157.86184943344034 -999.0 5400.0 -999.0 1 361 {-999.0 -999.0 -999.0 -999.0 -999.0} "" -999.0 -999.0 -999.0 -999.0 -999 -999 "" "" "" "" 0 0 0.0 0.0 -999 ""
FIBERMAP 1169 R-11C9 METROLOGY 0 0 0 1 0 0 20.293608405121816 -215.09576316729377 143.1 -72.30478328753723 -203.6095563271039 321.3764 145.61926 -999.0 -999.0 -999.0 -999.0 -999.0 282.1913242053569 3.475039069048563 282.18377496337445 3.5136406013969164 58.91161576046001 157.865749177362 -999.0 6231.0 -999.0 -1 -999 {-999.0 -999.0 -999.0 -999.0 -999.0} "" -999.0 -999.0 -999.0 -999.0 -999 -999 "" "" "" "" 0 0 0.0 0.0 -999 ""
FIBERMAP 1170 R-5C6 APOGEE 0 0 0 1 1 0 -106.74635981082172 -98.60532594883364 143.1 -138.38148452837933 -44.400942430977544 20.956223 88.65244 -999.0 -999.0 -999.0 -999.0 -999.0 281.8907397050477 4.197308849327387 281.88140966031534 4.234908256656228 59.69130169237705 157.97867329609312 -999.0 16600.0 -999.0 2 -999 {-999.0 -999.0 -999.0 -999.0 -999.0} "" -999.0 -999.0 -999.0 -999.0 -999 -999 "" "" "" "" 0 0 0.0 0.0 -999 ""
FIBERMAP 1170 R-5C6 BOSS 1 0 0 1 1 0 -106.47526666059045 -99.29529580762126 143.1 -138.42661856524802 -45.140937740468026 20.956223 88.65244 281.8966863595543 4.276014185450878 -2.0218945 -16.993324 1.7170998 281.89051594411666 4.193814829089173 281.8811569772359 4.231527641531263 59.688174118530114 157.98126462986397 5400.0 5400.0 2016.0 1 456 {-999.0 16.965315 15.79885 15.223726 -999.0} sdss_psfmag_ps1 16.504522 15.713078 14.8412895 12.93 63050395645582196 982158586 "" ops_std_boss_tic ops_std standard_boss 0 0 0.0 0.0 -999 ""
FIBERMAP 1170 R-5C6 METROLOGY 0 0 0 1 1 0 -107.22251229163095 -99.17973068030005 143.1 -139.05549596070315 -44.72102342888929 20.956223 88.65244 -999.0 -999.0 -999.0 -999.0 -999.0 281.88766005854546 4.195767554429113 281.8783071190289 4.233440510195096 59.69088726472262 157.9854092625321 -999.0 6231.0 -999.0 -1 -999 {-999.0 -999.0 -999.0 -999.0 -999.0} "" -999.0 -999.0 -999.0 -999.0 -999 -999 "" "" "" "" 0 0 0.0 0.0 -999 ""
FIBERMAP 1172 R-3C6 APOGEE 0 0 0 1 0 0 -151.8389402043747 -42.12005618772987 143.1 -155.45180999478217 25.836463672273734 140.88802 83.030975 -999.0 -999.0 -999.0 -999.0 -999.0 281.81367872106216 4.51677665503676 281.80354083984935 4.554114573440742 60.018668763167554 157.9240879239223 -999.0 16600.0 -999.0 2 -999 {-999.0 -999.0 -999.0 -999.0 -999.0} "" -999.0 -999.0 -999.0 -999.0 -999 -999 "" "" "" "" 0 0 0.0 0.0 -999 ""
FIBERMAP 1172 R-3C6 BOSS 1 1 0 1 0 0 -151.31508902763468 -41.59560009604418 143.1 -154.75560843827392 26.091135748406835 140.88802 83.030975 281.816857315303 4.517876911557683 0.8896223 -14.812844 2.310958 281.81682133851166 4.517829271252977 281.80664299382335 4.555286836104348 60.01880001518608 157.91747520090044 5400.0 5400.0 2016.0 1 467 {-999.0 17.655655 16.046032 15.311345 -999.0} sdss_psfmag_ps1 16.91207 15.920788 14.882081 12.771 63050395645605300 1124292083 bright_1x1 openfibertargets_mwm_snc_further_ext_boss open_fiber science 0 0 0.0 0.0 -999 ""
FIBERMAP 1172 R-3C6 METROLOGY 0 0 0 1 0 0 -151.11885466967897 -42.31534777288852 143.1 -154.88118289281434 25.355705971735055 140.88802 83.030975 -999.0 -999.0 -999.0 -999.0 -999.0 281.8162437709994 4.514516871003949 281.8060845596397 4.551941938270995 60.01580426393113 157.9206540946594 -999.0 6231.0 -999.0 -1 -999 {-999.0 -999.0 -999.0 -999.0 -999.0} "" -999.0 -999.0 -999.0 -999.0 -999 -999 "" "" "" "" 0 0 0.0 0.0 -999 ""
FIBERMAP 1174 R-1C1 APOGEE 1 1 0 1 0 0 -268.52464588647206 -5.33100528790019 143.1 -245.74972798157037 108.40437351583283 87.98755 73.12725 281.4079284667968 4.890157647393991 -999.0 -999.0 -999.0 281.40791453299056 4.890161926677233 281.39685867523644 4.926381124659125 60.499209693619754 158.46471251744117 16000.0 16600.0 2015.5 2 293 {-999.0 -999.0 -999.0 -999.0 -999.0} "" -999.0 -999.0 -999.0 -999.0 27021603150620590 842847370 "" ops_sky_apogee_best ops_sky sky_apogee 0 0 0.0 0.0 -999 ""
FIBERMAP 1174 R-1C1 BOSS 0 0 0 1 0 0 -267.81059333187784 -5.518897842163964 143.1 -245.181451444004 107.93286949895932 87.98755 73.12725 -999.0 -999.0 -999.0 -999.0 -999.0 281.41047492112614 4.887940037811215 281.399388578113 4.924276162677827 60.496427359544796 158.46117040585898 -999.0 5400.0 -999.0 1 425 {-999.0 -999.0 -999.0 -999.0 -999.0} "" -999.0 -999.0 -999.0 -999.0 -999 -999 "" "" "" "" 0 0 0.0 0.0 -999 ""
FIBERMAP 1174 R-1C1 METROLOGY 0 0 0 1 0 0 -268.34391460768916 -6.054846986276889 143.1 -245.89108730365825 107.67176897748222 87.98755 73.12725 -999.0 -999.0 -999.0 -999.0 -999.0 281.40728227957413 4.886776137484099 281.3962093933612 4.92307311653915 60.4962648159682 158.46804242515734 -999.0 6231.0 -999.0 -1 -999 {-999.0 -999.0 -999.0 -999.0 -999.0} "" -999.0 -999.0 -999.0 -999.0 -999 -999 "" "" "" "" 0 0 0.0 0.0 -999 ""
FIBERMAP 1176 R+12C11 APOGEE 0 0 0 1 0 0 69.09968361000301 224.80073173696059 143.1 157.4604207764092 174.71241148781596 224.41187 163.21387 -999.0 -999.0 -999.0 -999.0 -999.0 283.2405619042213 5.187323136968544 283.2285913899288 5.228197890783936 60.172422913799 154.78631244921647 -999.0 16600.0 -999.0 2 -999 {-999.0 -999.0 -999.0 -999.0 -999.0} "" -999.0 -999.0 -999.0 -999.0 -999 -999 "" "" "" "" 0 0 0.0 0.0 -999 ""
FIBERMAP 1176 R+12C11 BOSS 1 1 0 1 0 0 68.45249804936695 224.4474509749762 143.1 156.72456376674648 174.66497432145144 224.41187 163.21387 283.23723840458354 5.18703513325403 14.452565 5.7042465 6.3729105 283.23729650239744 5.187056184562821 283.22528464531007 5.228031885963898 60.17345239430546 154.79261006298864 5400.0 5400.0 2016.0 1 102 {-999.0 19.53824 18.060919 16.606354 -999.0} sdss_psfmag_ps1 18.915667 17.291742 16.02053 13.423 63050395645579974 1077966903 bright_flexible_2x1 mwm_snc_ext_main_boss mwm_snc science 0 0 0.0 0.0 -999 ""
FIBERMAP 1176 R+12C11 METROLOGY 0 0 0 1 0 0 68.467694931434 225.19728222639716 143.1 157.05455323352254 175.3385223356365 224.41187 163.21387 -999.0 -999.0 -999.0 -999.0 -999.0 283.238765585271 5.190099216492702 283.2267578520115 5.231047114684874 60.1757382116993 154.78767729489337 -999.0 6231.0 -999.0 -1 -999 {-999.0 -999.0 -999.0 -999.0 -999.0} "" -999.0 -999.0 -999.0 -999.0 -999 -999 "" "" "" "" 0 0 0.0 0.0 -999 ""
FIBERMAP 1177 R+4C12 APOGEE 0 0 0 1 0 0 7.995116482796494 84.47369805829456 143.1 42.87318507241937 73.2302447869274 21.384184 135.18433 -999.0 -999.0 -999.0 -999.0 -999.0 282.718880537093 4.730752506230884 282.7081158044152 4.770377510499635 59.925663948893614 156.0806180245558 -999.0 16600.0 -999.0 2 -999 {-999.0 -999.0 -999.0 -999.0 -999.0} "" -999.0 -999.0 -999.0 -999.0 -999 -999 "" "" "" "" 0 0 0.0 0.0 -999 ""
FIBERMAP 1177 R+4C12 BOSS 1 1 0 1 0 0 8.679439647627385 84.18445203459338 143.1 43.371761196018085 72.67936921618352 21.384184 135.18433 282.7212471103557 4.728161709167918 -5.3621955 -2.3194668 2.6285627 282.7212146145326 4.728164822815722 282.7104156441815 4.767907490602857 59.92255885679709 156.07800706536875 5400.0 5400.0 2016.0 1 115 {-999.0 15.744368 14.722246 14.327643 -999.0} sdss_psfmag_from_g3xp 15.39856 14.744652 13.966563 12.367 63050395645570264 980529405 "" ops_std_boss_tic ops_std standard_boss 0 0 0.0 0.0 -999 ""
FIBERMAP 1177 R+4C12 METROLOGY 0 0 0 1 0 0 8.086276723253455 83.73319026557958 143.1 42.64357337797549 72.52029991167156 21.384184 135.18433 -999.0 -999.0 -999.0 -999.0 -999.0 282.7178714609404 4.727477125573565 282.70708605415956 4.767179838477423 59.923010255413786 156.0847249793905 -999.0 6231.0 -999.0 -1 -999 {-999.0 -999.0 -999.0 -999.0 -999.0} "" -999.0 -999.0 -999.0 -999.0 -999 -999 "" "" "" "" 0 0 0.0 0.0 -999 ""
FIBERMAP 1189 R-13C11 APOGEE 1 1 0 1 0 0 90.05540644058932 -236.10359180282342 143.1 -17.903024714245408 -252.07873204725607 103.60868 57.051216 282.43810556447363 3.2569098802334695 1.0844706 -11.429221 0.04210814 282.43809599501003 3.256865317201555 282.43110325383975 3.296062622515257 58.62655159020517 157.54863121445518 16000.0 16600.0 2016.0 2 189 {-999.0 24.49256 20.257616 17.201336 -999.0} sdss_psfmag_ps1 22.053387 17.34109 15.58087 9.298 63050395644104827 1154111558 bright_1x1 mwm_galactic_core_dist_apogee_sparse mwm_galactic science 0 0 0.0 0.0 -999 ""
FIBERMAP 1189 R-13C11 BOSS 0 0 0 1 0 0 90.7503313486385 -236.3445262053681 143.1 -17.374461466993154 -252.59026884194026 103.60868 57.051216 -999.0 -999.0 -999.0 -999.0 -999.0 282.4405274071315 3.254436686600233 282.43350043618295 3.293758679577765 58.62360024875362 157.54570234921962 -999.0 5400.0 -999.0 1 336 {-999.0 -999.0 -999.0 -999.0 -999.0} "" -999.0 -999.0 -999.0 -999.0 -999 -999 "" "" "" "" 0 0 0.0 0.0 -999 ""
FIBERMAP 1189 R-13C11 METROLOGY 0 0 0 1 0 0 90.16144708885754 -236.84118125337952 143.1 -18.11791197922823 -252.792305697453 103.60868 57.051216 -999.0 -999.0 -999.0 -999.0 -999.0 282.4371447923098 3.2535854229789347 282.43013171981045 3.2928654616544155 58.62383628394237 157.55237034203404 -999.0 6231.0 -999.0 -1 -999 {-999.0 -999.0 -999.0 -999.0 -999.0} "" -999.0 -999.0 -999.0 -999.0 -999 -999 "" "" "" "" 0 0 0.0 0.0 -999 ""
FIBERMAP 1190 R+13C5 APOGEE 1 1 0 1 0 0 -49.70574954758881 267.2686108325559 143.1 67.63510556426532 263.3238588253754 91.61018 88.30999 282.8324802989035 5.587759776592732 -999.0 -999.0 -999.0 282.8324723666747 5.587751607770331 282.81951486188615 5.627501156879719 60.690701500539504 155.26877246231265 16000.0 16600.0 2016.0 2 111 {-999.0 24.794874 21.819845 20.907803 -999.0} sdss_psfmag_ps1 -999.0 20.904453 -999.0 9.896 63050395645786305 1156795362 bright_1x1 mwm_galactic_core_dist_apogee_extra mwm_galactic science 0 0 0.0 0.0 -999 ""
FIBERMAP 1190 R+13C5 BOSS 0 0 0 1 0 0 -48.96686083173815 267.2922084557951 143.1 68.31509064260784 263.0336632545414 91.61018 88.30999 -999.0 -999.0 -999.0 -999.0 -999.0 282.8356006823479 5.586332542579426 282.8226058089631 5.6261976723542 60.68839471518551 155.26383602233756 -999.0 5400.0 -999.0 1 85 {-999.0 -999.0 -999.0 -999.0 -999.0} "" -999.0 -999.0 -999.0 -999.0 -999 -999 "" "" "" "" 0 0 0.0 0.0 -999 ""
FIBERMAP 1190 R+13C5 METROLOGY 0 0 0 1 0 0 -49.30965311148965 266.62912275046773 143.1 67.7246146125006 262.57692633888 91.61018 88.30999 -999.0 -999.0 -999.0 -999.0 -999.0 282.8329109995573 5.5843463535454445 282.81993295590587 5.624174567106697 60.687442596639286 155.27037941433633 -999.0 6231.0 -999.0 -1 -999 {-999.0 -999.0 -999.0 -999.0 -999.0} "" -999.0 -999.0 -999.0 -999.0 -999 -999 "" "" "" "" 0 0 0.0 0.0 -999 ""
FIBERMAP 1192 R-11C4 APOGEE 1 1 0 1 0 0 -85.76137733268405 -217.45272952238838 143.1 -169.47075874417254 -161.02280330217184 4.65028 97.742775 281.7508187767939 3.6697713755814587 -1.7690259 -3.659531 -0.106563844 281.75081210092094 3.6697548183718482 281.7428402680819 3.70709851399665 59.232987303954474 158.56132472871155 16000.0 16600.0 2016.0 2 164 {-999.0 21.893927 18.461008 16.53107 -999.0} sdss_psfmag_ps1 19.853233 16.966772 15.492899 10.954 63050395644721427 1154115239 bright_1x1 mwm_galactic_core_dist_apogee_sparse mwm_galactic science 0 0 0.0 0.0 -999 ""
FIBERMAP 1192 R-11C4 BOSS 0 0 0 1 0 0 -85.5973555009533 -218.17617716280898 143.1 -169.62710423129542 -161.74800402068507 4.65028 97.742775 -999.0 -999.0 -999.0 -999.0 -999.0 281.7501340398921 3.6663537884373865 281.7421334110832 3.703812119622044 59.230077873252824 158.5646149908663 -999.0 5400.0 -999.0 1 349 {-999.0 -999.0 -999.0 -999.0 -999.0} "" -999.0 -999.0 -999.0 -999.0 -999 -999 "" "" "" "" 0 0 0.0 0.0 -999 ""
FIBERMAP 1192 R-11C4 METROLOGY 0 0 0 1 0 0 -86.308878666909 -217.96195565235308 143.1 -170.18198399379168 -161.25369122686462 4.65028 97.742775 -999.0 -999.0 -999.0 -999.0 -999.0 281.7476153730895 3.6686379418391653 281.7396198213848 3.706056525443262 59.232985599927645 158.56792901745783 -999.0 6231.0 -999.0 -1 -999 {-999.0 -999.0 -999.0 -999.0 -999.0} "" -999.0 -999.0 -999.0 -999.0 -999 -999 "" "" "" "" 0 0 0.0 0.0 -999 ""
FIBERMAP 1194 R-7C9 APOGEE 1 1 0 1 0 0 -21.935457883837124 -148.26928951571912 143.1 -82.41748402099128 -125.20217592209764 342.14746 85.77417 282.1452123272795 3.829508327035291 -2.6445262 -5.2832584 -0.17870738 282.1451820827599 3.829474608662142 282.1367642437915 3.86780251353153 59.26228386425065 157.73282118377628 16000.0 16600.0 2016.0 2 171 {-999.0 24.214424 20.661057 16.988369 -999.0} sdss_psfmag_ps1 21.394503 17.115105 15.4746275 9.945 63050395644738673 1154115492 bright_1x1 mwm_galactic_core_dist_apogee_sparse mwm_galactic science 0 0 0.0 0.0 -999 ""
FIBERMAP 1194 R-7C9 BOSS 0 0 0 1 0 0 -22.239536658849886 -148.9472912397624 143.1 -82.97914432882438 -125.68876461360317 342.14746 85.77417 -999.0 -999.0 -999.0 -999.0 -999.0 282.1426329919052 3.827116480277136 282.13418253585695 3.8655533994223976 59.26097500215104 157.7390020605057 -999.0 5400.0 -999.0 1 388 {-999.0 -999.0 -999.0 -999.0 -999.0} "" -999.0 -999.0 -999.0 -999.0 -999 -999 "" "" "" "" 0 0 0.0 0.0 -999 ""
FIBERMAP 1194 R-7C9 METROLOGY 0 0 0 1 0 0 -22.67877718167678 -148.34463848642832 143.1 -83.1233106895459 -124.95704073447209 342.14746 85.77417 -999.0 -999.0 -999.0 -999.0 -999.0 282.14197209180037 3.830477705548001 282.13352416643596 3.868879619407331 59.26433685435087 157.7381421391285 -999.0 6231.0 -999.0 -1 -999 {-999.0 -999.0 -999.0 -999.0 -999.0} "" -999.0 -999.0 -999.0 -999.0 -999 -999 "" "" "" "" 0 0 0.0 0.0 -999 ""
FIBERMAP 1200 R+2C7 APOGEE 1 1 0 1 0 0 -143.3929679708904 58.869389310103784 143.1 -105.20498450542307 113.85327218901473 189.00584 18.015535 282.04349438951436 4.916517722060495 -2.4564326 -3.8379123 0.091075316 282.04349135667593 4.916496921393275 282.0323123561858 4.9543484604679175 60.32423501097395 157.2311544179315 16000.0 16600.0 2016.0 2 146 {-999.0 23.904072 18.937874 15.762494 -999.0} sdss_psfmag_ps1 20.127829 15.604821 13.867378 8.023 63050395645693706 1154125227 bright_1x1 mwm_galactic_core_dist_apogee_sparse mwm_galactic science 0 0 0.0 0.0 -999 ""
FIBERMAP 1200 R+2C7 BOSS 0 0 0 1 0 0 -142.7460094621058 59.23250158356829 143.1 -104.46518737667115 113.9097204458954 189.00584 18.015535 -999.0 -999.0 -999.0 -999.0 -999.0 282.04685953217256 4.916686573115023 282.0356415792922 4.95465675401024 60.323442801182935 157.22461932436934 -999.0 5400.0 -999.0 1 47 {-999.0 -999.0 -999.0 -999.0 -999.0} "" -999.0 -999.0 -999.0 -999.0 -999 -999 "" "" "" "" 0 0 0.0 0.0 -999 ""
FIBERMAP 1200 R+2C7 METROLOGY 0 0 0 1 0 0 -142.7549863697504 58.48362068627081 143.1 -104.789135719967 113.23441122121561 189.00584 18.015535 -999.0 -999.0 -999.0 -999.0 -999.0 282.04536831325606 4.9136467744130785 282.0341690739667 4.951582543712439 60.32101657241843 157.22944819174572 -999.0 6231.0 -999.0 -1 -999 {-999.0 -999.0 -999.0 -999.0 -999.0} "" -999.0 -999.0 -999.0 -999.0 -999 -999 "" "" "" "" 0 0 0.0 0.0 -999 ""
FIBERMAP 1203 R-3C1 APOGEE 1 1 0 1 0 0 -266.52908785312434 -45.48607060361391 143.1 -260.8737836772722 71.1497031189131 142.71391 96.96257 281.33926391601557 4.721706616127307 -999.0 -999.0 -999.0 281.33924829253414 4.721704896328621 281.3286297673945 4.757779779951481 60.35976258857109 158.7010515267887 16000.0 16600.0 2015.5 2 269 {-999.0 -999.0 -999.0 -999.0 -999.0} "" -999.0 -999.0 -999.0 -999.0 27021603150620527 842846899 "" ops_sky_apogee_best ops_sky sky_apogee 0 0 0.0 0.0 -999 ""
FIBERMAP 1203 R-3C1 BOSS 0 0 0 1 0 0 -266.1667956339049 -44.85136846575429 143.1 -260.27759438671086 71.57247819804535 142.71391 96.96257 -999.0 -999.0 -999.0 -999.0 -999.0 281.34195390213023 4.723513558252094 281.3312947493783 4.759705692031905 60.36078168629146 158.6947461201499 -999.0 5400.0 -999.0 1 496 {-999.0 -999.0 -999.0 -999.0 -999.0} "" -999.0 -999.0 -999.0 -999.0 -999 -999 "" "" "" "" 0 0 0.0 0.0 -999 ""
FIBERMAP 1203 R-3C1 METROLOGY 0 0 0 1 0 0 -265.7866034343938 -45.481954162185325 143.1 -260.19875331090094 70.84032543004291 142.71391 96.96257 -999.0 -999.0 -999.0 -999.0 -999.0 281.3422820361956 4.720238129477859 281.33164136763 4.756400408581755 60.35752966201008 158.69613019509285 -999.0 6231.0 -999.0 -1 -999 {-999.0 -999.0 -999.0 -999.0 -999.0} "" -999.0 -999.0 -999.0 -999.0 -999 -999 "" "" "" "" 0 0 0.0 0.0 -999 ""
FIBERMAP 1207 R-4C13 APOGEE 0 0 0 1 0 0 33.00504260323809 -81.99189551596996 143.1 -4.647120270768297 -88.26974926277144 327.13742 128.65483 -999.0 -999.0 -999.0 -999.0 -999.0 282.4999351516477 3.9960170555347276 282.49105911319174 4.035224756348315 59.305925505597926 156.971910199147 -999.0 16600.0 -999.0 2 -999 {-999.0 -999.0 -999.0 -999.0 -999.0} "" -999.0 -999.0 -999.0 -999.0 -999 -999 "" "" "" "" 0 0 0.0 0.0 -999 ""
FIBERMAP 1207 R-4C13 BOSS 1 1 0 1 0 0 33.098269609245804 -82.709731537716 143.1 -4.865296961623613 -88.96000665257618 327.13742 128.65483 282.49907183734524 3.993005243412253 0.64771307 1.6720656 0.43299034 282.4989690233667 3.9927219227890793 282.4900613740456 4.032042276657614 59.303249171672064 156.9758065036062 5400.0 5400.0 2016.0 1 363 {-999.0 20.423262 17.68564 16.103756 -999.0} sdss_psfmag_ps1 18.92635 16.71805 15.368961 11.719 63050395645502562 939263647 bright_1x1 openfibertargets_nov2020_34a open_fiber science 0 0 0.0 0.0 -999 ""
FIBERMAP 1207 R-4C13 METROLOGY 0 0 0 1 0 0 32.40433682021071 -82.4344048862089 143.1 -5.378457106456279 -88.41770090653826 327.13742 128.65483 -999.0 -999.0 -999.0 -999.0 -999.0 282.4966220897451 3.995234672305301 282.4877196458206 4.034516035500945 59.306354743609376 156.97852903465284 -999.0 6231.0 -999.0 -1 -999 {-999.0 -999.0 -999.0 -999.0 -999.0} "" -999.0 -999.0 -999.0 -999.0 -999 -999 "" "" "" "" 0 0 0.0 0.0 -999 ""
FIBERMAP 1208 R-3C19 APOGEE 0 0 0 1 0 0 133.19371001964794 -64.31851615478273 143.1 93.65823360447921 -114.49351688837015 210.4525 112.316895 -999.0 -999.0 -999.0 -999.0 -999.0 282.94764585486917 3.876042407492431 282.93903084201213 3.91642513499989 59.04437359029775 156.22770545802427 -999.0 16600.0 -999.0 2 -999 {-999.0 -999.0 -999.0 -999.0 -999.0} "" -999.0 -999.0 -999.0 -999.0 -999 -999 "" "" "" "" 0 0 0.0 0.0 -999 ""
FIBERMAP 1208 R-3C19 BOSS 1 1 0 1 0 0 132.5987559865816 -63.90328551235472 143.1 93.29382709781936 -113.86608438916952 210.4525 112.316895 282.9460718605942 3.8787723165498225 -0.6099853 -5.361585 1.6960626 282.9460803461832 3.8787300515054794 282.93741695702874 3.9192234265940664 59.04755246276726 156.22880125423322 5400.0 5400.0 2016.0 1 289 {-999.0 17.41144 16.055279 15.54449 -999.0} sdss_psfmag_ps1 16.891827 15.986439 15.031813 13.103 63050395645496525 981897695 "" ops_std_boss_tic ops_std standard_boss 0 0 0.0 0.0 -999 ""
FIBERMAP 1208 R-3C19 METROLOGY 0 0 0 1 0 0 133.26403293690137 -63.5757398305634 143.1 94.03523696123558 -113.8496133823059 210.4525 112.316895 -999.0 -999.0 -999.0 -999.0 -999.0 282.94943524635215 3.8788423989646303 282.94078305722724 3.9193117226972225 59.04649443578183 156.22260212080528 -999.0 6231.0 -999.0 -1 -999 {-999.0 -999.0 -999.0 -999.0 -999.0} "" -999.0 -999.0 -999.0 -999.0 -999 -999 "" "" "" "" 0 0 0.0 0.0 -999 ""
FIBERMAP 1213 R+9C2 APOGEE 0 0 0 1 0 0 -160.0279669262743 171.5505873826848 143.1 -72.77141834313008 223.04912199882807 292.87872 156.08177 -999.0 -999.0 -999.0 -999.0 -999.0 282.1935400726291 5.409359231697481 282.18108921010275 5.447501217863003 60.740563894630654 156.615153376442 -999.0 16600.0 -999.0 2 -999 {-999.0 -999.0 -999.0 -999.0 -999.0} "" -999.0 -999.0 -999.0 -999.0 -999 -999 "" "" "" "" 0 0 0.0 0.0 -999 ""
FIBERMAP 1213 R+9C2 BOSS 1 1 0 1 0 0 -160.04205794532953 170.8033369873716 143.1 -73.09931663519579 222.3774479885519 292.87872 156.08177 282.1920776367187 5.406308960418372 -999.0 -999.0 -999.0 282.1920604938627 5.406269609759431 282.1795791136349 5.444516213600562 60.738255558620224 156.62009823027643 5400.0 5400.0 2015.5 1 19 {-999.0 -999.0 -999.0 -999.0 -999.0} "" -999.0 -999.0 -999.0 -999.0 27021603150622085 820736075 "" ops_sky_boss_good ops_sky sky_boss 0 0 0.0 0.0 -999 ""
FIBERMAP 1213 R+9C2 METROLOGY 0 0 0 1 0 0 -160.68218253460753 171.191889852271 143.1 -73.51593457725214 222.99973745411936 292.87872 156.08177 -999.0 -999.0 -999.0 -999.0 -999.0 282.190173711528 5.4090798928926915 282.1776962276551 5.4472905332525725 60.741497656837616 156.62180872485342 -999.0 6231.0 -999.0 -1 -999 {-999.0 -999.0 -999.0 -999.0 -999.0} "" -999.0 -999.0 -999.0 -999.0 -999 -999 "" "" "" "" 0 0 0.0 0.0 -999 ""
FIBERMAP 1215 R-1C15 APOGEE 0 0 0 1 0 0 34.54647111674307 -2.878142083692712 143.1 30.113453737816894 -17.17840892644398 111.65228 88.61597 -999.0 -999.0 -999.0 -999.0 -999.0 282.65953652501383 4.319225165544672 282.64982381618614 4.358778967280773 59.558222073058126 156.46634223680994 -999.0 16600.0 -999.0 2 -999 {-999.0 -999.0 -999.0 -999.0 -999.0} "" -999.0 -999.0 -999.0 -999.0 -999 -999 "" "" "" "" 0 0 0.0 0.0 -999 ""
FIBERMAP 1215 R-1C15 BOSS 1 1 0 1 0 0 35.2361392904841 -2.605364202439162 143.1 30.85388593750123 -17.22188800496231 111.65228 88.61597 282.66301441475485 4.31896627871945 -10.070833 -20.666199 1.2155893 282.66297580608654 4.318895099070506 282.6532230678364 4.358570836258886 59.55688464733868 156.46018176370953 5400.0 5400.0 2016.0 1 272 {-999.0 19.4884 17.508253 16.57048 -999.0} sdss_psfmag_ps1 18.523806 16.969687 15.758799 -999.0 63050395645535631 939264002 bright_1x1 openfibertargets_nov2020_34a open_fiber science 0 0 0.0 0.0 -999 ""
FIBERMAP 1215 R-1C15 METROLOGY 0 0 0 1 0 0 35.13057311181468 -3.342347684547736 143.1 30.447366416634036 -17.845676173544096 111.65228 88.61597 -999.0 -999.0 -999.0 -999.0 -999.0 282.66109607170296 4.31609205615247 282.65136212888376 4.355731494947879 59.55483606932263 156.46551706185022 -999.0 6231.0 -999.0 -1 -999 {-999.0 -999.0 -999.0 -999.0 -999.0} "" -999.0 -999.0 -999.0 -999.0 -999 -999 "" "" "" "" 0 0 0.0 0.0 -999 ""
FIBERMAP 1222 R+1C10 APOGEE 0 0 0 1 0 0 -73.32658064256157 32.027135286759474 143.1 -52.98743574730637 59.96491706885644 73.94156 110.09657 -999.0 -999.0 -999.0 -999.0 -999.0 282.28079009080227 4.671485209223217 282.270215229153 4.709995397118396 60.01556049757305 156.9424416476299 -999.0 16600.0 -999.0 2 -999 {-999.0 -999.0 -999.0 -999.0 -999.0} "" -999.0 -999.0 -999.0 -999.0 -999 -999 "" "" "" "" 0 0 0.0 0.0 -999 ""
FIBERMAP 1222 R+1C10 BOSS 1 1 0 1 0 0 -72.57556682474633 32.100687283751306 143.1 -52.275389384470124 59.71490753296212 73.94156 110.09657 282.28408813476557 4.67024369338327 -999.0 -999.0 -999.0 282.28404983566253 4.670261861342931 282.27343871170507 4.708891916664972 60.013457296276826 156.93710451137812 5400.0 5400.0 2015.5 1 30 {-999.0 -999.0 -999.0 -999.0 -999.0} "" -999.0 -999.0 -999.0 -999.0 27021603150620001 812877238 "" ops_sky_boss_good ops_sky sky_boss 0 0 0.0 0.0 -999 ""
FIBERMAP 1222 R+1C10 METROLOGY 0 0 0 1 0 0 -72.89184757843768 31.42077801297671 143.1 -52.84891902868469 59.23173470764628 73.94156 110.09657 -999.0 -999.0 -999.0 -999.0 -999.0 282.28141872663406 4.668093029421896 282.270824450015 4.70668522311384 60.01223563662895 156.94348362467883 -999.0 6231.0 -999.0 -1 -999 {-999.0 -999.0 -999.0 -999.0 -999.0} "" -999.0 -999.0 -999.0 -999.0 -999 -999 "" "" "" "" 0 0 0.0 0.0 -999 ""
FIBERMAP 1226 R+8C2 APOGEE 0 0 0 1 0 0 -158.1422640370342 151.78777110301843 143.1 -79.39554743133287 204.33273236749898 57.479836 32.12811 -999.0 -999.0 -999.0 -999.0 -999.0 282.16295414778307 5.325302334777067 282.15072064689105 5.363381891685599 60.67140075679404 156.73088558633748 -999.0 16600.0 -999.0 2 -999 {-999.0 -999.0 -999.0 -999.0 -999.0} "" -999.0 -999.0 -999.0 -999.0 -999 -999 "" "" "" "" 0 0 0.0 0.0 -999 ""
FIBERMAP 1226 R+8C2 BOSS 1 1 0 1 0 0 -158.13417693928687 151.04351485619222 143.1 -79.70207166938597 203.65442083286962 57.479836 32.12811 282.16155455261395 5.322158919171665 5.459417 3.8581257 3.1375732 282.1615662668011 5.32218227687727 282.14930240040775 5.3603670647287425 60.669029736978004 156.73565645860322 5400.0 5400.0 2016.0 1 69 {-999.0 18.929062 17.446287 16.281448 -999.0} sdss_psfmag_ps1 18.312742 16.95248 15.816102 13.577 63050395645772301 945744522 bright_1x1 openfibertargets_nov2020_8 open_fiber science 0 0 0.0 0.0 -999 ""
FIBERMAP 1226 R+8C2 METROLOGY 0 0 0 1 0 0 -158.78065167478593 151.4016063655325 143.1 -80.13729375852539 204.2517654469461 57.479836 32.12811 -999.0 -999.0 -999.0 -999.0 -999.0 282.15959403854595 5.324886868851518 282.1473343257131 5.3630353875469785 60.672198853413434 156.73761051535485 -999.0 6231.0 -999.0 -1 -999 {-999.0 -999.0 -999.0 -999.0 -999.0} "" -999.0 -999.0 -999.0 -999.0 -999 -999 "" "" "" "" 0 0 0.0 0.0 -999 ""
FIBERMAP 1229 R-10C17 APOGEE 1 1 0 1 0 0 178.67223534206008 -174.3285962431502 143.1 88.50677664265014 -233.4306660398335 140.22433 58.117615 282.92093791203826 3.339759361628194 -2.4435663 -2.4593284 0.20766854 282.92086530669513 3.339771090485378 282.9136119241585 3.3801933360072094 58.548053880753756 156.6226043161366 16000.0 16600.0 2016.0 2 188 {-999.0 24.977566 21.788925 18.144392 -999.0} sdss_psfmag_ps1 21.656372 17.66781 15.953378 9.478 63050395644102550 1154111757 bright_1x1 mwm_galactic_core_dist_apogee_sparse mwm_galactic science 0 0 0.0 0.0 -999 ""
FIBERMAP 1229 R-10C17 BOSS 0 0 0 1 0 0 179.36585022018255 -174.1064980462567 143.1 89.22941581066138 -233.5217664600482 140.22433 58.117615 -999.0 -999.0 -999.0 -999.0 -999.0 282.9241829897202 3.3392302659486397 282.9168887922961 3.379778895468046 58.546569828643655 156.6169613499175 -999.0 5400.0 -999.0 1 329 {-999.0 -999.0 -999.0 -999.0 -999.0} "" -999.0 -999.0 -999.0 -999.0 -999 -999 "" "" "" "" 0 0 0.0 0.0 -999 ""
FIBERMAP 1229 R-10C17 METROLOGY 0 0 0 1 0 0 179.22160361051158 -174.8313546077296 143.1 88.79293437832578 -234.1182459902673 140.22433 58.117615 -999.0 -999.0 -999.0 -999.0 -999.0 282.9221727539815 3.3365979358053086 282.91489729332955 3.3771085734351676 58.544717655313434 156.62226259538372 -999.0 6231.0 -999.0 -1 -999 {-999.0 -999.0 -999.0 -999.0 -999.0} "" -999.0 -999.0 -999.0 -999.0 -999 -999 "" "" "" "" 0 0 0.0 0.0 -999 ""
FIBERMAP 1232 R-4C22 APOGEE 0 0 0 1 0 0 240.9766462904291 -66.54982030079015 143.1 190.45623321370363 -161.96966074378835 88.13847 49.456787 -999.0 -999.0 -999.0 -999.0 -999.0 283.3843412223936 3.6617901154883534 283.3762255622057 3.7033374111814807 58.6941941372079 155.57726316975103 -999.0 16600.0 -999.0 2 -999 {-999.0 -999.0 -999.0 -999.0 -999.0} "" -999.0 -999.0 -999.0 -999.0 -999 -999 "" "" "" "" 0 0 0.0 0.0 -999 ""
FIBERMAP 1232 R-4C22 BOSS 1 1 0 1 0 0 241.5322496987397 -67.03724132111687 143.1 190.75451291281908 -162.64596199208793 88.13847 49.456787 283.38571395858065 3.658623003516703 -0.4407934 -2.6193361 0.36240608 283.38571103310494 3.6586198557560774 283.37755988059786 3.7002877545873614 58.69087164632904 155.576906012017 5400.0 5400.0 2016.0 1 322 {-999.0 19.099455 16.535257 15.135287 -999.0} sdss_psfmag_ps1 17.76816 15.658397 14.326827 11.151 63050395645278255 1093381460 bright_3x1 mwm_astar_core_boss mwm_ob science 0 0 0.0 0.0 -999 ""
FIBERMAP 1232 R-4C22 METROLOGY 0 0 0 1 0 0 240.82732334945746 -67.28082279039697 143.1 190.01255672069428 -162.5695727587358 88.13847 49.456787 -999.0 -999.0 -999.0 -999.0 -999.0 283.3823593091812 3.658989415098618 283.3742198579158 3.7006156354836275 58.69234011969895 155.58269852377188 -999.0 6231.0 -999.0 -1 -999 {-999.0 -999.0 -999.0 -999.0 -999.0} "" -999.0 -999.0 -999.0 -999.0 -999 -999 "" "" "" "" 0 0 0.0 0.0 -999 ""
FIBERMAP 1240 R+7C16 APOGEE 1 1 0 1 0 0 131.39269055983777 128.9025404677038 143.1 173.5076280967828 61.48132814400046 300.87897 135.75662 283.3134556119365 4.674626316630554 -2.0047028 -3.4169521 0.26939955 283.31344851373746 4.674608242689952 283.30277401102893 4.715770880617047 59.66750601857092 155.0146960235232 16000.0 16600.0 2016.0 2 66 {-999.0 23.782852 19.974195 16.892063 -999.0} sdss_psfmag_ps1 20.868813 16.89321 15.273726 9.255 63050395645557872 1154124214 bright_1x1 mwm_galactic_core_dist_apogee_sparse mwm_galactic science 0 0 0.0 0.0 -999 ""
FIBERMAP 1240 R+7C16 BOSS 0 0 0 1 0 0 131.2211221949513 128.18374605118754 143.1 173.04892739097934 60.90186760762768 300.87897 135.75662 -999.0 -999.0 -999.0 -999.0 -999.0 283.31146122768394 4.671896762099716 283.3007510493433 4.713166515476796 59.66579105186686 155.02026365343764 -999.0 5400.0 -999.0 1 201 {-999.0 -999.0 -999.0 -999.0 -999.0} "" -999.0 -999.0 -999.0 -999.0 -999 -999 "" "" "" "" 0 0 0.0 0.0 -999 ""
FIBERMAP 1240 R+7C16 METROLOGY 0 0 0 1 0 0 130.6739156232512 128.68087856387336 143.1 172.76235745126192 61.58343436144288 300.87897 135.75662 -999.0 -999.0 -999.0 -999.0 -999.0 283.31014594917366 4.6750256739302865 283.29944006135935 4.71625977499144 59.66914683104645 155.02049860281738 -999.0 6231.0 -999.0 -1 -999 {-999.0 -999.0 -999.0 -999.0 -999.0} "" -999.0 -999.0 -999.0 -999.0 -999 -999 "" "" "" "" 0 0 0.0 0.0 -999 ""
FIBERMAP 1241 R+7C13 APOGEE 1 1 0 1 0 0 58.926017607389824 143.1456290083164 143.1 113.8003190018177 104.95681382477134 4.7077756 163.98955 283.04257591939154 4.873463207059124 -2.990693 -5.5749664 0.119473785 283.0425599257548 4.873461150394052 283.03140400708514 4.913889405568445 59.94852364438499 155.37812172350232 16000.0 16600.0 2016.0 2 48 {-999.0 24.764256 20.37449 17.328558 -999.0} sdss_psfmag_ps1 21.433142 17.48618 15.767452 10.009 63050395645572118 1154124459 bright_1x1 mwm_galactic_core_dist_apogee_sparse mwm_galactic science 0 0 0.0 0.0 -999 ""
FIBERMAP 1241 R+7C13 BOSS 0 0 0 1 0 0 59.65804644397259 143.0022633786864 143.1 114.40367395854464 104.51810668120673 4.7077756 163.98955 -999.0 -999.0 -999.0 -999.0 -999.0 283.04538773106077 4.871383466022213 283.03419513364094 4.911930025672766 59.945711508808614 155.37429935373612 -999.0 5400.0 -999.0 1 150 {-999.0 -999.0 -999.0 -999.0 -999.0} "" -999.0 -999.0 -999.0 -999.0 -999 -999 "" "" "" "" 0 0 0.0 0.0 -999 ""
FIBERMAP 1241 R+7C13 METROLOGY 0 0 0 1 0 0 59.16810239112131 142.43709904529578 143.1 113.72105288726819 104.21222099135987 4.7077756 163.98955 -999.0 -999.0 -999.0 -999.0 -999.0 283.04226018463686 4.870037431440644 283.03108310820164 4.91054487745122 59.945505087263996 155.38106753321387 -999.0 6231.0 -999.0 -1 -999 {-999.0 -999.0 -999.0 -999.0 -999.0} "" -999.0 -999.0 -999.0 -999.0 -999 -999 "" "" "" "" 0 0 0.0 0.0 -999 ""
FIBERMAP 1251 R+6C7 APOGEE 1 1 0 1 0 0 -108.34531663082232 125.1953895167317 143.1 -45.45321508063707 159.21872005389446 210.52888 48.465626 282.31661730134664 5.121924758991779 -2.231953 -3.909493 -0.13061634 282.3166371361084 5.121913788120762 282.3049102692347 5.160428144590993 60.42876631548017 156.57474624146502 16000.0 16600.0 2016.0 2 100 {-999.0 20.770357 17.560312 15.732974 -999.0} sdss_psfmag_ps1 18.83011 16.2578 14.834022 10.578 63050395645762187 1154126027 bright_1x1 mwm_galactic_core_dist_apogee_sparse mwm_galactic science 0 0 0.0 0.0 -999 ""
FIBERMAP 1251 R+6C7 BOSS 0 0 0 1 0 0 -108.18620544444566 125.92147441788094 143.1 -45.00273625978074 159.81004496923012 210.52888 48.465626 -999.0 -999.0 -999.0 -999.0 -999.0 282.3187247984931 5.124531228953273 282.3069520073165 5.163159610586031 60.430656656353875 156.5690067306601 -999.0 5400.0 -999.0 1 66 {-999.0 -999.0 -999.0 -999.0 -999.0} "" -999.0 -999.0 -999.0 -999.0 -999 -999 "" "" "" "" 0 0 0.0 0.0 -999 ""
FIBERMAP 1251 R+6C7 METROLOGY 0 0 0 1 0 0 -107.6153371327772 125.39257007556346 143.1 -44.708107937594576 159.08968880064003 210.52888 48.465626 -999.0 -999.0 -999.0 -999.0 -999.0 282.32004844283074 5.121293487746479 282.3082948708505 5.159894978472699 60.427132496791344 156.56867494551238 -999.0 6231.0 -999.0 -1 -999 {-999.0 -999.0 -999.0 -999.0 -999.0} "" -999.0 -999.0 -999.0 -999.0 -999 -999 "" "" "" "" 0 0 0.0 0.0 -999 ""
FIBERMAP 1252 R+13C7 APOGEE 1 1 0 1 0 0 0.34383162068185946 269.2154323205394 143.1 113.84169788490874 243.98302621380006 114.96361 42.94276 283.0421945826517 5.499824281389292 -0.87686294 -4.8679748 -0.013217807 283.0421806058813 5.499804036254013 283.02943080318005 5.540108914119332 60.53470984666548 154.93421704505866 16000.0 16600.0 2016.0 2 46 {-999.0 20.764921 17.343807 15.433716 -999.0} sdss_psfmag_ps1 18.692724 15.897236 14.426831 9.851 63050395645757457 1154125832 bright_1x1 mwm_galactic_core_dist_apogee_sparse mwm_galactic science 0 0 0.0 0.0 -999 ""
FIBERMAP 1252 R+13C7 BOSS 0 0 0 1 0 0 1.041134303527885 268.9684461948507 143.1 114.36986527778542 243.46499891543732 114.96361 42.94276 -999.0 -999.0 -999.0 -999.0 -999.0 283.04462326335283 5.497365811171722 283.03183797166565 5.5377851993941025 60.53168249640052 154.93135998000454 -999.0 5400.0 -999.0 1 167 {-999.0 -999.0 -999.0 -999.0 -999.0} "" -999.0 -999.0 -999.0 -999.0 -999 -999 "" "" "" "" 0 0 0.0 0.0 -999 ""
FIBERMAP 1252 R+13C7 METROLOGY 0 0 0 1 0 0 0.4743212496668292 268.48239977755907 143.1 113.65090294831008 243.26327453117318 114.96361 42.94276 -999.0 -999.0 -999.0 -999.0 -999.0 283.0413562375606 5.496524768449261 283.0285851174931 5.536905397632444 60.53201977138805 154.93814554506062 -999.0 6231.0 -999.0 -1 -999 {-999.0 -999.0 -999.0 -999.0 -999.0} "" -999.0 -999.0 -999.0 -999.0 -999 -999 "" "" "" "" 0 0 0.0 0.0 -999 ""
FIBERMAP 1254 R+2C6 APOGEE 0 0 0 1 0 0 -156.10651606913282 23.49435952675948 143.1 -131.6516749163792 87.13612576198504 288.3826 101.13603 -999.0 -999.0 -999.0 -999.0 -999.0 281.92267747296853 4.795228924896177 281.9118187768674 4.832793071842289 60.248219204789784 157.5398385547208 -999.0 16600.0 -999.0 2 -999 {-999.0 -999.0 -999.0 -999.0 -999.0} "" -999.0 -999.0 -999.0 -999.0 -999 -999 "" "" "" "" 0 0 0.0 0.0 -999 ""
FIBERMAP 1254 R+2C6 BOSS 1 1 0 1 0 0 -156.72422278122724 23.12724558585579 143.1 -132.36663366835694 87.06371306771413 288.3826 101.13603 281.9193800820294 4.794829332184541 1.4887408 0.24982908 0.92218864 281.9194156862461 4.794819559256893 281.90852056134537 4.832485904746575 60.24898784550085 157.54630737459107 5400.0 5400.0 2016.0 1 48 {-999.0 17.90596 16.676836 16.124676 -999.0} sdss_psfmag_ps1 17.436539 16.608192 15.707576 13.654 63050395645660295 982158598 "" ops_std_boss_tic ops_std standard_boss 0 0 0.0 0.0 -999 ""
FIBERMAP 1254 R+2C6 METROLOGY 0 0 0 1 0 0 -156.7530621241805 23.866703694451296 143.1 -132.08095123984623 87.74642494618737 288.3826 101.13603 -999.0 -999.0 -999.0 -999.0 -999.0 281.92072520643995 4.797944294962036 281.90983268436327 4.835582072678446 60.25149730553808 157.54180186968722 -999.0 6231.0 -999.0 -1 -999 {-999.0 -999.0 -999.0 -999.0 -999.0} "" -999.0 -999.0 -999.0 -999.0 -999 -999 "" "" "" "" 0 0 0.0 0.0 -999 ""
FIBERMAP 1256 R-7C15 APOGEE 0 0 0 1 0 0 83.46570908247656 -132.03789143978364 143.1 20.006538666956942 -154.93169587398984 199.30653 80.24 -999.0 -999.0 -999.0 -999.0 -999.0 282.61150304803976 3.6933217477891236 282.603384847227 3.732877076358775 58.983534184296474 156.96003308249954 -999.0 16600.0 -999.0 2 -999 {-999.0 -999.0 -999.0 -999.0 -999.0} "" -999.0 -999.0 -999.0 -999.0 -999 -999 "" "" "" "" 0 0 0.0 0.0 -999 ""
FIBERMAP 1256 R-7C15 BOSS 1 1 0 1 0 0 83.37489061022339 -131.20358220014393 143.1 20.27601696430511 -154.1368347641298 199.30653 80.24 282.61278810118273 3.6967605513156285 5.5741687 -2.1460578 2.820451 282.61278980244373 3.6967426390782667 282.6046221992685 3.7364165083587557 58.98646830305445 156.95550521733037 5400.0 5400.0 2016.0 1 317 {-999.0 17.52261 16.054296 15.235302 -999.0} sdss_psfmag_ps1 16.874174 15.801447 14.6823225 12.467 63050395645493733 1096719009 bright_1x1 mwm_bin_vis_boss mwm_filler science 0 0 0.0 0.0 -999 ""
FIBERMAP 1256 R-7C15 METROLOGY 0 0 0 1 0 0 84.03305884290475 -131.55335431029417 143.1 20.72535121233332 -154.73156646401478 199.30653 80.24 -999.0 -999.0 -999.0 -999.0 -999.0 282.6148148241795 3.694091170653757 282.6066652455669 3.7337379408982097 58.983267152211695 156.95348489458326 -999.0 6231.0 -999.0 -1 -999 {-999.0 -999.0 -999.0 -999.0 -999.0} "" -999.0 -999.0 -999.0 -999.0 -999 -999 "" "" "" "" 0 0 0.0 0.0 -999 ""
FIBERMAP 1260 R+1C4 APOGEE 0 0 0 1 0 0 -204.00964350618122 27.634176853088235 143.1 -173.3450599815206 111.09122729882243 36.485172 123.22476 -999.0 -999.0 -999.0 -999.0 -999.0 281.73405136887516 4.903528379819659 281.72293257400526 4.940585557955602 60.41063558430835 157.83020252989002 -999.0 16600.0 -999.0 2 -999 {-999.0 -999.0 -999.0 -999.0 -999.0} "" -999.0 -999.0 -999.0 -999.0 -999 -999 "" "" "" "" 0 0 0.0 0.0 -999 ""
FIBERMAP 1260 R+1C4 BOSS 1 1 0 1 0 0 -203.3034077860792 27.40102130466041 143.1 -172.8029595505744 110.58197462591339 36.485172 123.22476 281.7365123533483 4.901124574631478 -1.2870566 -4.1118555 0.42961738 281.736488516334 4.901145610543201 281.7253385120207 4.9383194887037005 60.40772405852214 157.82706283273868 5400.0 5400.0 2016.0 1 62 {-999.0 18.908102 17.274736 16.437351 15.709653} sdss_psfmag_from_ps1dr2 18.2151 17.139 16.0908 -999.0 63050395645682498 1040114160 "" ops_std_boss_ps1dr2 ops_std standard_boss 0 0 0.0 0.0 -999 ""
FIBERMAP 1260 R+1C4 METROLOGY 0 0 0 1 0 0 -203.86051034668006 26.903135622206555 143.1 -173.518108975144 110.3654192650192 36.485172 123.22476 -999.0 -999.0 -999.0 -999.0 -999.0 281.73324444100996 4.900183205345052 281.72210770039044 4.937317754483989 60.40779964085548 157.8338876265927 -999.0 6231.0 -999.0 -1 -999 {-999.0 -999.0 -999.0 -999.0 -999.0} "" -999.0 -999.0 -999.0 -999.0 -999 -999 "" "" "" "" 0 0 0.0 0.0 -999 ""
FIBERMAP 1265 R+5C6 APOGEE 0 0 0 1 0 0 -123.41532608716126 86.90959093990178 143.1 -75.26426522876964 130.85578613883223 239.81839 139.0525 -999.0 -999.0 -999.0 -999.0 -999.0 282.18021123895244 4.993588255189617 282.16882356678946 5.031776636967976 60.352646329379354 156.92018762617457 -999.0 16600.0 -999.0 2 -999 {-999.0 -999.0 -999.0 -999.0 -999.0} "" -999.0 -999.0 -999.0 -999.0 -999 -999 "" "" "" "" 0 0 0.0 0.0 -999 ""
FIBERMAP 1265 R+5C6 BOSS 1 1 0 1 0 0 -124.08403807724268 86.61955793379516 143.1 -75.99297069003939 130.87478068825783 239.81839 139.0525 282.176888584236 4.993627710757467 -2.348647 -3.246812 0.3323804 282.17689932884576 4.9936147581234644 282.16547326565683 5.0319043202299705 60.3538710606424 156.9264691654932 5400.0 5400.0 2016.0 1 50 {-999.0 19.84796 16.751484 15.2589445 -999.0} sdss_psfmag_ps1 18.066214 15.716445 14.338906 10.248 63050395645698855 934472961 bright_1x1 openfibertargets_nov2020_34a open_fiber science 0 0 0.0 0.0 -999 ""
FIBERMAP 1265 R+5C6 METROLOGY 0 0 0 1 0 0 -124.01498296601032 87.35352067326147 143.1 -75.6208337423966 131.51122656420839 239.81839 139.0525 -999.0 -999.0 -999.0 -999.0 -999.0 282.1786019594461 4.996520125725651 282.1671792705348 5.034782403651513 60.3560247711403 156.92130169420204 -999.0 6231.0 -999.0 -1 -999 {-999.0 -999.0 -999.0 -999.0 -999.0} "" -999.0 -999.0 -999.0 -999.0 -999 -999 "" "" "" "" 0 0 0.0 0.0 -999 ""
FIBERMAP 1266 R-1C23 APOGEE 0 0 0 1 0 0 209.26523138960175 -7.415561412011476 143.1 186.63721702630346 -94.97304209810342 102.60193 120.71805 -999.0 -999.0 -999.0 -999.0 -999.0 283.36979381581114 3.9643213141743887 283.3609141350921 4.00577022818337 58.98287953504263 155.40056552724738 -999.0 16600.0 -999.0 2 -999 {-999.0 -999.0 -999.0 -999.0 -999.0} "" -999.0 -999.0 -999.0 -999.0 -999 -999 "" "" "" "" 0 0 0.0 0.0 -999 ""
FIBERMAP 1266 R-1C23 BOSS 1 1 0 1 0 0 209.7992797587546 -6.886586350545484 143.1 187.34457120734382 -94.71857238462884 102.60193 120.71805 283.3731079101562 3.9653301531035794 -999.0 -999.0 -999.0 283.3730794290601 3.965337679965194 283.3641536490097 4.006909816955953 58.982812556815844 155.3939169260429 5400.0 5400.0 2015.5 1 312 {-999.0 -999.0 -999.0 -999.0 -999.0} "" -999.0 -999.0 -999.0 -999.0 27021603150604142 852919530 "" ops_sky_boss_fallback ops_sky sky_boss 0 0 0.0 0.0 -999 ""
FIBERMAP 1266 R-1C23 METROLOGY 0 0 0 1 0 0 209.98263468801414 -7.62048697883716 143.1 187.20134912883478 -95.46140490076243 102.60193 120.71805 -999.0 -999.0 -999.0 -999.0 -999.0 283.37238762557797 3.962010905055436 283.3634825791897 4.003549358035798 58.97990079438055 155.3974220086047 -999.0 6231.0 -999.0 -1 -999 {-999.0 -999.0 -999.0 -999.0 -999.0} "" -999.0 -999.0 -999.0 -999.0 -999 -999 "" "" "" "" 0 0 0.0 0.0 -999 ""
FIBERMAP 1270 R+5C12 APOGEE 1 1 0 1 0 0 11.39398776155391 112.65757892145442 143.1 57.84065205639777 97.35442481117951 107.06926 96.285095 282.78748999284113 4.8401939689179585 -8.930087 -8.917619 0.55747414 282.7874426078055 4.840166980167497 282.7763934476242 4.87994663105978 60.00519442901824 155.87776181968883 16000.0 16600.0 2016.0 2 8 {-999.0 18.813313 15.818208 14.303284 -999.0} sdss_psfmag_ps1 17.133932 14.813926 13.445101 9.529 63050395645571468 1154124441 bright_1x1 mwm_galactic_core_dist_apogee_sparse mwm_galactic science 0 0 0.0 0.0 -999 ""
FIBERMAP 1270 R+5C12 BOSS 0 0 0 1 0 0 12.081372525537805 112.93819797858447 143.1 58.58232030580147 97.31901914077672 107.06926 96.285095 -999.0 -999.0 -999.0 -999.0 -999.0 282.7908950411292 4.839926676945758 282.7798053667134 4.879825915166682 60.00390845383732 155.87146244788065 -999.0 5400.0 -999.0 1 116 {-999.0 -999.0 -999.0 -999.0 -999.0} "" -999.0 -999.0 -999.0 -999.0 -999 -999 "" "" "" "" 0 0 0.0 0.0 -999 ""
FIBERMAP 1270 R+5C12 METROLOGY 0 0 0 1 0 0 11.983921941913668 112.20708277299416 143.1 58.185634801625056 96.69713000148077 107.06926 96.285095 -999.0 -999.0 -999.0 -999.0 -999.0 282.78906263255044 4.837131619722286 282.7779918035313 4.876995345249238 60.00187495412852 155.87680790538477 -999.0 6231.0 -999.0 -1 -999 {-999.0 -999.0 -999.0 -999.0 -999.0} "" -999.0 -999.0 -999.0 -999.0 -999 -999 "" "" "" "" 0 0 0.0 0.0 -999 ""
FIBERMAP 1271 R-4C14 APOGEE 0 0 0 1 0 0 52.2816678406344 -82.55959416033996 143.1 12.593769602002785 -96.91362452869411 288.00934 150.91072 -999.0 -999.0 -999.0 -999.0 -999.0 282.57850663440973 3.956528026953923 282.5697233211812 3.9959457132553653 59.24291532417409 156.8523705764939 -999.0 16600.0 -999.0 2 -999 {-999.0 -999.0 -999.0 -999.0 -999.0} "" -999.0 -999.0 -999.0 -999.0 -999 -999 "" "" "" "" 0 0 0.0 0.0 -999 ""
FIBERMAP 1271 R-4C14 BOSS 1 1 0 1 0 0 52.14499611510113 -83.28656551771077 143.1 12.163265348939504 -97.51521616121512 288.00934 150.91072 282.57659912109375 3.953645406856154 -999.0 -999.0 -999.0 282.57658057483263 3.953636366029802 282.567764425487 3.9931643735537268 59.24093852445095 156.85777769758974 5400.0 5400.0 2015.5 1 324 {-999.0 -999.0 -999.0 -999.0 -999.0} "" -999.0 -999.0 -999.0 -999.0 27021603150616795 820734581 "" ops_sky_boss_good ops_sky sky_boss 0 0 0.0 0.0 -999 ""
FIBERMAP 1271 R-4C14 METROLOGY 0 0 0 1 0 0 51.57729111343205 -82.80559295441729 143.1 11.851292412598148 -96.83965913583232 288.00934 150.91072 -999.0 -999.0 -999.0 -999.0 -999.0 282.5751532488138 3.9567514379192703 282.5663407691852 3.9962426369282342 59.2443134488515 156.85840388965147 -999.0 6231.0 -999.0 -1 -999 {-999.0 -999.0 -999.0 -999.0 -999.0} "" -999.0 -999.0 -999.0 -999.0 -999 -999 "" "" "" "" 0 0 0.0 0.0 -999 ""
FIBERMAP 1272 R+1C9 APOGEE 1 1 0 1 0 0 -80.85054940282558 9.973045167081 143.1 -69.11062145961719 43.138890821705154 56.079132 12.067046 282.20702427042534 4.595017472209047 -1.3290774 -7.600294 0.14876264 282.20697733817303 4.595024938212465 282.19660402098475 4.633360211482439 59.96734452211854 157.13139915202717 16000.0 16600.0 2016.0 2 147 {-999.0 20.209143 17.092375 15.377916 -999.0} sdss_psfmag_ps1 18.416044 15.885036 14.473392 10.351 63050395645620165 1154125015 bright_1x1 mwm_galactic_core_dist_apogee_sparse mwm_galactic science 0 0 0.0 0.0 -999 ""
FIBERMAP 1272 R+1C9 BOSS 0 0 0 1 0 0 -81.13052725461728 9.276663132099163 143.1 -69.65817783701313 42.62547111064737 56.079132 12.067046 -999.0 -999.0 -999.0 -999.0 -999.0 282.2044746438275 4.59260234307502 282.19406889582285 4.631043218208793 59.96598388517113 157.13768632765576 -999.0 5400.0 -999.0 1 45 {-999.0 -999.0 -999.0 -999.0 -999.0} "" -999.0 -999.0 -999.0 -999.0 -999 -999 "" "" "" "" 0 0 0.0 0.0 -999 ""
FIBERMAP 1272 R+1C9 METROLOGY 0 0 0 1 0 0 -81.59874784601979 9.867856475718611 143.1 -69.83345620521688 43.359024533703455 56.079132 12.067046 -999.0 -999.0 -999.0 -999.0 -999.0 282.203679372769 4.595970437075845 282.1932761182385 4.6343769751883155 59.96939247585963 157.1369946407232 -999.0 6231.0 -999.0 -1 -999 {-999.0 -999.0 -999.0 -999.0 -999.0} "" -999.0 -999.0 -999.0 -999.0 -999 -999 "" "" "" "" 0 0 0.0 0.0 -999 ""
FIBERMAP 1276 R-2C3 APOGEE 1 1 0 1 0 0 -228.61226418326999 -25.5932072968565 143.1 -218.10136905944154 73.19903553847088 116.50687 109.199486 281.5311868601214 4.731517471428269 -2.6781428 -5.960776 0.14306167 281.53114547346564 4.7315003456885805 281.52048459949685 4.768068128169707 60.31045753433078 158.3272340421502 16000.0 16600.0 2016.0 2 257 {-999.0 18.98944 16.398125 15.114633 -999.0} sdss_psfmag_ps1 17.518873 15.608558 14.32548 10.859 63050395645670089 1154125302 bright_1x1 mwm_galactic_core_dist_apogee_sparse mwm_galactic science 0 0 0.0 0.0 -999 ""
FIBERMAP 1276 R-2C3 BOSS 0 0 0 1 0 0 -228.11399818795152 -25.041847889112972 143.1 -217.41702317087737 73.4888933263796 116.50687 109.199486 -999.0 -999.0 -999.0 -999.0 -999.0 281.534234064504 4.732720243429482 281.5235333659258 4.769406404615106 60.310782245185294 158.3205633465296 -999.0 5400.0 -999.0 1 475 {-999.0 -999.0 -999.0 -999.0 -999.0} "" -999.0 -999.0 -999.0 -999.0 -999 -999 "" "" "" "" 0 0 0.0 0.0 -999 ""
FIBERMAP 1276 R-2C3 METROLOGY 0 0 0 1 0 0 -227.88488910578175 -25.76302739304534 143.1 -217.51339021282362 72.73830166444445 116.50687 109.199486 -999.0 -999.0 -999.0 -999.0 -999.0 281.533781714566 4.72935003159258 281.52309999924495 4.766004336518645 60.30768426536969 158.3235326415865 -999.0 6231.0 -999.0 -1 -999 {-999.0 -999.0 -999.0 -999.0 -999.0} "" -999.0 -999.0 -999.0 -999.0 -999 -999 "" "" "" "" 0 0 0.0 0.0 -999 ""
FIBERMAP 1281 R+5C7 APOGEE 1 1 0 1 0 0 -117.46078304573153 91.10545450337719 143.1 -68.0951858063836 132.1495795630283 230.8566 81.70323 282.21291274753787 4.999459286494828 0.33623984 -3.6593015 0.22918858 282.2129190878191 4.999441483604785 282.20151366001977 5.037712882480283 60.347456770125305 156.85410455682268 16000.0 16600.0 2016.0 2 108 {-999.0 21.226078 17.691635 15.618453 -999.0} sdss_psfmag_ps1 19.094597 16.052776 14.564517 9.962 63050395645640579 1154125071 bright_1x1 mwm_galactic_core_dist_apogee_sparse mwm_galactic science 0 0 0.0 0.0 -999 ""
FIBERMAP 1281 R+5C7 BOSS 0 0 0 1 0 0 -117.94937023014435 91.65854500171599 143.1 -68.30500108233613 132.85716956046937 230.8566 81.70323 -999.0 -999.0 -999.0 -999.0 -999.0 282.2119869968529 5.002589373235474 282.2005348849956 5.040967440938628 60.35085045703458 156.85378082962094 -999.0 5400.0 -999.0 1 54 {-999.0 -999.0 -999.0 -999.0 -999.0} "" -999.0 -999.0 -999.0 -999.0 -999 -999 "" "" "" "" 0 0 0.0 0.0 -999 ""
FIBERMAP 1281 R+5C7 METROLOGY 0 0 0 1 0 0 -117.2202648191644 91.81097370895765 143.1 -67.57955872094216 132.68792535989445 230.8566 81.70323 -999.0 -999.0 -999.0 -999.0 -999.0 282.2152861134722 5.001842711366542 282.2038465908402 5.04019833389805 60.349030178288004 156.848006196567 -999.0 6231.0 -999.0 -1 -999 {-999.0 -999.0 -999.0 -999.0 -999.0} "" -999.0 -999.0 -999.0 -999.0 -999 -999 "" "" "" "" 0 0 0.0 0.0 -999 ""
FIBERMAP 1285 R+9C4 APOGEE 0 0 0 1 0 0 -118.7492875155151 191.1643400336003 143.1 -27.068132416964247 223.42763674667808 104.55614 82.20021 -999.0 -999.0 -999.0 -999.0 -999.0 282.4014945791899 5.411084958687774 282.38902238307986 5.449761406033497 60.67273370572875 156.2154284487245 -999.0 16600.0 -999.0 2 -999 {-999.0 -999.0 -999.0 -999.0 -999.0} "" -999.0 -999.0 -999.0 -999.0 -999 -999 "" "" "" "" 0 0 0.0 0.0 -999 ""
FIBERMAP 1285 R+9C4 BOSS 1 1 0 1 0 0 -118.00824702980887 191.2671665866675 143.1 -26.352784728582602 223.20837957468783 104.55614 82.20021 282.40479507483985 5.410043271497699 -0.9680012 -7.478696 1.0782413 282.4047823314595 5.410028304973004 282.39227328487425 5.448821305540886 60.67074726207002 156.2098706202618 5400.0 5400.0 2016.0 1 15 {-999.0 17.382685 16.164612 15.563883 -999.0} sdss_psfmag_ps1 16.91228 16.061695 15.141249 13.362 63050395645770191 982158607 "" ops_std_boss_tic ops_std standard_boss 0 0 0.0 0.0 -999 ""
FIBERMAP 1285 R+9C4 METROLOGY 0 0 0 1 0 0 -118.28750135249014 190.57832337841847 143.1 -26.896505827966045 222.70149105187826 104.55614 82.20021 -999.0 -999.0 -999.0 -999.0 -999.0 282.40228833698757 5.4077800726666405 282.38979637275554 5.446536526420254 60.66943924122116 156.21619236149616 -999.0 6231.0 -999.0 -1 -999 {-999.0 -999.0 -999.0 -999.0 -999.0} "" -999.0 -999.0 -999.0 -999.0 -999 -999 "" "" "" "" 0 0 0.0 0.0 -999 ""
FIBERMAP 1287 R+12C7 APOGEE 0 0 0 1 0 0 -11.858052279680331 230.07453536830565 143.1 86.27090036782032 213.63517078780487 329.1073 133.04918 -999.0 -999.0 -999.0 -999.0 -999.0 282.9173302557637 5.365012423589191 282.9049338313879 5.40502304885919 60.45253210340207 155.2669357621543 -999.0 16600.0 -999.0 2 -999 {-999.0 -999.0 -999.0 -999.0 -999.0} "" -999.0 -999.0 -999.0 -999.0 -999 -999 "" "" "" "" 0 0 0.0 0.0 -999 ""
FIBERMAP 1287 R+12C7 BOSS 1 1 0 1 0 0 -11.683750494537112 229.34981345654074 143.1 86.12333950633328 212.90447942009433 329.1073 133.04918 282.9167200900954 5.361683089882528 2.9816482 -2.4789999 0.6577473 282.9167168567667 5.361662399698823 282.90428791715294 5.401780434064352 60.44972591183432 155.27047895703572 5400.0 5400.0 2016.0 1 155 {-999.0 18.62849 17.02325 16.141657 15.449113} sdss_psfmag_from_ps1dr2 17.8995 16.8659 15.8154 13.794 63050395645751111 1040114185 "" ops_std_boss_ps1dr2 ops_std standard_boss 0 0 0.0 0.0 -999 ""
FIBERMAP 1287 R+12C7 METROLOGY 0 0 0 1 0 0 -12.398775603149925 229.56045340210977 143.1 85.56377376780522 213.39702119683628 329.1073 133.04918 -999.0 -999.0 -999.0 -999.0 -999.0 282.9141572931498 5.363914534899144 282.90173447655684 5.403994851703005 60.45269567593893 155.27371468109322 -999.0 6231.0 -999.0 -1 -999 {-999.0 -999.0 -999.0 -999.0 -999.0} "" -999.0 -999.0 -999.0 -999.0 -999 -999 "" "" "" "" 0 0 0.0 0.0 -999 ""
FIBERMAP 1289 R-2C15 APOGEE 1 1 0 1 0 0 42.58487421205864 -26.30757435083985 143.1 27.52243653932931 -41.81436705164394 97.84518 119.4724 282.6474077270531 4.207065984715721 -1.232107 -5.3235726 0.03948793 282.64738118540953 4.207046818245027 282.6379547421424 4.246591657512312 59.456536608658915 156.56260863235096 16000.0 16600.0 2016.0 2 219 {-999.0 23.339148 19.560255 17.09935 -999.0} sdss_psfmag_ps1 20.953062 17.378248 15.819146 10.511 63050395645534976 1154124050 bright_1x1 mwm_galactic_core_dist_apogee_sparse mwm_galactic science 0 0 0.0 0.0 -999 ""
FIBERMAP 1289 R-2C15 BOSS 0 0 0 1 0 0 43.168990837942495 -25.860426576430516 143.1 28.240686158953437 -41.65521348725434 97.84518 119.4724 -999.0 -999.0 -999.0 -999.0 -999.0 282.65071915883624 4.20762638536453 282.6412503843271 4.247293232753947 59.4560951408861 156.5560530461222 -999.0 5400.0 -999.0 1 273 {-999.0 -999.0 -999.0 -999.0 -999.0} "" -999.0 -999.0 -999.0 -999.0 -999 -999 "" "" "" "" 0 0 0.0 0.0 -999 ""
FIBERMAP 1289 R-2C15 METROLOGY 0 0 0 1 0 0 43.283471440283655 -26.599303623633244 143.1 28.032909365134103 -42.373513930459836 97.84518 119.4724 -999.0 -999.0 -999.0 -999.0 -999.0 282.649746334603 4.204394116156169 282.64029735750614 4.244026939355403 59.45333689812659 156.55997063248398 -999.0 6231.0 -999.0 -1 -999 {-999.0 -999.0 -999.0 -999.0 -999.0} "" -999.0 -999.0 -999.0 -999.0 -999 -999 "" "" "" "" 0 0 0.0 0.0 -999 ""
FIBERMAP 1296 R-5C7 APOGEE 1 1 0 1 0 0 -84.24492346103926 -109.96923231798658 143.1 -122.7691257376758 -64.1948818641904 24.601242 39.989082 281.96163809415026 4.107159662505913 0.62273824 -7.69317 0.2620508 281.9616522607855 4.107120929480491 281.9525453269304 4.144920879025526 59.58347957915089 157.9019143460108 16000.0 16600.0 2016.0 2 262 {-999.0 19.394945 16.1259 14.166844 -999.0} sdss_psfmag_ps1 17.522112 14.605623 13.149498 8.747 63050395644754435 1154115676 bright_1x1 mwm_galactic_core_dist_apogee_sparse mwm_galactic science 0 0 0.0 0.0 -999 ""
FIBERMAP 1296 R-5C7 BOSS 0 0 0 1 0 0 -84.56651178303774 -110.64247046515038 143.1 -123.34465509678942 -64.66976699243746 24.601242 39.989082 -999.0 -999.0 -999.0 -999.0 -999.0 281.95902253483865 4.10483155150491 281.94988356364894 4.142738913740245 59.58225212663073 157.9082540177508 -999.0 5400.0 -999.0 1 464 {-999.0 -999.0 -999.0 -999.0 -999.0} "" -999.0 -999.0 -999.0 -999.0 -999 -999 "" "" "" "" 0 0 0.0 0.0 -999 ""
FIBERMAP 1296 R-5C7 METROLOGY 0 0 0 1 0 0 -84.98574505455852 -110.03360222523646 143.1 -123.46805751297427 -63.94084401861241 24.601242 39.989082 -999.0 -999.0 -999.0 -999.0 -999.0 281.9584612129794 4.108183375556175 281.9493245603889 4.146056385047869 59.58557519547614 157.90722069556912 -999.0 6231.0 -999.0 -1 -999 {-999.0 -999.0 -999.0 -999.0 -999.0} "" -999.0 -999.0 -999.0 -999.0 -999 -999 "" "" "" "" 0 0 0.0 0.0 -999 ""
FIBERMAP 1300 R+11C12 APOGEE 1 1 0 1 0 0 60.5870087198072 217.8997147364088 143.1 146.83081355719187 172.04433099335324 201.4508 74.37783 283.1924639929982 5.1757457294034515 -3.21739 0.34192565 0.19804378 283.19245825575194 5.175752337536547 283.18052112343753 5.216505958845519 60.17869858238585 154.8845877173779 16000.0 16600.0 2016.0 2 11 {-999.0 24.434711 19.845667 17.294249 -999.0} sdss_psfmag_ps1 20.883623 17.379044 15.795071 10.258 63050395645578987 1156795458 bright_1x1 mwm_galactic_core_dist_apogee_extra mwm_galactic science 0 0 0.0 0.0 -999 ""
FIBERMAP 1300 R+11C12 BOSS 0 0 0 1 0 0 60.46872063540564 218.63971581133495 143.1 147.03561168706383 172.76525635944293 201.4508 74.37783 -999.0 -999.0 -999.0 -999.0 -999.0 283.19344627585946 5.178910533977275 283.1814588934294 5.219775361026971 60.18141604651344 154.88047802138908 -999.0 5400.0 -999.0 1 142 {-999.0 -999.0 -999.0 -999.0 -999.0} "" -999.0 -999.0 -999.0 -999.0 -999 -999 "" "" "" "" 0 0 0.0 0.0 -999 ""
FIBERMAP 1300 R+11C12 METROLOGY 0 0 0 1 0 0 61.166743150641736 218.3679691089012 143.1 147.553990136219 172.2244722930818 201.4508 74.37783 -999.0 -999.0 -999.0 -999.0 -999.0 283.19578235595367 5.17647852843633 283.18381290026736 5.217318861691602 60.178282468023255 154.8778479257615 -999.0 6231.0 -999.0 -1 -999 {-999.0 -999.0 -999.0 -999.0 -999.0} "" -999.0 -999.0 -999.0 -999.0 -999 -999 "" "" "" "" 0 0 0.0 0.0 -999 ""
FIBERMAP 1301 R+2C23 APOGEE 1 1 0 1 0 0 219.2376629436358 45.48931407798283 143.1 217.9906781215612 -51.203658994264885 64.72249 161.658 283.51269982009273 4.163269235575081 -2.0806208 -2.867514 0.38902387 283.5124705234131 4.162506181717336 283.50307561615745 4.204281303068085 59.11843350624869 155.00617736335576 16000.0 16600.0 2016.0 2 82 {-999.0 19.996132 16.86276 15.219187 -999.0} sdss_psfmag_ps1 18.244207 15.721836 14.316733 10.398 63050395645305595 1154119687 bright_1x1 mwm_galactic_core_dist_apogee_sparse mwm_galactic science 0 0 0.0 0.0 -999 ""
FIBERMAP 1301 R+2C23 BOSS 0 0 0 1 0 0 219.73782734786732 46.03667445373772 143.1 218.67505909386392 -50.91822815152527 64.72249 161.658 -999.0 -999.0 -999.0 -999.0 -999.0 283.5156391636643 4.163671654305094 283.50619736377377 4.205568802036941 59.11852725124625 154.99961591983086 -999.0 5400.0 -999.0 1 225 {-999.0 -999.0 -999.0 -999.0 -999.0} "" -999.0 -999.0 -999.0 -999.0 -999 -999 "" "" "" "" 0 0 0.0 0.0 -999 ""
FIBERMAP 1301 R+2C23 METROLOGY 0 0 0 1 0 0 219.95623544435816 45.30984483118184 143.1 218.56660556830317 -51.669430738232926 64.72249 161.658 -999.0 -999.0 -999.0 -999.0 -999.0 283.51510968858656 4.160302923453621 283.5056888335506 4.202167055347581 59.115529482515726 155.00290056790357 -999.0 6231.0 -999.0 -1 -999 {-999.0 -999.0 -999.0 -999.0 -999.0} "" -999.0 -999.0 -999.0 -999.0 -999 -999 "" "" "" "" 0 0 0.0 0.0 -999 ""
FIBERMAP 1302 R-9C18 APOGEE 1 1 0 1 0 0 201.15132201508885 -181.14571571009083 143.1 106.01627820524456 -249.09209553041745 326.48447 120.832405 282.9995024784689 3.27001801077623 -4.4638376 -6.941559 -0.4574262 282.9994733605299 3.2699852946719177 282.9923884549044 3.31062377112193 58.456165706140546 156.52536463129098 16000.0 16600.0 2016.0 2 187 {-999.0 24.38428 21.40729 18.549944 -999.0} sdss_psfmag_ps1 21.48969 18.671946 17.044138 10.95 63050395644085945 1154111226 bright_1x1 mwm_galactic_core_dist_apogee_sparse mwm_galactic science 0 0 0.0 0.0 -999 ""
FIBERMAP 1302 R-9C18 BOSS 0 0 0 1 0 0 201.12583397185276 -181.89673158028762 143.1 105.67645701946388 -249.76237792225908 326.48447 120.832405 -999.0 -999.0 -999.0 -999.0 -999.0 282.99795373838316 3.266871699256377 282.99083474068914 3.3076250279947415 58.45386113742542 156.5300806458687 -999.0 5400.0 -999.0 1 330 {-999.0 -999.0 -999.0 -999.0 -999.0} "" -999.0 -999.0 -999.0 -999.0 -999 -999 "" "" "" "" 0 0 0.0 0.0 -999 ""
FIBERMAP 1302 R-9C18 METROLOGY 0 0 0 1 0 0 200.4883973007015 -181.5065292687547 143.1 105.2629720986159 -249.13972622987268 326.48447 120.832405 -999.0 -999.0 -999.0 -999.0 -999.0 282.9960981521481 3.269678417245662 282.9889841901771 3.3103929204542286 58.45708838030835 156.53163265005068 -999.0 6231.0 -999.0 -1 -999 {-999.0 -999.0 -999.0 -999.0 -999.0} "" -999.0 -999.0 -999.0 -999.0 -999 -999 "" "" "" "" 0 0 0.0 0.0 -999 ""
FIBERMAP 1303 R-7C11 APOGEE 1 1 0 1 0 0 13.655864093533605 -147.42095253418293 143.1 -49.785065490528574 -139.44198606029786 271.9729 128.28987 282.293701171875 3.7643751148927436 -999.0 -999.0 -999.0 282.2937134660203 3.764372387109405 282.2854464781088 3.8030957360357824 59.1533889536604 157.4989301517307 16000.0 16600.0 2015.5 2 151 {-999.0 -999.0 -999.0 -999.0 -999.0} "" -999.0 -999.0 -999.0 -999.0 27021603150593003 849030891 "" ops_sky_apogee_good ops_sky sky_apogee 0 0 0.0 0.0 -999 ""
FIBERMAP 1303 R-7C11 BOSS 0 0 0 1 0 0 13.08991372404731 -147.90950558605394 143.1 -50.50430259088037 -139.6463472927287 271.9729 128.28987 -999.0 -999.0 -999.0 -999.0 -999.0 282.2904566039537 3.7632891359296203 282.28215327671654 3.8021197866523964 59.15352476272778 157.5056101961237 -999.0 5400.0 -999.0 1 377 {-999.0 -999.0 -999.0 -999.0 -999.0} "" -999.0 -999.0 -999.0 -999.0 -999 -999 "" "" "" "" 0 0 0.0 0.0 -999 ""
FIBERMAP 1303 R-7C11 METROLOGY 0 0 0 1 0 0 12.950245511004907 -147.1857774255416 143.1 -50.325754631434414 -138.931162275117 271.9729 128.28987 -999.0 -999.0 -999.0 -999.0 -999.0 282.2912652460292 3.766568823779216 282.28296466955805 3.8053681656897846 59.156338577781774 157.50207258046134 -999.0 6231.0 -999.0 -1 -999 {-999.0 -999.0 -999.0 -999.0 -999.0} "" -999.0 -999.0 -999.0 -999.0 -999 -999 "" "" "" "" 0 0 0.0 0.0 -999 ""
FIBERMAP 1304 R+7C15 APOGEE 0 0 0 1 0 0 112.26057335228296 129.20143806298063 143.1 156.2844248083012 69.82051117527534 334.3697 115.8066 -999.0 -999.0 -999.0 -999.0 -999.0 283.2354355883595 4.7129069097372875 283.2246707499662 4.753861826077584 59.730786624675375 155.13203729507362 -999.0 16600.0 -999.0 2 -999 {-999.0 -999.0 -999.0 -999.0 -999.0} "" -999.0 -999.0 -999.0 -999.0 -999 -999 "" "" "" "" 0 0 0.0 0.0 -999 ""
FIBERMAP 1304 R+7C15 BOSS 1 1 0 1 0 0 112.26316469290505 128.48156000183286 143.1 155.98319738708142 69.16662369016711 334.3697 115.8066 283.23414633725565 4.70987062562119 -3.1979089 -8.99908 0.95798206 283.2341589780366 4.709857711222428 283.22335954975983 4.750921420949646 59.728501141430584 155.13653052054536 5400.0 5400.0 2016.0 1 187 {-999.0 18.244059 16.2647 15.3367195 -999.0} sdss_psfmag_ps1 17.295527 15.89395 14.751862 12.359 63050395645566458 939264553 bright_1x1 openfibertargets_nov2020_34a open_fiber science 0 0 0.0 0.0 -999 ""
FIBERMAP 1304 R+7C15 METROLOGY 0 0 0 1 0 0 111.61071994877061 128.83489674954487 143.1 155.54055650315382 69.76217421679617 334.3697 115.8066 -999.0 -999.0 -999.0 -999.0 -999.0 283.2321325959342 4.712599973885055 283.22133841789224 4.753626344017706 59.73174468334648 155.13836273183705 -999.0 6231.0 -999.0 -1 -999 {-999.0 -999.0 -999.0 -999.0 -999.0} "" -999.0 -999.0 -999.0 -999.0 -999 -999 "" "" "" "" 0 0 0.0 0.0 -999 ""
FIBERMAP 1306 R-11C6 APOGEE 1 1 0 1 0 0 -47.47869504012866 -228.4610132040599 143.1 -139.3977944161576 -187.1493140343243 329.63333 83.50336 281.8871319574928 3.55112148661896 -2.7407372 -4.9412937 0.33367637 281.8871362623173 3.551112806473976 281.8794527249588 3.5888316624504815 59.07835951493186 158.37976954050077 16000.0 16600.0 2016.0 2 177 {-999.0 22.733696 20.647108 16.537836 -999.0} sdss_psfmag_ps1 -999.0 -999.0 14.5218935 8.224 63050395644718757 1154115453 bright_1x1 mwm_galactic_core_dist_apogee_sparse mwm_galactic science 0 0 0.0 0.0 -999 ""
FIBERMAP 1306 R-11C6 BOSS 0 0 0 1 0 0 -47.90759175683008 -229.06678776400898 143.1 -140.04218257445652 -187.51776966134003 329.63333 83.50336 -999.0 -999.0 -999.0 -999.0 -999.0 281.88424735684924 3.5493343847028145 281.8765305955728 3.5871624607076056 59.0776779778745 158.3861728319425 -999.0 5400.0 -999.0 1 358 {-999.0 -999.0 -999.0 -999.0 -999.0} "" -999.0 -999.0 -999.0 -999.0 -999 -999 "" "" "" "" 0 0 0.0 0.0 -999 ""
FIBERMAP 1306 R-11C6 METROLOGY 0 0 0 1 0 0 -48.21792603196904 -228.3863971520344 143.1 -140.03667252616114 -186.7699126974798 329.63333 83.50336 -999.0 -999.0 -999.0 -999.0 -999.0 281.8842525965381 3.552736274874407 281.87653795807444 3.5905307095275023 59.08087761849106 158.38412485444994 -999.0 6231.0 -999.0 -1 -999 {-999.0 -999.0 -999.0 -999.0 -999.0} "" -999.0 -999.0 -999.0 -999.0 -999 -999 "" "" "" "" 0 0 0.0 0.0 -999 ""
FIBERMAP 1308 R-4C5 APOGEE 1 1 0 1 0 0 -146.39310763575 -59.24648920381976 143.1 -157.73578757642196 8.009450399416652 126.59748 33.991585 281.80317693558777 4.435755086055223 -1.7400029 -6.193137 0.12999116 281.803145720592 4.435760464423448 281.7932156105508 4.473087163944632 59.945065783447575 157.994872693621 16000.0 16600.0 2016.0 2 252 {-999.0 20.093288 17.107672 15.173677 -999.0} sdss_psfmag_ps1 18.40768 15.6580515 14.194347 10.076 63050395645599358 1154124837 bright_1x1 mwm_galactic_core_dist_apogee_sparse mwm_galactic science 0 0 0.0 0.0 -999 ""
FIBERMAP 1308 R-4C5 BOSS 0 0 0 1 0 0 -145.7067213154147 -59.521305965260886 143.1 -157.2292556426527 7.470789423420849 126.59748 33.991585 -999.0 -999.0 -999.0 -999.0 -999.0 281.8054190388244 4.4331994306846445 281.79545778031866 4.4706446353408005 59.94204197215378 157.99217967817617 -999.0 5400.0 -999.0 1 459 {-999.0 -999.0 -999.0 -999.0 -999.0} "" -999.0 -999.0 -999.0 -999.0 -999 -999 "" "" "" "" 0 0 0.0 0.0 -999 ""
FIBERMAP 1308 R-4C5 METROLOGY 0 0 0 1 0 0 -146.2814563333557 -59.992890217641836 143.1 -157.94930292176934 7.285520260626636 126.59748 33.991585 -999.0 -999.0 -999.0 -999.0 -999.0 281.8021512303689 4.432393021118346 281.7922029607959 4.469798185937067 59.94226436764212 157.99886023698275 -999.0 6231.0 -999.0 -1 -999 {-999.0 -999.0 -999.0 -999.0 -999.0} "" -999.0 -999.0 -999.0 -999.0 -999 -999 "" "" "" "" 0 0 0.0 0.0 -999 ""
FIBERMAP 1312 R-11C11 APOGEE 1 1 0 1 0 0 50.362023161516326 -224.65391069790493 143.1 -49.06909069289558 -224.95705462135797 239.05959 121.69962 282.2967848897814 3.378828888062705 -0.69163686 -8.068439 0.10812744 282.2968079471497 3.3787840927907147 282.2895204410948 3.4175929847054833 58.786964769227474 157.73141922303682 16000.0 16600.0 2016.0 2 156 {-999.0 23.010324 19.250978 16.857409 -999.0} sdss_psfmag_ps1 20.889585 17.257746 15.727231 10.517 63050395644699575 1154114947 bright_1x1 mwm_galactic_core_dist_apogee_sparse mwm_galactic science 0 0 0.0 0.0 -999 ""
FIBERMAP 1312 R-11C11 BOSS 0 0 0 1 0 0 49.616207217940115 -224.672443088711 143.1 -49.75322142896642 -224.65934457530332 239.05959 121.69962 -999.0 -999.0 -999.0 -999.0 -999.0 282.2937350172121 3.3799811646871083 282.28640522380687 3.4188991811703358 58.78919520532004 157.73630164523453 -999.0 5400.0 -999.0 1 393 {-999.0 -999.0 -999.0 -999.0 -999.0} "" -999.0 -999.0 -999.0 -999.0 -999 -999 "" "" "" "" 0 0 0.0 0.0 -999 ""
FIBERMAP 1312 R-11C11 METROLOGY 0 0 0 1 0 0 49.96613169950411 -224.01865116068393 143.1 -49.160197072989234 -224.21404307273514 239.05959 121.69962 -999.0 -999.0 -999.0 -999.0 -999.0 282.29641620507005 3.3820056479396423 282.28909219788926 3.420896917199685 58.790232297164934 157.7301656598472 -999.0 6231.0 -999.0 -1 -999 {-999.0 -999.0 -999.0 -999.0 -999.0} "" -999.0 -999.0 -999.0 -999.0 -999 -999 "" "" "" "" 0 0 0.0 0.0 -999 ""
FIBERMAP 1314 R-13C8 APOGEE 1 1 0 1 0 0 -0.8333029289366856 -248.79036541510683 143.1 -105.67217259558537 -225.25489916452386 158.58566 123.11503 282.0403180981595 3.3789920290303295 1.4148055 -0.012771365 0.930856 282.04029952168526 3.3789672913461093 282.033038165266 3.4171154667278514 58.86742192873544 158.2009844754066 16000.0 16600.0 2016.0 2 273 {-999.0 19.43962 16.269894 14.610253 -999.0} sdss_psfmag_ps1 17.63522 15.109375 13.692777 9.708 63050395644696826 1156789559 bright_1x1 mwm_galactic_core_dist_apogee_extra mwm_galactic science 0 0 0.0 0.0 -999 ""
FIBERMAP 1314 R-13C8 BOSS 0 0 0 1 0 0 -0.9665380742553715 -248.07054684475395 143.1 -105.48943974716877 -224.54597228032952 158.58566 123.11503 -999.0 -999.0 -999.0 -999.0 -999.0 282.0411443417086 3.3819976722025666 282.03383652944785 3.4202645767714186 58.87016365119463 158.1976148080726 -999.0 5400.0 -999.0 1 417 {-999.0 -999.0 -999.0 -999.0 -999.0} "" -999.0 -999.0 -999.0 -999.0 -999 -999 "" "" "" "" 0 0 0.0 0.0 -999 ""
FIBERMAP 1314 R-13C8 METROLOGY 0 0 0 1 0 0 -0.26781607033387544 -248.3134917157974 143.1 -104.95828107216549 -225.06093345388936 158.58566 123.11503 -999.0 -999.0 -999.0 -999.0 -999.0 282.04354685173934 3.3797129961177403 282.0362555492534 3.4179533570074385 58.867212945138995 158.19457744008022 -999.0 6231.0 -999.0 -1 -999 {-999.0 -999.0 -999.0 -999.0 -999.0} "" -999.0 -999.0 -999.0 -999.0 -999 -999 "" "" "" "" 0 0 0.0 0.0 -999 ""
FIBERMAP 1316 R-8C11 APOGEE 0 0 0 1 0 0 11.157112521968402 -163.83603370497391 143.1 -58.97331259699176 -153.2736532715424 225.43518 109.52689 -999.0 -999.0 -999.0 -999.0 -999.0 282.25184237335355 3.7019197651090128 282.2437383386302 3.740547838018955 59.10755544047443 157.61494977981934 -999.0 16600.0 -999.0 2 -999 {-999.0 -999.0 -999.0 -999.0 -999.0} "" -999.0 -999.0 -999.0 -999.0 -999 -999 "" "" "" "" 0 0 0.0 0.0 -999 ""
FIBERMAP 1316 R-8C11 BOSS 1 1 0 1 0 0 10.466732569328775 -163.53264990535004 143.1 -59.471419101316386 -152.70740319646308 225.43518 109.52689 282.24959009208226 3.704336628941114 0.8757224 3.0655222 2.1959078 282.24959484914757 3.7043214107035403 282.24144564131 3.743058944445023 59.11066789796857 157.61760072168337 5400.0 5400.0 2016.0 1 373 {-999.0 17.476099 15.925556 15.393777 -999.0} sdss_psfmag_ps1 16.801792 15.892316 14.947155 13.047 63050395644712060 1124289140 bright_1x1 openfibertargets_mwm_snc_further_ext_boss open_fiber science 0 0 0.0 0.0 -999 ""
FIBERMAP 1316 R-8C11 METROLOGY 0 0 0 1 0 0 11.075239158646323 -163.09444167906605 143.1 -58.73482221449962 -152.56664153643032 225.43518 109.52689 -999.0 -999.0 -999.0 -999.0 -999.0 282.2529402743019 3.7049876380059987 282.24480016437514 3.7437008536022156 59.110201597613866 157.6110241554176 -999.0 6231.0 -999.0 -1 -999 {-999.0 -999.0 -999.0 -999.0 -999.0} "" -999.0 -999.0 -999.0 -999.0 -999 -999 "" "" "" "" 0 0 0.0 0.0 -999 ""
FIBERMAP 1317 R-12C9 APOGEE 0 0 0 1 0 0 4.226143119978488 -227.77217270322012 143.1 -92.22069253340021 -208.32893270064645 204.97086 69.01135 -999.0 -999.0 -999.0 -999.0 -999.0 282.10101088238036 3.454464423184133 282.093551294288 3.492753791422059 58.92027645366369 158.04401736863142 -999.0 16600.0 -999.0 2 -999 {-999.0 -999.0 -999.0 -999.0 -999.0} "" -999.0 -999.0 -999.0 -999.0 -999 -999 "" "" "" "" 0 0 0.0 0.0 -999 ""
FIBERMAP 1317 R-12C9 BOSS 1 1 0 1 0 0 4.1801003307851765 -227.01406249792353 143.1 -91.94274470051006 -207.62205205490318 204.97086 69.01135 282.10228906214144 3.4575003888456877 0.32094002 -4.991908 0.6165028 282.1022874049704 3.45748024193994 282.09478116358673 3.4958891228729874 58.92286544852634 158.03984706104137 5400.0 5400.0 2016.0 1 405 {-999.0 20.39725 17.876076 16.559263 -999.0} sdss_psfmag_ps1 19.146746 17.122751 15.799702 12.701 63050395644705786 939258703 bright_1x1 openfibertargets_nov2020_34a open_fiber science 0 0 0.0 0.0 -999 ""
FIBERMAP 1317 R-12C9 METROLOGY 0 0 0 1 0 0 4.839929099695482 -227.3479926098463 143.1 -91.48522398266846 -208.20311828568566 204.97086 69.01135 -999.0 -999.0 -999.0 -999.0 -999.0 282.10435907529785 3.45489834656746 282.0968701899556 3.493279984532803 58.9197322459203 158.0376059039539 -999.0 6231.0 -999.0 -1 -999 {-999.0 -999.0 -999.0 -999.0 -999.0} "" -999.0 -999.0 -999.0 -999.0 -999 -999 "" "" "" "" 0 0 0.0 0.0 -999 ""
FIBERMAP 1318 R-11C7 APOGEE 1 1 0 1 0 0 -49.95574055369796 -201.7456694701623 143.1 -130.3779761805041 -161.87890989135823 197.93475 51.57823 281.92764734248465 3.6647335230467637 -1.9019138 -3.4303555 -0.08902791 281.92758907656173 3.664681940680164 281.9196123480427 3.7024822842001215 59.17387648039589 158.23657621328826 16000.0 16600.0 2016.0 2 169 {-999.0 24.707047 21.283411 17.58752 -999.0} sdss_psfmag_ps1 21.593552 17.666391 16.02002 10.324 63050395644733135 1154115384 bright_1x1 mwm_galactic_core_dist_apogee_sparse mwm_galactic science 0 0 0.0 0.0 -999 ""
FIBERMAP 1318 R-11C7 BOSS 0 0 0 1 0 0 -49.724021504553164 -201.0395181067224 143.1 -129.87006171740654 -161.33628017498586 197.93475 51.57823 -999.0 -999.0 -999.0 -999.0 -999.0 281.9298917998469 3.6669636500505725 281.92187086358786 3.704885243597699 59.175454876608114 158.2309328313731 -999.0 5400.0 -999.0 1 359 {-999.0 -999.0 -999.0 -999.0 -999.0} "" -999.0 -999.0 -999.0 -999.0 -999 -999 "" "" "" "" 0 0 0.0 0.0 -999 ""
FIBERMAP 1318 R-11C7 METROLOGY 0 0 0 1 0 0 -49.219781905646855 -201.59569081535096 143.1 -129.6473524185649 -162.05326588589426 197.93475 51.57823 -999.0 -999.0 -999.0 -999.0 -999.0 281.93090443872904 3.6637622116725375 281.9229023629788 3.7016542577318106 59.17206403550122 158.2309951108125 -999.0 6231.0 -999.0 -1 -999 {-999.0 -999.0 -999.0 -999.0 -999.0} "" -999.0 -999.0 -999.0 -999.0 -999 -999 "" "" "" "" 0 0 0.0 0.0 -999 ""
FIBERMAP 1323 R+2C5 APOGEE 1 1 0 1 0 0 -183.84586903079847 55.289888644683174 143.1 -143.39769515000094 127.66658757993798 133.0091 84.17705 281.8701898143354 4.97888254724851 -1.7424443 -6.9227266 0.20536359 281.87017731891143 4.978855120470819 281.8588540814006 5.016248276293662 60.438889687738275 157.52118763413068 16000.0 16600.0 2016.0 2 140 {-999.0 19.116953 16.417253 15.111388 -999.0} sdss_psfmag_ps1 17.623722 15.7095175 14.418905 10.832 63050395645696943 1154125400 bright_1x1 mwm_galactic_core_dist_apogee_sparse mwm_galactic science 0 0 0.0 0.0 -999 ""
FIBERMAP 1323 R+2C5 BOSS 0 0 0 1 0 0 -183.26551824120907 55.7542535804474 143.1 -142.67559984979752 127.8429419658205 133.0091 84.17705 -999.0 -999.0 -999.0 -999.0 -999.0 281.8734566188164 4.979585183947379 281.86209368545417 5.017096293695725 60.43865061797344 157.5144416041324 -999.0 5400.0 -999.0 1 34 {-999.0 -999.0 -999.0 -999.0 -999.0} "" -999.0 -999.0 -999.0 -999.0 -999 -999 "" "" "" "" 0 0 0.0 0.0 -999 ""
FIBERMAP 1323 R+2C5 METROLOGY 0 0 0 1 0 0 -183.1416456936947 55.007091675267844 143.1 -142.8783536854845 127.11316806202088 133.0091 84.17705 -999.0 -999.0 -999.0 -999.0 -999.0 281.8725157675389 4.976305232821823 281.8611719406842 5.013783494148514 60.43581157201247 157.5183705437548 -999.0 6231.0 -999.0 -1 -999 {-999.0 -999.0 -999.0 -999.0 -999.0} "" -999.0 -999.0 -999.0 -999.0 -999 -999 "" "" "" "" 0 0 0.0 0.0 -999 ""
FIBERMAP 1324 R-4C11 APOGEE 0 0 0 1 0 0 -6.596957817239714 -73.62381307183689 143.1 -37.029849387303045 -63.98104195043397 39.03102 90.07992 -999.0 -999.0 -999.0 -999.0 -999.0 282.3523690569436 4.106902080521128 282.34322525538244 4.145708024115289 59.45870727366918 157.17413617122895 -999.0 16600.0 -999.0 2 -999 {-999.0 -999.0 -999.0 -999.0 -999.0} "" -999.0 -999.0 -999.0 -999.0 -999 -999 "" "" "" "" 0 0 0.0 0.0 -999 ""
FIBERMAP 1324 R-4C11 BOSS 1 1 0 1 0 0 -6.121339564023611 -74.21928823276666 143.1 -36.84966839440313 -64.72159782291376 39.03102 90.07992 282.35317744858963 4.10336843626623 5.1430387 -5.163278 2.7327385 282.3532047359924 4.10338178876815 282.3440302875036 4.142304484605978 59.45522830933423 157.17483350304056 5400.0 5400.0 2016.0 1 357 {-999.0 15.117413 14.1289 13.797229 -999.0} sdss_psfmag_from_g3xp 14.791412 14.180768 13.437377 11.976 63050395645520617 980529399 "" ops_std_boss_tic ops_std standard_boss 0 0 0.0 0.0 -999 ""
FIBERMAP 1324 R-4C11 METROLOGY 0 0 0 1 0 0 -6.850536482222106 -74.32549664808585 143.1 -37.55570233660116 -64.51040187698852 39.03102 90.07992 -999.0 -999.0 -999.0 -999.0 -999.0 282.3499763251263 4.104390601284242 282.3408108277966 4.143272505909677 59.45719316432525 157.18018172161192 -999.0 6231.0 -999.0 -1 -999 {-999.0 -999.0 -999.0 -999.0 -999.0} "" -999.0 -999.0 -999.0 -999.0 -999 -999 "" "" "" "" 0 0 0.0 0.0 -999 ""
FIBERMAP 1326 R-3C23 APOGEE 0 0 0 1 0 0 243.91073539667434 -59.50550963806967 143.1 196.08753485034256 -156.8191136332593 309.60263 152.63876 -999.0 -999.0 -999.0 -999.0 -999.0 283.4099204828491 3.6850575835970987 283.4017434223202 3.726665810395971 58.70717482910694 155.51566222185346 -999.0 16600.0 -999.0 2 -999 {-999.0 -999.0 -999.0 -999.0 -999.0} "" -999.0 -999.0 -999.0 -999.0 -999 -999 "" "" "" "" 0 0 0.0 0.0 -999 ""
FIBERMAP 1326 R-3C23 BOSS 1 1 0 1 0 0 244.07712986770557 -60.20797792177054 143.1 195.9421880349174 -157.52629055832443 309.60263 152.63876 283.4092955698208 3.681746372419232 -4.068019 -4.7530265 0.9668438 283.4092925987725 3.6817420200678024 283.4010805371325 3.7234656544748796 58.70440714548772 155.51900698486574 5400.0 5400.0 2016.0 1 323 {-999.0 20.724682 18.46689 17.105896 -999.0} sdss_psfmag_ps1 19.579824 17.683443 16.39586 13.29 63050395645278294 939261117 bright_1x1 openfibertargets_nov2020_34a open_fiber science 0 0 0.0 0.0 -999 ""
FIBERMAP 1326 R-3C23 METROLOGY 0 0 0 1 0 0 243.35816860547126 -60.00683979053544 143.1 195.37504596438473 -157.04070524752754 309.60263 152.63876 -999.0 -999.0 -999.0 -999.0 -999.0 283.40674806599475 3.6839565861847072 283.3985429780687 3.7256402626166754 58.70732905196003 155.52211328564468 -999.0 6231.0 -999.0 -1 -999 {-999.0 -999.0 -999.0 -999.0 -999.0} "" -999.0 -999.0 -999.0 -999.0 -999 -999 "" "" "" "" 0 0 0.0 0.0 -999 ""
FIBERMAP 1328 R-3C12 APOGEE 1 1 0 1 0 0 8.796949865741418 -54.01960581640838 143.1 -14.803233285767298 -52.69540571392415 67.775276 46.943115 282.45395134160634 4.157982172153314 -3.3617816 -5.244946 0.15908454 282.4539530960029 4.157997403920878 282.44466964908315 4.197054549747569 59.47395962226778 156.9528379756539 16000.0 16600.0 2016.0 2 154 {-999.0 25.004923 23.192814 18.634724 -999.0} sdss_psfmag_ps1 21.288717 18.418688 16.716747 10.071 63050395645522012 1154123382 bright_1x1 mwm_galactic_core_dist_apogee_sparse mwm_galactic science 0 0 0.0 0.0 -999 ""
FIBERMAP 1328 R-3C12 BOSS 0 0 0 1 0 0 9.125522242110332 -54.677063945587555 143.1 -14.782534011068666 -53.43015833341452 67.775276 46.943115 -999.0 -999.0 -999.0 -999.0 -999.0 282.4540712222999 4.154508872578806 282.44475677292866 4.193680721329591 59.47074619127595 156.95486880194673 -999.0 5400.0 -999.0 1 356 {-999.0 -999.0 -999.0 -999.0 -999.0} "" -999.0 -999.0 -999.0 -999.0 -999 -999 "" "" "" "" 0 0 0.0 0.0 -999 ""
FIBERMAP 1328 R-3C12 METROLOGY 0 0 0 1 0 0 8.3809228609454 -54.63467060228114 143.1 -15.43986877249057 -53.077713079095794 67.775276 46.943115 -999.0 -999.0 -999.0 -999.0 -999.0 282.4510632493858 4.1561592115001185 282.44175619350375 4.195290764705604 59.47325363321742 156.95938398799302 -999.0 6231.0 -999.0 -1 -999 {-999.0 -999.0 -999.0 -999.0 -999.0} "" -999.0 -999.0 -999.0 -999.0 -999 -999 "" "" "" "" 0 0 0.0 0.0 -999 ""
FIBERMAP 1329 R+3C16 APOGEE 1 1 0 1 0 0 66.27630900988711 54.89445061182866 143.1 83.24955934857998 21.82984242635121 188.84789 122.142555 282.9026310098151 4.496187194015891 -2.6809943 -4.78846 0.08296698 282.9026133849242 4.496169106685616 282.89242867494903 4.536312467879335 59.64275814849417 155.89743673036122 16000.0 16600.0 2016.0 2 63 {-999.0 24.05837 20.93057 17.642986 -999.0} sdss_psfmag_ps1 21.839142 17.925325 16.279076 10.85 63050395645539318 1154123594 bright_1x1 mwm_galactic_core_dist_apogee_sparse mwm_galactic science 0 0 0.0 0.0 -999 ""
FIBERMAP 1329 R+3C16 BOSS 0 0 0 1 0 0 65.80590752250612 55.48079622924014 143.1 83.07025899798872 22.559919566914758 188.84789 122.142555 -999.0 -999.0 -999.0 -999.0 -999.0 282.90188822698957 4.49939466454986 282.89165405261383 4.539647817678702 59.646155360266924 155.89659768978098 -999.0 5400.0 -999.0 1 220 {-999.0 -999.0 -999.0 -999.0 -999.0} "" -999.0 -999.0 -999.0 -999.0 -999 -999 "" "" "" "" 0 0 0.0 0.0 -999 ""
FIBERMAP 1329 R+3C16 METROLOGY 0 0 0 1 0 0 66.5421086917836 55.60046422176187 143.1 83.78832047695407 22.357975200544892 188.84789 122.142555 -999.0 -999.0 -999.0 -999.0 -999.0 282.90514150997365 4.498493678122568 282.894921035219 4.53872354746622 59.644165664102715 155.89117787247616 -999.0 6231.0 -999.0 -1 -999 {-999.0 -999.0 -999.0 -999.0 -999.0} "" -999.0 -999.0 -999.0 -999.0 -999 -999 "" "" "" "" 0 0 0.0 0.0 -999 ""
FIBERMAP 1330 R-3C11 APOGEE 1 1 0 1 0 0 -13.690961181111767 -53.956608772085495 143.1 -35.16899446325292 -43.154980151526125 68.704994 48.06608 282.3610492670716 4.201656886444957 -3.245471 -6.549625 0.04309067 282.36105172473725 4.201680505496153 282.3516659560866 4.240489959135352 59.54550099985324 157.09728151692482 16000.0 16600.0 2016.0 2 208 {-999.0 25.301382 23.46911 18.693367 -999.0} sdss_psfmag_ps1 21.296116 18.215103 16.455856 9.767 63050395645523187 1154123404 bright_1x1 mwm_galactic_core_dist_apogee_sparse mwm_galactic science 0 0 0.0 0.0 -999 ""
FIBERMAP 1330 R-3C11 BOSS 0 0 0 1 0 0 -13.359544894908236 -54.61079818371807 143.1 -35.14433785493081 -43.887967951195456 68.704994 48.06608 -999.0 -999.0 -999.0 -999.0 -999.0 282.3611772361437 4.198205001327664 282.3517607807458 4.23712893036315 59.54229503069212 157.099281047135 -999.0 5400.0 -999.0 1 347 {-999.0 -999.0 -999.0 -999.0 -999.0} "" -999.0 -999.0 -999.0 -999.0 -999 -999 "" "" "" "" 0 0 0.0 0.0 -999 ""
FIBERMAP 1330 R-3C11 METROLOGY 0 0 0 1 0 0 -14.098415891699275 -54.58590205308673 143.1 -35.803856732522284 -43.553805091863566 68.704994 48.06608 -999.0 -999.0 -999.0 -999.0 -999.0 282.3581613226119 4.1997713411663415 282.34875237404077 4.238655038784527 59.54472097531948 157.10388452333248 -999.0 6231.0 -999.0 -1 -999 {-999.0 -999.0 -999.0 -999.0 -999.0} "" -999.0 -999.0 -999.0 -999.0 -999 -999 "" "" "" "" 0 0 0.0 0.0 -999 ""
FIBERMAP 1331 R-10C3 APOGEE 1 1 0 1 0 0 -126.74207113301654 -210.63930141779207 143.1 -203.75931267242635 -137.56247256603106 327.95392 74.31495 281.5958697075578 3.776702618879526 -0.5417832 -5.799636 0.7654734 281.5958548858667 3.776689120902297 281.58762604560843 3.813611927140788 59.3818415811303 158.78620152602304 16000.0 16600.0 2016.0 2 242 {-999.0 15.859297 14.242716 13.262656 -999.0} sdss_psfmag_from_g3xp 15.14676 13.886341 12.783644 10.577 63050395644731202 1107904819 bright_flexible_2x1 mwm_tess_rgb_apogee mwm_tessrgb science 0 0 0.0 0.0 -999 ""
FIBERMAP 1331 R-10C3 BOSS 0 0 0 1 0 0 -127.25438549594415 -211.167870087913 143.1 -204.4467867987429 -137.82573913104005 327.95392 74.31495 -999.0 -999.0 -999.0 -999.0 -999.0 281.59278546284 3.7753964393065256 281.5845232910387 3.812426716510824 59.38165675025243 158.79270013935098 -999.0 5400.0 -999.0 1 478 {-999.0 -999.0 -999.0 -999.0 -999.0} "" -999.0 -999.0 -999.0 -999.0 -999 -999 "" "" "" "" 0 0 0.0 0.0 -999 ""
FIBERMAP 1331 R-10C3 METROLOGY 0 0 0 1 0 0 -127.46145628091625 -210.45384517335245 143.1 -204.33345228207284 -137.09092903685075 327.95392 74.31495 -999.0 -999.0 -999.0 -999.0 -999.0 281.593273587213 3.7787423157965403 281.58501330126717 3.815740547743847 59.384663751561405 158.78980208363998 -999.0 6231.0 -999.0 -1 -999 {-999.0 -999.0 -999.0 -999.0 -999.0} "" -999.0 -999.0 -999.0 -999.0 -999 -999 "" "" "" "" 0 0 0.0 0.0 -999 ""
FIBERMAP 1333 R-5C14 APOGEE 1 1 0 1 0 0 66.3828523088558 -107.59650331516715 143.1 14.822677150315036 -125.56397792525242 329.2073 103.53922 282.5882842208065 3.8264592531115533 0.3686297 -9.749397 0.8129663 282.5882946452282 3.8264218036983246 282.5798408309166 3.865890711327843 59.116846454859015 156.91777319741408 16000.0 16600.0 2016.0 2 195 {-999.0 19.23966 16.201687 14.570127 -999.0} sdss_psfmag_ps1 17.51324 15.149989 13.778109 9.965 63050395645499630 1154123149 bright_1x1 mwm_galactic_core_dist_apogee_sparse mwm_galactic science 0 0 0.0 0.0 -999 ""
FIBERMAP 1333 R-5C14 BOSS 0 0 0 1 0 0 66.14254734730274 -108.30287084212932 143.1 14.306885713665947 -126.10318292612614 329.2073 103.53922 -999.0 -999.0 -999.0 -999.0 -999.0 282.5859820728246 3.8238112455379913 282.57749466685345 3.8633900384529807 59.11525956434929 156.92368700035 -999.0 5400.0 -999.0 1 325 {-999.0 -999.0 -999.0 -999.0 -999.0} "" -999.0 -999.0 -999.0 -999.0 -999 -999 "" "" "" "" 0 0 0.0 0.0 -999 ""
FIBERMAP 1333 R-5C14 METROLOGY 0 0 0 1 0 0 65.64482642782355 -107.7347903982924 143.1 14.0951092070531 -125.37814809723615 329.2073 103.53922 -999.0 -999.0 -999.0 -999.0 -999.0 282.5850136993643 3.8271452836713933 282.57652938847514 3.866688228222062 59.11869074460602 156.9233353112096 -999.0 6231.0 -999.0 -1 -999 {-999.0 -999.0 -999.0 -999.0 -999.0} "" -999.0 -999.0 -999.0 -999.0 -999 -999 "" "" "" "" 0 0 0.0 0.0 -999 ""
FIBERMAP 1334 R-4C16 APOGEE 0 0 0 1 0 0 100.41955074824365 -90.77306075365945 143.1 52.782149437834086 -124.66176161641242 338.17236 85.426 -999.0 -999.0 -999.0 -999.0 -999.0 282.7613227572329 3.83017335762347 282.7528423752408 3.870086436777545 59.06339691394517 156.59816900480917 -999.0 16600.0 -999.0 2 -999 {-999.0 -999.0 -999.0 -999.0 -999.0} "" -999.0 -999.0 -999.0 -999.0 -999 -999 "" "" "" "" 0 0 0.0 0.0 -999 ""
FIBERMAP 1334 R-4C16 BOSS 1 1 0 1 0 0 100.0894442223485 -91.45181119882714 143.1 52.196571089602116 -125.13805318525912 338.17236 85.426 282.7587181960085 3.827911871103048 -10.700239 -24.586296 1.3378774 282.7587084362681 3.8278501956281064 282.75019314277273 3.8678723862413844 59.06219523485542 156.6044553313313 5400.0 5400.0 2016.0 1 283 {-999.0 18.061756 16.190687 15.153977 -999.0} sdss_psfmag_ps1 17.161102 15.717167 14.558538 12.153 63050395645497082 939263572 bright_1x1 openfibertargets_nov2020_34a open_fiber science 0 0 0.0 0.0 -999 ""
FIBERMAP 1334 R-4C16 METROLOGY 0 0 0 1 0 0 99.6759265589998 -90.83376533077856 143.1 52.08222192629399 -124.40321812932237 338.17236 85.426 -999.0 -999.0 -999.0 -999.0 -999.0 282.7581854598096 3.8312261347028422 282.74967329068846 3.8712135980589295 59.06551736226257 156.60323095694986 -999.0 6231.0 -999.0 -1 -999 {-999.0 -999.0 -999.0 -999.0 -999.0} "" -999.0 -999.0 -999.0 -999.0 -999 -999 "" "" "" "" 0 0 0.0 0.0 -999 ""
FIBERMAP 1335 R-7C1 APOGEE 1 1 0 1 0 0 -219.08376971709478 -147.91452339346722 143.1 -261.0445058057253 -41.74173810738694 246.44214 114.862236 281.33757470593036 4.211124175390959 -2.6832323 0.28563237 1.302172 281.3375665157246 4.211127621384317 281.3282539007301 4.247298159650239 59.873592831238184 159.0134874721797 16000.0 16600.0 2016.0 2 260 {-999.0 12.585586 11.169137 10.468776 -999.0} sdss_psfmag_from_g3xp 12.004619 11.031198 10.062928 7.902 63050395645028684 1106256042 bright_1x1 mwm_tess_rgb_apogee mwm_tessrgb science 0 0 0.0 0.0 -999 ""
FIBERMAP 1335 R-7C1 BOSS 0 0 0 1 0 0 -219.83068382033477 -147.92226422616616 143.1 -261.72508149655755 -41.433779036310234 246.44214 114.862236 -999.0 -999.0 -999.0 -999.0 -999.0 281.3345516109705 4.212416294294312 281.32520010858275 4.248691788446584 59.87584098531099 159.0184336208678 -999.0 5400.0 -999.0 1 500 {-999.0 -999.0 -999.0 -999.0 -999.0} "" -999.0 -999.0 -999.0 -999.0 -999 -999 "" "" "" "" 0 0 0.0 0.0 -999 ""
FIBERMAP 1335 R-7C1 METROLOGY 0 0 0 1 0 0 -219.4614959562057 -147.27086050206557 143.1 -261.11559597830666 -40.99876668212941 246.44214 114.862236 -999.0 -999.0 -999.0 -999.0 -999.0 281.33726426171523 4.214406590985516 281.3279175762045 4.250656666032291 59.876895813020596 159.01210363103286 -999.0 6231.0 -999.0 -1 -999 {-999.0 -999.0 -999.0 -999.0 -999.0} "" -999.0 -999.0 -999.0 -999.0 -999 -999 "" "" "" "" 0 0 0.0 0.0 -999 ""
FIBERMAP 1336 R-9C8 APOGEE 1 1 0 1 0 0 -14.227824824343994 -181.27828309237827 143.1 -89.34821134905098 -158.385515768102 38.68276 47.061317 282.1137001072662 3.6794113000200523 -2.7265244 -7.365295 -0.067986526 282.1137222112421 3.6794227414802854 282.10568924391237 3.7176996527569894 59.12985772869638 157.88351940238013 16000.0 16600.0 2016.0 2 173 {-999.0 23.505276 19.81274 17.4055 -999.0} sdss_psfmag_ps1 20.899414 17.73676 16.188812 10.934 63050395644709072 1154115175 bright_1x1 mwm_galactic_core_dist_apogee_sparse mwm_galactic science 0 0 0.0 0.0 -999 ""
FIBERMAP 1336 R-9C8 BOSS 0 0 0 1 0 0 -14.270929744502158 -182.01513359077435 143.1 -89.69803411592883 -159.03552366619442 38.68276 47.061317 -999.0 -999.0 -999.0 -999.0 -999.0 282.11214684769067 3.676329985734182 282.10408309313055 3.714719262931314 59.12753969803713 157.88832426365343 -999.0 5400.0 -999.0 1 383 {-999.0 -999.0 -999.0 -999.0 -999.0} "" -999.0 -999.0 -999.0 -999.0 -999 -999 "" "" "" "" 0 0 0.0 0.0 -999 ""
FIBERMAP 1336 R-9C8 METROLOGY 0 0 0 1 0 0 -14.89901996166584 -181.61119187577793 143.1 -90.09724955567535 -158.40435436646544 38.68276 47.061317 -999.0 -999.0 -999.0 -999.0 -999.0 282.11032476582227 3.679233059411538 282.102264814241 3.7175842338965057 59.130832242006164 157.8899069307709 -999.0 6231.0 -999.0 -1 -999 {-999.0 -999.0 -999.0 -999.0 -999.0} "" -999.0 -999.0 -999.0 -999.0 -999 -999 "" "" "" "" 0 0 0.0 0.0 -999 ""
FIBERMAP 1338 R-8C12 APOGEE 0 0 0 1 0 0 33.35806687318418 -155.96433551038334 143.1 -35.521654618027924 -155.49778345723817 168.2959 131.78157 -999.0 -999.0 -999.0 -999.0 -999.0 282.3585881401969 3.6914597815009507 282.3504999967689 3.730364741464048 59.063589321649474 157.42503067367426 -999.0 16600.0 -999.0 2 -999 {-999.0 -999.0 -999.0 -999.0 -999.0} "" -999.0 -999.0 -999.0 -999.0 -999 -999 "" "" "" "" 0 0 0.0 0.0 -999 ""
FIBERMAP 1338 R-8C12 BOSS 1 1 0 1 0 0 32.98756932756006 -155.33867399630793 143.1 -35.59378101667497 -154.77418430012455 168.2959 131.78157 282.35829937632656 3.6945300045769724 -4.6536994 15.001543 2.2396588 282.3582902153742 3.6945626205839326 282.35015453399853 3.733582011395386 59.06674511095394 157.4236405637932 5400.0 5400.0 2016.0 1 382 {-999.0 14.433312 13.747036 13.438858 -999.0} sdss_psfmag_from_g3xp 14.240903 13.75008 13.091525 11.823 63050395644710873 980529348 "" ops_std_boss_tic ops_std standard_boss 0 0 0.0 0.0 -999 ""
FIBERMAP 1338 R-8C12 METROLOGY 0 0 0 1 0 0 33.722216856028595 -155.3131390956925 143.1 -34.91682493916026 -155.06083458644412 168.2959 131.78157 -999.0 -999.0 -999.0 -999.0 -999.0 282.36136255726075 3.6932986465123787 282.3532410175807 3.7322933816130224 59.06452929298101 157.41878244859083 -999.0 6231.0 -999.0 -1 -999 {-999.0 -999.0 -999.0 -999.0 -999.0} "" -999.0 -999.0 -999.0 -999.0 -999 -999 "" "" "" "" 0 0 0.0 0.0 -999 ""
FIBERMAP 1339 R-4C7 APOGEE 1 0 1 1 0 0 -111.34790422549042 -70.11049384961845 143.1 -130.53776739421357 -16.620960245003946 9.222096 170.52766 281.896948699979 4.381561164590975 1.286603 -7.026713 0.103364825 281.9265060734988 4.32353898830535 281.9168507782887 4.361205595300401 59.799868550954926 157.83264481964508 16000.0 16600.0 2016.0 2 259 {-999.0 20.15512 17.175238 15.525006 -999.0} sdss_psfmag_ps1 18.438509 16.087906 14.707034 10.724 63050395645587410 1154124925 bright_1x1 mwm_galactic_core_dist_apogee_sparse mwm_galactic science 0 0 0.0 0.0 -999 ""
FIBERMAP 1339 R-4C7 BOSS 0 0 1 1 0 0 -110.60874271381245 -70.10231696937328 143.1 -129.86403796918466 -16.925254584028856 9.222096 170.52766 -999.0 -999.0 -999.0 -999.0 -999.0 281.9295498220322 4.322028196292947 281.91986014601764 4.359815651236665 59.79759596783493 157.82786916087147 -999.0 5400.0 -999.0 1 460 {-999.0 -999.0 -999.0 -999.0 -999.0} "" -999.0 -999.0 -999.0 -999.0 -999 -999 "" "" "" "" 0 0 0.0 0.0 -999 ""
FIBERMAP 1339 R-4C7 METROLOGY 0 0 1 1 0 0 -110.96485430713321 -70.76330959998207 143.1 -130.4657094611399 -17.374476631006534 9.222096 170.52766 -999.0 -999.0 -999.0 -999.0 -999.0 281.92681106041005 4.320024069246003 281.91713751250694 4.357772930082411 59.79652331564793 157.83427722649066 -999.0 6231.0 -999.0 -1 -999 {-999.0 -999.0 -999.0 -999.0 -999.0} "" -999.0 -999.0 -999.0 -999.0 -999 -999 "" "" "" "" 0 0 0.0 0.0 -999 ""
FIBERMAP 1340 R+9C17 APOGEE 0 0 0 1 0 0 170.5864087168544 153.4529946369595 143.1 219.4020835862184 67.21574921126674 340.5348 38.19449 -999.0 -999.0 -999.0 -999.0 -999.0 283.5207071578576 4.699266938742711 283.50995190273665 4.74095619523498 59.616877414026845 154.61551024384127 -999.0 16600.0 -999.0 2 -999 {-999.0 -999.0 -999.0 -999.0 -999.0} "" -999.0 -999.0 -999.0 -999.0 -999 -999 "" "" "" "" 0 0 0.0 0.0 -999 ""
FIBERMAP 1340 R+9C17 BOSS 1 1 0 1 0 0 169.8914790096087 153.1998697019488 143.1 218.6651679360179 67.2792686576808 340.5348 38.19449 283.51748729903403 4.699518938951325 -4.3486953 -18.794662 1.3138111 283.5174687395468 4.699476955946601 283.5066697816177 4.741269511895156 59.61835252645229 154.6213155537099 5400.0 5400.0 2016.0 1 240 {-999.0 19.099882 16.964605 15.858416 -999.0} sdss_psfmag_ps1 18.064732 16.4024 15.192223 12.497 63050395645560939 939264438 bright_1x1 openfibertargets_nov2020_34a open_fiber science 0 0 0.0 0.0 -999 ""
FIBERMAP 1340 R+9C17 METROLOGY 0 0 0 1 0 0 170.01939103095026 153.9379203265076 143.1 219.09240097583964 67.89460113691503 340.5348 38.19449 -999.0 -999.0 -999.0 -999.0 -999.0 283.51937380845317 4.702278917366967 283.5085798908111 4.744044154710054 59.620250861910776 154.61582219985294 -999.0 6231.0 -999.0 -1 -999 {-999.0 -999.0 -999.0 -999.0 -999.0} "" -999.0 -999.0 -999.0 -999.0 -999 -999 "" "" "" "" 0 0 0.0 0.0 -999 ""
FIBERMAP 1341 R-6C4 APOGEE 0 0 0 1 0 0 -165.53794231265877 -96.01714855199552 143.1 -190.6029976163087 -17.261155322377885 193.18456 12.097773 -999.0 -999.0 -999.0 -999.0 -999.0 281.6541625318066 4.321211693112631 281.64453873111887 4.358176987694525 59.882438595574705 158.34754129833635 -999.0 16600.0 -999.0 2 -999 {-999.0 -999.0 -999.0 -999.0 -999.0} "" -999.0 -999.0 -999.0 -999.0 -999 -999 "" "" "" "" 0 0 0.0 0.0 -999 ""
FIBERMAP 1341 R-6C4 BOSS 1 1 0 1 0 0 -164.8774811970383 -95.68267441611708 143.1 -189.86303303947776 -17.23637063512999 193.18456 12.097773 281.65713831799104 4.321223286573018 -1.2885323 -2.783623 0.23197718 281.6574908726128 4.32119980621451 281.647829801846 4.358286288468815 59.88152122404502 158.3412584725674 5400.0 5400.0 2016.0 1 453 {-999.0 13.884819 12.977878 12.498948 -999.0} sdss_psfmag_from_g3xp 13.568221 12.9168215 12.12366 10.925 63050395645037607 1093201061 bright_3x1 mwm_astar_core_boss mwm_ob science 0 0 1.1850284337997437 0.0 -999 ""
FIBERMAP 1341 R-6C4 METROLOGY 0 0 0 1 0 0 -164.9187975876593 -96.43346788858358 143.1 -190.21711378800313 -17.899776436325453 193.18456 12.097773 -999.0 -999.0 -999.0 -999.0 -999.0 281.65588844838817 4.31822410673353 281.64624561055194 4.355275142509067 59.87915121688379 158.3461174806196 -999.0 6231.0 -999.0 -1 -999 {-999.0 -999.0 -999.0 -999.0 -999.0} "" -999.0 -999.0 -999.0 -999.0 -999 -999 "" "" "" "" 0 0 0.0 0.0 -999 ""
FIBERMAP 1342 R+2C4 APOGEE 0 0 0 1 0 0 -207.74095384942692 56.31466795597844 143.1 -164.63390976540788 138.67258406683874 148.53462 69.90679 -999.0 -999.0 -999.0 -999.0 -999.0 281.774212449669 5.028356446649033 281.76277096470307 5.06549281908207 60.51630842043516 157.67294414212788 -999.0 16600.0 -999.0 2 -999 {-999.0 -999.0 -999.0 -999.0 -999.0} "" -999.0 -999.0 -999.0 -999.0 -999 -999 "" "" "" "" 0 0 0.0 0.0 -999 ""
FIBERMAP 1342 R+2C4 BOSS 1 1 0 1 0 0 -207.17755716496973 56.78164353663215 143.1 -163.92608774014468 138.85845547605655 148.53462 69.90679 281.77743842028 5.029140125477248 -0.6919414 -1.6453229 2.0007925 281.7774254675181 5.029125469918455 281.76594454518556 5.066379355321947 60.516134189525424 157.66628288834707 5400.0 5400.0 2016.0 1 35 {-999.0 15.535762 14.60866 14.226811 -999.0} sdss_psfmag_from_g3xp 15.2340765 14.622011 13.864118 12.425 63050395645706141 981666943 "" ops_std_boss_tic ops_std standard_boss 0 0 0.0 0.0 -999 ""
FIBERMAP 1342 R+2C4 METROLOGY 0 0 0 1 0 0 -207.04231303187657 56.05282260359584 143.1 -164.1107951677338 138.14051793013417 148.53462 69.90679 -999.0 -999.0 -999.0 -999.0 -999.0 281.7765651352494 5.025904820928044 281.7651030651505 5.063126126993826 60.513321724341495 157.67001596127218 -999.0 6231.0 -999.0 -1 -999 {-999.0 -999.0 -999.0 -999.0 -999.0} "" -999.0 -999.0 -999.0 -999.0 -999 -999 "" "" "" "" 0 0 0.0 0.0 -999 ""
FIBERMAP 1345 R-1C16 APOGEE 1 1 0 1 0 0 65.51147495080187 -19.519862069383908 143.1 51.17499606815205 -45.32747945126142 327.88406 145.26839 282.75533429644565 4.190786173552926 -1.7073337 -4.120832 0.8032775 282.75531593679653 4.190780945266926 282.74592064460415 4.23060648223303 59.40523722415335 156.373837865757 16000.0 16600.0 2016.0 2 231 {-999.0 23.006216 19.617228 15.848664 -999.0} sdss_psfmag_ps1 21.08946 15.900334 14.193632 8.089 63050395645514238 1154123250 bright_1x1 mwm_galactic_core_dist_apogee_sparse mwm_galactic science 0 0 0.0 0.0 -999 ""
FIBERMAP 1345 R-1C16 BOSS 0 0 0 1 0 0 65.8061685078038 -20.209857972811307 143.1 51.15125220098562 -46.07745082411392 327.88406 145.26839 -999.0 -999.0 -999.0 -999.0 -999.0 282.755264403169 4.187228434089628 282.74583721650555 4.227168227929115 59.40202931665593 156.3762742718186 -999.0 5400.0 -999.0 1 281 {-999.0 -999.0 -999.0 -999.0 -999.0} "" -999.0 -999.0 -999.0 -999.0 -999 -999 "" "" "" "" 0 0 0.0 0.0 -999 ""
FIBERMAP 1345 R-1C16 METROLOGY 0 0 0 1 0 0 65.06271677150313 -20.125374725190927 143.1 50.51270772638833 -45.687321871669205 327.88406 145.26839 -999.0 -999.0 -999.0 -999.0 -999.0 282.7523389658439 4.189048681995576 282.74291903674504 4.2289483708730575 59.40468802562911 156.3804741035094 -999.0 6231.0 -999.0 -1 -999 {-999.0 -999.0 -999.0 -999.0 -999.0} "" -999.0 -999.0 -999.0 -999.0 -999 -999 "" "" "" "" 0 0 0.0 0.0 -999 ""
FIBERMAP 1346 R+3C6 APOGEE 0 0 0 1 0 0 -155.42279913257755 45.41815701082686 143.1 -121.78626293465456 106.72857985890082 253.31013 93.78979 -999.0 -999.0 -999.0 -999.0 -999.0 281.96790291765967 4.884144336700089 281.9568131466452 4.921807584139219 60.31795212666627 157.39618882412864 -999.0 16600.0 -999.0 2 -999 {-999.0 -999.0 -999.0 -999.0 -999.0} "" -999.0 -999.0 -999.0 -999.0 -999 -999 "" "" "" "" 0 0 0.0 0.0 -999 ""
FIBERMAP 1346 R+3C6 BOSS 1 1 0 1 0 0 -156.13558024832784 45.57879484386878 143.1 -122.36488000912723 107.174832769387 253.31013 93.78979 281.96525243670385 4.886121406637213 2.5560312 0.14861926 1.0930396 281.96527477181155 4.886093372946072 281.95414235621126 4.923859589989071 60.32075630917497 157.3999278869508 5400.0 5400.0 2016.0 1 39 {-999.0 18.343416 16.906893 16.345667 -999.0} sdss_psfmag_ps1 17.765034 16.857656 15.93139 13.968 63050395645692928 980700687 "" ops_std_boss_tic ops_std standard_boss 0 0 0.0 0.0 -999 ""
FIBERMAP 1346 R+3C6 METROLOGY 0 0 0 1 0 0 -155.6539320859488 46.12755079313517 143.1 -121.69670128100697 107.46933755634535 253.31013 93.78979 -999.0 -999.0 -999.0 -999.0 -999.0 281.9683170025931 4.887455373105386 281.95719157394035 4.925197947997986 60.321036806968124 157.3932473173048 -999.0 6231.0 -999.0 -1 -999 {-999.0 -999.0 -999.0 -999.0 -999.0} "" -999.0 -999.0 -999.0 -999.0 -999 -999 "" "" "" "" 0 0 0.0 0.0 -999 ""
FIBERMAP 1349 R-5C10 APOGEE 1 1 0 1 0 0 -45.65989424666624 -87.40976454705228 143.1 -78.26624919685624 -60.009224807775546 158.71199 98.88097 282.16431213773654 4.1255447659743245 -1.8915161 -4.068706 0.29318795 282.16428608598557 4.125514856704645 282.15511289310507 4.163832991955006 59.53678276430247 157.51214027817062 16000.0 16600.0 2016.0 2 289 {-999.0 20.2768 17.110617 15.6322155 -999.0} sdss_psfmag_ps1 18.483006 16.09972 14.713057 10.664 63050395645524722 1154123450 bright_1x1 mwm_galactic_core_dist_apogee_sparse mwm_galactic science 0 0 0.0 0.0 -999 ""
FIBERMAP 1349 R-5C10 BOSS 0 0 0 1 0 0 -45.489480121157115 -86.67165941564805 143.1 -77.80045171553978 -59.41176631608029 158.71199 98.88097 -999.0 -999.0 -999.0 -999.0 -999.0 282.1664130281039 4.128083599631504 282.15719424042 4.166520409604527 59.538657080649884 157.5065548281522 -999.0 5400.0 -999.0 1 398 {-999.0 -999.0 -999.0 -999.0 -999.0} "" -999.0 -999.0 -999.0 -999.0 -999 -999 "" "" "" "" 0 0 0.0 0.0 -999 ""
FIBERMAP 1349 R-5C10 METROLOGY 0 0 0 1 0 0 -44.94740336405288 -87.17726675429073 143.1 -77.52210744726686 -60.09885487491717 158.71199 98.88097 -999.0 -999.0 -999.0 -999.0 -999.0 282.1676744758594 4.124991590551044 282.1584744464206 4.163400048779886 59.535291654085164 157.50615622614853 -999.0 6231.0 -999.0 -1 -999 {-999.0 -999.0 -999.0 -999.0 -999.0} "" -999.0 -999.0 -999.0 -999.0 -999 -999 "" "" "" "" 0 0 0.0 0.0 -999 ""
FIBERMAP 1351 R-3C8 APOGEE 0 0 0 1 0 0 -95.69426618041143 -77.36077095404156 143.1 -119.40033598388318 -29.796846375624927 334.71625 57.84042 -999.0 -999.0 -999.0 -999.0 -999.0 281.97708960423364 4.26348408284208 281.9675826769639 4.30129284011881 59.726961625889786 157.77532507197827 -999.0 16600.0 -999.0 2 -999 {-999.0 -999.0 -999.0 -999.0 -999.0} "" -999.0 -999.0 -999.0 -999.0 -999 -999 "" "" "" "" 0 0 0.0 0.0 -999 ""
FIBERMAP 1351 R-3C8 BOSS 1 1 0 1 0 0 -96.31959539775104 -77.77524396650652 143.1 -120.14217855175123 -29.908990425831615 334.71625 57.84042 281.97330625180024 4.262874732699922 0.48103562 -3.4364219 0.6371829 281.9736984387476 4.262856239502303 281.96415530789704 4.3007693888562875 59.72755543936502 157.78208183264684 5400.0 5400.0 2016.0 1 469 {-999.0 13.913232 12.743181 12.069937 -999.0} sdss_psfmag_from_g3xp 13.470767 12.58789 11.654523 10.137 63050395645581651 1068464087 bright_3x1 mwm_ob_core_boss mwm_ob science 0 0 1.3257240056991577 0.0 -999 ""
FIBERMAP 1351 R-3C8 METROLOGY 0 0 0 1 0 0 -96.36123215977565 -77.02637842589155 143.1 -119.86413381216647 -29.212351011565357 334.71625 57.84042 -999.0 -999.0 -999.0 -999.0 -999.0 281.9749664264881 4.266056818068582 281.9654258185363 4.303940566678725 59.73015704111016 157.77769365876435 -999.0 6231.0 -999.0 -1 -999 {-999.0 -999.0 -999.0 -999.0 -999.0} "" -999.0 -999.0 -999.0 -999.0 -999 -999 "" "" "" "" 0 0 0.0 0.0 -999 ""
FIBERMAP 1353 R-12C3 APOGEE 0 0 0 1 0 0 -94.097242943569 -228.5806695900048 143.1 -181.72255410845685 -167.59847371651824 53.909702 70.715294 -999.0 -999.0 -999.0 -999.0 -999.0 281.6957149811729 3.6405760457223084 281.6878230521304 3.677783522426443 59.221953869844086 158.6810464738453 -999.0 16600.0 -999.0 2 -999 {-999.0 -999.0 -999.0 -999.0 -999.0} "" -999.0 -999.0 -999.0 -999.0 -999 -999 "" "" "" "" 0 0 0.0 0.0 -999 ""
FIBERMAP 1353 R-12C3 BOSS 1 1 0 1 0 0 -93.66723553060245 -229.20671568156754 143.1 -181.59662557429417 -168.34751731336496 53.909702 70.715294 281.6963195800781 3.6370498597276395 -999.0 -999.0 -999.0 281.696319397599 3.637068493949267 281.68839899716136 3.674394050629969 59.21855128152791 158.68200630479305 5400.0 5400.0 2015.5 1 350 {-999.0 -999.0 -999.0 -999.0 -999.0} "" -999.0 -999.0 -999.0 -999.0 27021603150593257 852915097 "" ops_sky_boss_fallback ops_sky sky_boss 0 0 0.0 0.0 -999 ""
FIBERMAP 1353 R-12C3 METROLOGY 0 0 0 1 0 0 -94.41360373647028 -229.25637502081517 143.1 -182.29438354647607 -168.07780069253985 53.909702 70.715294 -999.0 -999.0 -999.0 -999.0 -999.0 281.6931642077051 3.638345277608577 281.68525146549064 3.675629616016351 59.22068954472886 158.68710968492692 -999.0 6231.0 -999.0 -1 -999 {-999.0 -999.0 -999.0 -999.0 -999.0} "" -999.0 -999.0 -999.0 -999.0 -999 -999 "" "" "" "" 0 0 0.0 0.0 -999 ""
FIBERMAP 1354 R+3C8 APOGEE 0 0 0 1 0 0 -106.27572567103998 70.71114336873217 143.1 -66.5528459529277 108.9389437106225 117.83545 113.0395 -999.0 -999.0 -999.0 -999.0 -999.0 282.21956722615226 4.894168769463057 282.2084298743159 4.932477816705009 60.245885000630494 156.91136636785671 -999.0 16600.0 -999.0 2 -999 {-999.0 -999.0 -999.0 -999.0 -999.0} "" -999.0 -999.0 -999.0 -999.0 -999 -999 "" "" "" "" 0 0 0.0 0.0 -999 ""
FIBERMAP 1354 R+3C8 BOSS 1 1 0 1 0 0 -105.78070661586747 71.29715582996539 143.1 -65.8568310124275 109.26159458973721 117.83545 113.0395 282.22242002133635 4.895588155186735 0.57676154 -1.5112232 2.68257 282.2227574977601 4.8955678989225815 282.2115774973529 4.933995058041116 60.246278606211064 156.9043915979754 5400.0 5400.0 2016.0 1 52 {-999.0 13.374068 12.603425 12.319519 -999.0} sdss_psfmag_from_g3xp 13.149481 12.639634 11.97435 10.82 63050395645639365 917233519 bright_3x1 mwm_yso_pms_boss_zari18pms mwm_yso science 0 0 1.2296359539031982 0.0 -999 ""
FIBERMAP 1354 R+3C8 METROLOGY 0 0 0 1 0 0 -105.53872166009847 70.59500953056285 143.1 -65.93349561959901 108.52283264283764 117.83545 113.0395 -999.0 -999.0 -999.0 -999.0 -999.0 282.22239044162217 4.892237013110672 282.2112299677146 4.930632666439606 60.24322044204544 156.90729280729497 -999.0 6231.0 -999.0 -1 -999 {-999.0 -999.0 -999.0 -999.0 -999.0} "" -999.0 -999.0 -999.0 -999.0 -999 -999 "" "" "" "" 0 0 0.0 0.0 -999 ""
FIBERMAP 1355 R0C10 APOGEE 0 0 0 1 0 0 -106.3084161427681 -1.5740423175779332 143.1 -97.06562523025269 43.40359188610308 209.79713 90.601425 -999.0 -999.0 -999.0 -999.0 -999.0 282.07947493431993 4.596407601832143 282.06910962817506 4.634414413500503 60.009797528081144 157.3708793895668 -999.0 16600.0 -999.0 2 -999 {-999.0 -999.0 -999.0 -999.0 -999.0} "" -999.0 -999.0 -999.0 -999.0 -999 -999 "" "" "" "" 0 0 0.0 0.0 -999 ""
FIBERMAP 1355 R0C10 BOSS 1 1 0 1 0 0 -106.69517431045736 -0.9362443256507867 143.1 -97.14737893845606 44.145053768260034 209.79713 90.601425 282.0791011005333 4.599704352171057 -0.15326926 -3.560652 0.23619746 282.07910336803724 4.5996909901960255 282.06869133313444 4.637807683188567 60.01314238146614 157.36946459679965 5400.0 5400.0 2016.0 1 491 {-999.0 17.840467 16.123327 15.246264 -999.0} sdss_psfmag_ps1 17.071684 15.835202 14.715766 12.474 63050395645610734 1093381686 bright_3x1 mwm_astar_core_boss mwm_ob science 0 0 0.0 0.0 -999 ""
FIBERMAP 1355 R0C10 METROLOGY 0 0 0 1 0 0 -105.93981887320336 -0.9253528438069997 143.1 -96.45781988786091 43.83639198070496 209.79713 90.601425 -999.0 -999.0 -999.0 -999.0 -999.0 282.08224059155015 4.598310529148688 282.07184266411235 4.636403982144148 60.010794962703244 157.36443247494185 -999.0 6231.0 -999.0 -1 -999 {-999.0 -999.0 -999.0 -999.0 -999.0} "" -999.0 -999.0 -999.0 -999.0 -999 -999 "" "" "" "" 0 0 0.0 0.0 -999 ""
FIBERMAP 1356 R+8C9 APOGEE 0 0 0 1 0 0 -14.234549405124849 137.57454012013488 143.1 45.10800974060069 130.75716781187495 341.3995 63.032715 -999.0 -999.0 -999.0 -999.0 -999.0 282.72960340399226 4.991990094021881 282.718172729022 5.031591379183224 60.16753946020497 155.8820507614311 -999.0 16600.0 -999.0 2 -999 {-999.0 -999.0 -999.0 -999.0 -999.0} "" -999.0 -999.0 -999.0 -999.0 -999 -999 "" "" "" "" 0 0 0.0 0.0 -999 ""
FIBERMAP 1356 R+8C9 BOSS 1 1 0 1 0 0 -14.79034668448153 137.03390540098815 143.1 44.37601641377083 130.50129662815405 341.3995 63.032715 282.7262878417969 4.990780465789072 -999.0 -999.0 -999.0 282.72631976963316 4.9907869139681 282.71485189121177 5.030489947246269 60.167646482080045 155.88905617607975 5400.0 5400.0 2015.5 1 123 {-999.0 -999.0 -999.0 -999.0 -999.0} "" -999.0 -999.0 -999.0 -999.0 27021603150621154 820735873 "" ops_sky_boss_good ops_sky sky_boss 0 0 0.0 0.0 -999 ""
FIBERMAP 1356 R+8C9 METROLOGY 0 0 0 1 0 0 -14.955210779349265 137.7676959230836 143.1 44.53595978661613 131.23623159288292 341.3995 63.032715 -999.0 -999.0 -999.0 -999.0 -999.0 282.7270404879589 4.994136765465514 282.71557550679466 5.033809825513776 60.17051411934949 155.8853944567639 -999.0 6231.0 -999.0 -1 -999 {-999.0 -999.0 -999.0 -999.0 -999.0} "" -999.0 -999.0 -999.0 -999.0 -999 -999 "" "" "" "" 0 0 0.0 0.0 -999 ""
FIBERMAP 1357 R+3C5 APOGEE 1 1 0 1 0 0 -187.42804880838608 63.42331799811017 143.1 -143.21614161598998 136.55271471752465 212.0851 58.38989 281.8712235355813 5.019070943787631 -1.5529151 -5.0383916 0.07665998 281.8712224457365 5.0190506873232765 281.8597963738773 5.056438720000919 60.476623552252384 157.49306248599947 16000.0 16600.0 2016.0 2 148 {-999.0 21.100195 18.018965 15.714824 -999.0} sdss_psfmag_ps1 19.362036 16.183023 14.685168 10.283 63050395645706558 1154125468 bright_1x1 mwm_galactic_core_dist_apogee_sparse mwm_galactic science 0 0 0.0 0.0 -999 ""
FIBERMAP 1357 R+3C5 BOSS 0 0 0 1 0 0 -187.4413433411064 64.170440411884 143.1 -142.91313086572615 137.23582133862115 212.0851 58.38989 -999.0 -999.0 -999.0 -999.0 -999.0 281.8726154631989 5.0220679706062725 281.8611440285304 5.059568459874572 60.479151514609384 157.4884317741206 -999.0 5400.0 -999.0 1 40 {-999.0 -999.0 -999.0 -999.0 -999.0} "" -999.0 -999.0 -999.0 -999.0 -999 -999 "" "" "" "" 0 0 0.0 0.0 -999 ""
FIBERMAP 1357 R+3C5 METROLOGY 0 0 0 1 0 0 -186.790741972074 63.80965620485632 143.1 -142.47530222034604 136.63429472326678 212.0851 58.38989 -999.0 -999.0 -999.0 -999.0 -999.0 281.87458307059705 5.01937718094818 281.86312897437824 5.056852250851005 60.475942024804795 157.48641630683437 -999.0 6231.0 -999.0 -1 -999 {-999.0 -999.0 -999.0 -999.0 -999.0} "" -999.0 -999.0 -999.0 -999.0 -999 -999 "" "" "" "" 0 0 0.0 0.0 -999 ""
FIBERMAP 1358 R-3C14 APOGEE 1 1 0 1 0 0 37.54913108063272 -67.17809413894265 143.1 5.720594539141218 -76.75267513536552 264.18652 144.31136 282.54737540251983 4.048273169902741 -3.835581 -5.9563165 -0.16546288 282.5473902975287 4.048271720300928 282.5383768797943 4.087591058389189 59.339744207694636 156.8506698986959 16000.0 16600.0 2016.0 2 215 {-999.0 24.847767 21.218021 17.737505 -999.0} sdss_psfmag_ps1 21.609398 17.8126 16.168732 10.506 63050395645505092 1154123114 bright_1x1 mwm_galactic_core_dist_apogee_sparse mwm_galactic science 0 0 0.0 0.0 -999 ""
FIBERMAP 1358 R-3C14 BOSS 0 0 0 1 0 0 37.06525489833797 -67.74645364495858 143.1 5.042128465881795 -77.06401710957446 264.18652 144.31136 -999.0 -999.0 -999.0 -999.0 -999.0 282.54433195129525 4.046708589019251 282.5352825784681 4.086134620167674 59.339392817553055 156.85732678649748 -999.0 5400.0 -999.0 1 264 {-999.0 -999.0 -999.0 -999.0 -999.0} "" -999.0 -999.0 -999.0 -999.0 -999 -999 "" "" "" "" 0 0 0.0 0.0 -999 ""
FIBERMAP 1358 R-3C14 METROLOGY 0 0 0 1 0 0 36.810810907701594 -67.04419262097028 143.1 5.107543439836759 -76.31989707252801 264.18652 144.31136 -999.0 -999.0 -999.0 -999.0 -999.0 282.5446277434137 4.050132980745913 282.53558103784917 4.089526701746037 59.34249463550524 156.85457181619634 -999.0 6231.0 -999.0 -1 -999 {-999.0 -999.0 -999.0 -999.0 -999.0} "" -999.0 -999.0 -999.0 -999.0 -999 -999 "" "" "" "" 0 0 0.0 0.0 -999 ""
FIBERMAP 1359 R-7C12 APOGEE 1 1 0 1 0 0 16.715782380918093 -136.87233933997356 143.1 -42.56187305574613 -131.1667552571621 210.3913 86.98955 282.32666015625 3.8017585133445806 -999.0 -999.0 -999.0 282.3266571213991 3.8017561661466335 282.3182918263616 3.8405568277704627 59.17825232744313 157.41480633212404 16000.0 16600.0 2015.5 2 161 {-999.0 -999.0 -999.0 -999.0 -999.0} "" -999.0 -999.0 -999.0 -999.0 27021603150593008 849030895 "" ops_sky_apogee_good ops_sky sky_apogee 0 0 0.0 0.0 -999 ""
FIBERMAP 1359 R-7C12 BOSS 0 0 0 1 0 0 16.385849141490535 -136.21884766808776 143.1 -42.58547905955657 -130.4350255874 210.3913 86.98955 -999.0 -999.0 -999.0 -999.0 -999.0 282.32657517383734 3.80490455961366 282.31816235191684 3.8438196683370713 59.181381326307786 157.41298352396322 -999.0 5400.0 -999.0 1 381 {-999.0 -999.0 -999.0 -999.0 -999.0} "" -999.0 -999.0 -999.0 -999.0 -999 -999 "" "" "" "" 0 0 0.0 0.0 -999 ""
FIBERMAP 1359 R-7C12 METROLOGY 0 0 0 1 0 0 17.12247657171983 -136.24708623210532 143.1 -41.92940420302593 -130.77127328170695 210.3913 86.98955 -999.0 -999.0 -999.0 -999.0 -999.0 282.32955507944297 3.8034128679044814 282.32115694946 3.842303279604696 59.17897933523194 157.40842392279225 -999.0 6231.0 -999.0 -1 -999 {-999.0 -999.0 -999.0 -999.0 -999.0} "" -999.0 -999.0 -999.0 -999.0 -999 -999 "" "" "" "" 0 0 0.0 0.0 -999 ""
FIBERMAP 1362 R-12C4 APOGEE 0 0 0 1 0 0 -79.0766072837347 -227.64327217649011 143.1 -167.7063415709884 -173.08272987268597 17.898504 126.5536 -999.0 -999.0 -999.0 -999.0 -999.0 281.7590176499244 3.6153828548941713 281.7511834921137 3.652758581530534 59.17872335756276 158.57852872056444 -999.0 16600.0 -999.0 2 -999 {-999.0 -999.0 -999.0 -999.0 -999.0} "" -999.0 -999.0 -999.0 -999.0 -999 -999 "" "" "" "" 0 0 0.0 0.0 -999 ""
FIBERMAP 1362 R-12C4 BOSS 1 1 0 1 0 0 -78.46296110628194 -228.0765812476904 143.1 -167.33260857853628 -173.73443872342432 17.898504 126.5536 281.76080907764424 3.6123396366614826 -22.35197 -22.215286 2.4915783 281.76073495639804 3.6123001381585746 281.75287089195774 3.649796871562711 59.17538714762199 158.57718052721538 5400.0 5400.0 2016.0 1 351 {-999.0 15.856852 14.87537 14.427419 -999.0} sdss_psfmag_ps1 15.523174 14.847606 14.00602 12.341 63050395644720878 980524692 "" ops_std_boss_tic ops_std standard_boss 0 0 0.0 0.0 -999 ""
FIBERMAP 1362 R-12C4 METROLOGY 0 0 0 1 0 0 -79.1448758136505 -228.38624013564777 143.1 -168.08156279654662 -173.72767350434532 17.898504 126.5536 -999.0 -999.0 -999.0 -999.0 -999.0 281.75735069798054 3.6123954145921378 281.7494973937725 3.6498505402323715 59.17647417133648 158.58339982350128 -999.0 6231.0 -999.0 -1 -999 {-999.0 -999.0 -999.0 -999.0 -999.0} "" -999.0 -999.0 -999.0 -999.0 -999 -999 "" "" "" "" 0 0 0.0 0.0 -999 ""
FIBERMAP 1363 R-6C13 APOGEE 0 0 0 1 0 0 53.68527683055879 -118.71732123024361 143.1 -1.381369454155297 -130.29382832814983 308.5028 149.4474 -999.0 -999.0 -999.0 -999.0 -999.0 282.5143612708615 3.8051521875427134 282.5059687748936 3.8444351799422223 59.120867225270544 157.0671304051639 -999.0 16600.0 -999.0 2 -999 {-999.0 -999.0 -999.0 -999.0 -999.0} "" -999.0 -999.0 -999.0 -999.0 -999 -999 "" "" "" "" 0 0 0.0 0.0 -999 ""
FIBERMAP 1363 R-6C13 BOSS 1 1 0 1 0 0 53.795001635660974 -119.45052550596107 143.1 -1.5910666213756517 -131.0049790783203 308.5028 149.4474 282.513427734375 3.8017585133445806 -999.0 -999.0 -999.0 282.51343636172345 3.8017588443413612 282.50501237846777 3.8411555199773577 59.11808275780376 157.07098477927423 5400.0 5400.0 2015.5 1 380 {-999.0 -999.0 -999.0 -999.0 -999.0} "" -999.0 -999.0 -999.0 -999.0 27021603150616681 820734415 "" ops_sky_boss_good ops_sky sky_boss 0 0 0.0 0.0 -999 ""
FIBERMAP 1363 R-6C13 METROLOGY 0 0 0 1 0 0 53.102160218050024 -119.1827640266516 143.1 -2.10642737908985 -130.46999376635208 308.5028 149.4474 -999.0 -999.0 -999.0 -999.0 -999.0 282.51108166101733 3.8042340405400967 282.5026630217633 3.84359145495097 59.12115326564455 157.07374051329163 -999.0 6231.0 -999.0 -1 -999 {-999.0 -999.0 -999.0 -999.0 -999.0} "" -999.0 -999.0 -999.0 -999.0 -999 -999 "" "" "" "" 0 0 0.0 0.0 -999 ""
FIBERMAP 1364 R+13C6 APOGEE 1 1 0 1 0 0 -15.133720363851047 249.653907008172 143.1 91.557231307445 232.7713678616382 34.153503 68.47501 282.9412334123062 5.450565782343183 -3.0959136 -5.424692 0.09612366 282.9412381783263 5.450584323947277 282.928621794085 5.490639690772153 60.52425000420314 155.1606183992525 16000.0 16600.0 2016.0 2 105 {-999.0 20.446053 17.368864 15.737536 -999.0} sdss_psfmag_ps1 18.653149 16.157228 14.73674 10.46 63050395645757210 1154125817 bright_1x1 mwm_galactic_core_dist_apogee_sparse mwm_galactic science 0 0 0.0 0.0 -999 ""
FIBERMAP 1364 R+13C6 BOSS 0 0 0 1 0 0 -14.984906527964487 248.9300177000003 143.1 91.38690875959365 232.0521799443394 34.153503 68.47501 -999.0 -999.0 -999.0 -999.0 -999.0 282.94051906389564 5.447285110118504 282.9278699878451 5.48744722370852 60.521530821065866 155.16434234897184 -999.0 5400.0 -999.0 1 84 {-999.0 -999.0 -999.0 -999.0 -999.0} "" -999.0 -999.0 -999.0 -999.0 -999 -999 "" "" "" "" 0 0 0.0 0.0 -999 ""
FIBERMAP 1364 R+13C6 METROLOGY 0 0 0 1 0 0 -15.689352724340097 249.15053950410768 143.1 90.84110335928402 232.549221521293 34.153503 68.47501 -999.0 -999.0 -999.0 -999.0 -999.0 282.9380241398903 5.449553580190576 282.9253811521938 5.489678248193559 60.52449567499707 155.16744089142242 -999.0 6231.0 -999.0 -1 -999 {-999.0 -999.0 -999.0 -999.0 -999.0} "" -999.0 -999.0 -999.0 -999.0 -999 -999 "" "" "" "" 0 0 0.0 0.0 -999 ""
FIBERMAP 1365 R+12C3 APOGEE 0 0 0 1 0 0 -119.33264288784049 225.2753844410695 143.1 -13.212276265641352 254.60597603068322 200.00932 140.23657 -999.0 -999.0 -999.0 -999.0 -999.0 282.46502286698416 5.550483944893842 282.4521895027342 5.589296750068238 60.7823317965826 155.99695597887919 -999.0 16600.0 -999.0 2 -999 {-999.0 -999.0 -999.0 -999.0 -999.0} "" -999.0 -999.0 -999.0 -999.0 -999 -999 "" "" "" "" 0 0 0.0 0.0 -999 ""
FIBERMAP 1365 R+12C3 BOSS 1 1 0 1 0 0 -120.03682924707738 225.5109208964834 143.1 -13.751514265720106 255.11652351185185 200.00932 140.23657 282.4626159667968 5.552688594384605 -999.0 -999.0 -999.0 282.46261655243933 5.552675685232457 282.44973833831335 5.591589152954087 60.785322958737574 156.0000353912565 5400.0 5400.0 2015.5 1 94 {-999.0 -999.0 -999.0 -999.0 -999.0} "" -999.0 -999.0 -999.0 -999.0 27021603150622416 820736028 "" ops_sky_boss_good ops_sky sky_boss 0 0 0.0 0.0 -999 ""
FIBERMAP 1365 R+12C3 METROLOGY 0 0 0 1 0 0 -119.48043084218772 226.00669880648402 143.1 -13.037892240037216 255.33146446459617 200.00932 140.23657 -999.0 -999.0 -999.0 -999.0 -999.0 282.4658536933492 5.5536543845561495 282.45298389130244 5.5925455820046865 60.78511093827866 155.99314713777375 -999.0 6231.0 -999.0 -1 -999 {-999.0 -999.0 -999.0 -999.0 -999.0} "" -999.0 -999.0 -999.0 -999.0 -999 -999 "" "" "" "" 0 0 0.0 0.0 -999 ""
FIBERMAP 1369 R-1C18 APOGEE 1 1 0 1 0 0 96.06303802379517 0.5885559306583552 143.1 87.35939831482452 -39.976700738443554 160.0766 46.173462 282.9204972400091 4.21474644187219 -2.152316 -6.265293 0.3307568 282.92045044670255 4.214731669183084 282.9109787971394 4.2549767674510015 59.372175437274706 156.05357248250183 16000.0 16600.0 2016.0 2 217 {-999.0 25.424267 20.663986 18.063393 -999.0} sdss_psfmag_ps1 21.229673 18.228334 16.629482 10.966 63050395645513704 1154123221 bright_1x1 mwm_galactic_core_dist_apogee_sparse mwm_galactic science 0 0 0.0 0.0 -999 ""
FIBERMAP 1369 R-1C18 BOSS 0 0 0 1 0 0 96.73492146999874 0.8934793915659753 143.1 88.09725909545097 -39.983529855395965 160.0766 46.173462 -999.0 -999.0 -999.0 -999.0 -999.0 282.9238981623378 4.214558737478766 282.9143851143931 4.254926355455191 59.370965355491506 156.04734150378766 -999.0 5400.0 -999.0 1 295 {-999.0 -999.0 -999.0 -999.0 -999.0} "" -999.0 -999.0 -999.0 -999.0 -999 -999 "" "" "" "" 0 0 0.0 0.0 -999 ""
FIBERMAP 1369 R-1C18 METROLOGY 0 0 0 1 0 0 96.67803404447847 0.14913033126677178 143.1 87.73177598260226 -40.63452537345387 160.0766 46.173462 -999.0 -999.0 -999.0 -999.0 -999.0 282.9222013219356 4.211635893148412 282.9127076205202 4.25196754269487 59.3687578831116 156.05241437421566 -999.0 6231.0 -999.0 -1 -999 {-999.0 -999.0 -999.0 -999.0 -999.0} "" -999.0 -999.0 -999.0 -999.0 -999 -999 "" "" "" "" 0 0 0.0 0.0 -999 ""
FIBERMAP 1370 R0C23 APOGEE 1 1 0 1 0 0 220.03900667378855 9.832776398126558 143.1 203.68075200972902 -83.875398602721 87.749855 43.604954 283.4470474250931 4.014568739032659 -3.4001992 -4.553481 -0.027862297 283.44703075775357 4.014567509052529 283.4380164745753 4.056204481001252 59.00300659012031 155.22635468793544 16000.0 16600.0 2016.0 2 89 {-999.0 23.35554 19.15531 16.431 -999.0} sdss_psfmag_ps1 20.648634 16.60764 15.0045395 9.485 63050395645289579 1154119210 bright_1x1 mwm_galactic_core_dist_apogee_sparse mwm_galactic science 0 0 0.0 0.0 -999 ""
FIBERMAP 1370 R0C23 BOSS 0 0 0 1 0 0 220.4315608471374 9.20966816283676 143.1 203.77395637689398 -84.60598383777466 87.749855 43.604954 -999.0 -999.0 -999.0 -999.0 -999.0 283.4475073800991 4.011128928579502 283.43845829449083 4.052882630816377 58.99974320666167 155.2278324670637 -999.0 5400.0 -999.0 1 245 {-999.0 -999.0 -999.0 -999.0 -999.0} "" -999.0 -999.0 -999.0 -999.0 -999 -999 "" "" "" "" 0 0 0.0 0.0 -999 ""
FIBERMAP 1370 R0C23 METROLOGY 0 0 0 1 0 0 219.6793935784221 9.174006804410258 143.1 203.07684277979342 -84.32112816491333 87.749855 43.604954 -999.0 -999.0 -999.0 -999.0 -999.0 283.44435610395504 4.012454709663716 283.43531628963314 4.054167518117935 59.00205223414005 155.2326445564966 -999.0 6231.0 -999.0 -1 -999 {-999.0 -999.0 -999.0 -999.0 -999.0} "" -999.0 -999.0 -999.0 -999.0 -999 -999 "" "" "" "" 0 0 0.0 0.0 -999 ""
FIBERMAP 1372 R-11C10 APOGEE 1 1 0 1 0 0 32.863378395430544 -205.14837434557055 143.1 -56.71147506225209 -199.88989013361305 41.104195 158.4257 282.2621095939432 3.4915495107424164 -3.7875798 -6.006976 0.6805131 282.2620970139915 3.4915356196798837 282.2545266563477 3.5302323858023468 58.904860969828604 157.72588778337087 16000.0 16600.0 2016.0 2 157 {-999.0 23.704174 22.250923 18.438402 -999.0} sdss_psfmag_gaia 21.570225 19.076653 17.396511 10.457 63050395644701407 1154778865 bright_1x1 mwm_galactic_core_dist_apogee_sparse mwm_galactic science 0 0 0.0 0.0 -999 ""
FIBERMAP 1372 R-11C10 BOSS 0 0 0 1 0 0 33.56658075515113 -204.89718025238332 143.1 -55.96787191282672 -199.95864912387168 41.104195 158.4257 -999.0 -999.0 -999.0 -999.0 -999.0 282.26550096354646 3.491048630463528 282.25789206966385 3.529871000590529 58.90344572962905 157.71994805941756 -999.0 5400.0 -999.0 1 362 {-999.0 -999.0 -999.0 -999.0 -999.0} "" -999.0 -999.0 -999.0 -999.0 -999 -999 "" "" "" "" 0 0 0.0 0.0 -999 ""
FIBERMAP 1372 R-11C10 METROLOGY 0 0 0 1 0 0 33.440719823941066 -205.63095555948712 143.1 -56.39144206838669 -200.5709696482709 41.104195 158.4257 -999.0 -999.0 -999.0 -999.0 -999.0 282.2635689108998 3.488344957078566 282.2559782615666 3.5271298225695014 58.90145818076621 157.72514772256645 -999.0 6231.0 -999.0 -1 -999 {-999.0 -999.0 -999.0 -999.0 -999.0} "" -999.0 -999.0 -999.0 -999.0 -999 -999 "" "" "" "" 0 0 0.0 0.0 -999 ""
FIBERMAP 1373 R-9C2 APOGEE 0 0 0 1 0 0 -182.28652249902947 -184.96950390830395 143.1 -243.30261539096585 -90.86131140294201 247.38039 82.00926 -999.0 -999.0 -999.0 -999.0 -999.0 281.417495513804 3.9887231585049516 281.40874327375434 4.02514381360903 59.637566122158745 158.9947815245124 -999.0 16600.0 -999.0 2 -999 {-999.0 -999.0 -999.0 -999.0 -999.0} "" -999.0 -999.0 -999.0 -999.0 -999 -999 "" "" "" "" 0 0 0.0 0.0 -999 ""
FIBERMAP 1373 R-9C2 BOSS 1 1 0 1 0 0 -182.925964192622 -184.61037190612302 143.1 -243.73102104446997 -90.26598913628118 247.38039 82.00926 281.4155805372437 3.991335632590611 -0.8297391 -0.6697419 0.52167284 281.4155912247719 3.991305036654208 281.406796341624 4.027834317516592 59.64071768457783 158.99683599837837 5400.0 5400.0 2016.0 1 490 {-999.0 18.467707 16.836906 15.915035 15.245476} sdss_psfmag_from_ps1dr2 17.7629 16.668 15.6086 13.6 63050395644979478 1040113792 "" ops_std_boss_ps1dr2 ops_std standard_boss 0 0 0.0 0.0 -999 ""
FIBERMAP 1373 R-9C2 METROLOGY 0 0 0 1 0 0 -182.28084885704604 -184.22342764524606 143.1 -242.98284522411174 -90.18715244800819 247.38039 82.00926 -999.0 -999.0 -999.0 -999.0 -999.0 281.41893240980136 3.991674472898176 281.4101465179308 4.028179979045049 59.640037333225166 158.9903263934363 -999.0 6231.0 -999.0 -1 -999 {-999.0 -999.0 -999.0 -999.0 -999.0} "" -999.0 -999.0 -999.0 -999.0 -999 -999 "" "" "" "" 0 0 0.0 0.0 -999 ""
FIBERMAP 1374 R-5C8 APOGEE 0 0 0 1 0 0 -84.34814494987936 -104.91871481448499 143.1 -120.73289208074719 -59.5714783512959 200.00801 145.98204 -999.0 -999.0 -999.0 -999.0 -999.0 281.970918794628 4.128103588055394 281.9617575032603 4.165923247374975 59.60048010058225 157.87153119550922 -999.0 16600.0 -999.0 2 -999 {-999.0 -999.0 -999.0 -999.0 -999.0} "" -999.0 -999.0 -999.0 -999.0 -999 -999 "" "" "" "" 0 0 0.0 0.0 -999 ""
FIBERMAP 1374 R-5C8 BOSS 1 1 0 1 0 0 -85.07654635952902 -104.74733199250093 143.1 -121.32114260691186 -59.10889456640739 200.00801 145.98204 281.9682312011718 4.1301028893280005 -999.0 -999.0 -999.0 281.96823184822756 4.130076541739687 281.9590276384237 4.168002507482399 59.60331634027554 157.8753284433489 5400.0 5400.0 2015.5 1 463 {-999.0 -999.0 -999.0 -999.0 -999.0} "" -999.0 -999.0 -999.0 -999.0 27021603150594051 852915463 "" ops_sky_boss_fallback ops_sky sky_boss 0 0 0.0 0.0 -999 ""
FIBERMAP 1374 R-5C8 METROLOGY 0 0 0 1 0 0 -84.5618047585756 -104.20386415409521 143.1 -120.62518435326291 -58.833140825791745 200.00801 145.98204 -999.0 -999.0 -999.0 -999.0 -999.0 281.9713961633801 4.131356700460007 281.9621991915161 4.16925836154778 59.60350261862624 157.8686123116707 -999.0 6231.0 -999.0 -1 -999 {-999.0 -999.0 -999.0 -999.0 -999.0} "" -999.0 -999.0 -999.0 -999.0 -999 -999 "" "" "" "" 0 0 0.0 0.0 -999 ""
FIBERMAP 1376 R+4C13 APOGEE 0 0 0 1 0 0 40.21659659789282 82.88168645531753 143.1 71.42067664540781 58.198579446817824 56.644276 69.871346 -999.0 -999.0 -999.0 -999.0 -999.0 282.84905550464055 4.661897612582851 282.8384543845137 4.701870636576721 59.81671495300624 155.88444817060872 -999.0 16600.0 -999.0 2 -999 {-999.0 -999.0 -999.0 -999.0 -999.0} "" -999.0 -999.0 -999.0 -999.0 -999 -999 "" "" "" "" 0 0 0.0 0.0 -999 ""
FIBERMAP 1376 R+4C13 BOSS 1 1 0 1 0 0 40.66865815877925 82.29949901955824 143.1 71.58509964675919 57.480007065786346 56.644276 69.871346 282.8498840332031 4.658548102689565 -999.0 -999.0 -999.0 282.84987536344636 4.658542406372288 282.8392416055296 4.698629732064762 59.813402239766425 155.88520538399902 5400.0 5400.0 2015.5 1 107 {-999.0 -999.0 -999.0 -999.0 -999.0} "" -999.0 -999.0 -999.0 -999.0 27021603150618969 820735017 "" ops_sky_boss_good ops_sky sky_boss 0 0 0.0 0.0 -999 ""
FIBERMAP 1376 R+4C13 METROLOGY 0 0 0 1 0 0 39.93149916341818 82.19220735239432 143.1 70.87138877603574 57.69357836494955 56.644276 69.871346 -999.0 -999.0 -999.0 -999.0 -999.0 282.8466020927566 4.659552793155497 282.83597771151335 4.699599899100628 59.81543416726008 155.89061345538911 -999.0 6231.0 -999.0 -1 -999 {-999.0 -999.0 -999.0 -999.0 -999.0} "" -999.0 -999.0 -999.0 -999.0 -999 -999 "" "" "" "" 0 0 0.0 0.0 -999 ""
FIBERMAP 1378 R-3C2 APOGEE 0 0 0 1 0 0 -242.3297104484327 -75.02914635155642 143.1 -251.38798457891477 34.15462585819167 282.5958 75.78522 -999.0 -999.0 -999.0 -999.0 -999.0 281.38101909080575 4.5545170661163885 281.37082450765035 4.590732308338938 60.18786301207598 158.72350564849233 -999.0 16600.0 -999.0 2 -999 {-999.0 -999.0 -999.0 -999.0 -999.0} "" -999.0 -999.0 -999.0 -999.0 -999 -999 "" "" "" "" 0 0 0.0 0.0 -999 ""
FIBERMAP 1378 R-3C2 BOSS 1 1 0 1 0 0 -243.08149763451772 -75.02840747482671 143.1 -252.0694032951745 34.47232944989787 282.5958 75.78522 281.3779923891051 4.5558607182831805 -1.1062908 -3.7270954 2.212843 281.3779899927197 4.555842945706623 281.36775636614067 4.592161527945776 60.19015971545441 158.72848223884492 5400.0 5400.0 2016.0 1 436 {-999.0 19.018888 17.54329 16.842772 -999.0} sdss_psfmag_ps1 18.343697 17.46568 16.274523 14.119 63050395645140260 939259371 bright_1x1 openfibertargets_nov2020_34a open_fiber science 0 0 0.0 0.0 -999 ""
FIBERMAP 1378 R-3C2 METROLOGY 0 0 0 1 0 0 -242.69996023886284 -74.38139865901074 143.1 -251.45057242418167 34.89814856648796 282.5958 75.78522 -999.0 -999.0 -999.0 -999.0 -999.0 281.38076083908504 4.5578034462773935 281.3705321194058 4.594097212813179 60.19115559350668 158.72199173304708 -999.0 6231.0 -999.0 -1 -999 {-999.0 -999.0 -999.0 -999.0 -999.0} "" -999.0 -999.0 -999.0 -999.0 -999 -999 "" "" "" "" 0 0 0.0 0.0 -999 ""
FIBERMAP 1381 R-7C10 APOGEE 1 1 0 1 0 0 -8.357405627802171 -156.3143548716377 143.1 -73.49738794238786 -138.22349818848488 334.57855 48.793446 282.18569738925515 3.7703413963233894 -3.8840847 -4.5624695 -0.031979185 282.18576729870887 3.770310100243492 282.1774959468038 3.8087543443938543 59.19334376876144 157.6944408468002 16000.0 16600.0 2016.0 2 170 {-999.0 23.357475 19.781599 16.78427 -999.0} sdss_psfmag_ps1 20.57767 17.108383 15.503671 10.239 63050395644713088 1154115433 bright_1x1 mwm_galactic_core_dist_apogee_sparse mwm_galactic science 0 0 0.0 0.0 -999 ""
FIBERMAP 1381 R-7C10 BOSS 0 0 0 1 0 0 -9.042700473928196 -156.60401950395985 143.1 -74.24097560551914 -138.19717649421466 334.57855 48.793446 -999.0 -999.0 -999.0 -999.0 -999.0 282.18239513125627 3.7702773032017336 282.174085168086 3.808828261498044 59.19450221987465 157.7006908998428 -999.0 5400.0 -999.0 1 385 {-999.0 -999.0 -999.0 -999.0 -999.0} "" -999.0 -999.0 -999.0 -999.0 -999 -999 "" "" "" "" 0 0 0.0 0.0 -999 ""
FIBERMAP 1381 R-7C10 METROLOGY 0 0 0 1 0 0 -8.959420118294902 -155.8640556242028 143.1 -73.85340830291995 -137.5612875854532 334.57855 48.793446 -999.0 -999.0 -999.0 -999.0 -999.0 282.1841532802554 3.773192174198952 282.1758467851103 3.8117143664578923 59.196674615281005 157.69563647847357 -999.0 6231.0 -999.0 -1 -999 {-999.0 -999.0 -999.0 -999.0 -999.0} "" -999.0 -999.0 -999.0 -999.0 -999 -999 "" "" "" "" 0 0 0.0 0.0 -999 ""
FIBERMAP 1382 R+4C14 APOGEE 0 0 0 1 0 0 57.90509807647533 71.01096361875292 143.1 82.45487627522715 39.97469839608842 346.8243 103.63629 -999.0 -999.0 -999.0 -999.0 -999.0 282.89920293408704 4.578778840828581 282.8888086204005 4.6188970943551 59.721521925554704 155.84773347027163 -999.0 16600.0 -999.0 2 -999 {-999.0 -999.0 -999.0 -999.0 -999.0} "" -999.0 -999.0 -999.0 -999.0 -999 -999 "" "" "" "" 0 0 0.0 0.0 -999 ""
FIBERMAP 1382 R+4C14 BOSS 1 1 0 1 0 0 57.936408491262796 70.25916376058079 143.1 82.16623005004878 39.27975279296461 346.8243 103.63629 282.89794921874994 4.575514973606474 -999.0 -999.0 -999.0 282.8979609924969 4.575528255215257 282.8875337563421 4.615755900242841 59.7190123509144 155.85224896759382 5400.0 5400.0 2015.5 1 158 {-999.0 -999.0 -999.0 -999.0 -999.0} "" -999.0 -999.0 -999.0 -999.0 27021603150618845 820734886 "" ops_sky_boss_good ops_sky sky_boss 0 0 0.0 0.0 -999 ""
FIBERMAP 1382 R+4C14 METROLOGY 0 0 0 1 0 0 57.269643581055504 70.6199910305034 143.1 81.71376225720513 39.88813472923759 346.8243 103.63629 -999.0 -999.0 -999.0 -999.0 -999.0 282.8958843458084 4.57833318380842 282.885461876263 4.618523207861756 59.72232234127466 155.85419907060802 -999.0 6231.0 -999.0 -1 -999 {-999.0 -999.0 -999.0 -999.0 -999.0} "" -999.0 -999.0 -999.0 -999.0 -999 -999 "" "" "" "" 0 0 0.0 0.0 -999 ""
FIBERMAP 1383 R-9C6 APOGEE 1 1 0 1 0 0 -89.94232991550211 -177.54464293084033 143.1 -156.4325995215653 -123.07050123256545 182.00827 128.70349 281.80919332785203 3.8407828473345202 -2.3609161 -8.616171 0.03807101 281.80917300395237 3.840757674714707 281.8007596604476 3.878217679232086 59.37782145705403 158.34992507144364 16000.0 16600.0 2016.0 2 165 {-999.0 21.316406 18.115637 15.326649 -999.0} sdss_psfmag_ps1 19.641626 15.449144 13.870718 9.038 63050395644744437 1154115635 bright_1x1 mwm_galactic_core_dist_apogee_sparse mwm_galactic science 0 0 0.0 0.0 -999 ""
FIBERMAP 1383 R-9C6 BOSS 0 0 0 1 0 0 -90.4378604860653 -176.99355078853736 143.1 -156.64955386932687 -122.36179529881218 182.00827 128.70349 -999.0 -999.0 -999.0 -999.0 -999.0 281.80818134017056 3.8438240141257976 281.7997226061788 3.8813957450655865 59.38116370731946 158.3499156134547 -999.0 5400.0 -999.0 1 402 {-999.0 -999.0 -999.0 -999.0 -999.0} "" -999.0 -999.0 -999.0 -999.0 -999 -999 "" "" "" "" 0 0 0.0 0.0 -999 ""
FIBERMAP 1383 R-9C6 METROLOGY 0 0 0 1 0 0 -89.70805931757499 -176.83623352630008 143.1 -155.92141905047433 -122.52689990022763 182.00827 128.70349 -999.0 -999.0 -999.0 -999.0 -999.0 281.81147576184225 3.843096937669525 281.80302922291173 3.8806447482042863 59.379424000255305 158.34421820606545 -999.0 6231.0 -999.0 -1 -999 {-999.0 -999.0 -999.0 -999.0 -999.0} "" -999.0 -999.0 -999.0 -999.0 -999 -999 "" "" "" "" 0 0 0.0 0.0 -999 ""
FIBERMAP 1384 R-12C6 APOGEE 0 0 0 1 0 0 -54.86962622360221 -251.02479655441022 143.1 -155.61528090580782 -204.4936394847222 298.34842 46.507793 -999.0 -999.0 -999.0 -999.0 -999.0 281.81426749170765 3.47381126912571 281.80678819044897 3.5113578186166863 59.02710540811243 158.56047054638108 -999.0 16600.0 -999.0 2 -999 {-999.0 -999.0 -999.0 -999.0 -999.0} "" -999.0 -999.0 -999.0 -999.0 -999 -999 "" "" "" "" 0 0 0.0 0.0 -999 ""
FIBERMAP 1384 R-12C6 BOSS 1 1 0 1 0 0 -55.585426572516646 -250.8361269720184 143.1 -156.18481468794118 -204.0206937924465 298.34842 46.507793 281.8116760253906 3.475874792882337 -999.0 -999.0 -999.0 281.811715565525 3.4758252326286727 281.804193587327 3.513481425394707 59.02992324902895 158.5639878040757 5400.0 5400.0 2015.5 1 403 {-999.0 -999.0 -999.0 -999.0 -999.0} "" -999.0 -999.0 -999.0 -999.0 27021603150593173 852915059 "" ops_sky_boss_fallback ops_sky sky_boss 0 0 0.0 0.0 -999 ""
FIBERMAP 1384 R-12C6 METROLOGY 0 0 0 1 0 0 -55.067018848749754 -250.30528412779816 143.1 -155.49085598943876 -203.75793458714847 298.34842 46.507793 -999.0 -999.0 -999.0 -999.0 -999.0 281.81483067841623 3.47701263091424 281.8073160651601 3.5146435617021186 59.030069207735266 158.55753017782132 -999.0 6231.0 -999.0 -1 -999 {-999.0 -999.0 -999.0 -999.0 -999.0} "" -999.0 -999.0 -999.0 -999.0 -999 -999 "" "" "" "" 0 0 0.0 0.0 -999 ""
FIBERMAP 1388 R-10C8 APOGEE 0 0 0 1 0 0 -24.42040181607537 -203.485557354454 143.1 -107.95592413838428 -174.2250818403324 225.35672 145.52977 -999.0 -999.0 -999.0 -999.0 -999.0 282.0293508926201 3.608375294759881 282.0215071790673 3.6464491183422076 59.08879202168132 158.08261062185716 -999.0 16600.0 -999.0 2 -999 {-999.0 -999.0 -999.0 -999.0 -999.0} "" -999.0 -999.0 -999.0 -999.0 -999 -999 "" "" "" "" 0 0 0.0 0.0 -999 ""
FIBERMAP 1388 R-10C8 BOSS 1 1 0 1 0 0 -25.177191865054393 -203.64855147117714 143.1 -108.71092678838502 -174.05374369644278 225.35672 145.52977 282.02590942382807 3.6090173790383346 -999.0 -999.0 -999.0 282.0259379756991 3.609011180246184 282.0180544609523 3.6471921687877966 59.09058095891366 158.08852315999863 5400.0 5400.0 2015.5 1 372 {-999.0 -999.0 -999.0 -999.0 -999.0} "" -999.0 -999.0 -999.0 -999.0 27021603150592882 852914939 "" ops_sky_boss_fallback ops_sky sky_boss 0 0 0.0 0.0 -999 ""
FIBERMAP 1388 R-10C8 METROLOGY 0 0 0 1 0 0 -24.922989701343496 -202.9341342881124 143.1 -108.17913859720822 -173.5130997046721 225.35672 145.52977 -999.0 -999.0 -999.0 -999.0 -999.0 282.0283390640548 3.6114757489801876 282.02045994896537 3.6496295239925325 59.09213973190971 158.0825946474227 -999.0 6231.0 -999.0 -1 -999 {-999.0 -999.0 -999.0 -999.0 -999.0} "" -999.0 -999.0 -999.0 -999.0 -999 -999 "" "" "" "" 0 0 0.0 0.0 -999 ""
FIBERMAP 1391 R-5C4 APOGEE 0 0 0 1 0 0 -176.55278883347881 -82.5470783940845 143.1 -194.9109857395958 -0.40128942000789 145.83382 87.471085 -999.0 -999.0 -999.0 -999.0 -999.0 281.6347764360823 4.39778420041434 281.6249589277331 4.434684458619248 59.96122206127184 158.33704477258465 -999.0 16600.0 -999.0 2 -999 {-999.0 -999.0 -999.0 -999.0 -999.0} "" -999.0 -999.0 -999.0 -999.0 -999 -999 "" "" "" "" 0 0 0.0 0.0 -999 ""
FIBERMAP 1391 R-5C4 BOSS 1 1 0 1 0 0 -176.11212735856625 -81.9352754969203 143.1 -194.25338695779442 -0.032328494556121364 145.83382 87.471085 281.6377445217237 4.399357485576043 -0.12647405 -2.2455864 0.1845907 281.63773417889985 4.399342664243831 281.62787552144835 4.436362475831723 59.961911188998755 158.3304807961302 5400.0 5400.0 2016.0 1 454 {-999.0 16.017513 14.972222 14.482882 -999.0} sdss_psfmag_ps1 15.619393 15.116419 14.038618 12.581 63050395645043713 1093381856 bright_3x1 mwm_astar_core_boss mwm_ob science 0 0 0.0 0.0 -999 ""
FIBERMAP 1391 R-5C4 METROLOGY 0 0 0 1 0 0 -175.810119450365 -82.61852185352711 143.1 -194.26765174906683 -0.7792638010940699 145.83382 87.471085 -999.0 -999.0 -999.0 -999.0 -999.0 281.6376649767348 4.395983660800706 281.6278253585467 4.432972158973725 59.95870503355246 158.33268479384125 -999.0 6231.0 -999.0 -1 -999 {-999.0 -999.0 -999.0 -999.0 -999.0} "" -999.0 -999.0 -999.0 -999.0 -999 -999 "" "" "" "" 0 0 0.0 0.0 -999 ""
FIBERMAP 1392 R-12C10 APOGEE 0 0 0 1 0 0 23.452728139503904 -226.63539429297262 143.1 -74.30639066336569 -215.40606392829005 240.97392 15.914391 -999.0 -999.0 -999.0 -999.0 -999.0 282.18228757724194 3.422214480283808 282.1749015847465 3.460719697916739 58.864234039840454 157.91448052839115 -999.0 16600.0 -999.0 2 -999 {-999.0 -999.0 -999.0 -999.0 -999.0} "" -999.0 -999.0 -999.0 -999.0 -999 -999 "" "" "" "" 0 0 0.0 0.0 -999 ""
FIBERMAP 1392 R-12C10 BOSS 1 1 0 1 0 0 23.609310183136095 -225.8902938305403 143.1 -73.85018631528598 -214.79642890098927 240.97392 15.914391 282.1844159691792 3.424830687183323 1.7954338 -1.2235444 0.6482048 282.1843796890751 3.4247866774981675 282.1769477847589 3.4634137851346165 58.86614237267264 157.90908320354515 5400.0 5400.0 2016.0 1 406 {-999.0 20.50229 18.22905 16.75447 -999.0} sdss_psfmag_ps1 19.39286 17.385458 16.085966 13.165 63050395644700735 939258610 bright_1x1 openfibertargets_nov2020_34a open_fiber science 0 0 0.0 0.0 -999 ""
FIBERMAP 1392 R-12C10 METROLOGY 0 0 0 1 0 0 24.161562466044476 -226.4025512599449 143.1 -73.56541913585336 -215.49383893352177 240.97392 15.914391 -999.0 -999.0 -999.0 -999.0 -999.0 282.18566696738327 3.421690317510508 282.17825389219746 3.4602882134426487 58.86276476735479 157.90860680753295 -999.0 6231.0 -999.0 -1 -999 {-999.0 -999.0 -999.0 -999.0 -999.0} "" -999.0 -999.0 -999.0 -999.0 -999 -999 "" "" "" "" 0 0 0.0 0.0 -999 ""
FIBERMAP 1393 R-12C5 APOGEE 0 0 0 1 0 0 -65.04054157064544 -225.252585926837 143.1 -153.97008834675293 -176.8339254099223 11.0883465 164.22398 -999.0 -999.0 -999.0 -999.0 -999.0 281.82109675425204 3.59801842465126 281.81330052157074 3.6355576600382995 59.1432398659509 158.47384623970515 -999.0 16600.0 -999.0 2 -999 {-999.0 -999.0 -999.0 -999.0 -999.0} "" -999.0 -999.0 -999.0 -999.0 -999 -999 "" "" "" "" 0 0 0.0 0.0 -999 ""
FIBERMAP 1393 R-12C5 BOSS 1 1 0 1 0 0 -64.29520631289115 -225.31464284283618 143.1 -153.32037854005176 -177.20451216924528 11.0883465 164.22398 281.82403564453125 3.5961694482244297 -999.0 -999.0 -999.0 281.82405429107735 3.5961871333134936 281.8162246060575 3.633850422765171 59.140713996419365 158.46946470700206 5400.0 5400.0 2015.5 1 352 {-999.0 -999.0 -999.0 -999.0 -999.0} "" -999.0 -999.0 -999.0 -999.0 27021603150593224 852915078 "" ops_sky_boss_fallback ops_sky sky_boss 0 0 0.0 0.0 -999 ""
FIBERMAP 1393 R-12C5 METROLOGY 0 0 0 1 0 0 -64.72159631125277 -225.92707529074335 143.1 -153.9653012487233 -177.5800623543366 11.0883465 164.22398 -999.0 -999.0 -999.0 -999.0 -999.0 281.82114278876816 3.594557769025177 281.81332827177897 3.6321809934348313 59.14002004861647 158.47583009850877 -999.0 6231.0 -999.0 -1 -999 {-999.0 -999.0 -999.0 -999.0 -999.0} "" -999.0 -999.0 -999.0 -999.0 -999 -999 "" "" "" "" 0 0 0.0 0.0 -999 ""
FIBERMAP 1395 R+4C20 APOGEE 0 0 0 1 0 0 195.18637986210246 63.266024163943136 143.1 203.67721957877552 -24.940926042374723 26.385384 31.903568 -999.0 -999.0 -999.0 -999.0 -999.0 283.44863737913715 4.2817227191028255 283.43894659805983 4.32331026687692 59.252432067652386 155.04010610824605 -999.0 16600.0 -999.0 2 -999 {-999.0 -999.0 -999.0 -999.0 -999.0} "" -999.0 -999.0 -999.0 -999.0 -999 -999 "" "" "" "" 0 0 0.0 0.0 -999 ""
FIBERMAP 1395 R+4C20 BOSS 1 1 0 1 0 0 194.79257672412507 62.62198448134056 143.1 203.04851807750583 -25.358880167031064 26.385384 31.903568 283.4458923339844 4.2797134125125496 -999.0 -999.0 -999.0 283.445883065334 4.279714400290111 283.436154273874 4.3214088448948385 59.25164578093626 155.0465190773036 5400.0 5400.0 2015.5 1 205 {-999.0 -999.0 -999.0 -999.0 -999.0} "" -999.0 -999.0 -999.0 -999.0 27021603150618044 820735149 "" ops_sky_boss_good ops_sky sky_boss 0 0 0.0 0.0 -999 ""
FIBERMAP 1395 R+4C20 METROLOGY 0 0 0 1 0 0 194.44056945214808 63.286731962364726 143.1 203.0096417048684 -24.607634820772617 26.385384 31.903568 -999.0 -999.0 -999.0 -999.0 -999.0 283.445702413581 4.283156863203661 283.4359772071743 4.324817963203169 59.254894658463314 155.0444694062229 -999.0 6231.0 -999.0 -1 -999 {-999.0 -999.0 -999.0 -999.0 -999.0} "" -999.0 -999.0 -999.0 -999.0 -999 -999 "" "" "" "" 0 0 0.0 0.0 -999 ""
FIBERMAP 1396 R0C3 APOGEE 1 1 0 1 0 0 -229.78645907747475 -12.856554393735355 143.1 -213.79501436207488 85.24396213315543 24.542833 41.416527 281.55082395772894 4.786078957644784 -2.11073 -6.521376 0.13588454 281.55079851459595 4.786065287618323 281.53999632559356 4.8226730958021315 60.35626577091733 158.25547857748322 16000.0 16600.0 2016.0 2 297 {-999.0 19.28328 16.607025 15.187342 -999.0} sdss_psfmag_ps1 17.79269 15.744247 14.428891 10.837 63050395645671373 1156795787 bright_1x1 mwm_galactic_core_dist_apogee_extra mwm_galactic science 0 0 0.0 0.0 -999 ""
FIBERMAP 1396 R0C3 BOSS 0 0 0 1 0 0 -230.09019865703976 -13.534349484019746 143.1 -214.35627994429987 84.75741777886776 24.542833 41.416527 -999.0 -999.0 -999.0 -999.0 -999.0 281.548262924449 4.783759289718033 281.53743039874973 4.8204714360933245 60.354973663676226 158.26178029695404 -999.0 5400.0 -999.0 1 422 {-999.0 -999.0 -999.0 -999.0 -999.0} "" -999.0 -999.0 -999.0 -999.0 -999 -999 "" "" "" "" 0 0 0.0 0.0 -999 ""
FIBERMAP 1396 R0C3 METROLOGY 0 0 0 1 0 0 -230.53398486605738 -12.943511817320978 143.1 -214.50955089105727 85.48034453079697 24.542833 41.416527 -999.0 -999.0 -999.0 -999.0 -999.0 281.5475865238907 4.7870572038937125 281.5367559586183 4.8237356598431775 60.35828440590278 158.2610082896407 -999.0 6231.0 -999.0 -1 -999 {-999.0 -999.0 -999.0 -999.0 -999.0} "" -999.0 -999.0 -999.0 -999.0 -999 -999 "" "" "" "" 0 0 0.0 0.0 -999 ""
FIBERMAP 1400 R-5C13 APOGEE 1 1 0 1 0 0 17.69086454934679 -91.69294594045718 143.1 -22.625210571785658 -90.60869781096429 187.2923 88.14044 282.41787226448696 3.9856213291060345 -3.1502037 -6.61479 -0.1935956 282.41787039150057 3.9856067255025165 282.40902876136863 4.02460537604564 59.322791336703894 157.13018441823397 16000.0 16600.0 2016.0 2 155 {-999.0 24.589977 21.65534 17.851688 -999.0} sdss_psfmag_ps1 21.656887 17.713526 16.051327 10.123 63050395645518282 1154123705 bright_1x1 mwm_galactic_core_dist_apogee_sparse mwm_galactic science 0 0 0.0 0.0 -999 ""
FIBERMAP 1400 R-5C13 BOSS 0 0 0 1 0 0 17.595795451353702 -90.95264667876653 143.1 -22.399231418607823 -89.89729364356317 187.2923 88.14044 -999.0 -999.0 -999.0 -999.0 -999.0 282.4189362903416 3.988678245808143 282.4100469521622 4.027793491626669 59.325470712309446 157.1262560986841 -999.0 5400.0 -999.0 1 379 {-999.0 -999.0 -999.0 -999.0 -999.0} "" -999.0 -999.0 -999.0 -999.0 -999 -999 "" "" "" "" 0 0 0.0 0.0 -999 ""
FIBERMAP 1400 R-5C13 METROLOGY 0 0 0 1 0 0 18.283651130838344 -91.23448481547534 143.1 -21.894328010862715 -90.4429413314606 187.2923 88.14044 -999.0 -999.0 -999.0 -999.0 -999.0 282.42122622136867 3.986232070073186 282.4123541517203 4.02532126638991 59.32238082598995 157.12358188645175 -999.0 6231.0 -999.0 -1 -999 {-999.0 -999.0 -999.0 -999.0 -999.0} "" -999.0 -999.0 -999.0 -999.0 -999 -999 "" "" "" "" 0 0 0.0 0.0 -999 ""
