#%yanny
#
# confSummaryS-27828.par
#
# Created by pydl.pydlutils.yanny.yanny
#
# 2026-10-05 14:02:10 UTC
#
configuration_id 27828
robostrategy_run NA
fps_calibrations_version 2025.12.04
jaeger_version 1.11.2a1
coordio_version 1.18.1
kaiju_version 1.4.1
design_id -999
field_id -999
focal_scale 1.0
instruments BOSS APOGEE
epoch 2461318.430427614
obstime Sun Oct 04 22:19:49 2026
MJD 61318
observatory APO
temperature 10.7
raCen -999.0
decCen -999.0
pa -999.0
is_dithered 0
parent_configuration -999
dither_radius -999.0
cloned_from -999

typedef enum {
    BOSS,
    APOGEE,
    METROLOGY,
    NONE
} FIBERTYPE;

typedef struct {
    short positionerId;
    char holeId[28];
    FIBERTYPE fiberType;
    short assigned;
    short on_target;
    short disabled;
    short valid;
    short decollided;
    short too;
    double xwok;
    double ywok;
    double zwok;
    double xFocal;
    double yFocal;
    float alpha;
    float beta;
    double racat;
    double deccat;
    float pmra;
    float pmdec;
    float parallax;
    double ra;
    double dec;
    double ra_observed;
    double dec_observed;
    double alt_observed;
    double az_observed;
    float lambda_design;
    float lambda_eff;
    float coord_epoch;
    short spectrographId;
    short fiberId;
    float mag[5];
    char optical_prov[4];
    float bp_mag;
    float gaia_g_mag;
    float rp_mag;
    float h_mag;
    long catalogid;
    long carton_to_target_pk;
    char cadence[4];
    char firstcarton[4];
    char program[4];
    char category[4];
    long sdssv_boss_target0;
    long sdssv_apogee_target0;
    double delta_ra;
    double delta_dec;
    long too_id;
    char too_program[4];
} FIBERMAP;

FIBERMAP 3 R-1C14 APOGEE 0 0 0 1 0 0 12.013760702238027 -11.87002698447198 143.1 12.013760702238027 -11.87002698447198 10.009771 169.99797 -999.0 -999.0 -999.0 -999.0 -999.0 -999.0 -999.0 -999.0 -999.0 -999.0 -999.0 -999.0 16600.0 -999.0 2 214 {-999.0 -999.0 -999.0 -999.0 -999.0} "" -999.0 -999.0 -999.0 -999.0 -999 -999 "" "" "" "" 0 0 0.0 0.0 -999 ""
FIBERMAP 3 R-1C14 BOSS 0 0 0 1 0 0 12.750391030666368 -11.839771786228024 143.1 12.750391030666368 -11.839771786228024 10.009771 169.99797 -999.0 -999.0 -999.0 -999.0 -999.0 -999.0 -999.0 -999.0 -999.0 -999.0 -999.0 -999.0 5400.0 -999.0 1 263 {-999.0 -999.0 -999.0 -999.0 -999.0} "" -999.0 -999.0 -999.0 -999.0 -999 -999 "" "" "" "" 0 0 0.0 0.0 -999 ""
FIBERMAP 3 R-1C14 METROLOGY 1 0 0 1 0 0 12.405827764501858 -12.50631990376084 143.1 12.405827764501858 -12.50631990376084 10.009771 169.99797 -999.0 -999.0 -999.0 -999.0 -999.0 -999.0 -999.0 -999.0 -999.0 -999.0 -999.0 -999.0 6231.0 -999.0 -1 -999 {-999.0 -999.0 -999.0 -999.0 -999.0} "" -999.0 -999.0 -999.0 -999.0 -999 -999 "" "" "" "" 0 0 0.0 0.0 -999 ""
FIBERMAP 16 R+7C7 APOGEE 0 0 0 1 0 0 -77.77240646929835 143.30137046207986 143.1 -77.77240646929835 143.30137046207986 10.007476 169.99783 -999.0 -999.0 -999.0 -999.0 -999.0 -999.0 -999.0 -999.0 -999.0 -999.0 -999.0 -999.0 16600.0 -999.0 2 102 {-999.0 -999.0 -999.0 -999.0 -999.0} "" -999.0 -999.0 -999.0 -999.0 -999 -999 "" "" "" "" 0 0 0.0 0.0 -999 ""
FIBERMAP 16 R+7C7 BOSS 0 0 0 1 0 0 -77.0357279901132 143.30856469854305 143.1 -77.0357279901132 143.30856469854305 10.007476 169.99783 -999.0 -999.0 -999.0 -999.0 -999.0 -999.0 -999.0 -999.0 -999.0 -999.0 -999.0 -999.0 5400.0 -999.0 1 76 {-999.0 -999.0 -999.0 -999.0 -999.0} "" -999.0 -999.0 -999.0 -999.0 -999 -999 "" "" "" "" 0 0 0.0 0.0 -999 ""
FIBERMAP 16 R+7C7 METROLOGY 1 0 0 1 0 0 -77.38875211024433 142.6595839593521 143.1 -77.38875211024433 142.6595839593521 10.007476 169.99783 -999.0 -999.0 -999.0 -999.0 -999.0 -999.0 -999.0 -999.0 -999.0 -999.0 -999.0 -999.0 6231.0 -999.0 -1 -999 {-999.0 -999.0 -999.0 -999.0 -999.0} "" -999.0 -999.0 -999.0 -999.0 -999 -999 "" "" "" "" 0 0 0.0 0.0 -999 ""
FIBERMAP 37 R-9C9 APOGEE 0 0 0 1 0 0 -10.58391715449154 -167.14747372353855 143.1 -10.58391715449154 -167.14747372353855 9.998003 170.0251 -999.0 -999.0 -999.0 -999.0 -999.0 -999.0 -999.0 -999.0 -999.0 -999.0 -999.0 -999.0 16600.0 -999.0 2 167 {-999.0 -999.0 -999.0 -999.0 -999.0} "" -999.0 -999.0 -999.0 -999.0 -999 -999 "" "" "" "" 0 0 0.0 0.0 -999 ""
FIBERMAP 37 R-9C9 BOSS 0 0 0 1 0 0 -9.844472041566124 -167.1471448460409 143.1 -9.844472041566124 -167.1471448460409 9.998003 170.0251 -999.0 -999.0 -999.0 -999.0 -999.0 -999.0 -999.0 -999.0 -999.0 -999.0 -999.0 -999.0 5400.0 -999.0 1 376 {-999.0 -999.0 -999.0 -999.0 -999.0} "" -999.0 -999.0 -999.0 -999.0 -999 -999 "" "" "" "" 0 0 0.0 0.0 -999 ""
FIBERMAP 37 R-9C9 METROLOGY 1 0 0 1 0 0 -10.224242995880473 -167.80201415451594 143.1 -10.224242995880473 -167.80201415451594 9.998003 170.0251 -999.0 -999.0 -999.0 -999.0 -999.0 -999.0 -999.0 -999.0 -999.0 -999.0 -999.0 -999.0 6231.0 -999.0 -1 -999 {-999.0 -999.0 -999.0 -999.0 -999.0} "" -999.0 -999.0 -999.0 -999.0 -999 -999 "" "" "" "" 0 0 0.0 0.0 -999 ""
FIBERMAP 40 R+12C6 APOGEE 0 0 0 1 0 0 -44.36685847831578 240.35657248154612 143.1 -44.36685847831578 240.35657248154612 9.986653 169.99924 -999.0 -999.0 -999.0 -999.0 -999.0 -999.0 -999.0 -999.0 -999.0 -999.0 -999.0 -999.0 16600.0 -999.0 2 -999 {-999.0 -999.0 -999.0 -999.0 -999.0} "" -999.0 -999.0 -999.0 -999.0 -999 -999 "" "" "" "" 0 0 0.0 0.0 -999 ""
FIBERMAP 40 R+12C6 BOSS 0 0 0 1 0 0 -43.611726005968364 240.37925591664225 143.1 -43.611726005968364 240.37925591664225 9.986653 169.99924 -999.0 -999.0 -999.0 -999.0 -999.0 -999.0 -999.0 -999.0 -999.0 -999.0 -999.0 -999.0 5400.0 -999.0 1 156 {-999.0 -999.0 -999.0 -999.0 -999.0} "" -999.0 -999.0 -999.0 -999.0 -999 -999 "" "" "" "" 0 0 0.0 0.0 -999 ""
FIBERMAP 40 R+12C6 METROLOGY 1 0 0 1 0 0 -43.97036915610112 239.72454542683914 143.1 -43.97036915610112 239.72454542683914 9.986653 169.99924 -999.0 -999.0 -999.0 -999.0 -999.0 -999.0 -999.0 -999.0 -999.0 -999.0 -999.0 -999.0 6231.0 -999.0 -1 -999 {-999.0 -999.0 -999.0 -999.0 -999.0} "" -999.0 -999.0 -999.0 -999.0 -999 -999 "" "" "" "" 0 0 0.0 0.0 -999 ""
FIBERMAP 52 R+5C17 APOGEE 0 0 0 1 0 0 123.83769225084407 104.52472291507294 143.1 123.83769225084407 104.52472291507294 10.004586 169.99287 -999.0 -999.0 -999.0 -999.0 -999.0 -999.0 -999.0 -999.0 -999.0 -999.0 -999.0 -999.0 16600.0 -999.0 2 -999 {-999.0 -999.0 -999.0 -999.0 -999.0} "" -999.0 -999.0 -999.0 -999.0 -999 -999 "" "" "" "" 0 0 0.0 0.0 -999 ""
FIBERMAP 52 R+5C17 BOSS 0 0 0 1 0 0 124.56740450792974 104.5219434474019 143.1 124.56740450792974 104.5219434474019 10.004586 169.99287 -999.0 -999.0 -999.0 -999.0 -999.0 -999.0 -999.0 -999.0 -999.0 -999.0 -999.0 -999.0 5400.0 -999.0 1 206 {-999.0 -999.0 -999.0 -999.0 -999.0} "" -999.0 -999.0 -999.0 -999.0 -999 -999 "" "" "" "" 0 0 0.0 0.0 -999 ""
FIBERMAP 52 R+5C17 METROLOGY 1 0 0 1 0 0 124.21450435796069 103.88077057487834 143.1 124.21450435796069 103.88077057487834 10.004586 169.99287 -999.0 -999.0 -999.0 -999.0 -999.0 -999.0 -999.0 -999.0 -999.0 -999.0 -999.0 -999.0 6231.0 -999.0 -1 -999 {-999.0 -999.0 -999.0 -999.0 -999.0} "" -999.0 -999.0 -999.0 -999.0 -999 -999 "" "" "" "" 0 0 0.0 0.0 -999 ""
FIBERMAP 56 R-8C4 APOGEE 0 0 0 1 0 0 -133.63688554317628 -147.67717849861444 143.1 -133.63688554317628 -147.67717849861444 9.987541 170.00812 -999.0 -999.0 -999.0 -999.0 -999.0 -999.0 -999.0 -999.0 -999.0 -999.0 -999.0 -999.0 16600.0 -999.0 2 -999 {-999.0 -999.0 -999.0 -999.0 -999.0} "" -999.0 -999.0 -999.0 -999.0 -999 -999 "" "" "" "" 0 0 0.0 0.0 -999 ""
FIBERMAP 56 R-8C4 BOSS 0 0 0 1 0 0 -132.87454272153172 -147.69325952862278 143.1 -132.87454272153172 -147.69325952862278 9.987541 170.00812 -999.0 -999.0 -999.0 -999.0 -999.0 -999.0 -999.0 -999.0 -999.0 -999.0 -999.0 -999.0 5400.0 -999.0 1 452 {-999.0 -999.0 -999.0 -999.0 -999.0} "" -999.0 -999.0 -999.0 -999.0 -999 -999 "" "" "" "" 0 0 0.0 0.0 -999 ""
FIBERMAP 56 R-8C4 METROLOGY 1 0 0 1 0 0 -133.25560595245636 -148.31849577907104 143.1 -133.25560595245636 -148.31849577907104 9.987541 170.00812 -999.0 -999.0 -999.0 -999.0 -999.0 -999.0 -999.0 -999.0 -999.0 -999.0 -999.0 -999.0 6231.0 -999.0 -1 -999 {-999.0 -999.0 -999.0 -999.0 -999.0} "" -999.0 -999.0 -999.0 -999.0 -999 -999 "" "" "" "" 0 0 0.0 0.0 -999 ""
FIBERMAP 59 R+4C8 APOGEE 0 0 0 1 0 0 -90.205261277071 85.11478122763066 143.1 -90.205261277071 85.11478122763066 9.99076 169.9828 -999.0 -999.0 -999.0 -999.0 -999.0 -999.0 -999.0 -999.0 -999.0 -999.0 -999.0 -999.0 16600.0 -999.0 2 -999 {-999.0 -999.0 -999.0 -999.0 -999.0} "" -999.0 -999.0 -999.0 -999.0 -999 -999 "" "" "" "" 0 0 0.0 0.0 -999 ""
FIBERMAP 59 R+4C8 BOSS 0 0 0 1 0 0 -89.45228023011651 85.18021976309547 143.1 -89.45228023011651 85.18021976309547 9.99076 169.9828 -999.0 -999.0 -999.0 -999.0 -999.0 -999.0 -999.0 -999.0 -999.0 -999.0 -999.0 -999.0 5400.0 -999.0 1 33 {-999.0 -999.0 -999.0 -999.0 -999.0} "" -999.0 -999.0 -999.0 -999.0 -999 -999 "" "" "" "" 0 0 0.0 0.0 -999 ""
FIBERMAP 59 R+4C8 METROLOGY 1 0 0 1 0 0 -89.77053868369585 84.50841644689139 143.1 -89.77053868369585 84.50841644689139 9.99076 169.9828 -999.0 -999.0 -999.0 -999.0 -999.0 -999.0 -999.0 -999.0 -999.0 -999.0 -999.0 -999.0 6231.0 -999.0 -1 -999 {-999.0 -999.0 -999.0 -999.0 -999.0} "" -999.0 -999.0 -999.0 -999.0 -999 -999 "" "" "" "" 0 0 0.0 0.0 -999 ""
FIBERMAP 63 R+5C19 APOGEE 0 0 0 1 0 0 168.81663071054277 104.59449219190113 143.1 168.81663071054277 104.59449219190113 9.993177 170.00127 -999.0 -999.0 -999.0 -999.0 -999.0 -999.0 -999.0 -999.0 -999.0 -999.0 -999.0 -999.0 16600.0 -999.0 2 -999 {-999.0 -999.0 -999.0 -999.0 -999.0} "" -999.0 -999.0 -999.0 -999.0 -999 -999 "" "" "" "" 0 0 0.0 0.0 -999 ""
FIBERMAP 63 R+5C19 BOSS 0 0 0 1 0 0 169.5686097182894 104.60510700945022 143.1 169.5686097182894 104.60510700945022 9.993177 170.00127 -999.0 -999.0 -999.0 -999.0 -999.0 -999.0 -999.0 -999.0 -999.0 -999.0 -999.0 -999.0 5400.0 -999.0 1 204 {-999.0 -999.0 -999.0 -999.0 -999.0} "" -999.0 -999.0 -999.0 -999.0 -999 -999 "" "" "" "" 0 0 0.0 0.0 -999 ""
FIBERMAP 63 R+5C19 METROLOGY 1 0 0 1 0 0 169.1911509369095 103.94920420924996 143.1 169.1911509369095 103.94920420924996 9.993177 170.00127 -999.0 -999.0 -999.0 -999.0 -999.0 -999.0 -999.0 -999.0 -999.0 -999.0 -999.0 -999.0 6231.0 -999.0 -1 -999 {-999.0 -999.0 -999.0 -999.0 -999.0} "" -999.0 -999.0 -999.0 -999.0 -999 -999 "" "" "" "" 0 0 0.0 0.0 -999 ""
FIBERMAP 65 R+5C14 APOGEE 0 0 0 1 0 0 56.65901073422317 104.61433703362485 143.1 56.65901073422317 104.61433703362485 10.005804 169.99696 -999.0 -999.0 -999.0 -999.0 -999.0 -999.0 -999.0 -999.0 -999.0 -999.0 -999.0 -999.0 16600.0 -999.0 2 41 {-999.0 -999.0 -999.0 -999.0 -999.0} "" -999.0 -999.0 -999.0 -999.0 -999 -999 "" "" "" "" 0 0 0.0 0.0 -999 ""
FIBERMAP 65 R+5C14 BOSS 0 0 0 1 0 0 57.40170267826156 104.61171096558006 143.1 57.40170267826156 104.61171096558006 10.005804 169.99696 -999.0 -999.0 -999.0 -999.0 -999.0 -999.0 -999.0 -999.0 -999.0 -999.0 -999.0 -999.0 5400.0 -999.0 1 159 {-999.0 -999.0 -999.0 -999.0 -999.0} "" -999.0 -999.0 -999.0 -999.0 -999 -999 "" "" "" "" 0 0 0.0 0.0 -999 ""
FIBERMAP 65 R+5C14 METROLOGY 1 0 0 1 0 0 57.040718799360896 103.97365846066512 143.1 57.040718799360896 103.97365846066512 10.005804 169.99696 -999.0 -999.0 -999.0 -999.0 -999.0 -999.0 -999.0 -999.0 -999.0 -999.0 -999.0 -999.0 6231.0 -999.0 -1 -999 {-999.0 -999.0 -999.0 -999.0 -999.0} "" -999.0 -999.0 -999.0 -999.0 -999 -999 "" "" "" "" 0 0 0.0 0.0 -999 ""
FIBERMAP 71 R-4C9 APOGEE 0 0 0 1 0 0 -66.48129818864244 -70.11486254200014 143.1 -66.48129818864244 -70.11486254200014 9.989589 170.00392 -999.0 -999.0 -999.0 -999.0 -999.0 -999.0 -999.0 -999.0 -999.0 -999.0 -999.0 -999.0 16600.0 -999.0 2 270 {-999.0 -999.0 -999.0 -999.0 -999.0} "" -999.0 -999.0 -999.0 -999.0 -999 -999 "" "" "" "" 0 0 0.0 0.0 -999 ""
FIBERMAP 71 R-4C9 BOSS 0 0 0 1 0 0 -65.7334318731242 -70.1213862860036 143.1 -65.7334318731242 -70.1213862860036 9.989589 170.00392 -999.0 -999.0 -999.0 -999.0 -999.0 -999.0 -999.0 -999.0 -999.0 -999.0 -999.0 -999.0 5400.0 -999.0 1 462 {-999.0 -999.0 -999.0 -999.0 -999.0} "" -999.0 -999.0 -999.0 -999.0 -999 -999 "" "" "" "" 0 0 0.0 0.0 -999 ""
FIBERMAP 71 R-4C9 METROLOGY 1 0 0 1 0 0 -66.11354282147835 -70.7621991082055 143.1 -66.11354282147835 -70.7621991082055 9.989589 170.00392 -999.0 -999.0 -999.0 -999.0 -999.0 -999.0 -999.0 -999.0 -999.0 -999.0 -999.0 -999.0 6231.0 -999.0 -1 -999 {-999.0 -999.0 -999.0 -999.0 -999.0} "" -999.0 -999.0 -999.0 -999.0 -999 -999 "" "" "" "" 0 0 0.0 0.0 -999 ""
FIBERMAP 78 R-5C11 APOGEE 0 0 0 1 0 0 -10.35533373373292 -89.43994825064385 143.1 -10.35533373373292 -89.43994825064385 10.0046015 169.9949 -999.0 -999.0 -999.0 -999.0 -999.0 -999.0 -999.0 -999.0 -999.0 -999.0 -999.0 -999.0 16600.0 -999.0 2 160 {-999.0 -999.0 -999.0 -999.0 -999.0} "" -999.0 -999.0 -999.0 -999.0 -999 -999 "" "" "" "" 0 0 0.0 0.0 -999 ""
FIBERMAP 78 R-5C11 BOSS 0 0 0 1 0 0 -9.618550067210185 -89.43421360783437 143.1 -9.618550067210185 -89.43421360783437 10.0046015 169.9949 -999.0 -999.0 -999.0 -999.0 -999.0 -999.0 -999.0 -999.0 -999.0 -999.0 -999.0 -999.0 5400.0 -999.0 1 366 {-999.0 -999.0 -999.0 -999.0 -999.0} "" -999.0 -999.0 -999.0 -999.0 -999 -999 "" "" "" "" 0 0 0.0 0.0 -999 ""
FIBERMAP 78 R-5C11 METROLOGY 1 0 0 1 0 0 -9.981322686782736 -90.0838517758302 143.1 -9.981322686782736 -90.0838517758302 10.0046015 169.9949 -999.0 -999.0 -999.0 -999.0 -999.0 -999.0 -999.0 -999.0 -999.0 -999.0 -999.0 -999.0 6231.0 -999.0 -1 -999 {-999.0 -999.0 -999.0 -999.0 -999.0} "" -999.0 -999.0 -999.0 -999.0 -999 -999 "" "" "" "" 0 0 0.0 0.0 -999 ""
FIBERMAP 86 R-12C11 APOGEE 0 0 0 1 0 0 68.0857337431239 -225.23045046184336 143.1 68.0857337431239 -225.23045046184336 10.011726 170.00185 -999.0 -999.0 -999.0 -999.0 -999.0 -999.0 -999.0 -999.0 -999.0 -999.0 -999.0 -999.0 16600.0 -999.0 2 -999 {-999.0 -999.0 -999.0 -999.0 -999.0} "" -999.0 -999.0 -999.0 -999.0 -999 -999 "" "" "" "" 0 0 0.0 0.0 -999 ""
FIBERMAP 86 R-12C11 BOSS 0 0 0 1 0 0 68.83353937346232 -225.2401063570422 143.1 68.83353937346232 -225.2401063570422 10.011726 170.00185 -999.0 -999.0 -999.0 -999.0 -999.0 -999.0 -999.0 -999.0 -999.0 -999.0 -999.0 -999.0 5400.0 -999.0 1 407 {-999.0 -999.0 -999.0 -999.0 -999.0} "" -999.0 -999.0 -999.0 -999.0 -999 -999 "" "" "" "" 0 0 0.0 0.0 -999 ""
FIBERMAP 86 R-12C11 METROLOGY 1 0 0 1 0 0 68.45931699316937 -225.87628134976782 143.1 68.45931699316937 -225.87628134976782 10.011726 170.00185 -999.0 -999.0 -999.0 -999.0 -999.0 -999.0 -999.0 -999.0 -999.0 -999.0 -999.0 -999.0 6231.0 -999.0 -1 -999 {-999.0 -999.0 -999.0 -999.0 -999.0} "" -999.0 -999.0 -999.0 -999.0 -999 -999 "" "" "" "" 0 0 0.0 0.0 -999 ""
FIBERMAP 97 R-4C15 APOGEE 0 0 0 1 0 0 67.9591766736354 -70.10637294348781 143.1 67.9591766736354 -70.10637294348781 10.000644 170.00163 -999.0 -999.0 -999.0 -999.0 -999.0 -999.0 -999.0 -999.0 -999.0 -999.0 -999.0 -999.0 16600.0 -999.0 2 191 {-999.0 -999.0 -999.0 -999.0 -999.0} "" -999.0 -999.0 -999.0 -999.0 -999 -999 "" "" "" "" 0 0 0.0 0.0 -999 ""
FIBERMAP 97 R-4C15 BOSS 0 0 0 1 0 0 68.69825356113185 -70.09768121848255 143.1 68.69825356113185 -70.09768121848255 10.000644 170.00163 -999.0 -999.0 -999.0 -999.0 -999.0 -999.0 -999.0 -999.0 -999.0 -999.0 -999.0 -999.0 5400.0 -999.0 1 314 {-999.0 -999.0 -999.0 -999.0 -999.0} "" -999.0 -999.0 -999.0 -999.0 -999 -999 "" "" "" "" 0 0 0.0 0.0 -999 ""
FIBERMAP 97 R-4C15 METROLOGY 1 0 0 1 0 0 68.33662847205908 -70.75186361867392 143.1 68.33662847205908 -70.75186361867392 10.000644 170.00163 -999.0 -999.0 -999.0 -999.0 -999.0 -999.0 -999.0 -999.0 -999.0 -999.0 -999.0 -999.0 6231.0 -999.0 -1 -999 {-999.0 -999.0 -999.0 -999.0 -999.0} "" -999.0 -999.0 -999.0 -999.0 -999 -999 "" "" "" "" 0 0 0.0 0.0 -999 ""
FIBERMAP 103 R-8C3 APOGEE 0 0 0 1 0 0 -156.0730950586115 -147.61690060681028 143.1 -156.0730950586115 -147.61690060681028 9.990378 169.99863 -999.0 -999.0 -999.0 -999.0 -999.0 -999.0 -999.0 -999.0 -999.0 -999.0 -999.0 -999.0 16600.0 -999.0 2 267 {-999.0 -999.0 -999.0 -999.0 -999.0} "" -999.0 -999.0 -999.0 -999.0 -999 -999 "" "" "" "" 0 0 0.0 0.0 -999 ""
FIBERMAP 103 R-8C3 BOSS 0 0 0 1 0 0 -155.3347497809278 -147.594744174317 143.1 -155.3347497809278 -147.594744174317 9.990378 169.99863 -999.0 -999.0 -999.0 -999.0 -999.0 -999.0 -999.0 -999.0 -999.0 -999.0 -999.0 -999.0 5400.0 -999.0 1 476 {-999.0 -999.0 -999.0 -999.0 -999.0} "" -999.0 -999.0 -999.0 -999.0 -999 -999 "" "" "" "" 0 0 0.0 0.0 -999 ""
FIBERMAP 103 R-8C3 METROLOGY 1 0 0 1 0 0 -155.68041832574406 -148.26202320649028 143.1 -155.68041832574406 -148.26202320649028 9.990378 169.99863 -999.0 -999.0 -999.0 -999.0 -999.0 -999.0 -999.0 -999.0 -999.0 -999.0 -999.0 -999.0 6231.0 -999.0 -1 -999 {-999.0 -999.0 -999.0 -999.0 -999.0} "" -999.0 -999.0 -999.0 -999.0 -999 -999 "" "" "" "" 0 0 0.0 0.0 -999 ""
FIBERMAP 107 R-3C24 APOGEE 0 0 0 1 0 0 258.3016744086088 -50.62755784872844 143.1 258.3016744086088 -50.62755784872844 9.9917555 169.99782 -999.0 -999.0 -999.0 -999.0 -999.0 -999.0 -999.0 -999.0 -999.0 -999.0 -999.0 -999.0 16600.0 -999.0 2 222 {-999.0 -999.0 -999.0 -999.0 -999.0} "" -999.0 -999.0 -999.0 -999.0 -999 -999 "" "" "" "" 0 0 0.0 0.0 -999 ""
FIBERMAP 107 R-3C24 BOSS 0 0 0 1 0 0 259.0449569360515 -50.6293060396118 143.1 259.0449569360515 -50.6293060396118 9.9917555 169.99782 -999.0 -999.0 -999.0 -999.0 -999.0 -999.0 -999.0 -999.0 -999.0 -999.0 -999.0 -999.0 5400.0 -999.0 1 253 {-999.0 -999.0 -999.0 -999.0 -999.0} "" -999.0 -999.0 -999.0 -999.0 -999 -999 "" "" "" "" 0 0 0.0 0.0 -999 ""
FIBERMAP 107 R-3C24 METROLOGY 1 0 0 1 0 0 258.66673509819884 -51.278884542940276 143.1 258.66673509819884 -51.278884542940276 9.9917555 169.99782 -999.0 -999.0 -999.0 -999.0 -999.0 -999.0 -999.0 -999.0 -999.0 -999.0 -999.0 -999.0 6231.0 -999.0 -1 -999 {-999.0 -999.0 -999.0 -999.0 -999.0} "" -999.0 -999.0 -999.0 -999.0 -999 -999 "" "" "" "" 0 0 0.0 0.0 -999 ""
FIBERMAP 110 R-1C13 APOGEE 0 0 0 1 0 0 -10.612962301822986 -11.824149724994403 143.1 -10.612962301822986 -11.824149724994403 9.996329 169.99973 -999.0 -999.0 -999.0 -999.0 -999.0 -999.0 -999.0 -999.0 -999.0 -999.0 -999.0 -999.0 16600.0 -999.0 2 162 {-999.0 -999.0 -999.0 -999.0 -999.0} "" -999.0 -999.0 -999.0 -999.0 -999 -999 "" "" "" "" 0 0 0.0 0.0 -999 ""
FIBERMAP 110 R-1C13 BOSS 0 0 0 1 0 0 -9.873749716705348 -11.816941811522415 143.1 -9.873749716705348 -11.816941811522415 9.996329 169.99973 -999.0 -999.0 -999.0 -999.0 -999.0 -999.0 -999.0 -999.0 -999.0 -999.0 -999.0 -999.0 5400.0 -999.0 1 346 {-999.0 -999.0 -999.0 -999.0 -999.0} "" -999.0 -999.0 -999.0 -999.0 -999 -999 "" "" "" "" 0 0 0.0 0.0 -999 ""
FIBERMAP 110 R-1C13 METROLOGY 1 0 0 1 0 0 -10.224741839603352 -12.469851680114608 143.1 -10.224741839603352 -12.469851680114608 9.996329 169.99973 -999.0 -999.0 -999.0 -999.0 -999.0 -999.0 -999.0 -999.0 -999.0 -999.0 -999.0 -999.0 6231.0 -999.0 -1 -999 {-999.0 -999.0 -999.0 -999.0 -999.0} "" -999.0 -999.0 -999.0 -999.0 -999 -999 "" "" "" "" 0 0 0.0 0.0 -999 ""
FIBERMAP 114 R-12C15 APOGEE 0 0 0 1 0 0 157.59176820596167 -225.0378672700881 143.1 157.59176820596167 -225.0378672700881 10.007223 169.99953 -999.0 -999.0 -999.0 -999.0 -999.0 -999.0 -999.0 -999.0 -999.0 -999.0 -999.0 -999.0 16600.0 -999.0 2 236 {-999.0 -999.0 -999.0 -999.0 -999.0} "" -999.0 -999.0 -999.0 -999.0 -999 -999 "" "" "" "" 0 0 0.0 0.0 -999 ""
FIBERMAP 114 R-12C15 BOSS 0 0 0 1 0 0 158.3354225722654 -225.04956536486182 143.1 158.3354225722654 -225.04956536486182 10.007223 169.99953 -999.0 -999.0 -999.0 -999.0 -999.0 -999.0 -999.0 -999.0 -999.0 -999.0 -999.0 -999.0 5400.0 -999.0 1 258 {-999.0 -999.0 -999.0 -999.0 -999.0} "" -999.0 -999.0 -999.0 -999.0 -999 -999 "" "" "" "" 0 0 0.0 0.0 -999 ""
FIBERMAP 114 R-12C15 METROLOGY 1 0 0 1 0 0 157.94912430755815 -225.69597722992967 143.1 157.94912430755815 -225.69597722992967 10.007223 169.99953 -999.0 -999.0 -999.0 -999.0 -999.0 -999.0 -999.0 -999.0 -999.0 -999.0 -999.0 -999.0 6231.0 -999.0 -1 -999 {-999.0 -999.0 -999.0 -999.0 -999.0} "" -999.0 -999.0 -999.0 -999.0 -999 -999 "" "" "" "" 0 0 0.0 0.0 -999 ""
FIBERMAP 115 R-11C13 APOGEE 0 0 0 1 0 0 101.58094927680088 -205.82124452449125 143.1 101.58094927680088 -205.82124452449125 9.9939375 169.99756 -999.0 -999.0 -999.0 -999.0 -999.0 -999.0 -999.0 -999.0 -999.0 -999.0 -999.0 -999.0 16600.0 -999.0 2 166 {-999.0 -999.0 -999.0 -999.0 -999.0} "" -999.0 -999.0 -999.0 -999.0 -999 -999 "" "" "" "" 0 0 0.0 0.0 -999 ""
FIBERMAP 115 R-11C13 BOSS 0 0 0 1 0 0 102.320504808885 -205.81518441036272 143.1 102.320504808885 -205.81518441036272 9.9939375 169.99756 -999.0 -999.0 -999.0 -999.0 -999.0 -999.0 -999.0 -999.0 -999.0 -999.0 -999.0 -999.0 5400.0 -999.0 1 395 {-999.0 -999.0 -999.0 -999.0 -999.0} "" -999.0 -999.0 -999.0 -999.0 -999 -999 "" "" "" "" 0 0 0.0 0.0 -999 ""
FIBERMAP 115 R-11C13 METROLOGY 1 0 0 1 0 0 101.95819821870111 -206.46477186871218 143.1 101.95819821870111 -206.46477186871218 9.9939375 169.99756 -999.0 -999.0 -999.0 -999.0 -999.0 -999.0 -999.0 -999.0 -999.0 -999.0 -999.0 -999.0 6231.0 -999.0 -1 -999 {-999.0 -999.0 -999.0 -999.0 -999.0} "" -999.0 -999.0 -999.0 -999.0 -999 -999 "" "" "" "" 0 0 0.0 0.0 -999 ""
FIBERMAP 117 R-1C9 APOGEE 0 0 0 1 0 0 -100.10234247123645 -11.929920221915754 143.1 -100.10234247123645 -11.929920221915754 10.018587 170.01553 -999.0 -999.0 -999.0 -999.0 -999.0 -999.0 -999.0 -999.0 -999.0 -999.0 -999.0 -999.0 16600.0 -999.0 2 244 {-999.0 -999.0 -999.0 -999.0 -999.0} "" -999.0 -999.0 -999.0 -999.0 -999 -999 "" "" "" "" 0 0 0.0 0.0 -999 ""
FIBERMAP 117 R-1C9 BOSS 0 0 0 1 0 0 -99.36023349920498 -11.908149995114677 143.1 -99.36023349920498 -11.908149995114677 10.018587 170.01553 -999.0 -999.0 -999.0 -999.0 -999.0 -999.0 -999.0 -999.0 -999.0 -999.0 -999.0 -999.0 5400.0 -999.0 1 481 {-999.0 -999.0 -999.0 -999.0 -999.0} "" -999.0 -999.0 -999.0 -999.0 -999 -999 "" "" "" "" 0 0 0.0 0.0 -999 ""
FIBERMAP 117 R-1C9 METROLOGY 1 0 0 1 0 0 -99.70938513027569 -12.569368747967175 143.1 -99.70938513027569 -12.569368747967175 10.018587 170.01553 -999.0 -999.0 -999.0 -999.0 -999.0 -999.0 -999.0 -999.0 -999.0 -999.0 -999.0 -999.0 6231.0 -999.0 -1 -999 {-999.0 -999.0 -999.0 -999.0 -999.0} "" -999.0 -999.0 -999.0 -999.0 -999 -999 "" "" "" "" 0 0 0.0 0.0 -999 ""
FIBERMAP 119 R0C6 APOGEE 0 0 0 1 0 0 -178.7699158960202 7.531551753746806 143.1 -178.7699158960202 7.531551753746806 9.994879 170.00394 -999.0 -999.0 -999.0 -999.0 -999.0 -999.0 -999.0 -999.0 -999.0 -999.0 -999.0 -999.0 16600.0 -999.0 2 -999 {-999.0 -999.0 -999.0 -999.0 -999.0} "" -999.0 -999.0 -999.0 -999.0 -999 -999 "" "" "" "" 0 0 0.0 0.0 -999 ""
FIBERMAP 119 R0C6 BOSS 0 0 0 1 0 0 -178.03996939920336 7.565456793893864 143.1 -178.03996939920336 7.565456793893864 9.994879 170.00394 -999.0 -999.0 -999.0 -999.0 -999.0 -999.0 -999.0 -999.0 -999.0 -999.0 -999.0 -999.0 5400.0 -999.0 1 494 {-999.0 -999.0 -999.0 -999.0 -999.0} "" -999.0 -999.0 -999.0 -999.0 -999 -999 "" "" "" "" 0 0 0.0 0.0 -999 ""
FIBERMAP 119 R0C6 METROLOGY 1 0 0 1 0 0 -178.38536735997295 6.892189255678831 143.1 -178.38536735997295 6.892189255678831 9.994879 170.00394 -999.0 -999.0 -999.0 -999.0 -999.0 -999.0 -999.0 -999.0 -999.0 -999.0 -999.0 -999.0 6231.0 -999.0 -1 -999 {-999.0 -999.0 -999.0 -999.0 -999.0} "" -999.0 -999.0 -999.0 -999.0 -999 -999 "" "" "" "" 0 0 0.0 0.0 -999 ""
FIBERMAP 120 R-7C13 APOGEE 0 0 0 1 0 0 56.57173323100118 -128.29584135748732 143.1 56.57173323100118 -128.29584135748732 9.996589 170.00554 -999.0 -999.0 -999.0 -999.0 -999.0 -999.0 -999.0 -999.0 -999.0 -999.0 -999.0 -999.0 16600.0 -999.0 2 163 {-999.0 -999.0 -999.0 -999.0 -999.0} "" -999.0 -999.0 -999.0 -999.0 -999 -999 "" "" "" "" 0 0 0.0 0.0 -999 ""
FIBERMAP 120 R-7C13 BOSS 0 0 0 1 0 0 57.32173968217101 -128.2991181351152 143.1 57.32173968217101 -128.2991181351152 9.996589 170.00554 -999.0 -999.0 -999.0 -999.0 -999.0 -999.0 -999.0 -999.0 -999.0 -999.0 -999.0 -999.0 5400.0 -999.0 1 354 {-999.0 -999.0 -999.0 -999.0 -999.0} "" -999.0 -999.0 -999.0 -999.0 -999 -999 "" "" "" "" 0 0 0.0 0.0 -999 ""
FIBERMAP 120 R-7C13 METROLOGY 1 0 0 1 0 0 56.95772766205674 -128.93763270446152 143.1 56.95772766205674 -128.93763270446152 9.996589 170.00554 -999.0 -999.0 -999.0 -999.0 -999.0 -999.0 -999.0 -999.0 -999.0 -999.0 -999.0 -999.0 6231.0 -999.0 -1 -999 {-999.0 -999.0 -999.0 -999.0 -999.0} "" -999.0 -999.0 -999.0 -999.0 -999 -999 "" "" "" "" 0 0 0.0 0.0 -999 ""
FIBERMAP 124 R-6C12 APOGEE 0 0 0 1 0 0 23.124898449626997 -108.9046252220832 143.1 23.124898449626997 -108.9046252220832 10.007908 170.02539 -999.0 -999.0 -999.0 -999.0 -999.0 -999.0 -999.0 -999.0 -999.0 -999.0 -999.0 -999.0 16600.0 -999.0 2 -999 {-999.0 -999.0 -999.0 -999.0 -999.0} "" -999.0 -999.0 -999.0 -999.0 -999 -999 "" "" "" "" 0 0 0.0 0.0 -999 ""
FIBERMAP 124 R-6C12 BOSS 0 0 0 1 0 0 23.864501849241588 -108.9008716899043 143.1 23.864501849241588 -108.9008716899043 10.007908 170.02539 -999.0 -999.0 -999.0 -999.0 -999.0 -999.0 -999.0 -999.0 -999.0 -999.0 -999.0 -999.0 5400.0 -999.0 1 378 {-999.0 -999.0 -999.0 -999.0 -999.0} "" -999.0 -999.0 -999.0 -999.0 -999 -999 "" "" "" "" 0 0 0.0 0.0 -999 ""
FIBERMAP 124 R-6C12 METROLOGY 1 0 0 1 0 0 23.50495280953807 -109.54666935142664 143.1 23.50495280953807 -109.54666935142664 10.007908 170.02539 -999.0 -999.0 -999.0 -999.0 -999.0 -999.0 -999.0 -999.0 -999.0 -999.0 -999.0 -999.0 6231.0 -999.0 -1 -999 {-999.0 -999.0 -999.0 -999.0 -999.0} "" -999.0 -999.0 -999.0 -999.0 -999 -999 "" "" "" "" 0 0 0.0 0.0 -999 ""
FIBERMAP 126 R-7C19 APOGEE 0 0 0 1 0 0 191.12437946215235 -128.28028041499394 143.1 191.12437946215235 -128.28028041499394 9.994272 169.99976 -999.0 -999.0 -999.0 -999.0 -999.0 -999.0 -999.0 -999.0 -999.0 -999.0 -999.0 -999.0 16600.0 -999.0 2 -999 {-999.0 -999.0 -999.0 -999.0 -999.0} "" -999.0 -999.0 -999.0 -999.0 -999 -999 "" "" "" "" 0 0 0.0 0.0 -999 ""
FIBERMAP 126 R-7C19 BOSS 0 0 0 1 0 0 191.86546723350673 -128.25679594319016 143.1 191.86546723350673 -128.25679594319016 9.994272 169.99976 -999.0 -999.0 -999.0 -999.0 -999.0 -999.0 -999.0 -999.0 -999.0 -999.0 -999.0 -999.0 5400.0 -999.0 1 320 {-999.0 -999.0 -999.0 -999.0 -999.0} "" -999.0 -999.0 -999.0 -999.0 -999 -999 "" "" "" "" 0 0 0.0 0.0 -999 ""
FIBERMAP 126 R-7C19 METROLOGY 1 0 0 1 0 0 191.5077830191282 -128.9203301732238 143.1 191.5077830191282 -128.9203301732238 9.994272 169.99976 -999.0 -999.0 -999.0 -999.0 -999.0 -999.0 -999.0 -999.0 -999.0 -999.0 -999.0 -999.0 6231.0 -999.0 -1 -999 {-999.0 -999.0 -999.0 -999.0 -999.0} "" -999.0 -999.0 -999.0 -999.0 -999 -999 "" "" "" "" 0 0 0.0 0.0 -999 ""
FIBERMAP 129 R-6C21 APOGEE 0 0 0 1 0 0 224.64574571572416 -108.83253367222194 143.1 224.64574571572416 -108.83253367222194 9.994508 169.99945 -999.0 -999.0 -999.0 -999.0 -999.0 -999.0 -999.0 -999.0 -999.0 -999.0 -999.0 -999.0 16600.0 -999.0 2 194 {-999.0 -999.0 -999.0 -999.0 -999.0} "" -999.0 -999.0 -999.0 -999.0 -999 -999 "" "" "" "" 0 0 0.0 0.0 -999 ""
FIBERMAP 129 R-6C21 BOSS 0 0 0 1 0 0 225.38587079821576 -108.80097361713044 143.1 225.38587079821576 -108.80097361713044 9.994508 169.99945 -999.0 -999.0 -999.0 -999.0 -999.0 -999.0 -999.0 -999.0 -999.0 -999.0 -999.0 -999.0 5400.0 -999.0 1 333 {-999.0 -999.0 -999.0 -999.0 -999.0} "" -999.0 -999.0 -999.0 -999.0 -999 -999 "" "" "" "" 0 0 0.0 0.0 -999 ""
FIBERMAP 129 R-6C21 METROLOGY 1 0 0 1 0 0 225.03837743949353 -109.46377353845102 143.1 225.03837743949353 -109.46377353845102 9.994508 169.99945 -999.0 -999.0 -999.0 -999.0 -999.0 -999.0 -999.0 -999.0 -999.0 -999.0 -999.0 -999.0 6231.0 -999.0 -1 -999 {-999.0 -999.0 -999.0 -999.0 -999.0} "" -999.0 -999.0 -999.0 -999.0 -999 -999 "" "" "" "" 0 0 0.0 0.0 -999 ""
FIBERMAP 130 R-9C15 APOGEE 0 0 0 1 0 0 123.88016904943021 -167.04724412776244 143.1 123.88016904943021 -167.04724412776244 10.002017 169.99818 -999.0 -999.0 -999.0 -999.0 -999.0 -999.0 -999.0 -999.0 -999.0 -999.0 -999.0 -999.0 16600.0 -999.0 2 -999 {-999.0 -999.0 -999.0 -999.0 -999.0} "" -999.0 -999.0 -999.0 -999.0 -999 -999 "" "" "" "" 0 0 0.0 0.0 -999 ""
FIBERMAP 130 R-9C15 BOSS 0 0 0 1 0 0 124.6120051186934 -167.03185691022554 143.1 124.6120051186934 -167.03185691022554 10.002017 169.99818 -999.0 -999.0 -999.0 -999.0 -999.0 -999.0 -999.0 -999.0 -999.0 -999.0 -999.0 -999.0 5400.0 -999.0 1 265 {-999.0 -999.0 -999.0 -999.0 -999.0} "" -999.0 -999.0 -999.0 -999.0 -999 -999 "" "" "" "" 0 0 0.0 0.0 -999 ""
FIBERMAP 130 R-9C15 METROLOGY 1 0 0 1 0 0 124.26664944289085 -167.68544071658306 143.1 124.26664944289085 -167.68544071658306 10.002017 169.99818 -999.0 -999.0 -999.0 -999.0 -999.0 -999.0 -999.0 -999.0 -999.0 -999.0 -999.0 -999.0 6231.0 -999.0 -1 -999 {-999.0 -999.0 -999.0 -999.0 -999.0} "" -999.0 -999.0 -999.0 -999.0 -999 -999 "" "" "" "" 0 0 0.0 0.0 -999 ""
FIBERMAP 136 R-10C12 APOGEE 0 0 0 1 0 0 68.10538276922053 -186.5297265506187 143.1 68.10538276922053 -186.5297265506187 9.992267 169.99997 -999.0 -999.0 -999.0 -999.0 -999.0 -999.0 -999.0 -999.0 -999.0 -999.0 -999.0 -999.0 16600.0 -999.0 2 -999 {-999.0 -999.0 -999.0 -999.0 -999.0} "" -999.0 -999.0 -999.0 -999.0 -999 -999 "" "" "" "" 0 0 0.0 0.0 -999 ""
FIBERMAP 136 R-10C12 BOSS 0 0 0 1 0 0 68.81855015272971 -186.5158863068752 143.1 68.81855015272971 -186.5158863068752 9.992267 169.99997 -999.0 -999.0 -999.0 -999.0 -999.0 -999.0 -999.0 -999.0 -999.0 -999.0 -999.0 -999.0 5400.0 -999.0 1 369 {-999.0 -999.0 -999.0 -999.0 -999.0} "" -999.0 -999.0 -999.0 -999.0 -999 -999 "" "" "" "" 0 0 0.0 0.0 -999 ""
FIBERMAP 136 R-10C12 METROLOGY 1 0 0 1 0 0 68.48232467102483 -187.1736029232058 143.1 68.48232467102483 -187.1736029232058 9.992267 169.99997 -999.0 -999.0 -999.0 -999.0 -999.0 -999.0 -999.0 -999.0 -999.0 -999.0 -999.0 -999.0 6231.0 -999.0 -1 -999 {-999.0 -999.0 -999.0 -999.0 -999.0} "" -999.0 -999.0 -999.0 -999.0 -999 -999 "" "" "" "" 0 0 0.0 0.0 -999 ""
FIBERMAP 138 R-2C24 APOGEE 0 0 0 1 0 0 247.01563754701746 -31.201363421665167 143.1 247.01563754701746 -31.201363421665167 9.988702 169.99661 -999.0 -999.0 -999.0 -999.0 -999.0 -999.0 -999.0 -999.0 -999.0 -999.0 -999.0 -999.0 16600.0 -999.0 2 -999 {-999.0 -999.0 -999.0 -999.0 -999.0} "" -999.0 -999.0 -999.0 -999.0 -999 -999 "" "" "" "" 0 0 0.0 0.0 -999 ""
FIBERMAP 138 R-2C24 BOSS 0 0 0 1 0 0 247.75528561196182 -31.190898321214867 143.1 247.75528561196182 -31.190898321214867 9.988702 169.99661 -999.0 -999.0 -999.0 -999.0 -999.0 -999.0 -999.0 -999.0 -999.0 -999.0 -999.0 -999.0 5400.0 -999.0 1 260 {-999.0 -999.0 -999.0 -999.0 -999.0} "" -999.0 -999.0 -999.0 -999.0 -999 -999 "" "" "" "" 0 0 0.0 0.0 -999 ""
FIBERMAP 138 R-2C24 METROLOGY 1 0 0 1 0 0 247.4008152871789 -31.840347059167676 143.1 247.4008152871789 -31.840347059167676 9.988702 169.99661 -999.0 -999.0 -999.0 -999.0 -999.0 -999.0 -999.0 -999.0 -999.0 -999.0 -999.0 -999.0 6231.0 -999.0 -1 -999 {-999.0 -999.0 -999.0 -999.0 -999.0} "" -999.0 -999.0 -999.0 -999.0 -999 -999 "" "" "" "" 0 0 0.0 0.0 -999 ""
FIBERMAP 140 R-4C12 APOGEE 0 0 0 1 0 0 0.608087520248118 -70.0493558674558 143.1 0.608087520248118 -70.0493558674558 10.010806 169.99901 -999.0 -999.0 -999.0 -999.0 -999.0 -999.0 -999.0 -999.0 -999.0 -999.0 -999.0 -999.0 16600.0 -999.0 2 -999 {-999.0 -999.0 -999.0 -999.0 -999.0} "" -999.0 -999.0 -999.0 -999.0 -999 -999 "" "" "" "" 0 0 0.0 0.0 -999 ""
FIBERMAP 140 R-4C12 BOSS 0 0 0 1 0 0 1.3433058375338371 -70.02449792258243 143.1 1.3433058375338371 -70.02449792258243 10.010806 169.99901 -999.0 -999.0 -999.0 -999.0 -999.0 -999.0 -999.0 -999.0 -999.0 -999.0 -999.0 -999.0 5400.0 -999.0 1 365 {-999.0 -999.0 -999.0 -999.0 -999.0} "" -999.0 -999.0 -999.0 -999.0 -999 -999 "" "" "" "" 0 0 0.0 0.0 -999 ""
FIBERMAP 140 R-4C12 METROLOGY 1 0 0 1 0 0 0.9972740616632908 -70.68590579989873 143.1 0.9972740616632908 -70.68590579989873 10.010806 169.99901 -999.0 -999.0 -999.0 -999.0 -999.0 -999.0 -999.0 -999.0 -999.0 -999.0 -999.0 -999.0 6231.0 -999.0 -1 -999 {-999.0 -999.0 -999.0 -999.0 -999.0} "" -999.0 -999.0 -999.0 -999.0 -999 -999 "" "" "" "" 0 0 0.0 0.0 -999 ""
FIBERMAP 142 R0C2 APOGEE 0 0 0 1 0 0 -267.88285183596804 7.507053670911206 143.1 -267.88285183596804 7.507053670911206 9.995771 169.986 -999.0 -999.0 -999.0 -999.0 -999.0 -999.0 -999.0 -999.0 -999.0 -999.0 -999.0 -999.0 16600.0 -999.0 2 295 {-999.0 -999.0 -999.0 -999.0 -999.0} "" -999.0 -999.0 -999.0 -999.0 -999 -999 "" "" "" "" 0 0 0.0 0.0 -999 ""
FIBERMAP 142 R0C2 BOSS 0 0 0 1 0 0 -267.14278879317186 7.452582572654353 143.1 -267.14278879317186 7.452582572654353 9.995771 169.986 -999.0 -999.0 -999.0 -999.0 -999.0 -999.0 -999.0 -999.0 -999.0 -999.0 -999.0 -999.0 5400.0 -999.0 1 423 {-999.0 -999.0 -999.0 -999.0 -999.0} "" -999.0 -999.0 -999.0 -999.0 -999 -999 "" "" "" "" 0 0 0.0 0.0 -999 ""
FIBERMAP 142 R0C2 METROLOGY 1 0 0 1 0 0 -267.56184718165395 6.834758744988291 143.1 -267.56184718165395 6.834758744988291 9.995771 169.986 -999.0 -999.0 -999.0 -999.0 -999.0 -999.0 -999.0 -999.0 -999.0 -999.0 -999.0 -999.0 6231.0 -999.0 -1 -999 {-999.0 -999.0 -999.0 -999.0 -999.0} "" -999.0 -999.0 -999.0 -999.0 -999 -999 "" "" "" "" 0 0 0.0 0.0 -999 ""
FIBERMAP 144 R-4C4 APOGEE 0 0 0 1 0 0 -178.48791359566465 -70.08612616152442 143.1 -178.48791359566465 -70.08612616152442 10.007014 170.00502 -999.0 -999.0 -999.0 -999.0 -999.0 -999.0 -999.0 -999.0 -999.0 -999.0 -999.0 -999.0 16600.0 -999.0 2 -999 {-999.0 -999.0 -999.0 -999.0 -999.0} "" -999.0 -999.0 -999.0 -999.0 -999 -999 "" "" "" "" 0 0 0.0 0.0 -999 ""
FIBERMAP 144 R-4C4 BOSS 0 0 0 1 0 0 -177.73429814475531 -70.08229697999498 143.1 -177.73429814475531 -70.08229697999498 10.007014 170.00502 -999.0 -999.0 -999.0 -999.0 -999.0 -999.0 -999.0 -999.0 -999.0 -999.0 -999.0 -999.0 5400.0 -999.0 1 455 {-999.0 -999.0 -999.0 -999.0 -999.0} "" -999.0 -999.0 -999.0 -999.0 -999 -999 "" "" "" "" 0 0 0.0 0.0 -999 ""
FIBERMAP 144 R-4C4 METROLOGY 1 0 0 1 0 0 -178.1094732956401 -70.72912298875542 143.1 -178.1094732956401 -70.72912298875542 10.007014 170.00502 -999.0 -999.0 -999.0 -999.0 -999.0 -999.0 -999.0 -999.0 -999.0 -999.0 -999.0 -999.0 6231.0 -999.0 -1 -999 {-999.0 -999.0 -999.0 -999.0 -999.0} "" -999.0 -999.0 -999.0 -999.0 -999 -999 "" "" "" "" 0 0 0.0 0.0 -999 ""
FIBERMAP 146 R-8C5 APOGEE 0 0 0 1 0 0 -111.25829993736176 -147.72712207963255 143.1 -111.25829993736176 -147.72712207963255 9.989984 170.0082 -999.0 -999.0 -999.0 -999.0 -999.0 -999.0 -999.0 -999.0 -999.0 -999.0 -999.0 -999.0 16600.0 -999.0 2 265 {-999.0 -999.0 -999.0 -999.0 -999.0} "" -999.0 -999.0 -999.0 -999.0 -999 -999 "" "" "" "" 0 0 0.0 0.0 -999 ""
FIBERMAP 146 R-8C5 BOSS 0 0 0 1 0 0 -110.5099280264464 -147.71821244776405 143.1 -110.5099280264464 -147.71821244776405 9.989984 170.0082 -999.0 -999.0 -999.0 -999.0 -999.0 -999.0 -999.0 -999.0 -999.0 -999.0 -999.0 -999.0 5400.0 -999.0 1 480 {-999.0 -999.0 -999.0 -999.0 -999.0} "" -999.0 -999.0 -999.0 -999.0 -999 -999 "" "" "" "" 0 0 0.0 0.0 -999 ""
FIBERMAP 146 R-8C5 METROLOGY 1 0 0 1 0 0 -110.8794055398684 -148.37084112177234 143.1 -110.8794055398684 -148.37084112177234 9.989984 170.0082 -999.0 -999.0 -999.0 -999.0 -999.0 -999.0 -999.0 -999.0 -999.0 -999.0 -999.0 -999.0 6231.0 -999.0 -1 -999 {-999.0 -999.0 -999.0 -999.0 -999.0} "" -999.0 -999.0 -999.0 -999.0 -999 -999 "" "" "" "" 0 0 0.0 0.0 -999 ""
FIBERMAP 147 R-3C3 APOGEE 0 0 0 1 0 0 -212.0579725899994 -50.69787529186449 143.1 -212.0579725899994 -50.69787529186449 9.985255 170.00705 -999.0 -999.0 -999.0 -999.0 -999.0 -999.0 -999.0 -999.0 -999.0 -999.0 -999.0 -999.0 16600.0 -999.0 2 278 {-999.0 -999.0 -999.0 -999.0 -999.0} "" -999.0 -999.0 -999.0 -999.0 -999 -999 "" "" "" "" 0 0 0.0 0.0 -999 ""
FIBERMAP 147 R-3C3 BOSS 0 0 0 1 0 0 -211.3066896630729 -50.69433286567721 143.1 -211.3066896630729 -50.69433286567721 9.985255 170.00705 -999.0 -999.0 -999.0 -999.0 -999.0 -999.0 -999.0 -999.0 -999.0 -999.0 -999.0 -999.0 5400.0 -999.0 1 442 {-999.0 -999.0 -999.0 -999.0 -999.0} "" -999.0 -999.0 -999.0 -999.0 -999 -999 "" "" "" "" 0 0 0.0 0.0 -999 ""
FIBERMAP 147 R-3C3 METROLOGY 1 0 0 1 0 0 -211.70245363042133 -51.355781398351226 143.1 -211.70245363042133 -51.355781398351226 9.985255 170.00705 -999.0 -999.0 -999.0 -999.0 -999.0 -999.0 -999.0 -999.0 -999.0 -999.0 -999.0 -999.0 6231.0 -999.0 -1 -999 {-999.0 -999.0 -999.0 -999.0 -999.0} "" -999.0 -999.0 -999.0 -999.0 -999 -999 "" "" "" "" 0 0 0.0 0.0 -999 ""
FIBERMAP 148 R-10C10 APOGEE 0 0 0 1 0 0 23.17646233510907 -186.52581737321265 143.1 23.17646233510907 -186.52581737321265 10.010371 170.02739 -999.0 -999.0 -999.0 -999.0 -999.0 -999.0 -999.0 -999.0 -999.0 -999.0 -999.0 -999.0 16600.0 -999.0 2 -999 {-999.0 -999.0 -999.0 -999.0 -999.0} "" -999.0 -999.0 -999.0 -999.0 -999 -999 "" "" "" "" 0 0 0.0 0.0 -999 ""
FIBERMAP 148 R-10C10 BOSS 0 0 0 1 0 0 23.92877738319548 -186.53172988636194 143.1 23.92877738319548 -186.53172988636194 10.010371 170.02739 -999.0 -999.0 -999.0 -999.0 -999.0 -999.0 -999.0 -999.0 -999.0 -999.0 -999.0 -999.0 5400.0 -999.0 1 370 {-999.0 -999.0 -999.0 -999.0 -999.0} "" -999.0 -999.0 -999.0 -999.0 -999 -999 "" "" "" "" 0 0 0.0 0.0 -999 ""
FIBERMAP 148 R-10C10 METROLOGY 1 0 0 1 0 0 23.553159930930125 -187.16983670662933 143.1 23.553159930930125 -187.16983670662933 10.010371 170.02739 -999.0 -999.0 -999.0 -999.0 -999.0 -999.0 -999.0 -999.0 -999.0 -999.0 -999.0 -999.0 6231.0 -999.0 -1 -999 {-999.0 -999.0 -999.0 -999.0 -999.0} "" -999.0 -999.0 -999.0 -999.0 -999 -999 "" "" "" "" 0 0 0.0 0.0 -999 ""
FIBERMAP 153 R-7C3 APOGEE 0 0 0 1 0 0 -167.3201276142899 -128.27205694522073 143.1 -167.3201276142899 -128.27205694522073 10.002621 169.99597 -999.0 -999.0 -999.0 -999.0 -999.0 -999.0 -999.0 -999.0 -999.0 -999.0 -999.0 -999.0 16600.0 -999.0 2 300 {-999.0 -999.0 -999.0 -999.0 -999.0} "" -999.0 -999.0 -999.0 -999.0 -999 -999 "" "" "" "" 0 0 0.0 0.0 -999 ""
FIBERMAP 153 R-7C3 BOSS 0 0 0 1 0 0 -166.58670664521065 -128.2575252963137 143.1 -166.58670664521065 -128.2575252963137 10.002621 169.99597 -999.0 -999.0 -999.0 -999.0 -999.0 -999.0 -999.0 -999.0 -999.0 -999.0 -999.0 -999.0 5400.0 -999.0 1 446 {-999.0 -999.0 -999.0 -999.0 -999.0} "" -999.0 -999.0 -999.0 -999.0 -999 -999 "" "" "" "" 0 0 0.0 0.0 -999 ""
FIBERMAP 153 R-7C3 METROLOGY 1 0 0 1 0 0 -166.92782490590432 -128.9100953757584 143.1 -166.92782490590432 -128.9100953757584 10.002621 169.99597 -999.0 -999.0 -999.0 -999.0 -999.0 -999.0 -999.0 -999.0 -999.0 -999.0 -999.0 -999.0 6231.0 -999.0 -1 -999 {-999.0 -999.0 -999.0 -999.0 -999.0} "" -999.0 -999.0 -999.0 -999.0 -999 -999 "" "" "" "" 0 0 0.0 0.0 -999 ""
FIBERMAP 155 R-11C15 APOGEE 0 0 0 1 0 0 146.29133598213622 -205.886527387073 143.1 146.29133598213622 -205.886527387073 10.023754 169.9819 -999.0 -999.0 -999.0 -999.0 -999.0 -999.0 -999.0 -999.0 -999.0 -999.0 -999.0 -999.0 16600.0 -999.0 2 -999 {-999.0 -999.0 -999.0 -999.0 -999.0} "" -999.0 -999.0 -999.0 -999.0 -999 -999 "" "" "" "" 0 0 0.0 0.0 -999 ""
FIBERMAP 155 R-11C15 BOSS 0 0 0 1 0 0 147.0337924989877 -205.8666879461768 143.1 147.0337924989877 -205.8666879461768 10.023754 169.9819 -999.0 -999.0 -999.0 -999.0 -999.0 -999.0 -999.0 -999.0 -999.0 -999.0 -999.0 -999.0 5400.0 -999.0 1 267 {-999.0 -999.0 -999.0 -999.0 -999.0} "" -999.0 -999.0 -999.0 -999.0 -999 -999 "" "" "" "" 0 0 0.0 0.0 -999 ""
FIBERMAP 155 R-11C15 METROLOGY 1 0 0 1 0 0 146.67690403210713 -206.525275584216 143.1 146.67690403210713 -206.525275584216 10.023754 169.9819 -999.0 -999.0 -999.0 -999.0 -999.0 -999.0 -999.0 -999.0 -999.0 -999.0 -999.0 -999.0 6231.0 -999.0 -1 -999 {-999.0 -999.0 -999.0 -999.0 -999.0} "" -999.0 -999.0 -999.0 -999.0 -999 -999 "" "" "" "" 0 0 0.0 0.0 -999 ""
FIBERMAP 159 R-8C14 APOGEE 0 0 0 1 0 0 90.31732000241624 -147.80877517069368 143.1 90.31732000241624 -147.80877517069368 10.009919 169.99068 -999.0 -999.0 -999.0 -999.0 -999.0 -999.0 -999.0 -999.0 -999.0 -999.0 -999.0 -999.0 16600.0 -999.0 2 -999 {-999.0 -999.0 -999.0 -999.0 -999.0} "" -999.0 -999.0 -999.0 -999.0 -999 -999 "" "" "" "" 0 0 0.0 0.0 -999 ""
FIBERMAP 159 R-8C14 BOSS 0 0 0 1 0 0 91.0621775444433 -147.79810749078146 143.1 91.0621775444433 -147.79810749078146 10.009919 169.99068 -999.0 -999.0 -999.0 -999.0 -999.0 -999.0 -999.0 -999.0 -999.0 -999.0 -999.0 -999.0 5400.0 -999.0 1 327 {-999.0 -999.0 -999.0 -999.0 -999.0} "" -999.0 -999.0 -999.0 -999.0 -999 -999 "" "" "" "" 0 0 0.0 0.0 -999 ""
FIBERMAP 159 R-8C14 METROLOGY 1 0 0 1 0 0 90.70419680025593 -148.44673153581996 143.1 90.70419680025593 -148.44673153581996 10.009919 169.99068 -999.0 -999.0 -999.0 -999.0 -999.0 -999.0 -999.0 -999.0 -999.0 -999.0 -999.0 -999.0 6231.0 -999.0 -1 -999 {-999.0 -999.0 -999.0 -999.0 -999.0} "" -999.0 -999.0 -999.0 -999.0 -999 -999 "" "" "" "" 0 0 0.0 0.0 -999 ""
FIBERMAP 160 R+8C5 APOGEE 0 0 0 1 0 0 -111.50578752477303 162.88636642780833 143.1 -111.50578752477303 162.88636642780833 10.008679 170.01224 -999.0 -999.0 -999.0 -999.0 -999.0 -999.0 -999.0 -999.0 -999.0 -999.0 -999.0 -999.0 16600.0 -999.0 2 92 {-999.0 -999.0 -999.0 -999.0 -999.0} "" -999.0 -999.0 -999.0 -999.0 -999 -999 "" "" "" "" 0 0 0.0 0.0 -999 ""
FIBERMAP 160 R+8C5 BOSS 0 0 0 1 0 0 -110.76046608088056 162.91129243219956 143.1 -110.76046608088056 162.91129243219956 10.008679 170.01224 -999.0 -999.0 -999.0 -999.0 -999.0 -999.0 -999.0 -999.0 -999.0 -999.0 -999.0 -999.0 5400.0 -999.0 1 68 {-999.0 -999.0 -999.0 -999.0 -999.0} "" -999.0 -999.0 -999.0 -999.0 -999 -999 "" "" "" "" 0 0 0.0 0.0 -999 ""
FIBERMAP 160 R+8C5 METROLOGY 1 0 0 1 0 0 -111.11512089233254 162.2498139635619 143.1 -111.11512089233254 162.2498139635619 10.008679 170.01224 -999.0 -999.0 -999.0 -999.0 -999.0 -999.0 -999.0 -999.0 -999.0 -999.0 -999.0 -999.0 6231.0 -999.0 -1 -999 {-999.0 -999.0 -999.0 -999.0 -999.0} "" -999.0 -999.0 -999.0 -999.0 -999 -999 "" "" "" "" 0 0 0.0 0.0 -999 ""
FIBERMAP 162 R-9C14 APOGEE 0 0 0 1 0 0 101.49010249333132 -167.1854105738872 143.1 101.49010249333132 -167.1854105738872 10.013739 170.00436 -999.0 -999.0 -999.0 -999.0 -999.0 -999.0 -999.0 -999.0 -999.0 -999.0 -999.0 -999.0 16600.0 -999.0 2 192 {-999.0 -999.0 -999.0 -999.0 -999.0} "" -999.0 -999.0 -999.0 -999.0 -999 -999 "" "" "" "" 0 0 0.0 0.0 -999 ""
FIBERMAP 162 R-9C14 BOSS 0 0 0 1 0 0 102.22228074723294 -167.1596675609667 143.1 102.22228074723294 -167.1596675609667 10.013739 170.00436 -999.0 -999.0 -999.0 -999.0 -999.0 -999.0 -999.0 -999.0 -999.0 -999.0 -999.0 -999.0 5400.0 -999.0 1 328 {-999.0 -999.0 -999.0 -999.0 -999.0} "" -999.0 -999.0 -999.0 -999.0 -999 -999 "" "" "" "" 0 0 0.0 0.0 -999 ""
FIBERMAP 162 R-9C14 METROLOGY 1 0 0 1 0 0 101.87568950954962 -167.82061914611222 143.1 101.87568950954962 -167.82061914611222 10.013739 170.00436 -999.0 -999.0 -999.0 -999.0 -999.0 -999.0 -999.0 -999.0 -999.0 -999.0 -999.0 -999.0 6231.0 -999.0 -1 -999 {-999.0 -999.0 -999.0 -999.0 -999.0} "" -999.0 -999.0 -999.0 -999.0 -999 -999 "" "" "" "" 0 0 0.0 0.0 -999 ""
FIBERMAP 167 R-6C5 APOGEE 0 0 0 1 0 0 -134.06678365647232 -109.03651152468947 143.1 -134.06678365647232 -109.03651152468947 10.01601 170.00534 -999.0 -999.0 -999.0 -999.0 -999.0 -999.0 -999.0 -999.0 -999.0 -999.0 -999.0 -999.0 16600.0 -999.0 2 251 {-999.0 -999.0 -999.0 -999.0 -999.0} "" -999.0 -999.0 -999.0 -999.0 -999 -999 "" "" "" "" 0 0 0.0 0.0 -999 ""
FIBERMAP 167 R-6C5 BOSS 0 0 0 1 0 0 -133.32831187915053 -109.0052383145717 143.1 -133.32831187915053 -109.0052383145717 10.01601 170.00534 -999.0 -999.0 -999.0 -999.0 -999.0 -999.0 -999.0 -999.0 -999.0 -999.0 -999.0 -999.0 5400.0 -999.0 1 457 {-999.0 -999.0 -999.0 -999.0 -999.0} "" -999.0 -999.0 -999.0 -999.0 -999 -999 "" "" "" "" 0 0 0.0 0.0 -999 ""
FIBERMAP 167 R-6C5 METROLOGY 1 0 0 1 0 0 -133.67315827092597 -109.6643804329214 143.1 -133.67315827092597 -109.6643804329214 10.01601 170.00534 -999.0 -999.0 -999.0 -999.0 -999.0 -999.0 -999.0 -999.0 -999.0 -999.0 -999.0 -999.0 6231.0 -999.0 -1 -999 {-999.0 -999.0 -999.0 -999.0 -999.0} "" -999.0 -999.0 -999.0 -999.0 -999 -999 "" "" "" "" 0 0 0.0 0.0 -999 ""
FIBERMAP 170 R-2C20 APOGEE 0 0 0 1 0 0 157.13382279412627 -31.209066333385458 143.1 157.13382279412627 -31.209066333385458 9.999367 170.0022 -999.0 -999.0 -999.0 -999.0 -999.0 -999.0 -999.0 -999.0 -999.0 -999.0 -999.0 -999.0 16600.0 -999.0 2 -999 {-999.0 -999.0 -999.0 -999.0 -999.0} "" -999.0 -999.0 -999.0 -999.0 -999 -999 "" "" "" "" 0 0 0.0 0.0 -999 ""
FIBERMAP 170 R-2C20 BOSS 0 0 0 1 0 0 157.88805427804834 -31.198865561638282 143.1 157.88805427804834 -31.198865561638282 9.999367 170.0022 -999.0 -999.0 -999.0 -999.0 -999.0 -999.0 -999.0 -999.0 -999.0 -999.0 -999.0 -999.0 5400.0 -999.0 1 298 {-999.0 -999.0 -999.0 -999.0 -999.0} "" -999.0 -999.0 -999.0 -999.0 -999 -999 "" "" "" "" 0 0 0.0 0.0 -999 ""
FIBERMAP 170 R-2C20 METROLOGY 1 0 0 1 0 0 157.51730174987733 -31.849070920093922 143.1 157.51730174987733 -31.849070920093922 9.999367 170.0022 -999.0 -999.0 -999.0 -999.0 -999.0 -999.0 -999.0 -999.0 -999.0 -999.0 -999.0 -999.0 6231.0 -999.0 -1 -999 {-999.0 -999.0 -999.0 -999.0 -999.0} "" -999.0 -999.0 -999.0 -999.0 -999 -999 "" "" "" "" 0 0 0.0 0.0 -999 ""
FIBERMAP 171 R-12C7 APOGEE 0 0 0 1 0 0 -21.67157101408142 -225.32909011532632 143.1 -21.67157101408142 -225.32909011532632 9.992218 170.00229 -999.0 -999.0 -999.0 -999.0 -999.0 -999.0 -999.0 -999.0 -999.0 -999.0 -999.0 -999.0 16600.0 -999.0 2 -999 {-999.0 -999.0 -999.0 -999.0 -999.0} "" -999.0 -999.0 -999.0 -999.0 -999 -999 "" "" "" "" 0 0 0.0 0.0 -999 ""
FIBERMAP 171 R-12C7 BOSS 0 0 0 1 0 0 -20.931819847852832 -225.321779250787 143.1 -20.931819847852832 -225.321779250787 9.992218 170.00229 -999.0 -999.0 -999.0 -999.0 -999.0 -999.0 -999.0 -999.0 -999.0 -999.0 -999.0 -999.0 5400.0 -999.0 1 404 {-999.0 -999.0 -999.0 -999.0 -999.0} "" -999.0 -999.0 -999.0 -999.0 -999 -999 "" "" "" "" 0 0 0.0 0.0 -999 ""
FIBERMAP 171 R-12C7 METROLOGY 1 0 0 1 0 0 -21.28602408132994 -225.96785105899596 143.1 -21.28602408132994 -225.96785105899596 9.992218 170.00229 -999.0 -999.0 -999.0 -999.0 -999.0 -999.0 -999.0 -999.0 -999.0 -999.0 -999.0 -999.0 6231.0 -999.0 -1 -999 {-999.0 -999.0 -999.0 -999.0 -999.0} "" -999.0 -999.0 -999.0 -999.0 -999 -999 "" "" "" "" 0 0 0.0 0.0 -999 ""
FIBERMAP 177 R-4C3 APOGEE 0 0 0 1 0 0 -200.81293289839422 -70.04898863500732 143.1 -200.81293289839422 -70.04898863500732 10.008923 170.0049 -999.0 -999.0 -999.0 -999.0 -999.0 -999.0 -999.0 -999.0 -999.0 -999.0 -999.0 -999.0 16600.0 -999.0 2 286 {-999.0 -999.0 -999.0 -999.0 -999.0} "" -999.0 -999.0 -999.0 -999.0 -999 -999 "" "" "" "" 0 0 0.0 0.0 -999 ""
FIBERMAP 177 R-4C3 BOSS 0 0 0 1 0 0 -200.07655862738318 -70.04417720962385 143.1 -200.07655862738318 -70.04417720962385 10.008923 170.0049 -999.0 -999.0 -999.0 -999.0 -999.0 -999.0 -999.0 -999.0 -999.0 -999.0 -999.0 -999.0 5400.0 -999.0 1 443 {-999.0 -999.0 -999.0 -999.0 -999.0} "" -999.0 -999.0 -999.0 -999.0 -999 -999 "" "" "" "" 0 0 0.0 0.0 -999 ""
FIBERMAP 177 R-4C3 METROLOGY 1 0 0 1 0 0 -200.43755064683614 -70.70172702333245 143.1 -200.43755064683614 -70.70172702333245 10.008923 170.0049 -999.0 -999.0 -999.0 -999.0 -999.0 -999.0 -999.0 -999.0 -999.0 -999.0 -999.0 -999.0 6231.0 -999.0 -1 -999 {-999.0 -999.0 -999.0 -999.0 -999.0} "" -999.0 -999.0 -999.0 -999.0 -999 -999 "" "" "" "" 0 0 0.0 0.0 -999 ""
FIBERMAP 179 R-4C8 APOGEE 0 0 0 1 0 0 -88.81035796170363 -70.12295488939421 143.1 -88.81035796170363 -70.12295488939421 9.991188 170.01111 -999.0 -999.0 -999.0 -999.0 -999.0 -999.0 -999.0 -999.0 -999.0 -999.0 -999.0 -999.0 16600.0 -999.0 2 -999 {-999.0 -999.0 -999.0 -999.0 -999.0} "" -999.0 -999.0 -999.0 -999.0 -999 -999 "" "" "" "" 0 0 0.0 0.0 -999 ""
FIBERMAP 179 R-4C8 BOSS 0 0 0 1 0 0 -88.06623553200146 -70.1190551589103 143.1 -88.06623553200146 -70.1190551589103 9.991188 170.01111 -999.0 -999.0 -999.0 -999.0 -999.0 -999.0 -999.0 -999.0 -999.0 -999.0 -999.0 -999.0 5400.0 -999.0 1 461 {-999.0 -999.0 -999.0 -999.0 -999.0} "" -999.0 -999.0 -999.0 -999.0 -999 -999 "" "" "" "" 0 0 0.0 0.0 -999 ""
FIBERMAP 179 R-4C8 METROLOGY 1 0 0 1 0 0 -88.43197051913849 -70.76598282332928 143.1 -88.43197051913849 -70.76598282332928 9.991188 170.01111 -999.0 -999.0 -999.0 -999.0 -999.0 -999.0 -999.0 -999.0 -999.0 -999.0 -999.0 -999.0 6231.0 -999.0 -1 -999 {-999.0 -999.0 -999.0 -999.0 -999.0} "" -999.0 -999.0 -999.0 -999.0 -999 -999 "" "" "" "" 0 0 0.0 0.0 -999 ""
FIBERMAP 187 R-7C8 APOGEE 0 0 0 1 0 0 -55.27457683077965 -128.2737126758185 143.1 -55.27457683077965 -128.2737126758185 10.011772 169.99252 -999.0 -999.0 -999.0 -999.0 -999.0 -999.0 -999.0 -999.0 -999.0 -999.0 -999.0 -999.0 16600.0 -999.0 2 288 {-999.0 -999.0 -999.0 -999.0 -999.0} "" -999.0 -999.0 -999.0 -999.0 -999 -999 "" "" "" "" 0 0 0.0 0.0 -999 ""
FIBERMAP 187 R-7C8 BOSS 0 0 0 1 0 0 -54.53281924023245 -128.26367624245364 143.1 -54.53281924023245 -128.26367624245364 10.011772 169.99252 -999.0 -999.0 -999.0 -999.0 -999.0 -999.0 -999.0 -999.0 -999.0 -999.0 -999.0 -999.0 5400.0 -999.0 1 400 {-999.0 -999.0 -999.0 -999.0 -999.0} "" -999.0 -999.0 -999.0 -999.0 -999 -999 "" "" "" "" 0 0 0.0 0.0 -999 ""
FIBERMAP 187 R-7C8 METROLOGY 1 0 0 1 0 0 -54.89210495085103 -128.91637680482472 143.1 -54.89210495085103 -128.91637680482472 10.011772 169.99252 -999.0 -999.0 -999.0 -999.0 -999.0 -999.0 -999.0 -999.0 -999.0 -999.0 -999.0 -999.0 6231.0 -999.0 -1 -999 {-999.0 -999.0 -999.0 -999.0 -999.0} "" -999.0 -999.0 -999.0 -999.0 -999 -999 "" "" "" "" 0 0 0.0 0.0 -999 ""
FIBERMAP 188 R-1C2 APOGEE 0 0 0 1 0 0 -256.9341090585197 -11.911271923877006 143.1 -256.9341090585197 -11.911271923877006 10.016974 169.99661 -999.0 -999.0 -999.0 -999.0 -999.0 -999.0 -999.0 -999.0 -999.0 -999.0 -999.0 -999.0 16600.0 -999.0 2 -999 {-999.0 -999.0 -999.0 -999.0 -999.0} "" -999.0 -999.0 -999.0 -999.0 -999 -999 "" "" "" "" 0 0 0.0 0.0 -999 ""
FIBERMAP 188 R-1C2 BOSS 0 0 0 1 0 0 -256.1791945825744 -11.907912556259888 143.1 -256.1791945825744 -11.907912556259888 10.016974 169.99661 -999.0 -999.0 -999.0 -999.0 -999.0 -999.0 -999.0 -999.0 -999.0 -999.0 -999.0 -999.0 5400.0 -999.0 1 434 {-999.0 -999.0 -999.0 -999.0 -999.0} "" -999.0 -999.0 -999.0 -999.0 -999 -999 "" "" "" "" 0 0 0.0 0.0 -999 ""
FIBERMAP 188 R-1C2 METROLOGY 1 0 0 1 0 0 -256.55847868274424 -12.555914306370273 143.1 -256.55847868274424 -12.555914306370273 10.016974 169.99661 -999.0 -999.0 -999.0 -999.0 -999.0 -999.0 -999.0 -999.0 -999.0 -999.0 -999.0 -999.0 6231.0 -999.0 -1 -999 {-999.0 -999.0 -999.0 -999.0 -999.0} "" -999.0 -999.0 -999.0 -999.0 -999 -999 "" "" "" "" 0 0 0.0 0.0 -999 ""
FIBERMAP 189 R-5C5 APOGEE 0 0 0 1 0 0 -144.98879713913107 -89.55375115158816 143.1 -144.98879713913107 -89.55375115158816 10.008976 170.0041 -999.0 -999.0 -999.0 -999.0 -999.0 -999.0 -999.0 -999.0 -999.0 -999.0 -999.0 -999.0 16600.0 -999.0 2 263 {-999.0 -999.0 -999.0 -999.0 -999.0} "" -999.0 -999.0 -999.0 -999.0 -999 -999 "" "" "" "" 0 0 0.0 0.0 -999 ""
FIBERMAP 189 R-5C5 BOSS 0 0 0 1 0 0 -144.24604809504984 -89.5579827912949 143.1 -144.24604809504984 -89.5579827912949 10.008976 170.0041 -999.0 -999.0 -999.0 -999.0 -999.0 -999.0 -999.0 -999.0 -999.0 -999.0 -999.0 -999.0 5400.0 -999.0 1 458 {-999.0 -999.0 -999.0 -999.0 -999.0} "" -999.0 -999.0 -999.0 -999.0 -999 -999 "" "" "" "" 0 0 0.0 0.0 -999 ""
FIBERMAP 189 R-5C5 METROLOGY 1 0 0 1 0 0 -144.62424126573399 -90.20849188186502 143.1 -144.62424126573399 -90.20849188186502 10.008976 170.0041 -999.0 -999.0 -999.0 -999.0 -999.0 -999.0 -999.0 -999.0 -999.0 -999.0 -999.0 -999.0 6231.0 -999.0 -1 -999 {-999.0 -999.0 -999.0 -999.0 -999.0} "" -999.0 -999.0 -999.0 -999.0 -999 -999 "" "" "" "" 0 0 0.0 0.0 -999 ""
FIBERMAP 192 R+4C10 APOGEE 0 0 0 1 0 0 -44.200152118093335 85.20642440972709 143.1 -44.200152118093335 85.20642440972709 10.005403 170.0196 -999.0 -999.0 -999.0 -999.0 -999.0 -999.0 -999.0 -999.0 -999.0 -999.0 -999.0 -999.0 16600.0 -999.0 2 -999 {-999.0 -999.0 -999.0 -999.0 -999.0} "" -999.0 -999.0 -999.0 -999.0 -999 -999 "" "" "" "" 0 0 0.0 0.0 -999 ""
FIBERMAP 192 R+4C10 BOSS 0 0 0 1 0 0 -43.432419363860106 85.20680954947555 143.1 -43.432419363860106 85.20680954947555 10.005403 170.0196 -999.0 -999.0 -999.0 -999.0 -999.0 -999.0 -999.0 -999.0 -999.0 -999.0 -999.0 -999.0 5400.0 -999.0 1 74 {-999.0 -999.0 -999.0 -999.0 -999.0} "" -999.0 -999.0 -999.0 -999.0 -999 -999 "" "" "" "" 0 0 0.0 0.0 -999 ""
FIBERMAP 192 R+4C10 METROLOGY 1 0 0 1 0 0 -43.81583019365502 84.56692566937818 143.1 -43.81583019365502 84.56692566937818 10.005403 170.0196 -999.0 -999.0 -999.0 -999.0 -999.0 -999.0 -999.0 -999.0 -999.0 -999.0 -999.0 -999.0 6231.0 -999.0 -1 -999 {-999.0 -999.0 -999.0 -999.0 -999.0} "" -999.0 -999.0 -999.0 -999.0 -999 -999 "" "" "" "" 0 0 0.0 0.0 -999 ""
FIBERMAP 194 R-10C1 APOGEE 0 0 0 1 0 0 -178.41930255169265 -186.4352341516442 143.1 -178.41930255169265 -186.4352341516442 9.98537 170.02615 -999.0 -999.0 -999.0 -999.0 -999.0 -999.0 -999.0 -999.0 -999.0 -999.0 -999.0 -999.0 16600.0 -999.0 2 291 {-999.0 -999.0 -999.0 -999.0 -999.0} "" -999.0 -999.0 -999.0 -999.0 -999 -999 "" "" "" "" 0 0 0.0 0.0 -999 ""
FIBERMAP 194 R-10C1 BOSS 0 0 0 1 0 0 -177.67371279693322 -186.42127801928157 143.1 -177.67371279693322 -186.42127801928157 9.98537 170.02615 -999.0 -999.0 -999.0 -999.0 -999.0 -999.0 -999.0 -999.0 -999.0 -999.0 -999.0 -999.0 5400.0 -999.0 1 420 {-999.0 -999.0 -999.0 -999.0 -999.0} "" -999.0 -999.0 -999.0 -999.0 -999 -999 "" "" "" "" 0 0 0.0 0.0 -999 ""
FIBERMAP 194 R-10C1 METROLOGY 1 0 0 1 0 0 -178.03143661596204 -187.07685079777482 143.1 -178.03143661596204 -187.07685079777482 9.98537 170.02615 -999.0 -999.0 -999.0 -999.0 -999.0 -999.0 -999.0 -999.0 -999.0 -999.0 -999.0 -999.0 6231.0 -999.0 -1 -999 {-999.0 -999.0 -999.0 -999.0 -999.0} "" -999.0 -999.0 -999.0 -999.0 -999 -999 "" "" "" "" 0 0 0.0 0.0 -999 ""
FIBERMAP 199 R+10C9 APOGEE 0 0 0 1 0 0 0.5776342392233587 201.702529731917 143.1 0.5776342392233587 201.702529731917 10.009719 170.01166 -999.0 -999.0 -999.0 -999.0 -999.0 -999.0 -999.0 -999.0 -999.0 -999.0 -999.0 -999.0 16600.0 -999.0 2 -999 {-999.0 -999.0 -999.0 -999.0 -999.0} "" -999.0 -999.0 -999.0 -999.0 -999 -999 "" "" "" "" 0 0 0.0 0.0 -999 ""
FIBERMAP 199 R+10C9 BOSS 0 0 0 1 0 0 1.3278241266517965 201.71251496491826 143.1 1.3278241266517965 201.71251496491826 10.009719 170.01166 -999.0 -999.0 -999.0 -999.0 -999.0 -999.0 -999.0 -999.0 -999.0 -999.0 -999.0 -999.0 5400.0 -999.0 1 121 {-999.0 -999.0 -999.0 -999.0 -999.0} "" -999.0 -999.0 -999.0 -999.0 -999 -999 "" "" "" "" 0 0 0.0 0.0 -999 ""
FIBERMAP 199 R+10C9 METROLOGY 1 0 0 1 0 0 0.9601361713854648 201.06194074324793 143.1 0.9601361713854648 201.06194074324793 10.009719 170.01166 -999.0 -999.0 -999.0 -999.0 -999.0 -999.0 -999.0 -999.0 -999.0 -999.0 -999.0 -999.0 6231.0 -999.0 -1 -999 {-999.0 -999.0 -999.0 -999.0 -999.0} "" -999.0 -999.0 -999.0 -999.0 -999 -999 "" "" "" "" 0 0 0.0 0.0 -999 ""
FIBERMAP 200 R+7C19 APOGEE 0 0 0 1 0 0 191.18282309372205 143.34986537903958 143.1 191.18282309372205 143.34986537903958 10.021556 169.99744 -999.0 -999.0 -999.0 -999.0 -999.0 -999.0 -999.0 -999.0 -999.0 -999.0 -999.0 -999.0 16600.0 -999.0 2 -999 {-999.0 -999.0 -999.0 -999.0 -999.0} "" -999.0 -999.0 -999.0 -999.0 -999 -999 "" "" "" "" 0 0 0.0 0.0 -999 ""
FIBERMAP 200 R+7C19 BOSS 0 0 0 1 0 0 191.9314484740007 143.3443285936969 143.1 191.9314484740007 143.3443285936969 10.021556 169.99744 -999.0 -999.0 -999.0 -999.0 -999.0 -999.0 -999.0 -999.0 -999.0 -999.0 -999.0 -999.0 5400.0 -999.0 1 238 {-999.0 -999.0 -999.0 -999.0 -999.0} "" -999.0 -999.0 -999.0 -999.0 -999 -999 "" "" "" "" 0 0 0.0 0.0 -999 ""
FIBERMAP 200 R+7C19 METROLOGY 1 0 0 1 0 0 191.55547715439616 142.70349788946817 143.1 191.55547715439616 142.70349788946817 10.021556 169.99744 -999.0 -999.0 -999.0 -999.0 -999.0 -999.0 -999.0 -999.0 -999.0 -999.0 -999.0 -999.0 6231.0 -999.0 -1 -999 {-999.0 -999.0 -999.0 -999.0 -999.0} "" -999.0 -999.0 -999.0 -999.0 -999 -999 "" "" "" "" 0 0 0.0 0.0 -999 ""
FIBERMAP 202 R-10C6 APOGEE 0 0 0 1 0 0 -66.33915472532524 -186.34860500596912 143.1 -66.33915472532524 -186.34860500596912 10.012438 169.9878 -999.0 -999.0 -999.0 -999.0 -999.0 -999.0 -999.0 -999.0 -999.0 -999.0 -999.0 -999.0 16600.0 -999.0 2 -999 {-999.0 -999.0 -999.0 -999.0 -999.0} "" -999.0 -999.0 -999.0 -999.0 -999 -999 "" "" "" "" 0 0 0.0 0.0 -999 ""
FIBERMAP 202 R-10C6 BOSS 0 0 0 1 0 0 -65.59192795278362 -186.34772006822556 143.1 -65.59192795278362 -186.34772006822556 10.012438 169.9878 -999.0 -999.0 -999.0 -999.0 -999.0 -999.0 -999.0 -999.0 -999.0 -999.0 -999.0 -999.0 5400.0 -999.0 1 391 {-999.0 -999.0 -999.0 -999.0 -999.0} "" -999.0 -999.0 -999.0 -999.0 -999 -999 "" "" "" "" 0 0 0.0 0.0 -999 ""
FIBERMAP 202 R-10C6 METROLOGY 1 0 0 1 0 0 -65.96067013951176 -186.9915757664345 143.1 -65.96067013951176 -186.9915757664345 10.012438 169.9878 -999.0 -999.0 -999.0 -999.0 -999.0 -999.0 -999.0 -999.0 -999.0 -999.0 -999.0 -999.0 6231.0 -999.0 -1 -999 {-999.0 -999.0 -999.0 -999.0 -999.0} "" -999.0 -999.0 -999.0 -999.0 -999 -999 "" "" "" "" 0 0 0.0 0.0 -999 ""
FIBERMAP 204 R-3C18 APOGEE 0 0 0 1 0 0 122.80359180762136 -50.8136491309612 143.1 122.80359180762136 -50.8136491309612 9.991226 169.99826 -999.0 -999.0 -999.0 -999.0 -999.0 -999.0 -999.0 -999.0 -999.0 -999.0 -999.0 -999.0 16600.0 -999.0 2 224 {-999.0 -999.0 -999.0 -999.0 -999.0} "" -999.0 -999.0 -999.0 -999.0 -999 -999 "" "" "" "" 0 0 0.0 0.0 -999 ""
FIBERMAP 204 R-3C18 BOSS 0 0 0 1 0 0 123.53264180893122 -50.7372544511055 143.1 123.53264180893122 -50.7372544511055 9.991226 169.99826 -999.0 -999.0 -999.0 -999.0 -999.0 -999.0 -999.0 -999.0 -999.0 -999.0 -999.0 -999.0 5400.0 -999.0 1 293 {-999.0 -999.0 -999.0 -999.0 -999.0} "" -999.0 -999.0 -999.0 -999.0 -999 -999 "" "" "" "" 0 0 0.0 0.0 -999 ""
FIBERMAP 204 R-3C18 METROLOGY 1 0 0 1 0 0 123.23109620940593 -51.42421602764329 143.1 123.23109620940593 -51.42421602764329 9.991226 169.99826 -999.0 -999.0 -999.0 -999.0 -999.0 -999.0 -999.0 -999.0 -999.0 -999.0 -999.0 -999.0 6231.0 -999.0 -1 -999 {-999.0 -999.0 -999.0 -999.0 -999.0} "" -999.0 -999.0 -999.0 -999.0 -999 -999 "" "" "" "" 0 0 0.0 0.0 -999 ""
FIBERMAP 208 R-7C5 APOGEE 0 0 0 1 0 0 -122.74164788689438 -128.32668205004003 143.1 -122.74164788689438 -128.32668205004003 10.000014 169.99875 -999.0 -999.0 -999.0 -999.0 -999.0 -999.0 -999.0 -999.0 -999.0 -999.0 -999.0 -999.0 16600.0 -999.0 2 253 {-999.0 -999.0 -999.0 -999.0 -999.0} "" -999.0 -999.0 -999.0 -999.0 -999 -999 "" "" "" "" 0 0 0.0 0.0 -999 ""
FIBERMAP 208 R-7C5 BOSS 0 0 0 1 0 0 -121.99798629976247 -128.29385711469516 143.1 -121.99798629976247 -128.29385711469516 10.000014 169.99875 -999.0 -999.0 -999.0 -999.0 -999.0 -999.0 -999.0 -999.0 -999.0 -999.0 -999.0 -999.0 5400.0 -999.0 1 451 {-999.0 -999.0 -999.0 -999.0 -999.0} "" -999.0 -999.0 -999.0 -999.0 -999 -999 "" "" "" "" 0 0 0.0 0.0 -999 ""
FIBERMAP 208 R-7C5 METROLOGY 1 0 0 1 0 0 -122.34965287377379 -128.9606731995949 143.1 -122.34965287377379 -128.9606731995949 10.000014 169.99875 -999.0 -999.0 -999.0 -999.0 -999.0 -999.0 -999.0 -999.0 -999.0 -999.0 -999.0 -999.0 6231.0 -999.0 -1 -999 {-999.0 -999.0 -999.0 -999.0 -999.0} "" -999.0 -999.0 -999.0 -999.0 -999 -999 "" "" "" "" 0 0 0.0 0.0 -999 ""
FIBERMAP 214 R-11C5 APOGEE 0 0 0 1 0 0 -77.79148890428736 -205.905962889287 143.1 -77.79148890428736 -205.905962889287 10.011898 170.00258 -999.0 -999.0 -999.0 -999.0 -999.0 -999.0 -999.0 -999.0 -999.0 -999.0 -999.0 -999.0 16600.0 -999.0 2 153 {-999.0 -999.0 -999.0 -999.0 -999.0} "" -999.0 -999.0 -999.0 -999.0 -999 -999 "" "" "" "" 0 0 0.0 0.0 -999 ""
FIBERMAP 214 R-11C5 BOSS 0 0 0 1 0 0 -77.05405468951628 -205.88135078731358 143.1 -77.05405468951628 -205.88135078731358 10.011898 170.00258 -999.0 -999.0 -999.0 -999.0 -999.0 -999.0 -999.0 -999.0 -999.0 -999.0 -999.0 -999.0 5400.0 -999.0 1 392 {-999.0 -999.0 -999.0 -999.0 -999.0} "" -999.0 -999.0 -999.0 -999.0 -999 -999 "" "" "" "" 0 0 0.0 0.0 -999 ""
FIBERMAP 214 R-11C5 METROLOGY 1 0 0 1 0 0 -77.38920382606868 -206.53851754782605 143.1 -77.38920382606868 -206.53851754782605 10.011898 170.00258 -999.0 -999.0 -999.0 -999.0 -999.0 -999.0 -999.0 -999.0 -999.0 -999.0 -999.0 -999.0 6231.0 -999.0 -1 -999 {-999.0 -999.0 -999.0 -999.0 -999.0} "" -999.0 -999.0 -999.0 -999.0 -999 -999 "" "" "" "" 0 0 0.0 0.0 -999 ""
FIBERMAP 215 R-10C15 APOGEE 0 0 0 1 0 0 134.92686381145487 -186.51702789184944 143.1 134.92686381145487 -186.51702789184944 9.990374 169.9996 -999.0 -999.0 -999.0 -999.0 -999.0 -999.0 -999.0 -999.0 -999.0 -999.0 -999.0 -999.0 16600.0 -999.0 2 237 {-999.0 -999.0 -999.0 -999.0 -999.0} "" -999.0 -999.0 -999.0 -999.0 -999 -999 "" "" "" "" 0 0 0.0 0.0 -999 ""
FIBERMAP 215 R-10C15 BOSS 0 0 0 1 0 0 135.6679193878313 -186.48392849492208 143.1 135.6679193878313 -186.48392849492208 9.990374 169.9996 -999.0 -999.0 -999.0 -999.0 -999.0 -999.0 -999.0 -999.0 -999.0 -999.0 -999.0 -999.0 5400.0 -999.0 1 266 {-999.0 -999.0 -999.0 -999.0 -999.0} "" -999.0 -999.0 -999.0 -999.0 -999 -999 "" "" "" "" 0 0 0.0 0.0 -999 ""
FIBERMAP 215 R-10C15 METROLOGY 1 0 0 1 0 0 135.32516000555125 -187.14603349255052 143.1 135.32516000555125 -187.14603349255052 9.990374 169.9996 -999.0 -999.0 -999.0 -999.0 -999.0 -999.0 -999.0 -999.0 -999.0 -999.0 -999.0 -999.0 6231.0 -999.0 -1 -999 {-999.0 -999.0 -999.0 -999.0 -999.0} "" -999.0 -999.0 -999.0 -999.0 -999 -999 "" "" "" "" 0 0 0.0 0.0 -999 ""
FIBERMAP 222 R-12C12 APOGEE 0 0 0 1 0 0 90.38039411247063 -225.28166005633295 143.1 90.38039411247063 -225.28166005633295 10.016585 169.99304 -999.0 -999.0 -999.0 -999.0 -999.0 -999.0 -999.0 -999.0 -999.0 -999.0 -999.0 -999.0 16600.0 -999.0 2 -999 {-999.0 -999.0 -999.0 -999.0 -999.0} "" -999.0 -999.0 -999.0 -999.0 -999 -999 "" "" "" "" 0 0 0.0 0.0 -999 ""
FIBERMAP 222 R-12C12 BOSS 0 0 0 1 0 0 91.13906035882133 -225.27435033687934 143.1 91.13906035882133 -225.27435033687934 10.016585 169.99304 -999.0 -999.0 -999.0 -999.0 -999.0 -999.0 -999.0 -999.0 -999.0 -999.0 -999.0 -999.0 5400.0 -999.0 1 343 {-999.0 -999.0 -999.0 -999.0 -999.0} "" -999.0 -999.0 -999.0 -999.0 -999 -999 "" "" "" "" 0 0 0.0 0.0 -999 ""
FIBERMAP 222 R-12C12 METROLOGY 1 0 0 1 0 0 90.7602868864542 -225.9237998080902 143.1 90.7602868864542 -225.9237998080902 10.016585 169.99304 -999.0 -999.0 -999.0 -999.0 -999.0 -999.0 -999.0 -999.0 -999.0 -999.0 -999.0 -999.0 6231.0 -999.0 -1 -999 {-999.0 -999.0 -999.0 -999.0 -999.0} "" -999.0 -999.0 -999.0 -999.0 -999 -999 "" "" "" "" 0 0 0.0 0.0 -999 ""
FIBERMAP 228 R+13C11 APOGEE 0 0 0 1 0 0 78.91267901726553 259.727003194864 143.1 78.91267901726553 259.727003194864 9.993886 169.99585 -999.0 -999.0 -999.0 -999.0 -999.0 -999.0 -999.0 -999.0 -999.0 -999.0 -999.0 -999.0 16600.0 -999.0 2 53 {-999.0 -999.0 -999.0 -999.0 -999.0} "" -999.0 -999.0 -999.0 -999.0 -999 -999 "" "" "" "" 0 0 0.0 0.0 -999 ""
FIBERMAP 228 R+13C11 BOSS 0 0 0 1 0 0 79.65469456187812 259.75959748750944 143.1 79.65469456187812 259.75959748750944 9.993886 169.99585 -999.0 -999.0 -999.0 -999.0 -999.0 -999.0 -999.0 -999.0 -999.0 -999.0 -999.0 -999.0 5400.0 -999.0 1 163 {-999.0 -999.0 -999.0 -999.0 -999.0} "" -999.0 -999.0 -999.0 -999.0 -999 -999 "" "" "" "" 0 0 0.0 0.0 -999 ""
FIBERMAP 228 R+13C11 METROLOGY 1 0 0 1 0 0 79.31503894616964 259.0965672176325 143.1 79.31503894616964 259.0965672176325 9.993886 169.99585 -999.0 -999.0 -999.0 -999.0 -999.0 -999.0 -999.0 -999.0 -999.0 -999.0 -999.0 -999.0 6231.0 -999.0 -1 -999 {-999.0 -999.0 -999.0 -999.0 -999.0} "" -999.0 -999.0 -999.0 -999.0 -999 -999 "" "" "" "" 0 0 0.0 0.0 -999 ""
FIBERMAP 233 R+4C4 APOGEE 0 0 0 1 0 0 -178.65037744766957 85.06191128822637 143.1 -178.65037744766957 85.06191128822637 10.007061 170.01634 -999.0 -999.0 -999.0 -999.0 -999.0 -999.0 -999.0 -999.0 -999.0 -999.0 -999.0 -999.0 16600.0 -999.0 2 -999 {-999.0 -999.0 -999.0 -999.0 -999.0} "" -999.0 -999.0 -999.0 -999.0 -999 -999 "" "" "" "" 0 0 0.0 0.0 -999 ""
FIBERMAP 233 R+4C4 BOSS 0 0 0 1 0 0 -177.91756004186482 85.07741645908108 143.1 -177.91756004186482 85.07741645908108 10.007061 170.01634 -999.0 -999.0 -999.0 -999.0 -999.0 -999.0 -999.0 -999.0 -999.0 -999.0 -999.0 -999.0 5400.0 -999.0 1 36 {-999.0 -999.0 -999.0 -999.0 -999.0} "" -999.0 -999.0 -999.0 -999.0 -999 -999 "" "" "" "" 0 0 0.0 0.0 -999 ""
FIBERMAP 233 R+4C4 METROLOGY 1 0 0 1 0 0 -178.26533606861085 84.42284547242619 143.1 -178.26533606861085 84.42284547242619 10.007061 170.01634 -999.0 -999.0 -999.0 -999.0 -999.0 -999.0 -999.0 -999.0 -999.0 -999.0 -999.0 -999.0 6231.0 -999.0 -1 -999 {-999.0 -999.0 -999.0 -999.0 -999.0} "" -999.0 -999.0 -999.0 -999.0 -999 -999 "" "" "" "" 0 0 0.0 0.0 -999 ""
FIBERMAP 238 R-5C3 APOGEE 0 0 0 1 0 0 -189.77895541486956 -89.5562127029445 143.1 -189.77895541486956 -89.5562127029445 10.009107 169.99025 -999.0 -999.0 -999.0 -999.0 -999.0 -999.0 -999.0 -999.0 -999.0 -999.0 -999.0 -999.0 16600.0 -999.0 2 290 {-999.0 -999.0 -999.0 -999.0 -999.0} "" -999.0 -999.0 -999.0 -999.0 -999 -999 "" "" "" "" 0 0 0.0 0.0 -999 ""
FIBERMAP 238 R-5C3 BOSS 0 0 0 1 0 0 -189.0433396592296 -89.5445349846905 143.1 -189.0433396592296 -89.5445349846905 10.009107 169.99025 -999.0 -999.0 -999.0 -999.0 -999.0 -999.0 -999.0 -999.0 -999.0 -999.0 -999.0 -999.0 5400.0 -999.0 1 444 {-999.0 -999.0 -999.0 -999.0 -999.0} "" -999.0 -999.0 -999.0 -999.0 -999 -999 "" "" "" "" 0 0 0.0 0.0 -999 ""
FIBERMAP 238 R-5C3 METROLOGY 1 0 0 1 0 0 -189.39650091514994 -90.19936161934335 143.1 -189.39650091514994 -90.19936161934335 10.009107 169.99025 -999.0 -999.0 -999.0 -999.0 -999.0 -999.0 -999.0 -999.0 -999.0 -999.0 -999.0 -999.0 6231.0 -999.0 -1 -999 {-999.0 -999.0 -999.0 -999.0 -999.0} "" -999.0 -999.0 -999.0 -999.0 -999 -999 "" "" "" "" 0 0 0.0 0.0 -999 ""
FIBERMAP 240 R-13C13 APOGEE 0 0 0 1 0 0 123.95752373111107 -244.50170022605568 143.1 123.95752373111107 -244.50170022605568 10.000179 170.02342 -999.0 -999.0 -999.0 -999.0 -999.0 -999.0 -999.0 -999.0 -999.0 -999.0 -999.0 -999.0 16600.0 -999.0 2 176 {-999.0 -999.0 -999.0 -999.0 -999.0} "" -999.0 -999.0 -999.0 -999.0 -999 -999 "" "" "" "" 0 0 0.0 0.0 -999 ""
FIBERMAP 240 R-13C13 BOSS 0 0 0 1 0 0 124.70373745731003 -244.5089080288348 143.1 124.70373745731003 -244.5089080288348 10.000179 170.02342 -999.0 -999.0 -999.0 -999.0 -999.0 -999.0 -999.0 -999.0 -999.0 -999.0 -999.0 -999.0 5400.0 -999.0 1 345 {-999.0 -999.0 -999.0 -999.0 -999.0} "" -999.0 -999.0 -999.0 -999.0 -999 -999 "" "" "" "" 0 0 0.0 0.0 -999 ""
FIBERMAP 240 R-13C13 METROLOGY 1 0 0 1 0 0 124.32543905709429 -245.14764553465525 143.1 124.32543905709429 -245.14764553465525 10.000179 170.02342 -999.0 -999.0 -999.0 -999.0 -999.0 -999.0 -999.0 -999.0 -999.0 -999.0 -999.0 -999.0 6231.0 -999.0 -1 -999 {-999.0 -999.0 -999.0 -999.0 -999.0} "" -999.0 -999.0 -999.0 -999.0 -999 -999 "" "" "" "" 0 0 0.0 0.0 -999 ""
FIBERMAP 245 R-9C16 APOGEE 0 0 0 1 0 0 146.2298445272901 -167.09785110527184 143.1 146.2298445272901 -167.09785110527184 10.014553 170.00883 -999.0 -999.0 -999.0 -999.0 -999.0 -999.0 -999.0 -999.0 -999.0 -999.0 -999.0 -999.0 16600.0 -999.0 2 193 {-999.0 -999.0 -999.0 -999.0 -999.0} "" -999.0 -999.0 -999.0 -999.0 -999 -999 "" "" "" "" 0 0 0.0 0.0 -999 ""
FIBERMAP 245 R-9C16 BOSS 0 0 0 1 0 0 146.97178842092998 -167.09841115943743 143.1 146.97178842092998 -167.09841115943743 10.014553 170.00883 -999.0 -999.0 -999.0 -999.0 -999.0 -999.0 -999.0 -999.0 -999.0 -999.0 -999.0 -999.0 5400.0 -999.0 1 308 {-999.0 -999.0 -999.0 -999.0 -999.0} "" -999.0 -999.0 -999.0 -999.0 -999 -999 "" "" "" "" 0 0 0.0 0.0 -999 ""
FIBERMAP 245 R-9C16 METROLOGY 1 0 0 1 0 0 146.6025269490669 -167.74259617256521 143.1 146.6025269490669 -167.74259617256521 10.014553 170.00883 -999.0 -999.0 -999.0 -999.0 -999.0 -999.0 -999.0 -999.0 -999.0 -999.0 -999.0 -999.0 6231.0 -999.0 -1 -999 {-999.0 -999.0 -999.0 -999.0 -999.0} "" -999.0 -999.0 -999.0 -999.0 -999 -999 "" "" "" "" 0 0 0.0 0.0 -999 ""
FIBERMAP 251 R-9C13 APOGEE 0 0 0 1 0 0 79.16337892757933 -167.24555144559437 143.1 79.16337892757933 -167.24555144559437 9.993977 170.00073 -999.0 -999.0 -999.0 -999.0 -999.0 -999.0 -999.0 -999.0 -999.0 -999.0 -999.0 -999.0 16600.0 -999.0 2 172 {-999.0 -999.0 -999.0 -999.0 -999.0} "" -999.0 -999.0 -999.0 -999.0 -999 -999 "" "" "" "" 0 0 0.0 0.0 -999 ""
FIBERMAP 251 R-9C13 BOSS 0 0 0 1 0 0 79.90120270114116 -167.24745607486702 143.1 79.90120270114116 -167.24745607486702 9.993977 170.00073 -999.0 -999.0 -999.0 -999.0 -999.0 -999.0 -999.0 -999.0 -999.0 -999.0 -999.0 -999.0 5400.0 -999.0 1 397 {-999.0 -999.0 -999.0 -999.0 -999.0} "" -999.0 -999.0 -999.0 -999.0 -999 -999 "" "" "" "" 0 0 0.0 0.0 -999 ""
FIBERMAP 251 R-9C13 METROLOGY 1 0 0 1 0 0 79.52631962269092 -167.896478930456 143.1 79.52631962269092 -167.896478930456 9.993977 170.00073 -999.0 -999.0 -999.0 -999.0 -999.0 -999.0 -999.0 -999.0 -999.0 -999.0 -999.0 -999.0 6231.0 -999.0 -1 -999 {-999.0 -999.0 -999.0 -999.0 -999.0} "" -999.0 -999.0 -999.0 -999.0 -999 -999 "" "" "" "" 0 0 0.0 0.0 -999 ""
FIBERMAP 256 R-3C17 APOGEE 0 0 0 1 0 0 101.28964095599493 -50.72268823340239 143.1 101.28964095599493 -50.72268823340239 9.992368 170.00987 -999.0 -999.0 -999.0 -999.0 -999.0 -999.0 -999.0 -999.0 -999.0 -999.0 -999.0 -999.0 16600.0 -999.0 2 -999 {-999.0 -999.0 -999.0 -999.0 -999.0} "" -999.0 -999.0 -999.0 -999.0 -999 -999 "" "" "" "" 0 0 0.0 0.0 -999 ""
FIBERMAP 256 R-3C17 BOSS 0 0 0 1 0 0 102.03813391829415 -50.70060593945788 143.1 102.03813391829415 -50.70060593945788 9.992368 170.00987 -999.0 -999.0 -999.0 -999.0 -999.0 -999.0 -999.0 -999.0 -999.0 -999.0 -999.0 -999.0 5400.0 -999.0 1 302 {-999.0 -999.0 -999.0 -999.0 -999.0} "" -999.0 -999.0 -999.0 -999.0 -999 -999 "" "" "" "" 0 0 0.0 0.0 -999 ""
FIBERMAP 256 R-3C17 METROLOGY 1 0 0 1 0 0 101.68929016371722 -51.35272195573695 143.1 101.68929016371722 -51.35272195573695 9.992368 170.00987 -999.0 -999.0 -999.0 -999.0 -999.0 -999.0 -999.0 -999.0 -999.0 -999.0 -999.0 -999.0 6231.0 -999.0 -1 -999 {-999.0 -999.0 -999.0 -999.0 -999.0} "" -999.0 -999.0 -999.0 -999.0 -999 -999 "" "" "" "" 0 0 0.0 0.0 -999 ""
FIBERMAP 260 R+3C9 APOGEE 0 0 0 1 0 0 -77.99899690270952 65.70984760633743 143.1 -77.99899690270952 65.70984760633743 10.008077 170.00963 -999.0 -999.0 -999.0 -999.0 -999.0 -999.0 -999.0 -999.0 -999.0 -999.0 -999.0 -999.0 16600.0 -999.0 2 121 {-999.0 -999.0 -999.0 -999.0 -999.0} "" -999.0 -999.0 -999.0 -999.0 -999 -999 "" "" "" "" 0 0 0.0 0.0 -999 ""
FIBERMAP 260 R+3C9 BOSS 0 0 0 1 0 0 -77.26977254264287 65.71734826399806 143.1 -77.26977254264287 65.71734826399806 10.008077 170.00963 -999.0 -999.0 -999.0 -999.0 -999.0 -999.0 -999.0 -999.0 -999.0 -999.0 -999.0 -999.0 5400.0 -999.0 1 32 {-999.0 -999.0 -999.0 -999.0 -999.0} "" -999.0 -999.0 -999.0 -999.0 -999 -999 "" "" "" "" 0 0 0.0 0.0 -999 ""
FIBERMAP 260 R+3C9 METROLOGY 1 0 0 1 0 0 -77.61696600539467 65.06152086690018 143.1 -77.61696600539467 65.06152086690018 10.008077 170.00963 -999.0 -999.0 -999.0 -999.0 -999.0 -999.0 -999.0 -999.0 -999.0 -999.0 -999.0 -999.0 6231.0 -999.0 -1 -999 {-999.0 -999.0 -999.0 -999.0 -999.0} "" -999.0 -999.0 -999.0 -999.0 -999 -999 "" "" "" "" 0 0 0.0 0.0 -999 ""
FIBERMAP 261 R+4C15 APOGEE 0 0 0 1 0 0 67.76924450607245 85.22180114563379 143.1 67.76924450607245 85.22180114563379 10.007837 169.99791 -999.0 -999.0 -999.0 -999.0 -999.0 -999.0 -999.0 -999.0 -999.0 -999.0 -999.0 -999.0 16600.0 -999.0 2 65 {-999.0 -999.0 -999.0 -999.0 -999.0} "" -999.0 -999.0 -999.0 -999.0 -999 -999 "" "" "" "" 0 0 0.0 0.0 -999 ""
FIBERMAP 261 R+4C15 BOSS 0 0 0 1 0 0 68.50818835862106 85.24838862111054 143.1 68.50818835862106 85.24838862111054 10.007837 169.99791 -999.0 -999.0 -999.0 -999.0 -999.0 -999.0 -999.0 -999.0 -999.0 -999.0 -999.0 -999.0 5400.0 -999.0 1 212 {-999.0 -999.0 -999.0 -999.0 -999.0} "" -999.0 -999.0 -999.0 -999.0 -999 -999 "" "" "" "" 0 0 0.0 0.0 -999 ""
FIBERMAP 261 R+4C15 METROLOGY 1 0 0 1 0 0 68.17097941060311 84.58622764904024 143.1 68.17097941060311 84.58622764904024 10.007837 169.99791 -999.0 -999.0 -999.0 -999.0 -999.0 -999.0 -999.0 -999.0 -999.0 -999.0 -999.0 -999.0 6231.0 -999.0 -1 -999 {-999.0 -999.0 -999.0 -999.0 -999.0} "" -999.0 -999.0 -999.0 -999.0 -999 -999 "" "" "" "" 0 0 0.0 0.0 -999 ""
FIBERMAP 264 R+10C3 APOGEE 0 0 0 1 0 0 -133.88895803610328 201.50319453982274 143.1 -133.88895803610328 201.50319453982274 9.995927 170.00885 -999.0 -999.0 -999.0 -999.0 -999.0 -999.0 -999.0 -999.0 -999.0 -999.0 -999.0 -999.0 16600.0 -999.0 2 136 {-999.0 -999.0 -999.0 -999.0 -999.0} "" -999.0 -999.0 -999.0 -999.0 -999 -999 "" "" "" "" 0 0 0.0 0.0 -999 ""
FIBERMAP 264 R+10C3 BOSS 0 0 0 1 0 0 -133.14609250609595 201.5163564114693 143.1 -133.14609250609595 201.5163564114693 9.995927 170.00885 -999.0 -999.0 -999.0 -999.0 -999.0 -999.0 -999.0 -999.0 -999.0 -999.0 -999.0 -999.0 5400.0 -999.0 1 16 {-999.0 -999.0 -999.0 -999.0 -999.0} "" -999.0 -999.0 -999.0 -999.0 -999 -999 "" "" "" "" 0 0 0.0 0.0 -999 ""
FIBERMAP 264 R+10C3 METROLOGY 1 0 0 1 0 0 -133.50285117070987 200.8605225683265 143.1 -133.50285117070987 200.8605225683265 9.995927 170.00885 -999.0 -999.0 -999.0 -999.0 -999.0 -999.0 -999.0 -999.0 -999.0 -999.0 -999.0 -999.0 6231.0 -999.0 -1 -999 {-999.0 -999.0 -999.0 -999.0 -999.0} "" -999.0 -999.0 -999.0 -999.0 -999 -999 "" "" "" "" 0 0 0.0 0.0 -999 ""
FIBERMAP 285 R-8C18 APOGEE 0 0 0 1 0 0 180.01697319447834 -147.56199059230264 143.1 180.01697319447834 -147.56199059230264 10.01083 170.00113 -999.0 -999.0 -999.0 -999.0 -999.0 -999.0 -999.0 -999.0 -999.0 -999.0 -999.0 -999.0 16600.0 -999.0 2 -999 {-999.0 -999.0 -999.0 -999.0 -999.0} "" -999.0 -999.0 -999.0 -999.0 -999 -999 "" "" "" "" 0 0 0.0 0.0 -999 ""
FIBERMAP 285 R-8C18 BOSS 0 0 0 1 0 0 180.74918757200757 -147.5516689256959 143.1 180.74918757200757 -147.5516689256959 10.01083 170.00113 -999.0 -999.0 -999.0 -999.0 -999.0 -999.0 -999.0 -999.0 -999.0 -999.0 -999.0 -999.0 5400.0 -999.0 1 319 {-999.0 -999.0 -999.0 -999.0 -999.0} "" -999.0 -999.0 -999.0 -999.0 -999 -999 "" "" "" "" 0 0 0.0 0.0 -999 ""
FIBERMAP 285 R-8C18 METROLOGY 1 0 0 1 0 0 180.39486093376306 -148.20531231353556 143.1 180.39486093376306 -148.20531231353556 10.01083 170.00113 -999.0 -999.0 -999.0 -999.0 -999.0 -999.0 -999.0 -999.0 -999.0 -999.0 -999.0 -999.0 6231.0 -999.0 -1 -999 {-999.0 -999.0 -999.0 -999.0 -999.0} "" -999.0 -999.0 -999.0 -999.0 -999 -999 "" "" "" "" 0 0 0.0 0.0 -999 ""
FIBERMAP 288 R-1C7 APOGEE 0 0 0 1 0 0 -145.03335361749103 -11.92249049354847 143.1 -145.03335361749103 -11.92249049354847 10.004278 169.99452 -999.0 -999.0 -999.0 -999.0 -999.0 -999.0 -999.0 -999.0 -999.0 -999.0 -999.0 -999.0 16600.0 -999.0 2 247 {-999.0 -999.0 -999.0 -999.0 -999.0} "" -999.0 -999.0 -999.0 -999.0 -999 -999 "" "" "" "" 0 0 0.0 0.0 -999 ""
FIBERMAP 288 R-1C7 BOSS 0 0 0 1 0 0 -144.29066845312798 -11.880513549298449 143.1 -144.29066845312798 -11.880513549298449 10.004278 169.99452 -999.0 -999.0 -999.0 -999.0 -999.0 -999.0 -999.0 -999.0 -999.0 -999.0 -999.0 -999.0 5400.0 -999.0 1 483 {-999.0 -999.0 -999.0 -999.0 -999.0} "" -999.0 -999.0 -999.0 -999.0 -999 -999 "" "" "" "" 0 0 0.0 0.0 -999 ""
FIBERMAP 288 R-1C7 METROLOGY 1 0 0 1 0 0 -144.62949104202954 -12.54946177154632 143.1 -144.62949104202954 -12.54946177154632 10.004278 169.99452 -999.0 -999.0 -999.0 -999.0 -999.0 -999.0 -999.0 -999.0 -999.0 -999.0 -999.0 -999.0 6231.0 -999.0 -1 -999 {-999.0 -999.0 -999.0 -999.0 -999.0} "" -999.0 -999.0 -999.0 -999.0 -999 -999 "" "" "" "" 0 0 0.0 0.0 -999 ""
FIBERMAP 289 R-11C12 APOGEE 0 0 0 1 0 0 78.98060390096423 -205.81250013112185 143.1 78.98060390096423 -205.81250013112185 9.99717 170.02174 -999.0 -999.0 -999.0 -999.0 -999.0 -999.0 -999.0 -999.0 -999.0 -999.0 -999.0 -999.0 16600.0 -999.0 2 175 {-999.0 -999.0 -999.0 -999.0 -999.0} "" -999.0 -999.0 -999.0 -999.0 -999 -999 "" "" "" "" 0 0 0.0 0.0 -999 ""
FIBERMAP 289 R-11C12 BOSS 0 0 0 1 0 0 79.71618816867174 -205.81174208646314 143.1 79.71618816867174 -205.81174208646314 9.99717 170.02174 -999.0 -999.0 -999.0 -999.0 -999.0 -999.0 -999.0 -999.0 -999.0 -999.0 -999.0 -999.0 5400.0 -999.0 1 394 {-999.0 -999.0 -999.0 -999.0 -999.0} "" -999.0 -999.0 -999.0 -999.0 -999 -999 "" "" "" "" 0 0 0.0 0.0 -999 ""
FIBERMAP 289 R-11C12 METROLOGY 1 0 0 1 0 0 79.35469370792278 -206.4559943211567 143.1 79.35469370792278 -206.4559943211567 9.99717 170.02174 -999.0 -999.0 -999.0 -999.0 -999.0 -999.0 -999.0 -999.0 -999.0 -999.0 -999.0 -999.0 6231.0 -999.0 -1 -999 {-999.0 -999.0 -999.0 -999.0 -999.0} "" -999.0 -999.0 -999.0 -999.0 -999 -999 "" "" "" "" 0 0 0.0 0.0 -999 ""
FIBERMAP 293 R-11C16 APOGEE 0 0 0 1 0 0 168.63643984015465 -205.74175170347044 143.1 168.63643984015465 -205.74175170347044 9.988802 169.9992 -999.0 -999.0 -999.0 -999.0 -999.0 -999.0 -999.0 -999.0 -999.0 -999.0 -999.0 -999.0 16600.0 -999.0 2 218 {-999.0 -999.0 -999.0 -999.0 -999.0} "" -999.0 -999.0 -999.0 -999.0 -999 -999 "" "" "" "" 0 0 0.0 0.0 -999 ""
FIBERMAP 293 R-11C16 BOSS 0 0 0 1 0 0 169.37211690061864 -205.73191451299178 143.1 169.37211690061864 -205.73191451299178 9.988802 169.9992 -999.0 -999.0 -999.0 -999.0 -999.0 -999.0 -999.0 -999.0 -999.0 -999.0 -999.0 -999.0 5400.0 -999.0 1 259 {-999.0 -999.0 -999.0 -999.0 -999.0} "" -999.0 -999.0 -999.0 -999.0 -999 -999 "" "" "" "" 0 0 0.0 0.0 -999 ""
FIBERMAP 293 R-11C16 METROLOGY 1 0 0 1 0 0 169.00822724839298 -206.38538324977128 143.1 169.00822724839298 -206.38538324977128 9.988802 169.9992 -999.0 -999.0 -999.0 -999.0 -999.0 -999.0 -999.0 -999.0 -999.0 -999.0 -999.0 -999.0 6231.0 -999.0 -1 -999 {-999.0 -999.0 -999.0 -999.0 -999.0} "" -999.0 -999.0 -999.0 -999.0 -999 -999 "" "" "" "" 0 0 0.0 0.0 -999 ""
FIBERMAP 296 R+3C13 APOGEE 0 0 0 1 0 0 11.85303068335989 65.68824102695979 143.1 11.85303068335989 65.68824102695979 10.006599 170.00916 -999.0 -999.0 -999.0 -999.0 -999.0 -999.0 -999.0 -999.0 -999.0 -999.0 -999.0 -999.0 16600.0 -999.0 2 5 {-999.0 -999.0 -999.0 -999.0 -999.0} "" -999.0 -999.0 -999.0 -999.0 -999 -999 "" "" "" "" 0 0 0.0 0.0 -999 ""
FIBERMAP 296 R+3C13 BOSS 0 0 0 1 0 0 12.581521396984057 65.68293412440184 143.1 12.581521396984057 65.68293412440184 10.006599 170.00916 -999.0 -999.0 -999.0 -999.0 -999.0 -999.0 -999.0 -999.0 -999.0 -999.0 -999.0 -999.0 5400.0 -999.0 1 106 {-999.0 -999.0 -999.0 -999.0 -999.0} "" -999.0 -999.0 -999.0 -999.0 -999 -999 "" "" "" "" 0 0 0.0 0.0 -999 ""
FIBERMAP 296 R+3C13 METROLOGY 1 0 0 1 0 0 12.247993218407995 65.0247300623069 143.1 12.247993218407995 65.0247300623069 10.006599 170.00916 -999.0 -999.0 -999.0 -999.0 -999.0 -999.0 -999.0 -999.0 -999.0 -999.0 -999.0 -999.0 6231.0 -999.0 -1 -999 {-999.0 -999.0 -999.0 -999.0 -999.0} "" -999.0 -999.0 -999.0 -999.0 -999 -999 "" "" "" "" 0 0 0.0 0.0 -999 ""
FIBERMAP 298 R-12C13 APOGEE 0 0 0 1 0 0 112.69681924503277 -225.23477957805727 143.1 112.69681924503277 -225.23477957805727 9.995179 170.04376 -999.0 -999.0 -999.0 -999.0 -999.0 -999.0 -999.0 -999.0 -999.0 -999.0 -999.0 -999.0 16600.0 -999.0 2 -999 {-999.0 -999.0 -999.0 -999.0 -999.0} "" -999.0 -999.0 -999.0 -999.0 -999 -999 "" "" "" "" 0 0 0.0 0.0 -999 ""
FIBERMAP 298 R-12C13 BOSS 0 0 0 1 0 0 113.43458351396973 -225.22564907775768 143.1 113.43458351396973 -225.22564907775768 9.995179 170.04376 -999.0 -999.0 -999.0 -999.0 -999.0 -999.0 -999.0 -999.0 -999.0 -999.0 -999.0 -999.0 5400.0 -999.0 1 344 {-999.0 -999.0 -999.0 -999.0 -999.0} "" -999.0 -999.0 -999.0 -999.0 -999 -999 "" "" "" "" 0 0 0.0 0.0 -999 ""
FIBERMAP 298 R-12C13 METROLOGY 1 0 0 1 0 0 113.07826555263578 -225.87599771171213 143.1 113.07826555263578 -225.87599771171213 9.995179 170.04376 -999.0 -999.0 -999.0 -999.0 -999.0 -999.0 -999.0 -999.0 -999.0 -999.0 -999.0 -999.0 6231.0 -999.0 -1 -999 {-999.0 -999.0 -999.0 -999.0 -999.0} "" -999.0 -999.0 -999.0 -999.0 -999 -999 "" "" "" "" 0 0 0.0 0.0 -999 ""
FIBERMAP 302 R-2C21 APOGEE 0 0 0 1 0 0 179.8383578742847 -31.292604621253332 143.1 179.8383578742847 -31.292604621253332 9.98888 169.99622 -999.0 -999.0 -999.0 -999.0 -999.0 -999.0 -999.0 -999.0 -999.0 -999.0 -999.0 -999.0 16600.0 -999.0 2 228 {-999.0 -999.0 -999.0 -999.0 -999.0} "" -999.0 -999.0 -999.0 -999.0 -999 -999 "" "" "" "" 0 0 0.0 0.0 -999 ""
FIBERMAP 302 R-2C21 BOSS 0 0 0 1 0 0 180.5792964144925 -31.28582353215445 143.1 180.5792964144925 -31.28582353215445 9.98888 169.99622 -999.0 -999.0 -999.0 -999.0 -999.0 -999.0 -999.0 -999.0 -999.0 -999.0 -999.0 -999.0 5400.0 -999.0 1 284 {-999.0 -999.0 -999.0 -999.0 -999.0} "" -999.0 -999.0 -999.0 -999.0 -999 -999 "" "" "" "" 0 0 0.0 0.0 -999 ""
FIBERMAP 302 R-2C21 METROLOGY 1 0 0 1 0 0 180.21601625750546 -31.937794518352092 143.1 180.21601625750546 -31.937794518352092 9.98888 169.99622 -999.0 -999.0 -999.0 -999.0 -999.0 -999.0 -999.0 -999.0 -999.0 -999.0 -999.0 -999.0 6231.0 -999.0 -1 -999 {-999.0 -999.0 -999.0 -999.0 -999.0} "" -999.0 -999.0 -999.0 -999.0 -999 -999 "" "" "" "" 0 0 0.0 0.0 -999 ""
FIBERMAP 307 R0C7 APOGEE 0 0 0 1 0 0 -155.8938217310514 7.528202956435861 143.1 -155.8938217310514 7.528202956435861 9.978887 170.0123 -999.0 -999.0 -999.0 -999.0 -999.0 -999.0 -999.0 -999.0 -999.0 -999.0 -999.0 -999.0 16600.0 -999.0 2 250 {-999.0 -999.0 -999.0 -999.0 -999.0} "" -999.0 -999.0 -999.0 -999.0 -999 -999 "" "" "" "" 0 0 0.0 0.0 -999 ""
FIBERMAP 307 R0C7 BOSS 0 0 0 1 0 0 -155.15666689620312 7.526049209360691 143.1 -155.15666689620312 7.526049209360691 9.978887 170.0123 -999.0 -999.0 -999.0 -999.0 -999.0 -999.0 -999.0 -999.0 -999.0 -999.0 -999.0 -999.0 5400.0 -999.0 1 493 {-999.0 -999.0 -999.0 -999.0 -999.0} "" -999.0 -999.0 -999.0 -999.0 -999 -999 "" "" "" "" 0 0 0.0 0.0 -999 ""
FIBERMAP 307 R0C7 METROLOGY 1 0 0 1 0 0 -155.52748079458195 6.877384023197759 143.1 -155.52748079458195 6.877384023197759 9.978887 170.0123 -999.0 -999.0 -999.0 -999.0 -999.0 -999.0 -999.0 -999.0 -999.0 -999.0 -999.0 -999.0 6231.0 -999.0 -1 -999 {-999.0 -999.0 -999.0 -999.0 -999.0} "" -999.0 -999.0 -999.0 -999.0 -999 -999 "" "" "" "" 0 0 0.0 0.0 -999 ""
FIBERMAP 310 R+1C8 APOGEE 0 0 0 1 0 0 -122.52188243981082 26.90755810125675 143.1 -122.52188243981082 26.90755810125675 10.010047 170.00201 -999.0 -999.0 -999.0 -999.0 -999.0 -999.0 -999.0 -999.0 -999.0 -999.0 -999.0 -999.0 16600.0 -999.0 2 -999 {-999.0 -999.0 -999.0 -999.0 -999.0} "" -999.0 -999.0 -999.0 -999.0 -999 -999 "" "" "" "" 0 0 0.0 0.0 -999 ""
FIBERMAP 310 R+1C8 BOSS 0 0 0 1 0 0 -121.77648083073925 26.9164789492118 143.1 -121.77648083073925 26.9164789492118 10.010047 170.00201 -999.0 -999.0 -999.0 -999.0 -999.0 -999.0 -999.0 -999.0 -999.0 -999.0 -999.0 -999.0 5400.0 -999.0 1 46 {-999.0 -999.0 -999.0 -999.0 -999.0} "" -999.0 -999.0 -999.0 -999.0 -999 -999 "" "" "" "" 0 0 0.0 0.0 -999 ""
FIBERMAP 310 R+1C8 METROLOGY 1 0 0 1 0 0 -122.14685932948983 26.262562250698803 143.1 -122.14685932948983 26.262562250698803 10.010047 170.00201 -999.0 -999.0 -999.0 -999.0 -999.0 -999.0 -999.0 -999.0 -999.0 -999.0 -999.0 -999.0 6231.0 -999.0 -1 -999 {-999.0 -999.0 -999.0 -999.0 -999.0} "" -999.0 -999.0 -999.0 -999.0 -999 -999 "" "" "" "" 0 0 0.0 0.0 -999 ""
FIBERMAP 322 R+11C6 APOGEE 0 0 0 1 0 0 -55.459908937530734 221.00919995656923 143.1 -55.459908937530734 221.00919995656923 10.010214 170.01012 -999.0 -999.0 -999.0 -999.0 -999.0 -999.0 -999.0 -999.0 -999.0 -999.0 -999.0 -999.0 16600.0 -999.0 2 4 {-999.0 -999.0 -999.0 -999.0 -999.0} "" -999.0 -999.0 -999.0 -999.0 -999 -999 "" "" "" "" 0 0 0.0 0.0 -999 ""
FIBERMAP 322 R+11C6 BOSS 0 0 0 1 0 0 -54.72099114842477 221.01311449897804 143.1 -54.72099114842477 221.01311449897804 10.010214 170.01012 -999.0 -999.0 -999.0 -999.0 -999.0 -999.0 -999.0 -999.0 -999.0 -999.0 -999.0 -999.0 5400.0 -999.0 1 143 {-999.0 -999.0 -999.0 -999.0 -999.0} "" -999.0 -999.0 -999.0 -999.0 -999 -999 "" "" "" "" 0 0 0.0 0.0 -999 ""
FIBERMAP 322 R+11C6 METROLOGY 1 0 0 1 0 0 -55.07996831005914 220.3534532215697 143.1 -55.07996831005914 220.3534532215697 10.010214 170.01012 -999.0 -999.0 -999.0 -999.0 -999.0 -999.0 -999.0 -999.0 -999.0 -999.0 -999.0 -999.0 6231.0 -999.0 -1 -999 {-999.0 -999.0 -999.0 -999.0 -999.0} "" -999.0 -999.0 -999.0 -999.0 -999 -999 "" "" "" "" 0 0 0.0 0.0 -999 ""
FIBERMAP 325 R+6C4 APOGEE 0 0 0 1 0 0 -156.11182284770655 123.95348341457762 143.1 -156.11182284770655 123.95348341457762 10.009827 170.02365 -999.0 -999.0 -999.0 -999.0 -999.0 -999.0 -999.0 -999.0 -999.0 -999.0 -999.0 -999.0 16600.0 -999.0 2 -999 {-999.0 -999.0 -999.0 -999.0 -999.0} "" -999.0 -999.0 -999.0 -999.0 -999 -999 "" "" "" "" 0 0 0.0 0.0 -999 ""
FIBERMAP 325 R+6C4 BOSS 0 0 0 1 0 0 -155.35652692932283 123.96001675300103 143.1 -155.35652692932283 123.96001675300103 10.009827 170.02365 -999.0 -999.0 -999.0 -999.0 -999.0 -999.0 -999.0 -999.0 -999.0 -999.0 -999.0 -999.0 5400.0 -999.0 1 38 {-999.0 -999.0 -999.0 -999.0 -999.0} "" -999.0 -999.0 -999.0 -999.0 -999 -999 "" "" "" "" 0 0 0.0 0.0 -999 ""
FIBERMAP 325 R+6C4 METROLOGY 1 0 0 1 0 0 -155.73246838269236 123.3110255012591 143.1 -155.73246838269236 123.3110255012591 10.009827 170.02365 -999.0 -999.0 -999.0 -999.0 -999.0 -999.0 -999.0 -999.0 -999.0 -999.0 -999.0 -999.0 6231.0 -999.0 -1 -999 {-999.0 -999.0 -999.0 -999.0 -999.0} "" -999.0 -999.0 -999.0 -999.0 -999 -999 "" "" "" "" 0 0 0.0 0.0 -999 ""
FIBERMAP 333 R+12C2 APOGEE 0 0 0 1 0 0 -133.73337912932024 240.182437958755 143.1 -133.73337912932024 240.182437958755 10.017448 169.98839 -999.0 -999.0 -999.0 -999.0 -999.0 -999.0 -999.0 -999.0 -999.0 -999.0 -999.0 -999.0 16600.0 -999.0 2 132 {-999.0 -999.0 -999.0 -999.0 -999.0} "" -999.0 -999.0 -999.0 -999.0 -999 -999 "" "" "" "" 0 0 0.0 0.0 -999 ""
FIBERMAP 333 R+12C2 BOSS 0 0 0 1 0 0 -132.99643340433738 240.18286348840817 143.1 -132.99643340433738 240.18286348840817 10.017448 169.98839 -999.0 -999.0 -999.0 -999.0 -999.0 -999.0 -999.0 -999.0 -999.0 -999.0 -999.0 -999.0 5400.0 -999.0 1 6 {-999.0 -999.0 -999.0 -999.0 -999.0} "" -999.0 -999.0 -999.0 -999.0 -999 -999 "" "" "" "" 0 0 0.0 0.0 -999 ""
FIBERMAP 333 R+12C2 METROLOGY 1 0 0 1 0 0 -133.35719204986933 239.5320770404423 143.1 -133.35719204986933 239.5320770404423 10.017448 169.98839 -999.0 -999.0 -999.0 -999.0 -999.0 -999.0 -999.0 -999.0 -999.0 -999.0 -999.0 -999.0 6231.0 -999.0 -1 -999 {-999.0 -999.0 -999.0 -999.0 -999.0} "" -999.0 -999.0 -999.0 -999.0 -999 -999 "" "" "" "" 0 0 0.0 0.0 -999 ""
FIBERMAP 343 R+11C1 APOGEE 0 0 0 1 0 0 -167.0995070220479 220.81924431553549 143.1 -167.0995070220479 220.81924431553549 10.015177 170.03517 -999.0 -999.0 -999.0 -999.0 -999.0 -999.0 -999.0 -999.0 -999.0 -999.0 -999.0 -999.0 16600.0 -999.0 2 139 {-999.0 -999.0 -999.0 -999.0 -999.0} "" -999.0 -999.0 -999.0 -999.0 -999 -999 "" "" "" "" 0 0 0.0 0.0 -999 ""
FIBERMAP 343 R+11C1 BOSS 0 0 0 1 0 0 -166.3704782563929 220.81647195048765 143.1 -166.3704782563929 220.81647195048765 10.015177 170.03517 -999.0 -999.0 -999.0 -999.0 -999.0 -999.0 -999.0 -999.0 -999.0 -999.0 -999.0 -999.0 5400.0 -999.0 1 9 {-999.0 -999.0 -999.0 -999.0 -999.0} "" -999.0 -999.0 -999.0 -999.0 -999 -999 "" "" "" "" 0 0 0.0 0.0 -999 ""
FIBERMAP 343 R+11C1 METROLOGY 1 0 0 1 0 0 -166.73920409729362 220.17186952314503 143.1 -166.73920409729362 220.17186952314503 10.015177 170.03517 -999.0 -999.0 -999.0 -999.0 -999.0 -999.0 -999.0 -999.0 -999.0 -999.0 -999.0 -999.0 6231.0 -999.0 -1 -999 {-999.0 -999.0 -999.0 -999.0 -999.0} "" -999.0 -999.0 -999.0 -999.0 -999 -999 "" "" "" "" 0 0 0.0 0.0 -999 ""
FIBERMAP 361 R+13C14 APOGEE 0 0 0 1 0 0 146.1999282968592 259.81042468762564 143.1 146.1999282968592 259.81042468762564 10.010914 170.00804 -999.0 -999.0 -999.0 -999.0 -999.0 -999.0 -999.0 -999.0 -999.0 -999.0 -999.0 -999.0 16600.0 -999.0 2 98 {-999.0 -999.0 -999.0 -999.0 -999.0} "" -999.0 -999.0 -999.0 -999.0 -999 -999 "" "" "" "" 0 0 0.0 0.0 -999 ""
FIBERMAP 361 R+13C14 BOSS 0 0 0 1 0 0 146.93575696319704 259.809606091994 143.1 146.93575696319704 259.809606091994 10.010914 170.00804 -999.0 -999.0 -999.0 -999.0 -999.0 -999.0 -999.0 -999.0 -999.0 -999.0 -999.0 -999.0 5400.0 -999.0 1 90 {-999.0 -999.0 -999.0 -999.0 -999.0} "" -999.0 -999.0 -999.0 -999.0 -999 -999 "" "" "" "" 0 0 0.0 0.0 -999 ""
FIBERMAP 361 R+13C14 METROLOGY 1 0 0 1 0 0 146.57330545261107 259.1612715054834 143.1 146.57330545261107 259.1612715054834 10.010914 170.00804 -999.0 -999.0 -999.0 -999.0 -999.0 -999.0 -999.0 -999.0 -999.0 -999.0 -999.0 -999.0 6231.0 -999.0 -1 -999 {-999.0 -999.0 -999.0 -999.0 -999.0} "" -999.0 -999.0 -999.0 -999.0 -999 -999 "" "" "" "" 0 0 0.0 0.0 -999 ""
FIBERMAP 368 R-8C2 APOGEE 0 0 0 1 0 0 -178.25990455509358 -147.7137377509143 143.1 -178.25990455509358 -147.7137377509143 9.989401 169.99298 -999.0 -999.0 -999.0 -999.0 -999.0 -999.0 -999.0 -999.0 -999.0 -999.0 -999.0 -999.0 16600.0 -999.0 2 -999 {-999.0 -999.0 -999.0 -999.0 -999.0} "" -999.0 -999.0 -999.0 -999.0 -999 -999 "" "" "" "" 0 0 0.0 0.0 -999 ""
FIBERMAP 368 R-8C2 BOSS 0 0 0 1 0 0 -177.42178675037735 -147.77434823028005 143.1 -177.42178675037735 -147.77434823028005 9.989401 169.99298 -999.0 -999.0 -999.0 -999.0 -999.0 -999.0 -999.0 -999.0 -999.0 -999.0 -999.0 -999.0 5400.0 -999.0 1 489 {-999.0 -999.0 -999.0 -999.0 -999.0} "" -999.0 -999.0 -999.0 -999.0 -999 -999 "" "" "" "" 0 0 0.0 0.0 -999 ""
FIBERMAP 368 R-8C2 METROLOGY 1 0 0 1 0 0 -177.89008652713582 -148.36173204618953 143.1 -177.89008652713582 -148.36173204618953 9.989401 169.99298 -999.0 -999.0 -999.0 -999.0 -999.0 -999.0 -999.0 -999.0 -999.0 -999.0 -999.0 -999.0 6231.0 -999.0 -1 -999 {-999.0 -999.0 -999.0 -999.0 -999.0} "" -999.0 -999.0 -999.0 -999.0 -999 -999 "" "" "" "" 0 0 0.0 0.0 -999 ""
FIBERMAP 372 R+12C4 APOGEE 0 0 0 1 0 0 -89.00842318607275 240.3396607101041 143.1 -89.00842318607275 240.3396607101041 9.992154 170.00337 -999.0 -999.0 -999.0 -999.0 -999.0 -999.0 -999.0 -999.0 -999.0 -999.0 -999.0 -999.0 16600.0 -999.0 2 -999 {-999.0 -999.0 -999.0 -999.0 -999.0} "" -999.0 -999.0 -999.0 -999.0 -999 -999 "" "" "" "" 0 0 0.0 0.0 -999 ""
FIBERMAP 372 R+12C4 BOSS 0 0 0 1 0 0 -88.2731415536872 240.36192987794462 143.1 -88.2731415536872 240.36192987794462 9.992154 170.00337 -999.0 -999.0 -999.0 -999.0 -999.0 -999.0 -999.0 -999.0 -999.0 -999.0 -999.0 -999.0 5400.0 -999.0 1 93 {-999.0 -999.0 -999.0 -999.0 -999.0} "" -999.0 -999.0 -999.0 -999.0 -999 -999 "" "" "" "" 0 0 0.0 0.0 -999 ""
FIBERMAP 372 R+12C4 METROLOGY 1 0 0 1 0 0 -88.62198477288705 239.70143870066985 143.1 -88.62198477288705 239.70143870066985 9.992154 170.00337 -999.0 -999.0 -999.0 -999.0 -999.0 -999.0 -999.0 -999.0 -999.0 -999.0 -999.0 -999.0 6231.0 -999.0 -1 -999 {-999.0 -999.0 -999.0 -999.0 -999.0} "" -999.0 -999.0 -999.0 -999.0 -999 -999 "" "" "" "" 0 0 0.0 0.0 -999 ""
FIBERMAP 373 R-8C13 APOGEE 0 0 0 1 0 0 67.85968882382905 -147.6489363334122 143.1 67.85968882382905 -147.6489363334122 10.000034 170.02219 -999.0 -999.0 -999.0 -999.0 -999.0 -999.0 -999.0 -999.0 -999.0 -999.0 -999.0 -999.0 16600.0 -999.0 2 -999 {-999.0 -999.0 -999.0 -999.0 -999.0} "" -999.0 -999.0 -999.0 -999.0 -999 -999 "" "" "" "" 0 0 0.0 0.0 -999 ""
FIBERMAP 373 R-8C13 BOSS 0 0 0 1 0 0 68.60036574078711 -147.64200596643354 143.1 68.60036574078711 -147.64200596643354 10.000034 170.02219 -999.0 -999.0 -999.0 -999.0 -999.0 -999.0 -999.0 -999.0 -999.0 -999.0 -999.0 -999.0 5400.0 -999.0 1 353 {-999.0 -999.0 -999.0 -999.0 -999.0} "" -999.0 -999.0 -999.0 -999.0 -999 -999 "" "" "" "" 0 0 0.0 0.0 -999 ""
FIBERMAP 373 R-8C13 METROLOGY 1 0 0 1 0 0 68.24855778812854 -148.2856803236598 143.1 68.24855778812854 -148.2856803236598 10.000034 170.02219 -999.0 -999.0 -999.0 -999.0 -999.0 -999.0 -999.0 -999.0 -999.0 -999.0 -999.0 -999.0 6231.0 -999.0 -1 -999 {-999.0 -999.0 -999.0 -999.0 -999.0} "" -999.0 -999.0 -999.0 -999.0 -999 -999 "" "" "" "" 0 0 0.0 0.0 -999 ""
FIBERMAP 375 R+2C25 APOGEE 0 0 0 1 0 0 269.0323264400117 46.318867520115944 143.1 269.0323264400117 46.318867520115944 9.9926195 170.00986 -999.0 -999.0 -999.0 -999.0 -999.0 -999.0 -999.0 -999.0 -999.0 -999.0 -999.0 -999.0 16600.0 -999.0 2 57 {-999.0 -999.0 -999.0 -999.0 -999.0} "" -999.0 -999.0 -999.0 -999.0 -999 -999 "" "" "" "" 0 0 0.0 0.0 -999 ""
FIBERMAP 375 R+2C25 BOSS 0 0 0 1 0 0 269.76849871669987 46.33156277011422 143.1 269.76849871669987 46.33156277011422 9.9926195 170.00986 -999.0 -999.0 -999.0 -999.0 -999.0 -999.0 -999.0 -999.0 -999.0 -999.0 -999.0 -999.0 5400.0 -999.0 1 176 {-999.0 -999.0 -999.0 -999.0 -999.0} "" -999.0 -999.0 -999.0 -999.0 -999 -999 "" "" "" "" 0 0 0.0 0.0 -999 ""
FIBERMAP 375 R+2C25 METROLOGY 1 0 0 1 0 0 269.41598074792313 45.679938532982916 143.1 269.41598074792313 45.679938532982916 9.9926195 170.00986 -999.0 -999.0 -999.0 -999.0 -999.0 -999.0 -999.0 -999.0 -999.0 -999.0 -999.0 -999.0 6231.0 -999.0 -1 -999 {-999.0 -999.0 -999.0 -999.0 -999.0} "" -999.0 -999.0 -999.0 -999.0 -999 -999 "" "" "" "" 0 0 0.0 0.0 -999 ""
FIBERMAP 380 R-1C10 APOGEE 0 0 0 1 0 0 -77.88553399295222 -11.91740512543835 143.1 -77.88553399295222 -11.91740512543835 10.007953 169.99959 -999.0 -999.0 -999.0 -999.0 -999.0 -999.0 -999.0 -999.0 -999.0 -999.0 -999.0 -999.0 16600.0 -999.0 2 -999 {-999.0 -999.0 -999.0 -999.0 -999.0} "" -999.0 -999.0 -999.0 -999.0 -999 -999 "" "" "" "" 0 0 0.0 0.0 -999 ""
FIBERMAP 380 R-1C10 BOSS 0 0 0 1 0 0 -77.12514028511151 -11.882157552665513 143.1 -77.12514028511151 -11.882157552665513 10.007953 169.99959 -999.0 -999.0 -999.0 -999.0 -999.0 -999.0 -999.0 -999.0 -999.0 -999.0 -999.0 -999.0 5400.0 -999.0 1 441 {-999.0 -999.0 -999.0 -999.0 -999.0} "" -999.0 -999.0 -999.0 -999.0 -999 -999 "" "" "" "" 0 0 0.0 0.0 -999 ""
FIBERMAP 380 R-1C10 METROLOGY 1 0 0 1 0 0 -77.48718135169823 -12.548259430106057 143.1 -77.48718135169823 -12.548259430106057 10.007953 169.99959 -999.0 -999.0 -999.0 -999.0 -999.0 -999.0 -999.0 -999.0 -999.0 -999.0 -999.0 -999.0 6231.0 -999.0 -1 -999 {-999.0 -999.0 -999.0 -999.0 -999.0} "" -999.0 -999.0 -999.0 -999.0 -999 -999 "" "" "" "" 0 0 0.0 0.0 -999 ""
FIBERMAP 382 R+9C5 APOGEE 0 0 0 1 0 0 -100.02235325117444 182.15839734604333 143.1 -100.02235325117444 182.15839734604333 10.012568 170.01378 -999.0 -999.0 -999.0 -999.0 -999.0 -999.0 -999.0 -999.0 -999.0 -999.0 -999.0 -999.0 16600.0 -999.0 2 112 {-999.0 -999.0 -999.0 -999.0 -999.0} "" -999.0 -999.0 -999.0 -999.0 -999 -999 "" "" "" "" 0 0 0.0 0.0 -999 ""
FIBERMAP 382 R+9C5 BOSS 0 0 0 1 0 0 -99.28078054896751 182.0847436806972 143.1 -99.28078054896751 182.0847436806972 10.012568 170.01378 -999.0 -999.0 -999.0 -999.0 -999.0 -999.0 -999.0 -999.0 -999.0 -999.0 -999.0 -999.0 5400.0 -999.0 1 80 {-999.0 -999.0 -999.0 -999.0 -999.0} "" -999.0 -999.0 -999.0 -999.0 -999 -999 "" "" "" "" 0 0 0.0 0.0 -999 ""
FIBERMAP 382 R+9C5 METROLOGY 1 0 0 1 0 0 -99.72046374255885 181.46616071812724 143.1 -99.72046374255885 181.46616071812724 10.012568 170.01378 -999.0 -999.0 -999.0 -999.0 -999.0 -999.0 -999.0 -999.0 -999.0 -999.0 -999.0 -999.0 6231.0 -999.0 -1 -999 {-999.0 -999.0 -999.0 -999.0 -999.0} "" -999.0 -999.0 -999.0 -999.0 -999 -999 "" "" "" "" 0 0 0.0 0.0 -999 ""
FIBERMAP 383 R+6C1 APOGEE 0 0 0 1 0 0 -223.30033360713702 123.88677276656043 143.1 -223.30033360713702 123.88677276656043 10.005351 169.99765 -999.0 -999.0 -999.0 -999.0 -999.0 -999.0 -999.0 -999.0 -999.0 -999.0 -999.0 -999.0 16600.0 -999.0 2 119 {-999.0 -999.0 -999.0 -999.0 -999.0} "" -999.0 -999.0 -999.0 -999.0 -999 -999 "" "" "" "" 0 0 0.0 0.0 -999 ""
FIBERMAP 383 R+6C1 BOSS 0 0 0 1 0 0 -222.57588537273327 123.90743821743601 143.1 -222.57588537273327 123.90743821743601 10.005351 169.99765 -999.0 -999.0 -999.0 -999.0 -999.0 -999.0 -999.0 -999.0 -999.0 -999.0 -999.0 -999.0 5400.0 -999.0 1 83 {-999.0 -999.0 -999.0 -999.0 -999.0} "" -999.0 -999.0 -999.0 -999.0 -999 -999 "" "" "" "" 0 0 0.0 0.0 -999 ""
FIBERMAP 383 R+6C1 METROLOGY 1 0 0 1 0 0 -222.91224496561406 123.24522774023774 143.1 -222.91224496561406 123.24522774023774 10.005351 169.99765 -999.0 -999.0 -999.0 -999.0 -999.0 -999.0 -999.0 -999.0 -999.0 -999.0 -999.0 -999.0 6231.0 -999.0 -1 -999 {-999.0 -999.0 -999.0 -999.0 -999.0} "" -999.0 -999.0 -999.0 -999.0 -999 -999 "" "" "" "" 0 0 0.0 0.0 -999 ""
FIBERMAP 386 R-4C2 APOGEE 0 0 0 1 0 0 -223.21062304940904 -70.16766574077712 143.1 -223.21062304940904 -70.16766574077712 9.995921 170.00545 -999.0 -999.0 -999.0 -999.0 -999.0 -999.0 -999.0 -999.0 -999.0 -999.0 -999.0 -999.0 16600.0 -999.0 2 -999 {-999.0 -999.0 -999.0 -999.0 -999.0} "" -999.0 -999.0 -999.0 -999.0 -999 -999 "" "" "" "" 0 0 0.0 0.0 -999 ""
FIBERMAP 386 R-4C2 BOSS 0 0 0 1 0 0 -222.46091217024593 -70.15660717615587 143.1 -222.46091217024593 -70.15660717615587 9.995921 170.00545 -999.0 -999.0 -999.0 -999.0 -999.0 -999.0 -999.0 -999.0 -999.0 -999.0 -999.0 -999.0 5400.0 -999.0 1 486 {-999.0 -999.0 -999.0 -999.0 -999.0} "" -999.0 -999.0 -999.0 -999.0 -999 -999 "" "" "" "" 0 0 0.0 0.0 -999 ""
FIBERMAP 386 R-4C2 METROLOGY 1 0 0 1 0 0 -222.83495045770294 -70.81228352237537 143.1 -222.83495045770294 -70.81228352237537 9.995921 170.00545 -999.0 -999.0 -999.0 -999.0 -999.0 -999.0 -999.0 -999.0 -999.0 -999.0 -999.0 -999.0 6231.0 -999.0 -1 -999 {-999.0 -999.0 -999.0 -999.0 -999.0} "" -999.0 -999.0 -999.0 -999.0 -999 -999 "" "" "" "" 0 0 0.0 0.0 -999 ""
FIBERMAP 388 R+2C3 APOGEE 0 0 0 1 0 0 -223.87853577930036 46.29878345754301 143.1 -223.87853577930036 46.29878345754301 10.001424 169.99403 -999.0 -999.0 -999.0 -999.0 -999.0 -999.0 -999.0 -999.0 -999.0 -999.0 -999.0 -999.0 16600.0 -999.0 2 116 {-999.0 -999.0 -999.0 -999.0 -999.0} "" -999.0 -999.0 -999.0 -999.0 -999 -999 "" "" "" "" 0 0 0.0 0.0 -999 ""
FIBERMAP 388 R+2C3 BOSS 0 0 0 1 0 0 -223.13026676063419 46.322853185952255 143.1 -223.13026676063419 46.322853185952255 10.001424 169.99403 -999.0 -999.0 -999.0 -999.0 -999.0 -999.0 -999.0 -999.0 -999.0 -999.0 -999.0 -999.0 5400.0 -999.0 1 60 {-999.0 -999.0 -999.0 -999.0 -999.0} "" -999.0 -999.0 -999.0 -999.0 -999 -999 "" "" "" "" 0 0 0.0 0.0 -999 ""
FIBERMAP 388 R+2C3 METROLOGY 1 0 0 1 0 0 -223.4711585081824 45.666811242016976 143.1 -223.4711585081824 45.666811242016976 10.001424 169.99403 -999.0 -999.0 -999.0 -999.0 -999.0 -999.0 -999.0 -999.0 -999.0 -999.0 -999.0 -999.0 6231.0 -999.0 -1 -999 {-999.0 -999.0 -999.0 -999.0 -999.0} "" -999.0 -999.0 -999.0 -999.0 -999 -999 "" "" "" "" 0 0 0.0 0.0 -999 ""
FIBERMAP 394 R-1C26 APOGEE 0 0 0 1 0 0 280.49248174136085 -11.791740486976861 143.1 280.49248174136085 -11.791740486976861 10.007046 170.00578 -999.0 -999.0 -999.0 -999.0 -999.0 -999.0 -999.0 -999.0 -999.0 -999.0 -999.0 -999.0 16600.0 -999.0 2 240 {-999.0 -999.0 -999.0 -999.0 -999.0} "" -999.0 -999.0 -999.0 -999.0 -999 -999 "" "" "" "" 0 0 0.0 0.0 -999 ""
FIBERMAP 394 R-1C26 BOSS 0 0 0 1 0 0 281.2353190139429 -11.784833276823479 143.1 281.2353190139429 -11.784833276823479 10.007046 170.00578 -999.0 -999.0 -999.0 -999.0 -999.0 -999.0 -999.0 -999.0 -999.0 -999.0 -999.0 -999.0 5400.0 -999.0 1 262 {-999.0 -999.0 -999.0 -999.0 -999.0} "" -999.0 -999.0 -999.0 -999.0 -999 -999 "" "" "" "" 0 0 0.0 0.0 -999 ""
FIBERMAP 394 R-1C26 METROLOGY 1 0 0 1 0 0 280.87442788545394 -12.444446840845888 143.1 280.87442788545394 -12.444446840845888 10.007046 170.00578 -999.0 -999.0 -999.0 -999.0 -999.0 -999.0 -999.0 -999.0 -999.0 -999.0 -999.0 -999.0 6231.0 -999.0 -1 -999 {-999.0 -999.0 -999.0 -999.0 -999.0} "" -999.0 -999.0 -999.0 -999.0 -999 -999 "" "" "" "" 0 0 0.0 0.0 -999 ""
FIBERMAP 396 R+11C2 APOGEE 0 0 0 1 0 0 -145.07465778202163 220.86413000838766 143.1 -145.07465778202163 220.86413000838766 10.00072 170.00809 -999.0 -999.0 -999.0 -999.0 -999.0 -999.0 -999.0 -999.0 -999.0 -999.0 -999.0 -999.0 16600.0 -999.0 2 -999 {-999.0 -999.0 -999.0 -999.0 -999.0} "" -999.0 -999.0 -999.0 -999.0 -999 -999 "" "" "" "" 0 0 0.0 0.0 -999 ""
FIBERMAP 396 R+11C2 BOSS 0 0 0 1 0 0 -144.3286608777474 220.8806276211691 143.1 -144.3286608777474 220.8806276211691 10.00072 170.00809 -999.0 -999.0 -999.0 -999.0 -999.0 -999.0 -999.0 -999.0 -999.0 -999.0 -999.0 -999.0 5400.0 -999.0 1 17 {-999.0 -999.0 -999.0 -999.0 -999.0} "" -999.0 -999.0 -999.0 -999.0 -999 -999 "" "" "" "" 0 0 0.0 0.0 -999 ""
FIBERMAP 396 R+11C2 METROLOGY 1 0 0 1 0 0 -144.68473420925392 220.228031283415 143.1 -144.68473420925392 220.228031283415 10.00072 170.00809 -999.0 -999.0 -999.0 -999.0 -999.0 -999.0 -999.0 -999.0 -999.0 -999.0 -999.0 -999.0 6231.0 -999.0 -1 -999 {-999.0 -999.0 -999.0 -999.0 -999.0} "" -999.0 -999.0 -999.0 -999.0 -999 -999 "" "" "" "" 0 0 0.0 0.0 -999 ""
FIBERMAP 402 R+12C13 APOGEE 0 0 0 1 0 0 112.67569855536304 240.37948477920494 143.1 112.67569855536304 240.37948477920494 10.000929 170.00484 -999.0 -999.0 -999.0 -999.0 -999.0 -999.0 -999.0 -999.0 -999.0 -999.0 -999.0 -999.0 16600.0 -999.0 2 -999 {-999.0 -999.0 -999.0 -999.0 -999.0} "" -999.0 -999.0 -999.0 -999.0 -999 -999 "" "" "" "" 0 0 0.0 0.0 -999 ""
FIBERMAP 402 R+12C13 BOSS 0 0 0 1 0 0 113.43141425904429 240.3798674162987 143.1 113.43141425904429 240.3798674162987 10.000929 170.00484 -999.0 -999.0 -999.0 -999.0 -999.0 -999.0 -999.0 -999.0 -999.0 -999.0 -999.0 -999.0 5400.0 -999.0 1 100 {-999.0 -999.0 -999.0 -999.0 -999.0} "" -999.0 -999.0 -999.0 -999.0 -999 -999 "" "" "" "" 0 0 0.0 0.0 -999 ""
FIBERMAP 402 R+12C13 METROLOGY 1 0 0 1 0 0 113.055097246999 239.73705298259404 143.1 113.055097246999 239.73705298259404 10.000929 170.00484 -999.0 -999.0 -999.0 -999.0 -999.0 -999.0 -999.0 -999.0 -999.0 -999.0 -999.0 -999.0 6231.0 -999.0 -1 -999 {-999.0 -999.0 -999.0 -999.0 -999.0} "" -999.0 -999.0 -999.0 -999.0 -999 -999 "" "" "" "" 0 0 0.0 0.0 -999 ""
FIBERMAP 404 R+1C23 APOGEE 0 0 0 1 0 0 213.45189683124306 27.001608318708854 143.1 213.45189683124306 27.001608318708854 10.008887 170.00761 -999.0 -999.0 -999.0 -999.0 -999.0 -999.0 -999.0 -999.0 -999.0 -999.0 -999.0 -999.0 16600.0 -999.0 2 -999 {-999.0 -999.0 -999.0 -999.0 -999.0} "" -999.0 -999.0 -999.0 -999.0 -999 -999 "" "" "" "" 0 0 0.0 0.0 -999 ""
FIBERMAP 404 R+1C23 BOSS 0 0 0 1 0 0 214.20205980142563 27.015705468800775 143.1 214.20205980142563 27.015705468800775 10.008887 170.00761 -999.0 -999.0 -999.0 -999.0 -999.0 -999.0 -999.0 -999.0 -999.0 -999.0 -999.0 -999.0 5400.0 -999.0 1 182 {-999.0 -999.0 -999.0 -999.0 -999.0} "" -999.0 -999.0 -999.0 -999.0 -999 -999 "" "" "" "" 0 0 0.0 0.0 -999 ""
FIBERMAP 404 R+1C23 METROLOGY 1 0 0 1 0 0 213.8326549488929 26.35998129593351 143.1 213.8326549488929 26.35998129593351 10.008887 170.00761 -999.0 -999.0 -999.0 -999.0 -999.0 -999.0 -999.0 -999.0 -999.0 -999.0 -999.0 -999.0 6231.0 -999.0 -1 -999 {-999.0 -999.0 -999.0 -999.0 -999.0} "" -999.0 -999.0 -999.0 -999.0 -999 -999 "" "" "" "" 0 0 0.0 0.0 -999 ""
FIBERMAP 409 R+9C6 APOGEE 0 0 0 1 0 0 -77.77939978330029 182.19424600565367 143.1 -77.77939978330029 182.19424600565367 9.999922 169.99765 -999.0 -999.0 -999.0 -999.0 -999.0 -999.0 -999.0 -999.0 -999.0 -999.0 -999.0 -999.0 16600.0 -999.0 2 17 {-999.0 -999.0 -999.0 -999.0 -999.0} "" -999.0 -999.0 -999.0 -999.0 -999 -999 "" "" "" "" 0 0 0.0 0.0 -999 ""
FIBERMAP 409 R+9C6 BOSS 0 0 0 1 0 0 -77.03467803015116 182.19661810579217 143.1 -77.03467803015116 182.19661810579217 9.999922 169.99765 -999.0 -999.0 -999.0 -999.0 -999.0 -999.0 -999.0 -999.0 -999.0 -999.0 -999.0 -999.0 5400.0 -999.0 1 147 {-999.0 -999.0 -999.0 -999.0 -999.0} "" -999.0 -999.0 -999.0 -999.0 -999 -999 "" "" "" "" 0 0 0.0 0.0 -999 ""
FIBERMAP 409 R+9C6 METROLOGY 1 0 0 1 0 0 -77.39721440124377 181.5364966572687 143.1 -77.39721440124377 181.5364966572687 9.999922 169.99765 -999.0 -999.0 -999.0 -999.0 -999.0 -999.0 -999.0 -999.0 -999.0 -999.0 -999.0 -999.0 6231.0 -999.0 -1 -999 {-999.0 -999.0 -999.0 -999.0 -999.0} "" -999.0 -999.0 -999.0 -999.0 -999 -999 "" "" "" "" 0 0 0.0 0.0 -999 ""
FIBERMAP 410 R-2C2 APOGEE 0 0 0 1 0 0 -245.81225582904625 -31.303501824960478 143.1 -245.81225582904625 -31.303501824960478 9.99005 169.99884 -999.0 -999.0 -999.0 -999.0 -999.0 -999.0 -999.0 -999.0 -999.0 -999.0 -999.0 -999.0 16600.0 -999.0 2 -999 {-999.0 -999.0 -999.0 -999.0 -999.0} "" -999.0 -999.0 -999.0 -999.0 -999 -999 "" "" "" "" 0 0 0.0 0.0 -999 ""
FIBERMAP 410 R-2C2 BOSS 0 0 0 1 0 0 -245.05843883387368 -31.280129438792628 143.1 -245.05843883387368 -31.280129438792628 9.99005 169.99884 -999.0 -999.0 -999.0 -999.0 -999.0 -999.0 -999.0 -999.0 -999.0 -999.0 -999.0 -999.0 5400.0 -999.0 1 435 {-999.0 -999.0 -999.0 -999.0 -999.0} "" -999.0 -999.0 -999.0 -999.0 -999 -999 "" "" "" "" 0 0 0.0 0.0 -999 ""
FIBERMAP 410 R-2C2 METROLOGY 1 0 0 1 0 0 -245.42183608839056 -31.93929613652528 143.1 -245.42183608839056 -31.93929613652528 9.99005 169.99884 -999.0 -999.0 -999.0 -999.0 -999.0 -999.0 -999.0 -999.0 -999.0 -999.0 -999.0 -999.0 6231.0 -999.0 -1 -999 {-999.0 -999.0 -999.0 -999.0 -999.0} "" -999.0 -999.0 -999.0 -999.0 -999 -999 "" "" "" "" 0 0 0.0 0.0 -999 ""
FIBERMAP 415 R-2C4 APOGEE 0 0 0 1 0 0 -200.81382238177426 -31.300489608223206 143.1 -200.81382238177426 -31.300489608223206 10.006573 169.99927 -999.0 -999.0 -999.0 -999.0 -999.0 -999.0 -999.0 -999.0 -999.0 -999.0 -999.0 -999.0 16600.0 -999.0 2 -999 {-999.0 -999.0 -999.0 -999.0 -999.0} "" -999.0 -999.0 -999.0 -999.0 -999 -999 "" "" "" "" 0 0 0.0 0.0 -999 ""
FIBERMAP 415 R-2C4 BOSS 0 0 0 1 0 0 -200.07634499948497 -31.286663651038538 143.1 -200.07634499948497 -31.286663651038538 10.006573 169.99927 -999.0 -999.0 -999.0 -999.0 -999.0 -999.0 -999.0 -999.0 -999.0 -999.0 -999.0 -999.0 5400.0 -999.0 1 474 {-999.0 -999.0 -999.0 -999.0 -999.0} "" -999.0 -999.0 -999.0 -999.0 -999 -999 "" "" "" "" 0 0 0.0 0.0 -999 ""
FIBERMAP 415 R-2C4 METROLOGY 1 0 0 1 0 0 -200.44237675797586 -31.94755230153263 143.1 -200.44237675797586 -31.94755230153263 10.006573 169.99927 -999.0 -999.0 -999.0 -999.0 -999.0 -999.0 -999.0 -999.0 -999.0 -999.0 -999.0 -999.0 6231.0 -999.0 -1 -999 {-999.0 -999.0 -999.0 -999.0 -999.0} "" -999.0 -999.0 -999.0 -999.0 -999 -999 "" "" "" "" 0 0 0.0 0.0 -999 ""
FIBERMAP 417 R+13C12 APOGEE 0 0 0 1 0 0 101.33668047177355 259.619914920037 143.1 101.33668047177355 259.619914920037 9.996077 169.99817 -999.0 -999.0 -999.0 -999.0 -999.0 -999.0 -999.0 -999.0 -999.0 -999.0 -999.0 -999.0 16600.0 -999.0 2 93 {-999.0 -999.0 -999.0 -999.0 -999.0} "" -999.0 -999.0 -999.0 -999.0 -999 -999 "" "" "" "" 0 0 0.0 0.0 -999 ""
FIBERMAP 417 R+13C12 BOSS 0 0 0 1 0 0 102.08358143310384 259.6328249196022 143.1 102.08358143310384 259.6328249196022 9.996077 169.99817 -999.0 -999.0 -999.0 -999.0 -999.0 -999.0 -999.0 -999.0 -999.0 -999.0 -999.0 -999.0 5400.0 -999.0 1 92 {-999.0 -999.0 -999.0 -999.0 -999.0} "" -999.0 -999.0 -999.0 -999.0 -999 -999 "" "" "" "" 0 0 0.0 0.0 -999 ""
FIBERMAP 417 R+13C12 METROLOGY 1 0 0 1 0 0 101.73041957540413 258.98220976592023 143.1 101.73041957540413 258.98220976592023 9.996077 169.99817 -999.0 -999.0 -999.0 -999.0 -999.0 -999.0 -999.0 -999.0 -999.0 -999.0 -999.0 -999.0 6231.0 -999.0 -1 -999 {-999.0 -999.0 -999.0 -999.0 -999.0} "" -999.0 -999.0 -999.0 -999.0 -999 -999 "" "" "" "" 0 0 0.0 0.0 -999 ""
FIBERMAP 422 R+8C8 APOGEE 0 0 0 1 0 0 -44.356062741507436 162.6878767771658 143.1 -44.356062741507436 162.6878767771658 9.992157 169.99718 -999.0 -999.0 -999.0 -999.0 -999.0 -999.0 -999.0 -999.0 -999.0 -999.0 -999.0 -999.0 16600.0 -999.0 2 -999 {-999.0 -999.0 -999.0 -999.0 -999.0} "" -999.0 -999.0 -999.0 -999.0 -999 -999 "" "" "" "" 0 0 0.0 0.0 -999 ""
FIBERMAP 422 R+8C8 BOSS 0 0 0 1 0 0 -43.59959412652727 162.7039220119558 143.1 -43.59959412652727 162.7039220119558 9.992157 169.99718 -999.0 -999.0 -999.0 -999.0 -999.0 -999.0 -999.0 -999.0 -999.0 -999.0 -999.0 -999.0 5400.0 -999.0 1 132 {-999.0 -999.0 -999.0 -999.0 -999.0} "" -999.0 -999.0 -999.0 -999.0 -999 -999 "" "" "" "" 0 0 0.0 0.0 -999 ""
FIBERMAP 422 R+8C8 METROLOGY 1 0 0 1 0 0 -43.9642234885127 162.05295632520009 143.1 -43.9642234885127 162.05295632520009 9.992157 169.99718 -999.0 -999.0 -999.0 -999.0 -999.0 -999.0 -999.0 -999.0 -999.0 -999.0 -999.0 -999.0 6231.0 -999.0 -1 -999 {-999.0 -999.0 -999.0 -999.0 -999.0} "" -999.0 -999.0 -999.0 -999.0 -999 -999 "" "" "" "" 0 0 0.0 0.0 -999 ""
FIBERMAP 423 R-11C2 APOGEE 0 0 0 1 0 0 -144.9041206296695 -205.8853657165198 143.1 -144.9041206296695 -205.8853657165198 10.0161295 169.9967 -999.0 -999.0 -999.0 -999.0 -999.0 -999.0 -999.0 -999.0 -999.0 -999.0 -999.0 -999.0 16600.0 -999.0 2 -999 {-999.0 -999.0 -999.0 -999.0 -999.0} "" -999.0 -999.0 -999.0 -999.0 -999 -999 "" "" "" "" 0 0 0.0 0.0 -999 ""
FIBERMAP 423 R-11C2 BOSS 0 0 0 1 0 0 -144.06230257880426 -205.9359694896999 143.1 -144.06230257880426 -205.9359694896999 10.0161295 169.9967 -999.0 -999.0 -999.0 -999.0 -999.0 -999.0 -999.0 -999.0 -999.0 -999.0 -999.0 -999.0 5400.0 -999.0 1 428 {-999.0 -999.0 -999.0 -999.0 -999.0} "" -999.0 -999.0 -999.0 -999.0 -999 -999 "" "" "" "" 0 0 0.0 0.0 -999 ""
FIBERMAP 423 R-11C2 METROLOGY 1 0 0 1 0 0 -144.5216775407069 -206.5259898373711 143.1 -144.5216775407069 -206.5259898373711 10.0161295 169.9967 -999.0 -999.0 -999.0 -999.0 -999.0 -999.0 -999.0 -999.0 -999.0 -999.0 -999.0 -999.0 6231.0 -999.0 -1 -999 {-999.0 -999.0 -999.0 -999.0 -999.0} "" -999.0 -999.0 -999.0 -999.0 -999 -999 "" "" "" "" 0 0 0.0 0.0 -999 ""
FIBERMAP 425 R-10C2 APOGEE 0 0 0 1 0 0 -155.92869133452322 -186.51788869636482 143.1 -155.92869133452322 -186.51788869636482 9.986694 170.00105 -999.0 -999.0 -999.0 -999.0 -999.0 -999.0 -999.0 -999.0 -999.0 -999.0 -999.0 -999.0 16600.0 -999.0 2 -999 {-999.0 -999.0 -999.0 -999.0 -999.0} "" -999.0 -999.0 -999.0 -999.0 -999 -999 "" "" "" "" 0 0 0.0 0.0 -999 ""
FIBERMAP 425 R-10C2 BOSS 0 0 0 1 0 0 -155.20399590374336 -186.50929947456024 143.1 -155.20399590374336 -186.50929947456024 9.986694 170.00105 -999.0 -999.0 -999.0 -999.0 -999.0 -999.0 -999.0 -999.0 -999.0 -999.0 -999.0 -999.0 5400.0 -999.0 1 427 {-999.0 -999.0 -999.0 -999.0 -999.0} "" -999.0 -999.0 -999.0 -999.0 -999 -999 "" "" "" "" 0 0 0.0 0.0 -999 ""
FIBERMAP 425 R-10C2 METROLOGY 1 0 0 1 0 0 -155.55281082614582 -187.16238526263476 143.1 -155.55281082614582 -187.16238526263476 9.986694 170.00105 -999.0 -999.0 -999.0 -999.0 -999.0 -999.0 -999.0 -999.0 -999.0 -999.0 -999.0 -999.0 6231.0 -999.0 -1 -999 {-999.0 -999.0 -999.0 -999.0 -999.0} "" -999.0 -999.0 -999.0 -999.0 -999 -999 "" "" "" "" 0 0 0.0 0.0 -999 ""
FIBERMAP 428 R+3C23 APOGEE 0 0 0 1 0 0 236.118191170485 65.747705974096 143.1 236.118191170485 65.747705974096 9.994439 169.99307 -999.0 -999.0 -999.0 -999.0 -999.0 -999.0 -999.0 -999.0 -999.0 -999.0 -999.0 -999.0 16600.0 -999.0 2 -999 {-999.0 -999.0 -999.0 -999.0 -999.0} "" -999.0 -999.0 -999.0 -999.0 -999 -999 "" "" "" "" 0 0 0.0 0.0 -999 ""
FIBERMAP 428 R+3C23 BOSS 0 0 0 1 0 0 236.84165169141372 65.74461372524584 143.1 236.84165169141372 65.74461372524584 9.994439 169.99307 -999.0 -999.0 -999.0 -999.0 -999.0 -999.0 -999.0 -999.0 -999.0 -999.0 -999.0 -999.0 5400.0 -999.0 1 186 {-999.0 -999.0 -999.0 -999.0 -999.0} "" -999.0 -999.0 -999.0 -999.0 -999 -999 "" "" "" "" 0 0 0.0 0.0 -999 ""
FIBERMAP 428 R+3C23 METROLOGY 1 0 0 1 0 0 236.4825769870088 65.09664149401121 143.1 236.4825769870088 65.09664149401121 9.994439 169.99307 -999.0 -999.0 -999.0 -999.0 -999.0 -999.0 -999.0 -999.0 -999.0 -999.0 -999.0 -999.0 6231.0 -999.0 -1 -999 {-999.0 -999.0 -999.0 -999.0 -999.0} "" -999.0 -999.0 -999.0 -999.0 -999 -999 "" "" "" "" 0 0 0.0 0.0 -999 ""
FIBERMAP 432 R+11C15 APOGEE 0 0 0 1 0 0 146.17927706580792 220.99070570254963 143.1 146.17927706580792 220.99070570254963 10.011527 170.00024 -999.0 -999.0 -999.0 -999.0 -999.0 -999.0 -999.0 -999.0 -999.0 -999.0 -999.0 -999.0 16600.0 -999.0 2 -999 {-999.0 -999.0 -999.0 -999.0 -999.0} "" -999.0 -999.0 -999.0 -999.0 -999 -999 "" "" "" "" 0 0 0.0 0.0 -999 ""
FIBERMAP 432 R+11C15 BOSS 0 0 0 1 0 0 146.90240120683532 221.00914014880829 143.1 146.90240120683532 221.00914014880829 10.011527 170.00024 -999.0 -999.0 -999.0 -999.0 -999.0 -999.0 -999.0 -999.0 -999.0 -999.0 -999.0 -999.0 5400.0 -999.0 1 178 {-999.0 -999.0 -999.0 -999.0 -999.0} "" -999.0 -999.0 -999.0 -999.0 -999 -999 "" "" "" "" 0 0 0.0 0.0 -999 ""
FIBERMAP 432 R+11C15 METROLOGY 1 0 0 1 0 0 146.55671592239514 220.3471205177839 143.1 146.55671592239514 220.3471205177839 10.011527 170.00024 -999.0 -999.0 -999.0 -999.0 -999.0 -999.0 -999.0 -999.0 -999.0 -999.0 -999.0 -999.0 6231.0 -999.0 -1 -999 {-999.0 -999.0 -999.0 -999.0 -999.0} "" -999.0 -999.0 -999.0 -999.0 -999 -999 "" "" "" "" 0 0 0.0 0.0 -999 ""
FIBERMAP 436 R+4C3 APOGEE 0 0 0 1 0 0 -200.94603002877955 85.04595692104604 143.1 -200.94603002877955 85.04595692104604 9.991286 170.0007 -999.0 -999.0 -999.0 -999.0 -999.0 -999.0 -999.0 -999.0 -999.0 -999.0 -999.0 -999.0 16600.0 -999.0 2 149 {-999.0 -999.0 -999.0 -999.0 -999.0} "" -999.0 -999.0 -999.0 -999.0 -999 -999 "" "" "" "" 0 0 0.0 0.0 -999 ""
FIBERMAP 436 R+4C3 BOSS 0 0 0 1 0 0 -200.20975580051766 85.04343162727415 143.1 -200.20975580051766 85.04343162727415 9.991286 170.0007 -999.0 -999.0 -999.0 -999.0 -999.0 -999.0 -999.0 -999.0 -999.0 -999.0 -999.0 -999.0 5400.0 -999.0 1 29 {-999.0 -999.0 -999.0 -999.0 -999.0} "" -999.0 -999.0 -999.0 -999.0 -999 -999 "" "" "" "" 0 0 0.0 0.0 -999 ""
FIBERMAP 436 R+4C3 METROLOGY 1 0 0 1 0 0 -200.5832940936593 84.40026830010879 143.1 -200.5832940936593 84.40026830010879 9.991286 170.0007 -999.0 -999.0 -999.0 -999.0 -999.0 -999.0 -999.0 -999.0 -999.0 -999.0 -999.0 -999.0 6231.0 -999.0 -1 -999 {-999.0 -999.0 -999.0 -999.0 -999.0} "" -999.0 -999.0 -999.0 -999.0 -999 -999 "" "" "" "" 0 0 0.0 0.0 -999 ""
FIBERMAP 440 R+8C4 APOGEE 0 0 0 1 0 0 -133.73138958060687 162.72645230622956 143.1 -133.73138958060687 162.72645230622956 10.000317 169.98936 -999.0 -999.0 -999.0 -999.0 -999.0 -999.0 -999.0 -999.0 -999.0 -999.0 -999.0 -999.0 16600.0 -999.0 2 -999 {-999.0 -999.0 -999.0 -999.0 -999.0} "" -999.0 -999.0 -999.0 -999.0 -999 -999 "" "" "" "" 0 0 0.0 0.0 -999 ""
FIBERMAP 440 R+8C4 BOSS 0 0 0 1 0 0 -132.95671159081152 162.72464182643478 143.1 -132.95671159081152 162.72464182643478 10.000317 169.98936 -999.0 -999.0 -999.0 -999.0 -999.0 -999.0 -999.0 -999.0 -999.0 -999.0 -999.0 -999.0 5400.0 -999.0 1 57 {-999.0 -999.0 -999.0 -999.0 -999.0} "" -999.0 -999.0 -999.0 -999.0 -999 -999 "" "" "" "" 0 0 0.0 0.0 -999 ""
FIBERMAP 440 R+8C4 METROLOGY 1 0 0 1 0 0 -133.34698920129074 162.08700072175003 143.1 -133.34698920129074 162.08700072175003 10.000317 169.98936 -999.0 -999.0 -999.0 -999.0 -999.0 -999.0 -999.0 -999.0 -999.0 -999.0 -999.0 -999.0 6231.0 -999.0 -1 -999 {-999.0 -999.0 -999.0 -999.0 -999.0} "" -999.0 -999.0 -999.0 -999.0 -999 -999 "" "" "" "" 0 0 0.0 0.0 -999 ""
FIBERMAP 448 R+7C8 APOGEE 0 0 0 1 0 0 -55.476386542875275 143.274940862495 143.1 -55.476386542875275 143.274940862495 10.013159 169.99997 -999.0 -999.0 -999.0 -999.0 -999.0 -999.0 -999.0 -999.0 -999.0 -999.0 -999.0 -999.0 16600.0 -999.0 2 27 {-999.0 -999.0 -999.0 -999.0 -999.0} "" -999.0 -999.0 -999.0 -999.0 -999 -999 "" "" "" "" 0 0 0.0 0.0 -999 ""
FIBERMAP 448 R+7C8 BOSS 0 0 0 1 0 0 -54.73713944394003 143.25578850510283 143.1 -54.73713944394003 143.25578850510283 10.013159 169.99997 -999.0 -999.0 -999.0 -999.0 -999.0 -999.0 -999.0 -999.0 -999.0 -999.0 -999.0 -999.0 5400.0 -999.0 1 104 {-999.0 -999.0 -999.0 -999.0 -999.0} "" -999.0 -999.0 -999.0 -999.0 -999 -999 "" "" "" "" 0 0 0.0 0.0 -999 ""
FIBERMAP 448 R+7C8 METROLOGY 1 0 0 1 0 0 -55.127303685605234 142.61193887877897 143.1 -55.127303685605234 142.61193887877897 10.013159 169.99997 -999.0 -999.0 -999.0 -999.0 -999.0 -999.0 -999.0 -999.0 -999.0 -999.0 -999.0 -999.0 6231.0 -999.0 -1 -999 {-999.0 -999.0 -999.0 -999.0 -999.0} "" -999.0 -999.0 -999.0 -999.0 -999 -999 "" "" "" "" 0 0 0.0 0.0 -999 ""
FIBERMAP 450 R+2C17 APOGEE 0 0 0 1 0 0 90.25937294337552 46.41954815712742 143.1 90.25937294337552 46.41954815712742 9.98226 169.9859 -999.0 -999.0 -999.0 -999.0 -999.0 -999.0 -999.0 -999.0 -999.0 -999.0 -999.0 -999.0 16600.0 -999.0 2 61 {-999.0 -999.0 -999.0 -999.0 -999.0} "" -999.0 -999.0 -999.0 -999.0 -999 -999 "" "" "" "" 0 0 0.0 0.0 -999 ""
FIBERMAP 450 R+2C17 BOSS 0 0 0 1 0 0 91.00751918859856 46.44075187655192 143.1 91.00751918859856 46.44075187655192 9.98226 169.9859 -999.0 -999.0 -999.0 -999.0 -999.0 -999.0 -999.0 -999.0 -999.0 -999.0 -999.0 -999.0 5400.0 -999.0 1 199 {-999.0 -999.0 -999.0 -999.0 -999.0} "" -999.0 -999.0 -999.0 -999.0 -999 -999 "" "" "" "" 0 0 0.0 0.0 -999 ""
FIBERMAP 450 R+2C17 METROLOGY 1 0 0 1 0 0 90.65667594127535 45.77909021080737 143.1 90.65667594127535 45.77909021080737 9.98226 169.9859 -999.0 -999.0 -999.0 -999.0 -999.0 -999.0 -999.0 -999.0 -999.0 -999.0 -999.0 -999.0 6231.0 -999.0 -1 -999 {-999.0 -999.0 -999.0 -999.0 -999.0} "" -999.0 -999.0 -999.0 -999.0 -999 -999 "" "" "" "" 0 0 0.0 0.0 -999 ""
FIBERMAP 452 R+12C9 APOGEE 0 0 0 1 0 0 22.947869357347322 240.2893748222599 143.1 22.947869357347322 240.2893748222599 10.014278 170.01381 -999.0 -999.0 -999.0 -999.0 -999.0 -999.0 -999.0 -999.0 -999.0 -999.0 -999.0 -999.0 16600.0 -999.0 2 -999 {-999.0 -999.0 -999.0 -999.0 -999.0} "" -999.0 -999.0 -999.0 -999.0 -999 -999 "" "" "" "" 0 0 0.0 0.0 -999 ""
FIBERMAP 452 R+12C9 BOSS 0 0 0 1 0 0 23.683484096213842 240.31805237191173 143.1 23.683484096213842 240.31805237191173 10.014278 170.01381 -999.0 -999.0 -999.0 -999.0 -999.0 -999.0 -999.0 -999.0 -999.0 -999.0 -999.0 -999.0 5400.0 -999.0 1 154 {-999.0 -999.0 -999.0 -999.0 -999.0} "" -999.0 -999.0 -999.0 -999.0 -999 -999 "" "" "" "" 0 0 0.0 0.0 -999 ""
FIBERMAP 452 R+12C9 METROLOGY 1 0 0 1 0 0 23.339163923309652 239.65411854077962 143.1 23.339163923309652 239.65411854077962 10.014278 170.01381 -999.0 -999.0 -999.0 -999.0 -999.0 -999.0 -999.0 -999.0 -999.0 -999.0 -999.0 -999.0 6231.0 -999.0 -1 -999 {-999.0 -999.0 -999.0 -999.0 -999.0} "" -999.0 -999.0 -999.0 -999.0 -999 -999 "" "" "" "" 0 0 0.0 0.0 -999 ""
FIBERMAP 455 R-2C17 APOGEE 0 0 0 1 0 0 89.4015650896989 -31.341085109525167 143.1 89.4015650896989 -31.341085109525167 10.01749 169.99988 -999.0 -999.0 -999.0 -999.0 -999.0 -999.0 -999.0 -999.0 -999.0 -999.0 -999.0 -999.0 16600.0 -999.0 2 238 {-999.0 -999.0 -999.0 -999.0 -999.0} "" -999.0 -999.0 -999.0 -999.0 -999 -999 "" "" "" "" 0 0 0.0 0.0 -999 ""
FIBERMAP 455 R-2C17 BOSS 0 0 0 1 0 0 90.13495277027013 -31.266793793854575 143.1 90.13495277027013 -31.266793793854575 10.01749 169.99988 -999.0 -999.0 -999.0 -999.0 -999.0 -999.0 -999.0 -999.0 -999.0 -999.0 -999.0 -999.0 5400.0 -999.0 1 303 {-999.0 -999.0 -999.0 -999.0 -999.0} "" -999.0 -999.0 -999.0 -999.0 -999 -999 "" "" "" "" 0 0 0.0 0.0 -999 ""
FIBERMAP 455 R-2C17 METROLOGY 1 0 0 1 0 0 89.8233867312822 -31.95475676988777 143.1 89.8233867312822 -31.95475676988777 10.01749 169.99988 -999.0 -999.0 -999.0 -999.0 -999.0 -999.0 -999.0 -999.0 -999.0 -999.0 -999.0 -999.0 6231.0 -999.0 -1 -999 {-999.0 -999.0 -999.0 -999.0 -999.0} "" -999.0 -999.0 -999.0 -999.0 -999 -999 "" "" "" "" 0 0 0.0 0.0 -999 ""
FIBERMAP 463 R+8C11 APOGEE 0 0 0 1 0 0 22.931525032598245 162.67573293373417 143.1 22.931525032598245 162.67573293373417 10.0 170.0 -999.0 -999.0 -999.0 -999.0 -999.0 -999.0 -999.0 -999.0 -999.0 -999.0 -999.0 -999.0 16600.0 -999.0 2 -999 {-999.0 -999.0 -999.0 -999.0 -999.0} "" -999.0 -999.0 -999.0 -999.0 -999 -999 "" "" "" "" 0 0 0.0 0.0 -999 ""
FIBERMAP 463 R+8C11 BOSS 0 0 0 1 0 0 23.686080299166715 162.678936682972 143.1 23.686080299166715 162.678936682972 10.0 170.0 -999.0 -999.0 -999.0 -999.0 -999.0 -999.0 -999.0 -999.0 -999.0 -999.0 -999.0 -999.0 5400.0 -999.0 1 134 {-999.0 -999.0 -999.0 -999.0 -999.0} "" -999.0 -999.0 -999.0 -999.0 -999 -999 "" "" "" "" 0 0 0.0 0.0 -999 ""
FIBERMAP 463 R+8C11 METROLOGY 1 0 0 1 0 0 23.31066148381846 162.03314633889426 143.1 23.31066148381846 162.03314633889426 10.0 170.0 -999.0 -999.0 -999.0 -999.0 -999.0 -999.0 -999.0 -999.0 -999.0 -999.0 -999.0 -999.0 6231.0 -999.0 -1 -999 {-999.0 -999.0 -999.0 -999.0 -999.0} "" -999.0 -999.0 -999.0 -999.0 -999 -999 "" "" "" "" 0 0 0.0 0.0 -999 ""
FIBERMAP 466 R+5C5 APOGEE 0 0 0 1 0 0 -145.02353757875687 104.47217764260007 143.1 -145.02353757875687 104.47217764260007 10.0051985 170.00648 -999.0 -999.0 -999.0 -999.0 -999.0 -999.0 -999.0 -999.0 -999.0 -999.0 -999.0 -999.0 16600.0 -999.0 2 128 {-999.0 -999.0 -999.0 -999.0 -999.0} "" -999.0 -999.0 -999.0 -999.0 -999 -999 "" "" "" "" 0 0 0.0 0.0 -999 ""
FIBERMAP 466 R+5C5 BOSS 0 0 0 1 0 0 -144.27865096454317 104.46132131896158 143.1 -144.27865096454317 104.46132131896158 10.0051985 170.00648 -999.0 -999.0 -999.0 -999.0 -999.0 -999.0 -999.0 -999.0 -999.0 -999.0 -999.0 -999.0 5400.0 -999.0 1 42 {-999.0 -999.0 -999.0 -999.0 -999.0} "" -999.0 -999.0 -999.0 -999.0 -999 -999 "" "" "" "" 0 0 0.0 0.0 -999 ""
FIBERMAP 466 R+5C5 METROLOGY 1 0 0 1 0 0 -144.65840768266327 103.81579590396481 143.1 -144.65840768266327 103.81579590396481 10.0051985 170.00648 -999.0 -999.0 -999.0 -999.0 -999.0 -999.0 -999.0 -999.0 -999.0 -999.0 -999.0 -999.0 6231.0 -999.0 -1 -999 {-999.0 -999.0 -999.0 -999.0 -999.0} "" -999.0 -999.0 -999.0 -999.0 -999 -999 "" "" "" "" 0 0 0.0 0.0 -999 ""
FIBERMAP 469 R+1C6 APOGEE 0 0 0 1 0 0 -167.67108314162002 26.97382332325349 143.1 -167.67108314162002 26.97382332325349 10.004278 170.00555 -999.0 -999.0 -999.0 -999.0 -999.0 -999.0 -999.0 -999.0 -999.0 -999.0 -999.0 -999.0 16600.0 -999.0 2 -999 {-999.0 -999.0 -999.0 -999.0 -999.0} "" -999.0 -999.0 -999.0 -999.0 -999 -999 "" "" "" "" 0 0 0.0 0.0 -999 ""
FIBERMAP 469 R+1C6 BOSS 0 0 0 1 0 0 -166.91937871814324 26.99284559039908 143.1 -166.91937871814324 26.99284559039908 10.004278 170.00555 -999.0 -999.0 -999.0 -999.0 -999.0 -999.0 -999.0 -999.0 -999.0 -999.0 -999.0 -999.0 5400.0 -999.0 1 20 {-999.0 -999.0 -999.0 -999.0 -999.0} "" -999.0 -999.0 -999.0 -999.0 -999 -999 "" "" "" "" 0 0 0.0 0.0 -999 ""
FIBERMAP 469 R+1C6 METROLOGY 1 0 0 1 0 0 -167.27693340929383 26.340334594846272 143.1 -167.27693340929383 26.340334594846272 10.004278 170.00555 -999.0 -999.0 -999.0 -999.0 -999.0 -999.0 -999.0 -999.0 -999.0 -999.0 -999.0 -999.0 6231.0 -999.0 -1 -999 {-999.0 -999.0 -999.0 -999.0 -999.0} "" -999.0 -999.0 -999.0 -999.0 -999 -999 "" "" "" "" 0 0 0.0 0.0 -999 ""
FIBERMAP 481 R+7C10 APOGEE 0 0 0 1 0 0 -10.867750384427572 143.34461328407266 143.1 -10.867750384427572 143.34461328407266 10.005879 169.9999 -999.0 -999.0 -999.0 -999.0 -999.0 -999.0 -999.0 -999.0 -999.0 -999.0 -999.0 -999.0 16600.0 -999.0 2 30 {-999.0 -999.0 -999.0 -999.0 -999.0} "" -999.0 -999.0 -999.0 -999.0 -999 -999 "" "" "" "" 0 0 0.0 0.0 -999 ""
FIBERMAP 481 R+7C10 BOSS 0 0 0 1 0 0 -10.127253022791695 143.38000848317714 143.1 -10.127253022791695 143.38000848317714 10.005879 169.9999 -999.0 -999.0 -999.0 -999.0 -999.0 -999.0 -999.0 -999.0 -999.0 -999.0 -999.0 -999.0 5400.0 -999.0 1 127 {-999.0 -999.0 -999.0 -999.0 -999.0} "" -999.0 -999.0 -999.0 -999.0 -999 -999 "" "" "" "" 0 0 0.0 0.0 -999 ""
FIBERMAP 481 R+7C10 METROLOGY 1 0 0 1 0 0 -10.451529570725901 142.7106998878899 143.1 -10.451529570725901 142.7106998878899 10.005879 169.9999 -999.0 -999.0 -999.0 -999.0 -999.0 -999.0 -999.0 -999.0 -999.0 -999.0 -999.0 -999.0 6231.0 -999.0 -1 -999 {-999.0 -999.0 -999.0 -999.0 -999.0} "" -999.0 -999.0 -999.0 -999.0 -999 -999 "" "" "" "" 0 0 0.0 0.0 -999 ""
FIBERMAP 483 R+13C1 APOGEE 0 0 0 1 0 0 -145.17058832804815 259.6636190387588 143.1 -145.17058832804815 259.6636190387588 10.011196 170.00798 -999.0 -999.0 -999.0 -999.0 -999.0 -999.0 -999.0 -999.0 -999.0 -999.0 -999.0 -999.0 16600.0 -999.0 2 135 {-999.0 -999.0 -999.0 -999.0 -999.0} "" -999.0 -999.0 -999.0 -999.0 -999 -999 "" "" "" "" 0 0 0.0 0.0 -999 ""
FIBERMAP 483 R+13C1 BOSS 0 0 0 1 0 0 -144.42632237130303 259.62056513439995 143.1 -144.42632237130303 259.62056513439995 10.011196 170.00798 -999.0 -999.0 -999.0 -999.0 -999.0 -999.0 -999.0 -999.0 -999.0 -999.0 -999.0 -999.0 5400.0 -999.0 1 7 {-999.0 -999.0 -999.0 -999.0 -999.0} "" -999.0 -999.0 -999.0 -999.0 -999 -999 "" "" "" "" 0 0 0.0 0.0 -999 ""
FIBERMAP 483 R+13C1 METROLOGY 1 0 0 1 0 0 -144.81439395428524 258.9939784895507 143.1 -144.81439395428524 258.9939784895507 10.011196 170.00798 -999.0 -999.0 -999.0 -999.0 -999.0 -999.0 -999.0 -999.0 -999.0 -999.0 -999.0 -999.0 6231.0 -999.0 -1 -999 {-999.0 -999.0 -999.0 -999.0 -999.0} "" -999.0 -999.0 -999.0 -999.0 -999 -999 "" "" "" "" 0 0 0.0 0.0 -999 ""
FIBERMAP 488 R+13C8 APOGEE 0 0 0 1 0 0 11.64523335201127 259.76061340196384 143.1 11.64523335201127 259.76061340196384 10.012003 170.00003 -999.0 -999.0 -999.0 -999.0 -999.0 -999.0 -999.0 -999.0 -999.0 -999.0 -999.0 -999.0 16600.0 -999.0 2 37 {-999.0 -999.0 -999.0 -999.0 -999.0} "" -999.0 -999.0 -999.0 -999.0 -999 -999 "" "" "" "" 0 0 0.0 0.0 -999 ""
FIBERMAP 488 R+13C8 BOSS 0 0 0 1 0 0 12.382477990614353 259.76840278182647 143.1 12.382477990614353 259.76840278182647 10.012003 170.00003 -999.0 -999.0 -999.0 -999.0 -999.0 -999.0 -999.0 -999.0 -999.0 -999.0 -999.0 -999.0 5400.0 -999.0 1 166 {-999.0 -999.0 -999.0 -999.0 -999.0} "" -999.0 -999.0 -999.0 -999.0 -999 -999 "" "" "" "" 0 0 0.0 0.0 -999 ""
FIBERMAP 488 R+13C8 METROLOGY 1 0 0 1 0 0 12.022973067959258 259.1088479485586 143.1 12.022973067959258 259.1088479485586 10.012003 170.00003 -999.0 -999.0 -999.0 -999.0 -999.0 -999.0 -999.0 -999.0 -999.0 -999.0 -999.0 -999.0 6231.0 -999.0 -1 -999 {-999.0 -999.0 -999.0 -999.0 -999.0} "" -999.0 -999.0 -999.0 -999.0 -999 -999 "" "" "" "" 0 0 0.0 0.0 -999 ""
FIBERMAP 489 R-5C2 APOGEE 0 0 0 1 0 0 -212.06356873950818 -89.50890718504945 143.1 -212.06356873950818 -89.50890718504945 10.003892 169.99698 -999.0 -999.0 -999.0 -999.0 -999.0 -999.0 -999.0 -999.0 -999.0 -999.0 -999.0 -999.0 16600.0 -999.0 2 -999 {-999.0 -999.0 -999.0 -999.0 -999.0} "" -999.0 -999.0 -999.0 -999.0 -999 -999 "" "" "" "" 0 0 0.0 0.0 -999 ""
FIBERMAP 489 R-5C2 BOSS 0 0 0 1 0 0 -211.32823199253846 -89.50317077914465 143.1 -211.32823199253846 -89.50317077914465 10.003892 169.99698 -999.0 -999.0 -999.0 -999.0 -999.0 -999.0 -999.0 -999.0 -999.0 -999.0 -999.0 -999.0 5400.0 -999.0 1 487 {-999.0 -999.0 -999.0 -999.0 -999.0} "" -999.0 -999.0 -999.0 -999.0 -999 -999 "" "" "" "" 0 0 0.0 0.0 -999 ""
FIBERMAP 489 R-5C2 METROLOGY 1 0 0 1 0 0 -211.68944876525862 -90.15442730509167 143.1 -211.68944876525862 -90.15442730509167 10.003892 169.99698 -999.0 -999.0 -999.0 -999.0 -999.0 -999.0 -999.0 -999.0 -999.0 -999.0 -999.0 -999.0 6231.0 -999.0 -1 -999 {-999.0 -999.0 -999.0 -999.0 -999.0} "" -999.0 -999.0 -999.0 -999.0 -999 -999 "" "" "" "" 0 0 0.0 0.0 -999 ""
FIBERMAP 493 R+8C15 APOGEE 0 0 0 1 0 0 112.80569722181296 162.9004986089837 143.1 112.80569722181296 162.9004986089837 9.9901495 170.00122 -999.0 -999.0 -999.0 -999.0 -999.0 -999.0 -999.0 -999.0 -999.0 -999.0 -999.0 -999.0 16600.0 -999.0 2 78 {-999.0 -999.0 -999.0 -999.0 -999.0} "" -999.0 -999.0 -999.0 -999.0 -999 -999 "" "" "" "" 0 0 0.0 0.0 -999 ""
FIBERMAP 493 R+8C15 BOSS 0 0 0 1 0 0 113.55013780375496 162.89679730977863 143.1 113.55013780375496 162.89679730977863 9.9901495 170.00122 -999.0 -999.0 -999.0 -999.0 -999.0 -999.0 -999.0 -999.0 -999.0 -999.0 -999.0 -999.0 5400.0 -999.0 1 230 {-999.0 -999.0 -999.0 -999.0 -999.0} "" -999.0 -999.0 -999.0 -999.0 -999 -999 "" "" "" "" 0 0 0.0 0.0 -999 ""
FIBERMAP 493 R+8C15 METROLOGY 1 0 0 1 0 0 113.17775411004668 162.2513024165684 143.1 113.17775411004668 162.2513024165684 9.9901495 170.00122 -999.0 -999.0 -999.0 -999.0 -999.0 -999.0 -999.0 -999.0 -999.0 -999.0 -999.0 -999.0 6231.0 -999.0 -1 -999 {-999.0 -999.0 -999.0 -999.0 -999.0} "" -999.0 -999.0 -999.0 -999.0 -999 -999 "" "" "" "" 0 0 0.0 0.0 -999 ""
FIBERMAP 495 R+5C10 APOGEE 0 0 0 1 0 0 -32.8826882236797 104.48178222714797 143.1 -32.8826882236797 104.48178222714797 9.99066 170.00333 -999.0 -999.0 -999.0 -999.0 -999.0 -999.0 -999.0 -999.0 -999.0 -999.0 -999.0 -999.0 16600.0 -999.0 2 7 {-999.0 -999.0 -999.0 -999.0 -999.0} "" -999.0 -999.0 -999.0 -999.0 -999 -999 "" "" "" "" 0 0 0.0 0.0 -999 ""
FIBERMAP 495 R+5C10 BOSS 0 0 0 1 0 0 -32.13049734242289 104.47029303929695 143.1 -32.13049734242289 104.47029303929695 9.99066 170.00333 -999.0 -999.0 -999.0 -999.0 -999.0 -999.0 -999.0 -999.0 -999.0 -999.0 -999.0 -999.0 5400.0 -999.0 1 129 {-999.0 -999.0 -999.0 -999.0 -999.0} "" -999.0 -999.0 -999.0 -999.0 -999 -999 "" "" "" "" 0 0 0.0 0.0 -999 ""
FIBERMAP 495 R+5C10 METROLOGY 1 0 0 1 0 0 -32.51653821036382 103.83119618980562 143.1 -32.51653821036382 103.83119618980562 9.99066 170.00333 -999.0 -999.0 -999.0 -999.0 -999.0 -999.0 -999.0 -999.0 -999.0 -999.0 -999.0 -999.0 6231.0 -999.0 -1 -999 {-999.0 -999.0 -999.0 -999.0 -999.0} "" -999.0 -999.0 -999.0 -999.0 -999 -999 "" "" "" "" 0 0 0.0 0.0 -999 ""
FIBERMAP 501 R+6C19 APOGEE 0 0 0 1 0 0 180.00301418622863 123.9908302041209 143.1 180.00301418622863 123.9908302041209 10.014525 170.00858 -999.0 -999.0 -999.0 -999.0 -999.0 -999.0 -999.0 -999.0 -999.0 -999.0 -999.0 -999.0 16600.0 -999.0 2 34 {-999.0 -999.0 -999.0 -999.0 -999.0} "" -999.0 -999.0 -999.0 -999.0 -999 -999 "" "" "" "" 0 0 0.0 0.0 -999 ""
FIBERMAP 501 R+6C19 BOSS 0 0 0 1 0 0 180.74334206314893 123.97872392612081 143.1 180.74334206314893 123.97872392612081 10.014525 170.00858 -999.0 -999.0 -999.0 -999.0 -999.0 -999.0 -999.0 -999.0 -999.0 -999.0 -999.0 -999.0 5400.0 -999.0 1 195 {-999.0 -999.0 -999.0 -999.0 -999.0} "" -999.0 -999.0 -999.0 -999.0 -999 -999 "" "" "" "" 0 0 0.0 0.0 -999 ""
FIBERMAP 501 R+6C19 METROLOGY 1 0 0 1 0 0 180.35833410232536 123.33525966101463 143.1 180.35833410232536 123.33525966101463 10.014525 170.00858 -999.0 -999.0 -999.0 -999.0 -999.0 -999.0 -999.0 -999.0 -999.0 -999.0 -999.0 -999.0 6231.0 -999.0 -1 -999 {-999.0 -999.0 -999.0 -999.0 -999.0} "" -999.0 -999.0 -999.0 -999.0 -999 -999 "" "" "" "" 0 0 0.0 0.0 -999 ""
FIBERMAP 506 R+6C10 APOGEE 0 0 0 1 0 0 -22.056823743588147 123.97263362537234 143.1 -22.056823743588147 123.97263362537234 10.002929 169.99492 -999.0 -999.0 -999.0 -999.0 -999.0 -999.0 -999.0 -999.0 -999.0 -999.0 -999.0 -999.0 16600.0 -999.0 2 -999 {-999.0 -999.0 -999.0 -999.0 -999.0} "" -999.0 -999.0 -999.0 -999.0 -999 -999 "" "" "" "" 0 0 0.0 0.0 -999 ""
FIBERMAP 506 R+6C10 BOSS 0 0 0 1 0 0 -21.300886397068837 124.00114499318724 143.1 -21.300886397068837 124.00114499318724 10.002929 169.99492 -999.0 -999.0 -999.0 -999.0 -999.0 -999.0 -999.0 -999.0 -999.0 -999.0 -999.0 -999.0 5400.0 -999.0 1 128 {-999.0 -999.0 -999.0 -999.0 -999.0} "" -999.0 -999.0 -999.0 -999.0 -999 -999 "" "" "" "" 0 0 0.0 0.0 -999 ""
FIBERMAP 506 R+6C10 METROLOGY 1 0 0 1 0 0 -21.65700285010376 123.3427088412551 143.1 -21.65700285010376 123.3427088412551 10.002929 169.99492 -999.0 -999.0 -999.0 -999.0 -999.0 -999.0 -999.0 -999.0 -999.0 -999.0 -999.0 -999.0 6231.0 -999.0 -1 -999 {-999.0 -999.0 -999.0 -999.0 -999.0} "" -999.0 -999.0 -999.0 -999.0 -999 -999 "" "" "" "" 0 0 0.0 0.0 -999 ""
FIBERMAP 507 R+1C26 APOGEE 0 0 0 1 0 0 280.4919133536805 27.008840801491715 143.1 280.4919133536805 27.008840801491715 10.010991 170.02151 -999.0 -999.0 -999.0 -999.0 -999.0 -999.0 -999.0 -999.0 -999.0 -999.0 -999.0 -999.0 16600.0 -999.0 2 42 {-999.0 -999.0 -999.0 -999.0 -999.0} "" -999.0 -999.0 -999.0 -999.0 -999 -999 "" "" "" "" 0 0 0.0 0.0 -999 ""
FIBERMAP 507 R+1C26 BOSS 0 0 0 1 0 0 281.2179279871228 26.97994082128934 143.1 281.2179279871228 26.97994082128934 10.010991 170.02151 -999.0 -999.0 -999.0 -999.0 -999.0 -999.0 -999.0 -999.0 -999.0 -999.0 -999.0 -999.0 5400.0 -999.0 1 175 {-999.0 -999.0 -999.0 -999.0 -999.0} "" -999.0 -999.0 -999.0 -999.0 -999 -999 "" "" "" "" 0 0 0.0 0.0 -999 ""
FIBERMAP 507 R+1C26 METROLOGY 1 0 0 1 0 0 280.84664506801613 26.33726343520988 143.1 280.84664506801613 26.33726343520988 10.010991 170.02151 -999.0 -999.0 -999.0 -999.0 -999.0 -999.0 -999.0 -999.0 -999.0 -999.0 -999.0 -999.0 6231.0 -999.0 -1 -999 {-999.0 -999.0 -999.0 -999.0 -999.0} "" -999.0 -999.0 -999.0 -999.0 -999 -999 "" "" "" "" 0 0 0.0 0.0 -999 ""
FIBERMAP 514 R+11C3 APOGEE 0 0 0 1 0 0 -122.86873834627868 220.9724960631396 143.1 -122.86873834627868 220.9724960631396 10.005878 169.99918 -999.0 -999.0 -999.0 -999.0 -999.0 -999.0 -999.0 -999.0 -999.0 -999.0 -999.0 -999.0 16600.0 -999.0 2 133 {-999.0 -999.0 -999.0 -999.0 -999.0} "" -999.0 -999.0 -999.0 -999.0 -999 -999 "" "" "" "" 0 0 0.0 0.0 -999 ""
FIBERMAP 514 R+11C3 BOSS 0 0 0 1 0 0 -122.12890290698255 221.00788470838617 143.1 -122.12890290698255 221.00788470838617 10.005878 169.99918 -999.0 -999.0 -999.0 -999.0 -999.0 -999.0 -999.0 -999.0 -999.0 -999.0 -999.0 -999.0 5400.0 -999.0 1 5 {-999.0 -999.0 -999.0 -999.0 -999.0} "" -999.0 -999.0 -999.0 -999.0 -999 -999 "" "" "" "" 0 0 0.0 0.0 -999 ""
FIBERMAP 514 R+11C3 METROLOGY 1 0 0 1 0 0 -122.4639529748394 220.34317356117202 143.1 -122.4639529748394 220.34317356117202 10.005878 169.99918 -999.0 -999.0 -999.0 -999.0 -999.0 -999.0 -999.0 -999.0 -999.0 -999.0 -999.0 -999.0 6231.0 -999.0 -1 -999 {-999.0 -999.0 -999.0 -999.0 -999.0} "" -999.0 -999.0 -999.0 -999.0 -999 -999 "" "" "" "" 0 0 0.0 0.0 -999 ""
FIBERMAP 515 R+3C19 APOGEE 0 0 0 1 0 0 146.05924222557786 65.77386053862796 143.1 146.05924222557786 65.77386053862796 10.005065 170.00043 -999.0 -999.0 -999.0 -999.0 -999.0 -999.0 -999.0 -999.0 -999.0 -999.0 -999.0 -999.0 16600.0 -999.0 2 -999 {-999.0 -999.0 -999.0 -999.0 -999.0} "" -999.0 -999.0 -999.0 -999.0 -999 -999 "" "" "" "" 0 0 0.0 0.0 -999 ""
FIBERMAP 515 R+3C19 BOSS 0 0 0 1 0 0 146.7945230015297 65.79446493277926 143.1 146.7945230015297 65.79446493277926 10.005065 170.00043 -999.0 -999.0 -999.0 -999.0 -999.0 -999.0 -999.0 -999.0 -999.0 -999.0 -999.0 -999.0 5400.0 -999.0 1 217 {-999.0 -999.0 -999.0 -999.0 -999.0} "" -999.0 -999.0 -999.0 -999.0 -999 -999 "" "" "" "" 0 0 0.0 0.0 -999 ""
FIBERMAP 515 R+3C19 METROLOGY 1 0 0 1 0 0 146.44701325770464 65.13644732323692 143.1 146.44701325770464 65.13644732323692 10.005065 170.00043 -999.0 -999.0 -999.0 -999.0 -999.0 -999.0 -999.0 -999.0 -999.0 -999.0 -999.0 -999.0 6231.0 -999.0 -1 -999 {-999.0 -999.0 -999.0 -999.0 -999.0} "" -999.0 -999.0 -999.0 -999.0 -999 -999 "" "" "" "" 0 0 0.0 0.0 -999 ""
FIBERMAP 533 R+1C3 APOGEE 0 0 0 1 0 0 -234.41893910178666 26.935405061226255 143.1 -234.41893910178666 26.935405061226255 9.9970665 169.99547 -999.0 -999.0 -999.0 -999.0 -999.0 -999.0 -999.0 -999.0 -999.0 -999.0 -999.0 -999.0 16600.0 -999.0 2 104 {-999.0 -999.0 -999.0 -999.0 -999.0} "" -999.0 -999.0 -999.0 -999.0 -999 -999 "" "" "" "" 0 0 0.0 0.0 -999 ""
FIBERMAP 533 R+1C3 BOSS 0 0 0 1 0 0 -233.6816565619667 26.95524115518764 143.1 -233.6816565619667 26.95524115518764 9.9970665 169.99547 -999.0 -999.0 -999.0 -999.0 -999.0 -999.0 -999.0 -999.0 -999.0 -999.0 -999.0 -999.0 5400.0 -999.0 1 61 {-999.0 -999.0 -999.0 -999.0 -999.0} "" -999.0 -999.0 -999.0 -999.0 -999 -999 "" "" "" "" 0 0 0.0 0.0 -999 ""
FIBERMAP 533 R+1C3 METROLOGY 1 0 0 1 0 0 -234.0372356013045 26.293345709858396 143.1 -234.0372356013045 26.293345709858396 9.9970665 169.99547 -999.0 -999.0 -999.0 -999.0 -999.0 -999.0 -999.0 -999.0 -999.0 -999.0 -999.0 -999.0 6231.0 -999.0 -1 -999 {-999.0 -999.0 -999.0 -999.0 -999.0} "" -999.0 -999.0 -999.0 -999.0 -999 -999 "" "" "" "" 0 0 0.0 0.0 -999 ""
FIBERMAP 544 R-6C19 APOGEE 0 0 0 1 0 0 179.7599641379006 -108.82512119267003 143.1 179.7599641379006 -108.82512119267003 10.013911 170.01317 -999.0 -999.0 -999.0 -999.0 -999.0 -999.0 -999.0 -999.0 -999.0 -999.0 -999.0 -999.0 16600.0 -999.0 2 229 {-999.0 -999.0 -999.0 -999.0 -999.0} "" -999.0 -999.0 -999.0 -999.0 -999 -999 "" "" "" "" 0 0 0.0 0.0 -999 ""
FIBERMAP 544 R-6C19 BOSS 0 0 0 1 0 0 180.4964147733121 -108.80224936761874 143.1 180.4964147733121 -108.80224936761874 10.013911 170.01317 -999.0 -999.0 -999.0 -999.0 -999.0 -999.0 -999.0 -999.0 -999.0 -999.0 -999.0 -999.0 5400.0 -999.0 1 277 {-999.0 -999.0 -999.0 -999.0 -999.0} "" -999.0 -999.0 -999.0 -999.0 -999 -999 "" "" "" "" 0 0 0.0 0.0 -999 ""
FIBERMAP 544 R-6C19 METROLOGY 1 0 0 1 0 0 180.14506452170164 -109.4592146887476 143.1 180.14506452170164 -109.4592146887476 10.013911 170.01317 -999.0 -999.0 -999.0 -999.0 -999.0 -999.0 -999.0 -999.0 -999.0 -999.0 -999.0 -999.0 6231.0 -999.0 -1 -999 {-999.0 -999.0 -999.0 -999.0 -999.0} "" -999.0 -999.0 -999.0 -999.0 -999 -999 "" "" "" "" 0 0 0.0 0.0 -999 ""
FIBERMAP 546 R-12C1 APOGEE 0 0 0 1 0 0 -156.05114403726387 -225.16431240852526 143.1 -156.05114403726387 -225.16431240852526 9.990114 169.99574 -999.0 -999.0 -999.0 -999.0 -999.0 -999.0 -999.0 -999.0 -999.0 -999.0 -999.0 -999.0 16600.0 -999.0 2 296 {-999.0 -999.0 -999.0 -999.0 -999.0} "" -999.0 -999.0 -999.0 -999.0 -999 -999 "" "" "" "" 0 0 0.0 0.0 -999 ""
FIBERMAP 546 R-12C1 BOSS 0 0 0 1 0 0 -155.31863708271626 -225.14246736426728 143.1 -155.31863708271626 -225.14246736426728 9.990114 169.99574 -999.0 -999.0 -999.0 -999.0 -999.0 -999.0 -999.0 -999.0 -999.0 -999.0 -999.0 -999.0 5400.0 -999.0 1 429 {-999.0 -999.0 -999.0 -999.0 -999.0} "" -999.0 -999.0 -999.0 -999.0 -999 -999 "" "" "" "" 0 0 0.0 0.0 -999 ""
FIBERMAP 546 R-12C1 METROLOGY 1 0 0 1 0 0 -155.659111861578 -225.80145772482143 143.1 -155.659111861578 -225.80145772482143 9.990114 169.99574 -999.0 -999.0 -999.0 -999.0 -999.0 -999.0 -999.0 -999.0 -999.0 -999.0 -999.0 -999.0 6231.0 -999.0 -1 -999 {-999.0 -999.0 -999.0 -999.0 -999.0} "" -999.0 -999.0 -999.0 -999.0 -999 -999 "" "" "" "" 0 0 0.0 0.0 -999 ""
FIBERMAP 548 R+1C14 APOGEE 0 0 0 1 0 0 11.529782274282123 27.040417994741397 143.1 11.529782274282123 27.040417994741397 9.990286 170.00989 -999.0 -999.0 -999.0 -999.0 -999.0 -999.0 -999.0 -999.0 -999.0 -999.0 -999.0 -999.0 16600.0 -999.0 2 13 {-999.0 -999.0 -999.0 -999.0 -999.0} "" -999.0 -999.0 -999.0 -999.0 -999 -999 "" "" "" "" 0 0 0.0 0.0 -999 ""
FIBERMAP 548 R+1C14 BOSS 0 0 0 1 0 0 12.266532924331672 27.030462181124314 143.1 12.266532924331672 27.030462181124314 9.990286 170.00989 -999.0 -999.0 -999.0 -999.0 -999.0 -999.0 -999.0 -999.0 -999.0 -999.0 -999.0 -999.0 5400.0 -999.0 1 96 {-999.0 -999.0 -999.0 -999.0 -999.0} "" -999.0 -999.0 -999.0 -999.0 -999 -999 "" "" "" "" 0 0 0.0 0.0 -999 ""
FIBERMAP 548 R+1C14 METROLOGY 1 0 0 1 0 0 11.90028129780282 26.39237683778958 143.1 11.90028129780282 26.39237683778958 9.990286 170.00989 -999.0 -999.0 -999.0 -999.0 -999.0 -999.0 -999.0 -999.0 -999.0 -999.0 -999.0 -999.0 6231.0 -999.0 -1 -999 {-999.0 -999.0 -999.0 -999.0 -999.0} "" -999.0 -999.0 -999.0 -999.0 -999 -999 "" "" "" "" 0 0 0.0 0.0 -999 ""
FIBERMAP 550 R+1C1 APOGEE 0 0 0 1 0 0 -279.2176106214612 26.918606136307123 143.1 -279.2176106214612 26.918606136307123 10.012348 169.99422 -999.0 -999.0 -999.0 -999.0 -999.0 -999.0 -999.0 -999.0 -999.0 -999.0 -999.0 -999.0 16600.0 -999.0 2 141 {-999.0 -999.0 -999.0 -999.0 -999.0} "" -999.0 -999.0 -999.0 -999.0 -999 -999 "" "" "" "" 0 0 0.0 0.0 -999 ""
FIBERMAP 550 R+1C1 BOSS 0 0 0 1 0 0 -278.4899903628896 26.93354038199575 143.1 -278.4899903628896 26.93354038199575 10.012348 169.99422 -999.0 -999.0 -999.0 -999.0 -999.0 -999.0 -999.0 -999.0 -999.0 -999.0 -999.0 -999.0 5400.0 -999.0 1 12 {-999.0 -999.0 -999.0 -999.0 -999.0} "" -999.0 -999.0 -999.0 -999.0 -999 -999 "" "" "" "" 0 0 0.0 0.0 -999 ""
FIBERMAP 550 R+1C1 METROLOGY 1 0 0 1 0 0 -278.84812214855697 26.269639648333218 143.1 -278.84812214855697 26.269639648333218 10.012348 169.99422 -999.0 -999.0 -999.0 -999.0 -999.0 -999.0 -999.0 -999.0 -999.0 -999.0 -999.0 -999.0 6231.0 -999.0 -1 -999 {-999.0 -999.0 -999.0 -999.0 -999.0} "" -999.0 -999.0 -999.0 -999.0 -999 -999 "" "" "" "" 0 0 0.0 0.0 -999 ""
FIBERMAP 554 R-2C23 APOGEE 0 0 0 1 0 0 224.7764413183666 -31.253427862865877 143.1 224.7764413183666 -31.253427862865877 9.991793 170.00995 -999.0 -999.0 -999.0 -999.0 -999.0 -999.0 -999.0 -999.0 -999.0 -999.0 -999.0 -999.0 16600.0 -999.0 2 197 {-999.0 -999.0 -999.0 -999.0 -999.0} "" -999.0 -999.0 -999.0 -999.0 -999 -999 "" "" "" "" 0 0 0.0 0.0 -999 ""
FIBERMAP 554 R-2C23 BOSS 0 0 0 1 0 0 225.51775128099598 -31.28314665265472 143.1 225.51775128099598 -31.28314665265472 9.991793 170.00995 -999.0 -999.0 -999.0 -999.0 -999.0 -999.0 -999.0 -999.0 -999.0 -999.0 -999.0 -999.0 5400.0 -999.0 1 310 {-999.0 -999.0 -999.0 -999.0 -999.0} "" -999.0 -999.0 -999.0 -999.0 -999 -999 "" "" "" "" 0 0 0.0 0.0 -999 ""
FIBERMAP 554 R-2C23 METROLOGY 1 0 0 1 0 0 225.14758364717727 -31.930033451846118 143.1 225.14758364717727 -31.930033451846118 9.991793 170.00995 -999.0 -999.0 -999.0 -999.0 -999.0 -999.0 -999.0 -999.0 -999.0 -999.0 -999.0 -999.0 6231.0 -999.0 -1 -999 {-999.0 -999.0 -999.0 -999.0 -999.0} "" -999.0 -999.0 -999.0 -999.0 -999 -999 "" "" "" "" 0 0 0.0 0.0 -999 ""
FIBERMAP 565 R+8C3 APOGEE 0 0 0 1 0 0 -156.17423375153746 162.78203738258367 143.1 -156.17423375153746 162.78203738258367 10.008708 169.9994 -999.0 -999.0 -999.0 -999.0 -999.0 -999.0 -999.0 -999.0 -999.0 -999.0 -999.0 -999.0 16600.0 -999.0 2 137 {-999.0 -999.0 -999.0 -999.0 -999.0} "" -999.0 -999.0 -999.0 -999.0 -999 -999 "" "" "" "" 0 0 0.0 0.0 -999 ""
FIBERMAP 565 R+8C3 BOSS 0 0 0 1 0 0 -155.4325388182923 162.80778165217328 143.1 -155.4325388182923 162.80778165217328 10.008708 169.9994 -999.0 -999.0 -999.0 -999.0 -999.0 -999.0 -999.0 -999.0 -999.0 -999.0 -999.0 -999.0 5400.0 -999.0 1 25 {-999.0 -999.0 -999.0 -999.0 -999.0} "" -999.0 -999.0 -999.0 -999.0 -999 -999 "" "" "" "" 0 0 0.0 0.0 -999 ""
FIBERMAP 565 R+8C3 METROLOGY 1 0 0 1 0 0 -155.7773849868397 162.1405198506171 143.1 -155.7773849868397 162.1405198506171 10.008708 169.9994 -999.0 -999.0 -999.0 -999.0 -999.0 -999.0 -999.0 -999.0 -999.0 -999.0 -999.0 -999.0 6231.0 -999.0 -1 -999 {-999.0 -999.0 -999.0 -999.0 -999.0} "" -999.0 -999.0 -999.0 -999.0 -999 -999 "" "" "" "" 0 0 0.0 0.0 -999 ""
FIBERMAP 566 R+8C7 APOGEE 0 0 0 1 0 0 -66.57853968194553 162.67690525136868 143.1 -66.57853968194553 162.67690525136868 10.013975 170.00354 -999.0 -999.0 -999.0 -999.0 -999.0 -999.0 -999.0 -999.0 -999.0 -999.0 -999.0 -999.0 16600.0 -999.0 2 -999 {-999.0 -999.0 -999.0 -999.0 -999.0} "" -999.0 -999.0 -999.0 -999.0 -999 -999 "" "" "" "" 0 0 0.0 0.0 -999 ""
FIBERMAP 566 R+8C7 BOSS 0 0 0 1 0 0 -65.86080304745134 162.6771145613298 143.1 -65.86080304745134 162.6771145613298 10.013975 170.00354 -999.0 -999.0 -999.0 -999.0 -999.0 -999.0 -999.0 -999.0 -999.0 -999.0 -999.0 -999.0 5400.0 -999.0 1 103 {-999.0 -999.0 -999.0 -999.0 -999.0} "" -999.0 -999.0 -999.0 -999.0 -999 -999 "" "" "" "" 0 0 0.0 0.0 -999 ""
FIBERMAP 566 R+8C7 METROLOGY 1 0 0 1 0 0 -66.19868167711319 162.03474493129542 143.1 -66.19868167711319 162.03474493129542 10.013975 170.00354 -999.0 -999.0 -999.0 -999.0 -999.0 -999.0 -999.0 -999.0 -999.0 -999.0 -999.0 -999.0 6231.0 -999.0 -1 -999 {-999.0 -999.0 -999.0 -999.0 -999.0} "" -999.0 -999.0 -999.0 -999.0 -999 -999 "" "" "" "" 0 0 0.0 0.0 -999 ""
FIBERMAP 572 R+10C5 APOGEE 0 0 0 1 0 0 -88.9569258473949 201.63162336223334 143.1 -88.9569258473949 201.63162336223334 10.004832 170.0105 -999.0 -999.0 -999.0 -999.0 -999.0 -999.0 -999.0 -999.0 -999.0 -999.0 -999.0 -999.0 16600.0 -999.0 2 -999 {-999.0 -999.0 -999.0 -999.0 -999.0} "" -999.0 -999.0 -999.0 -999.0 -999 -999 "" "" "" "" 0 0 0.0 0.0 -999 ""
FIBERMAP 572 R+10C5 BOSS 0 0 0 1 0 0 -88.20691045373654 201.64028837817173 143.1 -88.20691045373654 201.64028837817173 10.004832 170.0105 -999.0 -999.0 -999.0 -999.0 -999.0 -999.0 -999.0 -999.0 -999.0 -999.0 -999.0 -999.0 5400.0 -999.0 1 146 {-999.0 -999.0 -999.0 -999.0 -999.0} "" -999.0 -999.0 -999.0 -999.0 -999 -999 "" "" "" "" 0 0 0.0 0.0 -999 ""
FIBERMAP 572 R+10C5 METROLOGY 1 0 0 1 0 0 -88.57280146975717 200.99200594297693 143.1 -88.57280146975717 200.99200594297693 10.004832 170.0105 -999.0 -999.0 -999.0 -999.0 -999.0 -999.0 -999.0 -999.0 -999.0 -999.0 -999.0 -999.0 6231.0 -999.0 -1 -999 {-999.0 -999.0 -999.0 -999.0 -999.0} "" -999.0 -999.0 -999.0 -999.0 -999 -999 "" "" "" "" 0 0 0.0 0.0 -999 ""
FIBERMAP 575 R+3C14 APOGEE 0 0 0 1 0 0 34.244237881476195 65.81661963867445 143.1 34.244237881476195 65.81661963867445 10.013672 170.0152 -999.0 -999.0 -999.0 -999.0 -999.0 -999.0 -999.0 -999.0 -999.0 -999.0 -999.0 -999.0 16600.0 -999.0 2 24 {-999.0 -999.0 -999.0 -999.0 -999.0} "" -999.0 -999.0 -999.0 -999.0 -999 -999 "" "" "" "" 0 0 0.0 0.0 -999 ""
FIBERMAP 575 R+3C14 BOSS 0 0 0 1 0 0 34.97847549076384 65.82318544488147 143.1 34.97847549076384 65.82318544488147 10.013672 170.0152 -999.0 -999.0 -999.0 -999.0 -999.0 -999.0 -999.0 -999.0 -999.0 -999.0 -999.0 -999.0 5400.0 -999.0 1 97 {-999.0 -999.0 -999.0 -999.0 -999.0} "" -999.0 -999.0 -999.0 -999.0 -999 -999 "" "" "" "" 0 0 0.0 0.0 -999 ""
FIBERMAP 575 R+3C14 METROLOGY 1 0 0 1 0 0 34.62327155346834 65.16661011369199 143.1 34.62327155346834 65.16661011369199 10.013672 170.0152 -999.0 -999.0 -999.0 -999.0 -999.0 -999.0 -999.0 -999.0 -999.0 -999.0 -999.0 -999.0 6231.0 -999.0 -1 -999 {-999.0 -999.0 -999.0 -999.0 -999.0} "" -999.0 -999.0 -999.0 -999.0 -999 -999 "" "" "" "" 0 0 0.0 0.0 -999 ""
FIBERMAP 577 R+6C15 APOGEE 0 0 0 1 0 0 90.03273269336856 124.12029041649068 143.1 90.03273269336856 124.12029041649068 10.022656 170.00539 -999.0 -999.0 -999.0 -999.0 -999.0 -999.0 -999.0 -999.0 -999.0 -999.0 -999.0 -999.0 16600.0 -999.0 2 36 {-999.0 -999.0 -999.0 -999.0 -999.0} "" -999.0 -999.0 -999.0 -999.0 -999 -999 "" "" "" "" 0 0 0.0 0.0 -999 ""
FIBERMAP 577 R+6C15 BOSS 0 0 0 1 0 0 90.77641241294006 124.13940322920764 143.1 90.77641241294006 124.13940322920764 10.022656 170.00539 -999.0 -999.0 -999.0 -999.0 -999.0 -999.0 -999.0 -999.0 -999.0 -999.0 -999.0 -999.0 5400.0 -999.0 1 188 {-999.0 -999.0 -999.0 -999.0 -999.0} "" -999.0 -999.0 -999.0 -999.0 -999 -999 "" "" "" "" 0 0 0.0 0.0 -999 ""
FIBERMAP 577 R+6C15 METROLOGY 1 0 0 1 0 0 90.42417111135626 123.4736558927824 143.1 90.42417111135626 123.4736558927824 10.022656 170.00539 -999.0 -999.0 -999.0 -999.0 -999.0 -999.0 -999.0 -999.0 -999.0 -999.0 -999.0 -999.0 6231.0 -999.0 -1 -999 {-999.0 -999.0 -999.0 -999.0 -999.0} "" -999.0 -999.0 -999.0 -999.0 -999 -999 "" "" "" "" 0 0 0.0 0.0 -999 ""
FIBERMAP 580 R+9C7 APOGEE 0 0 0 1 0 0 -55.39504462663935 182.2725311085588 143.1 -55.39504462663935 182.2725311085588 9.991891 170.00085 -999.0 -999.0 -999.0 -999.0 -999.0 -999.0 -999.0 -999.0 -999.0 -999.0 -999.0 -999.0 16600.0 -999.0 2 29 {-999.0 -999.0 -999.0 -999.0 -999.0} "" -999.0 -999.0 -999.0 -999.0 -999 -999 "" "" "" "" 0 0 0.0 0.0 -999 ""
FIBERMAP 580 R+9C7 BOSS 0 0 0 1 0 0 -54.656379406026375 182.2804675058425 143.1 -54.656379406026375 182.2804675058425 9.991891 170.00085 -999.0 -999.0 -999.0 -999.0 -999.0 -999.0 -999.0 -999.0 -999.0 -999.0 -999.0 -999.0 5400.0 -999.0 1 118 {-999.0 -999.0 -999.0 -999.0 -999.0} "" -999.0 -999.0 -999.0 -999.0 -999 -999 "" "" "" "" 0 0 0.0 0.0 -999 ""
FIBERMAP 580 R+9C7 METROLOGY 1 0 0 1 0 0 -55.02284362984229 181.6291794157429 143.1 -55.02284362984229 181.6291794157429 9.991891 170.00085 -999.0 -999.0 -999.0 -999.0 -999.0 -999.0 -999.0 -999.0 -999.0 -999.0 -999.0 -999.0 6231.0 -999.0 -1 -999 {-999.0 -999.0 -999.0 -999.0 -999.0} "" -999.0 -999.0 -999.0 -999.0 -999 -999 "" "" "" "" 0 0 0.0 0.0 -999 ""
FIBERMAP 581 R-1C19 APOGEE 0 0 0 1 0 0 123.66376969611036 -11.768274723288581 143.1 123.66376969611036 -11.768274723288581 10.004409 170.00621 -999.0 -999.0 -999.0 -999.0 -999.0 -999.0 -999.0 -999.0 -999.0 -999.0 -999.0 -999.0 16600.0 -999.0 2 -999 {-999.0 -999.0 -999.0 -999.0 -999.0} "" -999.0 -999.0 -999.0 -999.0 -999 -999 "" "" "" "" 0 0 0.0 0.0 -999 ""
FIBERMAP 581 R-1C19 BOSS 0 0 0 1 0 0 124.41927963040989 -11.758628131277877 143.1 124.41927963040989 -11.758628131277877 10.004409 170.00621 -999.0 -999.0 -999.0 -999.0 -999.0 -999.0 -999.0 -999.0 -999.0 -999.0 -999.0 -999.0 5400.0 -999.0 1 296 {-999.0 -999.0 -999.0 -999.0 -999.0} "" -999.0 -999.0 -999.0 -999.0 -999 -999 "" "" "" "" 0 0 0.0 0.0 -999 ""
FIBERMAP 581 R-1C19 METROLOGY 1 0 0 1 0 0 124.05441778508097 -12.403928757410457 143.1 124.05441778508097 -12.403928757410457 10.004409 170.00621 -999.0 -999.0 -999.0 -999.0 -999.0 -999.0 -999.0 -999.0 -999.0 -999.0 -999.0 -999.0 6231.0 -999.0 -1 -999 {-999.0 -999.0 -999.0 -999.0 -999.0} "" -999.0 -999.0 -999.0 -999.0 -999 -999 "" "" "" "" 0 0 0.0 0.0 -999 ""
FIBERMAP 587 R-10C13 APOGEE 0 0 0 1 0 0 89.94730089610057 -186.47375067784265 143.1 89.94730089610057 -186.47375067784265 9.988218 169.99985 -999.0 -999.0 -999.0 -999.0 -999.0 -999.0 -999.0 -999.0 -999.0 -999.0 -999.0 -999.0 16600.0 -999.0 2 -999 {-999.0 -999.0 -999.0 -999.0 -999.0} "" -999.0 -999.0 -999.0 -999.0 -999 -999 "" "" "" "" 0 0 0.0 0.0 -999 ""
FIBERMAP 587 R-10C13 BOSS 0 0 0 1 0 0 90.69361646005247 -186.4523413484263 143.1 90.69361646005247 -186.4523413484263 9.988218 169.99985 -999.0 -999.0 -999.0 -999.0 -999.0 -999.0 -999.0 -999.0 -999.0 -999.0 -999.0 -999.0 5400.0 -999.0 1 396 {-999.0 -999.0 -999.0 -999.0 -999.0} "" -999.0 -999.0 -999.0 -999.0 -999 -999 "" "" "" "" 0 0 0.0 0.0 -999 ""
FIBERMAP 587 R-10C13 METROLOGY 1 0 0 1 0 0 90.33860904154064 -187.10899859466255 143.1 90.33860904154064 -187.10899859466255 9.988218 169.99985 -999.0 -999.0 -999.0 -999.0 -999.0 -999.0 -999.0 -999.0 -999.0 -999.0 -999.0 -999.0 6231.0 -999.0 -1 -999 {-999.0 -999.0 -999.0 -999.0 -999.0} "" -999.0 -999.0 -999.0 -999.0 -999 -999 "" "" "" "" 0 0 0.0 0.0 -999 ""
FIBERMAP 588 R+8C1 APOGEE 0 0 0 1 0 0 -200.89037195084066 162.71589822191658 143.1 -200.89037195084066 162.71589822191658 9.988355 170.00537 -999.0 -999.0 -999.0 -999.0 -999.0 -999.0 -999.0 -999.0 -999.0 -999.0 -999.0 -999.0 16600.0 -999.0 2 94 {-999.0 -999.0 -999.0 -999.0 -999.0} "" -999.0 -999.0 -999.0 -999.0 -999 -999 "" "" "" "" 0 0 0.0 0.0 -999 ""
FIBERMAP 588 R+8C1 BOSS 0 0 0 1 0 0 -200.15883839499304 162.68738455935724 143.1 -200.15883839499304 162.68738455935724 9.988355 170.00537 -999.0 -999.0 -999.0 -999.0 -999.0 -999.0 -999.0 -999.0 -999.0 -999.0 -999.0 -999.0 5400.0 -999.0 1 81 {-999.0 -999.0 -999.0 -999.0 -999.0} "" -999.0 -999.0 -999.0 -999.0 -999 -999 "" "" "" "" 0 0 0.0 0.0 -999 ""
FIBERMAP 588 R+8C1 METROLOGY 1 0 0 1 0 0 -200.55600996896595 162.04903193411948 143.1 -200.55600996896595 162.04903193411948 9.988355 170.00537 -999.0 -999.0 -999.0 -999.0 -999.0 -999.0 -999.0 -999.0 -999.0 -999.0 -999.0 -999.0 6231.0 -999.0 -1 -999 {-999.0 -999.0 -999.0 -999.0 -999.0} "" -999.0 -999.0 -999.0 -999.0 -999 -999 "" "" "" "" 0 0 0.0 0.0 -999 ""
FIBERMAP 589 R-2C25 APOGEE 0 0 0 1 0 0 269.28244556588146 -31.17616739285458 143.1 269.28244556588146 -31.17616739285458 10.016515 170.01474 -999.0 -999.0 -999.0 -999.0 -999.0 -999.0 -999.0 -999.0 -999.0 -999.0 -999.0 -999.0 16600.0 -999.0 2 216 {-999.0 -999.0 -999.0 -999.0 -999.0} "" -999.0 -999.0 -999.0 -999.0 -999 -999 "" "" "" "" 0 0 0.0 0.0 -999 ""
FIBERMAP 589 R-2C25 BOSS 0 0 0 1 0 0 270.0189197212179 -31.151482834476138 143.1 270.0189197212179 -31.151482834476138 10.016515 170.01474 -999.0 -999.0 -999.0 -999.0 -999.0 -999.0 -999.0 -999.0 -999.0 -999.0 -999.0 -999.0 5400.0 -999.0 1 254 {-999.0 -999.0 -999.0 -999.0 -999.0} "" -999.0 -999.0 -999.0 -999.0 -999 -999 "" "" "" "" 0 0 0.0 0.0 -999 ""
FIBERMAP 589 R-2C25 METROLOGY 1 0 0 1 0 0 269.66029808928187 -31.81015120887107 143.1 269.66029808928187 -31.81015120887107 10.016515 170.01474 -999.0 -999.0 -999.0 -999.0 -999.0 -999.0 -999.0 -999.0 -999.0 -999.0 -999.0 -999.0 6231.0 -999.0 -1 -999 {-999.0 -999.0 -999.0 -999.0 -999.0} "" -999.0 -999.0 -999.0 -999.0 -999 -999 "" "" "" "" 0 0 0.0 0.0 -999 ""
FIBERMAP 592 R0C5 APOGEE 0 0 0 1 0 0 -201.11498113244542 7.491035675812126 143.1 -201.11498113244542 7.491035675812126 10.007352 169.9968 -999.0 -999.0 -999.0 -999.0 -999.0 -999.0 -999.0 -999.0 -999.0 -999.0 -999.0 -999.0 16600.0 -999.0 2 243 {-999.0 -999.0 -999.0 -999.0 -999.0} "" -999.0 -999.0 -999.0 -999.0 -999 -999 "" "" "" "" 0 0 0.0 0.0 -999 ""
FIBERMAP 592 R0C5 BOSS 0 0 0 1 0 0 -200.3750748617107 7.512019469664059 143.1 -200.3750748617107 7.512019469664059 10.007352 169.9968 -999.0 -999.0 -999.0 -999.0 -999.0 -999.0 -999.0 -999.0 -999.0 -999.0 -999.0 -999.0 5400.0 -999.0 1 495 {-999.0 -999.0 -999.0 -999.0 -999.0} "" -999.0 -999.0 -999.0 -999.0 -999 -999 "" "" "" "" 0 0 0.0 0.0 -999 ""
FIBERMAP 592 R0C5 METROLOGY 1 0 0 1 0 0 -200.6988824333644 6.845829194764805 143.1 -200.6988824333644 6.845829194764805 10.007352 169.9968 -999.0 -999.0 -999.0 -999.0 -999.0 -999.0 -999.0 -999.0 -999.0 -999.0 -999.0 -999.0 6231.0 -999.0 -1 -999 {-999.0 -999.0 -999.0 -999.0 -999.0} "" -999.0 -999.0 -999.0 -999.0 -999 -999 "" "" "" "" 0 0 0.0 0.0 -999 ""
FIBERMAP 594 R+1C22 APOGEE 0 0 0 1 0 0 191.25205339442138 26.99542695548328 143.1 191.25205339442138 26.99542695548328 10.009568 170.00432 -999.0 -999.0 -999.0 -999.0 -999.0 -999.0 -999.0 -999.0 -999.0 -999.0 -999.0 -999.0 16600.0 -999.0 2 86 {-999.0 -999.0 -999.0 -999.0 -999.0} "" -999.0 -999.0 -999.0 -999.0 -999 -999 "" "" "" "" 0 0 0.0 0.0 -999 ""
FIBERMAP 594 R+1C22 BOSS 0 0 0 1 0 0 191.98757522289273 26.97142278401477 143.1 191.98757522289273 26.97142278401477 10.009568 170.00432 -999.0 -999.0 -999.0 -999.0 -999.0 -999.0 -999.0 -999.0 -999.0 -999.0 -999.0 -999.0 5400.0 -999.0 1 235 {-999.0 -999.0 -999.0 -999.0 -999.0} "" -999.0 -999.0 -999.0 -999.0 -999 -999 "" "" "" "" 0 0 0.0 0.0 -999 ""
FIBERMAP 594 R+1C22 METROLOGY 1 0 0 1 0 0 191.61162948937124 26.333903110564265 143.1 191.61162948937124 26.333903110564265 10.009568 170.00432 -999.0 -999.0 -999.0 -999.0 -999.0 -999.0 -999.0 -999.0 -999.0 -999.0 -999.0 -999.0 6231.0 -999.0 -1 -999 {-999.0 -999.0 -999.0 -999.0 -999.0} "" -999.0 -999.0 -999.0 -999.0 -999 -999 "" "" "" "" 0 0 0.0 0.0 -999 ""
FIBERMAP 597 R+1C2 APOGEE 0 0 0 1 0 0 -256.8478107024542 26.88542423407587 143.1 -256.8478107024542 26.88542423407587 10.009503 169.99013 -999.0 -999.0 -999.0 -999.0 -999.0 -999.0 -999.0 -999.0 -999.0 -999.0 -999.0 -999.0 16600.0 -999.0 2 -999 {-999.0 -999.0 -999.0 -999.0 -999.0} "" -999.0 -999.0 -999.0 -999.0 -999 -999 "" "" "" "" 0 0 0.0 0.0 -999 ""
FIBERMAP 597 R+1C2 BOSS 0 0 0 1 0 0 -256.0797714038382 26.890832821444548 143.1 -256.0797714038382 26.890832821444548 10.009503 169.99013 -999.0 -999.0 -999.0 -999.0 -999.0 -999.0 -999.0 -999.0 -999.0 -999.0 -999.0 -999.0 5400.0 -999.0 1 11 {-999.0 -999.0 -999.0 -999.0 -999.0} "" -999.0 -999.0 -999.0 -999.0 -999 -999 "" "" "" "" 0 0 0.0 0.0 -999 ""
FIBERMAP 597 R+1C2 METROLOGY 1 0 0 1 0 0 -256.46880483875043 26.242760608382028 143.1 -256.46880483875043 26.242760608382028 10.009503 169.99013 -999.0 -999.0 -999.0 -999.0 -999.0 -999.0 -999.0 -999.0 -999.0 -999.0 -999.0 -999.0 6231.0 -999.0 -1 -999 {-999.0 -999.0 -999.0 -999.0 -999.0} "" -999.0 -999.0 -999.0 -999.0 -999 -999 "" "" "" "" 0 0 0.0 0.0 -999 ""
FIBERMAP 598 R+11C9 APOGEE 0 0 0 1 0 0 11.788267662055292 221.00799406315656 143.1 11.788267662055292 221.00799406315656 9.991209 170.02103 -999.0 -999.0 -999.0 -999.0 -999.0 -999.0 -999.0 -999.0 -999.0 -999.0 -999.0 -999.0 16600.0 -999.0 2 21 {-999.0 -999.0 -999.0 -999.0 -999.0} "" -999.0 -999.0 -999.0 -999.0 -999 -999 "" "" "" "" 0 0 0.0 0.0 -999 ""
FIBERMAP 598 R+11C9 BOSS 0 0 0 1 0 0 12.522192349363138 221.00916323358257 143.1 12.522192349363138 221.00916323358257 9.991209 170.02103 -999.0 -999.0 -999.0 -999.0 -999.0 -999.0 -999.0 -999.0 -999.0 -999.0 -999.0 -999.0 5400.0 -999.0 1 110 {-999.0 -999.0 -999.0 -999.0 -999.0} "" -999.0 -999.0 -999.0 -999.0 -999 -999 "" "" "" "" 0 0 0.0 0.0 -999 ""
FIBERMAP 598 R+11C9 METROLOGY 1 0 0 1 0 0 12.161063224666227 220.35965291205792 143.1 12.161063224666227 220.35965291205792 9.991209 170.02103 -999.0 -999.0 -999.0 -999.0 -999.0 -999.0 -999.0 -999.0 -999.0 -999.0 -999.0 -999.0 6231.0 -999.0 -1 -999 {-999.0 -999.0 -999.0 -999.0 -999.0} "" -999.0 -999.0 -999.0 -999.0 -999 -999 "" "" "" "" 0 0 0.0 0.0 -999 ""
FIBERMAP 599 R+2C11 APOGEE 0 0 0 1 0 0 -44.31960565702085 46.38832829971564 143.1 -44.31960565702085 46.38832829971564 10.00939 170.01402 -999.0 -999.0 -999.0 -999.0 -999.0 -999.0 -999.0 -999.0 -999.0 -999.0 -999.0 -999.0 16600.0 -999.0 2 142 {-999.0 -999.0 -999.0 -999.0 -999.0} "" -999.0 -999.0 -999.0 -999.0 -999 -999 "" "" "" "" 0 0 0.0 0.0 -999 ""
FIBERMAP 599 R+2C11 BOSS 0 0 0 1 0 0 -43.57758897514384 46.39287071597188 143.1 -43.57758897514384 46.39287071597188 10.00939 170.01402 -999.0 -999.0 -999.0 -999.0 -999.0 -999.0 -999.0 -999.0 -999.0 -999.0 -999.0 -999.0 5400.0 -999.0 1 23 {-999.0 -999.0 -999.0 -999.0 -999.0} "" -999.0 -999.0 -999.0 -999.0 -999 -999 "" "" "" "" 0 0 0.0 0.0 -999 ""
FIBERMAP 599 R+2C11 METROLOGY 1 0 0 1 0 0 -43.941545875498726 45.740407554275485 143.1 -43.941545875498726 45.740407554275485 10.00939 170.01402 -999.0 -999.0 -999.0 -999.0 -999.0 -999.0 -999.0 -999.0 -999.0 -999.0 -999.0 -999.0 6231.0 -999.0 -1 -999 {-999.0 -999.0 -999.0 -999.0 -999.0} "" -999.0 -999.0 -999.0 -999.0 -999 -999 "" "" "" "" 0 0 0.0 0.0 -999 ""
FIBERMAP 600 R+1C17 APOGEE 0 0 0 1 0 0 79.04865141477309 27.01611802393967 143.1 79.04865141477309 27.01611802393967 9.9997015 170.01717 -999.0 -999.0 -999.0 -999.0 -999.0 -999.0 -999.0 -999.0 -999.0 -999.0 -999.0 -999.0 16600.0 -999.0 2 -999 {-999.0 -999.0 -999.0 -999.0 -999.0} "" -999.0 -999.0 -999.0 -999.0 -999 -999 "" "" "" "" 0 0 0.0 0.0 -999 ""
FIBERMAP 600 R+1C17 BOSS 0 0 0 1 0 0 79.82354369616107 27.046713080750735 143.1 79.82354369616107 27.046713080750735 9.9997015 170.01717 -999.0 -999.0 -999.0 -999.0 -999.0 -999.0 -999.0 -999.0 -999.0 -999.0 -999.0 -999.0 5400.0 -999.0 1 191 {-999.0 -999.0 -999.0 -999.0 -999.0} "" -999.0 -999.0 -999.0 -999.0 -999 -999 "" "" "" "" 0 0 0.0 0.0 -999 ""
FIBERMAP 600 R+1C17 METROLOGY 1 0 0 1 0 0 79.43936670868986 26.38050529624195 143.1 79.43936670868986 26.38050529624195 9.9997015 170.01717 -999.0 -999.0 -999.0 -999.0 -999.0 -999.0 -999.0 -999.0 -999.0 -999.0 -999.0 -999.0 6231.0 -999.0 -1 -999 {-999.0 -999.0 -999.0 -999.0 -999.0} "" -999.0 -999.0 -999.0 -999.0 -999 -999 "" "" "" "" 0 0 0.0 0.0 -999 ""
FIBERMAP 604 R+7C14 APOGEE 0 0 0 1 0 0 78.91656145376082 143.44930596724396 143.1 78.91656145376082 143.44930596724396 10.011999 169.99721 -999.0 -999.0 -999.0 -999.0 -999.0 -999.0 -999.0 -999.0 -999.0 -999.0 -999.0 -999.0 16600.0 -999.0 2 43 {-999.0 -999.0 -999.0 -999.0 -999.0} "" -999.0 -999.0 -999.0 -999.0 -999 -999 "" "" "" "" 0 0 0.0 0.0 -999 ""
FIBERMAP 604 R+7C14 BOSS 0 0 0 1 0 0 79.646874373832 143.42594294830008 143.1 79.646874373832 143.42594294830008 10.011999 169.99721 -999.0 -999.0 -999.0 -999.0 -999.0 -999.0 -999.0 -999.0 -999.0 -999.0 -999.0 -999.0 5400.0 -999.0 1 160 {-999.0 -999.0 -999.0 -999.0 -999.0} "" -999.0 -999.0 -999.0 -999.0 -999 -999 "" "" "" "" 0 0 0.0 0.0 -999 ""
FIBERMAP 604 R+7C14 METROLOGY 1 0 0 1 0 0 79.26826261738347 142.7835305659047 143.1 79.26826261738347 142.7835305659047 10.011999 169.99721 -999.0 -999.0 -999.0 -999.0 -999.0 -999.0 -999.0 -999.0 -999.0 -999.0 -999.0 -999.0 6231.0 -999.0 -1 -999 {-999.0 -999.0 -999.0 -999.0 -999.0} "" -999.0 -999.0 -999.0 -999.0 -999 -999 "" "" "" "" 0 0 0.0 0.0 -999 ""
FIBERMAP 605 R+13C13 APOGEE 0 0 0 1 0 0 123.71673416469578 259.6701530066224 143.1 123.71673416469578 259.6701530066224 9.995802 170.03485 -999.0 -999.0 -999.0 -999.0 -999.0 -999.0 -999.0 -999.0 -999.0 -999.0 -999.0 -999.0 16600.0 -999.0 2 103 {-999.0 -999.0 -999.0 -999.0 -999.0} "" -999.0 -999.0 -999.0 -999.0 -999 -999 "" "" "" "" 0 0 0.0 0.0 -999 ""
FIBERMAP 605 R+13C13 BOSS 0 0 0 1 0 0 124.45487561892043 259.6381693265839 143.1 124.45487561892043 259.6381693265839 9.995802 170.03485 -999.0 -999.0 -999.0 -999.0 -999.0 -999.0 -999.0 -999.0 -999.0 -999.0 -999.0 -999.0 5400.0 -999.0 1 91 {-999.0 -999.0 -999.0 -999.0 -999.0} "" -999.0 -999.0 -999.0 -999.0 -999 -999 "" "" "" "" 0 0 0.0 0.0 -999 ""
FIBERMAP 605 R+13C13 METROLOGY 1 0 0 1 0 0 124.06554267357147 259.0058518332223 143.1 124.06554267357147 259.0058518332223 9.995802 170.03485 -999.0 -999.0 -999.0 -999.0 -999.0 -999.0 -999.0 -999.0 -999.0 -999.0 -999.0 -999.0 6231.0 -999.0 -1 -999 {-999.0 -999.0 -999.0 -999.0 -999.0} "" -999.0 -999.0 -999.0 -999.0 -999 -999 "" "" "" "" 0 0 0.0 0.0 -999 ""
FIBERMAP 610 R-4C21 APOGEE 0 0 0 1 0 0 202.38522571177447 -69.98689596639905 143.1 202.38522571177447 -69.98689596639905 10.008967 169.99887 -999.0 -999.0 -999.0 -999.0 -999.0 -999.0 -999.0 -999.0 -999.0 -999.0 -999.0 -999.0 16600.0 -999.0 2 232 {-999.0 -999.0 -999.0 -999.0 -999.0} "" -999.0 -999.0 -999.0 -999.0 -999 -999 "" "" "" "" 0 0 0.0 0.0 -999 ""
FIBERMAP 610 R-4C21 BOSS 0 0 0 1 0 0 203.13200981233268 -69.98708119977655 143.1 203.13200981233268 -69.98708119977655 10.008967 169.99887 -999.0 -999.0 -999.0 -999.0 -999.0 -999.0 -999.0 -999.0 -999.0 -999.0 -999.0 -999.0 5400.0 -999.0 1 279 {-999.0 -999.0 -999.0 -999.0 -999.0} "" -999.0 -999.0 -999.0 -999.0 -999 -999 "" "" "" "" 0 0 0.0 0.0 -999 ""
FIBERMAP 610 R-4C21 METROLOGY 1 0 0 1 0 0 202.73631539932867 -70.64340052825368 143.1 202.73631539932867 -70.64340052825368 10.008967 169.99887 -999.0 -999.0 -999.0 -999.0 -999.0 -999.0 -999.0 -999.0 -999.0 -999.0 -999.0 -999.0 6231.0 -999.0 -1 -999 {-999.0 -999.0 -999.0 -999.0 -999.0} "" -999.0 -999.0 -999.0 -999.0 -999 -999 "" "" "" "" 0 0 0.0 0.0 -999 ""
FIBERMAP 613 R0C25 APOGEE 0 0 0 1 0 0 247.10357495159118 7.6018972411024155 143.1 247.10357495159118 7.6018972411024155 9.989304 170.0067 -999.0 -999.0 -999.0 -999.0 -999.0 -999.0 -999.0 -999.0 -999.0 -999.0 -999.0 -999.0 16600.0 -999.0 2 35 {-999.0 -999.0 -999.0 -999.0 -999.0} "" -999.0 -999.0 -999.0 -999.0 -999 -999 "" "" "" "" 0 0 0.0 0.0 -999 ""
FIBERMAP 613 R0C25 BOSS 0 0 0 1 0 0 247.84854197800124 7.601914871742011 143.1 247.84854197800124 7.601914871742011 9.989304 170.0067 -999.0 -999.0 -999.0 -999.0 -999.0 -999.0 -999.0 -999.0 -999.0 -999.0 -999.0 -999.0 5400.0 -999.0 1 172 {-999.0 -999.0 -999.0 -999.0 -999.0} "" -999.0 -999.0 -999.0 -999.0 -999 -999 "" "" "" "" 0 0 0.0 0.0 -999 ""
FIBERMAP 613 R0C25 METROLOGY 1 0 0 1 0 0 247.4779757730695 6.949462049464431 143.1 247.4779757730695 6.949462049464431 9.989304 170.0067 -999.0 -999.0 -999.0 -999.0 -999.0 -999.0 -999.0 -999.0 -999.0 -999.0 -999.0 -999.0 6231.0 -999.0 -1 -999 {-999.0 -999.0 -999.0 -999.0 -999.0} "" -999.0 -999.0 -999.0 -999.0 -999 -999 "" "" "" "" 0 0 0.0 0.0 -999 ""
FIBERMAP 614 R+1C11 APOGEE 0 0 0 1 0 0 -55.395640786666405 26.910695759265558 143.1 -55.395640786666405 26.910695759265558 10.014769 170.02438 -999.0 -999.0 -999.0 -999.0 -999.0 -999.0 -999.0 -999.0 -999.0 -999.0 -999.0 -999.0 16600.0 -999.0 2 134 {-999.0 -999.0 -999.0 -999.0 -999.0} "" -999.0 -999.0 -999.0 -999.0 -999 -999 "" "" "" "" 0 0 0.0 0.0 -999 ""
FIBERMAP 614 R+1C11 BOSS 0 0 0 1 0 0 -54.65022145833403 26.913848320709455 143.1 -54.65022145833403 26.913848320709455 10.014769 170.02438 -999.0 -999.0 -999.0 -999.0 -999.0 -999.0 -999.0 -999.0 -999.0 -999.0 -999.0 -999.0 5400.0 -999.0 1 31 {-999.0 -999.0 -999.0 -999.0 -999.0} "" -999.0 -999.0 -999.0 -999.0 -999 -999 "" "" "" "" 0 0 0.0 0.0 -999 ""
FIBERMAP 614 R+1C11 METROLOGY 1 0 0 1 0 0 -55.02156877606632 26.254321007012955 143.1 -55.02156877606632 26.254321007012955 10.014769 170.02438 -999.0 -999.0 -999.0 -999.0 -999.0 -999.0 -999.0 -999.0 -999.0 -999.0 -999.0 -999.0 6231.0 -999.0 -1 -999 {-999.0 -999.0 -999.0 -999.0 -999.0} "" -999.0 -999.0 -999.0 -999.0 -999 -999 "" "" "" "" 0 0 0.0 0.0 -999 ""
FIBERMAP 615 R-10C5 APOGEE 0 0 0 1 0 0 -89.14523727439085 -186.43924728369814 143.1 -89.14523727439085 -186.43924728369814 9.991183 170.00073 -999.0 -999.0 -999.0 -999.0 -999.0 -999.0 -999.0 -999.0 -999.0 -999.0 -999.0 -999.0 16600.0 -999.0 2 -999 {-999.0 -999.0 -999.0 -999.0 -999.0} "" -999.0 -999.0 -999.0 -999.0 -999 -999 "" "" "" "" 0 0 0.0 0.0 -999 ""
FIBERMAP 615 R-10C5 BOSS 0 0 0 1 0 0 -88.40325702986425 -186.41329482282157 143.1 -88.40325702986425 -186.41329482282157 9.991183 170.00073 -999.0 -999.0 -999.0 -999.0 -999.0 -999.0 -999.0 -999.0 -999.0 -999.0 -999.0 -999.0 5400.0 -999.0 1 348 {-999.0 -999.0 -999.0 -999.0 -999.0} "" -999.0 -999.0 -999.0 -999.0 -999 -999 "" "" "" "" 0 0 0.0 0.0 -999 ""
FIBERMAP 615 R-10C5 METROLOGY 1 0 0 1 0 0 -88.75676317724934 -187.07623225711737 143.1 -88.75676317724934 -187.07623225711737 9.991183 170.00073 -999.0 -999.0 -999.0 -999.0 -999.0 -999.0 -999.0 -999.0 -999.0 -999.0 -999.0 -999.0 6231.0 -999.0 -1 -999 {-999.0 -999.0 -999.0 -999.0 -999.0} "" -999.0 -999.0 -999.0 -999.0 -999 -999 "" "" "" "" 0 0 0.0 0.0 -999 ""
FIBERMAP 619 R+7C12 APOGEE 0 0 0 1 0 0 33.96109676549474 143.346420774247 143.1 33.96109676549474 143.346420774247 10.0116 170.0197 -999.0 -999.0 -999.0 -999.0 -999.0 -999.0 -999.0 -999.0 -999.0 -999.0 -999.0 -999.0 16600.0 -999.0 2 6 {-999.0 -999.0 -999.0 -999.0 -999.0} "" -999.0 -999.0 -999.0 -999.0 -999 -999 "" "" "" "" 0 0 0.0 0.0 -999 ""
FIBERMAP 619 R+7C12 BOSS 0 0 0 1 0 0 34.69791426636325 143.33597161131644 143.1 34.69791426636325 143.33597161131644 10.0116 170.0197 -999.0 -999.0 -999.0 -999.0 -999.0 -999.0 -999.0 -999.0 -999.0 -999.0 -999.0 -999.0 5400.0 -999.0 1 138 {-999.0 -999.0 -999.0 -999.0 -999.0} "" -999.0 -999.0 -999.0 -999.0 -999 -999 "" "" "" "" 0 0 0.0 0.0 -999 ""
FIBERMAP 619 R+7C12 METROLOGY 1 0 0 1 0 0 34.32107822847374 142.6862688413431 143.1 34.32107822847374 142.6862688413431 10.0116 170.0197 -999.0 -999.0 -999.0 -999.0 -999.0 -999.0 -999.0 -999.0 -999.0 -999.0 -999.0 -999.0 6231.0 -999.0 -1 -999 {-999.0 -999.0 -999.0 -999.0 -999.0} "" -999.0 -999.0 -999.0 -999.0 -999 -999 "" "" "" "" 0 0 0.0 0.0 -999 ""
FIBERMAP 623 R+6C11 APOGEE 0 0 0 1 0 0 0.4127675642921062 123.90539323520917 143.1 0.4127675642921062 123.90539323520917 10.006266 170.02687 -999.0 -999.0 -999.0 -999.0 -999.0 -999.0 -999.0 -999.0 -999.0 -999.0 -999.0 -999.0 16600.0 -999.0 2 -999 {-999.0 -999.0 -999.0 -999.0 -999.0} "" -999.0 -999.0 -999.0 -999.0 -999 -999 "" "" "" "" 0 0 0.0 0.0 -999 ""
FIBERMAP 623 R+6C11 BOSS 0 0 0 1 0 0 1.1798415439826093 123.91967218287742 143.1 1.1798415439826093 123.91967218287742 10.006266 170.02687 -999.0 -999.0 -999.0 -999.0 -999.0 -999.0 -999.0 -999.0 -999.0 -999.0 -999.0 -999.0 5400.0 -999.0 1 136 {-999.0 -999.0 -999.0 -999.0 -999.0} "" -999.0 -999.0 -999.0 -999.0 -999 -999 "" "" "" "" 0 0 0.0 0.0 -999 ""
FIBERMAP 623 R+6C11 METROLOGY 1 0 0 1 0 0 0.8088364139921846 123.27310260044612 143.1 0.8088364139921846 123.27310260044612 10.006266 170.02687 -999.0 -999.0 -999.0 -999.0 -999.0 -999.0 -999.0 -999.0 -999.0 -999.0 -999.0 -999.0 6231.0 -999.0 -1 -999 {-999.0 -999.0 -999.0 -999.0 -999.0} "" -999.0 -999.0 -999.0 -999.0 -999 -999 "" "" "" "" 0 0 0.0 0.0 -999 ""
FIBERMAP 624 R-5C1 APOGEE 0 0 0 1 0 0 -234.54315974288536 -89.49439579581444 143.1 -234.54315974288536 -89.49439579581444 10.0069475 170.02039 -999.0 -999.0 -999.0 -999.0 -999.0 -999.0 -999.0 -999.0 -999.0 -999.0 -999.0 -999.0 16600.0 -999.0 2 241 {-999.0 -999.0 -999.0 -999.0 -999.0} "" -999.0 -999.0 -999.0 -999.0 -999 -999 "" "" "" "" 0 0 0.0 0.0 -999 ""
FIBERMAP 624 R-5C1 BOSS 0 0 0 1 0 0 -233.80101263275589 -89.46601980090325 143.1 -233.80101263275589 -89.46601980090325 10.0069475 170.02039 -999.0 -999.0 -999.0 -999.0 -999.0 -999.0 -999.0 -999.0 -999.0 -999.0 -999.0 -999.0 5400.0 -999.0 1 498 {-999.0 -999.0 -999.0 -999.0 -999.0} "" -999.0 -999.0 -999.0 -999.0 -999 -999 "" "" "" "" 0 0 0.0 0.0 -999 ""
FIBERMAP 624 R-5C1 METROLOGY 1 0 0 1 0 0 -234.13269566328358 -90.12546583899383 143.1 -234.13269566328358 -90.12546583899383 10.0069475 170.02039 -999.0 -999.0 -999.0 -999.0 -999.0 -999.0 -999.0 -999.0 -999.0 -999.0 -999.0 -999.0 6231.0 -999.0 -1 -999 {-999.0 -999.0 -999.0 -999.0 -999.0} "" -999.0 -999.0 -999.0 -999.0 -999 -999 "" "" "" "" 0 0 0.0 0.0 -999 ""
FIBERMAP 627 R+5C4 APOGEE 0 0 0 1 0 0 -167.6378917256189 104.50493293926148 143.1 -167.6378917256189 104.50493293926148 10.00298 170.02731 -999.0 -999.0 -999.0 -999.0 -999.0 -999.0 -999.0 -999.0 -999.0 -999.0 -999.0 -999.0 16600.0 -999.0 2 -999 {-999.0 -999.0 -999.0 -999.0 -999.0} "" -999.0 -999.0 -999.0 -999.0 -999 -999 "" "" "" "" 0 0 0.0 0.0 -999 ""
FIBERMAP 627 R+5C4 BOSS 0 0 0 1 0 0 -166.8821563156959 104.5215723904158 143.1 -166.8821563156959 104.5215723904158 10.00298 170.02731 -999.0 -999.0 -999.0 -999.0 -999.0 -999.0 -999.0 -999.0 -999.0 -999.0 -999.0 -999.0 5400.0 -999.0 1 37 {-999.0 -999.0 -999.0 -999.0 -999.0} "" -999.0 -999.0 -999.0 -999.0 -999 -999 "" "" "" "" 0 0 0.0 0.0 -999 ""
FIBERMAP 627 R+5C4 METROLOGY 1 0 0 1 0 0 -167.25105166948362 103.86695429425757 143.1 -167.25105166948362 103.86695429425757 10.00298 170.02731 -999.0 -999.0 -999.0 -999.0 -999.0 -999.0 -999.0 -999.0 -999.0 -999.0 -999.0 -999.0 6231.0 -999.0 -1 -999 {-999.0 -999.0 -999.0 -999.0 -999.0} "" -999.0 -999.0 -999.0 -999.0 -999 -999 "" "" "" "" 0 0 0.0 0.0 -999 ""
FIBERMAP 630 R+11C4 APOGEE 0 0 0 1 0 0 -100.28619970465309 220.97461282673152 143.1 -100.28619970465309 220.97461282673152 9.995468 169.9971 -999.0 -999.0 -999.0 -999.0 -999.0 -999.0 -999.0 -999.0 -999.0 -999.0 -999.0 -999.0 16600.0 -999.0 2 26 {-999.0 -999.0 -999.0 -999.0 -999.0} "" -999.0 -999.0 -999.0 -999.0 -999 -999 "" "" "" "" 0 0 0.0 0.0 -999 ""
FIBERMAP 630 R+11C4 BOSS 0 0 0 1 0 0 -99.54294877420134 220.96065511294495 143.1 -99.54294877420134 220.96065511294495 9.995468 169.9971 -999.0 -999.0 -999.0 -999.0 -999.0 -999.0 -999.0 -999.0 -999.0 -999.0 -999.0 -999.0 5400.0 -999.0 1 145 {-999.0 -999.0 -999.0 -999.0 -999.0} "" -999.0 -999.0 -999.0 -999.0 -999 -999 "" "" "" "" 0 0 0.0 0.0 -999 ""
FIBERMAP 630 R+11C4 METROLOGY 1 0 0 1 0 0 -99.91021101580958 220.3229329687329 143.1 -99.91021101580958 220.3229329687329 9.995468 169.9971 -999.0 -999.0 -999.0 -999.0 -999.0 -999.0 -999.0 -999.0 -999.0 -999.0 -999.0 -999.0 6231.0 -999.0 -1 -999 {-999.0 -999.0 -999.0 -999.0 -999.0} "" -999.0 -999.0 -999.0 -999.0 -999 -999 "" "" "" "" 0 0 0.0 0.0 -999 ""
FIBERMAP 631 R-5C16 APOGEE 0 0 0 1 0 0 101.6504106662658 -89.6081127292614 143.1 101.6504106662658 -89.6081127292614 10.004456 169.99847 -999.0 -999.0 -999.0 -999.0 -999.0 -999.0 -999.0 -999.0 -999.0 -999.0 -999.0 -999.0 16600.0 -999.0 2 202 {-999.0 -999.0 -999.0 -999.0 -999.0} "" -999.0 -999.0 -999.0 -999.0 -999 -999 "" "" "" "" 0 0 0.0 0.0 -999 ""
FIBERMAP 631 R-5C16 BOSS 0 0 0 1 0 0 102.39610428697071 -89.59821702071648 143.1 102.39610428697071 -89.59821702071648 10.004456 169.99847 -999.0 -999.0 -999.0 -999.0 -999.0 -999.0 -999.0 -999.0 -999.0 -999.0 -999.0 -999.0 5400.0 -999.0 1 304 {-999.0 -999.0 -999.0 -999.0 -999.0} "" -999.0 -999.0 -999.0 -999.0 -999 -999 "" "" "" "" 0 0 0.0 0.0 -999 ""
FIBERMAP 631 R-5C16 METROLOGY 1 0 0 1 0 0 102.0396803649951 -90.24707900041895 143.1 102.0396803649951 -90.24707900041895 10.004456 169.99847 -999.0 -999.0 -999.0 -999.0 -999.0 -999.0 -999.0 -999.0 -999.0 -999.0 -999.0 -999.0 6231.0 -999.0 -1 -999 {-999.0 -999.0 -999.0 -999.0 -999.0} "" -999.0 -999.0 -999.0 -999.0 -999 -999 "" "" "" "" 0 0 0.0 0.0 -999 ""
FIBERMAP 635 R+9C12 APOGEE 0 0 0 1 0 0 56.39885117054345 182.3612495224885 143.1 56.39885117054345 182.3612495224885 10.006403 169.99591 -999.0 -999.0 -999.0 -999.0 -999.0 -999.0 -999.0 -999.0 -999.0 -999.0 -999.0 -999.0 16600.0 -999.0 2 25 {-999.0 -999.0 -999.0 -999.0 -999.0} "" -999.0 -999.0 -999.0 -999.0 -999 -999 "" "" "" "" 0 0 0.0 0.0 -999 ""
FIBERMAP 635 R+9C12 BOSS 0 0 0 1 0 0 57.14444136392293 182.3659594276826 143.1 57.14444136392293 182.3659594276826 10.006403 169.99591 -999.0 -999.0 -999.0 -999.0 -999.0 -999.0 -999.0 -999.0 -999.0 -999.0 -999.0 -999.0 5400.0 -999.0 1 140 {-999.0 -999.0 -999.0 -999.0 -999.0} "" -999.0 -999.0 -999.0 -999.0 -999 -999 "" "" "" "" 0 0 0.0 0.0 -999 ""
FIBERMAP 635 R+9C12 METROLOGY 1 0 0 1 0 0 56.78145023313236 181.7166997582156 143.1 56.78145023313236 181.7166997582156 10.006403 169.99591 -999.0 -999.0 -999.0 -999.0 -999.0 -999.0 -999.0 -999.0 -999.0 -999.0 -999.0 -999.0 6231.0 -999.0 -1 -999 {-999.0 -999.0 -999.0 -999.0 -999.0} "" -999.0 -999.0 -999.0 -999.0 -999 -999 "" "" "" "" 0 0 0.0 0.0 -999 ""
FIBERMAP 637 R-13C10 APOGEE 0 0 0 1 0 0 56.91728515561574 -244.60447013795675 143.1 56.91728515561574 -244.60447013795675 10.008011 170.00604 -999.0 -999.0 -999.0 -999.0 -999.0 -999.0 -999.0 -999.0 -999.0 -999.0 -999.0 -999.0 16600.0 -999.0 2 181 {-999.0 -999.0 -999.0 -999.0 -999.0} "" -999.0 -999.0 -999.0 -999.0 -999 -999 "" "" "" "" 0 0 0.0 0.0 -999 ""
FIBERMAP 637 R-13C10 BOSS 0 0 0 1 0 0 57.6629758893992 -244.6310588727516 143.1 57.6629758893992 -244.6310588727516 10.008011 170.00604 -999.0 -999.0 -999.0 -999.0 -999.0 -999.0 -999.0 -999.0 -999.0 -999.0 -999.0 -999.0 5400.0 -999.0 1 335 {-999.0 -999.0 -999.0 -999.0 -999.0} "" -999.0 -999.0 -999.0 -999.0 -999 -999 "" "" "" "" 0 0 0.0 0.0 -999 ""
FIBERMAP 637 R-13C10 METROLOGY 1 0 0 1 0 0 57.27295177572948 -245.26088290352007 143.1 57.27295177572948 -245.26088290352007 10.008011 170.00604 -999.0 -999.0 -999.0 -999.0 -999.0 -999.0 -999.0 -999.0 -999.0 -999.0 -999.0 -999.0 6231.0 -999.0 -1 -999 {-999.0 -999.0 -999.0 -999.0 -999.0} "" -999.0 -999.0 -999.0 -999.0 -999 -999 "" "" "" "" 0 0 0.0 0.0 -999 ""
FIBERMAP 640 R-5C17 APOGEE 0 0 0 1 0 0 123.76669088940535 -89.41626318248399 143.1 123.76669088940535 -89.41626318248399 10.005017 170.01328 -999.0 -999.0 -999.0 -999.0 -999.0 -999.0 -999.0 -999.0 -999.0 -999.0 -999.0 -999.0 16600.0 -999.0 2 -999 {-999.0 -999.0 -999.0 -999.0 -999.0} "" -999.0 -999.0 -999.0 -999.0 -999 -999 "" "" "" "" 0 0 0.0 0.0 -999 ""
FIBERMAP 640 R-5C17 BOSS 0 0 0 1 0 0 124.53055548252408 -89.40971619184737 143.1 124.53055548252408 -89.40971619184737 10.005017 170.01328 -999.0 -999.0 -999.0 -999.0 -999.0 -999.0 -999.0 -999.0 -999.0 -999.0 -999.0 -999.0 5400.0 -999.0 1 300 {-999.0 -999.0 -999.0 -999.0 -999.0} "" -999.0 -999.0 -999.0 -999.0 -999 -999 "" "" "" "" 0 0 0.0 0.0 -999 ""
FIBERMAP 640 R-5C17 METROLOGY 1 0 0 1 0 0 124.15745549440231 -90.05184559570306 143.1 124.15745549440231 -90.05184559570306 10.005017 170.01328 -999.0 -999.0 -999.0 -999.0 -999.0 -999.0 -999.0 -999.0 -999.0 -999.0 -999.0 -999.0 6231.0 -999.0 -1 -999 {-999.0 -999.0 -999.0 -999.0 -999.0} "" -999.0 -999.0 -999.0 -999.0 -999 -999 "" "" "" "" 0 0 0.0 0.0 -999 ""
FIBERMAP 641 R-8C16 APOGEE 0 0 0 1 0 0 135.0068540386063 -147.7413300832943 143.1 135.0068540386063 -147.7413300832943 10.013173 170.00325 -999.0 -999.0 -999.0 -999.0 -999.0 -999.0 -999.0 -999.0 -999.0 -999.0 -999.0 -999.0 16600.0 -999.0 2 -999 {-999.0 -999.0 -999.0 -999.0 -999.0} "" -999.0 -999.0 -999.0 -999.0 -999 -999 "" "" "" "" 0 0 0.0 0.0 -999 ""
FIBERMAP 641 R-8C16 BOSS 0 0 0 1 0 0 135.76483193694133 -147.73341944576887 143.1 135.76483193694133 -147.73341944576887 10.013173 170.00325 -999.0 -999.0 -999.0 -999.0 -999.0 -999.0 -999.0 -999.0 -999.0 -999.0 -999.0 -999.0 5400.0 -999.0 1 307 {-999.0 -999.0 -999.0 -999.0 -999.0} "" -999.0 -999.0 -999.0 -999.0 -999 -999 "" "" "" "" 0 0 0.0 0.0 -999 ""
FIBERMAP 641 R-8C16 METROLOGY 1 0 0 1 0 0 135.38957700246345 -148.3817870400433 143.1 135.38957700246345 -148.3817870400433 10.013173 170.00325 -999.0 -999.0 -999.0 -999.0 -999.0 -999.0 -999.0 -999.0 -999.0 -999.0 -999.0 -999.0 6231.0 -999.0 -1 -999 {-999.0 -999.0 -999.0 -999.0 -999.0} "" -999.0 -999.0 -999.0 -999.0 -999 -999 "" "" "" "" 0 0 0.0 0.0 -999 ""
FIBERMAP 647 R-6C1 APOGEE 0 0 0 1 0 0 -223.53952827134748 -108.75839820465119 143.1 -223.53952827134748 -108.75839820465119 10.002448 170.05411 -999.0 -999.0 -999.0 -999.0 -999.0 -999.0 -999.0 -999.0 -999.0 -999.0 -999.0 -999.0 16600.0 -999.0 2 261 {-999.0 -999.0 -999.0 -999.0 -999.0} "" -999.0 -999.0 -999.0 -999.0 -999 -999 "" "" "" "" 0 0 0.0 0.0 -999 ""
FIBERMAP 647 R-6C1 BOSS 0 0 0 1 0 0 -222.80199958678483 -108.71582011015892 143.1 -222.80199958678483 -108.71582011015892 10.002448 170.05411 -999.0 -999.0 -999.0 -999.0 -999.0 -999.0 -999.0 -999.0 -999.0 -999.0 -999.0 -999.0 5400.0 -999.0 1 499 {-999.0 -999.0 -999.0 -999.0 -999.0} "" -999.0 -999.0 -999.0 -999.0 -999 -999 "" "" "" "" 0 0 0.0 0.0 -999 ""
FIBERMAP 647 R-6C1 METROLOGY 1 0 0 1 0 0 -223.10055072030912 -109.39458777465804 143.1 -223.10055072030912 -109.39458777465804 10.002448 170.05411 -999.0 -999.0 -999.0 -999.0 -999.0 -999.0 -999.0 -999.0 -999.0 -999.0 -999.0 -999.0 6231.0 -999.0 -1 -999 {-999.0 -999.0 -999.0 -999.0 -999.0} "" -999.0 -999.0 -999.0 -999.0 -999 -999 "" "" "" "" 0 0 0.0 0.0 -999 ""
FIBERMAP 648 R+10C6 APOGEE 0 0 0 1 0 0 -66.58630040883112 201.61392938792918 143.1 -66.58630040883112 201.61392938792918 9.9951 170.01154 -999.0 -999.0 -999.0 -999.0 -999.0 -999.0 -999.0 -999.0 -999.0 -999.0 -999.0 -999.0 16600.0 -999.0 2 -999 {-999.0 -999.0 -999.0 -999.0 -999.0} "" -999.0 -999.0 -999.0 -999.0 -999 -999 "" "" "" "" 0 0 0.0 0.0 -999 ""
FIBERMAP 648 R+10C6 BOSS 0 0 0 1 0 0 -65.81128078281708 201.60529785742034 143.1 -65.81128078281708 201.60529785742034 9.9951 170.01154 -999.0 -999.0 -999.0 -999.0 -999.0 -999.0 -999.0 -999.0 -999.0 -999.0 -999.0 -999.0 5400.0 -999.0 1 119 {-999.0 -999.0 -999.0 -999.0 -999.0} "" -999.0 -999.0 -999.0 -999.0 -999 -999 "" "" "" "" 0 0 0.0 0.0 -999 ""
FIBERMAP 648 R+10C6 METROLOGY 1 0 0 1 0 0 -66.2087207591536 200.97042679379206 143.1 -66.2087207591536 200.97042679379206 9.9951 170.01154 -999.0 -999.0 -999.0 -999.0 -999.0 -999.0 -999.0 -999.0 -999.0 -999.0 -999.0 -999.0 6231.0 -999.0 -1 -999 {-999.0 -999.0 -999.0 -999.0 -999.0} "" -999.0 -999.0 -999.0 -999.0 -999 -999 "" "" "" "" 0 0 0.0 0.0 -999 ""
FIBERMAP 650 R-2C1 APOGEE 0 0 0 1 0 0 -267.84006341960037 -31.319731823437714 143.1 -267.84006341960037 -31.319731823437714 10.003047 170.00848 -999.0 -999.0 -999.0 -999.0 -999.0 -999.0 -999.0 -999.0 -999.0 -999.0 -999.0 -999.0 16600.0 -999.0 2 275 {-999.0 -999.0 -999.0 -999.0 -999.0} "" -999.0 -999.0 -999.0 -999.0 -999 -999 "" "" "" "" 0 0 0.0 0.0 -999 ""
FIBERMAP 650 R-2C1 BOSS 0 0 0 1 0 0 -267.09198856081883 -31.309332739928816 143.1 -267.09198856081883 -31.309332739928816 10.003047 170.00848 -999.0 -999.0 -999.0 -999.0 -999.0 -999.0 -999.0 -999.0 -999.0 -999.0 -999.0 -999.0 5400.0 -999.0 1 426 {-999.0 -999.0 -999.0 -999.0 -999.0} "" -999.0 -999.0 -999.0 -999.0 -999 -999 "" "" "" "" 0 0 0.0 0.0 -999 ""
FIBERMAP 650 R-2C1 METROLOGY 1 0 0 1 0 0 -267.4531648960446 -31.958100525073046 143.1 -267.4531648960446 -31.958100525073046 10.003047 170.00848 -999.0 -999.0 -999.0 -999.0 -999.0 -999.0 -999.0 -999.0 -999.0 -999.0 -999.0 -999.0 6231.0 -999.0 -1 -999 {-999.0 -999.0 -999.0 -999.0 -999.0} "" -999.0 -999.0 -999.0 -999.0 -999 -999 "" "" "" "" 0 0 0.0 0.0 -999 ""
FIBERMAP 654 R+12C14 APOGEE 0 0 0 1 0 0 134.7577146453903 240.33100865708468 143.1 134.7577146453903 240.33100865708468 10.002224 170.00778 -999.0 -999.0 -999.0 -999.0 -999.0 -999.0 -999.0 -999.0 -999.0 -999.0 -999.0 -999.0 16600.0 -999.0 2 91 {-999.0 -999.0 -999.0 -999.0 -999.0} "" -999.0 -999.0 -999.0 -999.0 -999 -999 "" "" "" "" 0 0 0.0 0.0 -999 ""
FIBERMAP 654 R+12C14 BOSS 0 0 0 1 0 0 135.4993298862435 240.31959326030747 143.1 135.4993298862435 240.31959326030747 10.002224 170.00778 -999.0 -999.0 -999.0 -999.0 -999.0 -999.0 -999.0 -999.0 -999.0 -999.0 -999.0 -999.0 5400.0 -999.0 1 89 {-999.0 -999.0 -999.0 -999.0 -999.0} "" -999.0 -999.0 -999.0 -999.0 -999 -999 "" "" "" "" 0 0 0.0 0.0 -999 ""
FIBERMAP 654 R+12C14 METROLOGY 1 0 0 1 0 0 135.12212566420425 239.67101484475907 143.1 135.12212566420425 239.67101484475907 10.002224 170.00778 -999.0 -999.0 -999.0 -999.0 -999.0 -999.0 -999.0 -999.0 -999.0 -999.0 -999.0 -999.0 6231.0 -999.0 -1 -999 {-999.0 -999.0 -999.0 -999.0 -999.0} "" -999.0 -999.0 -999.0 -999.0 -999 -999 "" "" "" "" 0 0 0.0 0.0 -999 ""
FIBERMAP 660 R+8C18 APOGEE 0 0 0 1 0 0 179.91493646549458 162.77751671466325 143.1 179.91493646549458 162.77751671466325 10.004072 170.02667 -999.0 -999.0 -999.0 -999.0 -999.0 -999.0 -999.0 -999.0 -999.0 -999.0 -999.0 -999.0 16600.0 -999.0 2 -999 {-999.0 -999.0 -999.0 -999.0 -999.0} "" -999.0 -999.0 -999.0 -999.0 -999 -999 "" "" "" "" 0 0 0.0 0.0 -999 ""
FIBERMAP 660 R+8C18 BOSS 0 0 0 1 0 0 180.67170674796142 162.7850450569904 143.1 180.67170674796142 162.7850450569904 10.004072 170.02667 -999.0 -999.0 -999.0 -999.0 -999.0 -999.0 -999.0 -999.0 -999.0 -999.0 -999.0 -999.0 5400.0 -999.0 1 239 {-999.0 -999.0 -999.0 -999.0 -999.0} "" -999.0 -999.0 -999.0 -999.0 -999 -999 "" "" "" "" 0 0 0.0 0.0 -999 ""
FIBERMAP 660 R+8C18 METROLOGY 1 0 0 1 0 0 180.29266712763223 162.1341027519667 143.1 180.29266712763223 162.1341027519667 10.004072 170.02667 -999.0 -999.0 -999.0 -999.0 -999.0 -999.0 -999.0 -999.0 -999.0 -999.0 -999.0 -999.0 6231.0 -999.0 -1 -999 {-999.0 -999.0 -999.0 -999.0 -999.0} "" -999.0 -999.0 -999.0 -999.0 -999 -999 "" "" "" "" 0 0 0.0 0.0 -999 ""
FIBERMAP 661 R-11C8 APOGEE 0 0 0 1 0 0 -10.436826597242026 -205.82950807382772 143.1 -10.436826597242026 -205.82950807382772 10.0011015 170.02563 -999.0 -999.0 -999.0 -999.0 -999.0 -999.0 -999.0 -999.0 -999.0 -999.0 -999.0 -999.0 16600.0 -999.0 2 158 {-999.0 -999.0 -999.0 -999.0 -999.0} "" -999.0 -999.0 -999.0 -999.0 -999 -999 "" "" "" "" 0 0 0.0 0.0 -999 ""
FIBERMAP 661 R-11C8 BOSS 0 0 0 1 0 0 -9.691670762455843 -205.79630979408225 143.1 -9.691670762455843 -205.79630979408225 10.0011015 170.02563 -999.0 -999.0 -999.0 -999.0 -999.0 -999.0 -999.0 -999.0 -999.0 -999.0 -999.0 -999.0 5400.0 -999.0 1 360 {-999.0 -999.0 -999.0 -999.0 -999.0} "" -999.0 -999.0 -999.0 -999.0 -999 -999 "" "" "" "" 0 0 0.0 0.0 -999 ""
FIBERMAP 661 R-11C8 METROLOGY 1 0 0 1 0 0 -10.039512913833956 -206.46180663109638 143.1 -10.039512913833956 -206.46180663109638 10.0011015 170.02563 -999.0 -999.0 -999.0 -999.0 -999.0 -999.0 -999.0 -999.0 -999.0 -999.0 -999.0 -999.0 6231.0 -999.0 -1 -999 {-999.0 -999.0 -999.0 -999.0 -999.0} "" -999.0 -999.0 -999.0 -999.0 -999 -999 "" "" "" "" 0 0 0.0 0.0 -999 ""
FIBERMAP 663 R0C1 APOGEE 0 0 0 1 0 0 -290.47368884044215 7.51992230640335 143.1 -290.47368884044215 7.51992230640335 10.017535 169.98877 -999.0 -999.0 -999.0 -999.0 -999.0 -999.0 -999.0 -999.0 -999.0 -999.0 -999.0 -999.0 16600.0 -999.0 2 277 {-999.0 -999.0 -999.0 -999.0 -999.0} "" -999.0 -999.0 -999.0 -999.0 -999 -999 "" "" "" "" 0 0 0.0 0.0 -999 ""
FIBERMAP 663 R0C1 BOSS 0 0 0 1 0 0 -289.7310293074489 7.5369191635738435 143.1 -289.7310293074489 7.5369191635738435 10.017535 169.98877 -999.0 -999.0 -999.0 -999.0 -999.0 -999.0 -999.0 -999.0 -999.0 -999.0 -999.0 -999.0 5400.0 -999.0 1 424 {-999.0 -999.0 -999.0 -999.0 -999.0} "" -999.0 -999.0 -999.0 -999.0 -999 -999 "" "" "" "" 0 0 0.0 0.0 -999 ""
FIBERMAP 663 R0C1 METROLOGY 1 0 0 1 0 0 -290.07553420305413 6.876440271701146 143.1 -290.07553420305413 6.876440271701146 10.017535 169.98877 -999.0 -999.0 -999.0 -999.0 -999.0 -999.0 -999.0 -999.0 -999.0 -999.0 -999.0 -999.0 6231.0 -999.0 -1 -999 {-999.0 -999.0 -999.0 -999.0 -999.0} "" -999.0 -999.0 -999.0 -999.0 -999 -999 "" "" "" "" 0 0 0.0 0.0 -999 ""
FIBERMAP 664 R+7C5 APOGEE 0 0 0 1 0 0 -122.63766660997132 143.49162361693757 143.1 -122.63766660997132 143.49162361693757 10.010943 169.98738 -999.0 -999.0 -999.0 -999.0 -999.0 -999.0 -999.0 -999.0 -999.0 -999.0 -999.0 -999.0 16600.0 -999.0 2 117 {-999.0 -999.0 -999.0 -999.0 -999.0} "" -999.0 -999.0 -999.0 -999.0 -999 -999 "" "" "" "" 0 0 0.0 0.0 -999 ""
FIBERMAP 664 R+7C5 BOSS 0 0 0 1 0 0 -121.8974591048987 143.48400160517204 143.1 -121.8974591048987 143.48400160517204 10.010943 169.98738 -999.0 -999.0 -999.0 -999.0 -999.0 -999.0 -999.0 -999.0 -999.0 -999.0 -999.0 -999.0 5400.0 -999.0 1 56 {-999.0 -999.0 -999.0 -999.0 -999.0} "" -999.0 -999.0 -999.0 -999.0 -999 -999 "" "" "" "" 0 0 0.0 0.0 -999 ""
FIBERMAP 664 R+7C5 METROLOGY 1 0 0 1 0 0 -122.27364353158501 142.84288055544815 143.1 -122.27364353158501 142.84288055544815 10.010943 169.98738 -999.0 -999.0 -999.0 -999.0 -999.0 -999.0 -999.0 -999.0 -999.0 -999.0 -999.0 -999.0 6231.0 -999.0 -1 -999 {-999.0 -999.0 -999.0 -999.0 -999.0} "" -999.0 -999.0 -999.0 -999.0 -999 -999 "" "" "" "" 0 0 0.0 0.0 -999 ""
FIBERMAP 665 R-5C18 APOGEE 0 0 0 1 0 0 146.27308143720043 -89.52298027127155 143.1 146.27308143720043 -89.52298027127155 9.984368 170.00906 -999.0 -999.0 -999.0 -999.0 -999.0 -999.0 -999.0 -999.0 -999.0 -999.0 -999.0 -999.0 16600.0 -999.0 2 220 {-999.0 -999.0 -999.0 -999.0 -999.0} "" -999.0 -999.0 -999.0 -999.0 -999 -999 "" "" "" "" 0 0 0.0 0.0 -999 ""
FIBERMAP 665 R-5C18 BOSS 0 0 0 1 0 0 147.0121445907524 -89.50132128926778 143.1 147.0121445907524 -89.50132128926778 9.984368 170.00906 -999.0 -999.0 -999.0 -999.0 -999.0 -999.0 -999.0 -999.0 -999.0 -999.0 -999.0 -999.0 5400.0 -999.0 1 292 {-999.0 -999.0 -999.0 -999.0 -999.0} "" -999.0 -999.0 -999.0 -999.0 -999 -999 "" "" "" "" 0 0 0.0 0.0 -999 ""
FIBERMAP 665 R-5C18 METROLOGY 1 0 0 1 0 0 146.65031537929121 -90.15875208757022 143.1 146.65031537929121 -90.15875208757022 9.984368 170.00906 -999.0 -999.0 -999.0 -999.0 -999.0 -999.0 -999.0 -999.0 -999.0 -999.0 -999.0 -999.0 6231.0 -999.0 -1 -999 {-999.0 -999.0 -999.0 -999.0 -999.0} "" -999.0 -999.0 -999.0 -999.0 -999 -999 "" "" "" "" 0 0 0.0 0.0 -999 ""
FIBERMAP 667 R0C9 APOGEE 0 0 0 1 0 0 -111.27699917651869 7.4731520082169896 143.1 -111.27699917651869 7.4731520082169896 9.996464 169.99872 -999.0 -999.0 -999.0 -999.0 -999.0 -999.0 -999.0 -999.0 -999.0 -999.0 -999.0 -999.0 16600.0 -999.0 2 246 {-999.0 -999.0 -999.0 -999.0 -999.0} "" -999.0 -999.0 -999.0 -999.0 -999 -999 "" "" "" "" 0 0 0.0 0.0 -999 ""
FIBERMAP 667 R0C9 BOSS 0 0 0 1 0 0 -110.53505703673854 7.492096173868437 143.1 -110.53505703673854 7.492096173868437 9.996464 169.99872 -999.0 -999.0 -999.0 -999.0 -999.0 -999.0 -999.0 -999.0 -999.0 -999.0 -999.0 -999.0 5400.0 -999.0 1 492 {-999.0 -999.0 -999.0 -999.0 -999.0} "" -999.0 -999.0 -999.0 -999.0 -999 -999 "" "" "" "" 0 0 0.0 0.0 -999 ""
FIBERMAP 667 R0C9 METROLOGY 1 0 0 1 0 0 -110.88797515400061 6.8353652547052635 143.1 -110.88797515400061 6.8353652547052635 9.996464 169.99872 -999.0 -999.0 -999.0 -999.0 -999.0 -999.0 -999.0 -999.0 -999.0 -999.0 -999.0 -999.0 6231.0 -999.0 -1 -999 {-999.0 -999.0 -999.0 -999.0 -999.0} "" -999.0 -999.0 -999.0 -999.0 -999 -999 "" "" "" "" 0 0 0.0 0.0 -999 ""
FIBERMAP 669 R+3C3 APOGEE 0 0 0 1 0 0 -212.08110915679188 65.67496162314045 143.1 -212.08110915679188 65.67496162314045 9.992933 170.00374 -999.0 -999.0 -999.0 -999.0 -999.0 -999.0 -999.0 -999.0 -999.0 -999.0 -999.0 -999.0 16600.0 -999.0 2 107 {-999.0 -999.0 -999.0 -999.0 -999.0} "" -999.0 -999.0 -999.0 -999.0 -999 -999 "" "" "" "" 0 0 0.0 0.0 -999 ""
FIBERMAP 669 R+3C3 BOSS 0 0 0 1 0 0 -211.3417238915611 65.65491531883927 143.1 -211.3417238915611 65.65491531883927 9.992933 170.00374 -999.0 -999.0 -999.0 -999.0 -999.0 -999.0 -999.0 -999.0 -999.0 -999.0 -999.0 -999.0 5400.0 -999.0 1 59 {-999.0 -999.0 -999.0 -999.0 -999.0} "" -999.0 -999.0 -999.0 -999.0 -999 -999 "" "" "" "" 0 0 0.0 0.0 -999 ""
FIBERMAP 669 R+3C3 METROLOGY 1 0 0 1 0 0 -211.7188378860185 65.01484377305042 143.1 -211.7188378860185 65.01484377305042 9.992933 170.00374 -999.0 -999.0 -999.0 -999.0 -999.0 -999.0 -999.0 -999.0 -999.0 -999.0 -999.0 -999.0 6231.0 -999.0 -1 -999 {-999.0 -999.0 -999.0 -999.0 -999.0} "" -999.0 -999.0 -999.0 -999.0 -999 -999 "" "" "" "" 0 0 0.0 0.0 -999 ""
FIBERMAP 671 R+1C15 APOGEE 0 0 0 1 0 0 34.05197996067758 26.98214918320674 143.1 34.05197996067758 26.98214918320674 10.004021 170.01724 -999.0 -999.0 -999.0 -999.0 -999.0 -999.0 -999.0 -999.0 -999.0 -999.0 -999.0 -999.0 16600.0 -999.0 2 -999 {-999.0 -999.0 -999.0 -999.0 -999.0} "" -999.0 -999.0 -999.0 -999.0 -999 -999 "" "" "" "" 0 0 0.0 0.0 -999 ""
FIBERMAP 671 R+1C15 BOSS 0 0 0 1 0 0 34.818851926845234 26.999500678504283 143.1 34.818851926845234 26.999500678504283 10.004021 170.01724 -999.0 -999.0 -999.0 -999.0 -999.0 -999.0 -999.0 -999.0 -999.0 -999.0 -999.0 -999.0 5400.0 -999.0 1 189 {-999.0 -999.0 -999.0 -999.0 -999.0} "" -999.0 -999.0 -999.0 -999.0 -999 -999 "" "" "" "" 0 0 0.0 0.0 -999 ""
FIBERMAP 671 R+1C15 METROLOGY 1 0 0 1 0 0 34.446191971679426 26.348699208154503 143.1 34.446191971679426 26.348699208154503 10.004021 170.01724 -999.0 -999.0 -999.0 -999.0 -999.0 -999.0 -999.0 -999.0 -999.0 -999.0 -999.0 -999.0 6231.0 -999.0 -1 -999 {-999.0 -999.0 -999.0 -999.0 -999.0} "" -999.0 -999.0 -999.0 -999.0 -999 -999 "" "" "" "" 0 0 0.0 0.0 -999 ""
FIBERMAP 673 R-11C1 APOGEE 0 0 0 1 0 0 -167.26216395893775 -205.78768585344642 143.1 -167.26216395893775 -205.78768585344642 10.0030775 170.01881 -999.0 -999.0 -999.0 -999.0 -999.0 -999.0 -999.0 -999.0 -999.0 -999.0 -999.0 -999.0 16600.0 -999.0 2 271 {-999.0 -999.0 -999.0 -999.0 -999.0} "" -999.0 -999.0 -999.0 -999.0 -999 -999 "" "" "" "" 0 0 0.0 0.0 -999 ""
FIBERMAP 673 R-11C1 BOSS 0 0 0 1 0 0 -166.51445545744238 -205.7777732890966 143.1 -166.51445545744238 -205.7777732890966 10.0030775 170.01881 -999.0 -999.0 -999.0 -999.0 -999.0 -999.0 -999.0 -999.0 -999.0 -999.0 -999.0 -999.0 5400.0 -999.0 1 421 {-999.0 -999.0 -999.0 -999.0 -999.0} "" -999.0 -999.0 -999.0 -999.0 -999 -999 "" "" "" "" 0 0 0.0 0.0 -999 ""
FIBERMAP 673 R-11C1 METROLOGY 1 0 0 1 0 0 -166.87859745430376 -206.43322362477696 143.1 -166.87859745430376 -206.43322362477696 10.0030775 170.01881 -999.0 -999.0 -999.0 -999.0 -999.0 -999.0 -999.0 -999.0 -999.0 -999.0 -999.0 -999.0 6231.0 -999.0 -1 -999 {-999.0 -999.0 -999.0 -999.0 -999.0} "" -999.0 -999.0 -999.0 -999.0 -999 -999 "" "" "" "" 0 0 0.0 0.0 -999 ""
FIBERMAP 674 R+4C1 APOGEE 0 0 0 1 0 0 -245.8195164549643 85.12107983294307 143.1 -245.8195164549643 85.12107983294307 10.007651 170.0116 -999.0 -999.0 -999.0 -999.0 -999.0 -999.0 -999.0 -999.0 -999.0 -999.0 -999.0 -999.0 16600.0 -999.0 2 144 {-999.0 -999.0 -999.0 -999.0 -999.0} "" -999.0 -999.0 -999.0 -999.0 -999 -999 "" "" "" "" 0 0 0.0 0.0 -999 ""
FIBERMAP 674 R+4C1 BOSS 0 0 0 1 0 0 -245.08531580516203 85.1160468072371 143.1 -245.08531580516203 85.1160468072371 10.007651 170.0116 -999.0 -999.0 -999.0 -999.0 -999.0 -999.0 -999.0 -999.0 -999.0 -999.0 -999.0 -999.0 5400.0 -999.0 1 2 {-999.0 -999.0 -999.0 -999.0 -999.0} "" -999.0 -999.0 -999.0 -999.0 -999 -999 "" "" "" "" 0 0 0.0 0.0 -999 ""
FIBERMAP 674 R+4C1 METROLOGY 1 0 0 1 0 0 -245.46107643800966 84.46643693977096 143.1 -245.46107643800966 84.46643693977096 10.007651 170.0116 -999.0 -999.0 -999.0 -999.0 -999.0 -999.0 -999.0 -999.0 -999.0 -999.0 -999.0 -999.0 6231.0 -999.0 -1 -999 {-999.0 -999.0 -999.0 -999.0 -999.0} "" -999.0 -999.0 -999.0 -999.0 -999 -999 "" "" "" "" 0 0 0.0 0.0 -999 ""
FIBERMAP 675 R-1C20 APOGEE 0 0 0 1 0 0 146.13197991024646 -11.798395575294183 143.1 146.13197991024646 -11.798395575294183 9.98858 170.0179 -999.0 -999.0 -999.0 -999.0 -999.0 -999.0 -999.0 -999.0 -999.0 -999.0 -999.0 -999.0 16600.0 -999.0 2 227 {-999.0 -999.0 -999.0 -999.0 -999.0} "" -999.0 -999.0 -999.0 -999.0 -999 -999 "" "" "" "" 0 0 0.0 0.0 -999 ""
FIBERMAP 675 R-1C20 BOSS 0 0 0 1 0 0 146.8789478331951 -11.765442785404796 143.1 146.8789478331951 -11.765442785404796 9.98858 170.0179 -999.0 -999.0 -999.0 -999.0 -999.0 -999.0 -999.0 -999.0 -999.0 -999.0 -999.0 -999.0 5400.0 -999.0 1 271 {-999.0 -999.0 -999.0 -999.0 -999.0} "" -999.0 -999.0 -999.0 -999.0 -999 -999 "" "" "" "" 0 0 0.0 0.0 -999 ""
FIBERMAP 675 R-1C20 METROLOGY 1 0 0 1 0 0 146.52331765591703 -12.43844164081304 143.1 146.52331765591703 -12.43844164081304 9.98858 170.0179 -999.0 -999.0 -999.0 -999.0 -999.0 -999.0 -999.0 -999.0 -999.0 -999.0 -999.0 -999.0 6231.0 -999.0 -1 -999 {-999.0 -999.0 -999.0 -999.0 -999.0} "" -999.0 -999.0 -999.0 -999.0 -999 -999 "" "" "" "" 0 0 0.0 0.0 -999 ""
FIBERMAP 676 R-9C12 APOGEE 0 0 0 1 0 0 56.82036865654209 -167.3032285012392 143.1 56.82036865654209 -167.3032285012392 9.985718 169.98738 -999.0 -999.0 -999.0 -999.0 -999.0 -999.0 -999.0 -999.0 -999.0 -999.0 -999.0 -999.0 16600.0 -999.0 2 152 {-999.0 -999.0 -999.0 -999.0 -999.0} "" -999.0 -999.0 -999.0 -999.0 -999 -999 "" "" "" "" 0 0 0.0 0.0 -999 ""
FIBERMAP 676 R-9C12 BOSS 0 0 0 1 0 0 57.57274726279375 -167.3029907153707 143.1 57.57274726279375 -167.3029907153707 9.985718 169.98738 -999.0 -999.0 -999.0 -999.0 -999.0 -999.0 -999.0 -999.0 -999.0 -999.0 -999.0 -999.0 5400.0 -999.0 1 368 {-999.0 -999.0 -999.0 -999.0 -999.0} "" -999.0 -999.0 -999.0 -999.0 -999 -999 "" "" "" "" 0 0 0.0 0.0 -999 ""
FIBERMAP 676 R-9C12 METROLOGY 1 0 0 1 0 0 57.200020360303 -167.9539195216175 143.1 57.200020360303 -167.9539195216175 9.985718 169.98738 -999.0 -999.0 -999.0 -999.0 -999.0 -999.0 -999.0 -999.0 -999.0 -999.0 -999.0 -999.0 6231.0 -999.0 -1 -999 {-999.0 -999.0 -999.0 -999.0 -999.0} "" -999.0 -999.0 -999.0 -999.0 -999 -999 "" "" "" "" 0 0 0.0 0.0 -999 ""
FIBERMAP 677 R-11C3 APOGEE 0 0 0 1 0 0 -122.48258777111624 -205.94209402807564 143.1 -122.48258777111624 -205.94209402807564 9.995134 170.00903 -999.0 -999.0 -999.0 -999.0 -999.0 -999.0 -999.0 -999.0 -999.0 -999.0 -999.0 -999.0 16600.0 -999.0 2 206 {-999.0 -999.0 -999.0 -999.0 -999.0} "" -999.0 -999.0 -999.0 -999.0 -999 -999 "" "" "" "" 0 0 0.0 0.0 -999 ""
FIBERMAP 677 R-11C3 BOSS 0 0 0 1 0 0 -121.74317185385108 -205.90800807100536 143.1 -121.74317185385108 -205.90800807100536 9.995134 170.00903 -999.0 -999.0 -999.0 -999.0 -999.0 -999.0 -999.0 -999.0 -999.0 -999.0 -999.0 -999.0 5400.0 -999.0 1 338 {-999.0 -999.0 -999.0 -999.0 -999.0} "" -999.0 -999.0 -999.0 -999.0 -999 -999 "" "" "" "" 0 0 0.0 0.0 -999 ""
FIBERMAP 677 R-11C3 METROLOGY 1 0 0 1 0 0 -122.07848290625931 -206.56538111615177 143.1 -122.07848290625931 -206.56538111615177 9.995134 170.00903 -999.0 -999.0 -999.0 -999.0 -999.0 -999.0 -999.0 -999.0 -999.0 -999.0 -999.0 -999.0 6231.0 -999.0 -1 -999 {-999.0 -999.0 -999.0 -999.0 -999.0} "" -999.0 -999.0 -999.0 -999.0 -999 -999 "" "" "" "" 0 0 0.0 0.0 -999 ""
FIBERMAP 678 R+11C16 APOGEE 0 0 0 1 0 0 168.4950994635535 220.9247671473044 143.1 168.4950994635535 220.9247671473044 10.011645 170.00508 -999.0 -999.0 -999.0 -999.0 -999.0 -999.0 -999.0 -999.0 -999.0 -999.0 -999.0 -999.0 16600.0 -999.0 2 58 {-999.0 -999.0 -999.0 -999.0 -999.0} "" -999.0 -999.0 -999.0 -999.0 -999 -999 "" "" "" "" 0 0 0.0 0.0 -999 ""
FIBERMAP 678 R+11C16 BOSS 0 0 0 1 0 0 169.24547180532178 220.9283903395497 143.1 169.24547180532178 220.9283903395497 10.011645 170.00508 -999.0 -999.0 -999.0 -999.0 -999.0 -999.0 -999.0 -999.0 -999.0 -999.0 -999.0 -999.0 5400.0 -999.0 1 171 {-999.0 -999.0 -999.0 -999.0 -999.0} "" -999.0 -999.0 -999.0 -999.0 -999 -999 "" "" "" "" 0 0 0.0 0.0 -999 ""
FIBERMAP 678 R+11C16 METROLOGY 1 0 0 1 0 0 168.87518866437898 220.28151756815788 143.1 168.87518866437898 220.28151756815788 10.011645 170.00508 -999.0 -999.0 -999.0 -999.0 -999.0 -999.0 -999.0 -999.0 -999.0 -999.0 -999.0 -999.0 6231.0 -999.0 -1 -999 {-999.0 -999.0 -999.0 -999.0 -999.0} "" -999.0 -999.0 -999.0 -999.0 -999 -999 "" "" "" "" 0 0 0.0 0.0 -999 ""
FIBERMAP 681 R+6C17 APOGEE 0 0 0 1 0 0 135.24214757353278 124.10328270602905 143.1 135.24214757353278 124.10328270602905 9.9878025 169.99635 -999.0 -999.0 -999.0 -999.0 -999.0 -999.0 -999.0 -999.0 -999.0 -999.0 -999.0 -999.0 16600.0 -999.0 2 71 {-999.0 -999.0 -999.0 -999.0 -999.0} "" -999.0 -999.0 -999.0 -999.0 -999 -999 "" "" "" "" 0 0 0.0 0.0 -999 ""
FIBERMAP 681 R+6C17 BOSS 0 0 0 1 0 0 135.97829723372507 124.08947607722243 143.1 135.97829723372507 124.08947607722243 9.9878025 169.99635 -999.0 -999.0 -999.0 -999.0 -999.0 -999.0 -999.0 -999.0 -999.0 -999.0 -999.0 -999.0 5400.0 -999.0 1 207 {-999.0 -999.0 -999.0 -999.0 -999.0} "" -999.0 -999.0 -999.0 -999.0 -999 -999 "" "" "" "" 0 0 0.0 0.0 -999 ""
FIBERMAP 681 R+6C17 METROLOGY 1 0 0 1 0 0 135.61108058404702 123.44645122358604 143.1 135.61108058404702 123.44645122358604 9.9878025 169.99635 -999.0 -999.0 -999.0 -999.0 -999.0 -999.0 -999.0 -999.0 -999.0 -999.0 -999.0 -999.0 6231.0 -999.0 -1 -999 {-999.0 -999.0 -999.0 -999.0 -999.0} "" -999.0 -999.0 -999.0 -999.0 -999 -999 "" "" "" "" 0 0 0.0 0.0 -999 ""
FIBERMAP 683 R-1C25 APOGEE 0 0 0 1 0 0 258.49375247920284 -11.783858694367034 143.1 258.49375247920284 -11.783858694367034 10.020318 170.00623 -999.0 -999.0 -999.0 -999.0 -999.0 -999.0 -999.0 -999.0 -999.0 -999.0 -999.0 -999.0 16600.0 -999.0 2 -999 {-999.0 -999.0 -999.0 -999.0 -999.0} "" -999.0 -999.0 -999.0 -999.0 -999 -999 "" "" "" "" 0 0 0.0 0.0 -999 ""
FIBERMAP 683 R-1C25 BOSS 0 0 0 1 0 0 259.2515425757958 -11.787373319954547 143.1 259.2515425757958 -11.787373319954547 10.020318 170.00623 -999.0 -999.0 -999.0 -999.0 -999.0 -999.0 -999.0 -999.0 -999.0 -999.0 -999.0 -999.0 5400.0 -999.0 1 261 {-999.0 -999.0 -999.0 -999.0 -999.0} "" -999.0 -999.0 -999.0 -999.0 -999 -999 "" "" "" "" 0 0 0.0 0.0 -999 ""
FIBERMAP 683 R-1C25 METROLOGY 1 0 0 1 0 0 258.8685072200702 -12.429010509608414 143.1 258.8685072200702 -12.429010509608414 10.020318 170.00623 -999.0 -999.0 -999.0 -999.0 -999.0 -999.0 -999.0 -999.0 -999.0 -999.0 -999.0 -999.0 6231.0 -999.0 -1 -999 {-999.0 -999.0 -999.0 -999.0 -999.0} "" -999.0 -999.0 -999.0 -999.0 -999 -999 "" "" "" "" 0 0 0.0 0.0 -999 ""
FIBERMAP 685 R+6C6 APOGEE 0 0 0 1 0 0 -111.64371629089548 123.74540913474576 143.1 -111.64371629089548 123.74540913474576 9.998764 170.00223 -999.0 -999.0 -999.0 -999.0 -999.0 -999.0 -999.0 -999.0 -999.0 -999.0 -999.0 -999.0 16600.0 -999.0 2 -999 {-999.0 -999.0 -999.0 -999.0 -999.0} "" -999.0 -999.0 -999.0 -999.0 -999 -999 "" "" "" "" 0 0 0.0 0.0 -999 ""
FIBERMAP 685 R+6C6 BOSS 0 0 0 1 0 0 -110.80056848254463 123.69959585145789 143.1 -110.80056848254463 123.69959585145789 9.998764 170.00223 -999.0 -999.0 -999.0 -999.0 -999.0 -999.0 -999.0 -999.0 -999.0 -999.0 -999.0 -999.0 5400.0 -999.0 1 55 {-999.0 -999.0 -999.0 -999.0 -999.0} "" -999.0 -999.0 -999.0 -999.0 -999 -999 "" "" "" "" 0 0 0.0 0.0 -999 ""
FIBERMAP 685 R+6C6 METROLOGY 1 0 0 1 0 0 -111.25164605987955 123.11063128820184 143.1 -111.25164605987955 123.11063128820184 9.998764 170.00223 -999.0 -999.0 -999.0 -999.0 -999.0 -999.0 -999.0 -999.0 -999.0 -999.0 -999.0 -999.0 6231.0 -999.0 -1 -999 {-999.0 -999.0 -999.0 -999.0 -999.0} "" -999.0 -999.0 -999.0 -999.0 -999 -999 "" "" "" "" 0 0 0.0 0.0 -999 ""
FIBERMAP 687 R-7C16 APOGEE 0 0 0 1 0 0 124.14789499760487 -128.45095681814308 143.1 124.14789499760487 -128.45095681814308 10.00934 170.02528 -999.0 -999.0 -999.0 -999.0 -999.0 -999.0 -999.0 -999.0 -999.0 -999.0 -999.0 -999.0 16600.0 -999.0 2 186 {-999.0 -999.0 -999.0 -999.0 -999.0} "" -999.0 -999.0 -999.0 -999.0 -999 -999 "" "" "" "" 0 0 0.0 0.0 -999 ""
FIBERMAP 687 R-7C16 BOSS 0 0 0 1 0 0 124.87548884690852 -128.48217082114513 143.1 124.87548884690852 -128.48217082114513 10.00934 170.02528 -999.0 -999.0 -999.0 -999.0 -999.0 -999.0 -999.0 -999.0 -999.0 -999.0 -999.0 -999.0 5400.0 -999.0 1 306 {-999.0 -999.0 -999.0 -999.0 -999.0} "" -999.0 -999.0 -999.0 -999.0 -999 -999 "" "" "" "" 0 0 0.0 0.0 -999 ""
FIBERMAP 687 R-7C16 METROLOGY 1 0 0 1 0 0 124.492929213948 -129.1124831097673 143.1 124.492929213948 -129.1124831097673 10.00934 170.02528 -999.0 -999.0 -999.0 -999.0 -999.0 -999.0 -999.0 -999.0 -999.0 -999.0 -999.0 -999.0 6231.0 -999.0 -1 -999 {-999.0 -999.0 -999.0 -999.0 -999.0} "" -999.0 -999.0 -999.0 -999.0 -999 -999 "" "" "" "" 0 0 0.0 0.0 -999 ""
FIBERMAP 688 R-7C2 APOGEE 0 0 0 1 0 0 -190.4897143359601 -128.4129078839035 143.1 -190.4897143359601 -128.4129078839035 9.992377 169.99939 -999.0 -999.0 -999.0 -999.0 -999.0 -999.0 -999.0 -999.0 -999.0 -999.0 -999.0 -999.0 16600.0 -999.0 2 -999 {-999.0 -999.0 -999.0 -999.0 -999.0} "" -999.0 -999.0 -999.0 -999.0 -999 -999 "" "" "" "" 0 0 0.0 0.0 -999 ""
FIBERMAP 688 R-7C2 BOSS 0 0 0 1 0 0 -189.7222454497687 -128.37182682637606 143.1 -189.7222454497687 -128.37182682637606 9.992377 169.99939 -999.0 -999.0 -999.0 -999.0 -999.0 -999.0 -999.0 -999.0 -999.0 -999.0 -999.0 -999.0 5400.0 -999.0 1 488 {-999.0 -999.0 -999.0 -999.0 -999.0} "" -999.0 -999.0 -999.0 -999.0 -999 -999 "" "" "" "" 0 0 0.0 0.0 -999 ""
FIBERMAP 688 R-7C2 METROLOGY 1 0 0 1 0 0 -190.07258352063926 -129.03150618928558 143.1 -190.07258352063926 -129.03150618928558 9.992377 169.99939 -999.0 -999.0 -999.0 -999.0 -999.0 -999.0 -999.0 -999.0 -999.0 -999.0 -999.0 -999.0 6231.0 -999.0 -1 -999 {-999.0 -999.0 -999.0 -999.0 -999.0} "" -999.0 -999.0 -999.0 -999.0 -999 -999 "" "" "" "" 0 0 0.0 0.0 -999 ""
FIBERMAP 689 R+5C20 APOGEE 0 0 0 1 0 0 191.27879078813464 104.5535347330988 143.1 191.27879078813464 104.5535347330988 10.010865 170.00653 -999.0 -999.0 -999.0 -999.0 -999.0 -999.0 -999.0 -999.0 -999.0 -999.0 -999.0 -999.0 16600.0 -999.0 2 45 {-999.0 -999.0 -999.0 -999.0 -999.0} "" -999.0 -999.0 -999.0 -999.0 -999 -999 "" "" "" "" 0 0 0.0 0.0 -999 ""
FIBERMAP 689 R+5C20 BOSS 0 0 0 1 0 0 192.02388129332223 104.54098134226327 143.1 192.02388129332223 104.54098134226327 10.010865 170.00653 -999.0 -999.0 -999.0 -999.0 -999.0 -999.0 -999.0 -999.0 -999.0 -999.0 -999.0 -999.0 5400.0 -999.0 1 194 {-999.0 -999.0 -999.0 -999.0 -999.0} "" -999.0 -999.0 -999.0 -999.0 -999 -999 "" "" "" "" 0 0 0.0 0.0 -999 ""
FIBERMAP 689 R+5C20 METROLOGY 1 0 0 1 0 0 191.63102664215808 103.89948921895808 143.1 191.63102664215808 103.89948921895808 10.010865 170.00653 -999.0 -999.0 -999.0 -999.0 -999.0 -999.0 -999.0 -999.0 -999.0 -999.0 -999.0 -999.0 6231.0 -999.0 -1 -999 {-999.0 -999.0 -999.0 -999.0 -999.0} "" -999.0 -999.0 -999.0 -999.0 -999 -999 "" "" "" "" 0 0 0.0 0.0 -999 ""
FIBERMAP 690 R-4C17 APOGEE 0 0 0 1 0 0 112.90763951537019 -70.036626435122 143.1 112.90763951537019 -70.036626435122 10.00437 169.9969 -999.0 -999.0 -999.0 -999.0 -999.0 -999.0 -999.0 -999.0 -999.0 -999.0 -999.0 -999.0 16600.0 -999.0 2 201 {-999.0 -999.0 -999.0 -999.0 -999.0} "" -999.0 -999.0 -999.0 -999.0 -999 -999 "" "" "" "" 0 0 0.0 0.0 -999 ""
FIBERMAP 690 R-4C17 BOSS 0 0 0 1 0 0 113.64612501953526 -70.03591334039118 143.1 113.64612501953526 -70.03591334039118 10.00437 169.9969 -999.0 -999.0 -999.0 -999.0 -999.0 -999.0 -999.0 -999.0 -999.0 -999.0 -999.0 -999.0 5400.0 -999.0 1 301 {-999.0 -999.0 -999.0 -999.0 -999.0} "" -999.0 -999.0 -999.0 -999.0 -999 -999 "" "" "" "" 0 0 0.0 0.0 -999 ""
FIBERMAP 690 R-4C17 METROLOGY 1 0 0 1 0 0 113.27295157545755 -70.68528681758875 143.1 113.27295157545755 -70.68528681758875 10.00437 169.9969 -999.0 -999.0 -999.0 -999.0 -999.0 -999.0 -999.0 -999.0 -999.0 -999.0 -999.0 -999.0 6231.0 -999.0 -1 -999 {-999.0 -999.0 -999.0 -999.0 -999.0} "" -999.0 -999.0 -999.0 -999.0 -999 -999 "" "" "" "" 0 0 0.0 0.0 -999 ""
FIBERMAP 691 R+10C2 APOGEE 0 0 0 1 0 0 -156.21149572861304 201.5061190866052 143.1 -156.21149572861304 201.5061190866052 10.007992 170.00107 -999.0 -999.0 -999.0 -999.0 -999.0 -999.0 -999.0 -999.0 -999.0 -999.0 -999.0 -999.0 16600.0 -999.0 2 -999 {-999.0 -999.0 -999.0 -999.0 -999.0} "" -999.0 -999.0 -999.0 -999.0 -999 -999 "" "" "" "" 0 0 0.0 0.0 -999 ""
FIBERMAP 691 R+10C2 BOSS 0 0 0 1 0 0 -155.44724431499907 201.49388254924 143.1 -155.44724431499907 201.49388254924 10.007992 170.00107 -999.0 -999.0 -999.0 -999.0 -999.0 -999.0 -999.0 -999.0 -999.0 -999.0 -999.0 -999.0 5400.0 -999.0 1 18 {-999.0 -999.0 -999.0 -999.0 -999.0} "" -999.0 -999.0 -999.0 -999.0 -999 -999 "" "" "" "" 0 0 0.0 0.0 -999 ""
FIBERMAP 691 R+10C2 METROLOGY 1 0 0 1 0 0 -155.83311140366195 200.86308931813167 143.1 -155.83311140366195 200.86308931813167 10.007992 170.00107 -999.0 -999.0 -999.0 -999.0 -999.0 -999.0 -999.0 -999.0 -999.0 -999.0 -999.0 -999.0 6231.0 -999.0 -1 -999 {-999.0 -999.0 -999.0 -999.0 -999.0} "" -999.0 -999.0 -999.0 -999.0 -999 -999 "" "" "" "" 0 0 0.0 0.0 -999 ""
FIBERMAP 692 R+8C17 APOGEE 0 0 0 1 0 0 157.41661819847647 162.72865338262844 143.1 157.41661819847647 162.72865338262844 10.00451 170.00323 -999.0 -999.0 -999.0 -999.0 -999.0 -999.0 -999.0 -999.0 -999.0 -999.0 -999.0 -999.0 16600.0 -999.0 2 81 {-999.0 -999.0 -999.0 -999.0 -999.0} "" -999.0 -999.0 -999.0 -999.0 -999 -999 "" "" "" "" 0 0 0.0 0.0 -999 ""
FIBERMAP 692 R+8C17 BOSS 0 0 0 1 0 0 158.14819330839737 162.68401921200402 143.1 158.14819330839737 162.68401921200402 10.00451 170.00323 -999.0 -999.0 -999.0 -999.0 -999.0 -999.0 -999.0 -999.0 -999.0 -999.0 -999.0 -999.0 5400.0 -999.0 1 226 {-999.0 -999.0 -999.0 -999.0 -999.0} "" -999.0 -999.0 -999.0 -999.0 -999 -999 "" "" "" "" 0 0 0.0 0.0 -999 ""
FIBERMAP 692 R+8C17 METROLOGY 1 0 0 1 0 0 157.7669605543358 162.05123003149936 143.1 157.7669605543358 162.05123003149936 10.00451 170.00323 -999.0 -999.0 -999.0 -999.0 -999.0 -999.0 -999.0 -999.0 -999.0 -999.0 -999.0 -999.0 6231.0 -999.0 -1 -999 {-999.0 -999.0 -999.0 -999.0 -999.0} "" -999.0 -999.0 -999.0 -999.0 -999 -999 "" "" "" "" 0 0 0.0 0.0 -999 ""
FIBERMAP 693 R+2C15 APOGEE 0 0 0 1 0 0 45.18014345836238 46.47883183329614 143.1 45.18014345836238 46.47883183329614 10.014556 170.01747 -999.0 -999.0 -999.0 -999.0 -999.0 -999.0 -999.0 -999.0 -999.0 -999.0 -999.0 -999.0 16600.0 -999.0 2 54 {-999.0 -999.0 -999.0 -999.0 -999.0} "" -999.0 -999.0 -999.0 -999.0 -999 -999 "" "" "" "" 0 0 0.0 0.0 -999 ""
FIBERMAP 693 R+2C15 BOSS 0 0 0 1 0 0 45.91975262107841 46.48792201729057 143.1 45.91975262107841 46.48792201729057 10.014556 170.01747 -999.0 -999.0 -999.0 -999.0 -999.0 -999.0 -999.0 -999.0 -999.0 -999.0 -999.0 -999.0 5400.0 -999.0 1 198 {-999.0 -999.0 -999.0 -999.0 -999.0} "" -999.0 -999.0 -999.0 -999.0 -999 -999 "" "" "" "" 0 0 0.0 0.0 -999 ""
FIBERMAP 693 R+2C15 METROLOGY 1 0 0 1 0 0 45.56454939912258 45.831046442776014 143.1 45.56454939912258 45.831046442776014 10.014556 170.01747 -999.0 -999.0 -999.0 -999.0 -999.0 -999.0 -999.0 -999.0 -999.0 -999.0 -999.0 -999.0 6231.0 -999.0 -1 -999 {-999.0 -999.0 -999.0 -999.0 -999.0} "" -999.0 -999.0 -999.0 -999.0 -999 -999 "" "" "" "" 0 0 0.0 0.0 -999 ""
FIBERMAP 694 R+3C15 APOGEE 0 0 0 1 0 0 57.112481249202055 65.72472008445392 143.1 57.112481249202055 65.72472008445392 10.008594 169.99225 -999.0 -999.0 -999.0 -999.0 -999.0 -999.0 -999.0 -999.0 -999.0 -999.0 -999.0 -999.0 16600.0 -999.0 2 -999 {-999.0 -999.0 -999.0 -999.0 -999.0} "" -999.0 -999.0 -999.0 -999.0 -999 -999 "" "" "" "" 0 0 0.0 0.0 -999 ""
FIBERMAP 694 R+3C15 BOSS 0 0 0 1 0 0 57.89765636204991 65.71233422840393 143.1 57.89765636204991 65.71233422840393 10.008594 169.99225 -999.0 -999.0 -999.0 -999.0 -999.0 -999.0 -999.0 -999.0 -999.0 -999.0 -999.0 -999.0 5400.0 -999.0 1 197 {-999.0 -999.0 -999.0 -999.0 -999.0} "" -999.0 -999.0 -999.0 -999.0 -999 -999 "" "" "" "" 0 0 0.0 0.0 -999 ""
FIBERMAP 694 R+3C15 METROLOGY 1 0 0 1 0 0 57.49137794757337 65.0819920918512 143.1 57.49137794757337 65.0819920918512 10.008594 169.99225 -999.0 -999.0 -999.0 -999.0 -999.0 -999.0 -999.0 -999.0 -999.0 -999.0 -999.0 -999.0 6231.0 -999.0 -1 -999 {-999.0 -999.0 -999.0 -999.0 -999.0} "" -999.0 -999.0 -999.0 -999.0 -999 -999 "" "" "" "" 0 0 0.0 0.0 -999 ""
FIBERMAP 695 R-4C1 APOGEE 0 0 0 1 0 0 -245.69303813042472 -70.07229295167278 143.1 -245.69303813042472 -70.07229295167278 10.016951 170.0112 -999.0 -999.0 -999.0 -999.0 -999.0 -999.0 -999.0 -999.0 -999.0 -999.0 -999.0 -999.0 16600.0 -999.0 2 248 {-999.0 -999.0 -999.0 -999.0 -999.0} "" -999.0 -999.0 -999.0 -999.0 -999 -999 "" "" "" "" 0 0 0.0 0.0 -999 ""
FIBERMAP 695 R-4C1 BOSS 0 0 0 1 0 0 -244.9527385250149 -70.05339808344407 143.1 -244.9527385250149 -70.05339808344407 10.016951 170.0112 -999.0 -999.0 -999.0 -999.0 -999.0 -999.0 -999.0 -999.0 -999.0 -999.0 -999.0 -999.0 5400.0 -999.0 1 497 {-999.0 -999.0 -999.0 -999.0 -999.0} "" -999.0 -999.0 -999.0 -999.0 -999 -999 "" "" "" "" 0 0 0.0 0.0 -999 ""
FIBERMAP 695 R-4C1 METROLOGY 1 0 0 1 0 0 -245.3087998306812 -70.71550097805789 143.1 -245.3087998306812 -70.71550097805789 10.016951 170.0112 -999.0 -999.0 -999.0 -999.0 -999.0 -999.0 -999.0 -999.0 -999.0 -999.0 -999.0 -999.0 6231.0 -999.0 -1 -999 {-999.0 -999.0 -999.0 -999.0 -999.0} "" -999.0 -999.0 -999.0 -999.0 -999 -999 "" "" "" "" 0 0 0.0 0.0 -999 ""
FIBERMAP 698 R+7C18 APOGEE 0 0 0 1 0 0 168.70971277337762 143.37470354831382 143.1 168.70971277337762 143.37470354831382 9.997008 170.00003 -999.0 -999.0 -999.0 -999.0 -999.0 -999.0 -999.0 -999.0 -999.0 -999.0 -999.0 -999.0 16600.0 -999.0 2 40 {-999.0 -999.0 -999.0 -999.0 -999.0} "" -999.0 -999.0 -999.0 -999.0 -999 -999 "" "" "" "" 0 0 0.0 0.0 -999 ""
FIBERMAP 698 R+7C18 BOSS 0 0 0 1 0 0 169.45549469234695 143.38340809706074 143.1 169.45549469234695 143.38340809706074 9.997008 170.00003 -999.0 -999.0 -999.0 -999.0 -999.0 -999.0 -999.0 -999.0 -999.0 -999.0 -999.0 -999.0 5400.0 -999.0 1 196 {-999.0 -999.0 -999.0 -999.0 -999.0} "" -999.0 -999.0 -999.0 -999.0 -999 -999 "" "" "" "" 0 0 0.0 0.0 -999 ""
FIBERMAP 698 R+7C18 METROLOGY 1 0 0 1 0 0 169.09431406402322 142.73566658105443 143.1 169.09431406402322 142.73566658105443 9.997008 170.00003 -999.0 -999.0 -999.0 -999.0 -999.0 -999.0 -999.0 -999.0 -999.0 -999.0 -999.0 -999.0 6231.0 -999.0 -1 -999 {-999.0 -999.0 -999.0 -999.0 -999.0} "" -999.0 -999.0 -999.0 -999.0 -999 -999 "" "" "" "" 0 0 0.0 0.0 -999 ""
FIBERMAP 704 R+5C16 APOGEE 0 0 0 1 0 0 101.60122992693066 104.68000937243222 143.1 101.60122992693066 104.68000937243222 9.993047 169.99983 -999.0 -999.0 -999.0 -999.0 -999.0 -999.0 -999.0 -999.0 -999.0 -999.0 -999.0 -999.0 16600.0 -999.0 2 79 {-999.0 -999.0 -999.0 -999.0 -999.0} "" -999.0 -999.0 -999.0 -999.0 -999 -999 "" "" "" "" 0 0 0.0 0.0 -999 ""
FIBERMAP 704 R+5C16 BOSS 0 0 0 1 0 0 102.34091647951469 104.693297516945 143.1 102.34091647951469 104.693297516945 9.993047 169.99983 -999.0 -999.0 -999.0 -999.0 -999.0 -999.0 -999.0 -999.0 -999.0 -999.0 -999.0 -999.0 5400.0 -999.0 1 214 {-999.0 -999.0 -999.0 -999.0 -999.0} "" -999.0 -999.0 -999.0 -999.0 -999 -999 "" "" "" "" 0 0 0.0 0.0 -999 ""
FIBERMAP 704 R+5C16 METROLOGY 1 0 0 1 0 0 101.98751282911785 104.04387499272806 143.1 101.98751282911785 104.04387499272806 9.993047 169.99983 -999.0 -999.0 -999.0 -999.0 -999.0 -999.0 -999.0 -999.0 -999.0 -999.0 -999.0 -999.0 6231.0 -999.0 -1 -999 {-999.0 -999.0 -999.0 -999.0 -999.0} "" -999.0 -999.0 -999.0 -999.0 -999 -999 "" "" "" "" 0 0 0.0 0.0 -999 ""
FIBERMAP 706 R+6C21 APOGEE 0 0 0 1 0 0 224.67133685490484 123.97192959029856 143.1 224.67133685490484 123.97192959029856 9.986901 170.02124 -999.0 -999.0 -999.0 -999.0 -999.0 -999.0 -999.0 -999.0 -999.0 -999.0 -999.0 -999.0 16600.0 -999.0 2 67 {-999.0 -999.0 -999.0 -999.0 -999.0} "" -999.0 -999.0 -999.0 -999.0 -999 -999 "" "" "" "" 0 0 0.0 0.0 -999 ""
FIBERMAP 706 R+6C21 BOSS 0 0 0 1 0 0 225.4142761835821 123.98310094760824 143.1 225.4142761835821 123.98310094760824 9.986901 170.02124 -999.0 -999.0 -999.0 -999.0 -999.0 -999.0 -999.0 -999.0 -999.0 -999.0 -999.0 -999.0 5400.0 -999.0 1 249 {-999.0 -999.0 -999.0 -999.0 -999.0} "" -999.0 -999.0 -999.0 -999.0 -999 -999 "" "" "" "" 0 0 0.0 0.0 -999 ""
FIBERMAP 706 R+6C21 METROLOGY 1 0 0 1 0 0 225.05809616577852 123.3317914973554 143.1 225.05809616577852 123.3317914973554 9.986901 170.02124 -999.0 -999.0 -999.0 -999.0 -999.0 -999.0 -999.0 -999.0 -999.0 -999.0 -999.0 -999.0 6231.0 -999.0 -1 -999 {-999.0 -999.0 -999.0 -999.0 -999.0} "" -999.0 -999.0 -999.0 -999.0 -999 -999 "" "" "" "" 0 0 0.0 0.0 -999 ""
FIBERMAP 709 R+2C18 APOGEE 0 0 0 1 0 0 112.50457720526117 46.42201577261127 143.1 112.50457720526117 46.42201577261127 10.005729 169.99707 -999.0 -999.0 -999.0 -999.0 -999.0 -999.0 -999.0 -999.0 -999.0 -999.0 -999.0 -999.0 16600.0 -999.0 2 -999 {-999.0 -999.0 -999.0 -999.0 -999.0} "" -999.0 -999.0 -999.0 -999.0 -999 -999 "" "" "" "" 0 0 0.0 0.0 -999 ""
FIBERMAP 709 R+2C18 BOSS 0 0 0 1 0 0 113.23353365158972 46.44741532882992 143.1 113.23353365158972 46.44741532882992 10.005729 169.99707 -999.0 -999.0 -999.0 -999.0 -999.0 -999.0 -999.0 -999.0 -999.0 -999.0 -999.0 -999.0 5400.0 -999.0 1 200 {-999.0 -999.0 -999.0 -999.0 -999.0} "" -999.0 -999.0 -999.0 -999.0 -999 -999 "" "" "" "" 0 0 0.0 0.0 -999 ""
FIBERMAP 709 R+2C18 METROLOGY 1 0 0 1 0 0 112.89378545589092 45.78547911368774 143.1 112.89378545589092 45.78547911368774 10.005729 169.99707 -999.0 -999.0 -999.0 -999.0 -999.0 -999.0 -999.0 -999.0 -999.0 -999.0 -999.0 -999.0 6231.0 -999.0 -1 -999 {-999.0 -999.0 -999.0 -999.0 -999.0} "" -999.0 -999.0 -999.0 -999.0 -999 -999 "" "" "" "" 0 0 0.0 0.0 -999 ""
FIBERMAP 710 R+8C6 APOGEE 0 0 0 1 0 0 -88.94512131185759 162.8920285969495 143.1 -88.94512131185759 162.8920285969495 10.006264 170.00478 -999.0 -999.0 -999.0 -999.0 -999.0 -999.0 -999.0 -999.0 -999.0 -999.0 -999.0 -999.0 16600.0 -999.0 2 -999 {-999.0 -999.0 -999.0 -999.0 -999.0} "" -999.0 -999.0 -999.0 -999.0 -999 -999 "" "" "" "" 0 0 0.0 0.0 -999 ""
FIBERMAP 710 R+8C6 BOSS 0 0 0 1 0 0 -88.19174561632038 162.89107063614458 143.1 -88.19174561632038 162.89107063614458 10.006264 170.00478 -999.0 -999.0 -999.0 -999.0 -999.0 -999.0 -999.0 -999.0 -999.0 -999.0 -999.0 -999.0 5400.0 -999.0 1 77 {-999.0 -999.0 -999.0 -999.0 -999.0} "" -999.0 -999.0 -999.0 -999.0 -999 -999 "" "" "" "" 0 0 0.0 0.0 -999 ""
FIBERMAP 710 R+8C6 METROLOGY 1 0 0 1 0 0 -88.57323149348883 162.24522109582924 143.1 -88.57323149348883 162.24522109582924 10.006264 170.00478 -999.0 -999.0 -999.0 -999.0 -999.0 -999.0 -999.0 -999.0 -999.0 -999.0 -999.0 -999.0 6231.0 -999.0 -1 -999 {-999.0 -999.0 -999.0 -999.0 -999.0} "" -999.0 -999.0 -999.0 -999.0 -999 -999 "" "" "" "" 0 0 0.0 0.0 -999 ""
FIBERMAP 714 R-3C22 APOGEE 0 0 0 1 0 0 213.47794377705478 -50.70166772245807 143.1 213.47794377705478 -50.70166772245807 9.99077 169.99623 -999.0 -999.0 -999.0 -999.0 -999.0 -999.0 -999.0 -999.0 -999.0 -999.0 -999.0 -999.0 16600.0 -999.0 2 209 {-999.0 -999.0 -999.0 -999.0 -999.0} "" -999.0 -999.0 -999.0 -999.0 -999 -999 "" "" "" "" 0 0 0.0 0.0 -999 ""
FIBERMAP 714 R-3C22 BOSS 0 0 0 1 0 0 214.21145169980537 -50.67756132658137 143.1 214.21145169980537 -50.67756132658137 9.99077 169.99623 -999.0 -999.0 -999.0 -999.0 -999.0 -999.0 -999.0 -999.0 -999.0 -999.0 -999.0 -999.0 5400.0 -999.0 1 309 {-999.0 -999.0 -999.0 -999.0 -999.0} "" -999.0 -999.0 -999.0 -999.0 -999 -999 "" "" "" "" 0 0 0.0 0.0 -999 ""
FIBERMAP 714 R-3C22 METROLOGY 1 0 0 1 0 0 213.85613110316316 -51.342495409579364 143.1 213.85613110316316 -51.342495409579364 9.99077 169.99623 -999.0 -999.0 -999.0 -999.0 -999.0 -999.0 -999.0 -999.0 -999.0 -999.0 -999.0 -999.0 6231.0 -999.0 -1 -999 {-999.0 -999.0 -999.0 -999.0 -999.0} "" -999.0 -999.0 -999.0 -999.0 -999 -999 "" "" "" "" 0 0 0.0 0.0 -999 ""
FIBERMAP 715 R-6C17 APOGEE 0 0 0 1 0 0 135.18496837350847 -108.9587995438234 143.1 135.18496837350847 -108.9587995438234 10.003875 170.00462 -999.0 -999.0 -999.0 -999.0 -999.0 -999.0 -999.0 -999.0 -999.0 -999.0 -999.0 -999.0 16600.0 -999.0 2 205 {-999.0 -999.0 -999.0 -999.0 -999.0} "" -999.0 -999.0 -999.0 -999.0 -999 -999 "" "" "" "" 0 0 0.0 0.0 -999 ""
FIBERMAP 715 R-6C17 BOSS 0 0 0 1 0 0 135.92714222135146 -108.98740118396893 143.1 135.92714222135146 -108.98740118396893 10.003875 170.00462 -999.0 -999.0 -999.0 -999.0 -999.0 -999.0 -999.0 -999.0 -999.0 -999.0 -999.0 -999.0 5400.0 -999.0 1 299 {-999.0 -999.0 -999.0 -999.0 -999.0} "" -999.0 -999.0 -999.0 -999.0 -999 -999 "" "" "" "" 0 0 0.0 0.0 -999 ""
FIBERMAP 715 R-6C17 METROLOGY 1 0 0 1 0 0 135.55446923907743 -109.6323040385427 143.1 135.55446923907743 -109.6323040385427 10.003875 170.00462 -999.0 -999.0 -999.0 -999.0 -999.0 -999.0 -999.0 -999.0 -999.0 -999.0 -999.0 -999.0 6231.0 -999.0 -1 -999 {-999.0 -999.0 -999.0 -999.0 -999.0} "" -999.0 -999.0 -999.0 -999.0 -999 -999 "" "" "" "" 0 0 0.0 0.0 -999 ""
FIBERMAP 717 R+6C9 APOGEE 0 0 0 1 0 0 -44.3731056213513 124.00980742920855 143.1 -44.3731056213513 124.00980742920855 10.005148 170.01936 -999.0 -999.0 -999.0 -999.0 -999.0 -999.0 -999.0 -999.0 -999.0 -999.0 -999.0 -999.0 16600.0 -999.0 2 -999 {-999.0 -999.0 -999.0 -999.0 -999.0} "" -999.0 -999.0 -999.0 -999.0 -999 -999 "" "" "" "" 0 0 0.0 0.0 -999 ""
FIBERMAP 717 R+6C9 BOSS 0 0 0 1 0 0 -43.61641550521516 124.02531808570147 143.1 -43.61641550521516 124.02531808570147 10.005148 170.01936 -999.0 -999.0 -999.0 -999.0 -999.0 -999.0 -999.0 -999.0 -999.0 -999.0 -999.0 -999.0 5400.0 -999.0 1 130 {-999.0 -999.0 -999.0 -999.0 -999.0} "" -999.0 -999.0 -999.0 -999.0 -999 -999 "" "" "" "" 0 0 0.0 0.0 -999 ""
FIBERMAP 717 R+6C9 METROLOGY 1 0 0 1 0 0 -43.98538734556325 123.37236212243178 143.1 -43.98538734556325 123.37236212243178 10.005148 170.01936 -999.0 -999.0 -999.0 -999.0 -999.0 -999.0 -999.0 -999.0 -999.0 -999.0 -999.0 -999.0 6231.0 -999.0 -1 -999 {-999.0 -999.0 -999.0 -999.0 -999.0} "" -999.0 -999.0 -999.0 -999.0 -999 -999 "" "" "" "" 0 0 0.0 0.0 -999 ""
FIBERMAP 719 R+3C18 APOGEE 0 0 0 1 0 0 123.70567312218554 65.90688301167106 143.1 123.70567312218554 65.90688301167106 9.993112 170.00174 -999.0 -999.0 -999.0 -999.0 -999.0 -999.0 -999.0 -999.0 -999.0 -999.0 -999.0 -999.0 16600.0 -999.0 2 87 {-999.0 -999.0 -999.0 -999.0 -999.0} "" -999.0 -999.0 -999.0 -999.0 -999 -999 "" "" "" "" 0 0 0.0 0.0 -999 ""
FIBERMAP 719 R+3C18 BOSS 0 0 0 1 0 0 124.46052719157653 65.88635688347509 143.1 124.46052719157653 65.88635688347509 9.993112 170.00174 -999.0 -999.0 -999.0 -999.0 -999.0 -999.0 -999.0 -999.0 -999.0 -999.0 -999.0 -999.0 5400.0 -999.0 1 218 {-999.0 -999.0 -999.0 -999.0 -999.0} "" -999.0 -999.0 -999.0 -999.0 -999 -999 "" "" "" "" 0 0 0.0 0.0 -999 ""
FIBERMAP 719 R+3C18 METROLOGY 1 0 0 1 0 0 124.06477211442598 65.24965124931963 143.1 124.06477211442598 65.24965124931963 9.993112 170.00174 -999.0 -999.0 -999.0 -999.0 -999.0 -999.0 -999.0 -999.0 -999.0 -999.0 -999.0 -999.0 6231.0 -999.0 -1 -999 {-999.0 -999.0 -999.0 -999.0 -999.0} "" -999.0 -999.0 -999.0 -999.0 -999 -999 "" "" "" "" 0 0 0.0 0.0 -999 ""
FIBERMAP 721 R+9C9 APOGEE 0 0 0 1 0 0 -10.677457041056517 182.29648063183186 143.1 -10.677457041056517 182.29648063183186 10.013035 170.00204 -999.0 -999.0 -999.0 -999.0 -999.0 -999.0 -999.0 -999.0 -999.0 -999.0 -999.0 -999.0 16600.0 -999.0 2 9 {-999.0 -999.0 -999.0 -999.0 -999.0} "" -999.0 -999.0 -999.0 -999.0 -999 -999 "" "" "" "" 0 0 0.0 0.0 -999 ""
FIBERMAP 721 R+9C9 BOSS 0 0 0 1 0 0 -9.935622716850474 182.30717401136295 143.1 -9.935622716850474 182.30717401136295 10.013035 170.00204 -999.0 -999.0 -999.0 -999.0 -999.0 -999.0 -999.0 -999.0 -999.0 -999.0 -999.0 -999.0 5400.0 -999.0 1 125 {-999.0 -999.0 -999.0 -999.0 -999.0} "" -999.0 -999.0 -999.0 -999.0 -999 -999 "" "" "" "" 0 0 0.0 0.0 -999 ""
FIBERMAP 721 R+9C9 METROLOGY 1 0 0 1 0 0 -10.287372742833295 181.65703216558185 143.1 -10.287372742833295 181.65703216558185 10.013035 170.00204 -999.0 -999.0 -999.0 -999.0 -999.0 -999.0 -999.0 -999.0 -999.0 -999.0 -999.0 -999.0 6231.0 -999.0 -1 -999 {-999.0 -999.0 -999.0 -999.0 -999.0} "" -999.0 -999.0 -999.0 -999.0 -999 -999 "" "" "" "" 0 0 0.0 0.0 -999 ""
FIBERMAP 723 R-2C19 APOGEE 0 0 0 1 0 0 135.18305765564543 -31.307537385783796 143.1 135.18305765564543 -31.307537385783796 10.0045 169.99385 -999.0 -999.0 -999.0 -999.0 -999.0 -999.0 -999.0 -999.0 -999.0 -999.0 -999.0 -999.0 16600.0 -999.0 2 212 {-999.0 -999.0 -999.0 -999.0 -999.0} "" -999.0 -999.0 -999.0 -999.0 -999 -999 "" "" "" "" 0 0 0.0 0.0 -999 ""
FIBERMAP 723 R-2C19 BOSS 0 0 0 1 0 0 135.92428636632124 -31.317375594433006 143.1 135.92428636632124 -31.317375594433006 10.0045 169.99385 -999.0 -999.0 -999.0 -999.0 -999.0 -999.0 -999.0 -999.0 -999.0 -999.0 -999.0 -999.0 5400.0 -999.0 1 297 {-999.0 -999.0 -999.0 -999.0 -999.0} "" -999.0 -999.0 -999.0 -999.0 -999 -999 "" "" "" "" 0 0 0.0 0.0 -999 ""
FIBERMAP 723 R-2C19 METROLOGY 1 0 0 1 0 0 135.55278955129313 -31.953504117331057 143.1 135.55278955129313 -31.953504117331057 10.0045 169.99385 -999.0 -999.0 -999.0 -999.0 -999.0 -999.0 -999.0 -999.0 -999.0 -999.0 -999.0 -999.0 6231.0 -999.0 -1 -999 {-999.0 -999.0 -999.0 -999.0 -999.0} "" -999.0 -999.0 -999.0 -999.0 -999 -999 "" "" "" "" 0 0 0.0 0.0 -999 ""
FIBERMAP 724 R+1C21 APOGEE 0 0 0 1 0 0 168.46732775174476 26.982609578821673 143.1 168.46732775174476 26.982609578821673 9.994405 170.00264 -999.0 -999.0 -999.0 -999.0 -999.0 -999.0 -999.0 -999.0 -999.0 -999.0 -999.0 -999.0 16600.0 -999.0 2 -999 {-999.0 -999.0 -999.0 -999.0 -999.0} "" -999.0 -999.0 -999.0 -999.0 -999 -999 "" "" "" "" 0 0 0.0 0.0 -999 ""
FIBERMAP 724 R+1C21 BOSS 0 0 0 1 0 0 169.20771583037836 27.01017567223702 143.1 169.20771583037836 27.01017567223702 9.994405 170.00264 -999.0 -999.0 -999.0 -999.0 -999.0 -999.0 -999.0 -999.0 -999.0 -999.0 -999.0 -999.0 5400.0 -999.0 1 234 {-999.0 -999.0 -999.0 -999.0 -999.0} "" -999.0 -999.0 -999.0 -999.0 -999 -999 "" "" "" "" 0 0 0.0 0.0 -999 ""
FIBERMAP 724 R+1C21 METROLOGY 1 0 0 1 0 0 168.85958197723681 26.347945413222714 143.1 168.85958197723681 26.347945413222714 9.994405 170.00264 -999.0 -999.0 -999.0 -999.0 -999.0 -999.0 -999.0 -999.0 -999.0 -999.0 -999.0 -999.0 6231.0 -999.0 -1 -999 {-999.0 -999.0 -999.0 -999.0 -999.0} "" -999.0 -999.0 -999.0 -999.0 -999 -999 "" "" "" "" 0 0 0.0 0.0 -999 ""
FIBERMAP 730 R+6C13 APOGEE 0 0 0 1 0 0 45.470234938028916 123.98889549762455 143.1 45.470234938028916 123.98889549762455 9.992741 170.00215 -999.0 -999.0 -999.0 -999.0 -999.0 -999.0 -999.0 -999.0 -999.0 -999.0 -999.0 -999.0 16600.0 -999.0 2 -999 {-999.0 -999.0 -999.0 -999.0 -999.0} "" -999.0 -999.0 -999.0 -999.0 -999 -999 "" "" "" "" 0 0 0.0 0.0 -999 ""
FIBERMAP 730 R+6C13 BOSS 0 0 0 1 0 0 46.223728780683054 123.98154723344038 143.1 46.223728780683054 123.98154723344038 9.992741 170.00215 -999.0 -999.0 -999.0 -999.0 -999.0 -999.0 -999.0 -999.0 -999.0 -999.0 -999.0 -999.0 5400.0 -999.0 1 149 {-999.0 -999.0 -999.0 -999.0 -999.0} "" -999.0 -999.0 -999.0 -999.0 -999 -999 "" "" "" "" 0 0 0.0 0.0 -999 ""
FIBERMAP 730 R+6C13 METROLOGY 1 0 0 1 0 0 45.84815496282437 123.34559274201845 143.1 45.84815496282437 123.34559274201845 9.992741 170.00215 -999.0 -999.0 -999.0 -999.0 -999.0 -999.0 -999.0 -999.0 -999.0 -999.0 -999.0 -999.0 6231.0 -999.0 -1 -999 {-999.0 -999.0 -999.0 -999.0 -999.0} "" -999.0 -999.0 -999.0 -999.0 -999 -999 "" "" "" "" 0 0 0.0 0.0 -999 ""
FIBERMAP 733 R+2C2 APOGEE 0 0 0 1 0 0 -245.68080866802185 46.25486312103579 143.1 -245.68080866802185 46.25486312103579 10.010858 169.99327 -999.0 -999.0 -999.0 -999.0 -999.0 -999.0 -999.0 -999.0 -999.0 -999.0 -999.0 -999.0 16600.0 -999.0 2 -999 {-999.0 -999.0 -999.0 -999.0 -999.0} "" -999.0 -999.0 -999.0 -999.0 -999 -999 "" "" "" "" 0 0 0.0 0.0 -999 ""
FIBERMAP 733 R+2C2 BOSS 0 0 0 1 0 0 -244.96702213624877 46.27537588085538 143.1 -244.96702213624877 46.27537588085538 10.010858 169.99327 -999.0 -999.0 -999.0 -999.0 -999.0 -999.0 -999.0 -999.0 -999.0 -999.0 -999.0 -999.0 5400.0 -999.0 1 10 {-999.0 -999.0 -999.0 -999.0 -999.0} "" -999.0 -999.0 -999.0 -999.0 -999 -999 "" "" "" "" 0 0 0.0 0.0 -999 ""
FIBERMAP 733 R+2C2 METROLOGY 1 0 0 1 0 0 -245.30148853383167 45.61238493750754 143.1 -245.30148853383167 45.61238493750754 10.010858 169.99327 -999.0 -999.0 -999.0 -999.0 -999.0 -999.0 -999.0 -999.0 -999.0 -999.0 -999.0 -999.0 6231.0 -999.0 -1 -999 {-999.0 -999.0 -999.0 -999.0 -999.0} "" -999.0 -999.0 -999.0 -999.0 -999 -999 "" "" "" "" 0 0 0.0 0.0 -999 ""
FIBERMAP 741 R+5C9 APOGEE 0 0 0 1 0 0 -55.423236251087516 104.59412254632139 143.1 -55.423236251087516 104.59412254632139 10.014869 169.99733 -999.0 -999.0 -999.0 -999.0 -999.0 -999.0 -999.0 -999.0 -999.0 -999.0 -999.0 -999.0 16600.0 -999.0 2 101 {-999.0 -999.0 -999.0 -999.0 -999.0} "" -999.0 -999.0 -999.0 -999.0 -999 -999 "" "" "" "" 0 0 0.0 0.0 -999 ""
FIBERMAP 741 R+5C9 BOSS 0 0 0 1 0 0 -54.683988275258834 104.61607861689353 143.1 -54.683988275258834 104.61607861689353 10.014869 169.99733 -999.0 -999.0 -999.0 -999.0 -999.0 -999.0 -999.0 -999.0 -999.0 -999.0 -999.0 -999.0 5400.0 -999.0 1 75 {-999.0 -999.0 -999.0 -999.0 -999.0} "" -999.0 -999.0 -999.0 -999.0 -999 -999 "" "" "" "" 0 0 0.0 0.0 -999 ""
FIBERMAP 741 R+5C9 METROLOGY 1 0 0 1 0 0 -55.021417610908735 103.95835079098936 143.1 -55.021417610908735 103.95835079098936 10.014869 169.99733 -999.0 -999.0 -999.0 -999.0 -999.0 -999.0 -999.0 -999.0 -999.0 -999.0 -999.0 -999.0 6231.0 -999.0 -1 -999 {-999.0 -999.0 -999.0 -999.0 -999.0} "" -999.0 -999.0 -999.0 -999.0 -999 -999 "" "" "" "" 0 0 0.0 0.0 -999 ""
FIBERMAP 742 R-5C19 APOGEE 0 0 0 1 0 0 168.7231089183103 -89.4791375599009 143.1 168.7231089183103 -89.4791375599009 10.006561 169.98627 -999.0 -999.0 -999.0 -999.0 -999.0 -999.0 -999.0 -999.0 -999.0 -999.0 -999.0 -999.0 16600.0 -999.0 2 -999 {-999.0 -999.0 -999.0 -999.0 -999.0} "" -999.0 -999.0 -999.0 -999.0 -999 -999 "" "" "" "" 0 0 0.0 0.0 -999 ""
FIBERMAP 742 R-5C19 BOSS 0 0 0 1 0 0 169.46472781972633 -89.46383159677043 143.1 169.46472781972633 -89.46383159677043 10.006561 169.98627 -999.0 -999.0 -999.0 -999.0 -999.0 -999.0 -999.0 -999.0 -999.0 -999.0 -999.0 -999.0 5400.0 -999.0 1 287 {-999.0 -999.0 -999.0 -999.0 -999.0} "" -999.0 -999.0 -999.0 -999.0 -999 -999 "" "" "" "" 0 0 0.0 0.0 -999 ""
FIBERMAP 742 R-5C19 METROLOGY 1 0 0 1 0 0 169.103351081596 -90.12107048301017 143.1 169.103351081596 -90.12107048301017 10.006561 169.98627 -999.0 -999.0 -999.0 -999.0 -999.0 -999.0 -999.0 -999.0 -999.0 -999.0 -999.0 -999.0 6231.0 -999.0 -1 -999 {-999.0 -999.0 -999.0 -999.0 -999.0} "" -999.0 -999.0 -999.0 -999.0 -999 -999 "" "" "" "" 0 0 0.0 0.0 -999 ""
FIBERMAP 743 R-1C3 APOGEE 0 0 0 1 0 0 -234.75567982581055 -11.868570554870093 143.1 -234.75567982581055 -11.868570554870093 10.006148 170.0008 -999.0 -999.0 -999.0 -999.0 -999.0 -999.0 -999.0 -999.0 -999.0 -999.0 -999.0 -999.0 16600.0 -999.0 2 281 {-999.0 -999.0 -999.0 -999.0 -999.0} "" -999.0 -999.0 -999.0 -999.0 -999 -999 "" "" "" "" 0 0 0.0 0.0 -999 ""
FIBERMAP 743 R-1C3 BOSS 0 0 0 1 0 0 -234.00907489025505 -11.857105880214228 143.1 -234.00907489025505 -11.857105880214228 10.006148 170.0008 -999.0 -999.0 -999.0 -999.0 -999.0 -999.0 -999.0 -999.0 -999.0 -999.0 -999.0 -999.0 5400.0 -999.0 1 433 {-999.0 -999.0 -999.0 -999.0 -999.0} "" -999.0 -999.0 -999.0 -999.0 -999 -999 "" "" "" "" 0 0 0.0 0.0 -999 ""
FIBERMAP 743 R-1C3 METROLOGY 1 0 0 1 0 0 -234.36655266662424 -12.5112583887482 143.1 -234.36655266662424 -12.5112583887482 10.006148 170.0008 -999.0 -999.0 -999.0 -999.0 -999.0 -999.0 -999.0 -999.0 -999.0 -999.0 -999.0 -999.0 6231.0 -999.0 -1 -999 {-999.0 -999.0 -999.0 -999.0 -999.0} "" -999.0 -999.0 -999.0 -999.0 -999 -999 "" "" "" "" 0 0 0.0 0.0 -999 ""
FIBERMAP 748 R-1C24 APOGEE 0 0 0 1 0 0 235.73878472126862 -11.734748975775808 143.1 235.73878472126862 -11.734748975775808 9.990982 169.99265 -999.0 -999.0 -999.0 -999.0 -999.0 -999.0 -999.0 -999.0 -999.0 -999.0 -999.0 -999.0 16600.0 -999.0 2 210 {-999.0 -999.0 -999.0 -999.0 -999.0} "" -999.0 -999.0 -999.0 -999.0 -999 -999 "" "" "" "" 0 0 0.0 0.0 -999 ""
FIBERMAP 748 R-1C24 BOSS 0 0 0 1 0 0 236.4845686277774 -11.726282332100281 143.1 236.4845686277774 -11.726282332100281 9.990982 169.99265 -999.0 -999.0 -999.0 -999.0 -999.0 -999.0 -999.0 -999.0 -999.0 -999.0 -999.0 -999.0 5400.0 -999.0 1 311 {-999.0 -999.0 -999.0 -999.0 -999.0} "" -999.0 -999.0 -999.0 -999.0 -999 -999 "" "" "" "" 0 0 0.0 0.0 -999 ""
FIBERMAP 748 R-1C24 METROLOGY 1 0 0 1 0 0 236.12629785357387 -12.376233352185913 143.1 236.12629785357387 -12.376233352185913 9.990982 169.99265 -999.0 -999.0 -999.0 -999.0 -999.0 -999.0 -999.0 -999.0 -999.0 -999.0 -999.0 -999.0 6231.0 -999.0 -1 -999 {-999.0 -999.0 -999.0 -999.0 -999.0} "" -999.0 -999.0 -999.0 -999.0 -999 -999 "" "" "" "" 0 0 0.0 0.0 -999 ""
FIBERMAP 751 R-10C16 APOGEE 0 0 0 1 0 0 157.43584136079295 -186.3712807062098 143.1 157.43584136079295 -186.3712807062098 10.016275 169.9975 -999.0 -999.0 -999.0 -999.0 -999.0 -999.0 -999.0 -999.0 -999.0 -999.0 -999.0 -999.0 16600.0 -999.0 2 -999 {-999.0 -999.0 -999.0 -999.0 -999.0} "" -999.0 -999.0 -999.0 -999.0 -999 -999 "" "" "" "" 0 0 0.0 0.0 -999 ""
FIBERMAP 751 R-10C16 BOSS 0 0 0 1 0 0 158.18744383599088 -186.360863747061 143.1 158.18744383599088 -186.360863747061 10.016275 169.9975 -999.0 -999.0 -999.0 -999.0 -999.0 -999.0 -999.0 -999.0 -999.0 -999.0 -999.0 -999.0 5400.0 -999.0 1 268 {-999.0 -999.0 -999.0 -999.0 -999.0} "" -999.0 -999.0 -999.0 -999.0 -999 -999 "" "" "" "" 0 0 0.0 0.0 -999 ""
FIBERMAP 751 R-10C16 METROLOGY 1 0 0 1 0 0 157.81989158766396 -187.0109426511089 143.1 157.81989158766396 -187.0109426511089 10.016275 169.9975 -999.0 -999.0 -999.0 -999.0 -999.0 -999.0 -999.0 -999.0 -999.0 -999.0 -999.0 -999.0 6231.0 -999.0 -1 -999 {-999.0 -999.0 -999.0 -999.0 -999.0} "" -999.0 -999.0 -999.0 -999.0 -999 -999 "" "" "" "" 0 0 0.0 0.0 -999 ""
FIBERMAP 753 R-2C22 APOGEE 0 0 0 1 0 0 202.36252220342723 -31.22919546023386 143.1 202.36252220342723 -31.22919546023386 9.993254 169.99297 -999.0 -999.0 -999.0 -999.0 -999.0 -999.0 -999.0 -999.0 -999.0 -999.0 -999.0 -999.0 16600.0 -999.0 2 -999 {-999.0 -999.0 -999.0 -999.0 -999.0} "" -999.0 -999.0 -999.0 -999.0 -999 -999 "" "" "" "" 0 0 0.0 0.0 -999 ""
FIBERMAP 753 R-2C22 BOSS 0 0 0 1 0 0 203.11672377784953 -31.223004320066003 143.1 203.11672377784953 -31.223004320066003 9.993254 169.99297 -999.0 -999.0 -999.0 -999.0 -999.0 -999.0 -999.0 -999.0 -999.0 -999.0 -999.0 -999.0 5400.0 -999.0 1 285 {-999.0 -999.0 -999.0 -999.0 -999.0} "" -999.0 -999.0 -999.0 -999.0 -999 -999 "" "" "" "" 0 0 0.0 0.0 -999 ""
FIBERMAP 753 R-2C22 METROLOGY 1 0 0 1 0 0 202.75003770729825 -31.866764056364026 143.1 202.75003770729825 -31.866764056364026 9.993254 169.99297 -999.0 -999.0 -999.0 -999.0 -999.0 -999.0 -999.0 -999.0 -999.0 -999.0 -999.0 -999.0 6231.0 -999.0 -1 -999 {-999.0 -999.0 -999.0 -999.0 -999.0} "" -999.0 -999.0 -999.0 -999.0 -999 -999 "" "" "" "" 0 0 0.0 0.0 -999 ""
FIBERMAP 756 R-13C9 APOGEE 0 0 0 1 0 0 34.18715921428196 -244.6664847401855 143.1 34.18715921428196 -244.6664847401855 10.006589 170.0062 -999.0 -999.0 -999.0 -999.0 -999.0 -999.0 -999.0 -999.0 -999.0 -999.0 -999.0 -999.0 16600.0 -999.0 2 207 {-999.0 -999.0 -999.0 -999.0 -999.0} "" -999.0 -999.0 -999.0 -999.0 -999 -999 "" "" "" "" 0 0 0.0 0.0 -999 ""
FIBERMAP 756 R-13C9 BOSS 0 0 0 1 0 0 34.92741724212912 -244.63816517088296 143.1 34.92741724212912 -244.63816517088296 10.006589 170.0062 -999.0 -999.0 -999.0 -999.0 -999.0 -999.0 -999.0 -999.0 -999.0 -999.0 -999.0 -999.0 5400.0 -999.0 1 334 {-999.0 -999.0 -999.0 -999.0 -999.0} "" -999.0 -999.0 -999.0 -999.0 -999 -999 "" "" "" "" 0 0 0.0 0.0 -999 ""
FIBERMAP 756 R-13C9 METROLOGY 1 0 0 1 0 0 34.581350253108496 -245.29817022440545 143.1 34.581350253108496 -245.29817022440545 10.006589 170.0062 -999.0 -999.0 -999.0 -999.0 -999.0 -999.0 -999.0 -999.0 -999.0 -999.0 -999.0 -999.0 6231.0 -999.0 -1 -999 {-999.0 -999.0 -999.0 -999.0 -999.0} "" -999.0 -999.0 -999.0 -999.0 -999 -999 "" "" "" "" 0 0 0.0 0.0 -999 ""
FIBERMAP 758 R+4C17 APOGEE 0 0 0 1 0 0 112.67743328225869 85.26435405096683 143.1 112.67743328225869 85.26435405096683 10.0107155 170.02489 -999.0 -999.0 -999.0 -999.0 -999.0 -999.0 -999.0 -999.0 -999.0 -999.0 -999.0 -999.0 16600.0 -999.0 2 83 {-999.0 -999.0 -999.0 -999.0 -999.0} "" -999.0 -999.0 -999.0 -999.0 -999 -999 "" "" "" "" 0 0 0.0 0.0 -999 ""
FIBERMAP 758 R+4C17 BOSS 0 0 0 1 0 0 113.41893468498495 85.26561452718005 143.1 113.41893468498495 85.26561452718005 10.0107155 170.02489 -999.0 -999.0 -999.0 -999.0 -999.0 -999.0 -999.0 -999.0 -999.0 -999.0 -999.0 -999.0 5400.0 -999.0 1 210 {-999.0 -999.0 -999.0 -999.0 -999.0} "" -999.0 -999.0 -999.0 -999.0 -999 -999 "" "" "" "" 0 0 0.0 0.0 -999 ""
FIBERMAP 758 R+4C17 METROLOGY 1 0 0 1 0 0 113.06124520985065 84.61949195426956 143.1 113.06124520985065 84.61949195426956 10.0107155 170.02489 -999.0 -999.0 -999.0 -999.0 -999.0 -999.0 -999.0 -999.0 -999.0 -999.0 -999.0 -999.0 6231.0 -999.0 -1 -999 {-999.0 -999.0 -999.0 -999.0 -999.0} "" -999.0 -999.0 -999.0 -999.0 -999 -999 "" "" "" "" 0 0 0.0 0.0 -999 ""
FIBERMAP 760 R+10C10 APOGEE 0 0 0 1 0 0 23.08733232975427 201.72477396343294 143.1 23.08733232975427 201.72477396343294 9.989906 170.00922 -999.0 -999.0 -999.0 -999.0 -999.0 -999.0 -999.0 -999.0 -999.0 -999.0 -999.0 -999.0 16600.0 -999.0 2 -999 {-999.0 -999.0 -999.0 -999.0 -999.0} "" -999.0 -999.0 -999.0 -999.0 -999 -999 "" "" "" "" 0 0 0.0 0.0 -999 ""
FIBERMAP 760 R+10C10 BOSS 0 0 0 1 0 0 23.850464676780813 201.72746836803913 143.1 23.850464676780813 201.72746836803913 9.989906 170.00922 -999.0 -999.0 -999.0 -999.0 -999.0 -999.0 -999.0 -999.0 -999.0 -999.0 -999.0 -999.0 5400.0 -999.0 1 122 {-999.0 -999.0 -999.0 -999.0 -999.0} "" -999.0 -999.0 -999.0 -999.0 -999 -999 "" "" "" "" 0 0 0.0 0.0 -999 ""
FIBERMAP 760 R+10C10 METROLOGY 1 0 0 1 0 0 23.465103115198865 201.08138355770998 143.1 23.465103115198865 201.08138355770998 9.989906 170.00922 -999.0 -999.0 -999.0 -999.0 -999.0 -999.0 -999.0 -999.0 -999.0 -999.0 -999.0 -999.0 6231.0 -999.0 -1 -999 {-999.0 -999.0 -999.0 -999.0 -999.0} "" -999.0 -999.0 -999.0 -999.0 -999 -999 "" "" "" "" 0 0 0.0 0.0 -999 ""
FIBERMAP 761 R+4C9 APOGEE 0 0 0 1 0 0 -66.54517575886551 85.08091383010573 143.1 -66.54517575886551 85.08091383010573 10.010882 170.00766 -999.0 -999.0 -999.0 -999.0 -999.0 -999.0 -999.0 -999.0 -999.0 -999.0 -999.0 -999.0 16600.0 -999.0 2 118 {-999.0 -999.0 -999.0 -999.0 -999.0} "" -999.0 -999.0 -999.0 -999.0 -999 -999 "" "" "" "" 0 0 0.0 0.0 -999 ""
FIBERMAP 761 R+4C9 BOSS 0 0 0 1 0 0 -65.79757167445732 85.08909832222339 143.1 -65.79757167445732 85.08909832222339 10.010882 170.00766 -999.0 -999.0 -999.0 -999.0 -999.0 -999.0 -999.0 -999.0 -999.0 -999.0 -999.0 -999.0 5400.0 -999.0 1 64 {-999.0 -999.0 -999.0 -999.0 -999.0} "" -999.0 -999.0 -999.0 -999.0 -999 -999 "" "" "" "" 0 0 0.0 0.0 -999 ""
FIBERMAP 761 R+4C9 METROLOGY 1 0 0 1 0 0 -66.12787091043917 84.42130437124197 143.1 -66.12787091043917 84.42130437124197 10.010882 170.00766 -999.0 -999.0 -999.0 -999.0 -999.0 -999.0 -999.0 -999.0 -999.0 -999.0 -999.0 -999.0 6231.0 -999.0 -1 -999 {-999.0 -999.0 -999.0 -999.0 -999.0} "" -999.0 -999.0 -999.0 -999.0 -999 -999 "" "" "" "" 0 0 0.0 0.0 -999 ""
FIBERMAP 762 R+2C22 APOGEE 0 0 0 1 0 0 202.40189150963786 46.34544909989336 143.1 202.40189150963786 46.34544909989336 9.988401 170.01093 -999.0 -999.0 -999.0 -999.0 -999.0 -999.0 -999.0 -999.0 -999.0 -999.0 -999.0 -999.0 16600.0 -999.0 2 -999 {-999.0 -999.0 -999.0 -999.0 -999.0} "" -999.0 -999.0 -999.0 -999.0 -999 -999 "" "" "" "" 0 0 0.0 0.0 -999 ""
FIBERMAP 762 R+2C22 BOSS 0 0 0 1 0 0 203.13087638038718 46.35681848197161 143.1 203.13087638038718 46.35681848197161 9.988401 170.01093 -999.0 -999.0 -999.0 -999.0 -999.0 -999.0 -999.0 -999.0 -999.0 -999.0 -999.0 -999.0 5400.0 -999.0 1 224 {-999.0 -999.0 -999.0 -999.0 -999.0} "" -999.0 -999.0 -999.0 -999.0 -999 -999 "" "" "" "" 0 0 0.0 0.0 -999 ""
FIBERMAP 762 R+2C22 METROLOGY 1 0 0 1 0 0 202.7752791814664 45.699505118546476 143.1 202.7752791814664 45.699505118546476 9.988401 170.01093 -999.0 -999.0 -999.0 -999.0 -999.0 -999.0 -999.0 -999.0 -999.0 -999.0 -999.0 -999.0 6231.0 -999.0 -1 -999 {-999.0 -999.0 -999.0 -999.0 -999.0} "" -999.0 -999.0 -999.0 -999.0 -999 -999 "" "" "" "" 0 0 0.0 0.0 -999 ""
FIBERMAP 765 R+2C19 APOGEE 0 0 0 1 0 0 135.1727434844556 46.293902491493526 143.1 135.1727434844556 46.293902491493526 10.006823 170.01012 -999.0 -999.0 -999.0 -999.0 -999.0 -999.0 -999.0 -999.0 -999.0 -999.0 -999.0 -999.0 16600.0 -999.0 2 72 {-999.0 -999.0 -999.0 -999.0 -999.0} "" -999.0 -999.0 -999.0 -999.0 -999 -999 "" "" "" "" 0 0 0.0 0.0 -999 ""
FIBERMAP 765 R+2C19 BOSS 0 0 0 1 0 0 135.91873261546797 46.298138267686355 143.1 135.91873261546797 46.298138267686355 10.006823 170.01012 -999.0 -999.0 -999.0 -999.0 -999.0 -999.0 -999.0 -999.0 -999.0 -999.0 -999.0 -999.0 5400.0 -999.0 1 221 {-999.0 -999.0 -999.0 -999.0 -999.0} "" -999.0 -999.0 -999.0 -999.0 -999 -999 "" "" "" "" 0 0 0.0 0.0 -999 ""
FIBERMAP 765 R+2C19 METROLOGY 1 0 0 1 0 0 135.54919242640267 45.645917156133656 143.1 135.54919242640267 45.645917156133656 10.006823 170.01012 -999.0 -999.0 -999.0 -999.0 -999.0 -999.0 -999.0 -999.0 -999.0 -999.0 -999.0 -999.0 6231.0 -999.0 -1 -999 {-999.0 -999.0 -999.0 -999.0 -999.0} "" -999.0 -999.0 -999.0 -999.0 -999 -999 "" "" "" "" 0 0 0.0 0.0 -999 ""
FIBERMAP 766 R+7C3 APOGEE 0 0 0 1 0 0 -167.62566816202832 143.2726517789819 143.1 -167.62566816202832 143.2726517789819 9.992513 170.0084 -999.0 -999.0 -999.0 -999.0 -999.0 -999.0 -999.0 -999.0 -999.0 -999.0 -999.0 -999.0 16600.0 -999.0 2 123 {-999.0 -999.0 -999.0 -999.0 -999.0} "" -999.0 -999.0 -999.0 -999.0 -999 -999 "" "" "" "" 0 0 0.0 0.0 -999 ""
FIBERMAP 766 R+7C3 BOSS 0 0 0 1 0 0 -166.87345886834964 143.28562628325358 143.1 -166.87345886834964 143.28562628325358 9.992513 170.0084 -999.0 -999.0 -999.0 -999.0 -999.0 -999.0 -999.0 -999.0 -999.0 -999.0 -999.0 -999.0 5400.0 -999.0 1 26 {-999.0 -999.0 -999.0 -999.0 -999.0} "" -999.0 -999.0 -999.0 -999.0 -999 -999 "" "" "" "" 0 0 0.0 0.0 -999 ""
FIBERMAP 766 R+7C3 METROLOGY 1 0 0 1 0 0 -167.23944027349938 142.63327682928895 143.1 -167.23944027349938 142.63327682928895 9.992513 170.0084 -999.0 -999.0 -999.0 -999.0 -999.0 -999.0 -999.0 -999.0 -999.0 -999.0 -999.0 -999.0 6231.0 -999.0 -1 -999 {-999.0 -999.0 -999.0 -999.0 -999.0} "" -999.0 -999.0 -999.0 -999.0 -999 -999 "" "" "" "" 0 0 0.0 0.0 -999 ""
FIBERMAP 776 R+1C5 APOGEE 0 0 0 1 0 0 -189.86651273468783 26.953714046213776 143.1 -189.86651273468783 26.953714046213776 10.001599 170.01303 -999.0 -999.0 -999.0 -999.0 -999.0 -999.0 -999.0 -999.0 -999.0 -999.0 -999.0 -999.0 16600.0 -999.0 2 110 {-999.0 -999.0 -999.0 -999.0 -999.0} "" -999.0 -999.0 -999.0 -999.0 -999 -999 "" "" "" "" 0 0 0.0 0.0 -999 ""
FIBERMAP 776 R+1C5 BOSS 0 0 0 1 0 0 -189.11442933539143 26.918887496250367 143.1 -189.11442933539143 26.918887496250367 10.001599 170.01303 -999.0 -999.0 -999.0 -999.0 -999.0 -999.0 -999.0 -999.0 -999.0 -999.0 -999.0 -999.0 5400.0 -999.0 1 63 {-999.0 -999.0 -999.0 -999.0 -999.0} "" -999.0 -999.0 -999.0 -999.0 -999 -999 "" "" "" "" 0 0 0.0 0.0 -999 ""
FIBERMAP 776 R+1C5 METROLOGY 1 0 0 1 0 0 -189.5219260755975 26.286681410884903 143.1 -189.5219260755975 26.286681410884903 10.001599 170.01303 -999.0 -999.0 -999.0 -999.0 -999.0 -999.0 -999.0 -999.0 -999.0 -999.0 -999.0 -999.0 6231.0 -999.0 -1 -999 {-999.0 -999.0 -999.0 -999.0 -999.0} "" -999.0 -999.0 -999.0 -999.0 -999 -999 "" "" "" "" 0 0 0.0 0.0 -999 ""
FIBERMAP 779 R+1C20 APOGEE 0 0 0 1 0 0 146.21266263625068 26.963811156480276 143.1 146.21266263625068 26.963811156480276 9.988512 170.00322 -999.0 -999.0 -999.0 -999.0 -999.0 -999.0 -999.0 -999.0 -999.0 -999.0 -999.0 -999.0 16600.0 -999.0 2 85 {-999.0 -999.0 -999.0 -999.0 -999.0} "" -999.0 -999.0 -999.0 -999.0 -999 -999 "" "" "" "" 0 0 0.0 0.0 -999 ""
FIBERMAP 779 R+1C20 BOSS 0 0 0 1 0 0 146.94976100836362 26.979567064705222 143.1 146.94976100836362 26.979567064705222 9.988512 170.00322 -999.0 -999.0 -999.0 -999.0 -999.0 -999.0 -999.0 -999.0 -999.0 -999.0 -999.0 -999.0 5400.0 -999.0 1 233 {-999.0 -999.0 -999.0 -999.0 -999.0} "" -999.0 -999.0 -999.0 -999.0 -999 -999 "" "" "" "" 0 0 0.0 0.0 -999 ""
FIBERMAP 779 R+1C20 METROLOGY 1 0 0 1 0 0 146.5948942039759 26.320659483604874 143.1 146.5948942039759 26.320659483604874 9.988512 170.00322 -999.0 -999.0 -999.0 -999.0 -999.0 -999.0 -999.0 -999.0 -999.0 -999.0 -999.0 -999.0 6231.0 -999.0 -1 -999 {-999.0 -999.0 -999.0 -999.0 -999.0} "" -999.0 -999.0 -999.0 -999.0 -999 -999 "" "" "" "" 0 0 0.0 0.0 -999 ""
FIBERMAP 781 R+8C12 APOGEE 0 0 0 1 0 0 45.43692611276963 162.65516103274743 143.1 45.43692611276963 162.65516103274743 10.012494 170.03384 -999.0 -999.0 -999.0 -999.0 -999.0 -999.0 -999.0 -999.0 -999.0 -999.0 -999.0 -999.0 16600.0 -999.0 2 -999 {-999.0 -999.0 -999.0 -999.0 -999.0} "" -999.0 -999.0 -999.0 -999.0 -999 -999 "" "" "" "" 0 0 0.0 0.0 -999 ""
FIBERMAP 781 R+8C12 BOSS 0 0 0 1 0 0 46.1881178538355 162.65587106808954 143.1 46.1881178538355 162.65587106808954 10.012494 170.03384 -999.0 -999.0 -999.0 -999.0 -999.0 -999.0 -999.0 -999.0 -999.0 -999.0 -999.0 -999.0 5400.0 -999.0 1 139 {-999.0 -999.0 -999.0 -999.0 -999.0} "" -999.0 -999.0 -999.0 -999.0 -999 -999 "" "" "" "" 0 0 0.0 0.0 -999 ""
FIBERMAP 781 R+8C12 METROLOGY 1 0 0 1 0 0 45.82015348878434 162.01500577127982 143.1 45.82015348878434 162.01500577127982 10.012494 170.03384 -999.0 -999.0 -999.0 -999.0 -999.0 -999.0 -999.0 -999.0 -999.0 -999.0 -999.0 -999.0 6231.0 -999.0 -1 -999 {-999.0 -999.0 -999.0 -999.0 -999.0} "" -999.0 -999.0 -999.0 -999.0 -999 -999 "" "" "" "" 0 0 0.0 0.0 -999 ""
FIBERMAP 784 R0C21 APOGEE 0 0 0 1 0 0 157.32437047062598 7.439192065685892 143.1 157.32437047062598 7.439192065685892 10.0099535 170.0061 -999.0 -999.0 -999.0 -999.0 -999.0 -999.0 -999.0 -999.0 -999.0 -999.0 -999.0 -999.0 16600.0 -999.0 2 73 {-999.0 -999.0 -999.0 -999.0 -999.0} "" -999.0 -999.0 -999.0 -999.0 -999 -999 "" "" "" "" 0 0 0.0 0.0 -999 ""
FIBERMAP 784 R0C21 BOSS 0 0 0 1 0 0 158.06327317393792 7.446527686937286 143.1 158.06327317393792 7.446527686937286 10.0099535 170.0061 -999.0 -999.0 -999.0 -999.0 -999.0 -999.0 -999.0 -999.0 -999.0 -999.0 -999.0 -999.0 5400.0 -999.0 1 243 {-999.0 -999.0 -999.0 -999.0 -999.0} "" -999.0 -999.0 -999.0 -999.0 -999 -999 "" "" "" "" 0 0 0.0 0.0 -999 ""
FIBERMAP 784 R0C21 METROLOGY 1 0 0 1 0 0 157.70528698795692 6.794037175053023 143.1 157.70528698795692 6.794037175053023 10.0099535 170.0061 -999.0 -999.0 -999.0 -999.0 -999.0 -999.0 -999.0 -999.0 -999.0 -999.0 -999.0 -999.0 6231.0 -999.0 -1 -999 {-999.0 -999.0 -999.0 -999.0 -999.0} "" -999.0 -999.0 -999.0 -999.0 -999 -999 "" "" "" "" 0 0 0.0 0.0 -999 ""
FIBERMAP 786 R+11C5 APOGEE 0 0 0 1 0 0 -77.74961555563745 220.9719812062199 143.1 -77.74961555563745 220.9719812062199 9.992612 169.99736 -999.0 -999.0 -999.0 -999.0 -999.0 -999.0 -999.0 -999.0 -999.0 -999.0 -999.0 -999.0 16600.0 -999.0 2 22 {-999.0 -999.0 -999.0 -999.0 -999.0} "" -999.0 -999.0 -999.0 -999.0 -999 -999 "" "" "" "" 0 0 0.0 0.0 -999 ""
FIBERMAP 786 R+11C5 BOSS 0 0 0 1 0 0 -77.00722586454216 220.97368997637957 143.1 -77.00722586454216 220.97368997637957 9.992612 169.99736 -999.0 -999.0 -999.0 -999.0 -999.0 -999.0 -999.0 -999.0 -999.0 -999.0 -999.0 -999.0 5400.0 -999.0 1 144 {-999.0 -999.0 -999.0 -999.0 -999.0} "" -999.0 -999.0 -999.0 -999.0 -999 -999 "" "" "" "" 0 0 0.0 0.0 -999 ""
FIBERMAP 786 R+11C5 METROLOGY 1 0 0 1 0 0 -77.37025949598761 220.3187303727874 143.1 -77.37025949598761 220.3187303727874 9.992612 169.99736 -999.0 -999.0 -999.0 -999.0 -999.0 -999.0 -999.0 -999.0 -999.0 -999.0 -999.0 -999.0 6231.0 -999.0 -1 -999 {-999.0 -999.0 -999.0 -999.0 -999.0} "" -999.0 -999.0 -999.0 -999.0 -999 -999 "" "" "" "" 0 0 0.0 0.0 -999 ""
FIBERMAP 787 R+9C16 APOGEE 0 0 0 1 0 0 145.95514437180893 182.23803004503281 143.1 145.95514437180893 182.23803004503281 9.993439 170.00577 -999.0 -999.0 -999.0 -999.0 -999.0 -999.0 -999.0 -999.0 -999.0 -999.0 -999.0 -999.0 16600.0 -999.0 2 88 {-999.0 -999.0 -999.0 -999.0 -999.0} "" -999.0 -999.0 -999.0 -999.0 -999 -999 "" "" "" "" 0 0 0.0 0.0 -999 ""
FIBERMAP 787 R+9C16 BOSS 0 0 0 1 0 0 146.7021276942609 182.25910876897638 143.1 146.7021276942609 182.25910876897638 9.993439 170.00577 -999.0 -999.0 -999.0 -999.0 -999.0 -999.0 -999.0 -999.0 -999.0 -999.0 -999.0 -999.0 5400.0 -999.0 1 227 {-999.0 -999.0 -999.0 -999.0 -999.0} "" -999.0 -999.0 -999.0 -999.0 -999 -999 "" "" "" "" 0 0 0.0 0.0 -999 ""
FIBERMAP 787 R+9C16 METROLOGY 1 0 0 1 0 0 146.3582656730725 181.60301185416995 143.1 146.3582656730725 181.60301185416995 9.993439 170.00577 -999.0 -999.0 -999.0 -999.0 -999.0 -999.0 -999.0 -999.0 -999.0 -999.0 -999.0 -999.0 6231.0 -999.0 -1 -999 {-999.0 -999.0 -999.0 -999.0 -999.0} "" -999.0 -999.0 -999.0 -999.0 -999 -999 "" "" "" "" 0 0 0.0 0.0 -999 ""
FIBERMAP 789 R+2C9 APOGEE 0 0 0 1 0 0 -89.08490699106373 46.37199056871843 143.1 -89.08490699106373 46.37199056871843 10.003591 170.0016 -999.0 -999.0 -999.0 -999.0 -999.0 -999.0 -999.0 -999.0 -999.0 -999.0 -999.0 -999.0 16600.0 -999.0 2 109 {-999.0 -999.0 -999.0 -999.0 -999.0} "" -999.0 -999.0 -999.0 -999.0 -999 -999 "" "" "" "" 0 0 0.0 0.0 -999 ""
FIBERMAP 789 R+2C9 BOSS 0 0 0 1 0 0 -88.33367465356059 46.39902920574653 143.1 -88.33367465356059 46.39902920574653 10.003591 170.0016 -999.0 -999.0 -999.0 -999.0 -999.0 -999.0 -999.0 -999.0 -999.0 -999.0 -999.0 -999.0 5400.0 -999.0 1 53 {-999.0 -999.0 -999.0 -999.0 -999.0} "" -999.0 -999.0 -999.0 -999.0 -999 -999 "" "" "" "" 0 0 0.0 0.0 -999 ""
FIBERMAP 789 R+2C9 METROLOGY 1 0 0 1 0 0 -88.68402711762451 45.73928372571931 143.1 -88.68402711762451 45.73928372571931 10.003591 170.0016 -999.0 -999.0 -999.0 -999.0 -999.0 -999.0 -999.0 -999.0 -999.0 -999.0 -999.0 -999.0 6231.0 -999.0 -1 -999 {-999.0 -999.0 -999.0 -999.0 -999.0} "" -999.0 -999.0 -999.0 -999.0 -999 -999 "" "" "" "" 0 0 0.0 0.0 -999 ""
FIBERMAP 790 R+6C16 APOGEE 0 0 0 1 0 0 112.65561470229443 123.91239370253192 143.1 112.65561470229443 123.91239370253192 10.009254 170.00014 -999.0 -999.0 -999.0 -999.0 -999.0 -999.0 -999.0 -999.0 -999.0 -999.0 -999.0 -999.0 16600.0 -999.0 2 -999 {-999.0 -999.0 -999.0 -999.0 -999.0} "" -999.0 -999.0 -999.0 -999.0 -999 -999 "" "" "" "" 0 0 0.0 0.0 -999 ""
FIBERMAP 790 R+6C16 BOSS 0 0 0 1 0 0 113.4254619946769 123.91983932824431 143.1 113.4254619946769 123.91983932824431 10.009254 170.00014 -999.0 -999.0 -999.0 -999.0 -999.0 -999.0 -999.0 -999.0 -999.0 -999.0 -999.0 -999.0 5400.0 -999.0 1 215 {-999.0 -999.0 -999.0 -999.0 -999.0} "" -999.0 -999.0 -999.0 -999.0 -999 -999 "" "" "" "" 0 0 0.0 0.0 -999 ""
FIBERMAP 790 R+6C16 METROLOGY 1 0 0 1 0 0 113.03544185436716 123.27021513308247 143.1 113.03544185436716 123.27021513308247 10.009254 170.00014 -999.0 -999.0 -999.0 -999.0 -999.0 -999.0 -999.0 -999.0 -999.0 -999.0 -999.0 -999.0 6231.0 -999.0 -1 -999 {-999.0 -999.0 -999.0 -999.0 -999.0} "" -999.0 -999.0 -999.0 -999.0 -999 -999 "" "" "" "" 0 0 0.0 0.0 -999 ""
FIBERMAP 791 R+7C20 APOGEE 0 0 0 1 0 0 213.2582334536394 143.24258575466692 143.1 213.2582334536394 143.24258575466692 10.010149 170.01631 -999.0 -999.0 -999.0 -999.0 -999.0 -999.0 -999.0 -999.0 -999.0 -999.0 -999.0 -999.0 16600.0 -999.0 2 76 {-999.0 -999.0 -999.0 -999.0 -999.0} "" -999.0 -999.0 -999.0 -999.0 -999 -999 "" "" "" "" 0 0 0.0 0.0 -999 ""
FIBERMAP 791 R+7C20 BOSS 0 0 0 1 0 0 213.99798756612108 143.3141579987227 143.1 213.99798756612108 143.3141579987227 10.010149 170.01631 -999.0 -999.0 -999.0 -999.0 -999.0 -999.0 -999.0 -999.0 -999.0 -999.0 -999.0 -999.0 5400.0 -999.0 1 250 {-999.0 -999.0 -999.0 -999.0 -999.0} "" -999.0 -999.0 -999.0 -999.0 -999 -999 "" "" "" "" 0 0 0.0 0.0 -999 ""
FIBERMAP 791 R+7C20 METROLOGY 1 0 0 1 0 0 213.69579115863002 142.6344933727694 143.1 213.69579115863002 142.6344933727694 10.010149 170.01631 -999.0 -999.0 -999.0 -999.0 -999.0 -999.0 -999.0 -999.0 -999.0 -999.0 -999.0 -999.0 6231.0 -999.0 -1 -999 {-999.0 -999.0 -999.0 -999.0 -999.0} "" -999.0 -999.0 -999.0 -999.0 -999 -999 "" "" "" "" 0 0 0.0 0.0 -999 ""
FIBERMAP 792 R-7C14 APOGEE 0 0 0 1 0 0 79.10657478171005 -128.24004123795115 143.1 79.10657478171005 -128.24004123795115 10.008207 169.99614 -999.0 -999.0 -999.0 -999.0 -999.0 -999.0 -999.0 -999.0 -999.0 -999.0 -999.0 -999.0 16600.0 -999.0 2 184 {-999.0 -999.0 -999.0 -999.0 -999.0} "" -999.0 -999.0 -999.0 -999.0 -999 -999 "" "" "" "" 0 0 0.0 0.0 -999 ""
FIBERMAP 792 R-7C14 BOSS 0 0 0 1 0 0 79.8470411843382 -128.21569317301717 143.1 79.8470411843382 -128.21569317301717 10.008207 169.99614 -999.0 -999.0 -999.0 -999.0 -999.0 -999.0 -999.0 -999.0 -999.0 -999.0 -999.0 -999.0 5400.0 -999.0 1 326 {-999.0 -999.0 -999.0 -999.0 -999.0} "" -999.0 -999.0 -999.0 -999.0 -999 -999 "" "" "" "" 0 0 0.0 0.0 -999 ""
FIBERMAP 792 R-7C14 METROLOGY 1 0 0 1 0 0 79.48648606621154 -128.8791503874541 143.1 79.48648606621154 -128.8791503874541 10.008207 169.99614 -999.0 -999.0 -999.0 -999.0 -999.0 -999.0 -999.0 -999.0 -999.0 -999.0 -999.0 -999.0 6231.0 -999.0 -1 -999 {-999.0 -999.0 -999.0 -999.0 -999.0} "" -999.0 -999.0 -999.0 -999.0 -999 -999 "" "" "" "" 0 0 0.0 0.0 -999 ""
FIBERMAP 793 R+7C1 APOGEE 0 0 0 1 0 0 -212.26812878469573 143.2593673122739 143.1 -212.26812878469573 143.2593673122739 10.005385 170.00131 -999.0 -999.0 -999.0 -999.0 -999.0 -999.0 -999.0 -999.0 -999.0 -999.0 -999.0 -999.0 16600.0 -999.0 2 97 {-999.0 -999.0 -999.0 -999.0 -999.0} "" -999.0 -999.0 -999.0 -999.0 -999 -999 "" "" "" "" 0 0 0.0 0.0 -999 ""
FIBERMAP 793 R+7C1 BOSS 0 0 0 1 0 0 -211.5276719846995 143.26431350333112 143.1 -211.5276719846995 143.26431350333112 10.005385 170.00131 -999.0 -999.0 -999.0 -999.0 -999.0 -999.0 -999.0 -999.0 -999.0 -999.0 -999.0 -999.0 5400.0 -999.0 1 82 {-999.0 -999.0 -999.0 -999.0 -999.0} "" -999.0 -999.0 -999.0 -999.0 -999 -999 "" "" "" "" 0 0 0.0 0.0 -999 ""
FIBERMAP 793 R+7C1 METROLOGY 1 0 0 1 0 0 -211.89013257579683 142.6095871787492 143.1 -211.89013257579683 142.6095871787492 10.005385 170.00131 -999.0 -999.0 -999.0 -999.0 -999.0 -999.0 -999.0 -999.0 -999.0 -999.0 -999.0 -999.0 6231.0 -999.0 -1 -999 {-999.0 -999.0 -999.0 -999.0 -999.0} "" -999.0 -999.0 -999.0 -999.0 -999 -999 "" "" "" "" 0 0 0.0 0.0 -999 ""
FIBERMAP 795 R+5C3 APOGEE 0 0 0 1 0 0 -189.59023648614712 104.48166325065229 143.1 -189.59023648614712 104.48166325065229 9.988638 170.00522 -999.0 -999.0 -999.0 -999.0 -999.0 -999.0 -999.0 -999.0 -999.0 -999.0 -999.0 -999.0 16600.0 -999.0 2 130 {-999.0 -999.0 -999.0 -999.0 -999.0} "" -999.0 -999.0 -999.0 -999.0 -999 -999 "" "" "" "" 0 0 0.0 0.0 -999 ""
FIBERMAP 795 R+5C3 BOSS 0 0 0 1 0 0 -188.86090429603485 104.49765638064835 143.1 -188.86090429603485 104.49765638064835 9.988638 170.00522 -999.0 -999.0 -999.0 -999.0 -999.0 -999.0 -999.0 -999.0 -999.0 -999.0 -999.0 -999.0 5400.0 -999.0 1 28 {-999.0 -999.0 -999.0 -999.0 -999.0} "" -999.0 -999.0 -999.0 -999.0 -999 -999 "" "" "" "" 0 0 0.0 0.0 -999 ""
FIBERMAP 795 R+5C3 METROLOGY 1 0 0 1 0 0 -189.21122590007232 103.83984275971835 143.1 -189.21122590007232 103.83984275971835 9.988638 170.00522 -999.0 -999.0 -999.0 -999.0 -999.0 -999.0 -999.0 -999.0 -999.0 -999.0 -999.0 -999.0 6231.0 -999.0 -1 -999 {-999.0 -999.0 -999.0 -999.0 -999.0} "" -999.0 -999.0 -999.0 -999.0 -999 -999 "" "" "" "" 0 0 0.0 0.0 -999 ""
FIBERMAP 796 R-1C17 APOGEE 0 0 0 1 0 0 79.07129782651764 -11.997390366399507 143.1 79.07129782651764 -11.997390366399507 10.005329 170.00275 -999.0 -999.0 -999.0 -999.0 -999.0 -999.0 -999.0 -999.0 -999.0 -999.0 -999.0 -999.0 16600.0 -999.0 2 -999 {-999.0 -999.0 -999.0 -999.0 -999.0} "" -999.0 -999.0 -999.0 -999.0 -999 -999 "" "" "" "" 0 0 0.0 0.0 -999 ""
FIBERMAP 796 R-1C17 BOSS 0 0 0 1 0 0 79.81281465590153 -11.979648446801196 143.1 79.81281465590153 -11.979648446801196 10.005329 170.00275 -999.0 -999.0 -999.0 -999.0 -999.0 -999.0 -999.0 -999.0 -999.0 -999.0 -999.0 -999.0 5400.0 -999.0 1 280 {-999.0 -999.0 -999.0 -999.0 -999.0} "" -999.0 -999.0 -999.0 -999.0 -999 -999 "" "" "" "" 0 0 0.0 0.0 -999 ""
FIBERMAP 796 R-1C17 METROLOGY 1 0 0 1 0 0 79.46058474144388 -12.633878919618645 143.1 79.46058474144388 -12.633878919618645 10.005329 170.00275 -999.0 -999.0 -999.0 -999.0 -999.0 -999.0 -999.0 -999.0 -999.0 -999.0 -999.0 -999.0 6231.0 -999.0 -1 -999 {-999.0 -999.0 -999.0 -999.0 -999.0} "" -999.0 -999.0 -999.0 -999.0 -999 -999 "" "" "" "" 0 0 0.0 0.0 -999 ""
FIBERMAP 800 R+11C7 APOGEE 0 0 0 1 0 0 -32.892134917994255 220.91306377910882 143.1 -32.892134917994255 220.91306377910882 10.006863 169.99567 -999.0 -999.0 -999.0 -999.0 -999.0 -999.0 -999.0 -999.0 -999.0 -999.0 -999.0 -999.0 16600.0 -999.0 2 16 {-999.0 -999.0 -999.0 -999.0 -999.0} "" -999.0 -999.0 -999.0 -999.0 -999 -999 "" "" "" "" 0 0 0.0 0.0 -999 ""
FIBERMAP 800 R+11C7 BOSS 0 0 0 1 0 0 -32.146048355379605 220.90724149789418 143.1 -32.146048355379605 220.90724149789418 10.006863 169.99567 -999.0 -999.0 -999.0 -999.0 -999.0 -999.0 -999.0 -999.0 -999.0 -999.0 -999.0 -999.0 5400.0 -999.0 1 112 {-999.0 -999.0 -999.0 -999.0 -999.0} "" -999.0 -999.0 -999.0 -999.0 -999 -999 "" "" "" "" 0 0 0.0 0.0 -999 ""
FIBERMAP 800 R+11C7 METROLOGY 1 0 0 1 0 0 -32.51802950927247 220.26327936482997 143.1 -32.51802950927247 220.26327936482997 10.006863 169.99567 -999.0 -999.0 -999.0 -999.0 -999.0 -999.0 -999.0 -999.0 -999.0 -999.0 -999.0 -999.0 6231.0 -999.0 -1 -999 {-999.0 -999.0 -999.0 -999.0 -999.0} "" -999.0 -999.0 -999.0 -999.0 -999 -999 "" "" "" "" 0 0 0.0 0.0 -999 ""
FIBERMAP 804 R-6C16 APOGEE 0 0 0 1 0 0 112.47599528343581 -108.82766119978022 143.1 112.47599528343581 -108.82766119978022 10.007796 170.00537 -999.0 -999.0 -999.0 -999.0 -999.0 -999.0 -999.0 -999.0 -999.0 -999.0 -999.0 -999.0 16600.0 -999.0 2 -999 {-999.0 -999.0 -999.0 -999.0 -999.0} "" -999.0 -999.0 -999.0 -999.0 -999 -999 "" "" "" "" 0 0 0.0 0.0 -999 ""
FIBERMAP 804 R-6C16 BOSS 0 0 0 1 0 0 113.23929185628806 -108.82945865842667 143.1 113.23929185628806 -108.82945865842667 10.007796 170.00537 -999.0 -999.0 -999.0 -999.0 -999.0 -999.0 -999.0 -999.0 -999.0 -999.0 -999.0 -999.0 5400.0 -999.0 1 305 {-999.0 -999.0 -999.0 -999.0 -999.0} "" -999.0 -999.0 -999.0 -999.0 -999 -999 "" "" "" "" 0 0 0.0 0.0 -999 ""
FIBERMAP 804 R-6C16 METROLOGY 1 0 0 1 0 0 112.85974549787448 -109.46750317513826 143.1 112.85974549787448 -109.46750317513826 10.007796 170.00537 -999.0 -999.0 -999.0 -999.0 -999.0 -999.0 -999.0 -999.0 -999.0 -999.0 -999.0 -999.0 6231.0 -999.0 -1 -999 {-999.0 -999.0 -999.0 -999.0 -999.0} "" -999.0 -999.0 -999.0 -999.0 -999 -999 "" "" "" "" 0 0 0.0 0.0 -999 ""
FIBERMAP 805 R0C18 APOGEE 0 0 0 1 0 0 90.41821036163935 7.466932130867137 143.1 90.41821036163935 7.466932130867137 9.995954 169.9998 -999.0 -999.0 -999.0 -999.0 -999.0 -999.0 -999.0 -999.0 -999.0 -999.0 -999.0 -999.0 16600.0 -999.0 2 -999 {-999.0 -999.0 -999.0 -999.0 -999.0} "" -999.0 -999.0 -999.0 -999.0 -999 -999 "" "" "" "" 0 0 0.0 0.0 -999 ""
FIBERMAP 805 R0C18 BOSS 0 0 0 1 0 0 91.17220861873248 7.478703066792074 143.1 91.17220861873248 7.478703066792074 9.995954 169.9998 -999.0 -999.0 -999.0 -999.0 -999.0 -999.0 -999.0 -999.0 -999.0 -999.0 -999.0 -999.0 5400.0 -999.0 1 241 {-999.0 -999.0 -999.0 -999.0 -999.0} "" -999.0 -999.0 -999.0 -999.0 -999 -999 "" "" "" "" 0 0 0.0 0.0 -999 ""
FIBERMAP 805 R0C18 METROLOGY 1 0 0 1 0 0 90.80467386687863 6.828725315148319 143.1 90.80467386687863 6.828725315148319 9.995954 169.9998 -999.0 -999.0 -999.0 -999.0 -999.0 -999.0 -999.0 -999.0 -999.0 -999.0 -999.0 -999.0 6231.0 -999.0 -1 -999 {-999.0 -999.0 -999.0 -999.0 -999.0} "" -999.0 -999.0 -999.0 -999.0 -999 -999 "" "" "" "" 0 0 0.0 0.0 -999 ""
FIBERMAP 806 R+4C22 APOGEE 0 0 0 1 0 0 224.5408219145151 85.18724693290369 143.1 224.5408219145151 85.18724693290369 9.9886265 170.01772 -999.0 -999.0 -999.0 -999.0 -999.0 -999.0 -999.0 -999.0 -999.0 -999.0 -999.0 -999.0 16600.0 -999.0 2 -999 {-999.0 -999.0 -999.0 -999.0 -999.0} "" -999.0 -999.0 -999.0 -999.0 -999 -999 "" "" "" "" 0 0 0.0 0.0 -999 ""
FIBERMAP 806 R+4C22 BOSS 0 0 0 1 0 0 225.26993268574097 85.21353478143557 143.1 225.26993268574097 85.21353478143557 9.9886265 170.01772 -999.0 -999.0 -999.0 -999.0 -999.0 -999.0 -999.0 -999.0 -999.0 -999.0 -999.0 -999.0 5400.0 -999.0 1 236 {-999.0 -999.0 -999.0 -999.0 -999.0} "" -999.0 -999.0 -999.0 -999.0 -999 -999 "" "" "" "" 0 0 0.0 0.0 -999 ""
FIBERMAP 806 R+4C22 METROLOGY 1 0 0 1 0 0 224.92409258979765 84.54711759442571 143.1 224.92409258979765 84.54711759442571 9.9886265 170.01772 -999.0 -999.0 -999.0 -999.0 -999.0 -999.0 -999.0 -999.0 -999.0 -999.0 -999.0 -999.0 6231.0 -999.0 -1 -999 {-999.0 -999.0 -999.0 -999.0 -999.0} "" -999.0 -999.0 -999.0 -999.0 -999 -999 "" "" "" "" 0 0 0.0 0.0 -999 ""
FIBERMAP 808 R-9C5 APOGEE 0 0 0 1 0 0 -100.14757072938633 -167.09847545398978 143.1 -100.14757072938633 -167.09847545398978 9.992353 169.9914 -999.0 -999.0 -999.0 -999.0 -999.0 -999.0 -999.0 -999.0 -999.0 -999.0 -999.0 -999.0 16600.0 -999.0 2 287 {-999.0 -999.0 -999.0 -999.0 -999.0} "" -999.0 -999.0 -999.0 -999.0 -999 -999 "" "" "" "" 0 0 0.0 0.0 -999 ""
FIBERMAP 808 R-9C5 BOSS 0 0 0 1 0 0 -99.39177673234533 -167.09870665653372 143.1 -99.39177673234533 -167.09870665653372 9.992353 169.9914 -999.0 -999.0 -999.0 -999.0 -999.0 -999.0 -999.0 -999.0 -999.0 -999.0 -999.0 -999.0 5400.0 -999.0 1 412 {-999.0 -999.0 -999.0 -999.0 -999.0} "" -999.0 -999.0 -999.0 -999.0 -999 -999 "" "" "" "" 0 0 0.0 0.0 -999 ""
FIBERMAP 808 R-9C5 METROLOGY 1 0 0 1 0 0 -99.77929656652805 -167.75224059969787 143.1 -99.77929656652805 -167.75224059969787 9.992353 169.9914 -999.0 -999.0 -999.0 -999.0 -999.0 -999.0 -999.0 -999.0 -999.0 -999.0 -999.0 -999.0 6231.0 -999.0 -1 -999 {-999.0 -999.0 -999.0 -999.0 -999.0} "" -999.0 -999.0 -999.0 -999.0 -999 -999 "" "" "" "" 0 0 0.0 0.0 -999 ""
FIBERMAP 809 R+9C1 APOGEE 0 0 0 1 0 0 -190.06592374683532 182.08748325183967 143.1 -190.06592374683532 182.08748325183967 10.005581 169.99847 -999.0 -999.0 -999.0 -999.0 -999.0 -999.0 -999.0 -999.0 -999.0 -999.0 -999.0 -999.0 16600.0 -999.0 2 120 {-999.0 -999.0 -999.0 -999.0 -999.0} "" -999.0 -999.0 -999.0 -999.0 -999 -999 "" "" "" "" 0 0 0.0 0.0 -999 ""
FIBERMAP 809 R+9C1 BOSS 0 0 0 1 0 0 -189.3164279369348 182.11464151708716 143.1 -189.3164279369348 182.11464151708716 10.005581 169.99847 -999.0 -999.0 -999.0 -999.0 -999.0 -999.0 -999.0 -999.0 -999.0 -999.0 -999.0 -999.0 5400.0 -999.0 1 78 {-999.0 -999.0 -999.0 -999.0 -999.0} "" -999.0 -999.0 -999.0 -999.0 -999 -999 "" "" "" "" 0 0 0.0 0.0 -999 ""
FIBERMAP 809 R+9C1 METROLOGY 1 0 0 1 0 0 -189.66722154382884 181.4465157505909 143.1 -189.66722154382884 181.4465157505909 10.005581 169.99847 -999.0 -999.0 -999.0 -999.0 -999.0 -999.0 -999.0 -999.0 -999.0 -999.0 -999.0 -999.0 6231.0 -999.0 -1 -999 {-999.0 -999.0 -999.0 -999.0 -999.0} "" -999.0 -999.0 -999.0 -999.0 -999 -999 "" "" "" "" 0 0 0.0 0.0 -999 ""
FIBERMAP 816 R+4C16 APOGEE 0 0 0 1 0 0 90.52276013669972 85.19454008185214 143.1 90.52276013669972 85.19454008185214 10.0068035 170.01738 -999.0 -999.0 -999.0 -999.0 -999.0 -999.0 -999.0 -999.0 -999.0 -999.0 -999.0 -999.0 16600.0 -999.0 2 -999 {-999.0 -999.0 -999.0 -999.0 -999.0} "" -999.0 -999.0 -999.0 -999.0 -999 -999 "" "" "" "" 0 0 0.0 0.0 -999 ""
FIBERMAP 816 R+4C16 BOSS 0 0 0 1 0 0 91.25041360450346 85.20437601481592 143.1 91.25041360450346 85.20437601481592 10.0068035 170.01738 -999.0 -999.0 -999.0 -999.0 -999.0 -999.0 -999.0 -999.0 -999.0 -999.0 -999.0 -999.0 5400.0 -999.0 1 211 {-999.0 -999.0 -999.0 -999.0 -999.0} "" -999.0 -999.0 -999.0 -999.0 -999 -999 "" "" "" "" 0 0 0.0 0.0 -999 ""
FIBERMAP 816 R+4C16 METROLOGY 1 0 0 1 0 0 90.90019280709502 84.5509512691541 143.1 90.90019280709502 84.5509512691541 10.0068035 170.01738 -999.0 -999.0 -999.0 -999.0 -999.0 -999.0 -999.0 -999.0 -999.0 -999.0 -999.0 -999.0 6231.0 -999.0 -1 -999 {-999.0 -999.0 -999.0 -999.0 -999.0} "" -999.0 -999.0 -999.0 -999.0 -999 -999 "" "" "" "" 0 0 0.0 0.0 -999 ""
FIBERMAP 818 R+7C11 APOGEE 0 0 0 1 0 0 11.932083370412759 143.406633234268 143.1 11.932083370412759 143.406633234268 10.007993 170.0045 -999.0 -999.0 -999.0 -999.0 -999.0 -999.0 -999.0 -999.0 -999.0 -999.0 -999.0 -999.0 16600.0 -999.0 2 19 {-999.0 -999.0 -999.0 -999.0 -999.0} "" -999.0 -999.0 -999.0 -999.0 -999 -999 "" "" "" "" 0 0 0.0 0.0 -999 ""
FIBERMAP 818 R+7C11 BOSS 0 0 0 1 0 0 12.68634224844502 143.43454332121962 143.1 12.68634224844502 143.43454332121962 10.007993 170.0045 -999.0 -999.0 -999.0 -999.0 -999.0 -999.0 -999.0 -999.0 -999.0 -999.0 -999.0 -999.0 5400.0 -999.0 1 135 {-999.0 -999.0 -999.0 -999.0 -999.0} "" -999.0 -999.0 -999.0 -999.0 -999 -999 "" "" "" "" 0 0 0.0 0.0 -999 ""
FIBERMAP 818 R+7C11 METROLOGY 1 0 0 1 0 0 12.347371581153414 142.78305952134502 143.1 12.347371581153414 142.78305952134502 10.007993 170.0045 -999.0 -999.0 -999.0 -999.0 -999.0 -999.0 -999.0 -999.0 -999.0 -999.0 -999.0 -999.0 6231.0 -999.0 -1 -999 {-999.0 -999.0 -999.0 -999.0 -999.0} "" -999.0 -999.0 -999.0 -999.0 -999 -999 "" "" "" "" 0 0 0.0 0.0 -999 ""
FIBERMAP 819 R+10C16 APOGEE 0 0 0 1 0 0 157.36542176722142 201.59139028479544 143.1 157.36542176722142 201.59139028479544 10.004181 170.00096 -999.0 -999.0 -999.0 -999.0 -999.0 -999.0 -999.0 -999.0 -999.0 -999.0 -999.0 -999.0 16600.0 -999.0 2 -999 {-999.0 -999.0 -999.0 -999.0 -999.0} "" -999.0 -999.0 -999.0 -999.0 -999 -999 "" "" "" "" 0 0 0.0 0.0 -999 ""
FIBERMAP 819 R+10C16 BOSS 0 0 0 1 0 0 158.11809552744242 201.588311179569 143.1 158.11809552744242 201.588311179569 10.004181 170.00096 -999.0 -999.0 -999.0 -999.0 -999.0 -999.0 -999.0 -999.0 -999.0 -999.0 -999.0 -999.0 5400.0 -999.0 1 177 {-999.0 -999.0 -999.0 -999.0 -999.0} "" -999.0 -999.0 -999.0 -999.0 -999 -999 "" "" "" "" 0 0 0.0 0.0 -999 ""
FIBERMAP 819 R+10C16 METROLOGY 1 0 0 1 0 0 157.74783072741786 200.95074579081046 143.1 157.74783072741786 200.95074579081046 10.004181 170.00096 -999.0 -999.0 -999.0 -999.0 -999.0 -999.0 -999.0 -999.0 -999.0 -999.0 -999.0 -999.0 6231.0 -999.0 -1 -999 {-999.0 -999.0 -999.0 -999.0 -999.0} "" -999.0 -999.0 -999.0 -999.0 -999 -999 "" "" "" "" 0 0 0.0 0.0 -999 ""
FIBERMAP 820 R+4C5 APOGEE 0 0 0 1 0 0 -156.06895306121982 85.16737873117088 143.1 -156.06895306121982 85.16737873117088 10.012445 170.00056 -999.0 -999.0 -999.0 -999.0 -999.0 -999.0 -999.0 -999.0 -999.0 -999.0 -999.0 -999.0 16600.0 -999.0 2 127 {-999.0 -999.0 -999.0 -999.0 -999.0} "" -999.0 -999.0 -999.0 -999.0 -999 -999 "" "" "" "" 0 0 0.0 0.0 -999 ""
FIBERMAP 820 R+4C5 BOSS 0 0 0 1 0 0 -155.33025868042157 85.19163622475658 143.1 -155.33025868042157 85.19163622475658 10.012445 170.00056 -999.0 -999.0 -999.0 -999.0 -999.0 -999.0 -999.0 -999.0 -999.0 -999.0 -999.0 -999.0 5400.0 -999.0 1 41 {-999.0 -999.0 -999.0 -999.0 -999.0} "" -999.0 -999.0 -999.0 -999.0 -999 -999 "" "" "" "" 0 0 0.0 0.0 -999 ""
FIBERMAP 820 R+4C5 METROLOGY 1 0 0 1 0 0 -155.67452415335615 84.53135988753102 143.1 -155.67452415335615 84.53135988753102 10.012445 170.00056 -999.0 -999.0 -999.0 -999.0 -999.0 -999.0 -999.0 -999.0 -999.0 -999.0 -999.0 -999.0 6231.0 -999.0 -1 -999 {-999.0 -999.0 -999.0 -999.0 -999.0} "" -999.0 -999.0 -999.0 -999.0 -999 -999 "" "" "" "" 0 0 0.0 0.0 -999 ""
FIBERMAP 824 R-6C7 APOGEE 0 0 0 1 0 0 -89.26594696734132 -108.9334200723584 143.1 -89.26594696734132 -108.9334200723584 10.014032 170.0063 -999.0 -999.0 -999.0 -999.0 -999.0 -999.0 -999.0 -999.0 -999.0 -999.0 -999.0 -999.0 16600.0 -999.0 2 280 {-999.0 -999.0 -999.0 -999.0 -999.0} "" -999.0 -999.0 -999.0 -999.0 -999 -999 "" "" "" "" 0 0 0.0 0.0 -999 ""
FIBERMAP 824 R-6C7 BOSS 0 0 0 1 0 0 -88.51041353734757 -108.91116961607517 143.1 -88.51041353734757 -108.91116961607517 10.014032 170.0063 -999.0 -999.0 -999.0 -999.0 -999.0 -999.0 -999.0 -999.0 -999.0 -999.0 -999.0 -999.0 5400.0 -999.0 1 438 {-999.0 -999.0 -999.0 -999.0 -999.0} "" -999.0 -999.0 -999.0 -999.0 -999 -999 "" "" "" "" 0 0 0.0 0.0 -999 ""
FIBERMAP 824 R-6C7 METROLOGY 1 0 0 1 0 0 -88.86522630400437 -109.56374264741609 143.1 -88.86522630400437 -109.56374264741609 10.014032 170.0063 -999.0 -999.0 -999.0 -999.0 -999.0 -999.0 -999.0 -999.0 -999.0 -999.0 -999.0 -999.0 6231.0 -999.0 -1 -999 {-999.0 -999.0 -999.0 -999.0 -999.0} "" -999.0 -999.0 -999.0 -999.0 -999 -999 "" "" "" "" 0 0 0.0 0.0 -999 ""
FIBERMAP 825 R+3C17 APOGEE 0 0 0 1 0 0 101.33390093784554 65.82073644856432 143.1 101.33390093784554 65.82073644856432 9.989437 170.02438 -999.0 -999.0 -999.0 -999.0 -999.0 -999.0 -999.0 -999.0 -999.0 -999.0 -999.0 -999.0 16600.0 -999.0 2 -999 {-999.0 -999.0 -999.0 -999.0 -999.0} "" -999.0 -999.0 -999.0 -999.0 -999 -999 "" "" "" "" 0 0 0.0 0.0 -999 ""
FIBERMAP 825 R+3C17 BOSS 0 0 0 1 0 0 102.06740117199176 65.85056186351706 143.1 102.06740117199176 65.85056186351706 9.989437 170.02438 -999.0 -999.0 -999.0 -999.0 -999.0 -999.0 -999.0 -999.0 -999.0 -999.0 -999.0 -999.0 5400.0 -999.0 1 219 {-999.0 -999.0 -999.0 -999.0 -999.0} "" -999.0 -999.0 -999.0 -999.0 -999 -999 "" "" "" "" 0 0 0.0 0.0 -999 ""
FIBERMAP 825 R+3C17 METROLOGY 1 0 0 1 0 0 101.72998974225611 65.18845831393335 143.1 101.72998974225611 65.18845831393335 9.989437 170.02438 -999.0 -999.0 -999.0 -999.0 -999.0 -999.0 -999.0 -999.0 -999.0 -999.0 -999.0 -999.0 6231.0 -999.0 -1 -999 {-999.0 -999.0 -999.0 -999.0 -999.0} "" -999.0 -999.0 -999.0 -999.0 -999 -999 "" "" "" "" 0 0 0.0 0.0 -999 ""
FIBERMAP 827 R+5C13 APOGEE 0 0 0 1 0 0 34.21012068222133 104.64088085044195 143.1 34.21012068222133 104.64088085044195 10.011555 169.99963 -999.0 -999.0 -999.0 -999.0 -999.0 -999.0 -999.0 -999.0 -999.0 -999.0 -999.0 -999.0 16600.0 -999.0 2 3 {-999.0 -999.0 -999.0 -999.0 -999.0} "" -999.0 -999.0 -999.0 -999.0 -999 -999 "" "" "" "" 0 0 0.0 0.0 -999 ""
FIBERMAP 827 R+5C13 BOSS 0 0 0 1 0 0 34.95109101633725 104.62875541547457 143.1 34.95109101633725 104.62875541547457 10.011555 169.99963 -999.0 -999.0 -999.0 -999.0 -999.0 -999.0 -999.0 -999.0 -999.0 -999.0 -999.0 -999.0 5400.0 -999.0 1 148 {-999.0 -999.0 -999.0 -999.0 -999.0} "" -999.0 -999.0 -999.0 -999.0 -999 -999 "" "" "" "" 0 0 0.0 0.0 -999 ""
FIBERMAP 827 R+5C13 METROLOGY 1 0 0 1 0 0 34.57949070863059 103.98356804724158 143.1 34.57949070863059 103.98356804724158 10.011555 169.99963 -999.0 -999.0 -999.0 -999.0 -999.0 -999.0 -999.0 -999.0 -999.0 -999.0 -999.0 -999.0 6231.0 -999.0 -1 -999 {-999.0 -999.0 -999.0 -999.0 -999.0} "" -999.0 -999.0 -999.0 -999.0 -999 -999 "" "" "" "" 0 0 0.0 0.0 -999 ""
FIBERMAP 828 R-2C18 APOGEE 0 0 0 1 0 0 112.76936000470221 -31.27457904280348 143.1 112.76936000470221 -31.27457904280348 10.004964 169.99155 -999.0 -999.0 -999.0 -999.0 -999.0 -999.0 -999.0 -999.0 -999.0 -999.0 -999.0 -999.0 16600.0 -999.0 2 -999 {-999.0 -999.0 -999.0 -999.0 -999.0} "" -999.0 -999.0 -999.0 -999.0 -999 -999 "" "" "" "" 0 0 0.0 0.0 -999 ""
FIBERMAP 828 R-2C18 BOSS 0 0 0 1 0 0 113.50907932093152 -31.254849762201033 143.1 113.50907932093152 -31.254849762201033 10.004964 169.99155 -999.0 -999.0 -999.0 -999.0 -999.0 -999.0 -999.0 -999.0 -999.0 -999.0 -999.0 -999.0 5400.0 -999.0 1 294 {-999.0 -999.0 -999.0 -999.0 -999.0} "" -999.0 -999.0 -999.0 -999.0 -999 -999 "" "" "" "" 0 0 0.0 0.0 -999 ""
FIBERMAP 828 R-2C18 METROLOGY 1 0 0 1 0 0 113.1478031746393 -31.91757418091867 143.1 113.1478031746393 -31.91757418091867 10.004964 169.99155 -999.0 -999.0 -999.0 -999.0 -999.0 -999.0 -999.0 -999.0 -999.0 -999.0 -999.0 -999.0 6231.0 -999.0 -1 -999 {-999.0 -999.0 -999.0 -999.0 -999.0} "" -999.0 -999.0 -999.0 -999.0 -999 -999 "" "" "" "" 0 0 0.0 0.0 -999 ""
FIBERMAP 830 R+9C18 APOGEE 0 0 0 1 0 0 190.85797469358963 182.20574886147028 143.1 190.85797469358963 182.20574886147028 9.99268 170.01326 -999.0 -999.0 -999.0 -999.0 -999.0 -999.0 -999.0 -999.0 -999.0 -999.0 -999.0 -999.0 16600.0 -999.0 2 52 {-999.0 -999.0 -999.0 -999.0 -999.0} "" -999.0 -999.0 -999.0 -999.0 -999 -999 "" "" "" "" 0 0 0.0 0.0 -999 ""
FIBERMAP 830 R+9C18 BOSS 0 0 0 1 0 0 191.5956188324159 182.213583865969 143.1 191.5956188324159 182.213583865969 9.99268 170.01326 -999.0 -999.0 -999.0 -999.0 -999.0 -999.0 -999.0 -999.0 -999.0 -999.0 -999.0 -999.0 5400.0 -999.0 1 169 {-999.0 -999.0 -999.0 -999.0 -999.0} "" -999.0 -999.0 -999.0 -999.0 -999 -999 "" "" "" "" 0 0 0.0 0.0 -999 ""
FIBERMAP 830 R+9C18 METROLOGY 1 0 0 1 0 0 191.2370339844978 181.5604441884651 143.1 191.2370339844978 181.5604441884651 9.99268 170.01326 -999.0 -999.0 -999.0 -999.0 -999.0 -999.0 -999.0 -999.0 -999.0 -999.0 -999.0 -999.0 6231.0 -999.0 -1 -999 {-999.0 -999.0 -999.0 -999.0 -999.0} "" -999.0 -999.0 -999.0 -999.0 -999 -999 "" "" "" "" 0 0 0.0 0.0 -999 ""
FIBERMAP 831 R-6C18 APOGEE 0 0 0 1 0 0 157.21921682784682 -108.8961573215071 143.1 157.21921682784682 -108.8961573215071 10.011521 169.99986 -999.0 -999.0 -999.0 -999.0 -999.0 -999.0 -999.0 -999.0 -999.0 -999.0 -999.0 -999.0 16600.0 -999.0 2 -999 {-999.0 -999.0 -999.0 -999.0 -999.0} "" -999.0 -999.0 -999.0 -999.0 -999 -999 "" "" "" "" 0 0 0.0 0.0 -999 ""
FIBERMAP 831 R-6C18 BOSS 0 0 0 1 0 0 157.97374396728029 -108.87676125119644 143.1 157.97374396728029 -108.87676125119644 10.011521 169.99986 -999.0 -999.0 -999.0 -999.0 -999.0 -999.0 -999.0 -999.0 -999.0 -999.0 -999.0 -999.0 5400.0 -999.0 1 288 {-999.0 -999.0 -999.0 -999.0 -999.0} "" -999.0 -999.0 -999.0 -999.0 -999 -999 "" "" "" "" 0 0 0.0 0.0 -999 ""
FIBERMAP 831 R-6C18 METROLOGY 1 0 0 1 0 0 157.61601595017748 -109.52798992356989 143.1 157.61601595017748 -109.52798992356989 10.011521 169.99986 -999.0 -999.0 -999.0 -999.0 -999.0 -999.0 -999.0 -999.0 -999.0 -999.0 -999.0 -999.0 6231.0 -999.0 -1 -999 {-999.0 -999.0 -999.0 -999.0 -999.0} "" -999.0 -999.0 -999.0 -999.0 -999 -999 "" "" "" "" 0 0 0.0 0.0 -999 ""
FIBERMAP 835 R+3C22 APOGEE 0 0 0 1 0 0 213.36123819322043 65.80261533997688 143.1 213.36123819322043 65.80261533997688 9.990677 169.99788 -999.0 -999.0 -999.0 -999.0 -999.0 -999.0 -999.0 -999.0 -999.0 -999.0 -999.0 -999.0 16600.0 -999.0 2 31 {-999.0 -999.0 -999.0 -999.0 -999.0} "" -999.0 -999.0 -999.0 -999.0 -999 -999 "" "" "" "" 0 0 0.0 0.0 -999 ""
FIBERMAP 835 R+3C22 BOSS 0 0 0 1 0 0 214.11570265840336 65.82127806191424 143.1 214.11570265840336 65.82127806191424 9.990677 169.99788 -999.0 -999.0 -999.0 -999.0 -999.0 -999.0 -999.0 -999.0 -999.0 -999.0 -999.0 -999.0 5400.0 -999.0 1 192 {-999.0 -999.0 -999.0 -999.0 -999.0} "" -999.0 -999.0 -999.0 -999.0 -999 -999 "" "" "" "" 0 0 0.0 0.0 -999 ""
FIBERMAP 835 R+3C22 METROLOGY 1 0 0 1 0 0 213.75728150282978 65.16493188366626 143.1 213.75728150282978 65.16493188366626 9.990677 169.99788 -999.0 -999.0 -999.0 -999.0 -999.0 -999.0 -999.0 -999.0 -999.0 -999.0 -999.0 -999.0 6231.0 -999.0 -1 -999 {-999.0 -999.0 -999.0 -999.0 -999.0} "" -999.0 -999.0 -999.0 -999.0 -999 -999 "" "" "" "" 0 0 0.0 0.0 -999 ""
FIBERMAP 837 R+1C18 APOGEE 0 0 0 1 0 0 101.38441259405826 26.97603640173461 143.1 101.38441259405826 26.97603640173461 10.01087 169.99478 -999.0 -999.0 -999.0 -999.0 -999.0 -999.0 -999.0 -999.0 -999.0 -999.0 -999.0 -999.0 16600.0 -999.0 2 69 {-999.0 -999.0 -999.0 -999.0 -999.0} "" -999.0 -999.0 -999.0 -999.0 -999 -999 "" "" "" "" 0 0 0.0 0.0 -999 ""
FIBERMAP 837 R+1C18 BOSS 0 0 0 1 0 0 102.1147277096283 26.97516621495128 143.1 102.1147277096283 26.97516621495128 10.01087 169.99478 -999.0 -999.0 -999.0 -999.0 -999.0 -999.0 -999.0 -999.0 -999.0 -999.0 -999.0 -999.0 5400.0 -999.0 1 231 {-999.0 -999.0 -999.0 -999.0 -999.0} "" -999.0 -999.0 -999.0 -999.0 -999 -999 "" "" "" "" 0 0 0.0 0.0 -999 ""
FIBERMAP 837 R+1C18 METROLOGY 1 0 0 1 0 0 101.75670818617856 26.328912650920618 143.1 101.75670818617856 26.328912650920618 10.01087 169.99478 -999.0 -999.0 -999.0 -999.0 -999.0 -999.0 -999.0 -999.0 -999.0 -999.0 -999.0 -999.0 6231.0 -999.0 -1 -999 {-999.0 -999.0 -999.0 -999.0 -999.0} "" -999.0 -999.0 -999.0 -999.0 -999 -999 "" "" "" "" 0 0 0.0 0.0 -999 ""
FIBERMAP 838 R-8C6 APOGEE 0 0 0 1 0 0 -89.20139063523222 -147.78240274298358 143.1 -89.20139063523222 -147.78240274298358 10.010941 170.01402 -999.0 -999.0 -999.0 -999.0 -999.0 -999.0 -999.0 -999.0 -999.0 -999.0 -999.0 -999.0 16600.0 -999.0 2 -999 {-999.0 -999.0 -999.0 -999.0 -999.0} "" -999.0 -999.0 -999.0 -999.0 -999 -999 "" "" "" "" 0 0 0.0 0.0 -999 ""
FIBERMAP 838 R-8C6 BOSS 0 0 0 1 0 0 -88.47352046005642 -147.76297828987438 143.1 -88.47352046005642 -147.76297828987438 10.010941 170.01402 -999.0 -999.0 -999.0 -999.0 -999.0 -999.0 -999.0 -999.0 -999.0 -999.0 -999.0 -999.0 5400.0 -999.0 1 411 {-999.0 -999.0 -999.0 -999.0 -999.0} "" -999.0 -999.0 -999.0 -999.0 -999 -999 "" "" "" "" 0 0 0.0 0.0 -999 ""
FIBERMAP 838 R-8C6 METROLOGY 1 0 0 1 0 0 -88.81440203215614 -148.42029129249755 143.1 -88.81440203215614 -148.42029129249755 10.010941 170.01402 -999.0 -999.0 -999.0 -999.0 -999.0 -999.0 -999.0 -999.0 -999.0 -999.0 -999.0 -999.0 6231.0 -999.0 -1 -999 {-999.0 -999.0 -999.0 -999.0 -999.0} "" -999.0 -999.0 -999.0 -999.0 -999 -999 "" "" "" "" 0 0 0.0 0.0 -999 ""
FIBERMAP 839 R+3C1 APOGEE 0 0 0 1 0 0 -256.86530655141667 65.74755274818862 143.1 -256.86530655141667 65.74755274818862 9.991161 169.997 -999.0 -999.0 -999.0 -999.0 -999.0 -999.0 -999.0 -999.0 -999.0 -999.0 -999.0 -999.0 16600.0 -999.0 2 143 {-999.0 -999.0 -999.0 -999.0 -999.0} "" -999.0 -999.0 -999.0 -999.0 -999 -999 "" "" "" "" 0 0 0.0 0.0 -999 ""
FIBERMAP 839 R+3C1 BOSS 0 0 0 1 0 0 -256.1334732857888 65.76704952011126 143.1 -256.1334732857888 65.76704952011126 9.991161 169.997 -999.0 -999.0 -999.0 -999.0 -999.0 -999.0 -999.0 -999.0 -999.0 -999.0 -999.0 -999.0 5400.0 -999.0 1 3 {-999.0 -999.0 -999.0 -999.0 -999.0} "" -999.0 -999.0 -999.0 -999.0 -999 -999 "" "" "" "" 0 0 0.0 0.0 -999 ""
FIBERMAP 839 R+3C1 METROLOGY 1 0 0 1 0 0 -256.49152623182687 65.09933347519483 143.1 -256.49152623182687 65.09933347519483 9.991161 169.997 -999.0 -999.0 -999.0 -999.0 -999.0 -999.0 -999.0 -999.0 -999.0 -999.0 -999.0 -999.0 6231.0 -999.0 -1 -999 {-999.0 -999.0 -999.0 -999.0 -999.0} "" -999.0 -999.0 -999.0 -999.0 -999 -999 "" "" "" "" 0 0 0.0 0.0 -999 ""
FIBERMAP 840 R+10C12 APOGEE 0 0 0 1 0 0 67.66927078958722 201.583173212175 143.1 67.66927078958722 201.583173212175 9.992657 170.00897 -999.0 -999.0 -999.0 -999.0 -999.0 -999.0 -999.0 -999.0 -999.0 -999.0 -999.0 -999.0 16600.0 -999.0 2 -999 {-999.0 -999.0 -999.0 -999.0 -999.0} "" -999.0 -999.0 -999.0 -999.0 -999 -999 "" "" "" "" 0 0 0.0 0.0 -999 ""
FIBERMAP 840 R+10C12 BOSS 0 0 0 1 0 0 68.41484177840162 201.60790909160184 143.1 68.41484177840162 201.60790909160184 9.992657 170.00897 -999.0 -999.0 -999.0 -999.0 -999.0 -999.0 -999.0 -999.0 -999.0 -999.0 -999.0 -999.0 5400.0 -999.0 1 141 {-999.0 -999.0 -999.0 -999.0 -999.0} "" -999.0 -999.0 -999.0 -999.0 -999 -999 "" "" "" "" 0 0 0.0 0.0 -999 ""
FIBERMAP 840 R+10C12 METROLOGY 1 0 0 1 0 0 68.0578933086315 200.94627877963262 143.1 68.0578933086315 200.94627877963262 9.992657 170.00897 -999.0 -999.0 -999.0 -999.0 -999.0 -999.0 -999.0 -999.0 -999.0 -999.0 -999.0 -999.0 6231.0 -999.0 -1 -999 {-999.0 -999.0 -999.0 -999.0 -999.0} "" -999.0 -999.0 -999.0 -999.0 -999 -999 "" "" "" "" 0 0 0.0 0.0 -999 ""
FIBERMAP 842 R-4C20 APOGEE 0 0 0 1 0 0 179.8851777347021 -70.18487243486754 143.1 179.8851777347021 -70.18487243486754 10.018123 170.02557 -999.0 -999.0 -999.0 -999.0 -999.0 -999.0 -999.0 -999.0 -999.0 -999.0 -999.0 -999.0 16600.0 -999.0 2 -999 {-999.0 -999.0 -999.0 -999.0 -999.0} "" -999.0 -999.0 -999.0 -999.0 -999 -999 "" "" "" "" 0 0 0.0 0.0 -999 ""
FIBERMAP 842 R-4C20 BOSS 0 0 0 1 0 0 180.60620048661545 -70.16889571352002 143.1 180.60620048661545 -70.16889571352002 10.018123 170.02557 -999.0 -999.0 -999.0 -999.0 -999.0 -999.0 -999.0 -999.0 -999.0 -999.0 -999.0 -999.0 5400.0 -999.0 1 286 {-999.0 -999.0 -999.0 -999.0 -999.0} "" -999.0 -999.0 -999.0 -999.0 -999 -999 "" "" "" "" 0 0 0.0 0.0 -999 ""
FIBERMAP 842 R-4C20 METROLOGY 1 0 0 1 0 0 180.26842246197444 -70.82501730872795 143.1 180.26842246197444 -70.82501730872795 10.018123 170.02557 -999.0 -999.0 -999.0 -999.0 -999.0 -999.0 -999.0 -999.0 -999.0 -999.0 -999.0 -999.0 6231.0 -999.0 -1 -999 {-999.0 -999.0 -999.0 -999.0 -999.0} "" -999.0 -999.0 -999.0 -999.0 -999 -999 "" "" "" "" 0 0 0.0 0.0 -999 ""
FIBERMAP 846 R+1C13 APOGEE 0 0 0 1 0 0 -10.654225147944707 26.851982207504236 143.1 -10.654225147944707 26.851982207504236 10.002178 170.0148 -999.0 -999.0 -999.0 -999.0 -999.0 -999.0 -999.0 -999.0 -999.0 -999.0 -999.0 -999.0 16600.0 -999.0 2 131 {-999.0 -999.0 -999.0 -999.0 -999.0} "" -999.0 -999.0 -999.0 -999.0 -999 -999 "" "" "" "" 0 0 0.0 0.0 -999 ""
FIBERMAP 846 R+1C13 BOSS 0 0 0 1 0 0 -9.912649205037567 26.89100926432805 143.1 -9.912649205037567 26.89100926432805 10.002178 170.0148 -999.0 -999.0 -999.0 -999.0 -999.0 -999.0 -999.0 -999.0 -999.0 -999.0 -999.0 -999.0 5400.0 -999.0 1 13 {-999.0 -999.0 -999.0 -999.0 -999.0} "" -999.0 -999.0 -999.0 -999.0 -999 -999 "" "" "" "" 0 0 0.0 0.0 -999 ""
FIBERMAP 846 R+1C13 METROLOGY 1 0 0 1 0 0 -10.245575121839673 26.224536112543696 143.1 -10.245575121839673 26.224536112543696 10.002178 170.0148 -999.0 -999.0 -999.0 -999.0 -999.0 -999.0 -999.0 -999.0 -999.0 -999.0 -999.0 -999.0 6231.0 -999.0 -1 -999 {-999.0 -999.0 -999.0 -999.0 -999.0} "" -999.0 -999.0 -999.0 -999.0 -999 -999 "" "" "" "" 0 0 0.0 0.0 -999 ""
FIBERMAP 847 R+5C22 APOGEE 0 0 0 1 0 0 235.66882289607204 104.5268259166991 143.1 235.66882289607204 104.5268259166991 10.004214 170.00307 -999.0 -999.0 -999.0 -999.0 -999.0 -999.0 -999.0 -999.0 -999.0 -999.0 -999.0 -999.0 16600.0 -999.0 2 74 {-999.0 -999.0 -999.0 -999.0 -999.0} "" -999.0 -999.0 -999.0 -999.0 -999 -999 "" "" "" "" 0 0 0.0 0.0 -999 ""
FIBERMAP 847 R+5C22 BOSS 0 0 0 1 0 0 236.42644952474583 104.5427267719878 143.1 236.42644952474583 104.5427267719878 10.004214 170.00307 -999.0 -999.0 -999.0 -999.0 -999.0 -999.0 -999.0 -999.0 -999.0 -999.0 -999.0 -999.0 5400.0 -999.0 1 248 {-999.0 -999.0 -999.0 -999.0 -999.0} "" -999.0 -999.0 -999.0 -999.0 -999 -999 "" "" "" "" 0 0 0.0 0.0 -999 ""
FIBERMAP 847 R+5C22 METROLOGY 1 0 0 1 0 0 236.07011771490465 103.8929332660699 143.1 236.07011771490465 103.8929332660699 10.004214 170.00307 -999.0 -999.0 -999.0 -999.0 -999.0 -999.0 -999.0 -999.0 -999.0 -999.0 -999.0 -999.0 6231.0 -999.0 -1 -999 {-999.0 -999.0 -999.0 -999.0 -999.0} "" -999.0 -999.0 -999.0 -999.0 -999 -999 "" "" "" "" 0 0 0.0 0.0 -999 ""
FIBERMAP 849 R+6C12 APOGEE 0 0 0 1 0 0 22.957095437442256 124.02673212716883 143.1 22.957095437442256 124.02673212716883 9.994159 170.01134 -999.0 -999.0 -999.0 -999.0 -999.0 -999.0 -999.0 -999.0 -999.0 -999.0 -999.0 -999.0 16600.0 -999.0 2 -999 {-999.0 -999.0 -999.0 -999.0 -999.0} "" -999.0 -999.0 -999.0 -999.0 -999 -999 "" "" "" "" 0 0 0.0 0.0 -999 ""
FIBERMAP 849 R+6C12 BOSS 0 0 0 1 0 0 23.69889358578763 124.04124919585442 143.1 23.69889358578763 124.04124919585442 9.994159 170.01134 -999.0 -999.0 -999.0 -999.0 -999.0 -999.0 -999.0 -999.0 -999.0 -999.0 -999.0 -999.0 5400.0 -999.0 1 117 {-999.0 -999.0 -999.0 -999.0 -999.0} "" -999.0 -999.0 -999.0 -999.0 -999 -999 "" "" "" "" 0 0 0.0 0.0 -999 ""
FIBERMAP 849 R+6C12 METROLOGY 1 0 0 1 0 0 23.346057306190225 123.39004488434712 143.1 23.346057306190225 123.39004488434712 9.994159 170.01134 -999.0 -999.0 -999.0 -999.0 -999.0 -999.0 -999.0 -999.0 -999.0 -999.0 -999.0 -999.0 6231.0 -999.0 -1 -999 {-999.0 -999.0 -999.0 -999.0 -999.0} "" -999.0 -999.0 -999.0 -999.0 -999 -999 "" "" "" "" 0 0 0.0 0.0 -999 ""
FIBERMAP 852 R0C15 APOGEE 0 0 0 1 0 0 22.893385270541064 7.521114554304166 143.1 22.893385270541064 7.521114554304166 9.991244 170.02856 -999.0 -999.0 -999.0 -999.0 -999.0 -999.0 -999.0 -999.0 -999.0 -999.0 -999.0 -999.0 16600.0 -999.0 2 32 {-999.0 -999.0 -999.0 -999.0 -999.0} "" -999.0 -999.0 -999.0 -999.0 -999 -999 "" "" "" "" 0 0 0.0 0.0 -999 ""
FIBERMAP 852 R0C15 BOSS 0 0 0 1 0 0 23.633963304546132 7.514057410592395 143.1 23.633963304546132 7.514057410592395 9.991244 170.02856 -999.0 -999.0 -999.0 -999.0 -999.0 -999.0 -999.0 -999.0 -999.0 -999.0 -999.0 -999.0 5400.0 -999.0 1 180 {-999.0 -999.0 -999.0 -999.0 -999.0} "" -999.0 -999.0 -999.0 -999.0 -999 -999 "" "" "" "" 0 0 0.0 0.0 -999 ""
FIBERMAP 852 R0C15 METROLOGY 1 0 0 1 0 0 23.267769235726714 6.871704933847793 143.1 23.267769235726714 6.871704933847793 9.991244 170.02856 -999.0 -999.0 -999.0 -999.0 -999.0 -999.0 -999.0 -999.0 -999.0 -999.0 -999.0 -999.0 6231.0 -999.0 -1 -999 {-999.0 -999.0 -999.0 -999.0 -999.0} "" -999.0 -999.0 -999.0 -999.0 -999 -999 "" "" "" "" 0 0 0.0 0.0 -999 ""
FIBERMAP 857 R+13C3 APOGEE 0 0 0 1 0 0 -100.26985483433798 259.516640619686 143.1 -100.26985483433798 259.516640619686 9.989839 169.99883 -999.0 -999.0 -999.0 -999.0 -999.0 -999.0 -999.0 -999.0 -999.0 -999.0 -999.0 -999.0 16600.0 -999.0 2 106 {-999.0 -999.0 -999.0 -999.0 -999.0} "" -999.0 -999.0 -999.0 -999.0 -999 -999 "" "" "" "" 0 0 0.0 0.0 -999 ""
FIBERMAP 857 R+13C3 BOSS 0 0 0 1 0 0 -99.52405794718327 259.51726656194126 143.1 -99.52405794718327 259.51726656194126 9.989839 169.99883 -999.0 -999.0 -999.0 -999.0 -999.0 -999.0 -999.0 -999.0 -999.0 -999.0 -999.0 -999.0 5400.0 -999.0 1 87 {-999.0 -999.0 -999.0 -999.0 -999.0} "" -999.0 -999.0 -999.0 -999.0 -999 -999 "" "" "" "" 0 0 0.0 0.0 -999 ""
FIBERMAP 857 R+13C3 METROLOGY 1 0 0 1 0 0 -99.8869820182604 258.8652136117947 143.1 -99.8869820182604 258.8652136117947 9.989839 169.99883 -999.0 -999.0 -999.0 -999.0 -999.0 -999.0 -999.0 -999.0 -999.0 -999.0 -999.0 -999.0 6231.0 -999.0 -1 -999 {-999.0 -999.0 -999.0 -999.0 -999.0} "" -999.0 -999.0 -999.0 -999.0 -999 -999 "" "" "" "" 0 0 0.0 0.0 -999 ""
FIBERMAP 859 R-9C1 APOGEE 0 0 0 1 0 0 -189.66419211471947 -167.1015353642739 143.1 -189.66419211471947 -167.1015353642739 9.989576 169.99985 -999.0 -999.0 -999.0 -999.0 -999.0 -999.0 -999.0 -999.0 -999.0 -999.0 -999.0 -999.0 16600.0 -999.0 2 272 {-999.0 -999.0 -999.0 -999.0 -999.0} "" -999.0 -999.0 -999.0 -999.0 -999 -999 "" "" "" "" 0 0 0.0 0.0 -999 ""
FIBERMAP 859 R-9C1 BOSS 0 0 0 1 0 0 -188.90968520397186 -167.08812636260913 143.1 -188.90968520397186 -167.08812636260913 9.989576 169.99985 -999.0 -999.0 -999.0 -999.0 -999.0 -999.0 -999.0 -999.0 -999.0 -999.0 -999.0 -999.0 5400.0 -999.0 1 419 {-999.0 -999.0 -999.0 -999.0 -999.0} "" -999.0 -999.0 -999.0 -999.0 -999 -999 "" "" "" "" 0 0 0.0 0.0 -999 ""
FIBERMAP 859 R-9C1 METROLOGY 1 0 0 1 0 0 -189.27086511406384 -167.74325161734888 143.1 -189.27086511406384 -167.74325161734888 9.989576 169.99985 -999.0 -999.0 -999.0 -999.0 -999.0 -999.0 -999.0 -999.0 -999.0 -999.0 -999.0 -999.0 6231.0 -999.0 -1 -999 {-999.0 -999.0 -999.0 -999.0 -999.0} "" -999.0 -999.0 -999.0 -999.0 -999 -999 "" "" "" "" 0 0 0.0 0.0 -999 ""
FIBERMAP 865 R-9C11 APOGEE 0 0 0 1 0 0 34.50612238397341 -167.27833379320955 143.1 34.50612238397341 -167.27833379320955 9.990028 170.0248 -999.0 -999.0 -999.0 -999.0 -999.0 -999.0 -999.0 -999.0 -999.0 -999.0 -999.0 -999.0 16600.0 -999.0 2 179 {-999.0 -999.0 -999.0 -999.0 -999.0} "" -999.0 -999.0 -999.0 -999.0 -999 -999 "" "" "" "" 0 0 0.0 0.0 -999 ""
FIBERMAP 865 R-9C11 BOSS 0 0 0 1 0 0 35.24681453664431 -167.27046234040017 143.1 35.24681453664431 -167.27046234040017 9.990028 170.0248 -999.0 -999.0 -999.0 -999.0 -999.0 -999.0 -999.0 -999.0 -999.0 -999.0 -999.0 -999.0 5400.0 -999.0 1 374 {-999.0 -999.0 -999.0 -999.0 -999.0} "" -999.0 -999.0 -999.0 -999.0 -999 -999 "" "" "" "" 0 0 0.0 0.0 -999 ""
FIBERMAP 865 R-9C11 METROLOGY 1 0 0 1 0 0 34.880490217198506 -167.92176108198728 143.1 34.880490217198506 -167.92176108198728 9.990028 170.0248 -999.0 -999.0 -999.0 -999.0 -999.0 -999.0 -999.0 -999.0 -999.0 -999.0 -999.0 -999.0 6231.0 -999.0 -1 -999 {-999.0 -999.0 -999.0 -999.0 -999.0} "" -999.0 -999.0 -999.0 -999.0 -999 -999 "" "" "" "" 0 0 0.0 0.0 -999 ""
FIBERMAP 866 R+11C13 APOGEE 0 0 0 1 0 0 101.40463356518977 221.01052499571693 143.1 101.40463356518977 221.01052499571693 9.998379 169.98865 -999.0 -999.0 -999.0 -999.0 -999.0 -999.0 -999.0 -999.0 -999.0 -999.0 -999.0 -999.0 16600.0 -999.0 2 12 {-999.0 -999.0 -999.0 -999.0 -999.0} "" -999.0 -999.0 -999.0 -999.0 -999 -999 "" "" "" "" 0 0 0.0 0.0 -999 ""
FIBERMAP 866 R+11C13 BOSS 0 0 0 1 0 0 102.15693801828073 221.01581515168033 143.1 102.15693801828073 221.01581515168033 9.998379 169.98865 -999.0 -999.0 -999.0 -999.0 -999.0 -999.0 -999.0 -999.0 -999.0 -999.0 -999.0 -999.0 5400.0 -999.0 1 99 {-999.0 -999.0 -999.0 -999.0 -999.0} "" -999.0 -999.0 -999.0 -999.0 -999 -999 "" "" "" "" 0 0 0.0 0.0 -999 ""
FIBERMAP 866 R+11C13 METROLOGY 1 0 0 1 0 0 101.78714398272994 220.36349845136016 143.1 101.78714398272994 220.36349845136016 9.998379 169.98865 -999.0 -999.0 -999.0 -999.0 -999.0 -999.0 -999.0 -999.0 -999.0 -999.0 -999.0 -999.0 6231.0 -999.0 -1 -999 {-999.0 -999.0 -999.0 -999.0 -999.0} "" -999.0 -999.0 -999.0 -999.0 -999 -999 "" "" "" "" 0 0 0.0 0.0 -999 ""
FIBERMAP 868 R+9C15 APOGEE 0 0 0 1 0 0 123.86891969021733 182.18753010194172 143.1 123.86891969021733 182.18753010194172 9.98748 169.994 -999.0 -999.0 -999.0 -999.0 -999.0 -999.0 -999.0 -999.0 -999.0 -999.0 -999.0 -999.0 16600.0 -999.0 2 -999 {-999.0 -999.0 -999.0 -999.0 -999.0} "" -999.0 -999.0 -999.0 -999.0 -999 -999 "" "" "" "" 0 0 0.0 0.0 -999 ""
FIBERMAP 868 R+9C15 BOSS 0 0 0 1 0 0 124.61937172272606 182.19885409558125 143.1 124.61937172272606 182.19885409558125 9.98748 169.994 -999.0 -999.0 -999.0 -999.0 -999.0 -999.0 -999.0 -999.0 -999.0 -999.0 -999.0 -999.0 5400.0 -999.0 1 229 {-999.0 -999.0 -999.0 -999.0 -999.0} "" -999.0 -999.0 -999.0 -999.0 -999 -999 "" "" "" "" 0 0 0.0 0.0 -999 ""
FIBERMAP 868 R+9C15 METROLOGY 1 0 0 1 0 0 124.25063609594008 181.54647272064585 143.1 124.25063609594008 181.54647272064585 9.98748 169.994 -999.0 -999.0 -999.0 -999.0 -999.0 -999.0 -999.0 -999.0 -999.0 -999.0 -999.0 -999.0 6231.0 -999.0 -1 -999 {-999.0 -999.0 -999.0 -999.0 -999.0} "" -999.0 -999.0 -999.0 -999.0 -999 -999 "" "" "" "" 0 0 0.0 0.0 -999 ""
FIBERMAP 869 R+10C1 APOGEE 0 0 0 1 0 0 -178.3045409268228 201.55761861273066 143.1 -178.3045409268228 201.55761861273066 9.997532 170.00365 -999.0 -999.0 -999.0 -999.0 -999.0 -999.0 -999.0 -999.0 -999.0 -999.0 -999.0 -999.0 16600.0 -999.0 2 115 {-999.0 -999.0 -999.0 -999.0 -999.0} "" -999.0 -999.0 -999.0 -999.0 -999 -999 "" "" "" "" 0 0 0.0 0.0 -999 ""
FIBERMAP 869 R+10C1 BOSS 0 0 0 1 0 0 -177.56935951767124 201.51277987816343 143.1 -177.56935951767124 201.51277987816343 9.997532 170.00365 -999.0 -999.0 -999.0 -999.0 -999.0 -999.0 -999.0 -999.0 -999.0 -999.0 -999.0 -999.0 5400.0 -999.0 1 79 {-999.0 -999.0 -999.0 -999.0 -999.0} "" -999.0 -999.0 -999.0 -999.0 -999 -999 "" "" "" "" 0 0 0.0 0.0 -999 ""
FIBERMAP 869 R+10C1 METROLOGY 1 0 0 1 0 0 -177.9800220629229 200.88303218715834 143.1 -177.9800220629229 200.88303218715834 9.997532 170.00365 -999.0 -999.0 -999.0 -999.0 -999.0 -999.0 -999.0 -999.0 -999.0 -999.0 -999.0 -999.0 6231.0 -999.0 -1 -999 {-999.0 -999.0 -999.0 -999.0 -999.0} "" -999.0 -999.0 -999.0 -999.0 -999 -999 "" "" "" "" 0 0 0.0 0.0 -999 ""
FIBERMAP 870 R0C26 APOGEE 0 0 0 1 0 0 269.3289421517794 7.522580737211091 143.1 269.3289421517794 7.522580737211091 9.985998 170.00932 -999.0 -999.0 -999.0 -999.0 -999.0 -999.0 -999.0 -999.0 -999.0 -999.0 -999.0 -999.0 16600.0 -999.0 2 38 {-999.0 -999.0 -999.0 -999.0 -999.0} "" -999.0 -999.0 -999.0 -999.0 -999 -999 "" "" "" "" 0 0 0.0 0.0 -999 ""
FIBERMAP 870 R0C26 BOSS 0 0 0 1 0 0 270.06834266141647 7.554082232474866 143.1 270.06834266141647 7.554082232474866 9.985998 170.00932 -999.0 -999.0 -999.0 -999.0 -999.0 -999.0 -999.0 -999.0 -999.0 -999.0 -999.0 -999.0 5400.0 -999.0 1 173 {-999.0 -999.0 -999.0 -999.0 -999.0} "" -999.0 -999.0 -999.0 -999.0 -999 -999 "" "" "" "" 0 0 0.0 0.0 -999 ""
FIBERMAP 870 R0C26 METROLOGY 1 0 0 1 0 0 269.7070210363407 6.879361618154092 143.1 269.7070210363407 6.879361618154092 9.985998 170.00932 -999.0 -999.0 -999.0 -999.0 -999.0 -999.0 -999.0 -999.0 -999.0 -999.0 -999.0 -999.0 6231.0 -999.0 -1 -999 {-999.0 -999.0 -999.0 -999.0 -999.0} "" -999.0 -999.0 -999.0 -999.0 -999 -999 "" "" "" "" 0 0 0.0 0.0 -999 ""
FIBERMAP 871 R-7C18 APOGEE 0 0 0 1 0 0 168.72710551840157 -128.29780324162056 143.1 168.72710551840157 -128.29780324162056 9.989132 169.9999 -999.0 -999.0 -999.0 -999.0 -999.0 -999.0 -999.0 -999.0 -999.0 -999.0 -999.0 -999.0 16600.0 -999.0 2 234 {-999.0 -999.0 -999.0 -999.0 -999.0} "" -999.0 -999.0 -999.0 -999.0 -999 -999 "" "" "" "" 0 0 0.0 0.0 -999 ""
FIBERMAP 871 R-7C18 BOSS 0 0 0 1 0 0 169.47996256413845 -128.33649071127218 143.1 169.47996256413845 -128.33649071127218 9.989132 169.9999 -999.0 -999.0 -999.0 -999.0 -999.0 -999.0 -999.0 -999.0 -999.0 -999.0 -999.0 -999.0 5400.0 -999.0 1 276 {-999.0 -999.0 -999.0 -999.0 -999.0} "" -999.0 -999.0 -999.0 -999.0 -999 -999 "" "" "" "" 0 0 0.0 0.0 -999 ""
FIBERMAP 871 R-7C18 METROLOGY 1 0 0 1 0 0 169.08847465099404 -128.97101659770848 143.1 169.08847465099404 -128.97101659770848 9.989132 169.9999 -999.0 -999.0 -999.0 -999.0 -999.0 -999.0 -999.0 -999.0 -999.0 -999.0 -999.0 -999.0 6231.0 -999.0 -1 -999 {-999.0 -999.0 -999.0 -999.0 -999.0} "" -999.0 -999.0 -999.0 -999.0 -999 -999 "" "" "" "" 0 0 0.0 0.0 -999 ""
FIBERMAP 872 R+4C23 APOGEE 0 0 0 1 0 0 246.91836721259213 85.1508859339924 143.1 246.91836721259213 85.1508859339924 9.9956045 170.00569 -999.0 -999.0 -999.0 -999.0 -999.0 -999.0 -999.0 -999.0 -999.0 -999.0 -999.0 -999.0 16600.0 -999.0 2 77 {-999.0 -999.0 -999.0 -999.0 -999.0} "" -999.0 -999.0 -999.0 -999.0 -999 -999 "" "" "" "" 0 0 0.0 0.0 -999 ""
FIBERMAP 872 R+4C23 BOSS 0 0 0 1 0 0 247.65914101965154 85.11733541710987 143.1 247.65914101965154 85.11733541710987 9.9956045 170.00569 -999.0 -999.0 -999.0 -999.0 -999.0 -999.0 -999.0 -999.0 -999.0 -999.0 -999.0 -999.0 5400.0 -999.0 1 247 {-999.0 -999.0 -999.0 -999.0 -999.0} "" -999.0 -999.0 -999.0 -999.0 -999 -999 "" "" "" "" 0 0 0.0 0.0 -999 ""
FIBERMAP 872 R+4C23 METROLOGY 1 0 0 1 0 0 247.2591481536416 84.48257427080252 143.1 247.2591481536416 84.48257427080252 9.9956045 170.00569 -999.0 -999.0 -999.0 -999.0 -999.0 -999.0 -999.0 -999.0 -999.0 -999.0 -999.0 -999.0 6231.0 -999.0 -1 -999 {-999.0 -999.0 -999.0 -999.0 -999.0} "" -999.0 -999.0 -999.0 -999.0 -999 -999 "" "" "" "" 0 0 0.0 0.0 -999 ""
FIBERMAP 875 R+1C7 APOGEE 0 0 0 1 0 0 -144.89823824314294 26.888594885518213 143.1 -144.89823824314294 26.888594885518213 10.007673 170.0038 -999.0 -999.0 -999.0 -999.0 -999.0 -999.0 -999.0 -999.0 -999.0 -999.0 -999.0 -999.0 16600.0 -999.0 2 138 {-999.0 -999.0 -999.0 -999.0 -999.0} "" -999.0 -999.0 -999.0 -999.0 -999 -999 "" "" "" "" 0 0 0.0 0.0 -999 ""
FIBERMAP 875 R+1C7 BOSS 0 0 0 1 0 0 -144.1505904013903 26.87428914790665 143.1 -144.1505904013903 26.87428914790665 10.007673 170.0038 -999.0 -999.0 -999.0 -999.0 -999.0 -999.0 -999.0 -999.0 -999.0 -999.0 -999.0 -999.0 5400.0 -999.0 1 21 {-999.0 -999.0 -999.0 -999.0 -999.0} "" -999.0 -999.0 -999.0 -999.0 -999 -999 "" "" "" "" 0 0 0.0 0.0 -999 ""
FIBERMAP 875 R+1C7 METROLOGY 1 0 0 1 0 0 -144.5347222749631 26.227004796224705 143.1 -144.5347222749631 26.227004796224705 10.007673 170.0038 -999.0 -999.0 -999.0 -999.0 -999.0 -999.0 -999.0 -999.0 -999.0 -999.0 -999.0 -999.0 6231.0 -999.0 -1 -999 {-999.0 -999.0 -999.0 -999.0 -999.0} "" -999.0 -999.0 -999.0 -999.0 -999 -999 "" "" "" "" 0 0 0.0 0.0 -999 ""
FIBERMAP 877 R+13C4 APOGEE 0 0 0 1 0 0 -77.77393666460483 259.62676924315633 143.1 -77.77393666460483 259.62676924315633 9.9911175 170.00017 -999.0 -999.0 -999.0 -999.0 -999.0 -999.0 -999.0 -999.0 -999.0 -999.0 -999.0 -999.0 16600.0 -999.0 2 114 {-999.0 -999.0 -999.0 -999.0 -999.0} "" -999.0 -999.0 -999.0 -999.0 -999 -999 "" "" "" "" 0 0 0.0 0.0 -999 ""
FIBERMAP 877 R+13C4 BOSS 0 0 0 1 0 0 -77.0371692852165 259.647122333385 143.1 -77.0371692852165 259.647122333385 9.9911175 170.00017 -999.0 -999.0 -999.0 -999.0 -999.0 -999.0 -999.0 -999.0 -999.0 -999.0 -999.0 -999.0 5400.0 -999.0 1 86 {-999.0 -999.0 -999.0 -999.0 -999.0} "" -999.0 -999.0 -999.0 -999.0 -999 -999 "" "" "" "" 0 0 0.0 0.0 -999 ""
FIBERMAP 877 R+13C4 METROLOGY 1 0 0 1 0 0 -77.3715163459199 258.99721369943586 143.1 -77.3715163459199 258.99721369943586 9.9911175 170.00017 -999.0 -999.0 -999.0 -999.0 -999.0 -999.0 -999.0 -999.0 -999.0 -999.0 -999.0 -999.0 6231.0 -999.0 -1 -999 {-999.0 -999.0 -999.0 -999.0 -999.0} "" -999.0 -999.0 -999.0 -999.0 -999 -999 "" "" "" "" 0 0 0.0 0.0 -999 ""
FIBERMAP 880 R-8C1 APOGEE 0 0 0 1 0 0 -200.79095550523976 -147.72051149363563 143.1 -200.79095550523976 -147.72051149363563 10.010958 169.99957 -999.0 -999.0 -999.0 -999.0 -999.0 -999.0 -999.0 -999.0 -999.0 -999.0 -999.0 -999.0 16600.0 -999.0 2 276 {-999.0 -999.0 -999.0 -999.0 -999.0} "" -999.0 -999.0 -999.0 -999.0 -999 -999 "" "" "" "" 0 0 0.0 0.0 -999 ""
FIBERMAP 880 R-8C1 BOSS 0 0 0 1 0 0 -200.03601968431033 -147.69702860512498 143.1 -200.03601968431033 -147.69702860512498 10.010958 169.99957 -999.0 -999.0 -999.0 -999.0 -999.0 -999.0 -999.0 -999.0 -999.0 -999.0 -999.0 -999.0 5400.0 -999.0 1 418 {-999.0 -999.0 -999.0 -999.0 -999.0} "" -999.0 -999.0 -999.0 -999.0 -999 -999 "" "" "" "" 0 0 0.0 0.0 -999 ""
FIBERMAP 880 R-8C1 METROLOGY 1 0 0 1 0 0 -200.39397579339789 -148.35525072778438 143.1 -200.39397579339789 -148.35525072778438 10.010958 169.99957 -999.0 -999.0 -999.0 -999.0 -999.0 -999.0 -999.0 -999.0 -999.0 -999.0 -999.0 -999.0 6231.0 -999.0 -1 -999 {-999.0 -999.0 -999.0 -999.0 -999.0} "" -999.0 -999.0 -999.0 -999.0 -999 -999 "" "" "" "" 0 0 0.0 0.0 -999 ""
FIBERMAP 885 R+12C10 APOGEE 0 0 0 1 0 0 44.846023850691324 240.3774496915946 143.1 44.846023850691324 240.3774496915946 9.961821 171.6724 -999.0 -999.0 -999.0 -999.0 -999.0 -999.0 -999.0 -999.0 -999.0 -999.0 -999.0 -999.0 16600.0 -999.0 2 -999 {-999.0 -999.0 -999.0 -999.0 -999.0} "" -999.0 -999.0 -999.0 -999.0 -999 -999 "" "" "" "" 0 0 0.0 0.0 -999 ""
FIBERMAP 885 R+12C10 BOSS 0 0 0 1 0 0 45.596200797734944 240.4180161125009 143.1 45.596200797734944 240.4180161125009 9.961821 171.6724 -999.0 -999.0 -999.0 -999.0 -999.0 -999.0 -999.0 -999.0 -999.0 -999.0 -999.0 -999.0 5400.0 -999.0 1 153 {-999.0 -999.0 -999.0 -999.0 -999.0} "" -999.0 -999.0 -999.0 -999.0 -999 -999 "" "" "" "" 0 0 0.0 0.0 -999 ""
FIBERMAP 885 R+12C10 METROLOGY 1 0 0 1 0 0 45.25468674999821 239.75322488013492 143.1 45.25468674999821 239.75322488013492 9.961821 171.6724 -999.0 -999.0 -999.0 -999.0 -999.0 -999.0 -999.0 -999.0 -999.0 -999.0 -999.0 -999.0 6231.0 -999.0 -1 -999 {-999.0 -999.0 -999.0 -999.0 -999.0} "" -999.0 -999.0 -999.0 -999.0 -999 -999 "" "" "" "" 0 0 0.0 0.0 -999 ""
FIBERMAP 886 R+3C2 APOGEE 0 0 0 1 0 0 -234.5373541084302 65.671073131649 143.1 -234.5373541084302 65.671073131649 9.996027 170.00452 -999.0 -999.0 -999.0 -999.0 -999.0 -999.0 -999.0 -999.0 -999.0 -999.0 -999.0 -999.0 16600.0 -999.0 2 -999 {-999.0 -999.0 -999.0 -999.0 -999.0} "" -999.0 -999.0 -999.0 -999.0 -999 -999 "" "" "" "" 0 0 0.0 0.0 -999 ""
FIBERMAP 886 R+3C2 BOSS 0 0 0 1 0 0 -233.82389283390916 65.69390588165066 143.1 -233.82389283390916 65.69390588165066 9.996027 170.00452 -999.0 -999.0 -999.0 -999.0 -999.0 -999.0 -999.0 -999.0 -999.0 -999.0 -999.0 -999.0 5400.0 -999.0 1 73 {-999.0 -999.0 -999.0 -999.0 -999.0} "" -999.0 -999.0 -999.0 -999.0 -999 -999 "" "" "" "" 0 0 0.0 0.0 -999 ""
FIBERMAP 886 R+3C2 METROLOGY 1 0 0 1 0 0 -234.1560700709136 65.02975849494808 143.1 -234.1560700709136 65.02975849494808 9.996027 170.00452 -999.0 -999.0 -999.0 -999.0 -999.0 -999.0 -999.0 -999.0 -999.0 -999.0 -999.0 -999.0 6231.0 -999.0 -1 -999 {-999.0 -999.0 -999.0 -999.0 -999.0} "" -999.0 -999.0 -999.0 -999.0 -999 -999 "" "" "" "" 0 0 0.0 0.0 -999 ""
FIBERMAP 891 R+9C3 APOGEE 0 0 0 1 0 0 -145.11935870189996 182.03045978674575 143.1 -145.11935870189996 182.03045978674575 9.984581 169.99857 -999.0 -999.0 -999.0 -999.0 -999.0 -999.0 -999.0 -999.0 -999.0 -999.0 -999.0 -999.0 16600.0 -999.0 2 99 {-999.0 -999.0 -999.0 -999.0 -999.0} "" -999.0 -999.0 -999.0 -999.0 -999 -999 "" "" "" "" 0 0 0.0 0.0 -999 ""
FIBERMAP 891 R+9C3 BOSS 0 0 0 1 0 0 -144.36261365947257 182.03811153807237 143.1 -144.36261365947257 182.03811153807237 9.984581 169.99857 -999.0 -999.0 -999.0 -999.0 -999.0 -999.0 -999.0 -999.0 -999.0 -999.0 -999.0 -999.0 5400.0 -999.0 1 58 {-999.0 -999.0 -999.0 -999.0 -999.0} "" -999.0 -999.0 -999.0 -999.0 -999 -999 "" "" "" "" 0 0 0.0 0.0 -999 ""
FIBERMAP 891 R+9C3 METROLOGY 1 0 0 1 0 0 -144.72724536914845 181.38706664679583 143.1 -144.72724536914845 181.38706664679583 9.984581 169.99857 -999.0 -999.0 -999.0 -999.0 -999.0 -999.0 -999.0 -999.0 -999.0 -999.0 -999.0 -999.0 6231.0 -999.0 -1 -999 {-999.0 -999.0 -999.0 -999.0 -999.0} "" -999.0 -999.0 -999.0 -999.0 -999 -999 "" "" "" "" 0 0 0.0 0.0 -999 ""
FIBERMAP 894 R+13C9 APOGEE 0 0 0 1 0 0 34.10745894132833 259.71153939679783 143.1 34.10745894132833 259.71153939679783 10.015987 170.02106 -999.0 -999.0 -999.0 -999.0 -999.0 -999.0 -999.0 -999.0 -999.0 -999.0 -999.0 -999.0 16600.0 -999.0 2 56 {-999.0 -999.0 -999.0 -999.0 -999.0} "" -999.0 -999.0 -999.0 -999.0 -999 -999 "" "" "" "" 0 0 0.0 0.0 -999 ""
FIBERMAP 894 R+13C9 BOSS 0 0 0 1 0 0 34.853313787353805 259.72577269345555 143.1 34.853313787353805 259.72577269345555 10.015987 170.02106 -999.0 -999.0 -999.0 -999.0 -999.0 -999.0 -999.0 -999.0 -999.0 -999.0 -999.0 -999.0 5400.0 -999.0 1 165 {-999.0 -999.0 -999.0 -999.0 -999.0} "" -999.0 -999.0 -999.0 -999.0 -999 -999 "" "" "" "" 0 0 0.0 0.0 -999 ""
FIBERMAP 894 R+13C9 METROLOGY 1 0 0 1 0 0 34.50121992409194 259.0633249450645 143.1 34.50121992409194 259.0633249450645 10.015987 170.02106 -999.0 -999.0 -999.0 -999.0 -999.0 -999.0 -999.0 -999.0 -999.0 -999.0 -999.0 -999.0 6231.0 -999.0 -1 -999 {-999.0 -999.0 -999.0 -999.0 -999.0} "" -999.0 -999.0 -999.0 -999.0 -999 -999 "" "" "" "" 0 0 0.0 0.0 -999 ""
FIBERMAP 895 R+11C14 APOGEE 0 0 0 1 0 0 123.82359381118908 220.89575916333186 143.1 123.82359381118908 220.89575916333186 10.007624 170.00182 -999.0 -999.0 -999.0 -999.0 -999.0 -999.0 -999.0 -999.0 -999.0 -999.0 -999.0 -999.0 16600.0 -999.0 2 96 {-999.0 -999.0 -999.0 -999.0 -999.0} "" -999.0 -999.0 -999.0 -999.0 -999 -999 "" "" "" "" 0 0 0.0 0.0 -999 ""
FIBERMAP 895 R+11C14 BOSS 0 0 0 1 0 0 124.57338556771693 220.8965577619468 143.1 124.57338556771693 220.8965577619468 10.007624 170.00182 -999.0 -999.0 -999.0 -999.0 -999.0 -999.0 -999.0 -999.0 -999.0 -999.0 -999.0 -999.0 5400.0 -999.0 1 88 {-999.0 -999.0 -999.0 -999.0 -999.0} "" -999.0 -999.0 -999.0 -999.0 -999 -999 "" "" "" "" 0 0 0.0 0.0 -999 ""
FIBERMAP 895 R+11C14 METROLOGY 1 0 0 1 0 0 124.20488926053612 220.2471545692989 143.1 124.20488926053612 220.2471545692989 10.007624 170.00182 -999.0 -999.0 -999.0 -999.0 -999.0 -999.0 -999.0 -999.0 -999.0 -999.0 -999.0 -999.0 6231.0 -999.0 -1 -999 {-999.0 -999.0 -999.0 -999.0 -999.0} "" -999.0 -999.0 -999.0 -999.0 -999 -999 "" "" "" "" 0 0 0.0 0.0 -999 ""
FIBERMAP 896 R-8C17 APOGEE 0 0 0 1 0 0 157.35315561818743 -147.67961925880408 143.1 157.35315561818743 -147.67961925880408 10.008485 170.00874 -999.0 -999.0 -999.0 -999.0 -999.0 -999.0 -999.0 -999.0 -999.0 -999.0 -999.0 -999.0 16600.0 -999.0 2 230 {-999.0 -999.0 -999.0 -999.0 -999.0} "" -999.0 -999.0 -999.0 -999.0 -999 -999 "" "" "" "" 0 0 0.0 0.0 -999 ""
FIBERMAP 896 R-8C17 BOSS 0 0 0 1 0 0 158.08553047635903 -147.64626953387253 143.1 158.08553047635903 -147.64626953387253 10.008485 170.00874 -999.0 -999.0 -999.0 -999.0 -999.0 -999.0 -999.0 -999.0 -999.0 -999.0 -999.0 -999.0 5400.0 -999.0 1 275 {-999.0 -999.0 -999.0 -999.0 -999.0} "" -999.0 -999.0 -999.0 -999.0 -999 -999 "" "" "" "" 0 0 0.0 0.0 -999 ""
FIBERMAP 896 R-8C17 METROLOGY 1 0 0 1 0 0 157.75432044793197 -148.31463911714357 143.1 157.75432044793197 -148.31463911714357 10.008485 170.00874 -999.0 -999.0 -999.0 -999.0 -999.0 -999.0 -999.0 -999.0 -999.0 -999.0 -999.0 -999.0 6231.0 -999.0 -1 -999 {-999.0 -999.0 -999.0 -999.0 -999.0} "" -999.0 -999.0 -999.0 -999.0 -999 -999 "" "" "" "" 0 0 0.0 0.0 -999 ""
FIBERMAP 897 R-6C3 APOGEE 0 0 0 1 0 0 -178.5309823488799 -108.89874096130329 143.1 -178.5309823488799 -108.89874096130329 10.0061 169.99327 -999.0 -999.0 -999.0 -999.0 -999.0 -999.0 -999.0 -999.0 -999.0 -999.0 -999.0 -999.0 16600.0 -999.0 2 298 {-999.0 -999.0 -999.0 -999.0 -999.0} "" -999.0 -999.0 -999.0 -999.0 -999 -999 "" "" "" "" 0 0 0.0 0.0 -999 ""
FIBERMAP 897 R-6C3 BOSS 0 0 0 1 0 0 -177.78963402981972 -108.89290151793722 143.1 -177.78963402981972 -108.89290151793722 10.0061 169.99327 -999.0 -999.0 -999.0 -999.0 -999.0 -999.0 -999.0 -999.0 -999.0 -999.0 -999.0 -999.0 5400.0 -999.0 1 445 {-999.0 -999.0 -999.0 -999.0 -999.0} "" -999.0 -999.0 -999.0 -999.0 -999 -999 "" "" "" "" 0 0 0.0 0.0 -999 ""
FIBERMAP 897 R-6C3 METROLOGY 1 0 0 1 0 0 -178.15414839773038 -109.54096086472877 143.1 -178.15414839773038 -109.54096086472877 10.0061 169.99327 -999.0 -999.0 -999.0 -999.0 -999.0 -999.0 -999.0 -999.0 -999.0 -999.0 -999.0 -999.0 6231.0 -999.0 -1 -999 {-999.0 -999.0 -999.0 -999.0 -999.0} "" -999.0 -999.0 -999.0 -999.0 -999 -999 "" "" "" "" 0 0 0.0 0.0 -999 ""
FIBERMAP 898 R+4C19 APOGEE 0 0 0 1 0 0 157.71470472556754 85.24624651025606 143.1 157.71470472556754 85.24624651025606 10.004057 169.99446 -999.0 -999.0 -999.0 -999.0 -999.0 -999.0 -999.0 -999.0 -999.0 -999.0 -999.0 -999.0 16600.0 -999.0 2 90 {-999.0 -999.0 -999.0 -999.0 -999.0} "" -999.0 -999.0 -999.0 -999.0 -999 -999 "" "" "" "" 0 0 0.0 0.0 -999 ""
FIBERMAP 898 R+4C19 BOSS 0 0 0 1 0 0 158.44365355280817 85.22085923303965 143.1 158.44365355280817 85.22085923303965 10.004057 169.99446 -999.0 -999.0 -999.0 -999.0 -999.0 -999.0 -999.0 -999.0 -999.0 -999.0 -999.0 -999.0 5400.0 -999.0 1 208 {-999.0 -999.0 -999.0 -999.0 -999.0} "" -999.0 -999.0 -999.0 -999.0 -999 -999 "" "" "" "" 0 0 0.0 0.0 -999 ""
FIBERMAP 898 R+4C19 METROLOGY 1 0 0 1 0 0 158.06282729703653 84.58273959040932 143.1 158.06282729703653 84.58273959040932 10.004057 169.99446 -999.0 -999.0 -999.0 -999.0 -999.0 -999.0 -999.0 -999.0 -999.0 -999.0 -999.0 -999.0 6231.0 -999.0 -1 -999 {-999.0 -999.0 -999.0 -999.0 -999.0} "" -999.0 -999.0 -999.0 -999.0 -999 -999 "" "" "" "" 0 0 0.0 0.0 -999 ""
FIBERMAP 899 R+4C21 APOGEE 0 0 0 1 0 0 202.40800317226416 85.15167072238528 143.1 202.40800317226416 85.15167072238528 10.007256 169.99512 -999.0 -999.0 -999.0 -999.0 -999.0 -999.0 -999.0 -999.0 -999.0 -999.0 -999.0 -999.0 16600.0 -999.0 2 33 {-999.0 -999.0 -999.0 -999.0 -999.0} "" -999.0 -999.0 -999.0 -999.0 -999 -999 "" "" "" "" 0 0 0.0 0.0 -999 ""
FIBERMAP 899 R+4C21 BOSS 0 0 0 1 0 0 203.15257991007252 85.15016035846035 143.1 203.15257991007252 85.15016035846035 10.007256 169.99512 -999.0 -999.0 -999.0 -999.0 -999.0 -999.0 -999.0 -999.0 -999.0 -999.0 -999.0 -999.0 5400.0 -999.0 1 193 {-999.0 -999.0 -999.0 -999.0 -999.0} "" -999.0 -999.0 -999.0 -999.0 -999 -999 "" "" "" "" 0 0 0.0 0.0 -999 ""
FIBERMAP 899 R+4C21 METROLOGY 1 0 0 1 0 0 202.77122769185908 84.50344100251172 143.1 202.77122769185908 84.50344100251172 10.007256 169.99512 -999.0 -999.0 -999.0 -999.0 -999.0 -999.0 -999.0 -999.0 -999.0 -999.0 -999.0 -999.0 6231.0 -999.0 -1 -999 {-999.0 -999.0 -999.0 -999.0 -999.0} "" -999.0 -999.0 -999.0 -999.0 -999 -999 "" "" "" "" 0 0 0.0 0.0 -999 ""
FIBERMAP 901 R+8C13 APOGEE 0 0 0 1 0 0 67.76592726960547 162.75669760098975 143.1 67.76592726960547 162.75669760098975 10.008316 170.00844 -999.0 -999.0 -999.0 -999.0 -999.0 -999.0 -999.0 -999.0 -999.0 -999.0 -999.0 -999.0 16600.0 -999.0 2 -999 {-999.0 -999.0 -999.0 -999.0 -999.0} "" -999.0 -999.0 -999.0 -999.0 -999 -999 "" "" "" "" 0 0 0.0 0.0 -999 ""
FIBERMAP 901 R+8C13 BOSS 0 0 0 1 0 0 68.51374039461238 162.75690194482084 143.1 68.51374039461238 162.75690194482084 10.008316 170.00844 -999.0 -999.0 -999.0 -999.0 -999.0 -999.0 -999.0 -999.0 -999.0 -999.0 -999.0 -999.0 5400.0 -999.0 1 151 {-999.0 -999.0 -999.0 -999.0 -999.0} "" -999.0 -999.0 -999.0 -999.0 -999 -999 "" "" "" "" 0 0 0.0 0.0 -999 ""
FIBERMAP 901 R+8C13 METROLOGY 1 0 0 1 0 0 68.14540740788712 162.11431391100257 143.1 68.14540740788712 162.11431391100257 10.008316 170.00844 -999.0 -999.0 -999.0 -999.0 -999.0 -999.0 -999.0 -999.0 -999.0 -999.0 -999.0 -999.0 6231.0 -999.0 -1 -999 {-999.0 -999.0 -999.0 -999.0 -999.0} "" -999.0 -999.0 -999.0 -999.0 -999 -999 "" "" "" "" 0 0 0.0 0.0 -999 ""
FIBERMAP 903 R+10C13 APOGEE 0 0 0 1 0 0 90.16619286765825 201.59275722979328 143.1 90.16619286765825 201.59275722979328 10.004313 170.00436 -999.0 -999.0 -999.0 -999.0 -999.0 -999.0 -999.0 -999.0 -999.0 -999.0 -999.0 -999.0 16600.0 -999.0 2 -999 {-999.0 -999.0 -999.0 -999.0 -999.0} "" -999.0 -999.0 -999.0 -999.0 -999 -999 "" "" "" "" 0 0 0.0 0.0 -999 ""
FIBERMAP 903 R+10C13 BOSS 0 0 0 1 0 0 90.90048222169416 201.60811984013782 143.1 90.90048222169416 201.60811984013782 10.004313 170.00436 -999.0 -999.0 -999.0 -999.0 -999.0 -999.0 -999.0 -999.0 -999.0 -999.0 -999.0 -999.0 5400.0 -999.0 1 98 {-999.0 -999.0 -999.0 -999.0 -999.0} "" -999.0 -999.0 -999.0 -999.0 -999 -999 "" "" "" "" 0 0 0.0 0.0 -999 ""
FIBERMAP 903 R+10C13 METROLOGY 1 0 0 1 0 0 90.5487769546579 200.95221730372586 143.1 90.5487769546579 200.95221730372586 10.004313 170.00436 -999.0 -999.0 -999.0 -999.0 -999.0 -999.0 -999.0 -999.0 -999.0 -999.0 -999.0 -999.0 6231.0 -999.0 -1 -999 {-999.0 -999.0 -999.0 -999.0 -999.0} "" -999.0 -999.0 -999.0 -999.0 -999 -999 "" "" "" "" 0 0 0.0 0.0 -999 ""
FIBERMAP 904 R+7C9 APOGEE 0 0 0 1 0 0 -33.02935070307353 143.32327772547754 143.1 -33.02935070307353 143.32327772547754 10.007125 169.99283 -999.0 -999.0 -999.0 -999.0 -999.0 -999.0 -999.0 -999.0 -999.0 -999.0 -999.0 -999.0 16600.0 -999.0 2 23 {-999.0 -999.0 -999.0 -999.0 -999.0} "" -999.0 -999.0 -999.0 -999.0 -999 -999 "" "" "" "" 0 0 0.0 0.0 -999 ""
FIBERMAP 904 R+7C9 BOSS 0 0 0 1 0 0 -32.294187060894984 143.33849059330907 143.1 -32.294187060894984 143.33849059330907 10.007125 169.99283 -999.0 -999.0 -999.0 -999.0 -999.0 -999.0 -999.0 -999.0 -999.0 -999.0 -999.0 -999.0 5400.0 -999.0 1 131 {-999.0 -999.0 -999.0 -999.0 -999.0} "" -999.0 -999.0 -999.0 -999.0 -999 -999 "" "" "" "" 0 0 0.0 0.0 -999 ""
FIBERMAP 904 R+7C9 METROLOGY 1 0 0 1 0 0 -32.64107569499446 142.6775837769534 143.1 -32.64107569499446 142.6775837769534 10.007125 169.99283 -999.0 -999.0 -999.0 -999.0 -999.0 -999.0 -999.0 -999.0 -999.0 -999.0 -999.0 -999.0 6231.0 -999.0 -1 -999 {-999.0 -999.0 -999.0 -999.0 -999.0} "" -999.0 -999.0 -999.0 -999.0 -999 -999 "" "" "" "" 0 0 0.0 0.0 -999 ""
FIBERMAP 905 R-1C5 APOGEE 0 0 0 1 0 0 -189.91530249258494 -11.934849202239482 143.1 -189.91530249258494 -11.934849202239482 10.010403 170.00734 -999.0 -999.0 -999.0 -999.0 -999.0 -999.0 -999.0 -999.0 -999.0 -999.0 -999.0 -999.0 16600.0 -999.0 2 266 {-999.0 -999.0 -999.0 -999.0 -999.0} "" -999.0 -999.0 -999.0 -999.0 -999 -999 "" "" "" "" 0 0 0.0 0.0 -999 ""
FIBERMAP 905 R-1C5 BOSS 0 0 0 1 0 0 -189.1755254692118 -11.918261507513993 143.1 -189.1755254692118 -11.918261507513993 10.010403 170.00734 -999.0 -999.0 -999.0 -999.0 -999.0 -999.0 -999.0 -999.0 -999.0 -999.0 -999.0 -999.0 5400.0 -999.0 1 485 {-999.0 -999.0 -999.0 -999.0 -999.0} "" -999.0 -999.0 -999.0 -999.0 -999 -999 "" "" "" "" 0 0 0.0 0.0 -999 ""
FIBERMAP 905 R-1C5 METROLOGY 1 0 0 1 0 0 -189.5214449707266 -12.573219143480616 143.1 -189.5214449707266 -12.573219143480616 10.010403 170.00734 -999.0 -999.0 -999.0 -999.0 -999.0 -999.0 -999.0 -999.0 -999.0 -999.0 -999.0 -999.0 6231.0 -999.0 -1 -999 {-999.0 -999.0 -999.0 -999.0 -999.0} "" -999.0 -999.0 -999.0 -999.0 -999 -999 "" "" "" "" 0 0 0.0 0.0 -999 ""
FIBERMAP 906 R+11C11 APOGEE 0 0 0 1 0 0 56.38608978372261 221.01460607641008 143.1 56.38608978372261 221.01460607641008 10.007102 170.01042 -999.0 -999.0 -999.0 -999.0 -999.0 -999.0 -999.0 -999.0 -999.0 -999.0 -999.0 -999.0 16600.0 -999.0 2 1 {-999.0 -999.0 -999.0 -999.0 -999.0} "" -999.0 -999.0 -999.0 -999.0 -999 -999 "" "" "" "" 0 0 0.0 0.0 -999 ""
FIBERMAP 906 R+11C11 BOSS 0 0 0 1 0 0 57.127204858484475 221.0260124817893 143.1 57.127204858484475 221.0260124817893 10.007102 170.01042 -999.0 -999.0 -999.0 -999.0 -999.0 -999.0 -999.0 -999.0 -999.0 -999.0 -999.0 -999.0 5400.0 -999.0 1 108 {-999.0 -999.0 -999.0 -999.0 -999.0} "" -999.0 -999.0 -999.0 -999.0 -999 -999 "" "" "" "" 0 0 0.0 0.0 -999 ""
FIBERMAP 906 R+11C11 METROLOGY 1 0 0 1 0 0 56.77475766145734 220.373480540078 143.1 56.77475766145734 220.373480540078 10.007102 170.01042 -999.0 -999.0 -999.0 -999.0 -999.0 -999.0 -999.0 -999.0 -999.0 -999.0 -999.0 -999.0 6231.0 -999.0 -1 -999 {-999.0 -999.0 -999.0 -999.0 -999.0} "" -999.0 -999.0 -999.0 -999.0 -999 -999 "" "" "" "" 0 0 0.0 0.0 -999 ""
FIBERMAP 907 R-6C6 APOGEE 0 0 0 1 0 0 -111.03478895940589 -108.80896063545218 143.1 -111.03478895940589 -108.80896063545218 10.007128 169.98788 -999.0 -999.0 -999.0 -999.0 -999.0 -999.0 -999.0 -999.0 -999.0 -999.0 -999.0 -999.0 16600.0 -999.0 2 -999 {-999.0 -999.0 -999.0 -999.0 -999.0} "" -999.0 -999.0 -999.0 -999.0 -999 -999 "" "" "" "" 0 0 0.0 0.0 -999 ""
FIBERMAP 907 R-6C6 BOSS 0 0 0 1 0 0 -110.27719402452395 -108.81228225594052 143.1 -110.27719402452395 -108.81228225594052 10.007128 169.98788 -999.0 -999.0 -999.0 -999.0 -999.0 -999.0 -999.0 -999.0 -999.0 -999.0 -999.0 -999.0 5400.0 -999.0 1 465 {-999.0 -999.0 -999.0 -999.0 -999.0} "" -999.0 -999.0 -999.0 -999.0 -999 -999 "" "" "" "" 0 0 0.0 0.0 -999 ""
FIBERMAP 907 R-6C6 METROLOGY 1 0 0 1 0 0 -110.65209609160593 -109.44943557598214 143.1 -110.65209609160593 -109.44943557598214 10.007128 169.98788 -999.0 -999.0 -999.0 -999.0 -999.0 -999.0 -999.0 -999.0 -999.0 -999.0 -999.0 -999.0 6231.0 -999.0 -1 -999 {-999.0 -999.0 -999.0 -999.0 -999.0} "" -999.0 -999.0 -999.0 -999.0 -999 -999 "" "" "" "" 0 0 0.0 0.0 -999 ""
FIBERMAP 908 R+6C18 APOGEE 0 0 0 1 0 0 157.46745133706779 124.05249205284792 143.1 157.46745133706779 124.05249205284792 10.003614 170.01459 -999.0 -999.0 -999.0 -999.0 -999.0 -999.0 -999.0 -999.0 -999.0 -999.0 -999.0 -999.0 16600.0 -999.0 2 -999 {-999.0 -999.0 -999.0 -999.0 -999.0} "" -999.0 -999.0 -999.0 -999.0 -999 -999 "" "" "" "" 0 0 0.0 0.0 -999 ""
FIBERMAP 908 R+6C18 BOSS 0 0 0 1 0 0 158.2152840856086 124.07008893600222 143.1 158.2152840856086 124.07008893600222 10.003614 170.01459 -999.0 -999.0 -999.0 -999.0 -999.0 -999.0 -999.0 -999.0 -999.0 -999.0 -999.0 -999.0 5400.0 -999.0 1 203 {-999.0 -999.0 -999.0 -999.0 -999.0} "" -999.0 -999.0 -999.0 -999.0 -999 -999 "" "" "" "" 0 0 0.0 0.0 -999 ""
FIBERMAP 908 R+6C18 METROLOGY 1 0 0 1 0 0 157.8545027622072 123.41464161990197 143.1 157.8545027622072 123.41464161990197 10.003614 170.01459 -999.0 -999.0 -999.0 -999.0 -999.0 -999.0 -999.0 -999.0 -999.0 -999.0 -999.0 -999.0 6231.0 -999.0 -1 -999 {-999.0 -999.0 -999.0 -999.0 -999.0} "" -999.0 -999.0 -999.0 -999.0 -999 -999 "" "" "" "" 0 0 0.0 0.0 -999 ""
FIBERMAP 910 R+11C8 APOGEE 0 0 0 1 0 0 -11.042592931532635 220.9207670124424 143.1 -11.042592931532635 220.9207670124424 9.991222 170.01157 -999.0 -999.0 -999.0 -999.0 -999.0 -999.0 -999.0 -999.0 -999.0 -999.0 -999.0 -999.0 16600.0 -999.0 2 15 {-999.0 -999.0 -999.0 -999.0 -999.0} "" -999.0 -999.0 -999.0 -999.0 -999 -999 "" "" "" "" 0 0 0.0 0.0 -999 ""
FIBERMAP 910 R+11C8 BOSS 0 0 0 1 0 0 -10.293185455149754 220.93728756381705 143.1 -10.293185455149754 220.93728756381705 9.991222 170.01157 -999.0 -999.0 -999.0 -999.0 -999.0 -999.0 -999.0 -999.0 -999.0 -999.0 -999.0 -999.0 5400.0 -999.0 1 111 {-999.0 -999.0 -999.0 -999.0 -999.0} "" -999.0 -999.0 -999.0 -999.0 -999 -999 "" "" "" "" 0 0 0.0 0.0 -999 ""
FIBERMAP 910 R+11C8 METROLOGY 1 0 0 1 0 0 -10.64592126642449 220.28316169582834 143.1 -10.64592126642449 220.28316169582834 9.991222 170.01157 -999.0 -999.0 -999.0 -999.0 -999.0 -999.0 -999.0 -999.0 -999.0 -999.0 -999.0 -999.0 6231.0 -999.0 -1 -999 {-999.0 -999.0 -999.0 -999.0 -999.0} "" -999.0 -999.0 -999.0 -999.0 -999 -999 "" "" "" "" 0 0 0.0 0.0 -999 ""
FIBERMAP 912 R+3C20 APOGEE 0 0 0 1 0 0 168.8232200854329 65.84001132794184 143.1 168.8232200854329 65.84001132794184 10.011128 170.01025 -999.0 -999.0 -999.0 -999.0 -999.0 -999.0 -999.0 -999.0 -999.0 -999.0 -999.0 -999.0 16600.0 -999.0 2 62 {-999.0 -999.0 -999.0 -999.0 -999.0} "" -999.0 -999.0 -999.0 -999.0 -999 -999 "" "" "" "" 0 0 0.0 0.0 -999 ""
FIBERMAP 912 R+3C20 BOSS 0 0 0 1 0 0 169.56892172465055 65.84791079355396 143.1 169.56892172465055 65.84791079355396 10.011128 170.01025 -999.0 -999.0 -999.0 -999.0 -999.0 -999.0 -999.0 -999.0 -999.0 -999.0 -999.0 -999.0 5400.0 -999.0 1 216 {-999.0 -999.0 -999.0 -999.0 -999.0} "" -999.0 -999.0 -999.0 -999.0 -999 -999 "" "" "" "" 0 0 0.0 0.0 -999 ""
FIBERMAP 912 R+3C20 METROLOGY 1 0 0 1 0 0 169.19846231488938 65.19638593547225 143.1 169.19846231488938 65.19638593547225 10.011128 170.01025 -999.0 -999.0 -999.0 -999.0 -999.0 -999.0 -999.0 -999.0 -999.0 -999.0 -999.0 -999.0 6231.0 -999.0 -1 -999 {-999.0 -999.0 -999.0 -999.0 -999.0} "" -999.0 -999.0 -999.0 -999.0 -999 -999 "" "" "" "" 0 0 0.0 0.0 -999 ""
FIBERMAP 914 R+3C11 APOGEE 0 0 0 1 0 0 -33.2539223672574 65.78615538663406 143.1 -33.2539223672574 65.78615538663406 10.0084715 170.01236 -999.0 -999.0 -999.0 -999.0 -999.0 -999.0 -999.0 -999.0 -999.0 -999.0 -999.0 -999.0 16600.0 -999.0 2 124 {-999.0 -999.0 -999.0 -999.0 -999.0} "" -999.0 -999.0 -999.0 -999.0 -999 -999 "" "" "" "" 0 0 0.0 0.0 -999 ""
FIBERMAP 914 R+3C11 BOSS 0 0 0 1 0 0 -32.51207142922774 65.80963852804689 143.1 -32.51207142922774 65.80963852804689 10.0084715 170.01236 -999.0 -999.0 -999.0 -999.0 -999.0 -999.0 -999.0 -999.0 -999.0 -999.0 -999.0 -999.0 5400.0 -999.0 1 14 {-999.0 -999.0 -999.0 -999.0 -999.0} "" -999.0 -999.0 -999.0 -999.0 -999 -999 "" "" "" "" 0 0 0.0 0.0 -999 ""
FIBERMAP 914 R+3C11 METROLOGY 1 0 0 1 0 0 -32.8609446687368 65.15531400228977 143.1 -32.8609446687368 65.15531400228977 10.0084715 170.01236 -999.0 -999.0 -999.0 -999.0 -999.0 -999.0 -999.0 -999.0 -999.0 -999.0 -999.0 -999.0 6231.0 -999.0 -1 -999 {-999.0 -999.0 -999.0 -999.0 -999.0} "" -999.0 -999.0 -999.0 -999.0 -999 -999 "" "" "" "" 0 0 0.0 0.0 -999 ""
FIBERMAP 916 R-13C3 APOGEE 0 0 0 1 0 0 -100.00835543043492 -244.55039409999375 143.1 -100.00835543043492 -244.55039409999375 10.010723 169.99867 -999.0 -999.0 -999.0 -999.0 -999.0 -999.0 -999.0 -999.0 -999.0 -999.0 -999.0 -999.0 16600.0 -999.0 2 198 {-999.0 -999.0 -999.0 -999.0 -999.0} "" -999.0 -999.0 -999.0 -999.0 -999 -999 "" "" "" "" 0 0 0.0 0.0 -999 ""
FIBERMAP 916 R-13C3 BOSS 0 0 0 1 0 0 -99.26582048655072 -244.5743947533681 143.1 -99.26582048655072 -244.5743947533681 10.010723 169.99867 -999.0 -999.0 -999.0 -999.0 -999.0 -999.0 -999.0 -999.0 -999.0 -999.0 -999.0 -999.0 5400.0 -999.0 1 342 {-999.0 -999.0 -999.0 -999.0 -999.0} "" -999.0 -999.0 -999.0 -999.0 -999 -999 "" "" "" "" 0 0 0.0 0.0 -999 ""
FIBERMAP 916 R-13C3 METROLOGY 1 0 0 1 0 0 -99.66030647815893 -245.21487870687943 143.1 -99.66030647815893 -245.21487870687943 10.010723 169.99867 -999.0 -999.0 -999.0 -999.0 -999.0 -999.0 -999.0 -999.0 -999.0 -999.0 -999.0 -999.0 6231.0 -999.0 -1 -999 {-999.0 -999.0 -999.0 -999.0 -999.0} "" -999.0 -999.0 -999.0 -999.0 -999 -999 "" "" "" "" 0 0 0.0 0.0 -999 ""
FIBERMAP 918 R-4C10 APOGEE 0 0 0 1 0 0 -44.1291503041504 -70.03925364288398 143.1 -44.1291503041504 -70.03925364288398 9.988351 169.99933 -999.0 -999.0 -999.0 -999.0 -999.0 -999.0 -999.0 -999.0 -999.0 -999.0 -999.0 -999.0 16600.0 -999.0 2 -999 {-999.0 -999.0 -999.0 -999.0 -999.0} "" -999.0 -999.0 -999.0 -999.0 -999 -999 "" "" "" "" 0 0 0.0 0.0 -999 ""
FIBERMAP 918 R-4C10 BOSS 0 0 0 1 0 0 -43.40684687089998 -70.02397719385264 143.1 -43.40684687089998 -70.02397719385264 9.988351 169.99933 -999.0 -999.0 -999.0 -999.0 -999.0 -999.0 -999.0 -999.0 -999.0 -999.0 -999.0 -999.0 5400.0 -999.0 1 408 {-999.0 -999.0 -999.0 -999.0 -999.0} "" -999.0 -999.0 -999.0 -999.0 -999 -999 "" "" "" "" 0 0 0.0 0.0 -999 ""
FIBERMAP 918 R-4C10 METROLOGY 1 0 0 1 0 0 -43.746061822598804 -70.67949203271569 143.1 -43.746061822598804 -70.67949203271569 9.988351 169.99933 -999.0 -999.0 -999.0 -999.0 -999.0 -999.0 -999.0 -999.0 -999.0 -999.0 -999.0 -999.0 6231.0 -999.0 -1 -999 {-999.0 -999.0 -999.0 -999.0 -999.0} "" -999.0 -999.0 -999.0 -999.0 -999 -999 "" "" "" "" 0 0 0.0 0.0 -999 ""
FIBERMAP 919 R-12C2 APOGEE 0 0 0 1 0 0 -133.62658094203874 -225.15187907038032 143.1 -133.62658094203874 -225.15187907038032 10.012168 170.009 -999.0 -999.0 -999.0 -999.0 -999.0 -999.0 -999.0 -999.0 -999.0 -999.0 -999.0 -999.0 16600.0 -999.0 2 204 {-999.0 -999.0 -999.0 -999.0 -999.0} "" -999.0 -999.0 -999.0 -999.0 -999 -999 "" "" "" "" 0 0 0.0 0.0 -999 ""
FIBERMAP 919 R-12C2 BOSS 0 0 0 1 0 0 -132.88312354348093 -225.14414379222774 143.1 -132.88312354348093 -225.14414379222774 10.012168 170.009 -999.0 -999.0 -999.0 -999.0 -999.0 -999.0 -999.0 -999.0 -999.0 -999.0 -999.0 -999.0 5400.0 -999.0 1 339 {-999.0 -999.0 -999.0 -999.0 -999.0} "" -999.0 -999.0 -999.0 -999.0 -999 -999 "" "" "" "" 0 0 0.0 0.0 -999 ""
FIBERMAP 919 R-12C2 METROLOGY 1 0 0 1 0 0 -133.24178265624033 -225.8024324929435 143.1 -133.24178265624033 -225.8024324929435 10.012168 170.009 -999.0 -999.0 -999.0 -999.0 -999.0 -999.0 -999.0 -999.0 -999.0 -999.0 -999.0 -999.0 6231.0 -999.0 -1 -999 {-999.0 -999.0 -999.0 -999.0 -999.0} "" -999.0 -999.0 -999.0 -999.0 -999 -999 "" "" "" "" 0 0 0.0 0.0 -999 ""
FIBERMAP 920 R+5C2 APOGEE 0 0 0 1 0 0 -212.2951349294879 104.50499723456547 143.1 -212.2951349294879 104.50499723456547 9.995302 170.00415 -999.0 -999.0 -999.0 -999.0 -999.0 -999.0 -999.0 -999.0 -999.0 -999.0 -999.0 -999.0 16600.0 -999.0 2 -999 {-999.0 -999.0 -999.0 -999.0 -999.0} "" -999.0 -999.0 -999.0 -999.0 -999 -999 "" "" "" "" 0 0 0.0 0.0 -999 ""
FIBERMAP 920 R+5C2 BOSS 0 0 0 1 0 0 -211.59750695419197 104.54375684749417 143.1 -211.59750695419197 104.54375684749417 9.995302 170.00415 -999.0 -999.0 -999.0 -999.0 -999.0 -999.0 -999.0 -999.0 -999.0 -999.0 -999.0 -999.0 5400.0 -999.0 1 71 {-999.0 -999.0 -999.0 -999.0 -999.0} "" -999.0 -999.0 -999.0 -999.0 -999 -999 "" "" "" "" 0 0 0.0 0.0 -999 ""
FIBERMAP 920 R+5C2 METROLOGY 1 0 0 1 0 0 -211.91333303558892 103.86399076476428 143.1 -211.91333303558892 103.86399076476428 9.995302 170.00415 -999.0 -999.0 -999.0 -999.0 -999.0 -999.0 -999.0 -999.0 -999.0 -999.0 -999.0 -999.0 6231.0 -999.0 -1 -999 {-999.0 -999.0 -999.0 -999.0 -999.0} "" -999.0 -999.0 -999.0 -999.0 -999 -999 "" "" "" "" 0 0 0.0 0.0 -999 ""
FIBERMAP 921 R+2C21 APOGEE 0 0 0 1 0 0 179.94017297596918 46.44908918173961 143.1 179.94017297596918 46.44908918173961 10.014728 169.99992 -999.0 -999.0 -999.0 -999.0 -999.0 -999.0 -999.0 -999.0 -999.0 -999.0 -999.0 -999.0 16600.0 -999.0 2 80 {-999.0 -999.0 -999.0 -999.0 -999.0} "" -999.0 -999.0 -999.0 -999.0 -999 -999 "" "" "" "" 0 0 0.0 0.0 -999 ""
FIBERMAP 921 R+2C21 BOSS 0 0 0 1 0 0 180.68196971290152 46.491000877865325 143.1 180.68196971290152 46.491000877865325 10.014728 169.99992 -999.0 -999.0 -999.0 -999.0 -999.0 -999.0 -999.0 -999.0 -999.0 -999.0 -999.0 -999.0 5400.0 -999.0 1 223 {-999.0 -999.0 -999.0 -999.0 -999.0} "" -999.0 -999.0 -999.0 -999.0 -999 -999 "" "" "" "" 0 0 0.0 0.0 -999 ""
FIBERMAP 921 R+2C21 METROLOGY 1 0 0 1 0 0 180.35986209352797 45.819765070304925 143.1 180.35986209352797 45.819765070304925 10.014728 169.99992 -999.0 -999.0 -999.0 -999.0 -999.0 -999.0 -999.0 -999.0 -999.0 -999.0 -999.0 -999.0 6231.0 -999.0 -1 -999 {-999.0 -999.0 -999.0 -999.0 -999.0} "" -999.0 -999.0 -999.0 -999.0 -999 -999 "" "" "" "" 0 0 0.0 0.0 -999 ""
FIBERMAP 925 R-13C12 APOGEE 0 0 0 1 0 0 101.52239679836609 -244.5641836573257 143.1 101.52239679836609 -244.5641836573257 9.994698 170.0082 -999.0 -999.0 -999.0 -999.0 -999.0 -999.0 -999.0 -999.0 -999.0 -999.0 -999.0 -999.0 16600.0 -999.0 2 182 {-999.0 -999.0 -999.0 -999.0 -999.0} "" -999.0 -999.0 -999.0 -999.0 -999 -999 "" "" "" "" 0 0 0.0 0.0 -999 ""
FIBERMAP 925 R-13C12 BOSS 0 0 0 1 0 0 102.26570742296457 -244.5447123375975 143.1 102.26570742296457 -244.5447123375975 9.994698 170.0082 -999.0 -999.0 -999.0 -999.0 -999.0 -999.0 -999.0 -999.0 -999.0 -999.0 -999.0 -999.0 5400.0 -999.0 1 337 {-999.0 -999.0 -999.0 -999.0 -999.0} "" -999.0 -999.0 -999.0 -999.0 -999 -999 "" "" "" "" 0 0 0.0 0.0 -999 ""
FIBERMAP 925 R-13C12 METROLOGY 1 0 0 1 0 0 101.92120909709787 -245.19691074505363 143.1 101.92120909709787 -245.19691074505363 9.994698 170.0082 -999.0 -999.0 -999.0 -999.0 -999.0 -999.0 -999.0 -999.0 -999.0 -999.0 -999.0 -999.0 6231.0 -999.0 -1 -999 {-999.0 -999.0 -999.0 -999.0 -999.0} "" -999.0 -999.0 -999.0 -999.0 -999 -999 "" "" "" "" 0 0 0.0 0.0 -999 ""
FIBERMAP 932 R0C19 APOGEE 0 0 0 1 0 0 112.26904896234036 7.549275284277446 143.1 112.26904896234036 7.549275284277446 9.98725 169.9969 -999.0 -999.0 -999.0 -999.0 -999.0 -999.0 -999.0 -999.0 -999.0 -999.0 -999.0 -999.0 16600.0 -999.0 2 64 {-999.0 -999.0 -999.0 -999.0 -999.0} "" -999.0 -999.0 -999.0 -999.0 -999 -999 "" "" "" "" 0 0 0.0 0.0 -999 ""
FIBERMAP 932 R0C19 BOSS 0 0 0 1 0 0 113.01586700265382 7.610641333872582 143.1 113.01586700265382 7.610641333872582 9.98725 169.9969 -999.0 -999.0 -999.0 -999.0 -999.0 -999.0 -999.0 -999.0 -999.0 -999.0 -999.0 -999.0 5400.0 -999.0 1 242 {-999.0 -999.0 -999.0 -999.0 -999.0} "" -999.0 -999.0 -999.0 -999.0 -999 -999 "" "" "" "" 0 0 0.0 0.0 -999 ""
FIBERMAP 932 R0C19 METROLOGY 1 0 0 1 0 0 112.72619245480223 6.922044890412014 143.1 112.72619245480223 6.922044890412014 9.98725 169.9969 -999.0 -999.0 -999.0 -999.0 -999.0 -999.0 -999.0 -999.0 -999.0 -999.0 -999.0 -999.0 6231.0 -999.0 -1 -999 {-999.0 -999.0 -999.0 -999.0 -999.0} "" -999.0 -999.0 -999.0 -999.0 -999 -999 "" "" "" "" 0 0 0.0 0.0 -999 ""
FIBERMAP 934 R+3C10 APOGEE 0 0 0 1 0 0 -55.63836273319442 65.68648505674729 143.1 -55.63836273319442 65.68648505674729 10.000685 169.99728 -999.0 -999.0 -999.0 -999.0 -999.0 -999.0 -999.0 -999.0 -999.0 -999.0 -999.0 -999.0 16600.0 -999.0 2 -999 {-999.0 -999.0 -999.0 -999.0 -999.0} "" -999.0 -999.0 -999.0 -999.0 -999 -999 "" "" "" "" 0 0 0.0 0.0 -999 ""
FIBERMAP 934 R+3C10 BOSS 0 0 0 1 0 0 -54.81261513611625 65.65441751581004 143.1 -54.81261513611625 65.65441751581004 10.000685 169.99728 -999.0 -999.0 -999.0 -999.0 -999.0 -999.0 -999.0 -999.0 -999.0 -999.0 -999.0 -999.0 5400.0 -999.0 1 24 {-999.0 -999.0 -999.0 -999.0 -999.0} "" -999.0 -999.0 -999.0 -999.0 -999 -999 "" "" "" "" 0 0 0.0 0.0 -999 ""
FIBERMAP 934 R+3C10 METROLOGY 1 0 0 1 0 0 -55.251035498944354 65.04880206801386 143.1 -55.251035498944354 65.04880206801386 10.000685 169.99728 -999.0 -999.0 -999.0 -999.0 -999.0 -999.0 -999.0 -999.0 -999.0 -999.0 -999.0 -999.0 6231.0 -999.0 -1 -999 {-999.0 -999.0 -999.0 -999.0 -999.0} "" -999.0 -999.0 -999.0 -999.0 -999 -999 "" "" "" "" 0 0 0.0 0.0 -999 ""
FIBERMAP 936 R+2C20 APOGEE 0 0 0 1 0 0 157.16672649109674 46.344119458216575 143.1 157.16672649109674 46.344119458216575 10.002858 169.99457 -999.0 -999.0 -999.0 -999.0 -999.0 -999.0 -999.0 -999.0 -999.0 -999.0 -999.0 -999.0 16600.0 -999.0 2 -999 {-999.0 -999.0 -999.0 -999.0 -999.0} "" -999.0 -999.0 -999.0 -999.0 -999 -999 "" "" "" "" 0 0 0.0 0.0 -999 ""
FIBERMAP 936 R+2C20 BOSS 0 0 0 1 0 0 157.91222049661778 46.37003579105494 143.1 157.91222049661778 46.37003579105494 10.002858 169.99457 -999.0 -999.0 -999.0 -999.0 -999.0 -999.0 -999.0 -999.0 -999.0 -999.0 -999.0 -999.0 5400.0 -999.0 1 222 {-999.0 -999.0 -999.0 -999.0 -999.0} "" -999.0 -999.0 -999.0 -999.0 -999 -999 "" "" "" "" 0 0 0.0 0.0 -999 ""
FIBERMAP 936 R+2C20 METROLOGY 1 0 0 1 0 0 157.56178497195629 45.71119704811186 143.1 157.56178497195629 45.71119704811186 10.002858 169.99457 -999.0 -999.0 -999.0 -999.0 -999.0 -999.0 -999.0 -999.0 -999.0 -999.0 -999.0 -999.0 6231.0 -999.0 -1 -999 {-999.0 -999.0 -999.0 -999.0 -999.0} "" -999.0 -999.0 -999.0 -999.0 -999 -999 "" "" "" "" 0 0 0.0 0.0 -999 ""
FIBERMAP 938 R+12C15 APOGEE 0 0 0 1 0 0 157.33413978782283 240.26035390510688 143.1 157.33413978782283 240.26035390510688 10.005867 170.00352 -999.0 -999.0 -999.0 -999.0 -999.0 -999.0 -999.0 -999.0 -999.0 -999.0 -999.0 -999.0 16600.0 -999.0 2 44 {-999.0 -999.0 -999.0 -999.0 -999.0} "" -999.0 -999.0 -999.0 -999.0 -999 -999 "" "" "" "" 0 0 0.0 0.0 -999 ""
FIBERMAP 938 R+12C15 BOSS 0 0 0 1 0 0 158.07623471646585 240.26405204506074 143.1 158.07623471646585 240.26405204506074 10.005867 170.00352 -999.0 -999.0 -999.0 -999.0 -999.0 -999.0 -999.0 -999.0 -999.0 -999.0 -999.0 -999.0 5400.0 -999.0 1 179 {-999.0 -999.0 -999.0 -999.0 -999.0} "" -999.0 -999.0 -999.0 -999.0 -999 -999 "" "" "" "" 0 0 0.0 0.0 -999 ""
FIBERMAP 938 R+12C15 METROLOGY 1 0 0 1 0 0 157.71229232724704 239.61512715734216 143.1 157.71229232724704 239.61512715734216 10.005867 170.00352 -999.0 -999.0 -999.0 -999.0 -999.0 -999.0 -999.0 -999.0 -999.0 -999.0 -999.0 -999.0 6231.0 -999.0 -1 -999 {-999.0 -999.0 -999.0 -999.0 -999.0} "" -999.0 -999.0 -999.0 -999.0 -999 -999 "" "" "" "" 0 0 0.0 0.0 -999 ""
FIBERMAP 940 R+12C5 APOGEE 0 0 0 1 0 0 -66.58523523595841 240.28851343058338 143.1 -66.58523523595841 240.28851343058338 9.989942 170.01065 -999.0 -999.0 -999.0 -999.0 -999.0 -999.0 -999.0 -999.0 -999.0 -999.0 -999.0 -999.0 16600.0 -999.0 2 -999 {-999.0 -999.0 -999.0 -999.0 -999.0} "" -999.0 -999.0 -999.0 -999.0 -999 -999 "" "" "" "" 0 0 0.0 0.0 -999 ""
FIBERMAP 940 R+12C5 BOSS 0 0 0 1 0 0 -65.84997272378817 240.28321002887648 143.1 -65.84997272378817 240.28321002887648 9.989942 170.01065 -999.0 -999.0 -999.0 -999.0 -999.0 -999.0 -999.0 -999.0 -999.0 -999.0 -999.0 -999.0 5400.0 -999.0 1 157 {-999.0 -999.0 -999.0 -999.0 -999.0} "" -999.0 -999.0 -999.0 -999.0 -999 -999 "" "" "" "" 0 0 0.0 0.0 -999 ""
FIBERMAP 940 R+12C5 METROLOGY 1 0 0 1 0 0 -66.21122184874739 239.6429315483262 143.1 -66.21122184874739 239.6429315483262 9.989942 170.01065 -999.0 -999.0 -999.0 -999.0 -999.0 -999.0 -999.0 -999.0 -999.0 -999.0 -999.0 -999.0 6231.0 -999.0 -1 -999 {-999.0 -999.0 -999.0 -999.0 -999.0} "" -999.0 -999.0 -999.0 -999.0 -999 -999 "" "" "" "" 0 0 0.0 0.0 -999 ""
FIBERMAP 941 R-13C14 APOGEE 0 0 0 1 0 0 146.51379649806464 -244.57175484352376 143.1 146.51379649806464 -244.57175484352376 9.988727 169.99606 -999.0 -999.0 -999.0 -999.0 -999.0 -999.0 -999.0 -999.0 -999.0 -999.0 -999.0 -999.0 16600.0 -999.0 2 -999 {-999.0 -999.0 -999.0 -999.0 -999.0} "" -999.0 -999.0 -999.0 -999.0 -999 -999 "" "" "" "" 0 0 0.0 0.0 -999 ""
FIBERMAP 941 R-13C14 BOSS 0 0 0 1 0 0 147.2543224304809 -244.5688304535016 143.1 147.2543224304809 -244.5688304535016 9.988727 169.99606 -999.0 -999.0 -999.0 -999.0 -999.0 -999.0 -999.0 -999.0 -999.0 -999.0 -999.0 -999.0 5400.0 -999.0 1 257 {-999.0 -999.0 -999.0 -999.0 -999.0} "" -999.0 -999.0 -999.0 -999.0 -999 -999 "" "" "" "" 0 0 0.0 0.0 -999 ""
FIBERMAP 941 R-13C14 METROLOGY 1 0 0 1 0 0 146.88592962112008 -245.21842239276123 143.1 146.88592962112008 -245.21842239276123 9.988727 169.99606 -999.0 -999.0 -999.0 -999.0 -999.0 -999.0 -999.0 -999.0 -999.0 -999.0 -999.0 -999.0 6231.0 -999.0 -1 -999 {-999.0 -999.0 -999.0 -999.0 -999.0} "" -999.0 -999.0 -999.0 -999.0 -999 -999 "" "" "" "" 0 0 0.0 0.0 -999 ""
FIBERMAP 942 R+1C24 APOGEE 0 0 0 1 0 0 235.90333107564211 27.00637608928021 143.1 235.90333107564211 27.00637608928021 10.001173 169.99945 -999.0 -999.0 -999.0 -999.0 -999.0 -999.0 -999.0 -999.0 -999.0 -999.0 -999.0 -999.0 16600.0 -999.0 2 59 {-999.0 -999.0 -999.0 -999.0 -999.0} "" -999.0 -999.0 -999.0 -999.0 -999 -999 "" "" "" "" 0 0 0.0 0.0 -999 ""
FIBERMAP 942 R+1C24 BOSS 0 0 0 1 0 0 236.64169658390372 27.025401345665124 143.1 236.64169658390372 27.025401345665124 10.001173 169.99945 -999.0 -999.0 -999.0 -999.0 -999.0 -999.0 -999.0 -999.0 -999.0 -999.0 -999.0 -999.0 5400.0 -999.0 1 183 {-999.0 -999.0 -999.0 -999.0 -999.0} "" -999.0 -999.0 -999.0 -999.0 -999 -999 "" "" "" "" 0 0 0.0 0.0 -999 ""
FIBERMAP 942 R+1C24 METROLOGY 1 0 0 1 0 0 236.28466965796272 26.364177621800305 143.1 236.28466965796272 26.364177621800305 10.001173 169.99945 -999.0 -999.0 -999.0 -999.0 -999.0 -999.0 -999.0 -999.0 -999.0 -999.0 -999.0 -999.0 6231.0 -999.0 -1 -999 {-999.0 -999.0 -999.0 -999.0 -999.0} "" -999.0 -999.0 -999.0 -999.0 -999 -999 "" "" "" "" 0 0 0.0 0.0 -999 ""
FIBERMAP 943 R-4C19 APOGEE 0 0 0 1 0 0 157.73805383645646 -70.15128379445719 143.1 157.73805383645646 -70.15128379445719 10.005059 169.99849 -999.0 -999.0 -999.0 -999.0 -999.0 -999.0 -999.0 -999.0 -999.0 -999.0 -999.0 -999.0 16600.0 -999.0 2 223 {-999.0 -999.0 -999.0 -999.0 -999.0} "" -999.0 -999.0 -999.0 -999.0 -999 -999 "" "" "" "" 0 0 0.0 0.0 -999 ""
FIBERMAP 943 R-4C19 BOSS 0 0 0 1 0 0 158.48553260294364 -70.14722376762518 143.1 158.48553260294364 -70.14722376762518 10.005059 169.99849 -999.0 -999.0 -999.0 -999.0 -999.0 -999.0 -999.0 -999.0 -999.0 -999.0 -999.0 -999.0 5400.0 -999.0 1 291 {-999.0 -999.0 -999.0 -999.0 -999.0} "" -999.0 -999.0 -999.0 -999.0 -999 -999 "" "" "" "" 0 0 0.0 0.0 -999 ""
FIBERMAP 943 R-4C19 METROLOGY 1 0 0 1 0 0 158.11582238651997 -70.79291660463602 143.1 158.11582238651997 -70.79291660463602 10.005059 169.99849 -999.0 -999.0 -999.0 -999.0 -999.0 -999.0 -999.0 -999.0 -999.0 -999.0 -999.0 -999.0 6231.0 -999.0 -1 -999 {-999.0 -999.0 -999.0 -999.0 -999.0} "" -999.0 -999.0 -999.0 -999.0 -999 -999 "" "" "" "" 0 0 0.0 0.0 -999 ""
FIBERMAP 944 R-1C11 APOGEE 0 0 0 1 0 0 -55.09592360831926 -11.836509481300599 143.1 -55.09592360831926 -11.836509481300599 9.998115 170.01169 -999.0 -999.0 -999.0 -999.0 -999.0 -999.0 -999.0 -999.0 -999.0 -999.0 -999.0 -999.0 16600.0 -999.0 2 282 {-999.0 -999.0 -999.0 -999.0 -999.0} "" -999.0 -999.0 -999.0 -999.0 -999 -999 "" "" "" "" 0 0 0.0 0.0 -999 ""
FIBERMAP 944 R-1C11 BOSS 0 0 0 1 0 0 -54.361216106987406 -11.86879703022326 143.1 -54.361216106987406 -11.86879703022326 9.998115 170.01169 -999.0 -999.0 -999.0 -999.0 -999.0 -999.0 -999.0 -999.0 -999.0 -999.0 -999.0 -999.0 5400.0 -999.0 1 440 {-999.0 -999.0 -999.0 -999.0 -999.0} "" -999.0 -999.0 -999.0 -999.0 -999 -999 "" "" "" "" 0 0 0.0 0.0 -999 ""
FIBERMAP 944 R-1C11 METROLOGY 1 0 0 1 0 0 -54.74315815606109 -12.499262117659114 143.1 -54.74315815606109 -12.499262117659114 9.998115 170.01169 -999.0 -999.0 -999.0 -999.0 -999.0 -999.0 -999.0 -999.0 -999.0 -999.0 -999.0 -999.0 6231.0 -999.0 -1 -999 {-999.0 -999.0 -999.0 -999.0 -999.0} "" -999.0 -999.0 -999.0 -999.0 -999 -999 "" "" "" "" 0 0 0.0 0.0 -999 ""
FIBERMAP 948 R-8C9 APOGEE 0 0 0 1 0 0 -21.515135094790942 -147.48157213343606 143.1 -21.515135094790942 -147.48157213343606 9.992575 170.0102 -999.0 -999.0 -999.0 -999.0 -999.0 -999.0 -999.0 -999.0 -999.0 -999.0 -999.0 -999.0 16600.0 -999.0 2 -999 {-999.0 -999.0 -999.0 -999.0 -999.0} "" -999.0 -999.0 -999.0 -999.0 -999 -999 "" "" "" "" 0 0 0.0 0.0 -999 ""
FIBERMAP 948 R-8C9 BOSS 0 0 0 1 0 0 -20.76705450405106 -147.476715268846 143.1 -20.76705450405106 -147.476715268846 9.992575 170.0102 -999.0 -999.0 -999.0 -999.0 -999.0 -999.0 -999.0 -999.0 -999.0 -999.0 -999.0 -999.0 5400.0 -999.0 1 384 {-999.0 -999.0 -999.0 -999.0 -999.0} "" -999.0 -999.0 -999.0 -999.0 -999 -999 "" "" "" "" 0 0 0.0 0.0 -999 ""
FIBERMAP 948 R-8C9 METROLOGY 1 0 0 1 0 0 -21.137680781918846 -148.12514825341415 143.1 -21.137680781918846 -148.12514825341415 9.992575 170.0102 -999.0 -999.0 -999.0 -999.0 -999.0 -999.0 -999.0 -999.0 -999.0 -999.0 -999.0 -999.0 6231.0 -999.0 -1 -999 {-999.0 -999.0 -999.0 -999.0 -999.0} "" -999.0 -999.0 -999.0 -999.0 -999 -999 "" "" "" "" 0 0 0.0 0.0 -999 ""
FIBERMAP 950 R-5C15 APOGEE 0 0 0 1 0 0 79.17146071521587 -89.53208826628408 143.1 79.17146071521587 -89.53208826628408 10.010815 169.99701 -999.0 -999.0 -999.0 -999.0 -999.0 -999.0 -999.0 -999.0 -999.0 -999.0 -999.0 -999.0 16600.0 -999.0 2 -999 {-999.0 -999.0 -999.0 -999.0 -999.0} "" -999.0 -999.0 -999.0 -999.0 -999 -999 "" "" "" "" 0 0 0.0 0.0 -999 ""
FIBERMAP 950 R-5C15 BOSS 0 0 0 1 0 0 79.90854567401061 -89.52045532393826 143.1 79.90854567401061 -89.52045532393826 10.010815 169.99701 -999.0 -999.0 -999.0 -999.0 -999.0 -999.0 -999.0 -999.0 -999.0 -999.0 -999.0 -999.0 5400.0 -999.0 1 315 {-999.0 -999.0 -999.0 -999.0 -999.0} "" -999.0 -999.0 -999.0 -999.0 -999 -999 "" "" "" "" 0 0 0.0 0.0 -999 ""
FIBERMAP 950 R-5C15 METROLOGY 1 0 0 1 0 0 79.56047751173365 -90.16874194964642 143.1 79.56047751173365 -90.16874194964642 10.010815 169.99701 -999.0 -999.0 -999.0 -999.0 -999.0 -999.0 -999.0 -999.0 -999.0 -999.0 -999.0 -999.0 6231.0 -999.0 -1 -999 {-999.0 -999.0 -999.0 -999.0 -999.0} "" -999.0 -999.0 -999.0 -999.0 -999 -999 "" "" "" "" 0 0 0.0 0.0 -999 ""
FIBERMAP 951 R+2C24 APOGEE 0 0 0 1 0 0 247.0410405808442 46.342901485901336 143.1 247.0410405808442 46.342901485901336 9.985902 170.00777 -999.0 -999.0 -999.0 -999.0 -999.0 -999.0 -999.0 -999.0 -999.0 -999.0 -999.0 -999.0 16600.0 -999.0 2 -999 {-999.0 -999.0 -999.0 -999.0 -999.0} "" -999.0 -999.0 -999.0 -999.0 -999 -999 "" "" "" "" 0 0 0.0 0.0 -999 ""
FIBERMAP 951 R+2C24 BOSS 0 0 0 1 0 0 247.78415145005116 46.35254046216747 143.1 247.78415145005116 46.35254046216747 9.985902 170.00777 -999.0 -999.0 -999.0 -999.0 -999.0 -999.0 -999.0 -999.0 -999.0 -999.0 -999.0 -999.0 5400.0 -999.0 1 185 {-999.0 -999.0 -999.0 -999.0 -999.0} "" -999.0 -999.0 -999.0 -999.0 -999 -999 "" "" "" "" 0 0 0.0 0.0 -999 ""
FIBERMAP 951 R+2C24 METROLOGY 1 0 0 1 0 0 247.4231335510123 45.70206847905796 143.1 247.4231335510123 45.70206847905796 9.985902 170.00777 -999.0 -999.0 -999.0 -999.0 -999.0 -999.0 -999.0 -999.0 -999.0 -999.0 -999.0 -999.0 6231.0 -999.0 -1 -999 {-999.0 -999.0 -999.0 -999.0 -999.0} "" -999.0 -999.0 -999.0 -999.0 -999 -999 "" "" "" "" 0 0 0.0 0.0 -999 ""
FIBERMAP 954 R+12C12 APOGEE 0 0 0 1 0 0 90.26423435953163 240.32005340790852 143.1 90.26423435953163 240.32005340790852 10.006592 170.01083 -999.0 -999.0 -999.0 -999.0 -999.0 -999.0 -999.0 -999.0 -999.0 -999.0 -999.0 -999.0 16600.0 -999.0 2 -999 {-999.0 -999.0 -999.0 -999.0 -999.0} "" -999.0 -999.0 -999.0 -999.0 -999 -999 "" "" "" "" 0 0 0.0 0.0 -999 ""
FIBERMAP 954 R+12C12 BOSS 0 0 0 1 0 0 91.00437785073557 240.32453634348457 143.1 91.00437785073557 240.32453634348457 10.006592 170.01083 -999.0 -999.0 -999.0 -999.0 -999.0 -999.0 -999.0 -999.0 -999.0 -999.0 -999.0 -999.0 5400.0 -999.0 1 101 {-999.0 -999.0 -999.0 -999.0 -999.0} "" -999.0 -999.0 -999.0 -999.0 -999 -999 "" "" "" "" 0 0 0.0 0.0 -999 ""
FIBERMAP 954 R+12C12 METROLOGY 1 0 0 1 0 0 90.64547210597642 239.67871125180343 143.1 90.64547210597642 239.67871125180343 10.006592 170.01083 -999.0 -999.0 -999.0 -999.0 -999.0 -999.0 -999.0 -999.0 -999.0 -999.0 -999.0 -999.0 6231.0 -999.0 -1 -999 {-999.0 -999.0 -999.0 -999.0 -999.0} "" -999.0 -999.0 -999.0 -999.0 -999 -999 "" "" "" "" 0 0 0.0 0.0 -999 ""
FIBERMAP 956 R+10C8 APOGEE 0 0 0 1 0 0 -21.82054315801961 201.60183901292038 143.1 -21.82054315801961 201.60183901292038 10.006112 170.0102 -999.0 -999.0 -999.0 -999.0 -999.0 -999.0 -999.0 -999.0 -999.0 -999.0 -999.0 -999.0 16600.0 -999.0 2 -999 {-999.0 -999.0 -999.0 -999.0 -999.0} "" -999.0 -999.0 -999.0 -999.0 -999 -999 "" "" "" "" 0 0 0.0 0.0 -999 ""
FIBERMAP 956 R+10C8 BOSS 0 0 0 1 0 0 -21.075982314733036 201.61746334663988 143.1 -21.075982314733036 201.61746334663988 10.006112 170.0102 -999.0 -999.0 -999.0 -999.0 -999.0 -999.0 -999.0 -999.0 -999.0 -999.0 -999.0 -999.0 5400.0 -999.0 1 120 {-999.0 -999.0 -999.0 -999.0 -999.0} "" -999.0 -999.0 -999.0 -999.0 -999 -999 "" "" "" "" 0 0 0.0 0.0 -999 ""
FIBERMAP 956 R+10C8 METROLOGY 1 0 0 1 0 0 -21.435965998652712 200.96249373139787 143.1 -21.435965998652712 200.96249373139787 10.006112 170.0102 -999.0 -999.0 -999.0 -999.0 -999.0 -999.0 -999.0 -999.0 -999.0 -999.0 -999.0 -999.0 6231.0 -999.0 -1 -999 {-999.0 -999.0 -999.0 -999.0 -999.0} "" -999.0 -999.0 -999.0 -999.0 -999 -999 "" "" "" "" 0 0 0.0 0.0 -999 ""
FIBERMAP 962 R-1C12 APOGEE 0 0 0 1 0 0 -33.10899157863671 -11.863582866850113 143.1 -33.10899157863671 -11.863582866850113 9.994398 169.99562 -999.0 -999.0 -999.0 -999.0 -999.0 -999.0 -999.0 -999.0 -999.0 -999.0 -999.0 -999.0 16600.0 -999.0 2 -999 {-999.0 -999.0 -999.0 -999.0 -999.0} "" -999.0 -999.0 -999.0 -999.0 -999 -999 "" "" "" "" 0 0 0.0 0.0 -999 ""
FIBERMAP 962 R-1C12 BOSS 0 0 0 1 0 0 -32.36982833533554 -11.846173025700233 143.1 -32.36982833533554 -11.846173025700233 9.994398 169.99562 -999.0 -999.0 -999.0 -999.0 -999.0 -999.0 -999.0 -999.0 -999.0 -999.0 -999.0 -999.0 5400.0 -999.0 1 439 {-999.0 -999.0 -999.0 -999.0 -999.0} "" -999.0 -999.0 -999.0 -999.0 -999 -999 "" "" "" "" 0 0 0.0 0.0 -999 ""
FIBERMAP 962 R-1C12 METROLOGY 1 0 0 1 0 0 -32.72404879384767 -12.50270807598417 143.1 -32.72404879384767 -12.50270807598417 9.994398 169.99562 -999.0 -999.0 -999.0 -999.0 -999.0 -999.0 -999.0 -999.0 -999.0 -999.0 -999.0 -999.0 6231.0 -999.0 -1 -999 {-999.0 -999.0 -999.0 -999.0 -999.0} "" -999.0 -999.0 -999.0 -999.0 -999 -999 "" "" "" "" 0 0 0.0 0.0 -999 ""
FIBERMAP 963 R+9C11 APOGEE 0 0 0 1 0 0 34.1142669101427 182.20841858676388 143.1 34.1142669101427 182.20841858676388 10.007679 170.00832 -999.0 -999.0 -999.0 -999.0 -999.0 -999.0 -999.0 -999.0 -999.0 -999.0 -999.0 -999.0 16600.0 -999.0 2 28 {-999.0 -999.0 -999.0 -999.0 -999.0} "" -999.0 -999.0 -999.0 -999.0 -999 -999 "" "" "" "" 0 0 0.0 0.0 -999 ""
FIBERMAP 963 R+9C11 BOSS 0 0 0 1 0 0 34.855912333513785 182.23022088209615 143.1 34.855912333513785 182.23022088209615 10.007679 170.00832 -999.0 -999.0 -999.0 -999.0 -999.0 -999.0 -999.0 -999.0 -999.0 -999.0 -999.0 -999.0 5400.0 -999.0 1 133 {-999.0 -999.0 -999.0 -999.0 -999.0} "" -999.0 -999.0 -999.0 -999.0 -999 -999 "" "" "" "" 0 0 0.0 0.0 -999 ""
FIBERMAP 963 R+9C11 METROLOGY 1 0 0 1 0 0 34.483070232667856 181.5548482667932 143.1 34.483070232667856 181.5548482667932 10.007679 170.00832 -999.0 -999.0 -999.0 -999.0 -999.0 -999.0 -999.0 -999.0 -999.0 -999.0 -999.0 -999.0 6231.0 -999.0 -1 -999 {-999.0 -999.0 -999.0 -999.0 -999.0} "" -999.0 -999.0 -999.0 -999.0 -999 -999 "" "" "" "" 0 0 0.0 0.0 -999 ""
FIBERMAP 964 R+8C14 APOGEE 0 0 0 1 0 0 90.18878771981211 162.88710459912724 143.1 90.18878771981211 162.88710459912724 9.994823 170.00755 -999.0 -999.0 -999.0 -999.0 -999.0 -999.0 -999.0 -999.0 -999.0 -999.0 -999.0 -999.0 16600.0 -999.0 2 -999 {-999.0 -999.0 -999.0 -999.0 -999.0} "" -999.0 -999.0 -999.0 -999.0 -999 -999 "" "" "" "" 0 0 0.0 0.0 -999 ""
FIBERMAP 964 R+8C14 BOSS 0 0 0 1 0 0 90.9617504080272 162.90083461730924 143.1 90.9617504080272 162.90083461730924 9.994823 170.00755 -999.0 -999.0 -999.0 -999.0 -999.0 -999.0 -999.0 -999.0 -999.0 -999.0 -999.0 -999.0 5400.0 -999.0 1 161 {-999.0 -999.0 -999.0 -999.0 -999.0} "" -999.0 -999.0 -999.0 -999.0 -999 -999 "" "" "" "" 0 0 0.0 0.0 -999 ""
FIBERMAP 964 R+8C14 METROLOGY 1 0 0 1 0 0 90.57842248560863 162.25082892790093 143.1 90.57842248560863 162.25082892790093 9.994823 170.00755 -999.0 -999.0 -999.0 -999.0 -999.0 -999.0 -999.0 -999.0 -999.0 -999.0 -999.0 -999.0 6231.0 -999.0 -1 -999 {-999.0 -999.0 -999.0 -999.0 -999.0} "" -999.0 -999.0 -999.0 -999.0 -999 -999 "" "" "" "" 0 0 0.0 0.0 -999 ""
FIBERMAP 965 R+5C15 APOGEE 0 0 0 1 0 0 79.00290621086518 104.57475533332541 143.1 79.00290621086518 104.57475533332541 10.005139 170.0013 -999.0 -999.0 -999.0 -999.0 -999.0 -999.0 -999.0 -999.0 -999.0 -999.0 -999.0 -999.0 16600.0 -999.0 2 -999 {-999.0 -999.0 -999.0 -999.0 -999.0} "" -999.0 -999.0 -999.0 -999.0 -999 -999 "" "" "" "" 0 0 0.0 0.0 -999 ""
FIBERMAP 965 R+5C15 BOSS 0 0 0 1 0 0 79.74977544557204 104.59546379619266 143.1 79.74977544557204 104.59546379619266 10.005139 170.0013 -999.0 -999.0 -999.0 -999.0 -999.0 -999.0 -999.0 -999.0 -999.0 -999.0 -999.0 -999.0 5400.0 -999.0 1 213 {-999.0 -999.0 -999.0 -999.0 -999.0} "" -999.0 -999.0 -999.0 -999.0 -999 -999 "" "" "" "" 0 0 0.0 0.0 -999 ""
FIBERMAP 965 R+5C15 METROLOGY 1 0 0 1 0 0 79.3984038150893 103.94210722768943 143.1 79.3984038150893 103.94210722768943 10.005139 170.0013 -999.0 -999.0 -999.0 -999.0 -999.0 -999.0 -999.0 -999.0 -999.0 -999.0 -999.0 -999.0 6231.0 -999.0 -1 -999 {-999.0 -999.0 -999.0 -999.0 -999.0} "" -999.0 -999.0 -999.0 -999.0 -999 -999 "" "" "" "" 0 0 0.0 0.0 -999 ""
FIBERMAP 971 R+4C2 APOGEE 0 0 0 1 0 0 -223.39910760103714 85.14615253349483 143.1 -223.39910760103714 85.14615253349483 9.990009 170.00089 -999.0 -999.0 -999.0 -999.0 -999.0 -999.0 -999.0 -999.0 -999.0 -999.0 -999.0 -999.0 16600.0 -999.0 2 -999 {-999.0 -999.0 -999.0 -999.0 -999.0} "" -999.0 -999.0 -999.0 -999.0 -999 -999 "" "" "" "" 0 0 0.0 0.0 -999 ""
FIBERMAP 971 R+4C2 BOSS 0 0 0 1 0 0 -222.65061321500556 85.14804831382243 143.1 -222.65061321500556 85.14804831382243 9.990009 170.00089 -999.0 -999.0 -999.0 -999.0 -999.0 -999.0 -999.0 -999.0 -999.0 -999.0 -999.0 -999.0 5400.0 -999.0 1 72 {-999.0 -999.0 -999.0 -999.0 -999.0} "" -999.0 -999.0 -999.0 -999.0 -999 -999 "" "" "" "" 0 0 0.0 0.0 -999 ""
FIBERMAP 971 R+4C2 METROLOGY 1 0 0 1 0 0 -223.01648353571693 84.50563648752124 143.1 -223.01648353571693 84.50563648752124 9.990009 170.00089 -999.0 -999.0 -999.0 -999.0 -999.0 -999.0 -999.0 -999.0 -999.0 -999.0 -999.0 -999.0 6231.0 -999.0 -1 -999 {-999.0 -999.0 -999.0 -999.0 -999.0} "" -999.0 -999.0 -999.0 -999.0 -999 -999 "" "" "" "" 0 0 0.0 0.0 -999 ""
FIBERMAP 973 R+9C14 APOGEE 0 0 0 1 0 0 101.37986303763032 182.14958580785878 143.1 101.37986303763032 182.14958580785878 10.003869 170.01176 -999.0 -999.0 -999.0 -999.0 -999.0 -999.0 -999.0 -999.0 -999.0 -999.0 -999.0 -999.0 16600.0 -999.0 2 39 {-999.0 -999.0 -999.0 -999.0 -999.0} "" -999.0 -999.0 -999.0 -999.0 -999 -999 "" "" "" "" 0 0 0.0 0.0 -999 ""
FIBERMAP 973 R+9C14 BOSS 0 0 0 1 0 0 102.12929631972233 182.1805052197211 143.1 102.12929631972233 182.1805052197211 10.003869 170.01176 -999.0 -999.0 -999.0 -999.0 -999.0 -999.0 -999.0 -999.0 -999.0 -999.0 -999.0 -999.0 5400.0 -999.0 1 162 {-999.0 -999.0 -999.0 -999.0 -999.0} "" -999.0 -999.0 -999.0 -999.0 -999 -999 "" "" "" "" 0 0 0.0 0.0 -999 ""
FIBERMAP 973 R+9C14 METROLOGY 1 0 0 1 0 0 101.77093860000655 181.51831935603877 143.1 101.77093860000655 181.51831935603877 10.003869 170.01176 -999.0 -999.0 -999.0 -999.0 -999.0 -999.0 -999.0 -999.0 -999.0 -999.0 -999.0 -999.0 6231.0 -999.0 -1 -999 {-999.0 -999.0 -999.0 -999.0 -999.0} "" -999.0 -999.0 -999.0 -999.0 -999 -999 "" "" "" "" 0 0 0.0 0.0 -999 ""
FIBERMAP 975 R-1C21 APOGEE 0 0 0 1 0 0 168.68198364664136 -11.891491826001978 143.1 168.68198364664136 -11.891491826001978 10.002576 170.0217 -999.0 -999.0 -999.0 -999.0 -999.0 -999.0 -999.0 -999.0 -999.0 -999.0 -999.0 -999.0 16600.0 -999.0 2 -999 {-999.0 -999.0 -999.0 -999.0 -999.0} "" -999.0 -999.0 -999.0 -999.0 -999 -999 "" "" "" "" 0 0 0.0 0.0 -999 ""
FIBERMAP 975 R-1C21 BOSS 0 0 0 1 0 0 169.40080656732917 -11.862149839146952 143.1 169.40080656732917 -11.862149839146952 10.002576 170.0217 -999.0 -999.0 -999.0 -999.0 -999.0 -999.0 -999.0 -999.0 -999.0 -999.0 -999.0 -999.0 5400.0 -999.0 1 270 {-999.0 -999.0 -999.0 -999.0 -999.0} "" -999.0 -999.0 -999.0 -999.0 -999 -999 "" "" "" "" 0 0 0.0 0.0 -999 ""
FIBERMAP 975 R-1C21 METROLOGY 1 0 0 1 0 0 169.06153156915136 -12.5338354684786 143.1 169.06153156915136 -12.5338354684786 10.002576 170.0217 -999.0 -999.0 -999.0 -999.0 -999.0 -999.0 -999.0 -999.0 -999.0 -999.0 -999.0 -999.0 6231.0 -999.0 -1 -999 {-999.0 -999.0 -999.0 -999.0 -999.0} "" -999.0 -999.0 -999.0 -999.0 -999 -999 "" "" "" "" 0 0 0.0 0.0 -999 ""
FIBERMAP 979 R+3C7 APOGEE 0 0 0 1 0 0 -122.63567668915361 65.7363305293357 143.1 -122.63567668915361 65.7363305293357 10.008768 170.00508 -999.0 -999.0 -999.0 -999.0 -999.0 -999.0 -999.0 -999.0 -999.0 -999.0 -999.0 -999.0 16600.0 -999.0 2 125 {-999.0 -999.0 -999.0 -999.0 -999.0} "" -999.0 -999.0 -999.0 -999.0 -999 -999 "" "" "" "" 0 0 0.0 0.0 -999 ""
FIBERMAP 979 R+3C7 BOSS 0 0 0 1 0 0 -121.89564299338033 65.73473218016508 143.1 -121.89564299338033 65.73473218016508 10.008768 170.00508 -999.0 -999.0 -999.0 -999.0 -999.0 -999.0 -999.0 -999.0 -999.0 -999.0 -999.0 -999.0 5400.0 -999.0 1 43 {-999.0 -999.0 -999.0 -999.0 -999.0} "" -999.0 -999.0 -999.0 -999.0 -999 -999 "" "" "" "" 0 0 0.0 0.0 -999 ""
FIBERMAP 979 R+3C7 METROLOGY 1 0 0 1 0 0 -122.26003045363568 65.09039300589842 143.1 -122.26003045363568 65.09039300589842 10.008768 170.00508 -999.0 -999.0 -999.0 -999.0 -999.0 -999.0 -999.0 -999.0 -999.0 -999.0 -999.0 -999.0 6231.0 -999.0 -1 -999 {-999.0 -999.0 -999.0 -999.0 -999.0} "" -999.0 -999.0 -999.0 -999.0 -999 -999 "" "" "" "" 0 0 0.0 0.0 -999 ""
FIBERMAP 983 R+6C5 APOGEE 0 0 0 1 0 0 -134.00768294650175 123.97814036197767 143.1 -134.00768294650175 123.97814036197767 9.992752 169.9979 -999.0 -999.0 -999.0 -999.0 -999.0 -999.0 -999.0 -999.0 -999.0 -999.0 -999.0 -999.0 16600.0 -999.0 2 150 {-999.0 -999.0 -999.0 -999.0 -999.0} "" -999.0 -999.0 -999.0 -999.0 -999 -999 "" "" "" "" 0 0 0.0 0.0 -999 ""
FIBERMAP 983 R+6C5 BOSS 0 0 0 1 0 0 -133.25736696746097 123.9993014541649 143.1 -133.25736696746097 123.9993014541649 9.992752 169.9979 -999.0 -999.0 -999.0 -999.0 -999.0 -999.0 -999.0 -999.0 -999.0 -999.0 -999.0 -999.0 5400.0 -999.0 1 49 {-999.0 -999.0 -999.0 -999.0 -999.0} "" -999.0 -999.0 -999.0 -999.0 -999 -999 "" "" "" "" 0 0 0.0 0.0 -999 ""
FIBERMAP 983 R+6C5 METROLOGY 1 0 0 1 0 0 -133.61504532809172 123.33926667217189 143.1 -133.61504532809172 123.33926667217189 9.992752 169.9979 -999.0 -999.0 -999.0 -999.0 -999.0 -999.0 -999.0 -999.0 -999.0 -999.0 -999.0 -999.0 6231.0 -999.0 -1 -999 {-999.0 -999.0 -999.0 -999.0 -999.0} "" -999.0 -999.0 -999.0 -999.0 -999 -999 "" "" "" "" 0 0 0.0 0.0 -999 ""
FIBERMAP 985 R+9C10 APOGEE 0 0 0 1 0 0 11.885347669755951 182.25234187528713 143.1 11.885347669755951 182.25234187528713 10.0087185 170.00073 -999.0 -999.0 -999.0 -999.0 -999.0 -999.0 -999.0 -999.0 -999.0 -999.0 -999.0 -999.0 16600.0 -999.0 2 10 {-999.0 -999.0 -999.0 -999.0 -999.0} "" -999.0 -999.0 -999.0 -999.0 -999 -999 "" "" "" "" 0 0 0.0 0.0 -999 ""
FIBERMAP 985 R+9C10 BOSS 0 0 0 1 0 0 12.621950535750827 182.25596743634262 143.1 12.621950535750827 182.25596743634262 10.0087185 170.00073 -999.0 -999.0 -999.0 -999.0 -999.0 -999.0 -999.0 -999.0 -999.0 -999.0 -999.0 -999.0 5400.0 -999.0 1 126 {-999.0 -999.0 -999.0 -999.0 -999.0} "" -999.0 -999.0 -999.0 -999.0 -999 -999 "" "" "" "" 0 0 0.0 0.0 -999 ""
FIBERMAP 985 R+9C10 METROLOGY 1 0 0 1 0 0 12.251547241252009 181.60200602292656 143.1 12.251547241252009 181.60200602292656 10.0087185 170.00073 -999.0 -999.0 -999.0 -999.0 -999.0 -999.0 -999.0 -999.0 -999.0 -999.0 -999.0 -999.0 6231.0 -999.0 -1 -999 {-999.0 -999.0 -999.0 -999.0 -999.0} "" -999.0 -999.0 -999.0 -999.0 -999 -999 "" "" "" "" 0 0 0.0 0.0 -999 ""
FIBERMAP 986 R+2C13 APOGEE 0 0 0 1 0 0 0.5903407293825738 46.38987530276058 143.1 0.5903407293825738 46.38987530276058 9.999181 169.96126 -999.0 -999.0 -999.0 -999.0 -999.0 -999.0 -999.0 -999.0 -999.0 -999.0 -999.0 -999.0 16600.0 -999.0 2 -999 {-999.0 -999.0 -999.0 -999.0 -999.0} "" -999.0 -999.0 -999.0 -999.0 -999 -999 "" "" "" "" 0 0 0.0 0.0 -999 ""
FIBERMAP 986 R+2C13 BOSS 0 0 0 1 0 0 1.343463013491466 46.38975360487345 143.1 1.343463013491466 46.38975360487345 9.999181 169.96126 -999.0 -999.0 -999.0 -999.0 -999.0 -999.0 -999.0 -999.0 -999.0 -999.0 -999.0 -999.0 5400.0 -999.0 1 105 {-999.0 -999.0 -999.0 -999.0 -999.0} "" -999.0 -999.0 -999.0 -999.0 -999 -999 "" "" "" "" 0 0 0.0 0.0 -999 ""
FIBERMAP 986 R+2C13 METROLOGY 1 0 0 1 0 0 0.9736694045504025 45.749780694670584 143.1 0.9736694045504025 45.749780694670584 9.999181 169.96126 -999.0 -999.0 -999.0 -999.0 -999.0 -999.0 -999.0 -999.0 -999.0 -999.0 -999.0 -999.0 6231.0 -999.0 -1 -999 {-999.0 -999.0 -999.0 -999.0 -999.0} "" -999.0 -999.0 -999.0 -999.0 -999 -999 "" "" "" "" 0 0 0.0 0.0 -999 ""
FIBERMAP 988 R+7C6 APOGEE 0 0 0 1 0 0 -100.30598608136516 143.3461247487137 143.1 -100.30598608136516 143.3461247487137 9.991721 169.98972 -999.0 -999.0 -999.0 -999.0 -999.0 -999.0 -999.0 -999.0 -999.0 -999.0 -999.0 -999.0 16600.0 -999.0 2 -999 {-999.0 -999.0 -999.0 -999.0 -999.0} "" -999.0 -999.0 -999.0 -999.0 -999 -999 "" "" "" "" 0 0 0.0 0.0 -999 ""
FIBERMAP 988 R+7C6 BOSS 0 0 0 1 0 0 -99.45223798323879 143.2922247109325 143.1 -99.45223798323879 143.2922247109325 9.991721 169.98972 -999.0 -999.0 -999.0 -999.0 -999.0 -999.0 -999.0 -999.0 -999.0 -999.0 -999.0 -999.0 5400.0 -999.0 1 67 {-999.0 -999.0 -999.0 -999.0 -999.0} "" -999.0 -999.0 -999.0 -999.0 -999 -999 "" "" "" "" 0 0 0.0 0.0 -999 ""
FIBERMAP 988 R+7C6 METROLOGY 1 0 0 1 0 0 -99.92338791942652 142.70559322958837 143.1 -99.92338791942652 142.70559322958837 9.991721 169.98972 -999.0 -999.0 -999.0 -999.0 -999.0 -999.0 -999.0 -999.0 -999.0 -999.0 -999.0 -999.0 6231.0 -999.0 -1 -999 {-999.0 -999.0 -999.0 -999.0 -999.0} "" -999.0 -999.0 -999.0 -999.0 -999 -999 "" "" "" "" 0 0 0.0 0.0 -999 ""
FIBERMAP 990 R+4C7 APOGEE 0 0 0 1 0 0 -111.70161288113022 85.10900184969758 143.1 -111.70161288113022 85.10900184969758 9.989683 170.00824 -999.0 -999.0 -999.0 -999.0 -999.0 -999.0 -999.0 -999.0 -999.0 -999.0 -999.0 -999.0 16600.0 -999.0 2 95 {-999.0 -999.0 -999.0 -999.0 -999.0} "" -999.0 -999.0 -999.0 -999.0 -999 -999 "" "" "" "" 0 0 0.0 0.0 -999 ""
FIBERMAP 990 R+4C7 BOSS 0 0 0 1 0 0 -110.95830564169704 85.13675286264946 143.1 -110.95830564169704 85.13675286264946 9.989683 170.00824 -999.0 -999.0 -999.0 -999.0 -999.0 -999.0 -999.0 -999.0 -999.0 -999.0 -999.0 -999.0 5400.0 -999.0 1 51 {-999.0 -999.0 -999.0 -999.0 -999.0} "" -999.0 -999.0 -999.0 -999.0 -999 -999 "" "" "" "" 0 0 0.0 0.0 -999 ""
FIBERMAP 990 R+4C7 METROLOGY 1 0 0 1 0 0 -111.29786299613978 84.47685979890589 143.1 -111.29786299613978 84.47685979890589 9.989683 170.00824 -999.0 -999.0 -999.0 -999.0 -999.0 -999.0 -999.0 -999.0 -999.0 -999.0 -999.0 -999.0 6231.0 -999.0 -1 -999 {-999.0 -999.0 -999.0 -999.0 -999.0} "" -999.0 -999.0 -999.0 -999.0 -999 -999 "" "" "" "" 0 0 0.0 0.0 -999 ""
FIBERMAP 991 R-3C20 APOGEE 0 0 0 1 0 0 168.65009391906685 -50.814342742943744 143.1 168.65009391906685 -50.814342742943744 10.017869 170.00905 -999.0 -999.0 -999.0 -999.0 -999.0 -999.0 -999.0 -999.0 -999.0 -999.0 -999.0 -999.0 16600.0 -999.0 2 226 {-999.0 -999.0 -999.0 -999.0 -999.0} "" -999.0 -999.0 -999.0 -999.0 -999 -999 "" "" "" "" 0 0 0.0 0.0 -999 ""
FIBERMAP 991 R-3C20 BOSS 0 0 0 1 0 0 169.38845046351244 -50.802723872330574 143.1 169.38845046351244 -50.802723872330574 10.017869 170.00905 -999.0 -999.0 -999.0 -999.0 -999.0 -999.0 -999.0 -999.0 -999.0 -999.0 -999.0 -999.0 5400.0 -999.0 1 290 {-999.0 -999.0 -999.0 -999.0 -999.0} "" -999.0 -999.0 -999.0 -999.0 -999 -999 "" "" "" "" 0 0 0.0 0.0 -999 ""
FIBERMAP 991 R-3C20 METROLOGY 1 0 0 1 0 0 169.035352727407 -51.453964643200614 143.1 169.035352727407 -51.453964643200614 10.017869 170.00905 -999.0 -999.0 -999.0 -999.0 -999.0 -999.0 -999.0 -999.0 -999.0 -999.0 -999.0 -999.0 6231.0 -999.0 -1 -999 {-999.0 -999.0 -999.0 -999.0 -999.0} "" -999.0 -999.0 -999.0 -999.0 -999 -999 "" "" "" "" 0 0 0.0 0.0 -999 ""
FIBERMAP 994 R+7C2 APOGEE 0 0 0 1 0 0 -189.80811417566713 143.28808872893484 143.1 -189.80811417566713 143.28808872893484 10.002624 169.98775 -999.0 -999.0 -999.0 -999.0 -999.0 -999.0 -999.0 -999.0 -999.0 -999.0 -999.0 -999.0 16600.0 -999.0 2 -999 {-999.0 -999.0 -999.0 -999.0 -999.0} "" -999.0 -999.0 -999.0 -999.0 -999 -999 "" "" "" "" 0 0 0.0 0.0 -999 ""
FIBERMAP 994 R+7C2 BOSS 0 0 0 1 0 0 -189.053676881253 143.31780849572058 143.1 -189.053676881253 143.31780849572058 10.002624 169.98775 -999.0 -999.0 -999.0 -999.0 -999.0 -999.0 -999.0 -999.0 -999.0 -999.0 -999.0 -999.0 5400.0 -999.0 1 70 {-999.0 -999.0 -999.0 -999.0 -999.0} "" -999.0 -999.0 -999.0 -999.0 -999 -999 "" "" "" "" 0 0 0.0 0.0 -999 ""
FIBERMAP 994 R+7C2 METROLOGY 1 0 0 1 0 0 -189.42124696355515 142.6501265508204 143.1 -189.42124696355515 142.6501265508204 10.002624 169.98775 -999.0 -999.0 -999.0 -999.0 -999.0 -999.0 -999.0 -999.0 -999.0 -999.0 -999.0 -999.0 6231.0 -999.0 -1 -999 {-999.0 -999.0 -999.0 -999.0 -999.0} "" -999.0 -999.0 -999.0 -999.0 -999 -999 "" "" "" "" 0 0 0.0 0.0 -999 ""
FIBERMAP 996 R-6C15 APOGEE 0 0 0 1 0 0 90.3244168415479 -108.97759197619621 143.1 90.3244168415479 -108.97759197619621 10.006261 170.00395 -999.0 -999.0 -999.0 -999.0 -999.0 -999.0 -999.0 -999.0 -999.0 -999.0 -999.0 -999.0 16600.0 -999.0 2 183 {-999.0 -999.0 -999.0 -999.0 -999.0} "" -999.0 -999.0 -999.0 -999.0 -999 -999 "" "" "" "" 0 0 0.0 0.0 -999 ""
FIBERMAP 996 R-6C15 BOSS 0 0 0 1 0 0 91.07017439911708 -108.9956160290933 143.1 91.07017439911708 -108.9956160290933 10.006261 170.00395 -999.0 -999.0 -999.0 -999.0 -999.0 -999.0 -999.0 -999.0 -999.0 -999.0 -999.0 -999.0 5400.0 -999.0 1 316 {-999.0 -999.0 -999.0 -999.0 -999.0} "" -999.0 -999.0 -999.0 -999.0 -999 -999 "" "" "" "" 0 0 0.0 0.0 -999 ""
FIBERMAP 996 R-6C15 METROLOGY 1 0 0 1 0 0 90.67896853824885 -109.6427501565293 143.1 90.67896853824885 -109.6427501565293 10.006261 170.00395 -999.0 -999.0 -999.0 -999.0 -999.0 -999.0 -999.0 -999.0 -999.0 -999.0 -999.0 -999.0 6231.0 -999.0 -1 -999 {-999.0 -999.0 -999.0 -999.0 -999.0} "" -999.0 -999.0 -999.0 -999.0 -999 -999 "" "" "" "" 0 0 0.0 0.0 -999 ""
FIBERMAP 999 R0C27 APOGEE 0 0 0 1 0 0 291.810469028618 7.590768330916165 143.1 291.810469028618 7.590768330916165 10.01348 169.99211 -999.0 -999.0 -999.0 -999.0 -999.0 -999.0 -999.0 -999.0 -999.0 -999.0 -999.0 -999.0 16600.0 -999.0 2 -999 {-999.0 -999.0 -999.0 -999.0 -999.0} "" -999.0 -999.0 -999.0 -999.0 -999 -999 "" "" "" "" 0 0 0.0 0.0 -999 ""
FIBERMAP 999 R0C27 BOSS 0 0 0 1 0 0 292.54410376732363 7.61102837250603 143.1 292.54410376732363 7.61102837250603 10.01348 169.99211 -999.0 -999.0 -999.0 -999.0 -999.0 -999.0 -999.0 -999.0 -999.0 -999.0 -999.0 -999.0 5400.0 -999.0 1 174 {-999.0 -999.0 -999.0 -999.0 -999.0} "" -999.0 -999.0 -999.0 -999.0 -999 -999 "" "" "" "" 0 0 0.0 0.0 -999 ""
FIBERMAP 999 R0C27 METROLOGY 1 0 0 1 0 0 292.1947724080857 6.951258445893694 143.1 292.1947724080857 6.951258445893694 10.01348 169.99211 -999.0 -999.0 -999.0 -999.0 -999.0 -999.0 -999.0 -999.0 -999.0 -999.0 -999.0 -999.0 6231.0 -999.0 -1 -999 {-999.0 -999.0 -999.0 -999.0 -999.0} "" -999.0 -999.0 -999.0 -999.0 -999 -999 "" "" "" "" 0 0 0.0 0.0 -999 ""
FIBERMAP 1004 R-13C1 APOGEE 0 0 0 1 0 0 -144.97939133172403 -244.64334227559345 143.1 -144.97939133172403 -244.64334227559345 10.018691 169.99646 -999.0 -999.0 -999.0 -999.0 -999.0 -999.0 -999.0 -999.0 -999.0 -999.0 -999.0 -999.0 16600.0 -999.0 2 199 {-999.0 -999.0 -999.0 -999.0 -999.0} "" -999.0 -999.0 -999.0 -999.0 -999 -999 "" "" "" "" 0 0 0.0 0.0 -999 ""
FIBERMAP 1004 R-13C1 BOSS 0 0 0 1 0 0 -144.2431246633957 -244.62778713759764 143.1 -144.2431246633957 -244.62778713759764 10.018691 169.99646 -999.0 -999.0 -999.0 -999.0 -999.0 -999.0 -999.0 -999.0 -999.0 -999.0 -999.0 -999.0 5400.0 -999.0 1 340 {-999.0 -999.0 -999.0 -999.0 -999.0} "" -999.0 -999.0 -999.0 -999.0 -999 -999 "" "" "" "" 0 0 0.0 0.0 -999 ""
FIBERMAP 1004 R-13C1 METROLOGY 1 0 0 1 0 0 -144.58900257686673 -245.2861590860943 143.1 -144.58900257686673 -245.2861590860943 10.018691 169.99646 -999.0 -999.0 -999.0 -999.0 -999.0 -999.0 -999.0 -999.0 -999.0 -999.0 -999.0 -999.0 6231.0 -999.0 -1 -999 {-999.0 -999.0 -999.0 -999.0 -999.0} "" -999.0 -999.0 -999.0 -999.0 -999 -999 "" "" "" "" 0 0 0.0 0.0 -999 ""
FIBERMAP 1009 R-13C2 APOGEE 0 0 0 1 0 0 -122.2445699986583 -244.5076761775485 143.1 -122.2445699986583 -244.5076761775485 10.000222 169.99875 -999.0 -999.0 -999.0 -999.0 -999.0 -999.0 -999.0 -999.0 -999.0 -999.0 -999.0 -999.0 16600.0 -999.0 2 190 {-999.0 -999.0 -999.0 -999.0 -999.0} "" -999.0 -999.0 -999.0 -999.0 -999 -999 "" "" "" "" 0 0 0.0 0.0 -999 ""
FIBERMAP 1009 R-13C2 BOSS 0 0 0 1 0 0 -121.50456740899304 -244.51244302245942 143.1 -121.50456740899304 -244.51244302245942 10.000222 169.99875 -999.0 -999.0 -999.0 -999.0 -999.0 -999.0 -999.0 -999.0 -999.0 -999.0 -999.0 -999.0 5400.0 -999.0 1 341 {-999.0 -999.0 -999.0 -999.0 -999.0} "" -999.0 -999.0 -999.0 -999.0 -999 -999 "" "" "" "" 0 0 0.0 0.0 -999 ""
FIBERMAP 1009 R-13C2 METROLOGY 1 0 0 1 0 0 -121.88342762496242 -245.1603689945201 143.1 -121.88342762496242 -245.1603689945201 10.000222 169.99875 -999.0 -999.0 -999.0 -999.0 -999.0 -999.0 -999.0 -999.0 -999.0 -999.0 -999.0 -999.0 6231.0 -999.0 -1 -999 {-999.0 -999.0 -999.0 -999.0 -999.0} "" -999.0 -999.0 -999.0 -999.0 -999 -999 "" "" "" "" 0 0 0.0 0.0 -999 ""
FIBERMAP 1011 R+6C3 APOGEE 0 0 0 1 0 0 -178.74538246055113 124.00612001101472 143.1 -178.74538246055113 124.00612001101472 10.006343 170.00375 -999.0 -999.0 -999.0 -999.0 -999.0 -999.0 -999.0 -999.0 -999.0 -999.0 -999.0 -999.0 16600.0 -999.0 2 126 {-999.0 -999.0 -999.0 -999.0 -999.0} "" -999.0 -999.0 -999.0 -999.0 -999 -999 "" "" "" "" 0 0 0.0 0.0 -999 ""
FIBERMAP 1011 R+6C3 BOSS 0 0 0 1 0 0 -178.00783406910256 124.00749878874431 143.1 -178.00783406910256 124.00749878874431 10.006343 170.00375 -999.0 -999.0 -999.0 -999.0 -999.0 -999.0 -999.0 -999.0 -999.0 -999.0 -999.0 -999.0 5400.0 -999.0 1 27 {-999.0 -999.0 -999.0 -999.0 -999.0} "" -999.0 -999.0 -999.0 -999.0 -999 -999 "" "" "" "" 0 0 0.0 0.0 -999 ""
FIBERMAP 1011 R+6C3 METROLOGY 1 0 0 1 0 0 -178.3677646431852 123.3535221526401 143.1 -178.3677646431852 123.3535221526401 10.006343 170.00375 -999.0 -999.0 -999.0 -999.0 -999.0 -999.0 -999.0 -999.0 -999.0 -999.0 -999.0 -999.0 6231.0 -999.0 -1 -999 {-999.0 -999.0 -999.0 -999.0 -999.0} "" -999.0 -999.0 -999.0 -999.0 -999 -999 "" "" "" "" 0 0 0.0 0.0 -999 ""
FIBERMAP 1012 R+1C12 APOGEE 0 0 0 1 0 0 -32.98128812033859 26.9843007984311 143.1 -32.98128812033859 26.9843007984311 10.01049 170.01173 -999.0 -999.0 -999.0 -999.0 -999.0 -999.0 -999.0 -999.0 -999.0 -999.0 -999.0 -999.0 16600.0 -999.0 2 -999 {-999.0 -999.0 -999.0 -999.0 -999.0} "" -999.0 -999.0 -999.0 -999.0 -999 -999 "" "" "" "" 0 0 0.0 0.0 -999 ""
FIBERMAP 1012 R+1C12 BOSS 0 0 0 1 0 0 -32.21888903661629 26.996119823367298 143.1 -32.21888903661629 26.996119823367298 10.01049 170.01173 -999.0 -999.0 -999.0 -999.0 -999.0 -999.0 -999.0 -999.0 -999.0 -999.0 -999.0 -999.0 5400.0 -999.0 1 22 {-999.0 -999.0 -999.0 -999.0 -999.0} "" -999.0 -999.0 -999.0 -999.0 -999 -999 "" "" "" "" 0 0 0.0 0.0 -999 ""
FIBERMAP 1012 R+1C12 METROLOGY 1 0 0 1 0 0 -32.59507978203846 26.345939537122703 143.1 -32.59507978203846 26.345939537122703 10.01049 170.01173 -999.0 -999.0 -999.0 -999.0 -999.0 -999.0 -999.0 -999.0 -999.0 -999.0 -999.0 -999.0 6231.0 -999.0 -1 -999 {-999.0 -999.0 -999.0 -999.0 -999.0} "" -999.0 -999.0 -999.0 -999.0 -999 -999 "" "" "" "" 0 0 0.0 0.0 -999 ""
FIBERMAP 1013 R+10C15 APOGEE 0 0 0 1 0 0 134.79228211907426 201.56349038734328 143.1 134.79228211907426 201.56349038734328 10.003068 170.0079 -999.0 -999.0 -999.0 -999.0 -999.0 -999.0 -999.0 -999.0 -999.0 -999.0 -999.0 -999.0 16600.0 -999.0 2 68 {-999.0 -999.0 -999.0 -999.0 -999.0} "" -999.0 -999.0 -999.0 -999.0 -999 -999 "" "" "" "" 0 0 0.0 0.0 -999 ""
FIBERMAP 1013 R+10C15 BOSS 0 0 0 1 0 0 135.53275489244834 201.59189250383278 143.1 135.53275489244834 201.59189250383278 10.003068 170.0079 -999.0 -999.0 -999.0 -999.0 -999.0 -999.0 -999.0 -999.0 -999.0 -999.0 -999.0 -999.0 5400.0 -999.0 1 228 {-999.0 -999.0 -999.0 -999.0 -999.0} "" -999.0 -999.0 -999.0 -999.0 -999 -999 "" "" "" "" 0 0 0.0 0.0 -999 ""
FIBERMAP 1013 R+10C15 METROLOGY 1 0 0 1 0 0 135.19784777206274 200.92956685675796 143.1 135.19784777206274 200.92956685675796 10.003068 170.0079 -999.0 -999.0 -999.0 -999.0 -999.0 -999.0 -999.0 -999.0 -999.0 -999.0 -999.0 -999.0 6231.0 -999.0 -1 -999 {-999.0 -999.0 -999.0 -999.0 -999.0} "" -999.0 -999.0 -999.0 -999.0 -999 -999 "" "" "" "" 0 0 0.0 0.0 -999 ""
FIBERMAP 1016 R+1C16 APOGEE 0 0 0 1 0 0 56.51222774689293 26.97229555886459 143.1 56.51222774689293 26.97229555886459 9.99012 170.00024 -999.0 -999.0 -999.0 -999.0 -999.0 -999.0 -999.0 -999.0 -999.0 -999.0 -999.0 -999.0 16600.0 -999.0 2 51 {-999.0 -999.0 -999.0 -999.0 -999.0} "" -999.0 -999.0 -999.0 -999.0 -999 -999 "" "" "" "" 0 0 0.0 0.0 -999 ""
FIBERMAP 1016 R+1C16 BOSS 0 0 0 1 0 0 57.25360044094683 26.988646757624927 143.1 57.25360044094683 26.988646757624927 9.99012 170.00024 -999.0 -999.0 -999.0 -999.0 -999.0 -999.0 -999.0 -999.0 -999.0 -999.0 -999.0 -999.0 5400.0 -999.0 1 190 {-999.0 -999.0 -999.0 -999.0 -999.0} "" -999.0 -999.0 -999.0 -999.0 -999 -999 "" "" "" "" 0 0 0.0 0.0 -999 ""
FIBERMAP 1016 R+1C16 METROLOGY 1 0 0 1 0 0 56.90153440073953 26.32643625725375 143.1 56.90153440073953 26.32643625725375 9.99012 170.00024 -999.0 -999.0 -999.0 -999.0 -999.0 -999.0 -999.0 -999.0 -999.0 -999.0 -999.0 -999.0 6231.0 -999.0 -1 -999 {-999.0 -999.0 -999.0 -999.0 -999.0} "" -999.0 -999.0 -999.0 -999.0 -999 -999 "" "" "" "" 0 0 0.0 0.0 -999 ""
FIBERMAP 1017 R+5C18 APOGEE 0 0 0 1 0 0 146.158946771242 104.72570595016354 143.1 146.158946771242 104.72570595016354 10.007961 170.01253 -999.0 -999.0 -999.0 -999.0 -999.0 -999.0 -999.0 -999.0 -999.0 -999.0 -999.0 -999.0 16600.0 -999.0 2 70 {-999.0 -999.0 -999.0 -999.0 -999.0} "" -999.0 -999.0 -999.0 -999.0 -999 -999 "" "" "" "" 0 0 0.0 0.0 -999 ""
FIBERMAP 1017 R+5C18 BOSS 0 0 0 1 0 0 146.86611686816622 104.58052665328876 143.1 146.86611686816622 104.58052665328876 10.007961 170.01253 -999.0 -999.0 -999.0 -999.0 -999.0 -999.0 -999.0 -999.0 -999.0 -999.0 -999.0 -999.0 5400.0 -999.0 1 209 {-999.0 -999.0 -999.0 -999.0 -999.0} "" -999.0 -999.0 -999.0 -999.0 -999 -999 "" "" "" "" 0 0 0.0 0.0 -999 ""
FIBERMAP 1017 R+5C18 METROLOGY 1 0 0 1 0 0 146.3867715441647 104.01551356925519 143.1 146.3867715441647 104.01551356925519 10.007961 170.01253 -999.0 -999.0 -999.0 -999.0 -999.0 -999.0 -999.0 -999.0 -999.0 -999.0 -999.0 -999.0 6231.0 -999.0 -1 -999 {-999.0 -999.0 -999.0 -999.0 -999.0} "" -999.0 -999.0 -999.0 -999.0 -999 -999 "" "" "" "" 0 0 0.0 0.0 -999 ""
FIBERMAP 1018 R-1C8 APOGEE 0 0 0 1 0 0 -122.50669829244721 -11.862496978672098 143.1 -122.50669829244721 -11.862496978672098 10.003555 170.00809 -999.0 -999.0 -999.0 -999.0 -999.0 -999.0 -999.0 -999.0 -999.0 -999.0 -999.0 -999.0 16600.0 -999.0 2 -999 {-999.0 -999.0 -999.0 -999.0 -999.0} "" -999.0 -999.0 -999.0 -999.0 -999 -999 "" "" "" "" 0 0 0.0 0.0 -999 ""
FIBERMAP 1018 R-1C8 BOSS 0 0 0 1 0 0 -121.76598246642963 -11.85583851109719 143.1 -121.76598246642963 -11.85583851109719 10.003555 170.00809 -999.0 -999.0 -999.0 -999.0 -999.0 -999.0 -999.0 -999.0 -999.0 -999.0 -999.0 -999.0 5400.0 -999.0 1 482 {-999.0 -999.0 -999.0 -999.0 -999.0} "" -999.0 -999.0 -999.0 -999.0 -999 -999 "" "" "" "" 0 0 0.0 0.0 -999 ""
FIBERMAP 1018 R-1C8 METROLOGY 1 0 0 1 0 0 -122.13020793149613 -12.506637482462015 143.1 -122.13020793149613 -12.506637482462015 10.003555 170.00809 -999.0 -999.0 -999.0 -999.0 -999.0 -999.0 -999.0 -999.0 -999.0 -999.0 -999.0 -999.0 6231.0 -999.0 -1 -999 {-999.0 -999.0 -999.0 -999.0 -999.0} "" -999.0 -999.0 -999.0 -999.0 -999 -999 "" "" "" "" 0 0 0.0 0.0 -999 ""
FIBERMAP 1019 R+3C24 APOGEE 0 0 0 1 0 0 257.93761101963327 65.80613311190889 143.1 257.93761101963327 65.80613311190889 10.007758 170.02159 -999.0 -999.0 -999.0 -999.0 -999.0 -999.0 -999.0 -999.0 -999.0 -999.0 -999.0 -999.0 16600.0 -999.0 2 84 {-999.0 -999.0 -999.0 -999.0 -999.0} "" -999.0 -999.0 -999.0 -999.0 -999 -999 "" "" "" "" 0 0 0.0 0.0 -999 ""
FIBERMAP 1019 R+3C24 BOSS 0 0 0 1 0 0 258.67666735887303 65.80411289770288 143.1 258.67666735887303 65.80411289770288 10.007758 170.02159 -999.0 -999.0 -999.0 -999.0 -999.0 -999.0 -999.0 -999.0 -999.0 -999.0 -999.0 -999.0 5400.0 -999.0 1 246 {-999.0 -999.0 -999.0 -999.0 -999.0} "" -999.0 -999.0 -999.0 -999.0 -999 -999 "" "" "" "" 0 0 0.0 0.0 -999 ""
FIBERMAP 1019 R+3C24 METROLOGY 1 0 0 1 0 0 258.3090491933285 65.15988018490218 143.1 258.3090491933285 65.15988018490218 10.007758 170.02159 -999.0 -999.0 -999.0 -999.0 -999.0 -999.0 -999.0 -999.0 -999.0 -999.0 -999.0 -999.0 6231.0 -999.0 -1 -999 {-999.0 -999.0 -999.0 -999.0 -999.0} "" -999.0 -999.0 -999.0 -999.0 -999 -999 "" "" "" "" 0 0 0.0 0.0 -999 ""
FIBERMAP 1025 R-7C7 APOGEE 0 0 0 1 0 0 -77.61028324300639 -128.16196128335525 143.1 -77.61028324300639 -128.16196128335525 10.009616 170.0111 -999.0 -999.0 -999.0 -999.0 -999.0 -999.0 -999.0 -999.0 -999.0 -999.0 -999.0 -999.0 16600.0 -999.0 2 294 {-999.0 -999.0 -999.0 -999.0 -999.0} "" -999.0 -999.0 -999.0 -999.0 -999 -999 "" "" "" "" 0 0 0.0 0.0 -999 ""
FIBERMAP 1025 R-7C7 BOSS 0 0 0 1 0 0 -76.87224676726377 -128.14774845852992 143.1 -76.87224676726377 -128.14774845852992 10.009616 170.0111 -999.0 -999.0 -999.0 -999.0 -999.0 -999.0 -999.0 -999.0 -999.0 -999.0 -999.0 -999.0 5400.0 -999.0 1 410 {-999.0 -999.0 -999.0 -999.0 -999.0} "" -999.0 -999.0 -999.0 -999.0 -999 -999 "" "" "" "" 0 0 0.0 0.0 -999 ""
FIBERMAP 1025 R-7C7 METROLOGY 1 0 0 1 0 0 -77.23005359126896 -128.8059236714511 143.1 -77.23005359126896 -128.8059236714511 10.009616 170.0111 -999.0 -999.0 -999.0 -999.0 -999.0 -999.0 -999.0 -999.0 -999.0 -999.0 -999.0 -999.0 6231.0 -999.0 -1 -999 {-999.0 -999.0 -999.0 -999.0 -999.0} "" -999.0 -999.0 -999.0 -999.0 -999 -999 "" "" "" "" 0 0 0.0 0.0 -999 ""
FIBERMAP 1028 R+9C8 APOGEE 0 0 0 1 0 0 -32.293600999289964 182.24719000497475 143.1 -32.293600999289964 182.24719000497475 10.001627 170.0223 -999.0 -999.0 -999.0 -999.0 -999.0 -999.0 -999.0 -999.0 -999.0 -999.0 -999.0 -999.0 16600.0 -999.0 2 2 {-999.0 -999.0 -999.0 -999.0 -999.0} "" -999.0 -999.0 -999.0 -999.0 -999 -999 "" "" "" "" 0 0 0.0 0.0 -999 ""
FIBERMAP 1028 R+9C8 BOSS 0 0 0 1 0 0 -31.554995464821374 182.226972639988 143.1 -31.554995464821374 182.226972639988 10.001627 170.0223 -999.0 -999.0 -999.0 -999.0 -999.0 -999.0 -999.0 -999.0 -999.0 -999.0 -999.0 -999.0 5400.0 -999.0 1 124 {-999.0 -999.0 -999.0 -999.0 -999.0} "" -999.0 -999.0 -999.0 -999.0 -999 -999 "" "" "" "" 0 0 0.0 0.0 -999 ""
FIBERMAP 1028 R+9C8 METROLOGY 1 0 0 1 0 0 -31.94181978653964 181.59257190233149 143.1 -31.94181978653964 181.59257190233149 10.001627 170.0223 -999.0 -999.0 -999.0 -999.0 -999.0 -999.0 -999.0 -999.0 -999.0 -999.0 -999.0 -999.0 6231.0 -999.0 -1 -999 {-999.0 -999.0 -999.0 -999.0 -999.0} "" -999.0 -999.0 -999.0 -999.0 -999 -999 "" "" "" "" 0 0 0.0 0.0 -999 ""
FIBERMAP 1032 R+2C8 APOGEE 0 0 0 1 0 0 -111.25245894845656 46.263401702126934 143.1 -111.25245894845656 46.263401702126934 10.00813 169.99857 -999.0 -999.0 -999.0 -999.0 -999.0 -999.0 -999.0 -999.0 -999.0 -999.0 -999.0 -999.0 16600.0 -999.0 2 -999 {-999.0 -999.0 -999.0 -999.0 -999.0} "" -999.0 -999.0 -999.0 -999.0 -999 -999 "" "" "" "" 0 0 0.0 0.0 -999 ""
FIBERMAP 1032 R+2C8 BOSS 0 0 0 1 0 0 -110.50033424592965 46.2672727223103 143.1 -110.50033424592965 46.2672727223103 10.00813 169.99857 -999.0 -999.0 -999.0 -999.0 -999.0 -999.0 -999.0 -999.0 -999.0 -999.0 -999.0 -999.0 5400.0 -999.0 1 44 {-999.0 -999.0 -999.0 -999.0 -999.0} "" -999.0 -999.0 -999.0 -999.0 -999 -999 "" "" "" "" 0 0 0.0 0.0 -999 ""
FIBERMAP 1032 R+2C8 METROLOGY 1 0 0 1 0 0 -110.87157783269859 45.62184768556187 143.1 -110.87157783269859 45.62184768556187 10.00813 169.99857 -999.0 -999.0 -999.0 -999.0 -999.0 -999.0 -999.0 -999.0 -999.0 -999.0 -999.0 -999.0 6231.0 -999.0 -1 -999 {-999.0 -999.0 -999.0 -999.0 -999.0} "" -999.0 -999.0 -999.0 -999.0 -999 -999 "" "" "" "" 0 0 0.0 0.0 -999 ""
FIBERMAP 1034 R+13C2 APOGEE 0 0 0 1 0 0 -122.53675445634526 259.5422868946065 143.1 -122.53675445634526 259.5422868946065 9.990137 170.0046 -999.0 -999.0 -999.0 -999.0 -999.0 -999.0 -999.0 -999.0 -999.0 -999.0 -999.0 -999.0 16600.0 -999.0 2 113 {-999.0 -999.0 -999.0 -999.0 -999.0} "" -999.0 -999.0 -999.0 -999.0 -999 -999 "" "" "" "" 0 0 0.0 0.0 -999 ""
FIBERMAP 1034 R+13C2 BOSS 0 0 0 1 0 0 -121.78900602081745 259.532618652468 143.1 -121.78900602081745 259.532618652468 9.990137 170.0046 -999.0 -999.0 -999.0 -999.0 -999.0 -999.0 -999.0 -999.0 -999.0 -999.0 -999.0 -999.0 5400.0 -999.0 1 95 {-999.0 -999.0 -999.0 -999.0 -999.0} "" -999.0 -999.0 -999.0 -999.0 -999 -999 "" "" "" "" 0 0 0.0 0.0 -999 ""
FIBERMAP 1034 R+13C2 METROLOGY 1 0 0 1 0 0 -122.15838806708076 258.894109102142 143.1 -122.15838806708076 258.894109102142 9.990137 170.0046 -999.0 -999.0 -999.0 -999.0 -999.0 -999.0 -999.0 -999.0 -999.0 -999.0 -999.0 -999.0 6231.0 -999.0 -1 -999 {-999.0 -999.0 -999.0 -999.0 -999.0} "" -999.0 -999.0 -999.0 -999.0 -999 -999 "" "" "" "" 0 0 0.0 0.0 -999 ""
FIBERMAP 1036 R0C17 APOGEE 0 0 0 1 0 0 67.91028856124164 7.646387491432408 143.1 67.91028856124164 7.646387491432408 9.987792 169.99675 -999.0 -999.0 -999.0 -999.0 -999.0 -999.0 -999.0 -999.0 -999.0 -999.0 -999.0 -999.0 16600.0 -999.0 2 47 {-999.0 -999.0 -999.0 -999.0 -999.0} "" -999.0 -999.0 -999.0 -999.0 -999 -999 "" "" "" "" 0 0 0.0 0.0 -999 ""
FIBERMAP 1036 R0C17 BOSS 0 0 0 1 0 0 68.66331521862826 7.660783078692935 143.1 68.66331521862826 7.660783078692935 9.987792 169.99675 -999.0 -999.0 -999.0 -999.0 -999.0 -999.0 -999.0 -999.0 -999.0 -999.0 -999.0 -999.0 5400.0 -999.0 1 181 {-999.0 -999.0 -999.0 -999.0 -999.0} "" -999.0 -999.0 -999.0 -999.0 -999 -999 "" "" "" "" 0 0 0.0 0.0 -999 ""
FIBERMAP 1036 R0C17 METROLOGY 1 0 0 1 0 0 68.28661653328248 6.994307378424704 143.1 68.28661653328248 6.994307378424704 9.987792 169.99675 -999.0 -999.0 -999.0 -999.0 -999.0 -999.0 -999.0 -999.0 -999.0 -999.0 -999.0 -999.0 6231.0 -999.0 -1 -999 {-999.0 -999.0 -999.0 -999.0 -999.0} "" -999.0 -999.0 -999.0 -999.0 -999 -999 "" "" "" "" 0 0 0.0 0.0 -999 ""
FIBERMAP 1037 R+4C11 APOGEE 0 0 0 1 0 0 -22.070018884769674 85.19403550320018 143.1 -22.070018884769674 85.19403550320018 10.010057 170.00034 -999.0 -999.0 -999.0 -999.0 -999.0 -999.0 -999.0 -999.0 -999.0 -999.0 -999.0 -999.0 16600.0 -999.0 2 -999 {-999.0 -999.0 -999.0 -999.0 -999.0} "" -999.0 -999.0 -999.0 -999.0 -999 -999 "" "" "" "" 0 0 0.0 0.0 -999 ""
FIBERMAP 1037 R+4C11 BOSS 0 0 0 1 0 0 -21.32808727358171 85.21799457267227 143.1 -21.32808727358171 85.21799457267227 10.010057 170.00034 -999.0 -999.0 -999.0 -999.0 -999.0 -999.0 -999.0 -999.0 -999.0 -999.0 -999.0 -999.0 5400.0 -999.0 1 113 {-999.0 -999.0 -999.0 -999.0 -999.0} "" -999.0 -999.0 -999.0 -999.0 -999 -999 "" "" "" "" 0 0 0.0 0.0 -999 ""
FIBERMAP 1037 R+4C11 METROLOGY 1 0 0 1 0 0 -21.679533957200885 84.55828122531177 143.1 -21.679533957200885 84.55828122531177 10.010057 170.00034 -999.0 -999.0 -999.0 -999.0 -999.0 -999.0 -999.0 -999.0 -999.0 -999.0 -999.0 -999.0 6231.0 -999.0 -1 -999 {-999.0 -999.0 -999.0 -999.0 -999.0} "" -999.0 -999.0 -999.0 -999.0 -999 -999 "" "" "" "" 0 0 0.0 0.0 -999 ""
FIBERMAP 1039 R-1C4 APOGEE 0 0 0 1 0 0 -212.05284660040044 -11.931620038529235 143.1 -212.05284660040044 -11.931620038529235 9.998894 170.0234 -999.0 -999.0 -999.0 -999.0 -999.0 -999.0 -999.0 -999.0 -999.0 -999.0 -999.0 -999.0 16600.0 -999.0 2 -999 {-999.0 -999.0 -999.0 -999.0 -999.0} "" -999.0 -999.0 -999.0 -999.0 -999 -999 "" "" "" "" 0 0 0.0 0.0 -999 ""
FIBERMAP 1039 R-1C4 BOSS 0 0 0 1 0 0 -211.30369365067077 -11.92384074823693 143.1 -211.30369365067077 -11.92384074823693 9.998894 170.0234 -999.0 -999.0 -999.0 -999.0 -999.0 -999.0 -999.0 -999.0 -999.0 -999.0 -999.0 -999.0 5400.0 -999.0 1 432 {-999.0 -999.0 -999.0 -999.0 -999.0} "" -999.0 -999.0 -999.0 -999.0 -999 -999 "" "" "" "" 0 0 0.0 0.0 -999 ""
FIBERMAP 1039 R-1C4 METROLOGY 1 0 0 1 0 0 -211.68002200269032 -12.577889177397946 143.1 -211.68002200269032 -12.577889177397946 9.998894 170.0234 -999.0 -999.0 -999.0 -999.0 -999.0 -999.0 -999.0 -999.0 -999.0 -999.0 -999.0 -999.0 6231.0 -999.0 -1 -999 {-999.0 -999.0 -999.0 -999.0 -999.0} "" -999.0 -999.0 -999.0 -999.0 -999 -999 "" "" "" "" 0 0 0.0 0.0 -999 ""
FIBERMAP 1040 R+5C11 APOGEE 0 0 0 1 0 0 -10.775872797796868 104.6198558598106 143.1 -10.775872797796868 104.6198558598106 9.997836 170.02156 -999.0 -999.0 -999.0 -999.0 -999.0 -999.0 -999.0 -999.0 -999.0 -999.0 -999.0 -999.0 16600.0 -999.0 2 20 {-999.0 -999.0 -999.0 -999.0 -999.0} "" -999.0 -999.0 -999.0 -999.0 -999 -999 "" "" "" "" 0 0 0.0 0.0 -999 ""
FIBERMAP 1040 R+5C11 BOSS 0 0 0 1 0 0 -10.025479640976972 104.6093324869058 143.1 -10.025479640976972 104.6093324869058 9.997836 170.02156 -999.0 -999.0 -999.0 -999.0 -999.0 -999.0 -999.0 -999.0 -999.0 -999.0 -999.0 -999.0 5400.0 -999.0 1 137 {-999.0 -999.0 -999.0 -999.0 -999.0} "" -999.0 -999.0 -999.0 -999.0 -999 -999 "" "" "" "" 0 0 0.0 0.0 -999 ""
FIBERMAP 1040 R+5C11 METROLOGY 1 0 0 1 0 0 -10.401733601898023 103.9674764055515 143.1 -10.401733601898023 103.9674764055515 9.997836 170.02156 -999.0 -999.0 -999.0 -999.0 -999.0 -999.0 -999.0 -999.0 -999.0 -999.0 -999.0 -999.0 6231.0 -999.0 -1 -999 {-999.0 -999.0 -999.0 -999.0 -999.0} "" -999.0 -999.0 -999.0 -999.0 -999 -999 "" "" "" "" 0 0 0.0 0.0 -999 ""
FIBERMAP 1044 R+13C10 APOGEE 0 0 0 1 0 0 56.20479189430142 259.76137643138696 143.1 56.20479189430142 259.76137643138696 10.005796 170.0027 -999.0 -999.0 -999.0 -999.0 -999.0 -999.0 -999.0 -999.0 -999.0 -999.0 -999.0 -999.0 16600.0 -999.0 2 50 {-999.0 -999.0 -999.0 -999.0 -999.0} "" -999.0 -999.0 -999.0 -999.0 -999 -999 "" "" "" "" 0 0 0.0 0.0 -999 ""
FIBERMAP 1044 R+13C10 BOSS 0 0 0 1 0 0 56.95193740509979 259.78464618587486 143.1 56.95193740509979 259.78464618587486 10.005796 170.0027 -999.0 -999.0 -999.0 -999.0 -999.0 -999.0 -999.0 -999.0 -999.0 -999.0 -999.0 -999.0 5400.0 -999.0 1 164 {-999.0 -999.0 -999.0 -999.0 -999.0} "" -999.0 -999.0 -999.0 -999.0 -999 -999 "" "" "" "" 0 0 0.0 0.0 -999 ""
FIBERMAP 1044 R+13C10 METROLOGY 1 0 0 1 0 0 56.5997703224188 259.1223342997201 143.1 56.5997703224188 259.1223342997201 10.005796 170.0027 -999.0 -999.0 -999.0 -999.0 -999.0 -999.0 -999.0 -999.0 -999.0 -999.0 -999.0 -999.0 6231.0 -999.0 -1 -999 {-999.0 -999.0 -999.0 -999.0 -999.0} "" -999.0 -999.0 -999.0 -999.0 -999 -999 "" "" "" "" 0 0 0.0 0.0 -999 ""
FIBERMAP 1046 R+5C21 APOGEE 0 0 0 1 0 0 213.4201494743403 104.65131750378538 143.1 213.4201494743403 104.65131750378538 10.007855 170.00478 -999.0 -999.0 -999.0 -999.0 -999.0 -999.0 -999.0 -999.0 -999.0 -999.0 -999.0 -999.0 16600.0 -999.0 2 -999 {-999.0 -999.0 -999.0 -999.0 -999.0} "" -999.0 -999.0 -999.0 -999.0 -999 -999 "" "" "" "" 0 0 0.0 0.0 -999 ""
FIBERMAP 1046 R+5C21 BOSS 0 0 0 1 0 0 214.1551693048869 104.67421865144988 143.1 214.1551693048869 104.67421865144988 10.007855 170.00478 -999.0 -999.0 -999.0 -999.0 -999.0 -999.0 -999.0 -999.0 -999.0 -999.0 -999.0 -999.0 5400.0 -999.0 1 237 {-999.0 -999.0 -999.0 -999.0 -999.0} "" -999.0 -999.0 -999.0 -999.0 -999 -999 "" "" "" "" 0 0 0.0 0.0 -999 ""
FIBERMAP 1046 R+5C21 METROLOGY 1 0 0 1 0 0 213.80750131956552 104.01364946435389 143.1 213.80750131956552 104.01364946435389 10.007855 170.00478 -999.0 -999.0 -999.0 -999.0 -999.0 -999.0 -999.0 -999.0 -999.0 -999.0 -999.0 -999.0 6231.0 -999.0 -1 -999 {-999.0 -999.0 -999.0 -999.0 -999.0} "" -999.0 -999.0 -999.0 -999.0 -999 -999 "" "" "" "" 0 0 0.0 0.0 -999 ""
FIBERMAP 1051 R-5C20 APOGEE 0 0 0 1 0 0 191.14826779524822 -89.39067185143264 143.1 191.14826779524822 -89.39067185143264 9.98248 170.00102 -999.0 -999.0 -999.0 -999.0 -999.0 -999.0 -999.0 -999.0 -999.0 -999.0 -999.0 -999.0 16600.0 -999.0 2 233 {-999.0 -999.0 -999.0 -999.0 -999.0} "" -999.0 -999.0 -999.0 -999.0 -999 -999 "" "" "" "" 0 0 0.0 0.0 -999 ""
FIBERMAP 1051 R-5C20 BOSS 0 0 0 1 0 0 191.89210397406515 -89.35037321887849 143.1 191.89210397406515 -89.35037321887849 9.98248 170.00102 -999.0 -999.0 -999.0 -999.0 -999.0 -999.0 -999.0 -999.0 -999.0 -999.0 -999.0 -999.0 5400.0 -999.0 1 278 {-999.0 -999.0 -999.0 -999.0 -999.0} "" -999.0 -999.0 -999.0 -999.0 -999 -999 "" "" "" "" 0 0 0.0 0.0 -999 ""
FIBERMAP 1051 R-5C20 METROLOGY 1 0 0 1 0 0 191.559786431557 -90.0176111510906 143.1 191.559786431557 -90.0176111510906 9.98248 170.00102 -999.0 -999.0 -999.0 -999.0 -999.0 -999.0 -999.0 -999.0 -999.0 -999.0 -999.0 -999.0 6231.0 -999.0 -1 -999 {-999.0 -999.0 -999.0 -999.0 -999.0} "" -999.0 -999.0 -999.0 -999.0 -999 -999 "" "" "" "" 0 0 0.0 0.0 -999 ""
FIBERMAP 1054 R-2C7 APOGEE 0 0 0 1 0 0 -133.7476883778396 -31.208607100272914 143.1 -133.7476883778396 -31.208607100272914 10.007135 170.01886 -999.0 -999.0 -999.0 -999.0 -999.0 -999.0 -999.0 -999.0 -999.0 -999.0 -999.0 -999.0 16600.0 -999.0 2 255 {-999.0 -999.0 -999.0 -999.0 -999.0} "" -999.0 -999.0 -999.0 -999.0 -999 -999 "" "" "" "" 0 0 0.0 0.0 -999 ""
FIBERMAP 1054 R-2C7 BOSS 0 0 0 1 0 0 -133.00449774446886 -31.222335044419452 143.1 -133.00449774446886 -31.222335044419452 10.007135 170.01886 -999.0 -999.0 -999.0 -999.0 -999.0 -999.0 -999.0 -999.0 -999.0 -999.0 -999.0 -999.0 5400.0 -999.0 1 471 {-999.0 -999.0 -999.0 -999.0 -999.0} "" -999.0 -999.0 -999.0 -999.0 -999 -999 "" "" "" "" 0 0 0.0 0.0 -999 ""
FIBERMAP 1054 R-2C7 METROLOGY 1 0 0 1 0 0 -133.38900768660733 -31.860835736640148 143.1 -133.38900768660733 -31.860835736640148 10.007135 170.01886 -999.0 -999.0 -999.0 -999.0 -999.0 -999.0 -999.0 -999.0 -999.0 -999.0 -999.0 -999.0 6231.0 -999.0 -1 -999 {-999.0 -999.0 -999.0 -999.0 -999.0} "" -999.0 -999.0 -999.0 -999.0 -999 -999 "" "" "" "" 0 0 0.0 0.0 -999 ""
FIBERMAP 1056 R-6C9 APOGEE 0 0 0 1 0 0 -44.39293744550566 -108.85901025910819 143.1 -44.39293744550566 -108.85901025910819 9.996 169.99951 -999.0 -999.0 -999.0 -999.0 -999.0 -999.0 -999.0 -999.0 -999.0 -999.0 -999.0 -999.0 16600.0 -999.0 2 -999 {-999.0 -999.0 -999.0 -999.0 -999.0} "" -999.0 -999.0 -999.0 -999.0 -999 -999 "" "" "" "" 0 0 0.0 0.0 -999 ""
FIBERMAP 1056 R-6C9 BOSS 0 0 0 1 0 0 -43.65004370919377 -108.85100122165684 143.1 -43.65004370919377 -108.85100122165684 9.996 169.99951 -999.0 -999.0 -999.0 -999.0 -999.0 -999.0 -999.0 -999.0 -999.0 -999.0 -999.0 -999.0 5400.0 -999.0 1 399 {-999.0 -999.0 -999.0 -999.0 -999.0} "" -999.0 -999.0 -999.0 -999.0 -999 -999 "" "" "" "" 0 0 0.0 0.0 -999 ""
FIBERMAP 1056 R-6C9 METROLOGY 1 0 0 1 0 0 -44.01660476852242 -109.50324290089718 143.1 -44.01660476852242 -109.50324290089718 9.996 169.99951 -999.0 -999.0 -999.0 -999.0 -999.0 -999.0 -999.0 -999.0 -999.0 -999.0 -999.0 -999.0 6231.0 -999.0 -1 -999 {-999.0 -999.0 -999.0 -999.0 -999.0} "" -999.0 -999.0 -999.0 -999.0 -999 -999 "" "" "" "" 0 0 0.0 0.0 -999 ""
FIBERMAP 1058 R-4C23 APOGEE 0 0 0 1 0 0 247.06963529175235 -69.99136617533705 143.1 247.06963529175235 -69.99136617533705 9.98956 169.99588 -999.0 -999.0 -999.0 -999.0 -999.0 -999.0 -999.0 -999.0 -999.0 -999.0 -999.0 -999.0 16600.0 -999.0 2 221 {-999.0 -999.0 -999.0 -999.0 -999.0} "" -999.0 -999.0 -999.0 -999.0 -999 -999 "" "" "" "" 0 0 0.0 0.0 -999 ""
FIBERMAP 1058 R-4C23 BOSS 0 0 0 1 0 0 247.80424099295178 -69.97781200706201 143.1 247.80424099295178 -69.97781200706201 9.98956 169.99588 -999.0 -999.0 -999.0 -999.0 -999.0 -999.0 -999.0 -999.0 -999.0 -999.0 -999.0 -999.0 5400.0 -999.0 1 252 {-999.0 -999.0 -999.0 -999.0 -999.0} "" -999.0 -999.0 -999.0 -999.0 -999 -999 "" "" "" "" 0 0 0.0 0.0 -999 ""
FIBERMAP 1058 R-4C23 METROLOGY 1 0 0 1 0 0 247.45235799602847 -70.63749832224455 143.1 247.45235799602847 -70.63749832224455 9.98956 169.99588 -999.0 -999.0 -999.0 -999.0 -999.0 -999.0 -999.0 -999.0 -999.0 -999.0 -999.0 -999.0 6231.0 -999.0 -1 -999 {-999.0 -999.0 -999.0 -999.0 -999.0} "" -999.0 -999.0 -999.0 -999.0 -999 -999 "" "" "" "" 0 0 0.0 0.0 -999 ""
FIBERMAP 1063 R0C13 APOGEE 0 0 0 1 0 0 -21.66348283848738 7.497517880948122 143.1 -21.66348283848738 7.497517880948122 9.99212 170.00714 -999.0 -999.0 -999.0 -999.0 -999.0 -999.0 -999.0 -999.0 -999.0 -999.0 -999.0 -999.0 16600.0 -999.0 2 292 {-999.0 -999.0 -999.0 -999.0 -999.0} "" -999.0 -999.0 -999.0 -999.0 -999 -999 "" "" "" "" 0 0 0.0 0.0 -999 ""
FIBERMAP 1063 R0C13 BOSS 0 0 0 1 0 0 -20.92343050848594 7.520946836854426 143.1 -20.92343050848594 7.520946836854426 9.99212 170.00714 -999.0 -999.0 -999.0 -999.0 -999.0 -999.0 -999.0 -999.0 -999.0 -999.0 -999.0 -999.0 5400.0 -999.0 1 430 {-999.0 -999.0 -999.0 -999.0 -999.0} "" -999.0 -999.0 -999.0 -999.0 -999 -999 "" "" "" "" 0 0 0.0 0.0 -999 ""
FIBERMAP 1063 R0C13 METROLOGY 1 0 0 1 0 0 -21.263391129754506 6.860583730792563 143.1 -21.263391129754506 6.860583730792563 9.99212 170.00714 -999.0 -999.0 -999.0 -999.0 -999.0 -999.0 -999.0 -999.0 -999.0 -999.0 -999.0 -999.0 6231.0 -999.0 -1 -999 {-999.0 -999.0 -999.0 -999.0 -999.0} "" -999.0 -999.0 -999.0 -999.0 -999 -999 "" "" "" "" 0 0 0.0 0.0 -999 ""
FIBERMAP 1068 R-2C8 APOGEE 0 0 0 1 0 0 -111.41638026162927 -31.282507282593407 143.1 -111.41638026162927 -31.282507282593407 10.00474 170.0015 -999.0 -999.0 -999.0 -999.0 -999.0 -999.0 -999.0 -999.0 -999.0 -999.0 -999.0 -999.0 16600.0 -999.0 2 -999 {-999.0 -999.0 -999.0 -999.0 -999.0} "" -999.0 -999.0 -999.0 -999.0 -999 -999 "" "" "" "" 0 0 0.0 0.0 -999 ""
FIBERMAP 1068 R-2C8 BOSS 0 0 0 1 0 0 -110.66576905214436 -31.27869831092203 143.1 -110.66576905214436 -31.27869831092203 10.00474 170.0015 -999.0 -999.0 -999.0 -999.0 -999.0 -999.0 -999.0 -999.0 -999.0 -999.0 -999.0 -999.0 5400.0 -999.0 1 450 {-999.0 -999.0 -999.0 -999.0 -999.0} "" -999.0 -999.0 -999.0 -999.0 -999 -999 "" "" "" "" 0 0 0.0 0.0 -999 ""
FIBERMAP 1068 R-2C8 METROLOGY 1 0 0 1 0 0 -111.03356076838686 -31.922906545635946 143.1 -111.03356076838686 -31.922906545635946 10.00474 170.0015 -999.0 -999.0 -999.0 -999.0 -999.0 -999.0 -999.0 -999.0 -999.0 -999.0 -999.0 -999.0 6231.0 -999.0 -1 -999 {-999.0 -999.0 -999.0 -999.0 -999.0} "" -999.0 -999.0 -999.0 -999.0 -999 -999 "" "" "" "" 0 0 0.0 0.0 -999 ""
FIBERMAP 1069 R+11C10 APOGEE 0 0 0 1 0 0 34.1206764358099 221.01171197849195 143.1 34.1206764358099 221.01171197849195 10.013609 170.00078 -999.0 -999.0 -999.0 -999.0 -999.0 -999.0 -999.0 -999.0 -999.0 -999.0 -999.0 -999.0 16600.0 -999.0 2 18 {-999.0 -999.0 -999.0 -999.0 -999.0} "" -999.0 -999.0 -999.0 -999.0 -999 -999 "" "" "" "" 0 0 0.0 0.0 -999 ""
FIBERMAP 1069 R+11C10 BOSS 0 0 0 1 0 0 34.86086550073939 221.02815326588347 143.1 34.86086550073939 221.02815326588347 10.013609 170.00078 -999.0 -999.0 -999.0 -999.0 -999.0 -999.0 -999.0 -999.0 -999.0 -999.0 -999.0 -999.0 5400.0 -999.0 1 109 {-999.0 -999.0 -999.0 -999.0 -999.0} "" -999.0 -999.0 -999.0 -999.0 -999 -999 "" "" "" "" 0 0 0.0 0.0 -999 ""
FIBERMAP 1069 R+11C10 METROLOGY 1 0 0 1 0 0 34.51646410945856 220.36920093153657 143.1 34.51646410945856 220.36920093153657 10.013609 170.00078 -999.0 -999.0 -999.0 -999.0 -999.0 -999.0 -999.0 -999.0 -999.0 -999.0 -999.0 -999.0 6231.0 -999.0 -1 -999 {-999.0 -999.0 -999.0 -999.0 -999.0} "" -999.0 -999.0 -999.0 -999.0 -999 -999 "" "" "" "" 0 0 0.0 0.0 -999 ""
FIBERMAP 1070 R+9C13 APOGEE 0 0 0 1 0 0 78.93561688452749 182.26624596436966 143.1 78.93561688452749 182.26624596436966 10.011356 169.99033 -999.0 -999.0 -999.0 -999.0 -999.0 -999.0 -999.0 -999.0 -999.0 -999.0 -999.0 -999.0 16600.0 -999.0 2 55 {-999.0 -999.0 -999.0 -999.0 -999.0} "" -999.0 -999.0 -999.0 -999.0 -999 -999 "" "" "" "" 0 0 0.0 0.0 -999 ""
FIBERMAP 1070 R+9C13 BOSS 0 0 0 1 0 0 79.67180265992721 182.25262362060417 143.1 79.67180265992721 182.25262362060417 10.011356 169.99033 -999.0 -999.0 -999.0 -999.0 -999.0 -999.0 -999.0 -999.0 -999.0 -999.0 -999.0 -999.0 5400.0 -999.0 1 152 {-999.0 -999.0 -999.0 -999.0 -999.0} "" -999.0 -999.0 -999.0 -999.0 -999 -999 "" "" "" "" 0 0 0.0 0.0 -999 ""
FIBERMAP 1070 R+9C13 METROLOGY 1 0 0 1 0 0 79.2902006811846 181.61027930445852 143.1 79.2902006811846 181.61027930445852 10.011356 169.99033 -999.0 -999.0 -999.0 -999.0 -999.0 -999.0 -999.0 -999.0 -999.0 -999.0 -999.0 -999.0 6231.0 -999.0 -1 -999 {-999.0 -999.0 -999.0 -999.0 -999.0} "" -999.0 -999.0 -999.0 -999.0 -999 -999 "" "" "" "" 0 0 0.0 0.0 -999 ""
FIBERMAP 1078 R-3C9 APOGEE 0 0 0 1 0 0 -77.72194857385833 -50.6413369646485 143.1 -77.72194857385833 -50.6413369646485 9.996663 170.01381 -999.0 -999.0 -999.0 -999.0 -999.0 -999.0 -999.0 -999.0 -999.0 -999.0 -999.0 -999.0 16600.0 -999.0 2 245 {-999.0 -999.0 -999.0 -999.0 -999.0} "" -999.0 -999.0 -999.0 -999.0 -999 -999 "" "" "" "" 0 0 0.0 0.0 -999 ""
FIBERMAP 1078 R-3C9 BOSS 0 0 0 1 0 0 -76.98384175009294 -50.62685659991377 143.1 -76.98384175009294 -50.62685659991377 9.996663 170.01381 -999.0 -999.0 -999.0 -999.0 -999.0 -999.0 -999.0 -999.0 -999.0 -999.0 -999.0 -999.0 5400.0 -999.0 1 470 {-999.0 -999.0 -999.0 -999.0 -999.0} "" -999.0 -999.0 -999.0 -999.0 -999 -999 "" "" "" "" 0 0 0.0 0.0 -999 ""
FIBERMAP 1078 R-3C9 METROLOGY 1 0 0 1 0 0 -77.36030870130048 -51.271777807892825 143.1 -77.36030870130048 -51.271777807892825 9.996663 170.01381 -999.0 -999.0 -999.0 -999.0 -999.0 -999.0 -999.0 -999.0 -999.0 -999.0 -999.0 -999.0 6231.0 -999.0 -1 -999 {-999.0 -999.0 -999.0 -999.0 -999.0} "" -999.0 -999.0 -999.0 -999.0 -999 -999 "" "" "" "" 0 0 0.0 0.0 -999 ""
FIBERMAP 1081 R-1C22 APOGEE 0 0 0 1 0 0 191.20496678078274 -11.831163395479734 143.1 191.20496678078274 -11.831163395479734 10.008299 170.0008 -999.0 -999.0 -999.0 -999.0 -999.0 -999.0 -999.0 -999.0 -999.0 -999.0 -999.0 -999.0 16600.0 -999.0 2 196 {-999.0 -999.0 -999.0 -999.0 -999.0} "" -999.0 -999.0 -999.0 -999.0 -999 -999 "" "" "" "" 0 0 0.0 0.0 -999 ""
FIBERMAP 1081 R-1C22 BOSS 0 0 0 1 0 0 191.9490918272493 -11.829546041181878 143.1 191.9490918272493 -11.829546041181878 10.008299 170.0008 -999.0 -999.0 -999.0 -999.0 -999.0 -999.0 -999.0 -999.0 -999.0 -999.0 -999.0 -999.0 5400.0 -999.0 1 313 {-999.0 -999.0 -999.0 -999.0 -999.0} "" -999.0 -999.0 -999.0 -999.0 -999 -999 "" "" "" "" 0 0 0.0 0.0 -999 ""
FIBERMAP 1081 R-1C22 METROLOGY 1 0 0 1 0 0 191.58054163226475 -12.482587854275751 143.1 191.58054163226475 -12.482587854275751 10.008299 170.0008 -999.0 -999.0 -999.0 -999.0 -999.0 -999.0 -999.0 -999.0 -999.0 -999.0 -999.0 -999.0 6231.0 -999.0 -1 -999 {-999.0 -999.0 -999.0 -999.0 -999.0} "" -999.0 -999.0 -999.0 -999.0 -999 -999 "" "" "" "" 0 0 0.0 0.0 -999 ""
FIBERMAP 1083 R-3C10 APOGEE 0 0 0 1 0 0 -55.40719738889791 -50.68192359371702 143.1 -55.40719738889791 -50.68192359371702 10.005344 170.01904 -999.0 -999.0 -999.0 -999.0 -999.0 -999.0 -999.0 -999.0 -999.0 -999.0 -999.0 -999.0 16600.0 -999.0 2 -999 {-999.0 -999.0 -999.0 -999.0 -999.0} "" -999.0 -999.0 -999.0 -999.0 -999 -999 "" "" "" "" 0 0 0.0 0.0 -999 ""
FIBERMAP 1083 R-3C10 BOSS 0 0 0 1 0 0 -54.65996913519733 -50.676171515608274 143.1 -54.65996913519733 -50.676171515608274 10.005344 170.01904 -999.0 -999.0 -999.0 -999.0 -999.0 -999.0 -999.0 -999.0 -999.0 -999.0 -999.0 -999.0 5400.0 -999.0 1 447 {-999.0 -999.0 -999.0 -999.0 -999.0} "" -999.0 -999.0 -999.0 -999.0 -999 -999 "" "" "" "" 0 0 0.0 0.0 -999 ""
FIBERMAP 1083 R-3C10 METROLOGY 1 0 0 1 0 0 -55.03505430469 -51.328585410579606 143.1 -55.03505430469 -51.328585410579606 10.005344 170.01904 -999.0 -999.0 -999.0 -999.0 -999.0 -999.0 -999.0 -999.0 -999.0 -999.0 -999.0 -999.0 6231.0 -999.0 -1 -999 {-999.0 -999.0 -999.0 -999.0 -999.0} "" -999.0 -999.0 -999.0 -999.0 -999 -999 "" "" "" "" 0 0 0.0 0.0 -999 ""
FIBERMAP 1085 R-2C13 APOGEE 0 0 0 1 0 0 0.7546565297495738 -31.19536900026312 143.1 0.7546565297495738 -31.19536900026312 9.99402 169.99806 -999.0 -999.0 -999.0 -999.0 -999.0 -999.0 -999.0 -999.0 -999.0 -999.0 -999.0 -999.0 16600.0 -999.0 2 -999 {-999.0 -999.0 -999.0 -999.0 -999.0} "" -999.0 -999.0 -999.0 -999.0 -999 -999 "" "" "" "" 0 0 0.0 0.0 -999 ""
FIBERMAP 1085 R-2C13 BOSS 0 0 0 1 0 0 1.4940035407233596 -31.169695325849275 143.1 1.4940035407233596 -31.169695325849275 9.99402 169.99806 -999.0 -999.0 -999.0 -999.0 -999.0 -999.0 -999.0 -999.0 -999.0 -999.0 -999.0 -999.0 5400.0 -999.0 1 355 {-999.0 -999.0 -999.0 -999.0 -999.0} "" -999.0 -999.0 -999.0 -999.0 -999 -999 "" "" "" "" 0 0 0.0 0.0 -999 ""
FIBERMAP 1085 R-2C13 METROLOGY 1 0 0 1 0 0 1.1392315211049606 -31.83471558587675 143.1 1.1392315211049606 -31.83471558587675 9.99402 169.99806 -999.0 -999.0 -999.0 -999.0 -999.0 -999.0 -999.0 -999.0 -999.0 -999.0 -999.0 -999.0 6231.0 -999.0 -1 -999 {-999.0 -999.0 -999.0 -999.0 -999.0} "" -999.0 -999.0 -999.0 -999.0 -999 -999 "" "" "" "" 0 0 0.0 0.0 -999 ""
FIBERMAP 1086 R-3C15 APOGEE 0 0 0 1 0 0 56.53409472231233 -50.61984125247558 143.1 56.53409472231233 -50.61984125247558 9.994681 170.00279 -999.0 -999.0 -999.0 -999.0 -999.0 -999.0 -999.0 -999.0 -999.0 -999.0 -999.0 -999.0 16600.0 -999.0 2 -999 {-999.0 -999.0 -999.0 -999.0 -999.0} "" -999.0 -999.0 -999.0 -999.0 -999 -999 "" "" "" "" 0 0 0.0 0.0 -999 ""
FIBERMAP 1086 R-3C15 BOSS 0 0 0 1 0 0 57.28419916142237 -50.609331509223686 143.1 57.28419916142237 -50.609331509223686 9.994681 170.00279 -999.0 -999.0 -999.0 -999.0 -999.0 -999.0 -999.0 -999.0 -999.0 -999.0 -999.0 -999.0 5400.0 -999.0 1 274 {-999.0 -999.0 -999.0 -999.0 -999.0} "" -999.0 -999.0 -999.0 -999.0 -999 -999 "" "" "" "" 0 0 0.0 0.0 -999 ""
FIBERMAP 1086 R-3C15 METROLOGY 1 0 0 1 0 0 56.923384458707886 -51.25632808002891 143.1 56.923384458707886 -51.25632808002891 9.994681 170.00279 -999.0 -999.0 -999.0 -999.0 -999.0 -999.0 -999.0 -999.0 -999.0 -999.0 -999.0 -999.0 6231.0 -999.0 -1 -999 {-999.0 -999.0 -999.0 -999.0 -999.0} "" -999.0 -999.0 -999.0 -999.0 -999 -999 "" "" "" "" 0 0 0.0 0.0 -999 ""
FIBERMAP 1091 R+10C17 APOGEE 0 0 0 1 0 0 179.5485233327985 201.57169578332523 143.1 179.5485233327985 201.57169578332523 9.988842 169.99728 -999.0 -999.0 -999.0 -999.0 -999.0 -999.0 -999.0 -999.0 -999.0 -999.0 -999.0 -999.0 16600.0 -999.0 2 49 {-999.0 -999.0 -999.0 -999.0 -999.0} "" -999.0 -999.0 -999.0 -999.0 -999 -999 "" "" "" "" 0 0 0.0 0.0 -999 ""
FIBERMAP 1091 R+10C17 BOSS 0 0 0 1 0 0 180.28973355876286 201.59692908731557 143.1 180.28973355876286 201.59692908731557 9.988842 169.99728 -999.0 -999.0 -999.0 -999.0 -999.0 -999.0 -999.0 -999.0 -999.0 -999.0 -999.0 -999.0 5400.0 -999.0 1 170 {-999.0 -999.0 -999.0 -999.0 -999.0} "" -999.0 -999.0 -999.0 -999.0 -999 -999 "" "" "" "" 0 0 0.0 0.0 -999 ""
FIBERMAP 1091 R+10C17 METROLOGY 1 0 0 1 0 0 179.93899609194133 200.93021502528262 143.1 179.93899609194133 200.93021502528262 9.988842 169.99728 -999.0 -999.0 -999.0 -999.0 -999.0 -999.0 -999.0 -999.0 -999.0 -999.0 -999.0 -999.0 6231.0 -999.0 -1 -999 {-999.0 -999.0 -999.0 -999.0 -999.0} "" -999.0 -999.0 -999.0 -999.0 -999 -999 "" "" "" "" 0 0 0.0 0.0 -999 ""
FIBERMAP 1092 R-7C20 APOGEE 0 0 0 1 0 0 213.51690360157374 -128.13103350106485 143.1 213.51690360157374 -128.13103350106485 10.011588 169.99135 -999.0 -999.0 -999.0 -999.0 -999.0 -999.0 -999.0 -999.0 -999.0 -999.0 -999.0 -999.0 16600.0 -999.0 2 200 {-999.0 -999.0 -999.0 -999.0 -999.0} "" -999.0 -999.0 -999.0 -999.0 -999 -999 "" "" "" "" 0 0 0.0 0.0 -999 ""
FIBERMAP 1092 R-7C20 BOSS 0 0 0 1 0 0 214.25207150336553 -128.21337577346796 143.1 214.25207150336553 -128.21337577346796 10.011588 169.99135 -999.0 -999.0 -999.0 -999.0 -999.0 -999.0 -999.0 -999.0 -999.0 -999.0 -999.0 -999.0 5400.0 -999.0 1 332 {-999.0 -999.0 -999.0 -999.0 -999.0} "" -999.0 -999.0 -999.0 -999.0 -999 -999 "" "" "" "" 0 0 0.0 0.0 -999 ""
FIBERMAP 1092 R-7C20 METROLOGY 1 0 0 1 0 0 213.81294610605607 -128.81625973930306 143.1 213.81294610605607 -128.81625973930306 10.011588 169.99135 -999.0 -999.0 -999.0 -999.0 -999.0 -999.0 -999.0 -999.0 -999.0 -999.0 -999.0 -999.0 6231.0 -999.0 -1 -999 {-999.0 -999.0 -999.0 -999.0 -999.0} "" -999.0 -999.0 -999.0 -999.0 -999 -999 "" "" "" "" 0 0 0.0 0.0 -999 ""
FIBERMAP 1094 R+1C19 APOGEE 0 0 0 1 0 0 123.9638229015029 27.00214244619047 143.1 123.9638229015029 27.00214244619047 9.989095 170.00148 -999.0 -999.0 -999.0 -999.0 -999.0 -999.0 -999.0 -999.0 -999.0 -999.0 -999.0 -999.0 16600.0 -999.0 2 -999 {-999.0 -999.0 -999.0 -999.0 -999.0} "" -999.0 -999.0 -999.0 -999.0 -999 -999 "" "" "" "" 0 0 0.0 0.0 -999 ""
FIBERMAP 1094 R+1C19 BOSS 0 0 0 1 0 0 124.70423076940557 27.002581315689625 143.1 124.70423076940557 27.002581315689625 9.989095 170.00148 -999.0 -999.0 -999.0 -999.0 -999.0 -999.0 -999.0 -999.0 -999.0 -999.0 -999.0 -999.0 5400.0 -999.0 1 232 {-999.0 -999.0 -999.0 -999.0 -999.0} "" -999.0 -999.0 -999.0 -999.0 -999 -999 "" "" "" "" 0 0 0.0 0.0 -999 ""
FIBERMAP 1094 R+1C19 METROLOGY 1 0 0 1 0 0 124.34580065163577 26.361240754107175 143.1 124.34580065163577 26.361240754107175 9.989095 170.00148 -999.0 -999.0 -999.0 -999.0 -999.0 -999.0 -999.0 -999.0 -999.0 -999.0 -999.0 -999.0 6231.0 -999.0 -1 -999 {-999.0 -999.0 -999.0 -999.0 -999.0} "" -999.0 -999.0 -999.0 -999.0 -999 -999 "" "" "" "" 0 0 0.0 0.0 -999 ""
FIBERMAP 1095 R+5C8 APOGEE 0 0 0 1 0 0 -77.70418401428408 104.64162961588387 143.1 -77.70418401428408 104.64162961588387 9.988978 170.01393 -999.0 -999.0 -999.0 -999.0 -999.0 -999.0 -999.0 -999.0 -999.0 -999.0 -999.0 -999.0 16600.0 -999.0 2 -999 {-999.0 -999.0 -999.0 -999.0 -999.0} "" -999.0 -999.0 -999.0 -999.0 -999 -999 "" "" "" "" 0 0 0.0 0.0 -999 ""
FIBERMAP 1095 R+5C8 BOSS 0 0 0 1 0 0 -76.95953191064015 104.65194864425843 143.1 -76.95953191064015 104.65194864425843 9.988978 170.01393 -999.0 -999.0 -999.0 -999.0 -999.0 -999.0 -999.0 -999.0 -999.0 -999.0 -999.0 -999.0 5400.0 -999.0 1 65 {-999.0 -999.0 -999.0 -999.0 -999.0} "" -999.0 -999.0 -999.0 -999.0 -999 -999 "" "" "" "" 0 0 0.0 0.0 -999 ""
FIBERMAP 1095 R+5C8 METROLOGY 1 0 0 1 0 0 -77.32229282663353 104.00067634043656 143.1 -77.32229282663353 104.00067634043656 9.988978 170.01393 -999.0 -999.0 -999.0 -999.0 -999.0 -999.0 -999.0 -999.0 -999.0 -999.0 -999.0 -999.0 6231.0 -999.0 -1 -999 {-999.0 -999.0 -999.0 -999.0 -999.0} "" -999.0 -999.0 -999.0 -999.0 -999 -999 "" "" "" "" 0 0 0.0 0.0 -999 ""
FIBERMAP 1096 R+1C25 APOGEE 0 0 0 1 0 0 258.0659961093742 26.997991979539098 143.1 258.0659961093742 26.997991979539098 9.986847 169.99867 -999.0 -999.0 -999.0 -999.0 -999.0 -999.0 -999.0 -999.0 -999.0 -999.0 -999.0 -999.0 16600.0 -999.0 2 -999 {-999.0 -999.0 -999.0 -999.0 -999.0} "" -999.0 -999.0 -999.0 -999.0 -999 -999 "" "" "" "" 0 0 0.0 0.0 -999 ""
FIBERMAP 1096 R+1C25 BOSS 0 0 0 1 0 0 258.80787746255805 27.015777356792974 143.1 258.80787746255805 27.015777356792974 9.986847 169.99867 -999.0 -999.0 -999.0 -999.0 -999.0 -999.0 -999.0 -999.0 -999.0 -999.0 -999.0 -999.0 5400.0 -999.0 1 184 {-999.0 -999.0 -999.0 -999.0 -999.0} "" -999.0 -999.0 -999.0 -999.0 -999 -999 "" "" "" "" 0 0 0.0 0.0 -999 ""
FIBERMAP 1096 R+1C25 METROLOGY 1 0 0 1 0 0 258.45746521080054 26.362843238581327 143.1 258.45746521080054 26.362843238581327 9.986847 169.99867 -999.0 -999.0 -999.0 -999.0 -999.0 -999.0 -999.0 -999.0 -999.0 -999.0 -999.0 -999.0 6231.0 -999.0 -1 -999 {-999.0 -999.0 -999.0 -999.0 -999.0} "" -999.0 -999.0 -999.0 -999.0 -999 -999 "" "" "" "" 0 0 0.0 0.0 -999 ""
FIBERMAP 1098 R+5C1 APOGEE 0 0 0 1 0 0 -234.53334078113537 104.51809035162306 143.1 -234.53334078113537 104.51809035162306 10.000807 170.00957 -999.0 -999.0 -999.0 -999.0 -999.0 -999.0 -999.0 -999.0 -999.0 -999.0 -999.0 -999.0 16600.0 -999.0 2 122 {-999.0 -999.0 -999.0 -999.0 -999.0} "" -999.0 -999.0 -999.0 -999.0 -999 -999 "" "" "" "" 0 0 0.0 0.0 -999 ""
FIBERMAP 1098 R+5C1 BOSS 0 0 0 1 0 0 -233.79073028515498 104.53086490550758 143.1 -233.79073028515498 104.53086490550758 10.000807 170.00957 -999.0 -999.0 -999.0 -999.0 -999.0 -999.0 -999.0 -999.0 -999.0 -999.0 -999.0 -999.0 5400.0 -999.0 1 1 {-999.0 -999.0 -999.0 -999.0 -999.0} "" -999.0 -999.0 -999.0 -999.0 -999 -999 "" "" "" "" 0 0 0.0 0.0 -999 ""
FIBERMAP 1098 R+5C1 METROLOGY 1 0 0 1 0 0 -234.14934630181375 103.86857447037963 143.1 -234.14934630181375 103.86857447037963 10.000807 170.00957 -999.0 -999.0 -999.0 -999.0 -999.0 -999.0 -999.0 -999.0 -999.0 -999.0 -999.0 -999.0 6231.0 -999.0 -1 -999 {-999.0 -999.0 -999.0 -999.0 -999.0} "" -999.0 -999.0 -999.0 -999.0 -999 -999 "" "" "" "" 0 0 0.0 0.0 -999 ""
FIBERMAP 1100 R-9C17 APOGEE 0 0 0 1 0 0 168.84786863543283 -166.99401694358596 143.1 168.84786863543283 -166.99401694358596 9.98968 170.01698 -999.0 -999.0 -999.0 -999.0 -999.0 -999.0 -999.0 -999.0 -999.0 -999.0 -999.0 -999.0 16600.0 -999.0 2 -999 {-999.0 -999.0 -999.0 -999.0 -999.0} "" -999.0 -999.0 -999.0 -999.0 -999 -999 "" "" "" "" 0 0 0.0 0.0 -999 ""
FIBERMAP 1100 R-9C17 BOSS 0 0 0 1 0 0 169.6053061960205 -166.98713576768688 143.1 169.6053061960205 -166.98713576768688 9.98968 170.01698 -999.0 -999.0 -999.0 -999.0 -999.0 -999.0 -999.0 -999.0 -999.0 -999.0 -999.0 -999.0 5400.0 -999.0 1 269 {-999.0 -999.0 -999.0 -999.0 -999.0} "" -999.0 -999.0 -999.0 -999.0 -999 -999 "" "" "" "" 0 0 0.0 0.0 -999 ""
FIBERMAP 1100 R-9C17 METROLOGY 1 0 0 1 0 0 169.22381772089494 -167.63847350973452 143.1 169.22381772089494 -167.63847350973452 9.98968 170.01698 -999.0 -999.0 -999.0 -999.0 -999.0 -999.0 -999.0 -999.0 -999.0 -999.0 -999.0 -999.0 6231.0 -999.0 -1 -999 {-999.0 -999.0 -999.0 -999.0 -999.0} "" -999.0 -999.0 -999.0 -999.0 -999 -999 "" "" "" "" 0 0 0.0 0.0 -999 ""
FIBERMAP 1101 R-12C14 APOGEE 0 0 0 1 0 0 135.1885352683911 -225.15056532818534 143.1 135.1885352683911 -225.15056532818534 9.993067 170.01729 -999.0 -999.0 -999.0 -999.0 -999.0 -999.0 -999.0 -999.0 -999.0 -999.0 -999.0 -999.0 16600.0 -999.0 2 213 {-999.0 -999.0 -999.0 -999.0 -999.0} "" -999.0 -999.0 -999.0 -999.0 -999 -999 "" "" "" "" 0 0 0.0 0.0 -999 ""
FIBERMAP 1101 R-12C14 BOSS 0 0 0 1 0 0 135.92342643044924 -225.11370634733223 143.1 135.92342643044924 -225.11370634733223 9.993067 170.01729 -999.0 -999.0 -999.0 -999.0 -999.0 -999.0 -999.0 -999.0 -999.0 -999.0 -999.0 -999.0 5400.0 -999.0 1 256 {-999.0 -999.0 -999.0 -999.0 -999.0} "" -999.0 -999.0 -999.0 -999.0 -999 -999 "" "" "" "" 0 0 0.0 0.0 -999 ""
FIBERMAP 1101 R-12C14 METROLOGY 1 0 0 1 0 0 135.59549429611795 -225.78461698922618 143.1 135.59549429611795 -225.78461698922618 9.993067 170.01729 -999.0 -999.0 -999.0 -999.0 -999.0 -999.0 -999.0 -999.0 -999.0 -999.0 -999.0 -999.0 6231.0 -999.0 -1 -999 {-999.0 -999.0 -999.0 -999.0 -999.0} "" -999.0 -999.0 -999.0 -999.0 -999 -999 "" "" "" "" 0 0 0.0 0.0 -999 ""
FIBERMAP 1103 R-2C9 APOGEE 0 0 0 1 0 0 -89.11513036692895 -31.287419435213234 143.1 -89.11513036692895 -31.287419435213234 9.991293 169.99597 -999.0 -999.0 -999.0 -999.0 -999.0 -999.0 -999.0 -999.0 -999.0 -999.0 -999.0 -999.0 16600.0 -999.0 2 258 {-999.0 -999.0 -999.0 -999.0 -999.0} "" -999.0 -999.0 -999.0 -999.0 -999 -999 "" "" "" "" 0 0 0.0 0.0 -999 ""
FIBERMAP 1103 R-2C9 BOSS 0 0 0 1 0 0 -88.38872134203689 -31.291434007557875 143.1 -88.38872134203689 -31.291434007557875 9.991293 169.99597 -999.0 -999.0 -999.0 -999.0 -999.0 -999.0 -999.0 -999.0 -999.0 -999.0 -999.0 -999.0 5400.0 -999.0 1 449 {-999.0 -999.0 -999.0 -999.0 -999.0} "" -999.0 -999.0 -999.0 -999.0 -999 -999 "" "" "" "" 0 0 0.0 0.0 -999 ""
FIBERMAP 1103 R-2C9 METROLOGY 1 0 0 1 0 0 -88.75507015078693 -31.937697544562702 143.1 -88.75507015078693 -31.937697544562702 9.991293 169.99597 -999.0 -999.0 -999.0 -999.0 -999.0 -999.0 -999.0 -999.0 -999.0 -999.0 -999.0 -999.0 6231.0 -999.0 -1 -999 {-999.0 -999.0 -999.0 -999.0 -999.0} "" -999.0 -999.0 -999.0 -999.0 -999 -999 "" "" "" "" 0 0 0.0 0.0 -999 ""
FIBERMAP 1104 R-13C7 APOGEE 0 0 0 1 0 0 -10.612675243180714 -244.61809804673558 143.1 -10.612675243180714 -244.61809804673558 10.005078 169.98918 -999.0 -999.0 -999.0 -999.0 -999.0 -999.0 -999.0 -999.0 -999.0 -999.0 -999.0 -999.0 16600.0 -999.0 2 299 {-999.0 -999.0 -999.0 -999.0 -999.0} "" -999.0 -999.0 -999.0 -999.0 -999 -999 "" "" "" "" 0 0 0.0 0.0 -999 ""
FIBERMAP 1104 R-13C7 BOSS 0 0 0 1 0 0 -9.868816976508143 -244.62113463501103 143.1 -9.868816976508143 -244.62113463501103 10.005078 169.98918 -999.0 -999.0 -999.0 -999.0 -999.0 -999.0 -999.0 -999.0 -999.0 -999.0 -999.0 -999.0 5400.0 -999.0 1 416 {-999.0 -999.0 -999.0 -999.0 -999.0} "" -999.0 -999.0 -999.0 -999.0 -999 -999 "" "" "" "" 0 0 0.0 0.0 -999 ""
FIBERMAP 1104 R-13C7 METROLOGY 1 0 0 1 0 0 -10.241910374828414 -245.2661298504803 143.1 -10.241910374828414 -245.2661298504803 10.005078 169.98918 -999.0 -999.0 -999.0 -999.0 -999.0 -999.0 -999.0 -999.0 -999.0 -999.0 -999.0 -999.0 6231.0 -999.0 -1 -999 {-999.0 -999.0 -999.0 -999.0 -999.0} "" -999.0 -999.0 -999.0 -999.0 -999 -999 "" "" "" "" 0 0 0.0 0.0 -999 ""
FIBERMAP 1105 R-7C6 APOGEE 0 0 0 1 0 0 -100.32328851117798 -128.17458859588967 143.1 -100.32328851117798 -128.17458859588967 9.992929 169.98962 -999.0 -999.0 -999.0 -999.0 -999.0 -999.0 -999.0 -999.0 -999.0 -999.0 -999.0 -999.0 16600.0 -999.0 2 -999 {-999.0 -999.0 -999.0 -999.0 -999.0} "" -999.0 -999.0 -999.0 -999.0 -999 -999 "" "" "" "" 0 0 0.0 0.0 -999 ""
FIBERMAP 1105 R-7C6 BOSS 0 0 0 1 0 0 -99.57539140842405 -128.16615286019606 143.1 -99.57539140842405 -128.16615286019606 9.992929 169.98962 -999.0 -999.0 -999.0 -999.0 -999.0 -999.0 -999.0 -999.0 -999.0 -999.0 -999.0 -999.0 5400.0 -999.0 1 437 {-999.0 -999.0 -999.0 -999.0 -999.0} "" -999.0 -999.0 -999.0 -999.0 -999 -999 "" "" "" "" 0 0 0.0 0.0 -999 ""
FIBERMAP 1105 R-7C6 METROLOGY 1 0 0 1 0 0 -99.94397131140944 -128.81706851189605 143.1 -99.94397131140944 -128.81706851189605 9.992929 169.98962 -999.0 -999.0 -999.0 -999.0 -999.0 -999.0 -999.0 -999.0 -999.0 -999.0 -999.0 -999.0 6231.0 -999.0 -1 -999 {-999.0 -999.0 -999.0 -999.0 -999.0} "" -999.0 -999.0 -999.0 -999.0 -999 -999 "" "" "" "" 0 0 0.0 0.0 -999 ""
FIBERMAP 1106 R-10C9 APOGEE 0 0 0 1 0 0 0.5103034936457844 -186.60200001701233 143.1 0.5103034936457844 -186.60200001701233 10.008693 169.99112 -999.0 -999.0 -999.0 -999.0 -999.0 -999.0 -999.0 -999.0 -999.0 -999.0 -999.0 -999.0 16600.0 -999.0 2 -999 {-999.0 -999.0 -999.0 -999.0 -999.0} "" -999.0 -999.0 -999.0 -999.0 -999 -999 "" "" "" "" 0 0 0.0 0.0 -999 ""
FIBERMAP 1106 R-10C9 BOSS 0 0 0 1 0 0 1.2578205530784687 -186.5725905479451 143.1 1.2578205530784687 -186.5725905479451 10.008693 169.99112 -999.0 -999.0 -999.0 -999.0 -999.0 -999.0 -999.0 -999.0 -999.0 -999.0 -999.0 -999.0 5400.0 -999.0 1 371 {-999.0 -999.0 -999.0 -999.0 -999.0} "" -999.0 -999.0 -999.0 -999.0 -999 -999 "" "" "" "" 0 0 0.0 0.0 -999 ""
FIBERMAP 1106 R-10C9 METROLOGY 1 0 0 1 0 0 0.8993102696768782 -187.23865982312049 143.1 0.8993102696768782 -187.23865982312049 10.008693 169.99112 -999.0 -999.0 -999.0 -999.0 -999.0 -999.0 -999.0 -999.0 -999.0 -999.0 -999.0 -999.0 6231.0 -999.0 -1 -999 {-999.0 -999.0 -999.0 -999.0 -999.0} "" -999.0 -999.0 -999.0 -999.0 -999 -999 "" "" "" "" 0 0 0.0 0.0 -999 ""
FIBERMAP 1107 R-13C5 APOGEE 0 0 0 1 0 0 -55.330151865640666 -244.66726449367283 143.1 -55.330151865640666 -244.66726449367283 9.991533 169.98978 -999.0 -999.0 -999.0 -999.0 -999.0 -999.0 -999.0 -999.0 -999.0 -999.0 -999.0 -999.0 16600.0 -999.0 2 283 {-999.0 -999.0 -999.0 -999.0 -999.0} "" -999.0 -999.0 -999.0 -999.0 -999 -999 "" "" "" "" 0 0 0.0 0.0 -999 ""
FIBERMAP 1107 R-13C5 BOSS 0 0 0 1 0 0 -54.58931069791958 -244.63882185522198 143.1 -54.58931069791958 -244.63882185522198 9.991533 169.98978 -999.0 -999.0 -999.0 -999.0 -999.0 -999.0 -999.0 -999.0 -999.0 -999.0 -999.0 -999.0 5400.0 -999.0 1 414 {-999.0 -999.0 -999.0 -999.0 -999.0} "" -999.0 -999.0 -999.0 -999.0 -999 -999 "" "" "" "" 0 0 0.0 0.0 -999 ""
FIBERMAP 1107 R-13C5 METROLOGY 1 0 0 1 0 0 -54.92651193833953 -245.29496441396444 143.1 -54.92651193833953 -245.29496441396444 9.991533 169.98978 -999.0 -999.0 -999.0 -999.0 -999.0 -999.0 -999.0 -999.0 -999.0 -999.0 -999.0 -999.0 6231.0 -999.0 -1 -999 {-999.0 -999.0 -999.0 -999.0 -999.0} "" -999.0 -999.0 -999.0 -999.0 -999 -999 "" "" "" "" 0 0 0.0 0.0 -999 ""
FIBERMAP 1108 R-9C7 APOGEE 0 0 0 1 0 0 -55.501306565373746 -167.27869876176777 143.1 -55.501306565373746 -167.27869876176777 10.007377 170.02286 -999.0 -999.0 -999.0 -999.0 -999.0 -999.0 -999.0 -999.0 -999.0 -999.0 -999.0 -999.0 16600.0 -999.0 2 178 {-999.0 -999.0 -999.0 -999.0 -999.0} "" -999.0 -999.0 -999.0 -999.0 -999 -999 "" "" "" "" 0 0 0.0 0.0 -999 ""
FIBERMAP 1108 R-9C7 BOSS 0 0 0 1 0 0 -54.757659315412624 -167.26252619639743 143.1 -54.757659315412624 -167.26252619639743 10.007377 170.02286 -999.0 -999.0 -999.0 -999.0 -999.0 -999.0 -999.0 -999.0 -999.0 -999.0 -999.0 -999.0 5400.0 -999.0 1 390 {-999.0 -999.0 -999.0 -999.0 -999.0} "" -999.0 -999.0 -999.0 -999.0 -999 -999 "" "" "" "" 0 0 0.0 0.0 -999 ""
FIBERMAP 1108 R-9C7 METROLOGY 1 0 0 1 0 0 -55.12548467243445 -167.9152096873906 143.1 -55.12548467243445 -167.9152096873906 10.007377 170.02286 -999.0 -999.0 -999.0 -999.0 -999.0 -999.0 -999.0 -999.0 -999.0 -999.0 -999.0 -999.0 6231.0 -999.0 -1 -999 {-999.0 -999.0 -999.0 -999.0 -999.0} "" -999.0 -999.0 -999.0 -999.0 -999 -999 "" "" "" "" 0 0 0.0 0.0 -999 ""
FIBERMAP 1109 R+8C19 APOGEE 0 0 0 1 0 0 202.1812767702179 162.78115903212316 143.1 202.1812767702179 162.78115903212316 9.995368 170.00697 -999.0 -999.0 -999.0 -999.0 -999.0 -999.0 -999.0 -999.0 -999.0 -999.0 -999.0 -999.0 16600.0 -999.0 2 60 {-999.0 -999.0 -999.0 -999.0 -999.0} "" -999.0 -999.0 -999.0 -999.0 -999 -999 "" "" "" "" 0 0 0.0 0.0 -999 ""
FIBERMAP 1109 R+8C19 BOSS 0 0 0 1 0 0 202.931884777389 162.80627778671635 143.1 202.931884777389 162.80627778671635 9.995368 170.00697 -999.0 -999.0 -999.0 -999.0 -999.0 -999.0 -999.0 -999.0 -999.0 -999.0 -999.0 -999.0 5400.0 -999.0 1 168 {-999.0 -999.0 -999.0 -999.0 -999.0} "" -999.0 -999.0 -999.0 -999.0 -999 -999 "" "" "" "" 0 0 0.0 0.0 -999 ""
FIBERMAP 1109 R+8C19 METROLOGY 1 0 0 1 0 0 202.57193291115604 162.1450216864154 143.1 202.57193291115604 162.1450216864154 9.995368 170.00697 -999.0 -999.0 -999.0 -999.0 -999.0 -999.0 -999.0 -999.0 -999.0 -999.0 -999.0 -999.0 6231.0 -999.0 -1 -999 {-999.0 -999.0 -999.0 -999.0 -999.0} "" -999.0 -999.0 -999.0 -999.0 -999 -999 "" "" "" "" 0 0 0.0 0.0 -999 ""
FIBERMAP 1111 R+8C16 APOGEE 0 0 0 1 0 0 134.8380256713466 162.79180393781314 143.1 134.8380256713466 162.79180393781314 9.9912615 170.01782 -999.0 -999.0 -999.0 -999.0 -999.0 -999.0 -999.0 -999.0 -999.0 -999.0 -999.0 -999.0 16600.0 -999.0 2 -999 {-999.0 -999.0 -999.0 -999.0 -999.0} "" -999.0 -999.0 -999.0 -999.0 -999 -999 "" "" "" "" 0 0 0.0 0.0 -999 ""
FIBERMAP 1111 R+8C16 BOSS 0 0 0 1 0 0 135.5781262431089 162.81704440789164 143.1 135.5781262431089 162.81704440789164 9.9912615 170.01782 -999.0 -999.0 -999.0 -999.0 -999.0 -999.0 -999.0 -999.0 -999.0 -999.0 -999.0 -999.0 5400.0 -999.0 1 202 {-999.0 -999.0 -999.0 -999.0 -999.0} "" -999.0 -999.0 -999.0 -999.0 -999 -999 "" "" "" "" 0 0 0.0 0.0 -999 ""
FIBERMAP 1111 R+8C16 METROLOGY 1 0 0 1 0 0 135.22319685108818 162.15281634575186 143.1 135.22319685108818 162.15281634575186 9.9912615 170.01782 -999.0 -999.0 -999.0 -999.0 -999.0 -999.0 -999.0 -999.0 -999.0 -999.0 -999.0 -999.0 6231.0 -999.0 -1 -999 {-999.0 -999.0 -999.0 -999.0 -999.0} "" -999.0 -999.0 -999.0 -999.0 -999 -999 "" "" "" "" 0 0 0.0 0.0 -999 ""
FIBERMAP 1112 R-6C10 APOGEE 0 0 0 1 0 0 -21.706149427093223 -108.8931847610779 143.1 -21.706149427093223 -108.8931847610779 9.984783 170.00485 -999.0 -999.0 -999.0 -999.0 -999.0 -999.0 -999.0 -999.0 -999.0 -999.0 -999.0 -999.0 16600.0 -999.0 2 -999 {-999.0 -999.0 -999.0 -999.0 -999.0} "" -999.0 -999.0 -999.0 -999.0 -999 -999 "" "" "" "" 0 0 0.0 0.0 -999 ""
FIBERMAP 1112 R-6C10 BOSS 0 0 0 1 0 0 -20.95297793018661 -108.884314482974 143.1 -20.95297793018661 -108.884314482974 9.984783 170.00485 -999.0 -999.0 -999.0 -999.0 -999.0 -999.0 -999.0 -999.0 -999.0 -999.0 -999.0 -999.0 5400.0 -999.0 1 367 {-999.0 -999.0 -999.0 -999.0 -999.0} "" -999.0 -999.0 -999.0 -999.0 -999 -999 "" "" "" "" 0 0 0.0 0.0 -999 ""
FIBERMAP 1112 R-6C10 METROLOGY 1 0 0 1 0 0 -21.318167366517933 -109.53046954920919 143.1 -21.318167366517933 -109.53046954920919 9.984783 170.00485 -999.0 -999.0 -999.0 -999.0 -999.0 -999.0 -999.0 -999.0 -999.0 -999.0 -999.0 -999.0 6231.0 -999.0 -1 -999 {-999.0 -999.0 -999.0 -999.0 -999.0} "" -999.0 -999.0 -999.0 -999.0 -999 -999 "" "" "" "" 0 0 0.0 0.0 -999 ""
FIBERMAP 1113 R-3C16 APOGEE 0 0 0 1 0 0 79.08557226994651 -50.632092417461145 143.1 79.08557226994651 -50.632092417461145 10.006845 169.9983 -999.0 -999.0 -999.0 -999.0 -999.0 -999.0 -999.0 -999.0 -999.0 -999.0 -999.0 -999.0 16600.0 -999.0 2 235 {-999.0 -999.0 -999.0 -999.0 -999.0} "" -999.0 -999.0 -999.0 -999.0 -999 -999 "" "" "" "" 0 0 0.0 0.0 -999 ""
FIBERMAP 1113 R-3C16 BOSS 0 0 0 1 0 0 79.8254105686011 -50.62385448287008 143.1 79.8254105686011 -50.62385448287008 10.006845 169.9983 -999.0 -999.0 -999.0 -999.0 -999.0 -999.0 -999.0 -999.0 -999.0 -999.0 -999.0 -999.0 5400.0 -999.0 1 282 {-999.0 -999.0 -999.0 -999.0 -999.0} "" -999.0 -999.0 -999.0 -999.0 -999 -999 "" "" "" "" 0 0 0.0 0.0 -999 ""
FIBERMAP 1113 R-3C16 METROLOGY 1 0 0 1 0 0 79.4688894666301 -51.27068666722276 143.1 79.4688894666301 -51.27068666722276 10.006845 169.9983 -999.0 -999.0 -999.0 -999.0 -999.0 -999.0 -999.0 -999.0 -999.0 -999.0 -999.0 -999.0 6231.0 -999.0 -1 -999 {-999.0 -999.0 -999.0 -999.0 -999.0} "" -999.0 -999.0 -999.0 -999.0 -999 -999 "" "" "" "" 0 0 0.0 0.0 -999 ""
FIBERMAP 1114 R-8C15 APOGEE 0 0 0 1 0 0 112.79296095706675 -147.78445479314365 143.1 112.79296095706675 -147.78445479314365 10.011367 169.99753 -999.0 -999.0 -999.0 -999.0 -999.0 -999.0 -999.0 -999.0 -999.0 -999.0 -999.0 -999.0 16600.0 -999.0 2 203 {-999.0 -999.0 -999.0 -999.0 -999.0} "" -999.0 -999.0 -999.0 -999.0 -999 -999 "" "" "" "" 0 0 0.0 0.0 -999 ""
FIBERMAP 1114 R-8C15 BOSS 0 0 0 1 0 0 113.52180089321018 -147.75987400762185 143.1 113.52180089321018 -147.75987400762185 10.011367 169.99753 -999.0 -999.0 -999.0 -999.0 -999.0 -999.0 -999.0 -999.0 -999.0 -999.0 -999.0 -999.0 5400.0 -999.0 1 318 {-999.0 -999.0 -999.0 -999.0 -999.0} "" -999.0 -999.0 -999.0 -999.0 -999 -999 "" "" "" "" 0 0 0.0 0.0 -999 ""
FIBERMAP 1114 R-8C15 METROLOGY 1 0 0 1 0 0 113.17923315390054 -148.42232851673663 143.1 113.17923315390054 -148.42232851673663 10.011367 169.99753 -999.0 -999.0 -999.0 -999.0 -999.0 -999.0 -999.0 -999.0 -999.0 -999.0 -999.0 -999.0 6231.0 -999.0 -1 -999 {-999.0 -999.0 -999.0 -999.0 -999.0} "" -999.0 -999.0 -999.0 -999.0 -999 -999 "" "" "" "" 0 0 0.0 0.0 -999 ""
FIBERMAP 1115 R-5C21 APOGEE 0 0 0 1 0 0 213.3449985739508 -89.3799592861177 143.1 213.3449985739508 -89.3799592861177 10.016586 169.9994 -999.0 -999.0 -999.0 -999.0 -999.0 -999.0 -999.0 -999.0 -999.0 -999.0 -999.0 -999.0 16600.0 -999.0 2 -999 {-999.0 -999.0 -999.0 -999.0 -999.0} "" -999.0 -999.0 -999.0 -999.0 -999 -999 "" "" "" "" 0 0 0.0 0.0 -999 ""
FIBERMAP 1115 R-5C21 BOSS 0 0 0 1 0 0 214.07125807719441 -89.34740832030413 143.1 214.07125807719441 -89.34740832030413 10.016586 169.9994 -999.0 -999.0 -999.0 -999.0 -999.0 -999.0 -999.0 -999.0 -999.0 -999.0 -999.0 -999.0 5400.0 -999.0 1 321 {-999.0 -999.0 -999.0 -999.0 -999.0} "" -999.0 -999.0 -999.0 -999.0 -999 -999 "" "" "" "" 0 0 0.0 0.0 -999 ""
FIBERMAP 1115 R-5C21 METROLOGY 1 0 0 1 0 0 213.73604555328492 -90.01536800534134 143.1 213.73604555328492 -90.01536800534134 10.016586 169.9994 -999.0 -999.0 -999.0 -999.0 -999.0 -999.0 -999.0 -999.0 -999.0 -999.0 -999.0 -999.0 6231.0 -999.0 -1 -999 {-999.0 -999.0 -999.0 -999.0 -999.0} "" -999.0 -999.0 -999.0 -999.0 -999 -999 "" "" "" "" 0 0 0.0 0.0 -999 ""
FIBERMAP 1118 R-13C4 APOGEE 0 0 0 1 0 0 -77.70930894028895 -244.59241725656682 143.1 -77.70930894028895 -244.59241725656682 10.014769 170.01022 -999.0 -999.0 -999.0 -999.0 -999.0 -999.0 -999.0 -999.0 -999.0 -999.0 -999.0 -999.0 16600.0 -999.0 2 279 {-999.0 -999.0 -999.0 -999.0 -999.0} "" -999.0 -999.0 -999.0 -999.0 -999 -999 "" "" "" "" 0 0 0.0 0.0 -999 ""
FIBERMAP 1118 R-13C4 BOSS 0 0 0 1 0 0 -76.97518044527149 -244.5635133246246 143.1 -76.97518044527149 -244.5635133246246 10.014769 170.01022 -999.0 -999.0 -999.0 -999.0 -999.0 -999.0 -999.0 -999.0 -999.0 -999.0 -999.0 -999.0 5400.0 -999.0 1 413 {-999.0 -999.0 -999.0 -999.0 -999.0} "" -999.0 -999.0 -999.0 -999.0 -999 -999 "" "" "" "" 0 0 0.0 0.0 -999 ""
FIBERMAP 1118 R-13C4 METROLOGY 1 0 0 1 0 0 -77.31595688130632 -245.22419880157824 143.1 -77.31595688130632 -245.22419880157824 10.014769 170.01022 -999.0 -999.0 -999.0 -999.0 -999.0 -999.0 -999.0 -999.0 -999.0 -999.0 -999.0 -999.0 6231.0 -999.0 -1 -999 {-999.0 -999.0 -999.0 -999.0 -999.0} "" -999.0 -999.0 -999.0 -999.0 -999 -999 "" "" "" "" 0 0 0.0 0.0 -999 ""
FIBERMAP 1121 R-3C7 APOGEE 0 0 0 1 0 0 -122.38191865700487 -50.657888662349144 143.1 -122.38191865700487 -50.657888662349144 10.006834 170.00116 -999.0 -999.0 -999.0 -999.0 -999.0 -999.0 -999.0 -999.0 -999.0 -999.0 -999.0 -999.0 16600.0 -999.0 2 254 {-999.0 -999.0 -999.0 -999.0 -999.0} "" -999.0 -999.0 -999.0 -999.0 -999 -999 "" "" "" "" 0 0 0.0 0.0 -999 ""
FIBERMAP 1121 R-3C7 BOSS 0 0 0 1 0 0 -121.64166604132939 -50.67714273100526 143.1 -121.64166604132939 -50.67714273100526 10.006834 170.00116 -999.0 -999.0 -999.0 -999.0 -999.0 -999.0 -999.0 -999.0 -999.0 -999.0 -999.0 -999.0 5400.0 -999.0 1 468 {-999.0 -999.0 -999.0 -999.0 -999.0} "" -999.0 -999.0 -999.0 -999.0 -999 -999 "" "" "" "" 0 0 0.0 0.0 -999 ""
FIBERMAP 1121 R-3C7 METROLOGY 1 0 0 1 0 0 -122.02066343439321 -51.31497142856665 143.1 -122.02066343439321 -51.31497142856665 10.006834 170.00116 -999.0 -999.0 -999.0 -999.0 -999.0 -999.0 -999.0 -999.0 -999.0 -999.0 -999.0 -999.0 6231.0 -999.0 -1 -999 {-999.0 -999.0 -999.0 -999.0 -999.0} "" -999.0 -999.0 -999.0 -999.0 -999 -999 "" "" "" "" 0 0 0.0 0.0 -999 ""
FIBERMAP 1125 R0C22 APOGEE 0 0 0 1 0 0 180.17573099721508 7.527759880590576 143.1 180.17573099721508 7.527759880590576 10.011146 170.01715 -999.0 -999.0 -999.0 -999.0 -999.0 -999.0 -999.0 -999.0 -999.0 -999.0 -999.0 -999.0 16600.0 -999.0 2 -999 {-999.0 -999.0 -999.0 -999.0 -999.0} "" -999.0 -999.0 -999.0 -999.0 -999 -999 "" "" "" "" 0 0 0.0 0.0 -999 ""
FIBERMAP 1125 R0C22 BOSS 0 0 0 1 0 0 180.91777860384602 7.526314019342161 143.1 180.91777860384602 7.526314019342161 10.011146 170.01715 -999.0 -999.0 -999.0 -999.0 -999.0 -999.0 -999.0 -999.0 -999.0 -999.0 -999.0 -999.0 5400.0 -999.0 1 244 {-999.0 -999.0 -999.0 -999.0 -999.0} "" -999.0 -999.0 -999.0 -999.0 -999 -999 "" "" "" "" 0 0 0.0 0.0 -999 ""
FIBERMAP 1125 R0C22 METROLOGY 1 0 0 1 0 0 180.5488760742034 6.88167572815286 143.1 180.5488760742034 6.88167572815286 10.011146 170.01715 -999.0 -999.0 -999.0 -999.0 -999.0 -999.0 -999.0 -999.0 -999.0 -999.0 -999.0 -999.0 6231.0 -999.0 -1 -999 {-999.0 -999.0 -999.0 -999.0 -999.0} "" -999.0 -999.0 -999.0 -999.0 -999 -999 "" "" "" "" 0 0 0.0 0.0 -999 ""
FIBERMAP 1126 R+3C12 APOGEE 0 0 0 1 0 0 -10.654717023724928 65.77190662185617 143.1 -10.654717023724928 65.77190662185617 10.003687 169.99715 -999.0 -999.0 -999.0 -999.0 -999.0 -999.0 -999.0 -999.0 -999.0 -999.0 -999.0 -999.0 16600.0 -999.0 2 14 {-999.0 -999.0 -999.0 -999.0 -999.0} "" -999.0 -999.0 -999.0 -999.0 -999 -999 "" "" "" "" 0 0 0.0 0.0 -999 ""
FIBERMAP 1126 R+3C12 BOSS 0 0 0 1 0 0 -9.922792481357902 65.78374971652691 143.1 -9.922792481357902 65.78374971652691 10.003687 169.99715 -999.0 -999.0 -999.0 -999.0 -999.0 -999.0 -999.0 -999.0 -999.0 -999.0 -999.0 -999.0 5400.0 -999.0 1 114 {-999.0 -999.0 -999.0 -999.0 -999.0} "" -999.0 -999.0 -999.0 -999.0 -999 -999 "" "" "" "" 0 0 0.0 0.0 -999 ""
FIBERMAP 1126 R+3C12 METROLOGY 1 0 0 1 0 0 -10.276349981412803 65.13032902528067 143.1 -10.276349981412803 65.13032902528067 10.003687 169.99715 -999.0 -999.0 -999.0 -999.0 -999.0 -999.0 -999.0 -999.0 -999.0 -999.0 -999.0 -999.0 6231.0 -999.0 -1 -999 {-999.0 -999.0 -999.0 -999.0 -999.0} "" -999.0 -999.0 -999.0 -999.0 -999 -999 "" "" "" "" 0 0 0.0 0.0 -999 ""
FIBERMAP 1127 R-13C6 APOGEE 0 0 0 1 0 0 -32.71202710371708 -244.58061738229432 143.1 -32.71202710371708 -244.58061738229432 10.013588 170.01743 -999.0 -999.0 -999.0 -999.0 -999.0 -999.0 -999.0 -999.0 -999.0 -999.0 -999.0 -999.0 16600.0 -999.0 2 274 {-999.0 -999.0 -999.0 -999.0 -999.0} "" -999.0 -999.0 -999.0 -999.0 -999 -999 "" "" "" "" 0 0 0.0 0.0 -999 ""
FIBERMAP 1127 R-13C6 BOSS 0 0 0 1 0 0 -31.961736252778813 -244.59715622645055 143.1 -31.961736252778813 -244.59715622645055 10.013588 170.01743 -999.0 -999.0 -999.0 -999.0 -999.0 -999.0 -999.0 -999.0 -999.0 -999.0 -999.0 -999.0 5400.0 -999.0 1 415 {-999.0 -999.0 -999.0 -999.0 -999.0} "" -999.0 -999.0 -999.0 -999.0 -999 -999 "" "" "" "" 0 0 0.0 0.0 -999 ""
FIBERMAP 1127 R-13C6 METROLOGY 1 0 0 1 0 0 -32.345383663285524 -245.24092351487795 143.1 -32.345383663285524 -245.24092351487795 10.013588 170.01743 -999.0 -999.0 -999.0 -999.0 -999.0 -999.0 -999.0 -999.0 -999.0 -999.0 -999.0 -999.0 6231.0 -999.0 -1 -999 {-999.0 -999.0 -999.0 -999.0 -999.0} "" -999.0 -999.0 -999.0 -999.0 -999 -999 "" "" "" "" 0 0 0.0 0.0 -999 ""
FIBERMAP 1129 R-8C8 APOGEE 0 0 0 1 0 0 -43.943998872551774 -147.60997650503313 143.1 -43.943998872551774 -147.60997650503313 9.9902 170.002 -999.0 -999.0 -999.0 -999.0 -999.0 -999.0 -999.0 -999.0 -999.0 -999.0 -999.0 -999.0 16600.0 -999.0 2 -999 {-999.0 -999.0 -999.0 -999.0 -999.0} "" -999.0 -999.0 -999.0 -999.0 -999 -999 "" "" "" "" 0 0 0.0 0.0 -999 ""
FIBERMAP 1129 R-8C8 BOSS 0 0 0 1 0 0 -43.200949807786394 -147.60178855511677 143.1 -43.200949807786394 -147.60178855511677 9.9902 170.002 -999.0 -999.0 -999.0 -999.0 -999.0 -999.0 -999.0 -999.0 -999.0 -999.0 -999.0 -999.0 5400.0 -999.0 1 389 {-999.0 -999.0 -999.0 -999.0 -999.0} "" -999.0 -999.0 -999.0 -999.0 -999 -999 "" "" "" "" 0 0 0.0 0.0 -999 ""
FIBERMAP 1129 R-8C8 METROLOGY 1 0 0 1 0 0 -43.569907265653725 -148.25551306492747 143.1 -43.569907265653725 -148.25551306492747 9.9902 170.002 -999.0 -999.0 -999.0 -999.0 -999.0 -999.0 -999.0 -999.0 -999.0 -999.0 -999.0 -999.0 6231.0 -999.0 -1 -999 {-999.0 -999.0 -999.0 -999.0 -999.0} "" -999.0 -999.0 -999.0 -999.0 -999 -999 "" "" "" "" 0 0 0.0 0.0 -999 ""
FIBERMAP 1130 R-3C13 APOGEE 0 0 0 1 0 0 11.75574512965361 -50.63856633269694 143.1 11.75574512965361 -50.63856633269694 10.009168 169.99951 -999.0 -999.0 -999.0 -999.0 -999.0 -999.0 -999.0 -999.0 -999.0 -999.0 -999.0 -999.0 16600.0 -999.0 2 174 {-999.0 -999.0 -999.0 -999.0 -999.0} "" -999.0 -999.0 -999.0 -999.0 -999 -999 "" "" "" "" 0 0 0.0 0.0 -999 ""
FIBERMAP 1130 R-3C13 BOSS 0 0 0 1 0 0 12.495037134003027 -50.646505756220456 143.1 12.495037134003027 -50.646505756220456 10.009168 169.99951 -999.0 -999.0 -999.0 -999.0 -999.0 -999.0 -999.0 -999.0 -999.0 -999.0 -999.0 -999.0 5400.0 -999.0 1 364 {-999.0 -999.0 -999.0 -999.0 -999.0} "" -999.0 -999.0 -999.0 -999.0 -999 -999 "" "" "" "" 0 0 0.0 0.0 -999 ""
FIBERMAP 1130 R-3C13 METROLOGY 1 0 0 1 0 0 12.116871636697972 -51.29000192828857 143.1 12.116871636697972 -51.29000192828857 10.009168 169.99951 -999.0 -999.0 -999.0 -999.0 -999.0 -999.0 -999.0 -999.0 -999.0 -999.0 -999.0 -999.0 6231.0 -999.0 -1 -999 {-999.0 -999.0 -999.0 -999.0 -999.0} "" -999.0 -999.0 -999.0 -999.0 -999 -999 "" "" "" "" 0 0 0.0 0.0 -999 ""
FIBERMAP 1131 R-8C19 APOGEE 0 0 0 1 0 0 202.118642817212 -147.57762090521908 143.1 202.118642817212 -147.57762090521908 10.006726 170.00304 -999.0 -999.0 -999.0 -999.0 -999.0 -999.0 -999.0 -999.0 -999.0 -999.0 -999.0 -999.0 16600.0 -999.0 2 185 {-999.0 -999.0 -999.0 -999.0 -999.0} "" -999.0 -999.0 -999.0 -999.0 -999 -999 "" "" "" "" 0 0 0.0 0.0 -999 ""
FIBERMAP 1131 R-8C19 BOSS 0 0 0 1 0 0 202.86666345355044 -147.56379180721052 143.1 202.86666345355044 -147.56379180721052 10.006726 170.00304 -999.0 -999.0 -999.0 -999.0 -999.0 -999.0 -999.0 -999.0 -999.0 -999.0 -999.0 -999.0 5400.0 -999.0 1 331 {-999.0 -999.0 -999.0 -999.0 -999.0} "" -999.0 -999.0 -999.0 -999.0 -999 -999 "" "" "" "" 0 0 0.0 0.0 -999 ""
FIBERMAP 1131 R-8C19 METROLOGY 1 0 0 1 0 0 202.5233233366943 -148.2158675117765 143.1 202.5233233366943 -148.2158675117765 10.006726 170.00304 -999.0 -999.0 -999.0 -999.0 -999.0 -999.0 -999.0 -999.0 -999.0 -999.0 -999.0 -999.0 6231.0 -999.0 -1 -999 {-999.0 -999.0 -999.0 -999.0 -999.0} "" -999.0 -999.0 -999.0 -999.0 -999 -999 "" "" "" "" 0 0 0.0 0.0 -999 ""
FIBERMAP 1132 R+2C1 APOGEE 0 0 0 1 0 0 -267.62644945376724 46.310945189119344 143.1 -267.62644945376724 46.310945189119344 10.0043 169.99596 -999.0 -999.0 -999.0 -999.0 -999.0 -999.0 -999.0 -999.0 -999.0 -999.0 -999.0 -999.0 16600.0 -999.0 2 145 {-999.0 -999.0 -999.0 -999.0 -999.0} "" -999.0 -999.0 -999.0 -999.0 -999 -999 "" "" "" "" 0 0 0.0 0.0 -999 ""
FIBERMAP 1132 R+2C1 BOSS 0 0 0 1 0 0 -266.9020694074496 46.28386601906196 143.1 -266.9020694074496 46.28386601906196 10.0043 169.99596 -999.0 -999.0 -999.0 -999.0 -999.0 -999.0 -999.0 -999.0 -999.0 -999.0 -999.0 -999.0 5400.0 -999.0 1 4 {-999.0 -999.0 -999.0 -999.0 -999.0} "" -999.0 -999.0 -999.0 -999.0 -999 -999 "" "" "" "" 0 0 0.0 0.0 -999 ""
FIBERMAP 1132 R+2C1 METROLOGY 1 0 0 1 0 0 -267.27522270256486 45.641926969980204 143.1 -267.27522270256486 45.641926969980204 10.0043 169.99596 -999.0 -999.0 -999.0 -999.0 -999.0 -999.0 -999.0 -999.0 -999.0 -999.0 -999.0 -999.0 6231.0 -999.0 -1 -999 {-999.0 -999.0 -999.0 -999.0 -999.0} "" -999.0 -999.0 -999.0 -999.0 -999 -999 "" "" "" "" 0 0 0.0 0.0 -999 ""
FIBERMAP 1135 R-2C11 APOGEE 0 0 0 1 0 0 -44.14901833315218 -31.286979362182848 143.1 -44.14901833315218 -31.286979362182848 10.015306 170.01987 -999.0 -999.0 -999.0 -999.0 -999.0 -999.0 -999.0 -999.0 -999.0 -999.0 -999.0 -999.0 16600.0 -999.0 2 268 {-999.0 -999.0 -999.0 -999.0 -999.0} "" -999.0 -999.0 -999.0 -999.0 -999 -999 "" "" "" "" 0 0 0.0 0.0 -999 ""
FIBERMAP 1135 R-2C11 BOSS 0 0 0 1 0 0 -43.411938805136444 -31.263154793720243 143.1 -43.411938805136444 -31.263154793720243 10.015306 170.01987 -999.0 -999.0 -999.0 -999.0 -999.0 -999.0 -999.0 -999.0 -999.0 -999.0 -999.0 -999.0 5400.0 -999.0 1 448 {-999.0 -999.0 -999.0 -999.0 -999.0} "" -999.0 -999.0 -999.0 -999.0 -999 -999 "" "" "" "" 0 0 0.0 0.0 -999 ""
FIBERMAP 1135 R-2C11 METROLOGY 1 0 0 1 0 0 -43.76072134219768 -31.92651652069781 143.1 -43.76072134219768 -31.92651652069781 10.015306 170.01987 -999.0 -999.0 -999.0 -999.0 -999.0 -999.0 -999.0 -999.0 -999.0 -999.0 -999.0 -999.0 6231.0 -999.0 -1 -999 {-999.0 -999.0 -999.0 -999.0 -999.0} "" -999.0 -999.0 -999.0 -999.0 -999 -999 "" "" "" "" 0 0 0.0 0.0 -999 ""
FIBERMAP 1137 R-1C6 APOGEE 0 0 0 1 0 0 -167.17617219393307 -11.927151216263123 143.1 -167.17617219393307 -11.927151216263123 9.990245 170.0142 -999.0 -999.0 -999.0 -999.0 -999.0 -999.0 -999.0 -999.0 -999.0 -999.0 -999.0 -999.0 16600.0 -999.0 2 -999 {-999.0 -999.0 -999.0 -999.0 -999.0} "" -999.0 -999.0 -999.0 -999.0 -999 -999 "" "" "" "" 0 0 0.0 0.0 -999 ""
FIBERMAP 1137 R-1C6 BOSS 0 0 0 1 0 0 -166.4369485033806 -11.918808598478428 143.1 -166.4369485033806 -11.918808598478428 9.990245 170.0142 -999.0 -999.0 -999.0 -999.0 -999.0 -999.0 -999.0 -999.0 -999.0 -999.0 -999.0 -999.0 5400.0 -999.0 1 484 {-999.0 -999.0 -999.0 -999.0 -999.0} "" -999.0 -999.0 -999.0 -999.0 -999 -999 "" "" "" "" 0 0 0.0 0.0 -999 ""
FIBERMAP 1137 R-1C6 METROLOGY 1 0 0 1 0 0 -166.79880296641278 -12.570777230834118 143.1 -166.79880296641278 -12.570777230834118 9.990245 170.0142 -999.0 -999.0 -999.0 -999.0 -999.0 -999.0 -999.0 -999.0 -999.0 -999.0 -999.0 -999.0 6231.0 -999.0 -1 -999 {-999.0 -999.0 -999.0 -999.0 -999.0} "" -999.0 -999.0 -999.0 -999.0 -999 -999 "" "" "" "" 0 0 0.0 0.0 -999 ""
FIBERMAP 1140 R-5C12 APOGEE 0 0 0 1 0 0 11.929594522130666 -89.49300368007295 143.1 11.929594522130666 -89.49300368007295 9.983829 170.01521 -999.0 -999.0 -999.0 -999.0 -999.0 -999.0 -999.0 -999.0 -999.0 -999.0 -999.0 -999.0 16600.0 -999.0 2 159 {-999.0 -999.0 -999.0 -999.0 -999.0} "" -999.0 -999.0 -999.0 -999.0 -999 -999 "" "" "" "" 0 0 0.0 0.0 -999 ""
FIBERMAP 1140 R-5C12 BOSS 0 0 0 1 0 0 12.67270118441982 -89.49428506561108 143.1 12.67270118441982 -89.49428506561108 9.983829 170.01521 -999.0 -999.0 -999.0 -999.0 -999.0 -999.0 -999.0 -999.0 -999.0 -999.0 -999.0 -999.0 5400.0 -999.0 1 387 {-999.0 -999.0 -999.0 -999.0 -999.0} "" -999.0 -999.0 -999.0 -999.0 -999 -999 "" "" "" "" 0 0 0.0 0.0 -999 ""
FIBERMAP 1140 R-5C12 METROLOGY 1 0 0 1 0 0 12.310978312195001 -90.14663217939572 143.1 12.310978312195001 -90.14663217939572 9.983829 170.01521 -999.0 -999.0 -999.0 -999.0 -999.0 -999.0 -999.0 -999.0 -999.0 -999.0 -999.0 -999.0 6231.0 -999.0 -1 -999 {-999.0 -999.0 -999.0 -999.0 -999.0} "" -999.0 -999.0 -999.0 -999.0 -999 -999 "" "" "" "" 0 0 0.0 0.0 -999 ""
FIBERMAP 1143 R-2C5 APOGEE 0 0 0 1 0 0 -178.71498799061803 -31.275382962048713 143.1 -178.71498799061803 -31.275382962048713 10.0053625 170.00403 -999.0 -999.0 -999.0 -999.0 -999.0 -999.0 -999.0 -999.0 -999.0 -999.0 -999.0 -999.0 16600.0 -999.0 2 249 {-999.0 -999.0 -999.0 -999.0 -999.0} "" -999.0 -999.0 -999.0 -999.0 -999 -999 "" "" "" "" 0 0 0.0 0.0 -999 ""
FIBERMAP 1143 R-2C5 BOSS 0 0 0 1 0 0 -177.97122861751402 -31.26307448766927 143.1 -177.97122861751402 -31.26307448766927 10.0053625 170.00403 -999.0 -999.0 -999.0 -999.0 -999.0 -999.0 -999.0 -999.0 -999.0 -999.0 -999.0 -999.0 5400.0 -999.0 1 473 {-999.0 -999.0 -999.0 -999.0 -999.0} "" -999.0 -999.0 -999.0 -999.0 -999 -999 "" "" "" "" 0 0 0.0 0.0 -999 ""
FIBERMAP 1143 R-2C5 METROLOGY 1 0 0 1 0 0 -178.33336015792702 -31.922748115460898 143.1 -178.33336015792702 -31.922748115460898 10.0053625 170.00403 -999.0 -999.0 -999.0 -999.0 -999.0 -999.0 -999.0 -999.0 -999.0 -999.0 -999.0 -999.0 6231.0 -999.0 -1 -999 {-999.0 -999.0 -999.0 -999.0 -999.0} "" -999.0 -999.0 -999.0 -999.0 -999 -999 "" "" "" "" 0 0 0.0 0.0 -999 ""
FIBERMAP 1144 R+12C1 APOGEE 0 0 0 1 0 0 -156.1732770723099 240.19934907264496 143.1 -156.1732770723099 240.19934907264496 9.993933 170.00073 -999.0 -999.0 -999.0 -999.0 -999.0 -999.0 -999.0 -999.0 -999.0 -999.0 -999.0 -999.0 16600.0 -999.0 2 129 {-999.0 -999.0 -999.0 -999.0 -999.0} "" -999.0 -999.0 -999.0 -999.0 -999 -999 "" "" "" "" 0 0 0.0 0.0 -999 ""
FIBERMAP 1144 R+12C1 BOSS 0 0 0 1 0 0 -155.44899099532103 240.15448966105993 143.1 -155.44899099532103 240.15448966105993 9.993933 170.00073 -999.0 -999.0 -999.0 -999.0 -999.0 -999.0 -999.0 -999.0 -999.0 -999.0 -999.0 -999.0 5400.0 -999.0 1 8 {-999.0 -999.0 -999.0 -999.0 -999.0} "" -999.0 -999.0 -999.0 -999.0 -999 -999 "" "" "" "" 0 0 0.0 0.0 -999 ""
FIBERMAP 1144 R+12C1 METROLOGY 1 0 0 1 0 0 -155.8428729227375 239.5337841248917 143.1 -155.8428729227375 239.5337841248917 9.993933 170.00073 -999.0 -999.0 -999.0 -999.0 -999.0 -999.0 -999.0 -999.0 -999.0 -999.0 -999.0 -999.0 6231.0 -999.0 -1 -999 {-999.0 -999.0 -999.0 -999.0 -999.0} "" -999.0 -999.0 -999.0 -999.0 -999 -999 "" "" "" "" 0 0 0.0 0.0 -999 ""
FIBERMAP 1148 R0C11 APOGEE 0 0 0 1 0 0 -66.71903789959774 7.575926988347935 143.1 -66.71903789959774 7.575926988347935 9.98595 170.00787 -999.0 -999.0 -999.0 -999.0 -999.0 -999.0 -999.0 -999.0 -999.0 -999.0 -999.0 -999.0 16600.0 -999.0 2 285 {-999.0 -999.0 -999.0 -999.0 -999.0} "" -999.0 -999.0 -999.0 -999.0 -999 -999 "" "" "" "" 0 0 0.0 0.0 -999 ""
FIBERMAP 1148 R0C11 BOSS 0 0 0 1 0 0 -65.97731945643697 7.581872830566177 143.1 -65.97731945643697 7.581872830566177 9.98595 170.00787 -999.0 -999.0 -999.0 -999.0 -999.0 -999.0 -999.0 -999.0 -999.0 -999.0 -999.0 -999.0 5400.0 -999.0 1 431 {-999.0 -999.0 -999.0 -999.0 -999.0} "" -999.0 -999.0 -999.0 -999.0 -999 -999 "" "" "" "" 0 0 0.0 0.0 -999 ""
FIBERMAP 1148 R0C11 METROLOGY 1 0 0 1 0 0 -66.34357524331472 6.9326301318351 143.1 -66.34357524331472 6.9326301318351 9.98595 170.00787 -999.0 -999.0 -999.0 -999.0 -999.0 -999.0 -999.0 -999.0 -999.0 -999.0 -999.0 -999.0 6231.0 -999.0 -1 -999 {-999.0 -999.0 -999.0 -999.0 -999.0} "" -999.0 -999.0 -999.0 -999.0 -999 -999 "" "" "" "" 0 0 0.0 0.0 -999 ""
FIBERMAP 1149 R-5C9 APOGEE 0 0 0 1 0 0 -55.266585316031154 -89.39950585508282 143.1 -55.266585316031154 -89.39950585508282 10.000812 170.00575 -999.0 -999.0 -999.0 -999.0 -999.0 -999.0 -999.0 -999.0 -999.0 -999.0 -999.0 -999.0 16600.0 -999.0 2 284 {-999.0 -999.0 -999.0 -999.0 -999.0} "" -999.0 -999.0 -999.0 -999.0 -999 -999 "" "" "" "" 0 0 0.0 0.0 -999 ""
FIBERMAP 1149 R-5C9 BOSS 0 0 0 1 0 0 -54.52086912064342 -89.3925599240389 143.1 -54.52086912064342 -89.3925599240389 10.000812 170.00575 -999.0 -999.0 -999.0 -999.0 -999.0 -999.0 -999.0 -999.0 -999.0 -999.0 -999.0 -999.0 5400.0 -999.0 1 409 {-999.0 -999.0 -999.0 -999.0 -999.0} "" -999.0 -999.0 -999.0 -999.0 -999 -999 "" "" "" "" 0 0 0.0 0.0 -999 ""
FIBERMAP 1149 R-5C9 METROLOGY 1 0 0 1 0 0 -54.88059191569733 -90.04394738712244 143.1 -54.88059191569733 -90.04394738712244 10.000812 170.00575 -999.0 -999.0 -999.0 -999.0 -999.0 -999.0 -999.0 -999.0 -999.0 -999.0 -999.0 -999.0 6231.0 -999.0 -1 -999 {-999.0 -999.0 -999.0 -999.0 -999.0} "" -999.0 -999.0 -999.0 -999.0 -999 -999 "" "" "" "" 0 0 0.0 0.0 -999 ""
FIBERMAP 1150 R-9C10 APOGEE 0 0 0 1 0 0 12.123385158842211 -167.1446187376047 143.1 12.123385158842211 -167.1446187376047 10.012143 169.9917 -999.0 -999.0 -999.0 -999.0 -999.0 -999.0 -999.0 -999.0 -999.0 -999.0 -999.0 -999.0 16600.0 -999.0 2 180 {-999.0 -999.0 -999.0 -999.0 -999.0} "" -999.0 -999.0 -999.0 -999.0 -999 -999 "" "" "" "" 0 0 0.0 0.0 -999 ""
FIBERMAP 1150 R-9C10 BOSS 0 0 0 1 0 0 12.85532624652809 -167.1442495586739 143.1 12.85532624652809 -167.1442495586739 10.012143 169.9917 -999.0 -999.0 -999.0 -999.0 -999.0 -999.0 -999.0 -999.0 -999.0 -999.0 -999.0 -999.0 5400.0 -999.0 1 375 {-999.0 -999.0 -999.0 -999.0 -999.0} "" -999.0 -999.0 -999.0 -999.0 -999 -999 "" "" "" "" 0 0 0.0 0.0 -999 ""
FIBERMAP 1150 R-9C10 METROLOGY 1 0 0 1 0 0 12.479849803092804 -167.79799649337824 143.1 12.479849803092804 -167.79799649337824 10.012143 169.9917 -999.0 -999.0 -999.0 -999.0 -999.0 -999.0 -999.0 -999.0 -999.0 -999.0 -999.0 -999.0 6231.0 -999.0 -1 -999 {-999.0 -999.0 -999.0 -999.0 -999.0} "" -999.0 -999.0 -999.0 -999.0 -999 -999 "" "" "" "" 0 0 0.0 0.0 -999 ""
FIBERMAP 1151 R-9C4 APOGEE 0 0 0 1 0 0 -122.28209449053907 -167.082223014672 143.1 -122.28209449053907 -167.082223014672 9.993091 169.99747 -999.0 -999.0 -999.0 -999.0 -999.0 -999.0 -999.0 -999.0 -999.0 -999.0 -999.0 -999.0 16600.0 -999.0 2 -999 {-999.0 -999.0 -999.0 -999.0 -999.0} "" -999.0 -999.0 -999.0 -999.0 -999 -999 "" "" "" "" 0 0 0.0 0.0 -999 ""
FIBERMAP 1151 R-9C4 BOSS 0 0 0 1 0 0 -121.55933589041074 -167.0807917205506 143.1 -121.55933589041074 -167.0807917205506 9.993091 169.99747 -999.0 -999.0 -999.0 -999.0 -999.0 -999.0 -999.0 -999.0 -999.0 -999.0 -999.0 -999.0 5400.0 -999.0 1 479 {-999.0 -999.0 -999.0 -999.0 -999.0} "" -999.0 -999.0 -999.0 -999.0 -999 -999 "" "" "" "" 0 0 0.0 0.0 -999 ""
FIBERMAP 1151 R-9C4 METROLOGY 1 0 0 1 0 0 -121.90988721375038 -167.72884788553404 143.1 -121.90988721375038 -167.72884788553404 9.993091 169.99747 -999.0 -999.0 -999.0 -999.0 -999.0 -999.0 -999.0 -999.0 -999.0 -999.0 -999.0 -999.0 6231.0 -999.0 -1 -999 {-999.0 -999.0 -999.0 -999.0 -999.0} "" -999.0 -999.0 -999.0 -999.0 -999 -999 "" "" "" "" 0 0 0.0 0.0 -999 ""
FIBERMAP 1152 R-9C3 APOGEE 0 0 0 1 0 0 -145.00896239252685 -167.06780270369987 143.1 -145.00896239252685 -167.06780270369987 9.9980545 170.00865 -999.0 -999.0 -999.0 -999.0 -999.0 -999.0 -999.0 -999.0 -999.0 -999.0 -999.0 -999.0 16600.0 -999.0 2 256 {-999.0 -999.0 -999.0 -999.0 -999.0} "" -999.0 -999.0 -999.0 -999.0 -999 -999 "" "" "" "" 0 0 0.0 0.0 -999 ""
FIBERMAP 1152 R-9C3 BOSS 0 0 0 1 0 0 -144.27491012977544 -167.07225453444738 143.1 -144.27491012977544 -167.07225453444738 9.9980545 170.00865 -999.0 -999.0 -999.0 -999.0 -999.0 -999.0 -999.0 -999.0 -999.0 -999.0 -999.0 -999.0 5400.0 -999.0 1 477 {-999.0 -999.0 -999.0 -999.0 -999.0} "" -999.0 -999.0 -999.0 -999.0 -999 -999 "" "" "" "" 0 0 0.0 0.0 -999 ""
FIBERMAP 1152 R-9C3 METROLOGY 1 0 0 1 0 0 -144.67589790414897 -167.73756656359555 143.1 -144.67589790414897 -167.73756656359555 9.9980545 170.00865 -999.0 -999.0 -999.0 -999.0 -999.0 -999.0 -999.0 -999.0 -999.0 -999.0 -999.0 -999.0 6231.0 -999.0 -1 -999 {-999.0 -999.0 -999.0 -999.0 -999.0} "" -999.0 -999.0 -999.0 -999.0 -999 -999 "" "" "" "" 0 0 0.0 0.0 -999 ""
FIBERMAP 1153 R-6C11 APOGEE 0 0 0 1 0 0 0.7916437627544233 -108.8629459404457 143.1 0.7916437627544233 -108.8629459404457 10.012409 169.99712 -999.0 -999.0 -999.0 -999.0 -999.0 -999.0 -999.0 -999.0 -999.0 -999.0 -999.0 -999.0 16600.0 -999.0 2 -999 {-999.0 -999.0 -999.0 -999.0 -999.0} "" -999.0 -999.0 -999.0 -999.0 -999 -999 "" "" "" "" 0 0 0.0 0.0 -999 ""
FIBERMAP 1153 R-6C11 BOSS 0 0 0 1 0 0 1.5312127446653319 -108.85035245020455 143.1 1.5312127446653319 -108.85035245020455 10.012409 169.99712 -999.0 -999.0 -999.0 -999.0 -999.0 -999.0 -999.0 -999.0 -999.0 -999.0 -999.0 -999.0 5400.0 -999.0 1 386 {-999.0 -999.0 -999.0 -999.0 -999.0} "" -999.0 -999.0 -999.0 -999.0 -999 -999 "" "" "" "" 0 0 0.0 0.0 -999 ""
FIBERMAP 1153 R-6C11 METROLOGY 1 0 0 1 0 0 1.1690146326252853 -109.50657099207491 143.1 1.1690146326252853 -109.50657099207491 10.012409 169.99712 -999.0 -999.0 -999.0 -999.0 -999.0 -999.0 -999.0 -999.0 -999.0 -999.0 -999.0 -999.0 6231.0 -999.0 -1 -999 {-999.0 -999.0 -999.0 -999.0 -999.0} "" -999.0 -999.0 -999.0 -999.0 -999 -999 "" "" "" "" 0 0 0.0 0.0 -999 ""
FIBERMAP 1156 R-11C14 APOGEE 0 0 0 1 0 0 123.98101128198905 -205.8411097344894 143.1 123.98101128198905 -205.8411097344894 9.992075 169.99704 -999.0 -999.0 -999.0 -999.0 -999.0 -999.0 -999.0 -999.0 -999.0 -999.0 -999.0 -999.0 16600.0 -999.0 2 239 {-999.0 -999.0 -999.0 -999.0 -999.0} "" -999.0 -999.0 -999.0 -999.0 -999 -999 "" "" "" "" 0 0 0.0 0.0 -999 ""
FIBERMAP 1156 R-11C14 BOSS 0 0 0 1 0 0 124.72580623727183 -205.8379573650944 143.1 124.72580623727183 -205.8379573650944 9.992075 169.99704 -999.0 -999.0 -999.0 -999.0 -999.0 -999.0 -999.0 -999.0 -999.0 -999.0 -999.0 -999.0 5400.0 -999.0 1 255 {-999.0 -999.0 -999.0 -999.0 -999.0} "" -999.0 -999.0 -999.0 -999.0 -999 -999 "" "" "" "" 0 0 0.0 0.0 -999 ""
FIBERMAP 1156 R-11C14 METROLOGY 1 0 0 1 0 0 124.35709275229009 -206.4886164755684 143.1 124.35709275229009 -206.4886164755684 9.992075 169.99704 -999.0 -999.0 -999.0 -999.0 -999.0 -999.0 -999.0 -999.0 -999.0 -999.0 -999.0 -999.0 6231.0 -999.0 -1 -999 {-999.0 -999.0 -999.0 -999.0 -999.0} "" -999.0 -999.0 -999.0 -999.0 -999 -999 "" "" "" "" 0 0 0.0 0.0 -999 ""
FIBERMAP 1158 R-5C22 APOGEE 0 0 0 1 0 0 235.94887888356794 -89.39743505135543 143.1 235.94887888356794 -89.39743505135543 10.012701 169.99986 -999.0 -999.0 -999.0 -999.0 -999.0 -999.0 -999.0 -999.0 -999.0 -999.0 -999.0 -999.0 16600.0 -999.0 2 211 {-999.0 -999.0 -999.0 -999.0 -999.0} "" -999.0 -999.0 -999.0 -999.0 -999 -999 "" "" "" "" 0 0 0.0 0.0 -999 ""
FIBERMAP 1158 R-5C22 BOSS 0 0 0 1 0 0 236.6886572768924 -89.39971947350712 143.1 236.6886572768924 -89.39971947350712 10.012701 169.99986 -999.0 -999.0 -999.0 -999.0 -999.0 -999.0 -999.0 -999.0 -999.0 -999.0 -999.0 -999.0 5400.0 -999.0 1 251 {-999.0 -999.0 -999.0 -999.0 -999.0} "" -999.0 -999.0 -999.0 -999.0 -999 -999 "" "" "" "" 0 0 0.0 0.0 -999 ""
FIBERMAP 1158 R-5C22 METROLOGY 1 0 0 1 0 0 236.31661227314348 -90.04346829831088 143.1 236.31661227314348 -90.04346829831088 10.012701 169.99986 -999.0 -999.0 -999.0 -999.0 -999.0 -999.0 -999.0 -999.0 -999.0 -999.0 -999.0 -999.0 6231.0 -999.0 -1 -999 {-999.0 -999.0 -999.0 -999.0 -999.0} "" -999.0 -999.0 -999.0 -999.0 -999 -999 "" "" "" "" 0 0 0.0 0.0 -999 ""
FIBERMAP 1162 R-2C6 APOGEE 0 0 0 1 0 0 -156.0361271153897 -31.271415875247524 143.1 -156.0361271153897 -31.271415875247524 9.9877405 169.99597 -999.0 -999.0 -999.0 -999.0 -999.0 -999.0 -999.0 -999.0 -999.0 -999.0 -999.0 -999.0 16600.0 -999.0 2 -999 {-999.0 -999.0 -999.0 -999.0 -999.0} "" -999.0 -999.0 -999.0 -999.0 -999 -999 "" "" "" "" 0 0 0.0 0.0 -999 ""
FIBERMAP 1162 R-2C6 BOSS 0 0 0 1 0 0 -155.28163610258466 -31.26089253381095 143.1 -155.28163610258466 -31.26089253381095 9.9877405 169.99597 -999.0 -999.0 -999.0 -999.0 -999.0 -999.0 -999.0 -999.0 -999.0 -999.0 -999.0 -999.0 5400.0 -999.0 1 472 {-999.0 -999.0 -999.0 -999.0 -999.0} "" -999.0 -999.0 -999.0 -999.0 -999 -999 "" "" "" "" 0 0 0.0 0.0 -999 ""
FIBERMAP 1162 R-2C6 METROLOGY 1 0 0 1 0 0 -155.64878674990416 -31.90909088791254 143.1 -155.64878674990416 -31.90909088791254 9.9877405 169.99597 -999.0 -999.0 -999.0 -999.0 -999.0 -999.0 -999.0 -999.0 -999.0 -999.0 -999.0 -999.0 6231.0 -999.0 -1 -999 {-999.0 -999.0 -999.0 -999.0 -999.0} "" -999.0 -999.0 -999.0 -999.0 -999 -999 "" "" "" "" 0 0 0.0 0.0 -999 ""
FIBERMAP 1163 R-8C7 APOGEE 0 0 0 1 0 0 -66.72448762176414 -147.69177608043782 143.1 -66.72448762176414 -147.69177608043782 10.008946 170.00403 -999.0 -999.0 -999.0 -999.0 -999.0 -999.0 -999.0 -999.0 -999.0 -999.0 -999.0 -999.0 16600.0 -999.0 2 -999 {-999.0 -999.0 -999.0 -999.0 -999.0} "" -999.0 -999.0 -999.0 -999.0 -999 -999 "" "" "" "" 0 0 0.0 0.0 -999 ""
FIBERMAP 1163 R-8C7 BOSS 0 0 0 1 0 0 -65.97362779020925 -147.66218640501666 143.1 -65.97362779020925 -147.66218640501666 10.008946 170.00403 -999.0 -999.0 -999.0 -999.0 -999.0 -999.0 -999.0 -999.0 -999.0 -999.0 -999.0 -999.0 5400.0 -999.0 1 401 {-999.0 -999.0 -999.0 -999.0 -999.0} "" -999.0 -999.0 -999.0 -999.0 -999 -999 "" "" "" "" 0 0 0.0 0.0 -999 ""
FIBERMAP 1163 R-8C7 METROLOGY 1 0 0 1 0 0 -66.33087804529553 -148.32560056862363 143.1 -66.33087804529553 -148.32560056862363 10.008946 170.00403 -999.0 -999.0 -999.0 -999.0 -999.0 -999.0 -999.0 -999.0 -999.0 -999.0 -999.0 -999.0 6231.0 -999.0 -1 -999 {-999.0 -999.0 -999.0 -999.0 -999.0} "" -999.0 -999.0 -999.0 -999.0 -999 -999 "" "" "" "" 0 0 0.0 0.0 -999 ""
FIBERMAP 1167 R-3C5 APOGEE 0 0 0 1 0 0 -167.40022137971454 -50.73249119995507 143.1 -167.40022137971454 -50.73249119995507 9.986922 169.99646 -999.0 -999.0 -999.0 -999.0 -999.0 -999.0 -999.0 -999.0 -999.0 -999.0 -999.0 -999.0 16600.0 -999.0 2 264 {-999.0 -999.0 -999.0 -999.0 -999.0} "" -999.0 -999.0 -999.0 -999.0 -999 -999 "" "" "" "" 0 0 0.0 0.0 -999 ""
FIBERMAP 1167 R-3C5 BOSS 0 0 0 1 0 0 -166.64010207735845 -50.72986047610161 143.1 -166.64010207735845 -50.72986047610161 9.986922 169.99646 -999.0 -999.0 -999.0 -999.0 -999.0 -999.0 -999.0 -999.0 -999.0 -999.0 -999.0 -999.0 5400.0 -999.0 1 466 {-999.0 -999.0 -999.0 -999.0 -999.0} "" -999.0 -999.0 -999.0 -999.0 -999 -999 "" "" "" "" 0 0 0.0 0.0 -999 ""
FIBERMAP 1167 R-3C5 METROLOGY 1 0 0 1 0 0 -167.02669211937837 -51.37755729674776 143.1 -167.02669211937837 -51.37755729674776 9.986922 169.99646 -999.0 -999.0 -999.0 -999.0 -999.0 -999.0 -999.0 -999.0 -999.0 -999.0 -999.0 -999.0 6231.0 -999.0 -1 -999 {-999.0 -999.0 -999.0 -999.0 -999.0} "" -999.0 -999.0 -999.0 -999.0 -999 -999 "" "" "" "" 0 0 0.0 0.0 -999 ""
FIBERMAP 1169 R-11C9 APOGEE 0 0 0 1 0 0 12.01012754675129 -205.85524900718232 143.1 12.01012754675129 -205.85524900718232 9.992751 170.02417 -999.0 -999.0 -999.0 -999.0 -999.0 -999.0 -999.0 -999.0 -999.0 -999.0 -999.0 -999.0 16600.0 -999.0 2 168 {-999.0 -999.0 -999.0 -999.0 -999.0} "" -999.0 -999.0 -999.0 -999.0 -999 -999 "" "" "" "" 0 0 0.0 0.0 -999 ""
FIBERMAP 1169 R-11C9 BOSS 0 0 0 1 0 0 12.755003547828617 -205.8217366838662 143.1 12.755003547828617 -205.8217366838662 9.992751 170.02417 -999.0 -999.0 -999.0 -999.0 -999.0 -999.0 -999.0 -999.0 -999.0 -999.0 -999.0 -999.0 5400.0 -999.0 1 361 {-999.0 -999.0 -999.0 -999.0 -999.0} "" -999.0 -999.0 -999.0 -999.0 -999 -999 "" "" "" "" 0 0 0.0 0.0 -999 ""
FIBERMAP 1169 R-11C9 METROLOGY 1 0 0 1 0 0 12.410260238343488 -206.48913048367558 143.1 12.410260238343488 -206.48913048367558 9.992751 170.02417 -999.0 -999.0 -999.0 -999.0 -999.0 -999.0 -999.0 -999.0 -999.0 -999.0 -999.0 -999.0 6231.0 -999.0 -1 -999 {-999.0 -999.0 -999.0 -999.0 -999.0} "" -999.0 -999.0 -999.0 -999.0 -999 -999 "" "" "" "" 0 0 0.0 0.0 -999 ""
FIBERMAP 1170 R-5C6 APOGEE 0 0 0 1 0 0 -122.54308675425683 -89.45930467432818 143.1 -122.54308675425683 -89.45930467432818 9.993496 170.01811 -999.0 -999.0 -999.0 -999.0 -999.0 -999.0 -999.0 -999.0 -999.0 -999.0 -999.0 -999.0 16600.0 -999.0 2 -999 {-999.0 -999.0 -999.0 -999.0 -999.0} "" -999.0 -999.0 -999.0 -999.0 -999 -999 "" "" "" "" 0 0 0.0 0.0 -999 ""
FIBERMAP 1170 R-5C6 BOSS 0 0 0 1 0 0 -121.80215811506957 -89.43533273719697 143.1 -121.80215811506957 -89.43533273719697 9.993496 170.01811 -999.0 -999.0 -999.0 -999.0 -999.0 -999.0 -999.0 -999.0 -999.0 -999.0 -999.0 -999.0 5400.0 -999.0 1 456 {-999.0 -999.0 -999.0 -999.0 -999.0} "" -999.0 -999.0 -999.0 -999.0 -999 -999 "" "" "" "" 0 0 0.0 0.0 -999 ""
FIBERMAP 1170 R-5C6 METROLOGY 1 0 0 1 0 0 -122.16165763095 -90.10053303022427 143.1 -122.16165763095 -90.10053303022427 9.993496 170.01811 -999.0 -999.0 -999.0 -999.0 -999.0 -999.0 -999.0 -999.0 -999.0 -999.0 -999.0 -999.0 6231.0 -999.0 -1 -999 {-999.0 -999.0 -999.0 -999.0 -999.0} "" -999.0 -999.0 -999.0 -999.0 -999 -999 "" "" "" "" 0 0 0.0 0.0 -999 ""
FIBERMAP 1172 R-3C6 APOGEE 0 0 0 1 0 0 -144.90332998780943 -50.55186717145379 143.1 -144.90332998780943 -50.55186717145379 9.990069 169.99751 -999.0 -999.0 -999.0 -999.0 -999.0 -999.0 -999.0 -999.0 -999.0 -999.0 -999.0 -999.0 16600.0 -999.0 2 -999 {-999.0 -999.0 -999.0 -999.0 -999.0} "" -999.0 -999.0 -999.0 -999.0 -999 -999 "" "" "" "" 0 0 0.0 0.0 -999 ""
FIBERMAP 1172 R-3C6 BOSS 0 0 0 1 0 0 -144.16220170421167 -50.53761533895457 143.1 -144.16220170421167 -50.53761533895457 9.990069 169.99751 -999.0 -999.0 -999.0 -999.0 -999.0 -999.0 -999.0 -999.0 -999.0 -999.0 -999.0 -999.0 5400.0 -999.0 1 467 {-999.0 -999.0 -999.0 -999.0 -999.0} "" -999.0 -999.0 -999.0 -999.0 -999 -999 "" "" "" "" 0 0 0.0 0.0 -999 ""
FIBERMAP 1172 R-3C6 METROLOGY 1 0 0 1 0 0 -144.52023796502613 -51.192103442366026 143.1 -144.52023796502613 -51.192103442366026 9.990069 169.99751 -999.0 -999.0 -999.0 -999.0 -999.0 -999.0 -999.0 -999.0 -999.0 -999.0 -999.0 -999.0 6231.0 -999.0 -1 -999 {-999.0 -999.0 -999.0 -999.0 -999.0} "" -999.0 -999.0 -999.0 -999.0 -999 -999 "" "" "" "" 0 0 0.0 0.0 -999 ""
FIBERMAP 1174 R-1C1 APOGEE 0 0 0 1 0 0 -279.36252872754363 -11.865295326317863 143.1 -279.36252872754363 -11.865295326317863 9.990023 169.99608 -999.0 -999.0 -999.0 -999.0 -999.0 -999.0 -999.0 -999.0 -999.0 -999.0 -999.0 -999.0 16600.0 -999.0 2 293 {-999.0 -999.0 -999.0 -999.0 -999.0} "" -999.0 -999.0 -999.0 -999.0 -999 -999 "" "" "" "" 0 0 0.0 0.0 -999 ""
FIBERMAP 1174 R-1C1 BOSS 0 0 0 1 0 0 -278.6260856653244 -11.81213256887007 143.1 -278.6260856653244 -11.81213256887007 9.990023 169.99608 -999.0 -999.0 -999.0 -999.0 -999.0 -999.0 -999.0 -999.0 -999.0 -999.0 -999.0 -999.0 5400.0 -999.0 1 425 {-999.0 -999.0 -999.0 -999.0 -999.0} "" -999.0 -999.0 -999.0 -999.0 -999 -999 "" "" "" "" 0 0 0.0 0.0 -999 ""
FIBERMAP 1174 R-1C1 METROLOGY 1 0 0 1 0 0 -278.9573903539068 -12.491772379086985 143.1 -278.9573903539068 -12.491772379086985 9.990023 169.99608 -999.0 -999.0 -999.0 -999.0 -999.0 -999.0 -999.0 -999.0 -999.0 -999.0 -999.0 -999.0 6231.0 -999.0 -1 -999 {-999.0 -999.0 -999.0 -999.0 -999.0} "" -999.0 -999.0 -999.0 -999.0 -999 -999 "" "" "" "" 0 0 0.0 0.0 -999 ""
FIBERMAP 1176 R+12C11 APOGEE 0 0 0 1 0 0 67.91074693820777 240.3975752622695 143.1 67.91074693820777 240.3975752622695 10.014546 170.00584 -999.0 -999.0 -999.0 -999.0 -999.0 -999.0 -999.0 -999.0 -999.0 -999.0 -999.0 -999.0 16600.0 -999.0 2 -999 {-999.0 -999.0 -999.0 -999.0 -999.0} "" -999.0 -999.0 -999.0 -999.0 -999 -999 "" "" "" "" 0 0 0.0 0.0 -999 ""
FIBERMAP 1176 R+12C11 BOSS 0 0 0 1 0 0 68.64795990709815 240.41074663971915 143.1 68.64795990709815 240.41074663971915 10.014546 170.00584 -999.0 -999.0 -999.0 -999.0 -999.0 -999.0 -999.0 -999.0 -999.0 -999.0 -999.0 -999.0 5400.0 -999.0 1 102 {-999.0 -999.0 -999.0 -999.0 -999.0} "" -999.0 -999.0 -999.0 -999.0 -999 -999 "" "" "" "" 0 0 0.0 0.0 -999 ""
FIBERMAP 1176 R+12C11 METROLOGY 1 0 0 1 0 0 68.28703717950866 239.75331783327582 143.1 68.28703717950866 239.75331783327582 10.014546 170.00584 -999.0 -999.0 -999.0 -999.0 -999.0 -999.0 -999.0 -999.0 -999.0 -999.0 -999.0 -999.0 6231.0 -999.0 -1 -999 {-999.0 -999.0 -999.0 -999.0 -999.0} "" -999.0 -999.0 -999.0 -999.0 -999 -999 "" "" "" "" 0 0 0.0 0.0 -999 ""
FIBERMAP 1177 R+4C12 APOGEE 0 0 0 1 0 0 0.58474623633219 85.17011900653047 143.1 0.58474623633219 85.17011900653047 10.02416 169.99765 -999.0 -999.0 -999.0 -999.0 -999.0 -999.0 -999.0 -999.0 -999.0 -999.0 -999.0 -999.0 16600.0 -999.0 2 -999 {-999.0 -999.0 -999.0 -999.0 -999.0} "" -999.0 -999.0 -999.0 -999.0 -999 -999 "" "" "" "" 0 0 0.0 0.0 -999 ""
FIBERMAP 1177 R+4C12 BOSS 0 0 0 1 0 0 1.3276542342643964 85.17713062256905 143.1 1.3276542342643964 85.17713062256905 10.02416 169.99765 -999.0 -999.0 -999.0 -999.0 -999.0 -999.0 -999.0 -999.0 -999.0 -999.0 -999.0 -999.0 5400.0 -999.0 1 115 {-999.0 -999.0 -999.0 -999.0 -999.0} "" -999.0 -999.0 -999.0 -999.0 -999 -999 "" "" "" "" 0 0 0.0 0.0 -999 ""
FIBERMAP 1177 R+4C12 METROLOGY 1 0 0 1 0 0 0.9630983476864674 84.52707028337993 143.1 0.9630983476864674 84.52707028337993 10.02416 169.99765 -999.0 -999.0 -999.0 -999.0 -999.0 -999.0 -999.0 -999.0 -999.0 -999.0 -999.0 -999.0 6231.0 -999.0 -1 -999 {-999.0 -999.0 -999.0 -999.0 -999.0} "" -999.0 -999.0 -999.0 -999.0 -999 -999 "" "" "" "" 0 0 0.0 0.0 -999 ""
FIBERMAP 1189 R-13C11 APOGEE 0 0 0 1 0 0 79.29004279584672 -244.49157220557302 143.1 79.29004279584672 -244.49157220557302 10.01149 169.99489 -999.0 -999.0 -999.0 -999.0 -999.0 -999.0 -999.0 -999.0 -999.0 -999.0 -999.0 -999.0 16600.0 -999.0 2 189 {-999.0 -999.0 -999.0 -999.0 -999.0} "" -999.0 -999.0 -999.0 -999.0 -999 -999 "" "" "" "" 0 0 0.0 0.0 -999 ""
FIBERMAP 1189 R-13C11 BOSS 0 0 0 1 0 0 80.02554377460683 -244.4886870020046 143.1 80.02554377460683 -244.4886870020046 10.01149 169.99489 -999.0 -999.0 -999.0 -999.0 -999.0 -999.0 -999.0 -999.0 -999.0 -999.0 -999.0 -999.0 5400.0 -999.0 1 336 {-999.0 -999.0 -999.0 -999.0 -999.0} "" -999.0 -999.0 -999.0 -999.0 -999 -999 "" "" "" "" 0 0 0.0 0.0 -999 ""
FIBERMAP 1189 R-13C11 METROLOGY 1 0 0 1 0 0 79.63444415149543 -245.15238271009312 143.1 79.63444415149543 -245.15238271009312 10.01149 169.99489 -999.0 -999.0 -999.0 -999.0 -999.0 -999.0 -999.0 -999.0 -999.0 -999.0 -999.0 -999.0 6231.0 -999.0 -1 -999 {-999.0 -999.0 -999.0 -999.0 -999.0} "" -999.0 -999.0 -999.0 -999.0 -999 -999 "" "" "" "" 0 0 0.0 0.0 -999 ""
FIBERMAP 1190 R+13C5 APOGEE 0 0 0 1 0 0 -55.71552589096646 259.7683592252575 143.1 -55.71552589096646 259.7683592252575 9.997281 169.9992 -999.0 -999.0 -999.0 -999.0 -999.0 -999.0 -999.0 -999.0 -999.0 -999.0 -999.0 -999.0 16600.0 -999.0 2 111 {-999.0 -999.0 -999.0 -999.0 -999.0} "" -999.0 -999.0 -999.0 -999.0 -999 -999 "" "" "" "" 0 0 0.0 0.0 -999 ""
FIBERMAP 1190 R+13C5 BOSS 0 0 0 1 0 0 -54.97666925806864 259.7929408903122 143.1 -54.97666925806864 259.7929408903122 9.997281 169.9992 -999.0 -999.0 -999.0 -999.0 -999.0 -999.0 -999.0 -999.0 -999.0 -999.0 -999.0 -999.0 5400.0 -999.0 1 85 {-999.0 -999.0 -999.0 -999.0 -999.0} "" -999.0 -999.0 -999.0 -999.0 -999 -999 "" "" "" "" 0 0 0.0 0.0 -999 ""
FIBERMAP 1190 R+13C5 METROLOGY 1 0 0 1 0 0 -55.31857812661851 259.1293992373064 143.1 -55.31857812661851 259.1293992373064 9.997281 169.9992 -999.0 -999.0 -999.0 -999.0 -999.0 -999.0 -999.0 -999.0 -999.0 -999.0 -999.0 -999.0 6231.0 -999.0 -1 -999 {-999.0 -999.0 -999.0 -999.0 -999.0} "" -999.0 -999.0 -999.0 -999.0 -999 -999 "" "" "" "" 0 0 0.0 0.0 -999 ""
FIBERMAP 1192 R-11C4 APOGEE 0 0 0 1 0 0 -99.9519017846707 -205.9342586912381 143.1 -99.9519017846707 -205.9342586912381 10.0089245 169.98923 -999.0 -999.0 -999.0 -999.0 -999.0 -999.0 -999.0 -999.0 -999.0 -999.0 -999.0 -999.0 16600.0 -999.0 2 164 {-999.0 -999.0 -999.0 -999.0 -999.0} "" -999.0 -999.0 -999.0 -999.0 -999 -999 "" "" "" "" 0 0 0.0 0.0 -999 ""
FIBERMAP 1192 R-11C4 BOSS 0 0 0 1 0 0 -99.21010968114057 -205.92934698534432 143.1 -99.21010968114057 -205.92934698534432 10.0089245 169.98923 -999.0 -999.0 -999.0 -999.0 -999.0 -999.0 -999.0 -999.0 -999.0 -999.0 -999.0 -999.0 5400.0 -999.0 1 349 {-999.0 -999.0 -999.0 -999.0 -999.0} "" -999.0 -999.0 -999.0 -999.0 -999 -999 "" "" "" "" 0 0 0.0 0.0 -999 ""
FIBERMAP 1192 R-11C4 METROLOGY 1 0 0 1 0 0 -99.57206540443008 -206.57830316692485 143.1 -99.57206540443008 -206.57830316692485 10.0089245 169.98923 -999.0 -999.0 -999.0 -999.0 -999.0 -999.0 -999.0 -999.0 -999.0 -999.0 -999.0 -999.0 6231.0 -999.0 -1 -999 {-999.0 -999.0 -999.0 -999.0 -999.0} "" -999.0 -999.0 -999.0 -999.0 -999 -999 "" "" "" "" 0 0 0.0 0.0 -999 ""
FIBERMAP 1194 R-7C9 APOGEE 0 0 0 1 0 0 -32.83334187896882 -128.23811505833262 143.1 -32.83334187896882 -128.23811505833262 9.9962015 170.0003 -999.0 -999.0 -999.0 -999.0 -999.0 -999.0 -999.0 -999.0 -999.0 -999.0 -999.0 -999.0 16600.0 -999.0 2 171 {-999.0 -999.0 -999.0 -999.0 -999.0} "" -999.0 -999.0 -999.0 -999.0 -999 -999 "" "" "" "" 0 0 0.0 0.0 -999 ""
FIBERMAP 1194 R-7C9 BOSS 0 0 0 1 0 0 -32.09076382020966 -128.26509775405415 143.1 -32.09076382020966 -128.26509775405415 9.9962015 170.0003 -999.0 -999.0 -999.0 -999.0 -999.0 -999.0 -999.0 -999.0 -999.0 -999.0 -999.0 -999.0 5400.0 -999.0 1 388 {-999.0 -999.0 -999.0 -999.0 -999.0} "" -999.0 -999.0 -999.0 -999.0 -999 -999 "" "" "" "" 0 0 0.0 0.0 -999 ""
FIBERMAP 1194 R-7C9 METROLOGY 1 0 0 1 0 0 -32.484163817679864 -128.89862677468764 143.1 -32.484163817679864 -128.89862677468764 9.9962015 170.0003 -999.0 -999.0 -999.0 -999.0 -999.0 -999.0 -999.0 -999.0 -999.0 -999.0 -999.0 -999.0 6231.0 -999.0 -1 -999 {-999.0 -999.0 -999.0 -999.0 -999.0} "" -999.0 -999.0 -999.0 -999.0 -999 -999 "" "" "" "" 0 0 0.0 0.0 -999 ""
FIBERMAP 1200 R+2C7 APOGEE 0 0 0 1 0 0 -133.9937523342297 46.42986133871982 143.1 -133.9937523342297 46.42986133871982 10.010562 169.9984 -999.0 -999.0 -999.0 -999.0 -999.0 -999.0 -999.0 -999.0 -999.0 -999.0 -999.0 -999.0 16600.0 -999.0 2 146 {-999.0 -999.0 -999.0 -999.0 -999.0} "" -999.0 -999.0 -999.0 -999.0 -999 -999 "" "" "" "" 0 0 0.0 0.0 -999 ""
FIBERMAP 1200 R+2C7 BOSS 0 0 0 1 0 0 -133.25245210952357 46.4595229651083 143.1 -133.25245210952357 46.4595229651083 10.010562 169.9984 -999.0 -999.0 -999.0 -999.0 -999.0 -999.0 -999.0 -999.0 -999.0 -999.0 -999.0 -999.0 5400.0 -999.0 1 47 {-999.0 -999.0 -999.0 -999.0 -999.0} "" -999.0 -999.0 -999.0 -999.0 -999 -999 "" "" "" "" 0 0 0.0 0.0 -999 ""
FIBERMAP 1200 R+2C7 METROLOGY 1 0 0 1 0 0 -133.600579218637 45.79641611164629 143.1 -133.600579218637 45.79641611164629 10.010562 169.9984 -999.0 -999.0 -999.0 -999.0 -999.0 -999.0 -999.0 -999.0 -999.0 -999.0 -999.0 -999.0 6231.0 -999.0 -1 -999 {-999.0 -999.0 -999.0 -999.0 -999.0} "" -999.0 -999.0 -999.0 -999.0 -999 -999 "" "" "" "" 0 0 0.0 0.0 -999 ""
FIBERMAP 1203 R-3C1 APOGEE 0 0 0 1 0 0 -257.02868964613054 -50.70374492239421 143.1 -257.02868964613054 -50.70374492239421 10.008512 170.00055 -999.0 -999.0 -999.0 -999.0 -999.0 -999.0 -999.0 -999.0 -999.0 -999.0 -999.0 -999.0 16600.0 -999.0 2 269 {-999.0 -999.0 -999.0 -999.0 -999.0} "" -999.0 -999.0 -999.0 -999.0 -999 -999 "" "" "" "" 0 0 0.0 0.0 -999 ""
FIBERMAP 1203 R-3C1 BOSS 0 0 0 1 0 0 -256.29790855116516 -50.69590609903403 143.1 -256.29790855116516 -50.69590609903403 10.008512 170.00055 -999.0 -999.0 -999.0 -999.0 -999.0 -999.0 -999.0 -999.0 -999.0 -999.0 -999.0 -999.0 5400.0 -999.0 1 496 {-999.0 -999.0 -999.0 -999.0 -999.0} "" -999.0 -999.0 -999.0 -999.0 -999 -999 "" "" "" "" 0 0 0.0 0.0 -999 ""
FIBERMAP 1203 R-3C1 METROLOGY 1 0 0 1 0 0 -256.6501683410055 -51.342510668747344 143.1 -256.6501683410055 -51.342510668747344 10.008512 170.00055 -999.0 -999.0 -999.0 -999.0 -999.0 -999.0 -999.0 -999.0 -999.0 -999.0 -999.0 -999.0 6231.0 -999.0 -1 -999 {-999.0 -999.0 -999.0 -999.0 -999.0} "" -999.0 -999.0 -999.0 -999.0 -999 -999 "" "" "" "" 0 0 0.0 0.0 -999 ""
FIBERMAP 1207 R-4C13 APOGEE 0 0 0 1 0 0 22.994681350524626 -70.04712819853435 143.1 22.994681350524626 -70.04712819853435 9.9953985 170.00722 -999.0 -999.0 -999.0 -999.0 -999.0 -999.0 -999.0 -999.0 -999.0 -999.0 -999.0 -999.0 16600.0 -999.0 2 -999 {-999.0 -999.0 -999.0 -999.0 -999.0} "" -999.0 -999.0 -999.0 -999.0 -999 -999 "" "" "" "" 0 0 0.0 0.0 -999 ""
FIBERMAP 1207 R-4C13 BOSS 0 0 0 1 0 0 23.71826006978532 -70.0267894227993 143.1 23.71826006978532 -70.0267894227993 9.9953985 170.00722 -999.0 -999.0 -999.0 -999.0 -999.0 -999.0 -999.0 -999.0 -999.0 -999.0 -999.0 -999.0 5400.0 -999.0 1 363 {-999.0 -999.0 -999.0 -999.0 -999.0} "" -999.0 -999.0 -999.0 -999.0 -999 -999 "" "" "" "" 0 0 0.0 0.0 -999 ""
FIBERMAP 1207 R-4C13 METROLOGY 1 0 0 1 0 0 23.374336461760024 -70.68940849328474 143.1 23.374336461760024 -70.68940849328474 9.9953985 170.00722 -999.0 -999.0 -999.0 -999.0 -999.0 -999.0 -999.0 -999.0 -999.0 -999.0 -999.0 -999.0 6231.0 -999.0 -1 -999 {-999.0 -999.0 -999.0 -999.0 -999.0} "" -999.0 -999.0 -999.0 -999.0 -999 -999 "" "" "" "" 0 0 0.0 0.0 -999 ""
FIBERMAP 1208 R-3C19 APOGEE 0 0 0 1 0 0 146.0150783744527 -50.56541971235866 143.1 146.0150783744527 -50.56541971235866 10.005446 169.99257 -999.0 -999.0 -999.0 -999.0 -999.0 -999.0 -999.0 -999.0 -999.0 -999.0 -999.0 -999.0 16600.0 -999.0 2 -999 {-999.0 -999.0 -999.0 -999.0 -999.0} "" -999.0 -999.0 -999.0 -999.0 -999 -999 "" "" "" "" 0 0 0.0 0.0 -999 ""
FIBERMAP 1208 R-3C19 BOSS 0 0 0 1 0 0 146.74001058571727 -50.53609264390425 143.1 146.74001058571727 -50.53609264390425 10.005446 169.99257 -999.0 -999.0 -999.0 -999.0 -999.0 -999.0 -999.0 -999.0 -999.0 -999.0 -999.0 -999.0 5400.0 -999.0 1 289 {-999.0 -999.0 -999.0 -999.0 -999.0} "" -999.0 -999.0 -999.0 -999.0 -999 -999 "" "" "" "" 0 0 0.0 0.0 -999 ""
FIBERMAP 1208 R-3C19 METROLOGY 1 0 0 1 0 0 146.40846260973612 -51.19938408355177 143.1 146.40846260973612 -51.19938408355177 10.005446 169.99257 -999.0 -999.0 -999.0 -999.0 -999.0 -999.0 -999.0 -999.0 -999.0 -999.0 -999.0 -999.0 6231.0 -999.0 -1 -999 {-999.0 -999.0 -999.0 -999.0 -999.0} "" -999.0 -999.0 -999.0 -999.0 -999 -999 "" "" "" "" 0 0 0.0 0.0 -999 ""
FIBERMAP 1213 R+9C2 APOGEE 0 0 0 1 0 0 -167.18695884759734 182.12989295148336 143.1 -167.18695884759734 182.12989295148336 10.007155 169.99725 -999.0 -999.0 -999.0 -999.0 -999.0 -999.0 -999.0 -999.0 -999.0 -999.0 -999.0 -999.0 16600.0 -999.0 2 -999 {-999.0 -999.0 -999.0 -999.0 -999.0} "" -999.0 -999.0 -999.0 -999.0 -999 -999 "" "" "" "" 0 0 0.0 0.0 -999 ""
FIBERMAP 1213 R+9C2 BOSS 0 0 0 1 0 0 -166.43957575652942 182.1294182942091 143.1 -166.43957575652942 182.1294182942091 10.007155 169.99725 -999.0 -999.0 -999.0 -999.0 -999.0 -999.0 -999.0 -999.0 -999.0 -999.0 -999.0 -999.0 5400.0 -999.0 1 19 {-999.0 -999.0 -999.0 -999.0 -999.0} "" -999.0 -999.0 -999.0 -999.0 -999 -999 "" "" "" "" 0 0 0.0 0.0 -999 ""
FIBERMAP 1213 R+9C2 METROLOGY 1 0 0 1 0 0 -166.81640181391106 181.48232097455923 143.1 -166.81640181391106 181.48232097455923 10.007155 169.99725 -999.0 -999.0 -999.0 -999.0 -999.0 -999.0 -999.0 -999.0 -999.0 -999.0 -999.0 -999.0 6231.0 -999.0 -1 -999 {-999.0 -999.0 -999.0 -999.0 -999.0} "" -999.0 -999.0 -999.0 -999.0 -999 -999 "" "" "" "" 0 0 0.0 0.0 -999 ""
FIBERMAP 1215 R-1C15 APOGEE 0 0 0 1 0 0 34.24369918637918 -11.767795299981238 143.1 34.24369918637918 -11.767795299981238 10.009458 170.01694 -999.0 -999.0 -999.0 -999.0 -999.0 -999.0 -999.0 -999.0 -999.0 -999.0 -999.0 -999.0 16600.0 -999.0 2 -999 {-999.0 -999.0 -999.0 -999.0 -999.0} "" -999.0 -999.0 -999.0 -999.0 -999 -999 "" "" "" "" 0 0 0.0 0.0 -999 ""
FIBERMAP 1215 R-1C15 BOSS 0 0 0 1 0 0 34.98515051605236 -11.750478022529386 143.1 34.98515051605236 -11.750478022529386 10.009458 170.01694 -999.0 -999.0 -999.0 -999.0 -999.0 -999.0 -999.0 -999.0 -999.0 -999.0 -999.0 -999.0 5400.0 -999.0 1 272 {-999.0 -999.0 -999.0 -999.0 -999.0} "" -999.0 -999.0 -999.0 -999.0 -999 -999 "" "" "" "" 0 0 0.0 0.0 -999 ""
FIBERMAP 1215 R-1C15 METROLOGY 1 0 0 1 0 0 34.63111974376366 -12.405421595100652 143.1 34.63111974376366 -12.405421595100652 10.009458 170.01694 -999.0 -999.0 -999.0 -999.0 -999.0 -999.0 -999.0 -999.0 -999.0 -999.0 -999.0 -999.0 6231.0 -999.0 -1 -999 {-999.0 -999.0 -999.0 -999.0 -999.0} "" -999.0 -999.0 -999.0 -999.0 -999 -999 "" "" "" "" 0 0 0.0 0.0 -999 ""
FIBERMAP 1222 R+1C10 APOGEE 0 0 0 1 0 0 -78.03362065611019 26.800131359643004 143.1 -78.03362065611019 26.800131359643004 10.005263 170.01428 -999.0 -999.0 -999.0 -999.0 -999.0 -999.0 -999.0 -999.0 -999.0 -999.0 -999.0 -999.0 16600.0 -999.0 2 -999 {-999.0 -999.0 -999.0 -999.0 -999.0} "" -999.0 -999.0 -999.0 -999.0 -999 -999 "" "" "" "" 0 0 0.0 0.0 -999 ""
FIBERMAP 1222 R+1C10 BOSS 0 0 0 1 0 0 -77.27929877588643 26.820871461537838 143.1 -77.27929877588643 26.820871461537838 10.005263 170.01428 -999.0 -999.0 -999.0 -999.0 -999.0 -999.0 -999.0 -999.0 -999.0 -999.0 -999.0 -999.0 5400.0 -999.0 1 30 {-999.0 -999.0 -999.0 -999.0 -999.0} "" -999.0 -999.0 -999.0 -999.0 -999 -999 "" "" "" "" 0 0 0.0 0.0 -999 ""
FIBERMAP 1222 R+1C10 METROLOGY 1 0 0 1 0 0 -77.64244996393774 26.164798793110222 143.1 -77.64244996393774 26.164798793110222 10.005263 170.01428 -999.0 -999.0 -999.0 -999.0 -999.0 -999.0 -999.0 -999.0 -999.0 -999.0 -999.0 -999.0 6231.0 -999.0 -1 -999 {-999.0 -999.0 -999.0 -999.0 -999.0} "" -999.0 -999.0 -999.0 -999.0 -999 -999 "" "" "" "" 0 0 0.0 0.0 -999 ""
FIBERMAP 1226 R+8C2 APOGEE 0 0 0 1 0 0 -178.66063800251598 162.80127901699788 143.1 -178.66063800251598 162.80127901699788 10.005203 170.004 -999.0 -999.0 -999.0 -999.0 -999.0 -999.0 -999.0 -999.0 -999.0 -999.0 -999.0 -999.0 16600.0 -999.0 2 -999 {-999.0 -999.0 -999.0 -999.0 -999.0} "" -999.0 -999.0 -999.0 -999.0 -999 -999 "" "" "" "" 0 0 0.0 0.0 -999 ""
FIBERMAP 1226 R+8C2 BOSS 0 0 0 1 0 0 -177.91645664230023 162.8145780845313 143.1 -177.91645664230023 162.8145780845313 10.005203 170.004 -999.0 -999.0 -999.0 -999.0 -999.0 -999.0 -999.0 -999.0 -999.0 -999.0 -999.0 -999.0 5400.0 -999.0 1 69 {-999.0 -999.0 -999.0 -999.0 -999.0} "" -999.0 -999.0 -999.0 -999.0 -999 -999 "" "" "" "" 0 0 0.0 0.0 -999 ""
FIBERMAP 1226 R+8C2 METROLOGY 1 0 0 1 0 0 -178.27001198471746 162.16561141932544 143.1 -178.27001198471746 162.16561141932544 10.005203 170.004 -999.0 -999.0 -999.0 -999.0 -999.0 -999.0 -999.0 -999.0 -999.0 -999.0 -999.0 -999.0 6231.0 -999.0 -1 -999 {-999.0 -999.0 -999.0 -999.0 -999.0} "" -999.0 -999.0 -999.0 -999.0 -999 -999 "" "" "" "" 0 0 0.0 0.0 -999 ""
FIBERMAP 1229 R-10C17 APOGEE 0 0 0 1 0 0 179.94267617558583 -186.32655910123964 143.1 179.94267617558583 -186.32655910123964 10.009347 169.9938 -999.0 -999.0 -999.0 -999.0 -999.0 -999.0 -999.0 -999.0 -999.0 -999.0 -999.0 -999.0 16600.0 -999.0 2 188 {-999.0 -999.0 -999.0 -999.0 -999.0} "" -999.0 -999.0 -999.0 -999.0 -999 -999 "" "" "" "" 0 0 0.0 0.0 -999 ""
FIBERMAP 1229 R-10C17 BOSS 0 0 0 1 0 0 180.67094411450435 -186.33397647001854 143.1 180.67094411450435 -186.33397647001854 10.009347 169.9938 -999.0 -999.0 -999.0 -999.0 -999.0 -999.0 -999.0 -999.0 -999.0 -999.0 -999.0 -999.0 5400.0 -999.0 1 329 {-999.0 -999.0 -999.0 -999.0 -999.0} "" -999.0 -999.0 -999.0 -999.0 -999 -999 "" "" "" "" 0 0 0.0 0.0 -999 ""
FIBERMAP 1229 R-10C17 METROLOGY 1 0 0 1 0 0 180.30595789672026 -186.97663437274716 143.1 180.30595789672026 -186.97663437274716 10.009347 169.9938 -999.0 -999.0 -999.0 -999.0 -999.0 -999.0 -999.0 -999.0 -999.0 -999.0 -999.0 -999.0 6231.0 -999.0 -1 -999 {-999.0 -999.0 -999.0 -999.0 -999.0} "" -999.0 -999.0 -999.0 -999.0 -999 -999 "" "" "" "" 0 0 0.0 0.0 -999 ""
FIBERMAP 1232 R-4C22 APOGEE 0 0 0 1 0 0 224.70910374808307 -70.04656687358525 143.1 224.70910374808307 -70.04656687358525 9.988536 170.0009 -999.0 -999.0 -999.0 -999.0 -999.0 -999.0 -999.0 -999.0 -999.0 -999.0 -999.0 -999.0 16600.0 -999.0 2 -999 {-999.0 -999.0 -999.0 -999.0 -999.0} "" -999.0 -999.0 -999.0 -999.0 -999 -999 "" "" "" "" 0 0 0.0 0.0 -999 ""
FIBERMAP 1232 R-4C22 BOSS 0 0 0 1 0 0 225.44806270266307 -70.03193602163822 143.1 225.44806270266307 -70.03193602163822 9.988536 170.0009 -999.0 -999.0 -999.0 -999.0 -999.0 -999.0 -999.0 -999.0 -999.0 -999.0 -999.0 -999.0 5400.0 -999.0 1 322 {-999.0 -999.0 -999.0 -999.0 -999.0} "" -999.0 -999.0 -999.0 -999.0 -999 -999 "" "" "" "" 0 0 0.0 0.0 -999 ""
FIBERMAP 1232 R-4C22 METROLOGY 1 0 0 1 0 0 225.09168696876867 -70.68710731708715 143.1 225.09168696876867 -70.68710731708715 9.988536 170.0009 -999.0 -999.0 -999.0 -999.0 -999.0 -999.0 -999.0 -999.0 -999.0 -999.0 -999.0 -999.0 6231.0 -999.0 -1 -999 {-999.0 -999.0 -999.0 -999.0 -999.0} "" -999.0 -999.0 -999.0 -999.0 -999 -999 "" "" "" "" 0 0 0.0 0.0 -999 ""
FIBERMAP 1240 R+7C16 APOGEE 0 0 0 1 0 0 123.99299346328486 143.48978548414533 143.1 123.99299346328486 143.48978548414533 10.013262 169.9978 -999.0 -999.0 -999.0 -999.0 -999.0 -999.0 -999.0 -999.0 -999.0 -999.0 -999.0 -999.0 16600.0 -999.0 2 66 {-999.0 -999.0 -999.0 -999.0 -999.0} "" -999.0 -999.0 -999.0 -999.0 -999 -999 "" "" "" "" 0 0 0.0 0.0 -999 ""
FIBERMAP 1240 R+7C16 BOSS 0 0 0 1 0 0 124.7319797377994 143.489150563774 143.1 124.7319797377994 143.489150563774 10.013262 169.9978 -999.0 -999.0 -999.0 -999.0 -999.0 -999.0 -999.0 -999.0 -999.0 -999.0 -999.0 -999.0 5400.0 -999.0 1 201 {-999.0 -999.0 -999.0 -999.0 -999.0} "" -999.0 -999.0 -999.0 -999.0 -999 -999 "" "" "" "" 0 0 0.0 0.0 -999 ""
FIBERMAP 1240 R+7C16 METROLOGY 1 0 0 1 0 0 124.37491794580072 142.8417846363606 143.1 124.37491794580072 142.8417846363606 10.013262 169.9978 -999.0 -999.0 -999.0 -999.0 -999.0 -999.0 -999.0 -999.0 -999.0 -999.0 -999.0 -999.0 6231.0 -999.0 -1 -999 {-999.0 -999.0 -999.0 -999.0 -999.0} "" -999.0 -999.0 -999.0 -999.0 -999 -999 "" "" "" "" 0 0 0.0 0.0 -999 ""
FIBERMAP 1241 R+7C13 APOGEE 0 0 0 1 0 0 56.650068000983254 143.43864821094712 143.1 56.650068000983254 143.43864821094712 10.003609 170.02016 -999.0 -999.0 -999.0 -999.0 -999.0 -999.0 -999.0 -999.0 -999.0 -999.0 -999.0 -999.0 16600.0 -999.0 2 48 {-999.0 -999.0 -999.0 -999.0 -999.0} "" -999.0 -999.0 -999.0 -999.0 -999 -999 "" "" "" "" 0 0 0.0 0.0 -999 ""
FIBERMAP 1241 R+7C13 BOSS 0 0 0 1 0 0 57.395996755206546 143.44184429774356 143.1 57.395996755206546 143.44184429774356 10.003609 170.02016 -999.0 -999.0 -999.0 -999.0 -999.0 -999.0 -999.0 -999.0 -999.0 -999.0 -999.0 -999.0 5400.0 -999.0 1 150 {-999.0 -999.0 -999.0 -999.0 -999.0} "" -999.0 -999.0 -999.0 -999.0 -999 -999 "" "" "" "" 0 0 0.0 0.0 -999 ""
FIBERMAP 1241 R+7C13 METROLOGY 1 0 0 1 0 0 57.02659236272648 142.7914626455749 143.1 57.02659236272648 142.7914626455749 10.003609 170.02016 -999.0 -999.0 -999.0 -999.0 -999.0 -999.0 -999.0 -999.0 -999.0 -999.0 -999.0 -999.0 6231.0 -999.0 -1 -999 {-999.0 -999.0 -999.0 -999.0 -999.0} "" -999.0 -999.0 -999.0 -999.0 -999 -999 "" "" "" "" 0 0 0.0 0.0 -999 ""
FIBERMAP 1251 R+6C7 APOGEE 0 0 0 1 0 0 -88.96295364164443 123.98608480601483 143.1 -88.96295364164443 123.98608480601483 10.011114 170.0014 -999.0 -999.0 -999.0 -999.0 -999.0 -999.0 -999.0 -999.0 -999.0 -999.0 -999.0 -999.0 16600.0 -999.0 2 100 {-999.0 -999.0 -999.0 -999.0 -999.0} "" -999.0 -999.0 -999.0 -999.0 -999 -999 "" "" "" "" 0 0 0.0 0.0 -999 ""
FIBERMAP 1251 R+6C7 BOSS 0 0 0 1 0 0 -88.21984361005569 123.96867405475973 143.1 -88.21984361005569 123.96867405475973 10.011114 170.0014 -999.0 -999.0 -999.0 -999.0 -999.0 -999.0 -999.0 -999.0 -999.0 -999.0 -999.0 -999.0 5400.0 -999.0 1 66 {-999.0 -999.0 -999.0 -999.0 -999.0} "" -999.0 -999.0 -999.0 -999.0 -999 -999 "" "" "" "" 0 0 0.0 0.0 -999 ""
FIBERMAP 1251 R+6C7 METROLOGY 1 0 0 1 0 0 -88.62989579162993 123.30724556960378 143.1 -88.62989579162993 123.30724556960378 10.011114 170.0014 -999.0 -999.0 -999.0 -999.0 -999.0 -999.0 -999.0 -999.0 -999.0 -999.0 -999.0 -999.0 6231.0 -999.0 -1 -999 {-999.0 -999.0 -999.0 -999.0 -999.0} "" -999.0 -999.0 -999.0 -999.0 -999 -999 "" "" "" "" 0 0 0.0 0.0 -999 ""
FIBERMAP 1252 R+13C7 APOGEE 0 0 0 1 0 0 -10.682836100363165 259.7168702804035 143.1 -10.682836100363165 259.7168702804035 9.989209 170.00143 -999.0 -999.0 -999.0 -999.0 -999.0 -999.0 -999.0 -999.0 -999.0 -999.0 -999.0 -999.0 16600.0 -999.0 2 46 {-999.0 -999.0 -999.0 -999.0 -999.0} "" -999.0 -999.0 -999.0 -999.0 -999 -999 "" "" "" "" 0 0 0.0 0.0 -999 ""
FIBERMAP 1252 R+13C7 BOSS 0 0 0 1 0 0 -9.943833858235184 259.7501698887614 143.1 -9.943833858235184 259.7501698887614 9.989209 170.00143 -999.0 -999.0 -999.0 -999.0 -999.0 -999.0 -999.0 -999.0 -999.0 -999.0 -999.0 -999.0 5400.0 -999.0 1 167 {-999.0 -999.0 -999.0 -999.0 -999.0} "" -999.0 -999.0 -999.0 -999.0 -999 -999 "" "" "" "" 0 0 0.0 0.0 -999 ""
FIBERMAP 1252 R+13C7 METROLOGY 1 0 0 1 0 0 -10.286322074038424 259.086679135378 143.1 -10.286322074038424 259.086679135378 9.989209 170.00143 -999.0 -999.0 -999.0 -999.0 -999.0 -999.0 -999.0 -999.0 -999.0 -999.0 -999.0 -999.0 6231.0 -999.0 -1 -999 {-999.0 -999.0 -999.0 -999.0 -999.0} "" -999.0 -999.0 -999.0 -999.0 -999 -999 "" "" "" "" 0 0 0.0 0.0 -999 ""
FIBERMAP 1254 R+2C6 APOGEE 0 0 0 1 0 0 -156.03444614011926 46.36480641694451 143.1 -156.03444614011926 46.36480641694451 10.01199 170.01753 -999.0 -999.0 -999.0 -999.0 -999.0 -999.0 -999.0 -999.0 -999.0 -999.0 -999.0 -999.0 16600.0 -999.0 2 -999 {-999.0 -999.0 -999.0 -999.0 -999.0} "" -999.0 -999.0 -999.0 -999.0 -999 -999 "" "" "" "" 0 0 0.0 0.0 -999 ""
FIBERMAP 1254 R+2C6 BOSS 0 0 0 1 0 0 -155.31604896270846 46.380289416025114 143.1 -155.31604896270846 46.380289416025114 10.01199 170.01753 -999.0 -999.0 -999.0 -999.0 -999.0 -999.0 -999.0 -999.0 -999.0 -999.0 -999.0 -999.0 5400.0 -999.0 1 48 {-999.0 -999.0 -999.0 -999.0 -999.0} "" -999.0 -999.0 -999.0 -999.0 -999 -999 "" "" "" "" 0 0 0.0 0.0 -999 ""
FIBERMAP 1254 R+2C6 METROLOGY 1 0 0 1 0 0 -155.65494996299114 45.72243220197558 143.1 -155.65494996299114 45.72243220197558 10.01199 170.01753 -999.0 -999.0 -999.0 -999.0 -999.0 -999.0 -999.0 -999.0 -999.0 -999.0 -999.0 -999.0 6231.0 -999.0 -1 -999 {-999.0 -999.0 -999.0 -999.0 -999.0} "" -999.0 -999.0 -999.0 -999.0 -999 -999 "" "" "" "" 0 0 0.0 0.0 -999 ""
FIBERMAP 1256 R-7C15 APOGEE 0 0 0 1 0 0 101.50461214536462 -128.27890642254386 143.1 101.50461214536462 -128.27890642254386 10.010107 170.03511 -999.0 -999.0 -999.0 -999.0 -999.0 -999.0 -999.0 -999.0 -999.0 -999.0 -999.0 -999.0 16600.0 -999.0 2 -999 {-999.0 -999.0 -999.0 -999.0 -999.0} "" -999.0 -999.0 -999.0 -999.0 -999 -999 "" "" "" "" 0 0 0.0 0.0 -999 ""
FIBERMAP 1256 R-7C15 BOSS 0 0 0 1 0 0 102.34246760349033 -128.32705342182257 143.1 102.34246760349033 -128.32705342182257 10.010107 170.03511 -999.0 -999.0 -999.0 -999.0 -999.0 -999.0 -999.0 -999.0 -999.0 -999.0 -999.0 -999.0 5400.0 -999.0 1 317 {-999.0 -999.0 -999.0 -999.0 -999.0} "" -999.0 -999.0 -999.0 -999.0 -999 -999 "" "" "" "" 0 0 0.0 0.0 -999 ""
FIBERMAP 1256 R-7C15 METROLOGY 1 0 0 1 0 0 101.88884975805887 -128.91845582446902 143.1 101.88884975805887 -128.91845582446902 10.010107 170.03511 -999.0 -999.0 -999.0 -999.0 -999.0 -999.0 -999.0 -999.0 -999.0 -999.0 -999.0 -999.0 6231.0 -999.0 -1 -999 {-999.0 -999.0 -999.0 -999.0 -999.0} "" -999.0 -999.0 -999.0 -999.0 -999 -999 "" "" "" "" 0 0 0.0 0.0 -999 ""
FIBERMAP 1260 R+1C4 APOGEE 0 0 0 1 0 0 -212.33146433223425 26.928405671496943 143.1 -212.33146433223425 26.928405671496943 9.992644 170.01292 -999.0 -999.0 -999.0 -999.0 -999.0 -999.0 -999.0 -999.0 -999.0 -999.0 -999.0 -999.0 16600.0 -999.0 2 -999 {-999.0 -999.0 -999.0 -999.0 -999.0} "" -999.0 -999.0 -999.0 -999.0 -999 -999 "" "" "" "" 0 0 0.0 0.0 -999 ""
FIBERMAP 1260 R+1C4 BOSS 0 0 0 1 0 0 -211.58820168853745 26.954693398586972 143.1 -211.58820168853745 26.954693398586972 9.992644 170.01292 -999.0 -999.0 -999.0 -999.0 -999.0 -999.0 -999.0 -999.0 -999.0 -999.0 -999.0 -999.0 5400.0 -999.0 1 62 {-999.0 -999.0 -999.0 -999.0 -999.0} "" -999.0 -999.0 -999.0 -999.0 -999 -999 "" "" "" "" 0 0 0.0 0.0 -999 ""
FIBERMAP 1260 R+1C4 METROLOGY 1 0 0 1 0 0 -211.93801801093358 26.29447982980348 143.1 -211.93801801093358 26.29447982980348 9.992644 170.01292 -999.0 -999.0 -999.0 -999.0 -999.0 -999.0 -999.0 -999.0 -999.0 -999.0 -999.0 -999.0 6231.0 -999.0 -1 -999 {-999.0 -999.0 -999.0 -999.0 -999.0} "" -999.0 -999.0 -999.0 -999.0 -999 -999 "" "" "" "" 0 0 0.0 0.0 -999 ""
FIBERMAP 1265 R+5C6 APOGEE 0 0 0 1 0 0 -123.57064464078697 104.41869216728182 143.1 -123.57064464078697 104.41869216728182 10.013607 170.00006 -999.0 -999.0 -999.0 -999.0 -999.0 -999.0 -999.0 -999.0 -999.0 -999.0 -999.0 -999.0 16600.0 -999.0 2 -999 {-999.0 -999.0 -999.0 -999.0 -999.0} "" -999.0 -999.0 -999.0 -999.0 -999 -999 "" "" "" "" 0 0 0.0 0.0 -999 ""
FIBERMAP 1265 R+5C6 BOSS 0 0 0 1 0 0 -122.84408261916523 104.47702311144378 143.1 -122.84408261916523 104.47702311144378 10.013607 170.00006 -999.0 -999.0 -999.0 -999.0 -999.0 -999.0 -999.0 -999.0 -999.0 -999.0 -999.0 -999.0 5400.0 -999.0 1 50 {-999.0 -999.0 -999.0 -999.0 -999.0} "" -999.0 -999.0 -999.0 -999.0 -999 -999 "" "" "" "" 0 0 0.0 0.0 -999 ""
FIBERMAP 1265 R+5C6 METROLOGY 1 0 0 1 0 0 -123.14665618687174 103.80477379204096 143.1 -123.14665618687174 103.80477379204096 10.013607 170.00006 -999.0 -999.0 -999.0 -999.0 -999.0 -999.0 -999.0 -999.0 -999.0 -999.0 -999.0 -999.0 6231.0 -999.0 -1 -999 {-999.0 -999.0 -999.0 -999.0 -999.0} "" -999.0 -999.0 -999.0 -999.0 -999 -999 "" "" "" "" 0 0 0.0 0.0 -999 ""
FIBERMAP 1266 R-1C23 APOGEE 0 0 0 1 0 0 213.4703377212935 -11.887932342177471 143.1 213.4703377212935 -11.887932342177471 10.018461 169.99864 -999.0 -999.0 -999.0 -999.0 -999.0 -999.0 -999.0 -999.0 -999.0 -999.0 -999.0 -999.0 16600.0 -999.0 2 -999 {-999.0 -999.0 -999.0 -999.0 -999.0} "" -999.0 -999.0 -999.0 -999.0 -999 -999 "" "" "" "" 0 0 0.0 0.0 -999 ""
FIBERMAP 1266 R-1C23 BOSS 0 0 0 1 0 0 214.22178531779016 -11.86925652982104 143.1 214.22178531779016 -11.86925652982104 10.018461 169.99864 -999.0 -999.0 -999.0 -999.0 -999.0 -999.0 -999.0 -999.0 -999.0 -999.0 -999.0 -999.0 5400.0 -999.0 1 312 {-999.0 -999.0 -999.0 -999.0 -999.0} "" -999.0 -999.0 -999.0 -999.0 -999 -999 "" "" "" "" 0 0 0.0 0.0 -999 ""
FIBERMAP 1266 R-1C23 METROLOGY 1 0 0 1 0 0 213.85187045594895 -12.529099054427995 143.1 213.85187045594895 -12.529099054427995 10.018461 169.99864 -999.0 -999.0 -999.0 -999.0 -999.0 -999.0 -999.0 -999.0 -999.0 -999.0 -999.0 -999.0 6231.0 -999.0 -1 -999 {-999.0 -999.0 -999.0 -999.0 -999.0} "" -999.0 -999.0 -999.0 -999.0 -999 -999 "" "" "" "" 0 0 0.0 0.0 -999 ""
FIBERMAP 1270 R+5C12 APOGEE 0 0 0 1 0 0 11.585907497040806 104.63221466300828 143.1 11.585907497040806 104.63221466300828 10.008459 169.99704 -999.0 -999.0 -999.0 -999.0 -999.0 -999.0 -999.0 -999.0 -999.0 -999.0 -999.0 -999.0 16600.0 -999.0 2 8 {-999.0 -999.0 -999.0 -999.0 -999.0} "" -999.0 -999.0 -999.0 -999.0 -999 -999 "" "" "" "" 0 0 0.0 0.0 -999 ""
FIBERMAP 1270 R+5C12 BOSS 0 0 0 1 0 0 12.328218811218225 104.61742338767624 143.1 12.328218811218225 104.61742338767624 10.008459 169.99704 -999.0 -999.0 -999.0 -999.0 -999.0 -999.0 -999.0 -999.0 -999.0 -999.0 -999.0 -999.0 5400.0 -999.0 1 116 {-999.0 -999.0 -999.0 -999.0 -999.0} "" -999.0 -999.0 -999.0 -999.0 -999 -999 "" "" "" "" 0 0 0.0 0.0 -999 ""
FIBERMAP 1270 R+5C12 METROLOGY 1 0 0 1 0 0 11.94898684973434 103.98480250635542 143.1 11.94898684973434 103.98480250635542 10.008459 169.99704 -999.0 -999.0 -999.0 -999.0 -999.0 -999.0 -999.0 -999.0 -999.0 -999.0 -999.0 -999.0 6231.0 -999.0 -1 -999 {-999.0 -999.0 -999.0 -999.0 -999.0} "" -999.0 -999.0 -999.0 -999.0 -999 -999 "" "" "" "" 0 0 0.0 0.0 -999 ""
FIBERMAP 1271 R-4C14 APOGEE 0 0 0 1 0 0 45.50107373661841 -70.0921094440879 143.1 45.50107373661841 -70.0921094440879 10.010302 169.99323 -999.0 -999.0 -999.0 -999.0 -999.0 -999.0 -999.0 -999.0 -999.0 -999.0 -999.0 -999.0 16600.0 -999.0 2 -999 {-999.0 -999.0 -999.0 -999.0 -999.0} "" -999.0 -999.0 -999.0 -999.0 -999 -999 "" "" "" "" 0 0 0.0 0.0 -999 ""
FIBERMAP 1271 R-4C14 BOSS 0 0 0 1 0 0 46.24075936269738 -70.08648009510735 143.1 46.24075936269738 -70.08648009510735 10.010302 169.99323 -999.0 -999.0 -999.0 -999.0 -999.0 -999.0 -999.0 -999.0 -999.0 -999.0 -999.0 -999.0 5400.0 -999.0 1 324 {-999.0 -999.0 -999.0 -999.0 -999.0} "" -999.0 -999.0 -999.0 -999.0 -999 -999 "" "" "" "" 0 0 0.0 0.0 -999 ""
FIBERMAP 1271 R-4C14 METROLOGY 1 0 0 1 0 0 45.877892564049525 -70.73605785180798 143.1 45.877892564049525 -70.73605785180798 10.010302 169.99323 -999.0 -999.0 -999.0 -999.0 -999.0 -999.0 -999.0 -999.0 -999.0 -999.0 -999.0 -999.0 6231.0 -999.0 -1 -999 {-999.0 -999.0 -999.0 -999.0 -999.0} "" -999.0 -999.0 -999.0 -999.0 -999 -999 "" "" "" "" 0 0 0.0 0.0 -999 ""
FIBERMAP 1272 R+1C9 APOGEE 0 0 0 1 0 0 -100.27781240565479 26.97454788614737 143.1 -100.27781240565479 26.97454788614737 9.992201 169.99811 -999.0 -999.0 -999.0 -999.0 -999.0 -999.0 -999.0 -999.0 -999.0 -999.0 -999.0 -999.0 16600.0 -999.0 2 147 {-999.0 -999.0 -999.0 -999.0 -999.0} "" -999.0 -999.0 -999.0 -999.0 -999 -999 "" "" "" "" 0 0 0.0 0.0 -999 ""
FIBERMAP 1272 R+1C9 BOSS 0 0 0 1 0 0 -99.52725597657094 26.97378440710481 143.1 -99.52725597657094 26.97378440710481 9.992201 169.99811 -999.0 -999.0 -999.0 -999.0 -999.0 -999.0 -999.0 -999.0 -999.0 -999.0 -999.0 -999.0 5400.0 -999.0 1 45 {-999.0 -999.0 -999.0 -999.0 -999.0} "" -999.0 -999.0 -999.0 -999.0 -999 -999 "" "" "" "" 0 0 0.0 0.0 -999 ""
FIBERMAP 1272 R+1C9 METROLOGY 1 0 0 1 0 0 -99.90178448873256 26.319209365317185 143.1 -99.90178448873256 26.319209365317185 9.992201 169.99811 -999.0 -999.0 -999.0 -999.0 -999.0 -999.0 -999.0 -999.0 -999.0 -999.0 -999.0 -999.0 6231.0 -999.0 -1 -999 {-999.0 -999.0 -999.0 -999.0 -999.0} "" -999.0 -999.0 -999.0 -999.0 -999 -999 "" "" "" "" 0 0 0.0 0.0 -999 ""
FIBERMAP 1276 R-2C3 APOGEE 0 0 0 1 0 0 -223.34398632328688 -31.29952205900519 143.1 -223.34398632328688 -31.29952205900519 9.992665 169.99933 -999.0 -999.0 -999.0 -999.0 -999.0 -999.0 -999.0 -999.0 -999.0 -999.0 -999.0 -999.0 16600.0 -999.0 2 257 {-999.0 -999.0 -999.0 -999.0 -999.0} "" -999.0 -999.0 -999.0 -999.0 -999 -999 "" "" "" "" 0 0 0.0 0.0 -999 ""
FIBERMAP 1276 R-2C3 BOSS 0 0 0 1 0 0 -222.60137870372876 -31.271235631656236 143.1 -222.60137870372876 -31.271235631656236 9.992665 169.99933 -999.0 -999.0 -999.0 -999.0 -999.0 -999.0 -999.0 -999.0 -999.0 -999.0 -999.0 -999.0 5400.0 -999.0 1 475 {-999.0 -999.0 -999.0 -999.0 -999.0} "" -999.0 -999.0 -999.0 -999.0 -999 -999 "" "" "" "" 0 0 0.0 0.0 -999 ""
FIBERMAP 1276 R-2C3 METROLOGY 1 0 0 1 0 0 -222.95767561815697 -31.938800877301734 143.1 -222.95767561815697 -31.938800877301734 9.992665 169.99933 -999.0 -999.0 -999.0 -999.0 -999.0 -999.0 -999.0 -999.0 -999.0 -999.0 -999.0 -999.0 6231.0 -999.0 -1 -999 {-999.0 -999.0 -999.0 -999.0 -999.0} "" -999.0 -999.0 -999.0 -999.0 -999 -999 "" "" "" "" 0 0 0.0 0.0 -999 ""
FIBERMAP 1281 R+5C7 APOGEE 0 0 0 1 0 0 -100.14983846755497 104.60338607937292 143.1 -100.14983846755497 104.60338607937292 10.004586 170.00993 -999.0 -999.0 -999.0 -999.0 -999.0 -999.0 -999.0 -999.0 -999.0 -999.0 -999.0 -999.0 16600.0 -999.0 2 108 {-999.0 -999.0 -999.0 -999.0 -999.0} "" -999.0 -999.0 -999.0 -999.0 -999 -999 "" "" "" "" 0 0 0.0 0.0 -999 ""
FIBERMAP 1281 R+5C7 BOSS 0 0 0 1 0 0 -99.41198351782475 104.58936433612462 143.1 -99.41198351782475 104.58936433612462 10.004586 170.00993 -999.0 -999.0 -999.0 -999.0 -999.0 -999.0 -999.0 -999.0 -999.0 -999.0 -999.0 -999.0 5400.0 -999.0 1 54 {-999.0 -999.0 -999.0 -999.0 -999.0} "" -999.0 -999.0 -999.0 -999.0 -999 -999 "" "" "" "" 0 0 0.0 0.0 -999 ""
FIBERMAP 1281 R+5C7 METROLOGY 1 0 0 1 0 0 -99.79268415626188 103.94913294435665 143.1 -99.79268415626188 103.94913294435665 10.004586 170.00993 -999.0 -999.0 -999.0 -999.0 -999.0 -999.0 -999.0 -999.0 -999.0 -999.0 -999.0 -999.0 6231.0 -999.0 -1 -999 {-999.0 -999.0 -999.0 -999.0 -999.0} "" -999.0 -999.0 -999.0 -999.0 -999 -999 "" "" "" "" 0 0 0.0 0.0 -999 ""
FIBERMAP 1285 R+9C4 APOGEE 0 0 0 1 0 0 -122.69023420370934 182.16884006790713 143.1 -122.69023420370934 182.16884006790713 9.992973 169.98323 -999.0 -999.0 -999.0 -999.0 -999.0 -999.0 -999.0 -999.0 -999.0 -999.0 -999.0 -999.0 16600.0 -999.0 2 -999 {-999.0 -999.0 -999.0 -999.0 -999.0} "" -999.0 -999.0 -999.0 -999.0 -999 -999 "" "" "" "" 0 0 0.0 0.0 -999 ""
FIBERMAP 1285 R+9C4 BOSS 0 0 0 1 0 0 -121.9422365096961 182.1834603012264 143.1 -121.9422365096961 182.1834603012264 9.992973 169.98323 -999.0 -999.0 -999.0 -999.0 -999.0 -999.0 -999.0 -999.0 -999.0 -999.0 -999.0 -999.0 5400.0 -999.0 1 15 {-999.0 -999.0 -999.0 -999.0 -999.0} "" -999.0 -999.0 -999.0 -999.0 -999 -999 "" "" "" "" 0 0 0.0 0.0 -999 ""
FIBERMAP 1285 R+9C4 METROLOGY 1 0 0 1 0 0 -122.30086265031541 181.53240328870638 143.1 -122.30086265031541 181.53240328870638 9.992973 169.98323 -999.0 -999.0 -999.0 -999.0 -999.0 -999.0 -999.0 -999.0 -999.0 -999.0 -999.0 -999.0 6231.0 -999.0 -1 -999 {-999.0 -999.0 -999.0 -999.0 -999.0} "" -999.0 -999.0 -999.0 -999.0 -999 -999 "" "" "" "" 0 0 0.0 0.0 -999 ""
FIBERMAP 1287 R+12C7 APOGEE 0 0 0 1 0 0 -21.931583765550602 240.40441269080543 143.1 -21.931583765550602 240.40441269080543 10.007733 170.00189 -999.0 -999.0 -999.0 -999.0 -999.0 -999.0 -999.0 -999.0 -999.0 -999.0 -999.0 -999.0 16600.0 -999.0 2 -999 {-999.0 -999.0 -999.0 -999.0 -999.0} "" -999.0 -999.0 -999.0 -999.0 -999 -999 "" "" "" "" 0 0 0.0 0.0 -999 ""
FIBERMAP 1287 R+12C7 BOSS 0 0 0 1 0 0 -21.186411053014194 240.42231772326537 143.1 -21.186411053014194 240.42231772326537 10.007733 170.00189 -999.0 -999.0 -999.0 -999.0 -999.0 -999.0 -999.0 -999.0 -999.0 -999.0 -999.0 -999.0 5400.0 -999.0 1 155 {-999.0 -999.0 -999.0 -999.0 -999.0} "" -999.0 -999.0 -999.0 -999.0 -999 -999 "" "" "" "" 0 0 0.0 0.0 -999 ""
FIBERMAP 1287 R+12C7 METROLOGY 1 0 0 1 0 0 -21.542789121951394 239.76762331776254 143.1 -21.542789121951394 239.76762331776254 10.007733 170.00189 -999.0 -999.0 -999.0 -999.0 -999.0 -999.0 -999.0 -999.0 -999.0 -999.0 -999.0 -999.0 6231.0 -999.0 -1 -999 {-999.0 -999.0 -999.0 -999.0 -999.0} "" -999.0 -999.0 -999.0 -999.0 -999 -999 "" "" "" "" 0 0 0.0 0.0 -999 ""
FIBERMAP 1289 R-2C15 APOGEE 0 0 0 1 0 0 45.54047529426583 -31.25949013705017 143.1 45.54047529426583 -31.25949013705017 9.993544 170.00238 -999.0 -999.0 -999.0 -999.0 -999.0 -999.0 -999.0 -999.0 -999.0 -999.0 -999.0 -999.0 16600.0 -999.0 2 219 {-999.0 -999.0 -999.0 -999.0 -999.0} "" -999.0 -999.0 -999.0 -999.0 -999 -999 "" "" "" "" 0 0 0.0 0.0 -999 ""
FIBERMAP 1289 R-2C15 BOSS 0 0 0 1 0 0 46.27609154436057 -31.258041900283388 143.1 46.27609154436057 -31.258041900283388 9.993544 170.00238 -999.0 -999.0 -999.0 -999.0 -999.0 -999.0 -999.0 -999.0 -999.0 -999.0 -999.0 -999.0 5400.0 -999.0 1 273 {-999.0 -999.0 -999.0 -999.0 -999.0} "" -999.0 -999.0 -999.0 -999.0 -999 -999 "" "" "" "" 0 0 0.0 0.0 -999 ""
FIBERMAP 1289 R-2C15 METROLOGY 1 0 0 1 0 0 45.91915854016326 -31.91503804160394 143.1 45.91915854016326 -31.91503804160394 9.993544 170.00238 -999.0 -999.0 -999.0 -999.0 -999.0 -999.0 -999.0 -999.0 -999.0 -999.0 -999.0 -999.0 6231.0 -999.0 -1 -999 {-999.0 -999.0 -999.0 -999.0 -999.0} "" -999.0 -999.0 -999.0 -999.0 -999 -999 "" "" "" "" 0 0 0.0 0.0 -999 ""
FIBERMAP 1296 R-5C7 APOGEE 0 0 0 1 0 0 -100.19380754619367 -89.5133562126301 143.1 -100.19380754619367 -89.5133562126301 9.990397 169.9958 -999.0 -999.0 -999.0 -999.0 -999.0 -999.0 -999.0 -999.0 -999.0 -999.0 -999.0 -999.0 16600.0 -999.0 2 262 {-999.0 -999.0 -999.0 -999.0 -999.0} "" -999.0 -999.0 -999.0 -999.0 -999 -999 "" "" "" "" 0 0 0.0 0.0 -999 ""
FIBERMAP 1296 R-5C7 BOSS 0 0 0 1 0 0 -99.44770736381027 -89.51513651872823 143.1 -99.44770736381027 -89.51513651872823 9.990397 169.9958 -999.0 -999.0 -999.0 -999.0 -999.0 -999.0 -999.0 -999.0 -999.0 -999.0 -999.0 -999.0 5400.0 -999.0 1 464 {-999.0 -999.0 -999.0 -999.0 -999.0} "" -999.0 -999.0 -999.0 -999.0 -999 -999 "" "" "" "" 0 0 0.0 0.0 -999 ""
FIBERMAP 1296 R-5C7 METROLOGY 1 0 0 1 0 0 -99.8179417245592 -90.15498305317747 143.1 -99.8179417245592 -90.15498305317747 9.990397 169.9958 -999.0 -999.0 -999.0 -999.0 -999.0 -999.0 -999.0 -999.0 -999.0 -999.0 -999.0 -999.0 6231.0 -999.0 -1 -999 {-999.0 -999.0 -999.0 -999.0 -999.0} "" -999.0 -999.0 -999.0 -999.0 -999 -999 "" "" "" "" 0 0 0.0 0.0 -999 ""
FIBERMAP 1300 R+11C12 APOGEE 0 0 0 1 0 0 78.85058724981856 221.00848209917044 143.1 78.85058724981856 221.00848209917044 10.014128 169.99925 -999.0 -999.0 -999.0 -999.0 -999.0 -999.0 -999.0 -999.0 -999.0 -999.0 -999.0 -999.0 16600.0 -999.0 2 11 {-999.0 -999.0 -999.0 -999.0 -999.0} "" -999.0 -999.0 -999.0 -999.0 -999 -999 "" "" "" "" 0 0 0.0 0.0 -999 ""
FIBERMAP 1300 R+11C12 BOSS 0 0 0 1 0 0 79.59876519565766 221.0511836584301 143.1 79.59876519565766 221.0511836584301 10.014128 169.99925 -999.0 -999.0 -999.0 -999.0 -999.0 -999.0 -999.0 -999.0 -999.0 -999.0 -999.0 -999.0 5400.0 -999.0 1 142 {-999.0 -999.0 -999.0 -999.0 -999.0} "" -999.0 -999.0 -999.0 -999.0 -999 -999 "" "" "" "" 0 0 0.0 0.0 -999 ""
FIBERMAP 1300 R+11C12 METROLOGY 1 0 0 1 0 0 79.25769249557146 220.38428702827213 143.1 79.25769249557146 220.38428702827213 10.014128 169.99925 -999.0 -999.0 -999.0 -999.0 -999.0 -999.0 -999.0 -999.0 -999.0 -999.0 -999.0 -999.0 6231.0 -999.0 -1 -999 {-999.0 -999.0 -999.0 -999.0 -999.0} "" -999.0 -999.0 -999.0 -999.0 -999 -999 "" "" "" "" 0 0 0.0 0.0 -999 ""
FIBERMAP 1301 R+2C23 APOGEE 0 0 0 1 0 0 224.54444273005433 46.40589976751827 143.1 224.54444273005433 46.40589976751827 9.994248 170.01653 -999.0 -999.0 -999.0 -999.0 -999.0 -999.0 -999.0 -999.0 -999.0 -999.0 -999.0 -999.0 16600.0 -999.0 2 82 {-999.0 -999.0 -999.0 -999.0 -999.0} "" -999.0 -999.0 -999.0 -999.0 -999 -999 "" "" "" "" 0 0 0.0 0.0 -999 ""
FIBERMAP 1301 R+2C23 BOSS 0 0 0 1 0 0 225.28574068729088 46.42155705986755 143.1 225.28574068729088 46.42155705986755 9.994248 170.01653 -999.0 -999.0 -999.0 -999.0 -999.0 -999.0 -999.0 -999.0 -999.0 -999.0 -999.0 -999.0 5400.0 -999.0 1 225 {-999.0 -999.0 -999.0 -999.0 -999.0} "" -999.0 -999.0 -999.0 -999.0 -999 -999 "" "" "" "" 0 0 0.0 0.0 -999 ""
FIBERMAP 1301 R+2C23 METROLOGY 1 0 0 1 0 0 224.91035824368723 45.76195762242722 143.1 224.91035824368723 45.76195762242722 9.994248 170.01653 -999.0 -999.0 -999.0 -999.0 -999.0 -999.0 -999.0 -999.0 -999.0 -999.0 -999.0 -999.0 6231.0 -999.0 -1 -999 {-999.0 -999.0 -999.0 -999.0 -999.0} "" -999.0 -999.0 -999.0 -999.0 -999 -999 "" "" "" "" 0 0 0.0 0.0 -999 ""
FIBERMAP 1302 R-9C18 APOGEE 0 0 0 1 0 0 191.17708878503646 -166.96331547539822 143.1 191.17708878503646 -166.96331547539822 10.013057 169.99692 -999.0 -999.0 -999.0 -999.0 -999.0 -999.0 -999.0 -999.0 -999.0 -999.0 -999.0 -999.0 16600.0 -999.0 2 187 {-999.0 -999.0 -999.0 -999.0 -999.0} "" -999.0 -999.0 -999.0 -999.0 -999 -999 "" "" "" "" 0 0 0.0 0.0 -999 ""
FIBERMAP 1302 R-9C18 BOSS 0 0 0 1 0 0 191.92847277059553 -166.95348776555107 143.1 191.92847277059553 -166.95348776555107 10.013057 169.99692 -999.0 -999.0 -999.0 -999.0 -999.0 -999.0 -999.0 -999.0 -999.0 -999.0 -999.0 -999.0 5400.0 -999.0 1 330 {-999.0 -999.0 -999.0 -999.0 -999.0} "" -999.0 -999.0 -999.0 -999.0 -999 -999 "" "" "" "" 0 0 0.0 0.0 -999 ""
FIBERMAP 1302 R-9C18 METROLOGY 1 0 0 1 0 0 191.56865234173628 -167.60855464200688 143.1 191.56865234173628 -167.60855464200688 10.013057 169.99692 -999.0 -999.0 -999.0 -999.0 -999.0 -999.0 -999.0 -999.0 -999.0 -999.0 -999.0 -999.0 6231.0 -999.0 -1 -999 {-999.0 -999.0 -999.0 -999.0 -999.0} "" -999.0 -999.0 -999.0 -999.0 -999 -999 "" "" "" "" 0 0 0.0 0.0 -999 ""
FIBERMAP 1303 R-7C11 APOGEE 0 0 0 1 0 0 11.919430885626243 -128.25176628399262 143.1 11.919430885626243 -128.25176628399262 9.995044 170.00378 -999.0 -999.0 -999.0 -999.0 -999.0 -999.0 -999.0 -999.0 -999.0 -999.0 -999.0 -999.0 16600.0 -999.0 2 151 {-999.0 -999.0 -999.0 -999.0 -999.0} "" -999.0 -999.0 -999.0 -999.0 -999 -999 "" "" "" "" 0 0 0.0 0.0 -999 ""
FIBERMAP 1303 R-7C11 BOSS 0 0 0 1 0 0 12.667050156274993 -128.24474265467668 143.1 12.667050156274993 -128.24474265467668 9.995044 170.00378 -999.0 -999.0 -999.0 -999.0 -999.0 -999.0 -999.0 -999.0 -999.0 -999.0 -999.0 -999.0 5400.0 -999.0 1 377 {-999.0 -999.0 -999.0 -999.0 -999.0} "" -999.0 -999.0 -999.0 -999.0 -999 -999 "" "" "" "" 0 0 0.0 0.0 -999 ""
FIBERMAP 1303 R-7C11 METROLOGY 1 0 0 1 0 0 12.305875081071187 -128.88727065025705 143.1 12.305875081071187 -128.88727065025705 9.995044 170.00378 -999.0 -999.0 -999.0 -999.0 -999.0 -999.0 -999.0 -999.0 -999.0 -999.0 -999.0 -999.0 6231.0 -999.0 -1 -999 {-999.0 -999.0 -999.0 -999.0 -999.0} "" -999.0 -999.0 -999.0 -999.0 -999 -999 "" "" "" "" 0 0 0.0 0.0 -999 ""
FIBERMAP 1304 R+7C15 APOGEE 0 0 0 1 0 0 101.7762929594828 143.32799255633444 143.1 101.7762929594828 143.32799255633444 10.005066 170.00069 -999.0 -999.0 -999.0 -999.0 -999.0 -999.0 -999.0 -999.0 -999.0 -999.0 -999.0 -999.0 16600.0 -999.0 2 -999 {-999.0 -999.0 -999.0 -999.0 -999.0} "" -999.0 -999.0 -999.0 -999.0 -999 -999 "" "" "" "" 0 0 0.0 0.0 -999 ""
FIBERMAP 1304 R+7C15 BOSS 0 0 0 1 0 0 102.49617554493548 143.32844103158658 143.1 102.49617554493548 143.32844103158658 10.005066 170.00069 -999.0 -999.0 -999.0 -999.0 -999.0 -999.0 -999.0 -999.0 -999.0 -999.0 -999.0 -999.0 5400.0 -999.0 1 187 {-999.0 -999.0 -999.0 -999.0 -999.0} "" -999.0 -999.0 -999.0 -999.0 -999 -999 "" "" "" "" 0 0 0.0 0.0 -999 ""
FIBERMAP 1304 R+7C15 METROLOGY 1 0 0 1 0 0 102.14089823682653 142.6770509520066 143.1 102.14089823682653 142.6770509520066 10.005066 170.00069 -999.0 -999.0 -999.0 -999.0 -999.0 -999.0 -999.0 -999.0 -999.0 -999.0 -999.0 -999.0 6231.0 -999.0 -1 -999 {-999.0 -999.0 -999.0 -999.0 -999.0} "" -999.0 -999.0 -999.0 -999.0 -999 -999 "" "" "" "" 0 0 0.0 0.0 -999 ""
FIBERMAP 1306 R-11C6 APOGEE 0 0 0 1 0 0 -55.38230718566077 -205.9000783449293 143.1 -55.38230718566077 -205.9000783449293 9.990454 170.00415 -999.0 -999.0 -999.0 -999.0 -999.0 -999.0 -999.0 -999.0 -999.0 -999.0 -999.0 -999.0 16600.0 -999.0 2 177 {-999.0 -999.0 -999.0 -999.0 -999.0} "" -999.0 -999.0 -999.0 -999.0 -999 -999 "" "" "" "" 0 0 0.0 0.0 -999 ""
FIBERMAP 1306 R-11C6 BOSS 0 0 0 1 0 0 -54.640345263141754 -205.87988635120283 143.1 -54.640345263141754 -205.87988635120283 9.990454 170.00415 -999.0 -999.0 -999.0 -999.0 -999.0 -999.0 -999.0 -999.0 -999.0 -999.0 -999.0 -999.0 5400.0 -999.0 1 358 {-999.0 -999.0 -999.0 -999.0 -999.0} "" -999.0 -999.0 -999.0 -999.0 -999 -999 "" "" "" "" 0 0 0.0 0.0 -999 ""
FIBERMAP 1306 R-11C6 METROLOGY 1 0 0 1 0 0 -54.998594653470995 -206.53631313426237 143.1 -54.998594653470995 -206.53631313426237 9.990454 170.00415 -999.0 -999.0 -999.0 -999.0 -999.0 -999.0 -999.0 -999.0 -999.0 -999.0 -999.0 -999.0 6231.0 -999.0 -1 -999 {-999.0 -999.0 -999.0 -999.0 -999.0} "" -999.0 -999.0 -999.0 -999.0 -999 -999 "" "" "" "" 0 0 0.0 0.0 -999 ""
FIBERMAP 1308 R-4C5 APOGEE 0 0 0 1 0 0 -156.0820547922381 -70.145053552402 143.1 -156.0820547922381 -70.145053552402 10.003961 170.00159 -999.0 -999.0 -999.0 -999.0 -999.0 -999.0 -999.0 -999.0 -999.0 -999.0 -999.0 -999.0 16600.0 -999.0 2 252 {-999.0 -999.0 -999.0 -999.0 -999.0} "" -999.0 -999.0 -999.0 -999.0 -999 -999 "" "" "" "" 0 0 0.0 0.0 -999 ""
FIBERMAP 1308 R-4C5 BOSS 0 0 0 1 0 0 -155.34334726845185 -70.17606367033129 143.1 -155.34334726845185 -70.17606367033129 10.003961 170.00159 -999.0 -999.0 -999.0 -999.0 -999.0 -999.0 -999.0 -999.0 -999.0 -999.0 -999.0 -999.0 5400.0 -999.0 1 459 {-999.0 -999.0 -999.0 -999.0 -999.0} "" -999.0 -999.0 -999.0 -999.0 -999 -999 "" "" "" "" 0 0 0.0 0.0 -999 ""
FIBERMAP 1308 R-4C5 METROLOGY 1 0 0 1 0 0 -155.72862557914522 -70.81188807317422 143.1 -155.72862557914522 -70.81188807317422 10.003961 170.00159 -999.0 -999.0 -999.0 -999.0 -999.0 -999.0 -999.0 -999.0 -999.0 -999.0 -999.0 -999.0 6231.0 -999.0 -1 -999 {-999.0 -999.0 -999.0 -999.0 -999.0} "" -999.0 -999.0 -999.0 -999.0 -999 -999 "" "" "" "" 0 0 0.0 0.0 -999 ""
FIBERMAP 1312 R-11C11 APOGEE 0 0 0 1 0 0 56.663284426544266 -205.76590125834895 143.1 56.663284426544266 -205.76590125834895 10.011861 170.01706 -999.0 -999.0 -999.0 -999.0 -999.0 -999.0 -999.0 -999.0 -999.0 -999.0 -999.0 -999.0 16600.0 -999.0 2 156 {-999.0 -999.0 -999.0 -999.0 -999.0} "" -999.0 -999.0 -999.0 -999.0 -999 -999 "" "" "" "" 0 0 0.0 0.0 -999 ""
FIBERMAP 1312 R-11C11 BOSS 0 0 0 1 0 0 57.40927599517321 -205.75687625219967 143.1 57.40927599517321 -205.75687625219967 10.011861 170.01706 -999.0 -999.0 -999.0 -999.0 -999.0 -999.0 -999.0 -999.0 -999.0 -999.0 -999.0 -999.0 5400.0 -999.0 1 393 {-999.0 -999.0 -999.0 -999.0 -999.0} "" -999.0 -999.0 -999.0 -999.0 -999 -999 "" "" "" "" 0 0 0.0 0.0 -999 ""
FIBERMAP 1312 R-11C11 METROLOGY 1 0 0 1 0 0 57.05104696041528 -206.4061550725901 143.1 57.05104696041528 -206.4061550725901 10.011861 170.01706 -999.0 -999.0 -999.0 -999.0 -999.0 -999.0 -999.0 -999.0 -999.0 -999.0 -999.0 -999.0 6231.0 -999.0 -1 -999 {-999.0 -999.0 -999.0 -999.0 -999.0} "" -999.0 -999.0 -999.0 -999.0 -999 -999 "" "" "" "" 0 0 0.0 0.0 -999 ""
FIBERMAP 1314 R-13C8 APOGEE 0 0 0 1 0 0 11.985472757637291 -244.6421671830768 143.1 11.985472757637291 -244.6421671830768 9.9898405 170.00897 -999.0 -999.0 -999.0 -999.0 -999.0 -999.0 -999.0 -999.0 -999.0 -999.0 -999.0 -999.0 16600.0 -999.0 2 273 {-999.0 -999.0 -999.0 -999.0 -999.0} "" -999.0 -999.0 -999.0 -999.0 -999 -999 "" "" "" "" 0 0 0.0 0.0 -999 ""
FIBERMAP 1314 R-13C8 BOSS 0 0 0 1 0 0 12.717353406840786 -244.6576943687332 143.1 12.717353406840786 -244.6576943687332 9.9898405 170.00897 -999.0 -999.0 -999.0 -999.0 -999.0 -999.0 -999.0 -999.0 -999.0 -999.0 -999.0 -999.0 5400.0 -999.0 1 417 {-999.0 -999.0 -999.0 -999.0 -999.0} "" -999.0 -999.0 -999.0 -999.0 -999 -999 "" "" "" "" 0 0 0.0 0.0 -999 ""
FIBERMAP 1314 R-13C8 METROLOGY 1 0 0 1 0 0 12.33774346547254 -245.2926203026379 143.1 12.33774346547254 -245.2926203026379 9.9898405 170.00897 -999.0 -999.0 -999.0 -999.0 -999.0 -999.0 -999.0 -999.0 -999.0 -999.0 -999.0 -999.0 6231.0 -999.0 -1 -999 {-999.0 -999.0 -999.0 -999.0 -999.0} "" -999.0 -999.0 -999.0 -999.0 -999 -999 "" "" "" "" 0 0 0.0 0.0 -999 ""
FIBERMAP 1316 R-8C11 APOGEE 0 0 0 1 0 0 22.952608423621875 -147.59655262520053 143.1 22.952608423621875 -147.59655262520053 10.001818 169.99567 -999.0 -999.0 -999.0 -999.0 -999.0 -999.0 -999.0 -999.0 -999.0 -999.0 -999.0 -999.0 16600.0 -999.0 2 -999 {-999.0 -999.0 -999.0 -999.0 -999.0} "" -999.0 -999.0 -999.0 -999.0 -999 -999 "" "" "" "" 0 0 0.0 0.0 -999 ""
FIBERMAP 1316 R-8C11 BOSS 0 0 0 1 0 0 23.706510152021185 -147.57927857537365 143.1 23.706510152021185 -147.57927857537365 10.001818 169.99567 -999.0 -999.0 -999.0 -999.0 -999.0 -999.0 -999.0 -999.0 -999.0 -999.0 -999.0 -999.0 5400.0 -999.0 1 373 {-999.0 -999.0 -999.0 -999.0 -999.0} "" -999.0 -999.0 -999.0 -999.0 -999 -999 "" "" "" "" 0 0 0.0 0.0 -999 ""
FIBERMAP 1316 R-8C11 METROLOGY 1 0 0 1 0 0 23.340615180625413 -148.23382237737098 143.1 23.340615180625413 -148.23382237737098 10.001818 169.99567 -999.0 -999.0 -999.0 -999.0 -999.0 -999.0 -999.0 -999.0 -999.0 -999.0 -999.0 -999.0 6231.0 -999.0 -1 -999 {-999.0 -999.0 -999.0 -999.0 -999.0} "" -999.0 -999.0 -999.0 -999.0 -999 -999 "" "" "" "" 0 0 0.0 0.0 -999 ""
FIBERMAP 1317 R-12C9 APOGEE 0 0 0 1 0 0 23.066050120850786 -225.25027391812625 143.1 23.066050120850786 -225.25027391812625 10.008002 169.99843 -999.0 -999.0 -999.0 -999.0 -999.0 -999.0 -999.0 -999.0 -999.0 -999.0 -999.0 -999.0 16600.0 -999.0 2 -999 {-999.0 -999.0 -999.0 -999.0 -999.0} "" -999.0 -999.0 -999.0 -999.0 -999 -999 "" "" "" "" 0 0 0.0 0.0 -999 ""
FIBERMAP 1317 R-12C9 BOSS 0 0 0 1 0 0 23.825528261024452 -225.2569053892956 143.1 23.825528261024452 -225.2569053892956 10.008002 169.99843 -999.0 -999.0 -999.0 -999.0 -999.0 -999.0 -999.0 -999.0 -999.0 -999.0 -999.0 -999.0 5400.0 -999.0 1 405 {-999.0 -999.0 -999.0 -999.0 -999.0} "" -999.0 -999.0 -999.0 -999.0 -999 -999 "" "" "" "" 0 0 0.0 0.0 -999 ""
FIBERMAP 1317 R-12C9 METROLOGY 1 0 0 1 0 0 23.446652643373678 -225.89199324957966 143.1 23.446652643373678 -225.89199324957966 10.008002 169.99843 -999.0 -999.0 -999.0 -999.0 -999.0 -999.0 -999.0 -999.0 -999.0 -999.0 -999.0 -999.0 6231.0 -999.0 -1 -999 {-999.0 -999.0 -999.0 -999.0 -999.0} "" -999.0 -999.0 -999.0 -999.0 -999 -999 "" "" "" "" 0 0 0.0 0.0 -999 ""
FIBERMAP 1318 R-11C7 APOGEE 0 0 0 1 0 0 -32.85230281028588 -205.9258173913087 143.1 -32.85230281028588 -205.9258173913087 9.996194 169.99611 -999.0 -999.0 -999.0 -999.0 -999.0 -999.0 -999.0 -999.0 -999.0 -999.0 -999.0 -999.0 16600.0 -999.0 2 169 {-999.0 -999.0 -999.0 -999.0 -999.0} "" -999.0 -999.0 -999.0 -999.0 -999 -999 "" "" "" "" 0 0 0.0 0.0 -999 ""
FIBERMAP 1318 R-11C7 BOSS 0 0 0 1 0 0 -32.109709878177725 -205.89583067745676 143.1 -32.109709878177725 -205.89583067745676 9.996194 169.99611 -999.0 -999.0 -999.0 -999.0 -999.0 -999.0 -999.0 -999.0 -999.0 -999.0 -999.0 -999.0 5400.0 -999.0 1 359 {-999.0 -999.0 -999.0 -999.0 -999.0} "" -999.0 -999.0 -999.0 -999.0 -999 -999 "" "" "" "" 0 0 0.0 0.0 -999 ""
FIBERMAP 1318 R-11C7 METROLOGY 1 0 0 1 0 0 -32.45431361060805 -206.5627893887152 143.1 -32.45431361060805 -206.5627893887152 9.996194 169.99611 -999.0 -999.0 -999.0 -999.0 -999.0 -999.0 -999.0 -999.0 -999.0 -999.0 -999.0 -999.0 6231.0 -999.0 -1 -999 {-999.0 -999.0 -999.0 -999.0 -999.0} "" -999.0 -999.0 -999.0 -999.0 -999 -999 "" "" "" "" 0 0 0.0 0.0 -999 ""
FIBERMAP 1323 R+2C5 APOGEE 0 0 0 1 0 0 -178.83784350045917 46.3492215656186 143.1 -178.83784350045917 46.3492215656186 10.01498 170.00146 -999.0 -999.0 -999.0 -999.0 -999.0 -999.0 -999.0 -999.0 -999.0 -999.0 -999.0 -999.0 16600.0 -999.0 2 140 {-999.0 -999.0 -999.0 -999.0 -999.0} "" -999.0 -999.0 -999.0 -999.0 -999 -999 "" "" "" "" 0 0 0.0 0.0 -999 ""
FIBERMAP 1323 R+2C5 BOSS 0 0 0 1 0 0 -178.0948322574953 46.36861551760476 143.1 -178.0948322574953 46.36861551760476 10.01498 170.00146 -999.0 -999.0 -999.0 -999.0 -999.0 -999.0 -999.0 -999.0 -999.0 -999.0 -999.0 -999.0 5400.0 -999.0 1 34 {-999.0 -999.0 -999.0 -999.0 -999.0} "" -999.0 -999.0 -999.0 -999.0 -999 -999 "" "" "" "" 0 0 0.0 0.0 -999 ""
FIBERMAP 1323 R+2C5 METROLOGY 1 0 0 1 0 0 -178.44754308358176 45.69839884089443 143.1 -178.44754308358176 45.69839884089443 10.01498 170.00146 -999.0 -999.0 -999.0 -999.0 -999.0 -999.0 -999.0 -999.0 -999.0 -999.0 -999.0 -999.0 6231.0 -999.0 -1 -999 {-999.0 -999.0 -999.0 -999.0 -999.0} "" -999.0 -999.0 -999.0 -999.0 -999 -999 "" "" "" "" 0 0 0.0 0.0 -999 ""
FIBERMAP 1324 R-4C11 APOGEE 0 0 0 1 0 0 -21.785461895605557 -70.06567827266606 143.1 -21.785461895605557 -70.06567827266606 10.004314 170.00037 -999.0 -999.0 -999.0 -999.0 -999.0 -999.0 -999.0 -999.0 -999.0 -999.0 -999.0 -999.0 16600.0 -999.0 2 -999 {-999.0 -999.0 -999.0 -999.0 -999.0} "" -999.0 -999.0 -999.0 -999.0 -999 -999 "" "" "" "" 0 0 0.0 0.0 -999 ""
FIBERMAP 1324 R-4C11 BOSS 0 0 0 1 0 0 -21.02338531888468 -70.0722113645883 143.1 -21.02338531888468 -70.0722113645883 10.004314 170.00037 -999.0 -999.0 -999.0 -999.0 -999.0 -999.0 -999.0 -999.0 -999.0 -999.0 -999.0 -999.0 5400.0 -999.0 1 357 {-999.0 -999.0 -999.0 -999.0 -999.0} "" -999.0 -999.0 -999.0 -999.0 -999 -999 "" "" "" "" 0 0 0.0 0.0 -999 ""
FIBERMAP 1324 R-4C11 METROLOGY 1 0 0 1 0 0 -21.40091856581425 -70.70504390204005 143.1 -21.40091856581425 -70.70504390204005 10.004314 170.00037 -999.0 -999.0 -999.0 -999.0 -999.0 -999.0 -999.0 -999.0 -999.0 -999.0 -999.0 -999.0 6231.0 -999.0 -1 -999 {-999.0 -999.0 -999.0 -999.0 -999.0} "" -999.0 -999.0 -999.0 -999.0 -999 -999 "" "" "" "" 0 0 0.0 0.0 -999 ""
FIBERMAP 1326 R-3C23 APOGEE 0 0 0 1 0 0 236.02319393188506 -50.582423553454475 143.1 236.02319393188506 -50.582423553454475 10.009761 169.99712 -999.0 -999.0 -999.0 -999.0 -999.0 -999.0 -999.0 -999.0 -999.0 -999.0 -999.0 -999.0 16600.0 -999.0 2 -999 {-999.0 -999.0 -999.0 -999.0 -999.0} "" -999.0 -999.0 -999.0 -999.0 -999 -999 "" "" "" "" 0 0 0.0 0.0 -999 ""
FIBERMAP 1326 R-3C23 BOSS 0 0 0 1 0 0 236.7449692876612 -50.56867053961664 143.1 236.7449692876612 -50.56867053961664 10.009761 169.99712 -999.0 -999.0 -999.0 -999.0 -999.0 -999.0 -999.0 -999.0 -999.0 -999.0 -999.0 -999.0 5400.0 -999.0 1 323 {-999.0 -999.0 -999.0 -999.0 -999.0} "" -999.0 -999.0 -999.0 -999.0 -999 -999 "" "" "" "" 0 0 0.0 0.0 -999 ""
FIBERMAP 1326 R-3C23 METROLOGY 1 0 0 1 0 0 236.3960418465329 -51.22867924051228 143.1 236.3960418465329 -51.22867924051228 10.009761 169.99712 -999.0 -999.0 -999.0 -999.0 -999.0 -999.0 -999.0 -999.0 -999.0 -999.0 -999.0 -999.0 6231.0 -999.0 -1 -999 {-999.0 -999.0 -999.0 -999.0 -999.0} "" -999.0 -999.0 -999.0 -999.0 -999 -999 "" "" "" "" 0 0 0.0 0.0 -999 ""
FIBERMAP 1328 R-3C12 APOGEE 0 0 0 1 0 0 -10.68205815383561 -50.66618424165884 143.1 -10.68205815383561 -50.66618424165884 10.018785 170.00633 -999.0 -999.0 -999.0 -999.0 -999.0 -999.0 -999.0 -999.0 -999.0 -999.0 -999.0 -999.0 16600.0 -999.0 2 154 {-999.0 -999.0 -999.0 -999.0 -999.0} "" -999.0 -999.0 -999.0 -999.0 -999 -999 "" "" "" "" 0 0 0.0 0.0 -999 ""
FIBERMAP 1328 R-3C12 BOSS 0 0 0 1 0 0 -9.947455288114313 -50.64231736480916 143.1 -9.947455288114313 -50.64231736480916 10.018785 170.00633 -999.0 -999.0 -999.0 -999.0 -999.0 -999.0 -999.0 -999.0 -999.0 -999.0 -999.0 -999.0 5400.0 -999.0 1 356 {-999.0 -999.0 -999.0 -999.0 -999.0} "" -999.0 -999.0 -999.0 -999.0 -999 -999 "" "" "" "" 0 0 0.0 0.0 -999 ""
FIBERMAP 1328 R-3C12 METROLOGY 1 0 0 1 0 0 -10.297036167830804 -51.30111827747135 143.1 -10.297036167830804 -51.30111827747135 10.018785 170.00633 -999.0 -999.0 -999.0 -999.0 -999.0 -999.0 -999.0 -999.0 -999.0 -999.0 -999.0 -999.0 6231.0 -999.0 -1 -999 {-999.0 -999.0 -999.0 -999.0 -999.0} "" -999.0 -999.0 -999.0 -999.0 -999 -999 "" "" "" "" 0 0 0.0 0.0 -999 ""
FIBERMAP 1329 R+3C16 APOGEE 0 0 0 1 0 0 78.99895404842651 65.82610287136042 143.1 78.99895404842651 65.82610287136042 10.002102 170.00772 -999.0 -999.0 -999.0 -999.0 -999.0 -999.0 -999.0 -999.0 -999.0 -999.0 -999.0 -999.0 16600.0 -999.0 2 63 {-999.0 -999.0 -999.0 -999.0 -999.0} "" -999.0 -999.0 -999.0 -999.0 -999 -999 "" "" "" "" 0 0 0.0 0.0 -999 ""
FIBERMAP 1329 R+3C16 BOSS 0 0 0 1 0 0 79.75009583648885 65.79669612699047 143.1 79.75009583648885 65.79669612699047 10.002102 170.00772 -999.0 -999.0 -999.0 -999.0 -999.0 -999.0 -999.0 -999.0 -999.0 -999.0 -999.0 -999.0 5400.0 -999.0 1 220 {-999.0 -999.0 -999.0 -999.0 -999.0} "" -999.0 -999.0 -999.0 -999.0 -999 -999 "" "" "" "" 0 0 0.0 0.0 -999 ""
FIBERMAP 1329 R+3C16 METROLOGY 1 0 0 1 0 0 79.35763351790554 65.16243599220986 143.1 79.35763351790554 65.16243599220986 10.002102 170.00772 -999.0 -999.0 -999.0 -999.0 -999.0 -999.0 -999.0 -999.0 -999.0 -999.0 -999.0 -999.0 6231.0 -999.0 -1 -999 {-999.0 -999.0 -999.0 -999.0 -999.0} "" -999.0 -999.0 -999.0 -999.0 -999 -999 "" "" "" "" 0 0 0.0 0.0 -999 ""
FIBERMAP 1330 R-3C11 APOGEE 0 0 0 1 0 0 -32.856025405138574 -50.699576072621205 143.1 -32.856025405138574 -50.699576072621205 10.006478 169.9988 -999.0 -999.0 -999.0 -999.0 -999.0 -999.0 -999.0 -999.0 -999.0 -999.0 -999.0 -999.0 16600.0 -999.0 2 208 {-999.0 -999.0 -999.0 -999.0 -999.0} "" -999.0 -999.0 -999.0 -999.0 -999 -999 "" "" "" "" 0 0 0.0 0.0 -999 ""
FIBERMAP 1330 R-3C11 BOSS 0 0 0 1 0 0 -32.12267769662001 -50.69828013138831 143.1 -32.12267769662001 -50.69828013138831 10.006478 169.9988 -999.0 -999.0 -999.0 -999.0 -999.0 -999.0 -999.0 -999.0 -999.0 -999.0 -999.0 -999.0 5400.0 -999.0 1 347 {-999.0 -999.0 -999.0 -999.0 -999.0} "" -999.0 -999.0 -999.0 -999.0 -999 -999 "" "" "" "" 0 0 0.0 0.0 -999 ""
FIBERMAP 1330 R-3C11 METROLOGY 1 0 0 1 0 0 -32.477652908722696 -51.34677281909731 143.1 -32.477652908722696 -51.34677281909731 10.006478 169.9988 -999.0 -999.0 -999.0 -999.0 -999.0 -999.0 -999.0 -999.0 -999.0 -999.0 -999.0 -999.0 6231.0 -999.0 -1 -999 {-999.0 -999.0 -999.0 -999.0 -999.0} "" -999.0 -999.0 -999.0 -999.0 -999 -999 "" "" "" "" 0 0 0.0 0.0 -999 ""
FIBERMAP 1331 R-10C3 APOGEE 0 0 0 1 0 0 -134.34260970980756 -186.43276077858394 143.1 -134.34260970980756 -186.43276077858394 10.00278 170.00047 -999.0 -999.0 -999.0 -999.0 -999.0 -999.0 -999.0 -999.0 -999.0 -999.0 -999.0 -999.0 16600.0 -999.0 2 242 {-999.0 -999.0 -999.0 -999.0 -999.0} "" -999.0 -999.0 -999.0 -999.0 -999 -999 "" "" "" "" 0 0 0.0 0.0 -999 ""
FIBERMAP 1331 R-10C3 BOSS 0 0 0 1 0 0 -133.60798057998505 -186.3861679989758 143.1 -133.60798057998505 -186.3861679989758 10.00278 170.00047 -999.0 -999.0 -999.0 -999.0 -999.0 -999.0 -999.0 -999.0 -999.0 -999.0 -999.0 -999.0 5400.0 -999.0 1 478 {-999.0 -999.0 -999.0 -999.0 -999.0} "" -999.0 -999.0 -999.0 -999.0 -999 -999 "" "" "" "" 0 0 0.0 0.0 -999 ""
FIBERMAP 1331 R-10C3 METROLOGY 1 0 0 1 0 0 -133.93497161310344 -187.05384063797064 143.1 -133.93497161310344 -187.05384063797064 10.00278 170.00047 -999.0 -999.0 -999.0 -999.0 -999.0 -999.0 -999.0 -999.0 -999.0 -999.0 -999.0 -999.0 6231.0 -999.0 -1 -999 {-999.0 -999.0 -999.0 -999.0 -999.0} "" -999.0 -999.0 -999.0 -999.0 -999 -999 "" "" "" "" 0 0 0.0 0.0 -999 ""
FIBERMAP 1333 R-5C14 APOGEE 0 0 0 1 0 0 56.616153643349065 -89.48388012089013 143.1 56.616153643349065 -89.48388012089013 9.98789 170.0224 -999.0 -999.0 -999.0 -999.0 -999.0 -999.0 -999.0 -999.0 -999.0 -999.0 -999.0 -999.0 16600.0 -999.0 2 195 {-999.0 -999.0 -999.0 -999.0 -999.0} "" -999.0 -999.0 -999.0 -999.0 -999 -999 "" "" "" "" 0 0 0.0 0.0 -999 ""
FIBERMAP 1333 R-5C14 BOSS 0 0 0 1 0 0 57.36201392023543 -89.50372968150654 143.1 57.36201392023543 -89.50372968150654 9.98789 170.0224 -999.0 -999.0 -999.0 -999.0 -999.0 -999.0 -999.0 -999.0 -999.0 -999.0 -999.0 -999.0 5400.0 -999.0 1 325 {-999.0 -999.0 -999.0 -999.0 -999.0} "" -999.0 -999.0 -999.0 -999.0 -999 -999 "" "" "" "" 0 0 0.0 0.0 -999 ""
FIBERMAP 1333 R-5C14 METROLOGY 1 0 0 1 0 0 56.96723534174012 -90.14761738780196 143.1 56.96723534174012 -90.14761738780196 9.98789 170.0224 -999.0 -999.0 -999.0 -999.0 -999.0 -999.0 -999.0 -999.0 -999.0 -999.0 -999.0 -999.0 6231.0 -999.0 -1 -999 {-999.0 -999.0 -999.0 -999.0 -999.0} "" -999.0 -999.0 -999.0 -999.0 -999 -999 "" "" "" "" 0 0 0.0 0.0 -999 ""
FIBERMAP 1334 R-4C16 APOGEE 0 0 0 1 0 0 90.24625039343857 -70.10623959660299 143.1 90.24625039343857 -70.10623959660299 10.010784 170.00537 -999.0 -999.0 -999.0 -999.0 -999.0 -999.0 -999.0 -999.0 -999.0 -999.0 -999.0 -999.0 16600.0 -999.0 2 -999 {-999.0 -999.0 -999.0 -999.0 -999.0} "" -999.0 -999.0 -999.0 -999.0 -999 -999 "" "" "" "" 0 0 0.0 0.0 -999 ""
FIBERMAP 1334 R-4C16 BOSS 0 0 0 1 0 0 91.00099018804532 -70.09988918788567 143.1 91.00099018804532 -70.09988918788567 10.010784 170.00537 -999.0 -999.0 -999.0 -999.0 -999.0 -999.0 -999.0 -999.0 -999.0 -999.0 -999.0 -999.0 5400.0 -999.0 1 283 {-999.0 -999.0 -999.0 -999.0 -999.0} "" -999.0 -999.0 -999.0 -999.0 -999 -999 "" "" "" "" 0 0 0.0 0.0 -999 ""
FIBERMAP 1334 R-4C16 METROLOGY 1 0 0 1 0 0 90.631464116122 -70.74520154254984 143.1 90.631464116122 -70.74520154254984 10.010784 170.00537 -999.0 -999.0 -999.0 -999.0 -999.0 -999.0 -999.0 -999.0 -999.0 -999.0 -999.0 -999.0 6231.0 -999.0 -1 -999 {-999.0 -999.0 -999.0 -999.0 -999.0} "" -999.0 -999.0 -999.0 -999.0 -999 -999 "" "" "" "" 0 0 0.0 0.0 -999 ""
FIBERMAP 1335 R-7C1 APOGEE 0 0 0 1 0 0 -211.98922279497395 -128.30686117973616 143.1 -211.98922279497395 -128.30686117973616 10.011334 170.01385 -999.0 -999.0 -999.0 -999.0 -999.0 -999.0 -999.0 -999.0 -999.0 -999.0 -999.0 -999.0 16600.0 -999.0 2 260 {-999.0 -999.0 -999.0 -999.0 -999.0} "" -999.0 -999.0 -999.0 -999.0 -999 -999 "" "" "" "" 0 0 0.0 0.0 -999 ""
FIBERMAP 1335 R-7C1 BOSS 0 0 0 1 0 0 -211.24232202611333 -128.31579647968056 143.1 -211.24232202611333 -128.31579647968056 10.011334 170.01385 -999.0 -999.0 -999.0 -999.0 -999.0 -999.0 -999.0 -999.0 -999.0 -999.0 -999.0 -999.0 5400.0 -999.0 1 500 {-999.0 -999.0 -999.0 -999.0 -999.0} "" -999.0 -999.0 -999.0 -999.0 -999 -999 "" "" "" "" 0 0 0.0 0.0 -999 ""
FIBERMAP 1335 R-7C1 METROLOGY 1 0 0 1 0 0 -211.62595990124956 -128.9587960687576 143.1 -211.62595990124956 -128.9587960687576 10.011334 170.01385 -999.0 -999.0 -999.0 -999.0 -999.0 -999.0 -999.0 -999.0 -999.0 -999.0 -999.0 -999.0 6231.0 -999.0 -1 -999 {-999.0 -999.0 -999.0 -999.0 -999.0} "" -999.0 -999.0 -999.0 -999.0 -999 -999 "" "" "" "" 0 0 0.0 0.0 -999 ""
FIBERMAP 1336 R-9C8 APOGEE 0 0 0 1 0 0 -32.97563256354356 -167.22770572262078 143.1 -32.97563256354356 -167.22770572262078 9.988236 169.99814 -999.0 -999.0 -999.0 -999.0 -999.0 -999.0 -999.0 -999.0 -999.0 -999.0 -999.0 -999.0 16600.0 -999.0 2 173 {-999.0 -999.0 -999.0 -999.0 -999.0} "" -999.0 -999.0 -999.0 -999.0 -999 -999 "" "" "" "" 0 0 0.0 0.0 -999 ""
FIBERMAP 1336 R-9C8 BOSS 0 0 0 1 0 0 -32.237612271722405 -167.21618443846467 143.1 -32.237612271722405 -167.21618443846467 9.988236 169.99814 -999.0 -999.0 -999.0 -999.0 -999.0 -999.0 -999.0 -999.0 -999.0 -999.0 -999.0 -999.0 5400.0 -999.0 1 383 {-999.0 -999.0 -999.0 -999.0 -999.0} "" -999.0 -999.0 -999.0 -999.0 -999 -999 "" "" "" "" 0 0 0.0 0.0 -999 ""
FIBERMAP 1336 R-9C8 METROLOGY 1 0 0 1 0 0 -32.59398462014518 -167.8724351369714 143.1 -32.59398462014518 -167.8724351369714 9.988236 169.99814 -999.0 -999.0 -999.0 -999.0 -999.0 -999.0 -999.0 -999.0 -999.0 -999.0 -999.0 -999.0 6231.0 -999.0 -1 -999 {-999.0 -999.0 -999.0 -999.0 -999.0} "" -999.0 -999.0 -999.0 -999.0 -999 -999 "" "" "" "" 0 0 0.0 0.0 -999 ""
FIBERMAP 1338 R-8C12 APOGEE 0 0 0 1 0 0 45.45749166560019 -147.61906868467858 143.1 45.45749166560019 -147.61906868467858 10.015378 169.99603 -999.0 -999.0 -999.0 -999.0 -999.0 -999.0 -999.0 -999.0 -999.0 -999.0 -999.0 -999.0 16600.0 -999.0 2 -999 {-999.0 -999.0 -999.0 -999.0 -999.0} "" -999.0 -999.0 -999.0 -999.0 -999 -999 "" "" "" "" 0 0 0.0 0.0 -999 ""
FIBERMAP 1338 R-8C12 BOSS 0 0 0 1 0 0 46.18458797723505 -147.61187736243642 143.1 46.18458797723505 -147.61187736243642 10.015378 169.99603 -999.0 -999.0 -999.0 -999.0 -999.0 -999.0 -999.0 -999.0 -999.0 -999.0 -999.0 -999.0 5400.0 -999.0 1 382 {-999.0 -999.0 -999.0 -999.0 -999.0} "" -999.0 -999.0 -999.0 -999.0 -999 -999 "" "" "" "" 0 0 0.0 0.0 -999 ""
FIBERMAP 1338 R-8C12 METROLOGY 1 0 0 1 0 0 45.83863014456574 -148.26046983868721 143.1 45.83863014456574 -148.26046983868721 10.015378 169.99603 -999.0 -999.0 -999.0 -999.0 -999.0 -999.0 -999.0 -999.0 -999.0 -999.0 -999.0 -999.0 6231.0 -999.0 -1 -999 {-999.0 -999.0 -999.0 -999.0 -999.0} "" -999.0 -999.0 -999.0 -999.0 -999 -999 "" "" "" "" 0 0 0.0 0.0 -999 ""
FIBERMAP 1339 R-4C7 APOGEE 0 0 0 1 0 0 -111.30844126304142 -70.09526104562691 143.1 -111.30844126304142 -70.09526104562691 10.018421 169.96745 -999.0 -999.0 -999.0 -999.0 -999.0 -999.0 -999.0 -999.0 -999.0 -999.0 -999.0 -999.0 16600.0 -999.0 2 259 {-999.0 -999.0 -999.0 -999.0 -999.0} "" -999.0 -999.0 -999.0 -999.0 -999 -999 "" "" "" "" 0 0 0.0 0.0 -999 ""
FIBERMAP 1339 R-4C7 BOSS 0 0 0 1 0 0 -110.56931972552218 -70.08403810074596 143.1 -110.56931972552218 -70.08403810074596 10.018421 169.96745 -999.0 -999.0 -999.0 -999.0 -999.0 -999.0 -999.0 -999.0 -999.0 -999.0 -999.0 -999.0 5400.0 -999.0 1 460 {-999.0 -999.0 -999.0 -999.0 -999.0} "" -999.0 -999.0 -999.0 -999.0 -999 -999 "" "" "" "" 0 0 0.0 0.0 -999 ""
FIBERMAP 1339 R-4C7 METROLOGY 1 0 0 1 0 0 -110.92270429999505 -70.74649267816332 143.1 -110.92270429999505 -70.74649267816332 10.018421 169.96745 -999.0 -999.0 -999.0 -999.0 -999.0 -999.0 -999.0 -999.0 -999.0 -999.0 -999.0 -999.0 6231.0 -999.0 -1 -999 {-999.0 -999.0 -999.0 -999.0 -999.0} "" -999.0 -999.0 -999.0 -999.0 -999 -999 "" "" "" "" 0 0 0.0 0.0 -999 ""
FIBERMAP 1340 R+9C17 APOGEE 0 0 0 1 0 0 168.66107499337141 182.12502255104337 143.1 168.66107499337141 182.12502255104337 9.989514 170.0072 -999.0 -999.0 -999.0 -999.0 -999.0 -999.0 -999.0 -999.0 -999.0 -999.0 -999.0 -999.0 16600.0 -999.0 2 -999 {-999.0 -999.0 -999.0 -999.0 -999.0} "" -999.0 -999.0 -999.0 -999.0 -999 -999 "" "" "" "" 0 0 0.0 0.0 -999 ""
FIBERMAP 1340 R+9C17 BOSS 0 0 0 1 0 0 169.40048421648964 182.1415613389212 143.1 169.40048421648964 182.1415613389212 9.989514 170.0072 -999.0 -999.0 -999.0 -999.0 -999.0 -999.0 -999.0 -999.0 -999.0 -999.0 -999.0 -999.0 5400.0 -999.0 1 240 {-999.0 -999.0 -999.0 -999.0 -999.0} "" -999.0 -999.0 -999.0 -999.0 -999 -999 "" "" "" "" 0 0 0.0 0.0 -999 ""
FIBERMAP 1340 R+9C17 METROLOGY 1 0 0 1 0 0 169.0423220382591 181.4836859223715 143.1 169.0423220382591 181.4836859223715 9.989514 170.0072 -999.0 -999.0 -999.0 -999.0 -999.0 -999.0 -999.0 -999.0 -999.0 -999.0 -999.0 -999.0 6231.0 -999.0 -1 -999 {-999.0 -999.0 -999.0 -999.0 -999.0} "" -999.0 -999.0 -999.0 -999.0 -999 -999 "" "" "" "" 0 0 0.0 0.0 -999 ""
FIBERMAP 1341 R-6C4 APOGEE 0 0 0 1 0 0 -156.1337164321068 -108.94482847206946 143.1 -156.1337164321068 -108.94482847206946 9.995962 169.99799 -999.0 -999.0 -999.0 -999.0 -999.0 -999.0 -999.0 -999.0 -999.0 -999.0 -999.0 -999.0 16600.0 -999.0 2 -999 {-999.0 -999.0 -999.0 -999.0 -999.0} "" -999.0 -999.0 -999.0 -999.0 -999 -999 "" "" "" "" 0 0 0.0 0.0 -999 ""
FIBERMAP 1341 R-6C4 BOSS 0 0 0 1 0 0 -155.39366901407342 -108.92453926606197 143.1 -155.39366901407342 -108.92453926606197 9.995962 169.99799 -999.0 -999.0 -999.0 -999.0 -999.0 -999.0 -999.0 -999.0 -999.0 -999.0 -999.0 -999.0 5400.0 -999.0 1 453 {-999.0 -999.0 -999.0 -999.0 -999.0} "" -999.0 -999.0 -999.0 -999.0 -999 -999 "" "" "" "" 0 0 0.0 0.0 -999 ""
FIBERMAP 1341 R-6C4 METROLOGY 1 0 0 1 0 0 -155.75174572298278 -109.58573436054537 143.1 -155.75174572298278 -109.58573436054537 9.995962 169.99799 -999.0 -999.0 -999.0 -999.0 -999.0 -999.0 -999.0 -999.0 -999.0 -999.0 -999.0 -999.0 6231.0 -999.0 -1 -999 {-999.0 -999.0 -999.0 -999.0 -999.0} "" -999.0 -999.0 -999.0 -999.0 -999 -999 "" "" "" "" 0 0 0.0 0.0 -999 ""
FIBERMAP 1342 R+2C4 APOGEE 0 0 0 1 0 0 -201.12461042059888 46.28326294310447 143.1 -201.12461042059888 46.28326294310447 10.006155 170.00162 -999.0 -999.0 -999.0 -999.0 -999.0 -999.0 -999.0 -999.0 -999.0 -999.0 -999.0 -999.0 16600.0 -999.0 2 -999 {-999.0 -999.0 -999.0 -999.0 -999.0} "" -999.0 -999.0 -999.0 -999.0 -999 -999 "" "" "" "" 0 0 0.0 0.0 -999 ""
FIBERMAP 1342 R+2C4 BOSS 0 0 0 1 0 0 -200.3930100046343 46.29884653526682 143.1 -200.3930100046343 46.29884653526682 10.006155 170.00162 -999.0 -999.0 -999.0 -999.0 -999.0 -999.0 -999.0 -999.0 -999.0 -999.0 -999.0 -999.0 5400.0 -999.0 1 35 {-999.0 -999.0 -999.0 -999.0 -999.0} "" -999.0 -999.0 -999.0 -999.0 -999 -999 "" "" "" "" 0 0 0.0 0.0 -999 ""
FIBERMAP 1342 R+2C4 METROLOGY 1 0 0 1 0 0 -200.74011015861677 45.64387141278248 143.1 -200.74011015861677 45.64387141278248 10.006155 170.00162 -999.0 -999.0 -999.0 -999.0 -999.0 -999.0 -999.0 -999.0 -999.0 -999.0 -999.0 -999.0 6231.0 -999.0 -1 -999 {-999.0 -999.0 -999.0 -999.0 -999.0} "" -999.0 -999.0 -999.0 -999.0 -999 -999 "" "" "" "" 0 0 0.0 0.0 -999 ""
FIBERMAP 1345 R-1C16 APOGEE 0 0 0 1 0 0 56.63154487133201 -11.90525921051659 143.1 56.63154487133201 -11.90525921051659 10.004418 170.00067 -999.0 -999.0 -999.0 -999.0 -999.0 -999.0 -999.0 -999.0 -999.0 -999.0 -999.0 -999.0 16600.0 -999.0 2 231 {-999.0 -999.0 -999.0 -999.0 -999.0} "" -999.0 -999.0 -999.0 -999.0 -999 -999 "" "" "" "" 0 0 0.0 0.0 -999 ""
FIBERMAP 1345 R-1C16 BOSS 0 0 0 1 0 0 57.3818371934285 -11.905525082805223 143.1 57.3818371934285 -11.905525082805223 10.004418 170.00067 -999.0 -999.0 -999.0 -999.0 -999.0 -999.0 -999.0 -999.0 -999.0 -999.0 -999.0 -999.0 5400.0 -999.0 1 281 {-999.0 -999.0 -999.0 -999.0 -999.0} "" -999.0 -999.0 -999.0 -999.0 -999 -999 "" "" "" "" 0 0 0.0 0.0 -999 ""
FIBERMAP 1345 R-1C16 METROLOGY 1 0 0 1 0 0 57.011906108895076 -12.55591642348627 143.1 57.011906108895076 -12.55591642348627 10.004418 170.00067 -999.0 -999.0 -999.0 -999.0 -999.0 -999.0 -999.0 -999.0 -999.0 -999.0 -999.0 -999.0 6231.0 -999.0 -1 -999 {-999.0 -999.0 -999.0 -999.0 -999.0} "" -999.0 -999.0 -999.0 -999.0 -999 -999 "" "" "" "" 0 0 0.0 0.0 -999 ""
FIBERMAP 1346 R+3C6 APOGEE 0 0 0 1 0 0 -144.76572721650604 65.68912102682526 143.1 -144.76572721650604 65.68912102682526 10.015198 170.01808 -999.0 -999.0 -999.0 -999.0 -999.0 -999.0 -999.0 -999.0 -999.0 -999.0 -999.0 -999.0 16600.0 -999.0 2 -999 {-999.0 -999.0 -999.0 -999.0 -999.0} "" -999.0 -999.0 -999.0 -999.0 -999 -999 "" "" "" "" 0 0 0.0 0.0 -999 ""
FIBERMAP 1346 R+3C6 BOSS 0 0 0 1 0 0 -144.03507503577387 65.69209140827788 143.1 -144.03507503577387 65.69209140827788 10.015198 170.01808 -999.0 -999.0 -999.0 -999.0 -999.0 -999.0 -999.0 -999.0 -999.0 -999.0 -999.0 -999.0 5400.0 -999.0 1 39 {-999.0 -999.0 -999.0 -999.0 -999.0} "" -999.0 -999.0 -999.0 -999.0 -999 -999 "" "" "" "" 0 0 0.0 0.0 -999 ""
FIBERMAP 1346 R+3C6 METROLOGY 1 0 0 1 0 0 -144.38168301261243 65.04945546579548 143.1 -144.38168301261243 65.04945546579548 10.015198 170.01808 -999.0 -999.0 -999.0 -999.0 -999.0 -999.0 -999.0 -999.0 -999.0 -999.0 -999.0 -999.0 6231.0 -999.0 -1 -999 {-999.0 -999.0 -999.0 -999.0 -999.0} "" -999.0 -999.0 -999.0 -999.0 -999 -999 "" "" "" "" 0 0 0.0 0.0 -999 ""
FIBERMAP 1349 R-5C10 APOGEE 0 0 0 1 0 0 -32.79024740649272 -89.45039111264387 143.1 -32.79024740649272 -89.45039111264387 10.006889 170.00896 -999.0 -999.0 -999.0 -999.0 -999.0 -999.0 -999.0 -999.0 -999.0 -999.0 -999.0 -999.0 16600.0 -999.0 2 289 {-999.0 -999.0 -999.0 -999.0 -999.0} "" -999.0 -999.0 -999.0 -999.0 -999 -999 "" "" "" "" 0 0 0.0 0.0 -999 ""
FIBERMAP 1349 R-5C10 BOSS 0 0 0 1 0 0 -32.0327635408517 -89.45802999160675 143.1 -32.0327635408517 -89.45802999160675 10.006889 170.00896 -999.0 -999.0 -999.0 -999.0 -999.0 -999.0 -999.0 -999.0 -999.0 -999.0 -999.0 -999.0 5400.0 -999.0 1 398 {-999.0 -999.0 -999.0 -999.0 -999.0} "" -999.0 -999.0 -999.0 -999.0 -999 -999 "" "" "" "" 0 0 0.0 0.0 -999 ""
FIBERMAP 1349 R-5C10 METROLOGY 1 0 0 1 0 0 -32.40991825981667 -90.09618382058878 143.1 -32.40991825981667 -90.09618382058878 10.006889 170.00896 -999.0 -999.0 -999.0 -999.0 -999.0 -999.0 -999.0 -999.0 -999.0 -999.0 -999.0 -999.0 6231.0 -999.0 -1 -999 {-999.0 -999.0 -999.0 -999.0 -999.0} "" -999.0 -999.0 -999.0 -999.0 -999 -999 "" "" "" "" 0 0 0.0 0.0 -999 ""
FIBERMAP 1351 R-3C8 APOGEE 0 0 0 1 0 0 -100.18919535849055 -50.70023597713061 143.1 -100.18919535849055 -50.70023597713061 10.001533 170.00671 -999.0 -999.0 -999.0 -999.0 -999.0 -999.0 -999.0 -999.0 -999.0 -999.0 -999.0 -999.0 16600.0 -999.0 2 -999 {-999.0 -999.0 -999.0 -999.0 -999.0} "" -999.0 -999.0 -999.0 -999.0 -999 -999 "" "" "" "" 0 0 0.0 0.0 -999 ""
FIBERMAP 1351 R-3C8 BOSS 0 0 0 1 0 0 -99.43909065606738 -50.687295980106214 143.1 -99.43909065606738 -50.687295980106214 10.001533 170.00671 -999.0 -999.0 -999.0 -999.0 -999.0 -999.0 -999.0 -999.0 -999.0 -999.0 -999.0 -999.0 5400.0 -999.0 1 469 {-999.0 -999.0 -999.0 -999.0 -999.0} "" -999.0 -999.0 -999.0 -999.0 -999 -999 "" "" "" "" 0 0 0.0 0.0 -999 ""
FIBERMAP 1351 R-3C8 METROLOGY 1 0 0 1 0 0 -99.80689220876826 -51.34094361890197 143.1 -99.80689220876826 -51.34094361890197 10.001533 170.00671 -999.0 -999.0 -999.0 -999.0 -999.0 -999.0 -999.0 -999.0 -999.0 -999.0 -999.0 -999.0 6231.0 -999.0 -1 -999 {-999.0 -999.0 -999.0 -999.0 -999.0} "" -999.0 -999.0 -999.0 -999.0 -999 -999 "" "" "" "" 0 0 0.0 0.0 -999 ""
FIBERMAP 1353 R-12C3 APOGEE 0 0 0 1 0 0 -111.2427652704493 -225.23666858097462 143.1 -111.2427652704493 -225.23666858097462 9.993006 169.99968 -999.0 -999.0 -999.0 -999.0 -999.0 -999.0 -999.0 -999.0 -999.0 -999.0 -999.0 -999.0 16600.0 -999.0 2 -999 {-999.0 -999.0 -999.0 -999.0 -999.0} "" -999.0 -999.0 -999.0 -999.0 -999 -999 "" "" "" "" 0 0 0.0 0.0 -999 ""
FIBERMAP 1353 R-12C3 BOSS 0 0 0 1 0 0 -110.48326793422265 -225.23863841137018 143.1 -110.48326793422265 -225.23863841137018 9.993006 169.99968 -999.0 -999.0 -999.0 -999.0 -999.0 -999.0 -999.0 -999.0 -999.0 -999.0 -999.0 -999.0 5400.0 -999.0 1 350 {-999.0 -999.0 -999.0 -999.0 -999.0} "" -999.0 -999.0 -999.0 -999.0 -999 -999 "" "" "" "" 0 0 0.0 0.0 -999 ""
FIBERMAP 1353 R-12C3 METROLOGY 1 0 0 1 0 0 -110.86657426589997 -225.88098396074446 143.1 -110.86657426589997 -225.88098396074446 9.993006 169.99968 -999.0 -999.0 -999.0 -999.0 -999.0 -999.0 -999.0 -999.0 -999.0 -999.0 -999.0 -999.0 6231.0 -999.0 -1 -999 {-999.0 -999.0 -999.0 -999.0 -999.0} "" -999.0 -999.0 -999.0 -999.0 -999 -999 "" "" "" "" 0 0 0.0 0.0 -999 ""
FIBERMAP 1354 R+3C8 APOGEE 0 0 0 1 0 0 -100.15287622015154 65.68393588343817 143.1 -100.15287622015154 65.68393588343817 9.999497 170.01143 -999.0 -999.0 -999.0 -999.0 -999.0 -999.0 -999.0 -999.0 -999.0 -999.0 -999.0 -999.0 16600.0 -999.0 2 -999 {-999.0 -999.0 -999.0 -999.0 -999.0} "" -999.0 -999.0 -999.0 -999.0 -999 -999 "" "" "" "" 0 0 0.0 0.0 -999 ""
FIBERMAP 1354 R+3C8 BOSS 0 0 0 1 0 0 -99.38589781019732 65.6698437448988 143.1 -99.38589781019732 65.6698437448988 9.999497 170.01143 -999.0 -999.0 -999.0 -999.0 -999.0 -999.0 -999.0 -999.0 -999.0 -999.0 -999.0 -999.0 5400.0 -999.0 1 52 {-999.0 -999.0 -999.0 -999.0 -999.0} "" -999.0 -999.0 -999.0 -999.0 -999 -999 "" "" "" "" 0 0 0.0 0.0 -999 ""
FIBERMAP 1354 R+3C8 METROLOGY 1 0 0 1 0 0 -99.77778569525795 65.0389792347812 143.1 -99.77778569525795 65.0389792347812 9.999497 170.01143 -999.0 -999.0 -999.0 -999.0 -999.0 -999.0 -999.0 -999.0 -999.0 -999.0 -999.0 -999.0 6231.0 -999.0 -1 -999 {-999.0 -999.0 -999.0 -999.0 -999.0} "" -999.0 -999.0 -999.0 -999.0 -999 -999 "" "" "" "" 0 0 0.0 0.0 -999 ""
FIBERMAP 1355 R0C10 APOGEE 0 0 0 1 0 0 -88.936227501416 7.474757797989549 143.1 -88.936227501416 7.474757797989549 10.00437 169.99797 -999.0 -999.0 -999.0 -999.0 -999.0 -999.0 -999.0 -999.0 -999.0 -999.0 -999.0 -999.0 16600.0 -999.0 2 -999 {-999.0 -999.0 -999.0 -999.0 -999.0} "" -999.0 -999.0 -999.0 -999.0 -999 -999 "" "" "" "" 0 0 0.0 0.0 -999 ""
FIBERMAP 1355 R0C10 BOSS 0 0 0 1 0 0 -88.19040604031348 7.485643887258653 143.1 -88.19040604031348 7.485643887258653 10.00437 169.99797 -999.0 -999.0 -999.0 -999.0 -999.0 -999.0 -999.0 -999.0 -999.0 -999.0 -999.0 -999.0 5400.0 -999.0 1 491 {-999.0 -999.0 -999.0 -999.0 -999.0} "" -999.0 -999.0 -999.0 -999.0 -999 -999 "" "" "" "" 0 0 0.0 0.0 -999 ""
FIBERMAP 1355 R0C10 METROLOGY 1 0 0 1 0 0 -88.56320399962772 6.828603445202693 143.1 -88.56320399962772 6.828603445202693 10.00437 169.99797 -999.0 -999.0 -999.0 -999.0 -999.0 -999.0 -999.0 -999.0 -999.0 -999.0 -999.0 -999.0 6231.0 -999.0 -1 -999 {-999.0 -999.0 -999.0 -999.0 -999.0} "" -999.0 -999.0 -999.0 -999.0 -999 -999 "" "" "" "" 0 0 0.0 0.0 -999 ""
FIBERMAP 1356 R+8C9 APOGEE 0 0 0 1 0 0 -21.764098428531753 162.65724642924351 143.1 -21.764098428531753 162.65724642924351 9.993208 169.9954 -999.0 -999.0 -999.0 -999.0 -999.0 -999.0 -999.0 -999.0 -999.0 -999.0 -999.0 -999.0 16600.0 -999.0 2 -999 {-999.0 -999.0 -999.0 -999.0 -999.0} "" -999.0 -999.0 -999.0 -999.0 -999 -999 "" "" "" "" 0 0 0.0 0.0 -999 ""
FIBERMAP 1356 R+8C9 BOSS 0 0 0 1 0 0 -20.988736367895807 162.65405421785084 143.1 -20.988736367895807 162.65405421785084 9.993208 169.9954 -999.0 -999.0 -999.0 -999.0 -999.0 -999.0 -999.0 -999.0 -999.0 -999.0 -999.0 -999.0 5400.0 -999.0 1 123 {-999.0 -999.0 -999.0 -999.0 -999.0} "" -999.0 -999.0 -999.0 -999.0 -999 -999 "" "" "" "" 0 0 0.0 0.0 -999 ""
FIBERMAP 1356 R+8C9 METROLOGY 1 0 0 1 0 0 -21.38483837263247 162.01473277918535 143.1 -21.38483837263247 162.01473277918535 9.993208 169.9954 -999.0 -999.0 -999.0 -999.0 -999.0 -999.0 -999.0 -999.0 -999.0 -999.0 -999.0 -999.0 6231.0 -999.0 -1 -999 {-999.0 -999.0 -999.0 -999.0 -999.0} "" -999.0 -999.0 -999.0 -999.0 -999 -999 "" "" "" "" 0 0 0.0 0.0 -999 ""
FIBERMAP 1357 R+3C5 APOGEE 0 0 0 1 0 0 -167.73628733455323 65.82371549207507 143.1 -167.73628733455323 65.82371549207507 10.0057535 169.98782 -999.0 -999.0 -999.0 -999.0 -999.0 -999.0 -999.0 -999.0 -999.0 -999.0 -999.0 -999.0 16600.0 -999.0 2 148 {-999.0 -999.0 -999.0 -999.0 -999.0} "" -999.0 -999.0 -999.0 -999.0 -999 -999 "" "" "" "" 0 0 0.0 0.0 -999 ""
FIBERMAP 1357 R+3C5 BOSS 0 0 0 1 0 0 -166.98907959195043 65.83073226896414 143.1 -166.98907959195043 65.83073226896414 10.0057535 169.98782 -999.0 -999.0 -999.0 -999.0 -999.0 -999.0 -999.0 -999.0 -999.0 -999.0 -999.0 -999.0 5400.0 -999.0 1 40 {-999.0 -999.0 -999.0 -999.0 -999.0} "" -999.0 -999.0 -999.0 -999.0 -999 -999 "" "" "" "" 0 0 0.0 0.0 -999 ""
FIBERMAP 1357 R+3C5 METROLOGY 1 0 0 1 0 0 -167.35531738577038 65.18318515577056 143.1 -167.35531738577038 65.18318515577056 10.0057535 169.98782 -999.0 -999.0 -999.0 -999.0 -999.0 -999.0 -999.0 -999.0 -999.0 -999.0 -999.0 -999.0 6231.0 -999.0 -1 -999 {-999.0 -999.0 -999.0 -999.0 -999.0} "" -999.0 -999.0 -999.0 -999.0 -999 -999 "" "" "" "" 0 0 0.0 0.0 -999 ""
FIBERMAP 1358 R-3C14 APOGEE 0 0 0 1 0 0 34.174813558680825 -50.66901040255906 143.1 34.174813558680825 -50.66901040255906 10.0012 169.99078 -999.0 -999.0 -999.0 -999.0 -999.0 -999.0 -999.0 -999.0 -999.0 -999.0 -999.0 -999.0 16600.0 -999.0 2 215 {-999.0 -999.0 -999.0 -999.0 -999.0} "" -999.0 -999.0 -999.0 -999.0 -999 -999 "" "" "" "" 0 0 0.0 0.0 -999 ""
FIBERMAP 1358 R-3C14 BOSS 0 0 0 1 0 0 34.921117178798674 -50.654882611867656 143.1 34.921117178798674 -50.654882611867656 10.0012 169.99078 -999.0 -999.0 -999.0 -999.0 -999.0 -999.0 -999.0 -999.0 -999.0 -999.0 -999.0 -999.0 5400.0 -999.0 1 264 {-999.0 -999.0 -999.0 -999.0 -999.0} "" -999.0 -999.0 -999.0 -999.0 -999 -999 "" "" "" "" 0 0 0.0 0.0 -999 ""
FIBERMAP 1358 R-3C14 METROLOGY 1 0 0 1 0 0 34.56368698138967 -51.31074535982963 143.1 34.56368698138967 -51.31074535982963 10.0012 169.99078 -999.0 -999.0 -999.0 -999.0 -999.0 -999.0 -999.0 -999.0 -999.0 -999.0 -999.0 -999.0 6231.0 -999.0 -1 -999 {-999.0 -999.0 -999.0 -999.0 -999.0} "" -999.0 -999.0 -999.0 -999.0 -999 -999 "" "" "" "" 0 0 0.0 0.0 -999 ""
FIBERMAP 1359 R-7C12 APOGEE 0 0 0 1 0 0 34.3847412950351 -128.29191652457283 143.1 34.3847412950351 -128.29191652457283 10.009057 170.0172 -999.0 -999.0 -999.0 -999.0 -999.0 -999.0 -999.0 -999.0 -999.0 -999.0 -999.0 -999.0 16600.0 -999.0 2 161 {-999.0 -999.0 -999.0 -999.0 -999.0} "" -999.0 -999.0 -999.0 -999.0 -999 -999 "" "" "" "" 0 0 0.0 0.0 -999 ""
FIBERMAP 1359 R-7C12 BOSS 0 0 0 1 0 0 35.116762425806165 -128.29915336144413 143.1 35.116762425806165 -128.29915336144413 10.009057 170.0172 -999.0 -999.0 -999.0 -999.0 -999.0 -999.0 -999.0 -999.0 -999.0 -999.0 -999.0 -999.0 5400.0 -999.0 1 381 {-999.0 -999.0 -999.0 -999.0 -999.0} "" -999.0 -999.0 -999.0 -999.0 -999 -999 "" "" "" "" 0 0 0.0 0.0 -999 ""
FIBERMAP 1359 R-7C12 METROLOGY 1 0 0 1 0 0 34.75320407567898 -128.94043544720418 143.1 34.75320407567898 -128.94043544720418 10.009057 170.0172 -999.0 -999.0 -999.0 -999.0 -999.0 -999.0 -999.0 -999.0 -999.0 -999.0 -999.0 -999.0 6231.0 -999.0 -1 -999 {-999.0 -999.0 -999.0 -999.0 -999.0} "" -999.0 -999.0 -999.0 -999.0 -999 -999 "" "" "" "" 0 0 0.0 0.0 -999 ""
FIBERMAP 1362 R-12C4 APOGEE 0 0 0 1 0 0 -88.81858198153647 -225.30192888398906 143.1 -88.81858198153647 -225.30192888398906 9.987398 170.00574 -999.0 -999.0 -999.0 -999.0 -999.0 -999.0 -999.0 -999.0 -999.0 -999.0 -999.0 -999.0 16600.0 -999.0 2 -999 {-999.0 -999.0 -999.0 -999.0 -999.0} "" -999.0 -999.0 -999.0 -999.0 -999 -999 "" "" "" "" 0 0 0.0 0.0 -999 ""
FIBERMAP 1362 R-12C4 BOSS 0 0 0 1 0 0 -88.06738200552361 -225.29780840766333 143.1 -88.06738200552361 -225.29780840766333 9.987398 170.00574 -999.0 -999.0 -999.0 -999.0 -999.0 -999.0 -999.0 -999.0 -999.0 -999.0 -999.0 -999.0 5400.0 -999.0 1 351 {-999.0 -999.0 -999.0 -999.0 -999.0} "" -999.0 -999.0 -999.0 -999.0 -999 -999 "" "" "" "" 0 0 0.0 0.0 -999 ""
FIBERMAP 1362 R-12C4 METROLOGY 1 0 0 1 0 0 -88.44225530062695 -225.94616502838596 143.1 -88.44225530062695 -225.94616502838596 9.987398 170.00574 -999.0 -999.0 -999.0 -999.0 -999.0 -999.0 -999.0 -999.0 -999.0 -999.0 -999.0 -999.0 6231.0 -999.0 -1 -999 {-999.0 -999.0 -999.0 -999.0 -999.0} "" -999.0 -999.0 -999.0 -999.0 -999 -999 "" "" "" "" 0 0 0.0 0.0 -999 ""
FIBERMAP 1363 R-6C13 APOGEE 0 0 0 1 0 0 45.4977418618813 -108.95218652928564 143.1 45.4977418618813 -108.95218652928564 10.012657 170.00714 -999.0 -999.0 -999.0 -999.0 -999.0 -999.0 -999.0 -999.0 -999.0 -999.0 -999.0 -999.0 16600.0 -999.0 2 -999 {-999.0 -999.0 -999.0 -999.0 -999.0} "" -999.0 -999.0 -999.0 -999.0 -999 -999 "" "" "" "" 0 0 0.0 0.0 -999 ""
FIBERMAP 1363 R-6C13 BOSS 0 0 0 1 0 0 46.2390728034094 -108.94467135010484 143.1 46.2390728034094 -108.94467135010484 10.012657 170.00714 -999.0 -999.0 -999.0 -999.0 -999.0 -999.0 -999.0 -999.0 -999.0 -999.0 -999.0 -999.0 5400.0 -999.0 1 380 {-999.0 -999.0 -999.0 -999.0 -999.0} "" -999.0 -999.0 -999.0 -999.0 -999 -999 "" "" "" "" 0 0 0.0 0.0 -999 ""
FIBERMAP 1363 R-6C13 METROLOGY 1 0 0 1 0 0 45.87828069490798 -109.5939436305868 143.1 45.87828069490798 -109.5939436305868 10.012657 170.00714 -999.0 -999.0 -999.0 -999.0 -999.0 -999.0 -999.0 -999.0 -999.0 -999.0 -999.0 -999.0 6231.0 -999.0 -1 -999 {-999.0 -999.0 -999.0 -999.0 -999.0} "" -999.0 -999.0 -999.0 -999.0 -999 -999 "" "" "" "" 0 0 0.0 0.0 -999 ""
FIBERMAP 1364 R+13C6 APOGEE 0 0 0 1 0 0 -32.999189181021606 259.69164841365387 143.1 -32.999189181021606 259.69164841365387 9.99012 170.00793 -999.0 -999.0 -999.0 -999.0 -999.0 -999.0 -999.0 -999.0 -999.0 -999.0 -999.0 -999.0 16600.0 -999.0 2 105 {-999.0 -999.0 -999.0 -999.0 -999.0} "" -999.0 -999.0 -999.0 -999.0 -999 -999 "" "" "" "" 0 0 0.0 0.0 -999 ""
FIBERMAP 1364 R+13C6 BOSS 0 0 0 1 0 0 -32.26027758571331 259.67857391345086 143.1 -32.26027758571331 259.67857391345086 9.99012 170.00793 -999.0 -999.0 -999.0 -999.0 -999.0 -999.0 -999.0 -999.0 -999.0 -999.0 -999.0 -999.0 5400.0 -999.0 1 84 {-999.0 -999.0 -999.0 -999.0 -999.0} "" -999.0 -999.0 -999.0 -999.0 -999 -999 "" "" "" "" 0 0 0.0 0.0 -999 ""
FIBERMAP 1364 R+13C6 METROLOGY 1 0 0 1 0 0 -32.6294985702755 259.0393946160438 143.1 -32.6294985702755 259.0393946160438 9.99012 170.00793 -999.0 -999.0 -999.0 -999.0 -999.0 -999.0 -999.0 -999.0 -999.0 -999.0 -999.0 -999.0 6231.0 -999.0 -1 -999 {-999.0 -999.0 -999.0 -999.0 -999.0} "" -999.0 -999.0 -999.0 -999.0 -999 -999 "" "" "" "" 0 0 0.0 0.0 -999 ""
FIBERMAP 1365 R+12C3 APOGEE 0 0 0 1 0 0 -111.53611733106796 240.357754573153 143.1 -111.53611733106796 240.357754573153 10.006248 170.00143 -999.0 -999.0 -999.0 -999.0 -999.0 -999.0 -999.0 -999.0 -999.0 -999.0 -999.0 -999.0 16600.0 -999.0 2 -999 {-999.0 -999.0 -999.0 -999.0 -999.0} "" -999.0 -999.0 -999.0 -999.0 -999 -999 "" "" "" "" 0 0 0.0 0.0 -999 ""
FIBERMAP 1365 R+12C3 BOSS 0 0 0 1 0 0 -110.79376567641636 240.3741823301596 143.1 -110.79376567641636 240.3741823301596 10.006248 170.00143 -999.0 -999.0 -999.0 -999.0 -999.0 -999.0 -999.0 -999.0 -999.0 -999.0 -999.0 -999.0 5400.0 -999.0 1 94 {-999.0 -999.0 -999.0 -999.0 -999.0} "" -999.0 -999.0 -999.0 -999.0 -999 -999 "" "" "" "" 0 0 0.0 0.0 -999 ""
FIBERMAP 1365 R+12C3 METROLOGY 1 0 0 1 0 0 -111.14976822361075 239.7194784983399 143.1 -111.14976822361075 239.7194784983399 10.006248 170.00143 -999.0 -999.0 -999.0 -999.0 -999.0 -999.0 -999.0 -999.0 -999.0 -999.0 -999.0 -999.0 6231.0 -999.0 -1 -999 {-999.0 -999.0 -999.0 -999.0 -999.0} "" -999.0 -999.0 -999.0 -999.0 -999 -999 "" "" "" "" 0 0 0.0 0.0 -999 ""
FIBERMAP 1369 R-1C18 APOGEE 0 0 0 1 0 0 101.44913635588374 -11.82083793124811 143.1 101.44913635588374 -11.82083793124811 10.010928 170.00377 -999.0 -999.0 -999.0 -999.0 -999.0 -999.0 -999.0 -999.0 -999.0 -999.0 -999.0 -999.0 16600.0 -999.0 2 217 {-999.0 -999.0 -999.0 -999.0 -999.0} "" -999.0 -999.0 -999.0 -999.0 -999 -999 "" "" "" "" 0 0 0.0 0.0 -999 ""
FIBERMAP 1369 R-1C18 BOSS 0 0 0 1 0 0 102.18660053239974 -11.844338370601966 143.1 102.18660053239974 -11.844338370601966 10.010928 170.00377 -999.0 -999.0 -999.0 -999.0 -999.0 -999.0 -999.0 -999.0 -999.0 -999.0 -999.0 -999.0 5400.0 -999.0 1 295 {-999.0 -999.0 -999.0 -999.0 -999.0} "" -999.0 -999.0 -999.0 -999.0 -999 -999 "" "" "" "" 0 0 0.0 0.0 -999 ""
FIBERMAP 1369 R-1C18 METROLOGY 1 0 0 1 0 0 101.80652677449892 -12.486861242806352 143.1 101.80652677449892 -12.486861242806352 10.010928 170.00377 -999.0 -999.0 -999.0 -999.0 -999.0 -999.0 -999.0 -999.0 -999.0 -999.0 -999.0 -999.0 6231.0 -999.0 -1 -999 {-999.0 -999.0 -999.0 -999.0 -999.0} "" -999.0 -999.0 -999.0 -999.0 -999 -999 "" "" "" "" 0 0 0.0 0.0 -999 ""
FIBERMAP 1370 R0C23 APOGEE 0 0 0 1 0 0 202.49869735869356 7.664171181332258 143.1 202.49869735869356 7.664171181332258 10.016894 169.99138 -999.0 -999.0 -999.0 -999.0 -999.0 -999.0 -999.0 -999.0 -999.0 -999.0 -999.0 -999.0 16600.0 -999.0 2 89 {-999.0 -999.0 -999.0 -999.0 -999.0} "" -999.0 -999.0 -999.0 -999.0 -999 -999 "" "" "" "" 0 0 0.0 0.0 -999 ""
FIBERMAP 1370 R0C23 BOSS 0 0 0 1 0 0 203.22580791516637 7.547240045335847 143.1 203.22580791516637 7.547240045335847 10.016894 169.99138 -999.0 -999.0 -999.0 -999.0 -999.0 -999.0 -999.0 -999.0 -999.0 -999.0 -999.0 -999.0 5400.0 -999.0 1 245 {-999.0 -999.0 -999.0 -999.0 -999.0} "" -999.0 -999.0 -999.0 -999.0 -999 -999 "" "" "" "" 0 0 0.0 0.0 -999 ""
FIBERMAP 1370 R0C23 METROLOGY 1 0 0 1 0 0 202.75568949928402 6.959008791780096 143.1 202.75568949928402 6.959008791780096 10.016894 169.99138 -999.0 -999.0 -999.0 -999.0 -999.0 -999.0 -999.0 -999.0 -999.0 -999.0 -999.0 -999.0 6231.0 -999.0 -1 -999 {-999.0 -999.0 -999.0 -999.0 -999.0} "" -999.0 -999.0 -999.0 -999.0 -999 -999 "" "" "" "" 0 0 0.0 0.0 -999 ""
FIBERMAP 1372 R-11C10 APOGEE 0 0 0 1 0 0 34.26864170626235 -205.85921305791445 143.1 34.26864170626235 -205.85921305791445 10.005505 170.01468 -999.0 -999.0 -999.0 -999.0 -999.0 -999.0 -999.0 -999.0 -999.0 -999.0 -999.0 -999.0 16600.0 -999.0 2 157 {-999.0 -999.0 -999.0 -999.0 -999.0} "" -999.0 -999.0 -999.0 -999.0 -999 -999 "" "" "" "" 0 0 0.0 0.0 -999 ""
FIBERMAP 1372 R-11C10 BOSS 0 0 0 1 0 0 35.01536007546639 -205.8572873730958 143.1 35.01536007546639 -205.8572873730958 10.005505 170.01468 -999.0 -999.0 -999.0 -999.0 -999.0 -999.0 -999.0 -999.0 -999.0 -999.0 -999.0 -999.0 5400.0 -999.0 1 362 {-999.0 -999.0 -999.0 -999.0 -999.0} "" -999.0 -999.0 -999.0 -999.0 -999 -999 "" "" "" "" 0 0 0.0 0.0 -999 ""
FIBERMAP 1372 R-11C10 METROLOGY 1 0 0 1 0 0 34.651669038052695 -206.50689956865966 143.1 34.651669038052695 -206.50689956865966 10.005505 170.01468 -999.0 -999.0 -999.0 -999.0 -999.0 -999.0 -999.0 -999.0 -999.0 -999.0 -999.0 -999.0 6231.0 -999.0 -1 -999 {-999.0 -999.0 -999.0 -999.0 -999.0} "" -999.0 -999.0 -999.0 -999.0 -999 -999 "" "" "" "" 0 0 0.0 0.0 -999 ""
FIBERMAP 1373 R-9C2 APOGEE 0 0 0 1 0 0 -167.19274125937028 -167.09781296248877 143.1 -167.19274125937028 -167.09781296248877 10.012907 170.00418 -999.0 -999.0 -999.0 -999.0 -999.0 -999.0 -999.0 -999.0 -999.0 -999.0 -999.0 -999.0 16600.0 -999.0 2 -999 {-999.0 -999.0 -999.0 -999.0 -999.0} "" -999.0 -999.0 -999.0 -999.0 -999 -999 "" "" "" "" 0 0 0.0 0.0 -999 ""
FIBERMAP 1373 R-9C2 BOSS 0 0 0 1 0 0 -166.45954178574377 -167.08107957165572 143.1 -166.45954178574377 -167.08107957165572 10.012907 170.00418 -999.0 -999.0 -999.0 -999.0 -999.0 -999.0 -999.0 -999.0 -999.0 -999.0 -999.0 -999.0 5400.0 -999.0 1 490 {-999.0 -999.0 -999.0 -999.0 -999.0} "" -999.0 -999.0 -999.0 -999.0 -999 -999 "" "" "" "" 0 0 0.0 0.0 -999 ""
FIBERMAP 1373 R-9C2 METROLOGY 1 0 0 1 0 0 -166.81753223775965 -167.7427006818739 143.1 -166.81753223775965 -167.7427006818739 10.012907 170.00418 -999.0 -999.0 -999.0 -999.0 -999.0 -999.0 -999.0 -999.0 -999.0 -999.0 -999.0 -999.0 6231.0 -999.0 -1 -999 {-999.0 -999.0 -999.0 -999.0 -999.0} "" -999.0 -999.0 -999.0 -999.0 -999 -999 "" "" "" "" 0 0 0.0 0.0 -999 ""
FIBERMAP 1374 R-5C8 APOGEE 0 0 0 1 0 0 -77.7353565294373 -89.492403142127 143.1 -77.7353565294373 -89.492403142127 10.0090275 169.9975 -999.0 -999.0 -999.0 -999.0 -999.0 -999.0 -999.0 -999.0 -999.0 -999.0 -999.0 -999.0 16600.0 -999.0 2 -999 {-999.0 -999.0 -999.0 -999.0 -999.0} "" -999.0 -999.0 -999.0 -999.0 -999 -999 "" "" "" "" 0 0 0.0 0.0 -999 ""
FIBERMAP 1374 R-5C8 BOSS 0 0 0 1 0 0 -76.98713338138091 -89.48226381456334 143.1 -76.98713338138091 -89.48226381456334 10.0090275 169.9975 -999.0 -999.0 -999.0 -999.0 -999.0 -999.0 -999.0 -999.0 -999.0 -999.0 -999.0 -999.0 5400.0 -999.0 1 463 {-999.0 -999.0 -999.0 -999.0 -999.0} "" -999.0 -999.0 -999.0 -999.0 -999 -999 "" "" "" "" 0 0 0.0 0.0 -999 ""
FIBERMAP 1374 R-5C8 METROLOGY 1 0 0 1 0 0 -77.35492077952892 -90.13422135681358 143.1 -77.35492077952892 -90.13422135681358 10.0090275 169.9975 -999.0 -999.0 -999.0 -999.0 -999.0 -999.0 -999.0 -999.0 -999.0 -999.0 -999.0 -999.0 6231.0 -999.0 -1 -999 {-999.0 -999.0 -999.0 -999.0 -999.0} "" -999.0 -999.0 -999.0 -999.0 -999 -999 "" "" "" "" 0 0 0.0 0.0 -999 ""
FIBERMAP 1376 R+4C13 APOGEE 0 0 0 1 0 0 23.107731163843795 85.28501584844788 143.1 23.107731163843795 85.28501584844788 9.989662 169.99925 -999.0 -999.0 -999.0 -999.0 -999.0 -999.0 -999.0 -999.0 -999.0 -999.0 -999.0 -999.0 16600.0 -999.0 2 -999 {-999.0 -999.0 -999.0 -999.0 -999.0} "" -999.0 -999.0 -999.0 -999.0 -999 -999 "" "" "" "" 0 0 0.0 0.0 -999 ""
FIBERMAP 1376 R+4C13 BOSS 0 0 0 1 0 0 23.844630933442247 85.30176681119052 143.1 23.844630933442247 85.30176681119052 9.989662 169.99925 -999.0 -999.0 -999.0 -999.0 -999.0 -999.0 -999.0 -999.0 -999.0 -999.0 -999.0 -999.0 5400.0 -999.0 1 107 {-999.0 -999.0 -999.0 -999.0 -999.0} "" -999.0 -999.0 -999.0 -999.0 -999 -999 "" "" "" "" 0 0 0.0 0.0 -999 ""
FIBERMAP 1376 R+4C13 METROLOGY 1 0 0 1 0 0 23.49209319941891 84.64554121554963 143.1 23.49209319941891 84.64554121554963 9.989662 169.99925 -999.0 -999.0 -999.0 -999.0 -999.0 -999.0 -999.0 -999.0 -999.0 -999.0 -999.0 -999.0 6231.0 -999.0 -1 -999 {-999.0 -999.0 -999.0 -999.0 -999.0} "" -999.0 -999.0 -999.0 -999.0 -999 -999 "" "" "" "" 0 0 0.0 0.0 -999 ""
FIBERMAP 1378 R-3C2 APOGEE 0 0 0 1 0 0 -234.62682687998083 -50.69735981450878 143.1 -234.62682687998083 -50.69735981450878 10.009463 170.00366 -999.0 -999.0 -999.0 -999.0 -999.0 -999.0 -999.0 -999.0 -999.0 -999.0 -999.0 -999.0 16600.0 -999.0 2 -999 {-999.0 -999.0 -999.0 -999.0 -999.0} "" -999.0 -999.0 -999.0 -999.0 -999 -999 "" "" "" "" 0 0 0.0 0.0 -999 ""
FIBERMAP 1378 R-3C2 BOSS 0 0 0 1 0 0 -233.87532365011518 -50.67668580662613 143.1 -233.87532365011518 -50.67668580662613 10.009463 170.00366 -999.0 -999.0 -999.0 -999.0 -999.0 -999.0 -999.0 -999.0 -999.0 -999.0 -999.0 -999.0 5400.0 -999.0 1 436 {-999.0 -999.0 -999.0 -999.0 -999.0} "" -999.0 -999.0 -999.0 -999.0 -999 -999 "" "" "" "" 0 0 0.0 0.0 -999 ""
FIBERMAP 1378 R-3C2 METROLOGY 1 0 0 1 0 0 -234.23827799361757 -51.33429917066264 143.1 -234.23827799361757 -51.33429917066264 10.009463 170.00366 -999.0 -999.0 -999.0 -999.0 -999.0 -999.0 -999.0 -999.0 -999.0 -999.0 -999.0 -999.0 6231.0 -999.0 -1 -999 {-999.0 -999.0 -999.0 -999.0 -999.0} "" -999.0 -999.0 -999.0 -999.0 -999 -999 "" "" "" "" 0 0 0.0 0.0 -999 ""
FIBERMAP 1381 R-7C10 APOGEE 0 0 0 1 0 0 -10.592819181569649 -128.34659625300057 143.1 -10.592819181569649 -128.34659625300057 10.013178 170.01648 -999.0 -999.0 -999.0 -999.0 -999.0 -999.0 -999.0 -999.0 -999.0 -999.0 -999.0 -999.0 16600.0 -999.0 2 170 {-999.0 -999.0 -999.0 -999.0 -999.0} "" -999.0 -999.0 -999.0 -999.0 -999 -999 "" "" "" "" 0 0 0.0 0.0 -999 ""
FIBERMAP 1381 R-7C10 BOSS 0 0 0 1 0 0 -9.848840984533703 -128.35217009192598 143.1 -9.848840984533703 -128.35217009192598 10.013178 170.01648 -999.0 -999.0 -999.0 -999.0 -999.0 -999.0 -999.0 -999.0 -999.0 -999.0 -999.0 -999.0 5400.0 -999.0 1 385 {-999.0 -999.0 -999.0 -999.0 -999.0} "" -999.0 -999.0 -999.0 -999.0 -999 -999 "" "" "" "" 0 0 0.0 0.0 -999 ""
FIBERMAP 1381 R-7C10 METROLOGY 1 0 0 1 0 0 -10.218496856641629 -128.99857298269586 143.1 -10.218496856641629 -128.99857298269586 10.013178 170.01648 -999.0 -999.0 -999.0 -999.0 -999.0 -999.0 -999.0 -999.0 -999.0 -999.0 -999.0 -999.0 6231.0 -999.0 -1 -999 {-999.0 -999.0 -999.0 -999.0 -999.0} "" -999.0 -999.0 -999.0 -999.0 -999 -999 "" "" "" "" 0 0 0.0 0.0 -999 ""
FIBERMAP 1382 R+4C14 APOGEE 0 0 0 1 0 0 45.33375324741515 85.21919616527227 143.1 45.33375324741515 85.21919616527227 10.010397 170.0077 -999.0 -999.0 -999.0 -999.0 -999.0 -999.0 -999.0 -999.0 -999.0 -999.0 -999.0 -999.0 16600.0 -999.0 2 -999 {-999.0 -999.0 -999.0 -999.0 -999.0} "" -999.0 -999.0 -999.0 -999.0 -999 -999 "" "" "" "" 0 0 0.0 0.0 -999 ""
FIBERMAP 1382 R+4C14 BOSS 0 0 0 1 0 0 46.08577248806781 85.24469970443836 143.1 46.08577248806781 85.24469970443836 10.010397 170.0077 -999.0 -999.0 -999.0 -999.0 -999.0 -999.0 -999.0 -999.0 -999.0 -999.0 -999.0 -999.0 5400.0 -999.0 1 158 {-999.0 -999.0 -999.0 -999.0 -999.0} "" -999.0 -999.0 -999.0 -999.0 -999 -999 "" "" "" "" 0 0 0.0 0.0 -999 ""
FIBERMAP 1382 R+4C14 METROLOGY 1 0 0 1 0 0 45.71980673766526 84.58074124659944 143.1 45.71980673766526 84.58074124659944 10.010397 170.0077 -999.0 -999.0 -999.0 -999.0 -999.0 -999.0 -999.0 -999.0 -999.0 -999.0 -999.0 -999.0 6231.0 -999.0 -1 -999 {-999.0 -999.0 -999.0 -999.0 -999.0} "" -999.0 -999.0 -999.0 -999.0 -999 -999 "" "" "" "" 0 0 0.0 0.0 -999 ""
FIBERMAP 1383 R-9C6 APOGEE 0 0 0 1 0 0 -77.62939367955926 -167.25017184823787 143.1 -77.62939367955926 -167.25017184823787 10.010258 170.01819 -999.0 -999.0 -999.0 -999.0 -999.0 -999.0 -999.0 -999.0 -999.0 -999.0 -999.0 -999.0 16600.0 -999.0 2 165 {-999.0 -999.0 -999.0 -999.0 -999.0} "" -999.0 -999.0 -999.0 -999.0 -999 -999 "" "" "" "" 0 0 0.0 0.0 -999 ""
FIBERMAP 1383 R-9C6 BOSS 0 0 0 1 0 0 -76.88846189446458 -167.23364352384624 143.1 -76.88846189446458 -167.23364352384624 10.010258 170.01819 -999.0 -999.0 -999.0 -999.0 -999.0 -999.0 -999.0 -999.0 -999.0 -999.0 -999.0 -999.0 5400.0 -999.0 1 402 {-999.0 -999.0 -999.0 -999.0 -999.0} "" -999.0 -999.0 -999.0 -999.0 -999 -999 "" "" "" "" 0 0 0.0 0.0 -999 ""
FIBERMAP 1383 R-9C6 METROLOGY 1 0 0 1 0 0 -77.24490533227434 -167.88962107084768 143.1 -77.24490533227434 -167.88962107084768 10.010258 170.01819 -999.0 -999.0 -999.0 -999.0 -999.0 -999.0 -999.0 -999.0 -999.0 -999.0 -999.0 -999.0 6231.0 -999.0 -1 -999 {-999.0 -999.0 -999.0 -999.0 -999.0} "" -999.0 -999.0 -999.0 -999.0 -999 -999 "" "" "" "" 0 0 0.0 0.0 -999 ""
FIBERMAP 1384 R-12C6 APOGEE 0 0 0 1 0 0 -44.00014785202289 -225.2954571377127 143.1 -44.00014785202289 -225.2954571377127 10.003804 170.02005 -999.0 -999.0 -999.0 -999.0 -999.0 -999.0 -999.0 -999.0 -999.0 -999.0 -999.0 -999.0 16600.0 -999.0 2 -999 {-999.0 -999.0 -999.0 -999.0 -999.0} "" -999.0 -999.0 -999.0 -999.0 -999 -999 "" "" "" "" 0 0 0.0 0.0 -999 ""
FIBERMAP 1384 R-12C6 BOSS 0 0 0 1 0 0 -43.259918537406236 -225.2902694013952 143.1 -43.259918537406236 -225.2902694013952 10.003804 170.02005 -999.0 -999.0 -999.0 -999.0 -999.0 -999.0 -999.0 -999.0 -999.0 -999.0 -999.0 -999.0 5400.0 -999.0 1 403 {-999.0 -999.0 -999.0 -999.0 -999.0} "" -999.0 -999.0 -999.0 -999.0 -999 -999 "" "" "" "" 0 0 0.0 0.0 -999 ""
FIBERMAP 1384 R-12C6 METROLOGY 1 0 0 1 0 0 -43.621375360052454 -225.9382583354701 143.1 -43.621375360052454 -225.9382583354701 10.003804 170.02005 -999.0 -999.0 -999.0 -999.0 -999.0 -999.0 -999.0 -999.0 -999.0 -999.0 -999.0 -999.0 6231.0 -999.0 -1 -999 {-999.0 -999.0 -999.0 -999.0 -999.0} "" -999.0 -999.0 -999.0 -999.0 -999 -999 "" "" "" "" 0 0 0.0 0.0 -999 ""
FIBERMAP 1388 R-10C8 APOGEE 0 0 0 1 0 0 -22.256028349257306 -186.66815466704173 143.1 -22.256028349257306 -186.66815466704173 9.998319 170.01067 -999.0 -999.0 -999.0 -999.0 -999.0 -999.0 -999.0 -999.0 -999.0 -999.0 -999.0 -999.0 16600.0 -999.0 2 -999 {-999.0 -999.0 -999.0 -999.0 -999.0} "" -999.0 -999.0 -999.0 -999.0 -999 -999 "" "" "" "" 0 0 0.0 0.0 -999 ""
FIBERMAP 1388 R-10C8 BOSS 0 0 0 1 0 0 -21.482077037716287 -186.65090277775505 143.1 -21.482077037716287 -186.65090277775505 9.998319 170.01067 -999.0 -999.0 -999.0 -999.0 -999.0 -999.0 -999.0 -999.0 -999.0 -999.0 -999.0 -999.0 5400.0 -999.0 1 372 {-999.0 -999.0 -999.0 -999.0 -999.0} "" -999.0 -999.0 -999.0 -999.0 -999 -999 "" "" "" "" 0 0 0.0 0.0 -999 ""
FIBERMAP 1388 R-10C8 METROLOGY 1 0 0 1 0 0 -21.866529445921866 -187.30451351612953 143.1 -21.866529445921866 -187.30451351612953 9.998319 170.01067 -999.0 -999.0 -999.0 -999.0 -999.0 -999.0 -999.0 -999.0 -999.0 -999.0 -999.0 -999.0 6231.0 -999.0 -1 -999 {-999.0 -999.0 -999.0 -999.0 -999.0} "" -999.0 -999.0 -999.0 -999.0 -999 -999 "" "" "" "" 0 0 0.0 0.0 -999 ""
FIBERMAP 1391 R-5C4 APOGEE 0 0 0 1 0 0 -167.41089972160736 -89.49093587583 143.1 -167.41089972160736 -89.49093587583 10.004449 170.00153 -999.0 -999.0 -999.0 -999.0 -999.0 -999.0 -999.0 -999.0 -999.0 -999.0 -999.0 -999.0 16600.0 -999.0 2 -999 {-999.0 -999.0 -999.0 -999.0 -999.0} "" -999.0 -999.0 -999.0 -999.0 -999 -999 "" "" "" "" 0 0 0.0 0.0 -999 ""
FIBERMAP 1391 R-5C4 BOSS 0 0 0 1 0 0 -166.65702091252493 -89.47860454714632 143.1 -166.65702091252493 -89.47860454714632 10.004449 170.00153 -999.0 -999.0 -999.0 -999.0 -999.0 -999.0 -999.0 -999.0 -999.0 -999.0 -999.0 -999.0 5400.0 -999.0 1 454 {-999.0 -999.0 -999.0 -999.0 -999.0} "" -999.0 -999.0 -999.0 -999.0 -999 -999 "" "" "" "" 0 0 0.0 0.0 -999 ""
FIBERMAP 1391 R-5C4 METROLOGY 1 0 0 1 0 0 -167.0243314531595 -90.12907924086724 143.1 -167.0243314531595 -90.12907924086724 10.004449 170.00153 -999.0 -999.0 -999.0 -999.0 -999.0 -999.0 -999.0 -999.0 -999.0 -999.0 -999.0 -999.0 6231.0 -999.0 -1 -999 {-999.0 -999.0 -999.0 -999.0 -999.0} "" -999.0 -999.0 -999.0 -999.0 -999 -999 "" "" "" "" 0 0 0.0 0.0 -999 ""
FIBERMAP 1392 R-12C10 APOGEE 0 0 0 1 0 0 45.509158277807515 -225.26090024169187 143.1 45.509158277807515 -225.26090024169187 10.003875 169.99933 -999.0 -999.0 -999.0 -999.0 -999.0 -999.0 -999.0 -999.0 -999.0 -999.0 -999.0 -999.0 16600.0 -999.0 2 -999 {-999.0 -999.0 -999.0 -999.0 -999.0} "" -999.0 -999.0 -999.0 -999.0 -999 -999 "" "" "" "" 0 0 0.0 0.0 -999 ""
FIBERMAP 1392 R-12C10 BOSS 0 0 0 1 0 0 46.27035346369493 -225.24433146120845 143.1 46.27035346369493 -225.24433146120845 10.003875 169.99933 -999.0 -999.0 -999.0 -999.0 -999.0 -999.0 -999.0 -999.0 -999.0 -999.0 -999.0 -999.0 5400.0 -999.0 1 406 {-999.0 -999.0 -999.0 -999.0 -999.0} "" -999.0 -999.0 -999.0 -999.0 -999 -999 "" "" "" "" 0 0 0.0 0.0 -999 ""
FIBERMAP 1392 R-12C10 METROLOGY 1 0 0 1 0 0 45.896765808311535 -225.89841289474933 143.1 45.896765808311535 -225.89841289474933 10.003875 169.99933 -999.0 -999.0 -999.0 -999.0 -999.0 -999.0 -999.0 -999.0 -999.0 -999.0 -999.0 -999.0 6231.0 -999.0 -1 -999 {-999.0 -999.0 -999.0 -999.0 -999.0} "" -999.0 -999.0 -999.0 -999.0 -999 -999 "" "" "" "" 0 0 0.0 0.0 -999 ""
FIBERMAP 1393 R-12C5 APOGEE 0 0 0 1 0 0 -66.40520033602165 -225.2489960647196 143.1 -66.40520033602165 -225.2489960647196 9.999215 170.00237 -999.0 -999.0 -999.0 -999.0 -999.0 -999.0 -999.0 -999.0 -999.0 -999.0 -999.0 -999.0 16600.0 -999.0 2 -999 {-999.0 -999.0 -999.0 -999.0 -999.0} "" -999.0 -999.0 -999.0 -999.0 -999 -999 "" "" "" "" 0 0 0.0 0.0 -999 ""
FIBERMAP 1393 R-12C5 BOSS 0 0 0 1 0 0 -65.65728666025177 -225.24991305511102 143.1 -65.65728666025177 -225.24991305511102 9.999215 170.00237 -999.0 -999.0 -999.0 -999.0 -999.0 -999.0 -999.0 -999.0 -999.0 -999.0 -999.0 -999.0 5400.0 -999.0 1 352 {-999.0 -999.0 -999.0 -999.0 -999.0} "" -999.0 -999.0 -999.0 -999.0 -999 -999 "" "" "" "" 0 0 0.0 0.0 -999 ""
FIBERMAP 1393 R-12C5 METROLOGY 1 0 0 1 0 0 -66.03218221136889 -225.89515352168527 143.1 -66.03218221136889 -225.89515352168527 9.999215 170.00237 -999.0 -999.0 -999.0 -999.0 -999.0 -999.0 -999.0 -999.0 -999.0 -999.0 -999.0 -999.0 6231.0 -999.0 -1 -999 {-999.0 -999.0 -999.0 -999.0 -999.0} "" -999.0 -999.0 -999.0 -999.0 -999 -999 "" "" "" "" 0 0 0.0 0.0 -999 ""
FIBERMAP 1395 R+4C20 APOGEE 0 0 0 1 0 0 179.98098461089506 85.19981932276592 143.1 179.98098461089506 85.19981932276592 10.014641 169.99915 -999.0 -999.0 -999.0 -999.0 -999.0 -999.0 -999.0 -999.0 -999.0 -999.0 -999.0 -999.0 16600.0 -999.0 2 -999 {-999.0 -999.0 -999.0 -999.0 -999.0} "" -999.0 -999.0 -999.0 -999.0 -999 -999 "" "" "" "" 0 0 0.0 0.0 -999 ""
FIBERMAP 1395 R+4C20 BOSS 0 0 0 1 0 0 180.7358715800239 85.20351906426194 143.1 180.7358715800239 85.20351906426194 10.014641 169.99915 -999.0 -999.0 -999.0 -999.0 -999.0 -999.0 -999.0 -999.0 -999.0 -999.0 -999.0 -999.0 5400.0 -999.0 1 205 {-999.0 -999.0 -999.0 -999.0 -999.0} "" -999.0 -999.0 -999.0 -999.0 -999 -999 "" "" "" "" 0 0 0.0 0.0 -999 ""
FIBERMAP 1395 R+4C20 METROLOGY 1 0 0 1 0 0 180.35554815896378 84.55455648564451 143.1 180.35554815896378 84.55455648564451 10.014641 169.99915 -999.0 -999.0 -999.0 -999.0 -999.0 -999.0 -999.0 -999.0 -999.0 -999.0 -999.0 -999.0 6231.0 -999.0 -1 -999 {-999.0 -999.0 -999.0 -999.0 -999.0} "" -999.0 -999.0 -999.0 -999.0 -999 -999 "" "" "" "" 0 0 0.0 0.0 -999 ""
FIBERMAP 1396 R0C3 APOGEE 0 0 0 1 0 0 -245.55960656161608 7.509900474086717 143.1 -245.55960656161608 7.509900474086717 10.011445 170.0211 -999.0 -999.0 -999.0 -999.0 -999.0 -999.0 -999.0 -999.0 -999.0 -999.0 -999.0 -999.0 16600.0 -999.0 2 297 {-999.0 -999.0 -999.0 -999.0 -999.0} "" -999.0 -999.0 -999.0 -999.0 -999 -999 "" "" "" "" 0 0 0.0 0.0 -999 ""
FIBERMAP 1396 R0C3 BOSS 0 0 0 1 0 0 -244.81686623077667 7.509053389374582 143.1 -244.81686623077667 7.509053389374582 10.011445 170.0211 -999.0 -999.0 -999.0 -999.0 -999.0 -999.0 -999.0 -999.0 -999.0 -999.0 -999.0 -999.0 5400.0 -999.0 1 422 {-999.0 -999.0 -999.0 -999.0 -999.0} "" -999.0 -999.0 -999.0 -999.0 -999 -999 "" "" "" "" 0 0 0.0 0.0 -999 ""
FIBERMAP 1396 R0C3 METROLOGY 1 0 0 1 0 0 -245.1752940714213 6.862860824611497 143.1 -245.1752940714213 6.862860824611497 10.011445 170.0211 -999.0 -999.0 -999.0 -999.0 -999.0 -999.0 -999.0 -999.0 -999.0 -999.0 -999.0 -999.0 6231.0 -999.0 -1 -999 {-999.0 -999.0 -999.0 -999.0 -999.0} "" -999.0 -999.0 -999.0 -999.0 -999 -999 "" "" "" "" 0 0 0.0 0.0 -999 ""
FIBERMAP 1400 R-5C13 APOGEE 0 0 0 1 0 0 34.28589309894393 -89.52407391399686 143.1 34.28589309894393 -89.52407391399686 9.997487 169.99136 -999.0 -999.0 -999.0 -999.0 -999.0 -999.0 -999.0 -999.0 -999.0 -999.0 -999.0 -999.0 16600.0 -999.0 2 155 {-999.0 -999.0 -999.0 -999.0 -999.0} "" -999.0 -999.0 -999.0 -999.0 -999 -999 "" "" "" "" 0 0 0.0 0.0 -999 ""
FIBERMAP 1400 R-5C13 BOSS 0 0 0 1 0 0 35.03187259576048 -89.49966652613465 143.1 35.03187259576048 -89.49966652613465 9.997487 169.99136 -999.0 -999.0 -999.0 -999.0 -999.0 -999.0 -999.0 -999.0 -999.0 -999.0 -999.0 -999.0 5400.0 -999.0 1 379 {-999.0 -999.0 -999.0 -999.0 -999.0} "" -999.0 -999.0 -999.0 -999.0 -999 -999 "" "" "" "" 0 0 0.0 0.0 -999 ""
FIBERMAP 1400 R-5C13 METROLOGY 1 0 0 1 0 0 34.68604813319676 -90.15768142884984 143.1 34.68604813319676 -90.15768142884984 9.997487 169.99136 -999.0 -999.0 -999.0 -999.0 -999.0 -999.0 -999.0 -999.0 -999.0 -999.0 -999.0 -999.0 6231.0 -999.0 -1 -999 {-999.0 -999.0 -999.0 -999.0 -999.0} "" -999.0 -999.0 -999.0 -999.0 -999 -999 "" "" "" "" 0 0 0.0 0.0 -999 ""
