#%yanny
#
# confSummaryF-27826.par
#
# Created by pydl.pydlutils.yanny.yanny
#
# 2026-10-04 11:39:38 UTC
#
configuration_id 27826
robostrategy_run iota-1
fps_calibrations_version 2025.12.04
jaeger_version 1.11.2a1
coordio_version 1.18.1
kaiju_version 1.4.1
design_id 771772
field_id 103444
focal_scale 0.999916
instruments BOSS APOGEE
epoch 2461317.9891728344
obstime Sun Oct 04 11:39:38 2026
MJD 61317
observatory APO
temperature 7.256996368297372
raCen 99.9675382218294
decCen -4.43271587513788
pa 34.07988
is_dithered 0
parent_configuration -999
dither_radius -999.0
cloned_from -999
rotator_angle 237.77
fvc_centroid_method flex
fvc_rms 0.00715
fvc_90_perc 0.0093
fvc_percent_reached 62.2
fvc_image_path /data/fcam/61317/proc-fimg-fvc1n-0013.fits

typedef enum {
    BOSS,
    APOGEE,
    METROLOGY,
    NONE
} FIBERTYPE;

typedef struct {
    short positionerId;
    char holeId[28];
    FIBERTYPE fiberType;
    short assigned;
    short on_target;
    short disabled;
    short valid;
    short decollided;
    short too;
    double xwok;
    double ywok;
    double zwok;
    double xFocal;
    double yFocal;
    float alpha;
    float beta;
    double racat;
    double deccat;
    float pmra;
    float pmdec;
    float parallax;
    double ra;
    double dec;
    double ra_observed;
    double dec_observed;
    double alt_observed;
    double az_observed;
    float lambda_design;
    float lambda_eff;
    float coord_epoch;
    short spectrographId;
    short fiberId;
    float mag[5];
    char optical_prov[120];
    float bp_mag;
    float gaia_g_mag;
    float rp_mag;
    float h_mag;
    long catalogid;
    long carton_to_target_pk;
    char cadence[400];
    char firstcarton[400];
    char program[400];
    char category[400];
    long sdssv_boss_target0;
    long sdssv_apogee_target0;
    double delta_ra;
    double delta_dec;
    long too_id;
    char too_program[80];
} FIBERMAP;

FIBERMAP 3 R-1C14 APOGEE 0 0 0 1 0 0 -8.199683595023643 -14.308677915279333 143.1 -14.80804424945869 -7.255977583362643 218.18134 51.078205 -999.0 -999.0 -999.0 -999.0 -999.0 99.89989908001175 -4.465834327215292 99.88496881784641 -4.478143170496385 49.444387548870296 153.49925592991067 -999.0 16600.0 -999.0 2 214 {-999.0 -999.0 -999.0 -999.0 -999.0} "" -999.0 -999.0 -999.0 -999.0 -999 -999 "" "" "" "" 0 0 0.0 0.0 -999 ""
FIBERMAP 3 R-1C14 BOSS 1 1 0 1 0 0 -8.220317224996666 -13.571715317113478 143.1 -14.412211804658167 -6.634073263869765 218.18134 51.078205 99.90177573639285 -4.463141258288981 -0.73062634 0.4624515 0.35015228 99.90175887983375 -4.463161522846567 99.8867692025625 -4.475314345062652 49.446332781048575 153.4950606929586 5400.0 5400.0 2016.0 1 263 {-999.0 16.72692 16.10186 15.816592 15.625898} sdss_psfmag_from_ps1dr2 16.5687 16.1152 15.4648 14.369 63050395111244248 1039247352 "" ops_std_boss_ps1dr2 ops_std standard_boss 0 0 0.0 0.0 -999 ""
FIBERMAP 3 R-1C14 METROLOGY 0 0 0 1 0 0 -7.558325277536856 -13.924953054161577 143.1 -14.061877788773247 -7.297535194159034 218.18134 51.078205 -999.0 -999.0 -999.0 -999.0 -999.0 99.90335072356172 -4.4661347890385255 99.88837137310219 -4.478336266208278 49.442931877201836 153.494534221217 -999.0 6231.0 -999.0 -1 -999 {-999.0 -999.0 -999.0 -999.0 -999.0} "" -999.0 -999.0 -999.0 -999.0 -999 -999 "" "" "" "" 0 0 0.0 0.0 -999 ""
FIBERMAP 16 R+7C7 APOGEE 1 1 0 1 0 0 -94.8839637975142 150.50586332527044 143.1 5.746881368575855 177.81067746965365 214.61815 17.223436 99.9914930436232 -3.624637938126586 -0.56141466 -3.1581445 2.1076937 99.99150983678203 -3.624649887764459 99.97878066146228 -3.6375376551875274 50.1862558132135 152.86969752743482 16000.0 16600.0 2016.0 2 102 {-999.0 13.986709 13.275942 13.040246 -999.0} sdss_psfmag_from_g3xp 13.795141 13.325664 12.698611 11.535 63050395111689844 917140532 bright_3x1 mwm_yso_pms_apogee_zari18pms mwm_yso science 0 0 0.0 0.0 -999 ""
FIBERMAP 16 R+7C7 BOSS 0 0 0 1 0 0 -94.43441871816563 151.08952089642526 143.1 6.446213006107481 178.04217481699075 214.61815 17.223436 -999.0 -999.0 -999.0 -999.0 -999.0 99.994757958948 -3.6236989385610907 99.9819647966525 -3.6364382134824216 50.18604976153527 152.86445584780816 -999.0 5400.0 -999.0 1 76 {-999.0 -999.0 -999.0 -999.0 -999.0} "" -999.0 -999.0 -999.0 -999.0 -999 -999 "" "" "" "" 0 0 0.0 0.0 -999 ""
FIBERMAP 16 R+7C7 METROLOGY 0 0 0 1 0 0 -94.142296129738 150.4109441339543 143.1 6.307937994399228 177.31650935723496 214.61815 17.223436 -999.0 -999.0 -999.0 -999.0 -999.0 99.99411898652664 -3.6269426456425817 99.98133600768523 -3.6397234871922777 50.1832578849514 152.86733224460963 -999.0 6231.0 -999.0 -1 -999 {-999.0 -999.0 -999.0 -999.0 -999.0} "" -999.0 -999.0 -999.0 -999.0 -999 -999 "" "" "" "" 0 0 0.0 0.0 -999 ""
FIBERMAP 37 R-9C9 APOGEE 0 0 0 1 0 0 -0.6314384195221212 -162.5486518360673 143.1 -91.59913933062242 -134.2669796143298 72.53229 91.393715 -999.0 -999.0 -999.0 -999.0 -999.0 99.55114575531275 -5.043901430298314 99.53478198771705 -5.055084014473977 49.0381244188849 154.32352921645165 -999.0 16600.0 -999.0 2 167 {-999.0 -999.0 -999.0 -999.0 -999.0} "" -999.0 -999.0 -999.0 -999.0 -999 -999 "" "" "" "" 0 0 0.0 0.0 -999 ""
FIBERMAP 37 R-9C9 BOSS 1 1 0 1 0 0 0.07910659392482344 -162.75335886343902 143.1 -91.12537234698242 -134.83463459172157 72.53229 91.393715 99.55333383039124 -5.0466918378121015 0.74790007 1.2185817 -0.0089833755 99.55334905199224 -5.046685980354282 99.53691214010837 -5.057708027000817 49.03490611362814 154.32198094196002 5400.0 5400.0 2016.0 1 376 {-999.0 16.470816 15.808712 15.587457 -999.0} sdss_psfmag_ps1 16.26079 15.8397455 15.204336 14.118 63050395111142688 1093342077 bright_3x1 mwm_astar_core_boss mwm_ob science 0 0 0.0 0.0 -999 ""
FIBERMAP 37 R-9C9 METROLOGY 0 0 0 1 0 0 -0.4673477648424118 -163.27725524890823 143.1 -91.87147878790364 -134.96234009034393 72.53229 91.393715 -999.0 -999.0 -999.0 -999.0 -999.0 99.54994022818369 -5.047206909179617 99.53352138489242 -5.058266831436317 49.035621387084056 154.3270876205439 -999.0 6231.0 -999.0 -1 -999 {-999.0 -999.0 -999.0 -999.0 -999.0} "" -999.0 -999.0 -999.0 -999.0 -999 -999 "" "" "" "" 0 0 0.0 0.0 -999 ""
FIBERMAP 40 R+12C6 APOGEE 0 0 0 1 0 0 -37.2115345301754 228.99572314081635 143.1 97.48842672287014 210.50107877518482 284.91385 155.88089 -999.0 -999.0 -999.0 -999.0 -999.0 100.4076316136577 -3.47714750318412 100.39516830949117 -3.4911500488931932 50.159602787523035 152.18300868534223 -999.0 16600.0 -999.0 2 -999 {-999.0 -999.0 -999.0 -999.0 -999.0} "" -999.0 -999.0 -999.0 -999.0 -999 -999 "" "" "" "" 0 0 0.0 0.0 -999 ""
FIBERMAP 40 R+12C6 BOSS 1 1 0 1 0 0 -37.309758643631554 228.2466626542353 143.1 96.98737931039459 209.93575126015568 284.91385 155.88089 100.40545141332217 -3.479816074385673 0.94880676 2.3635142 -0.15136172 100.40546242627268 -3.479807589637119 100.39292565622901 -3.493646912657236 50.15818686769576 152.18775346059996 5400.0 5400.0 2016.0 1 156 {-999.0 16.644249 15.954192 15.611064 -999.0} sdss_psfmag_ps1 16.420055 15.95681 15.24459 14.061 63050395111688910 1093342056 bright_3x1 mwm_astar_core_boss mwm_ob science 0 0 0.0 0.0 -999 ""
FIBERMAP 40 R+12C6 METROLOGY 0 0 0 1 0 0 -37.89877767714068 228.70527721218062 143.1 96.75652330541786 210.64559816055765 284.91385 155.88089 -999.0 -999.0 -999.0 -999.0 -999.0 100.40436960809163 -3.476581833141494 100.39186070225804 -3.4904641109334382 50.16153130605254 152.18732633231815 -999.0 6231.0 -999.0 -1 -999 {-999.0 -999.0 -999.0 -999.0 -999.0} "" -999.0 -999.0 -999.0 -999.0 -999 -999 "" "" "" "" 0 0 0.0 0.0 -999 ""
FIBERMAP 52 R+5C17 APOGEE 0 0 0 1 0 0 124.35398244811932 104.52621146626349 143.1 161.5545764875725 16.891636288277798 9.913686 168.05992 -999.0 -999.0 -999.0 -999.0 -999.0 100.70374722801724 -4.353583558134961 100.68887769937498 -4.367974321296268 49.23813877176832 152.29853856916952 -999.0 16600.0 -999.0 2 -999 {-999.0 -999.0 -999.0 -999.0 -999.0} "" -999.0 -999.0 -999.0 -999.0 -999 -999 "" "" "" "" 0 0 0.0 0.0 -999 ""
FIBERMAP 52 R+5C17 BOSS 1 1 0 1 0 0 125.08314136271886 104.49766359696251 143.1 162.14246144464573 16.45944474896727 9.913686 168.05992 100.7065581178312 -4.35570322285865 -0.35777333 1.9739214 0.30336088 100.70654813244882 -4.355695941399363 100.69160297662933 -4.369930997529026 49.235273394257824 152.2958848706034 5400.0 5400.0 2016.0 1 206 {-999.0 16.905088 16.500902 16.41224 -999.0} sdss_psfmag_ps1 16.839937 16.542704 16.071993 15.293 63050395111190571 979704661 "" ops_std_boss ops_std standard_boss 0 0 0.0 0.0 -999 ""
FIBERMAP 52 R+5C17 METROLOGY 0 0 0 1 0 0 124.70781802196373 103.86935351571864 143.1 161.47958047856932 16.149380224738778 9.913686 168.05992 -999.0 -999.0 -999.0 -999.0 -999.0 100.70351723563894 -4.357069698655918 100.688588953737 -4.371342402462998 49.235153147736305 152.30096639566636 -999.0 6231.0 -999.0 -1 -999 {-999.0 -999.0 -999.0 -999.0 -999.0} "" -999.0 -999.0 -999.0 -999.0 -999 -999 "" "" "" "" 0 0 0.0 0.0 -999 ""
FIBERMAP 56 R-8C4 APOGEE 0 0 0 1 0 0 -144.5906322774411 -154.98357106384972 143.1 -206.58563315368698 -47.34117769341535 150.77925 141.29414 -999.0 -999.0 -999.0 -999.0 -999.0 99.0277195981136 -4.649186575929249 99.01255955722218 -4.659203606626589 49.59558902661354 154.84762101461055 -999.0 16600.0 -999.0 2 -999 {-999.0 -999.0 -999.0 -999.0 -999.0} "" -999.0 -999.0 -999.0 -999.0 -999 -999 "" "" "" "" 0 0 0.0 0.0 -999 ""
FIBERMAP 56 R-8C4 BOSS 1 1 0 1 0 0 -144.86226762478583 -154.27108287776377 143.1 -206.41139025502633 -46.59890623755961 150.77925 141.29414 99.02849485042049 -4.646028316912988 -0.6337594 0.7594691 -0.06371384 99.02851288438902 -4.6459930904645725 99.01329857755877 -4.655851263823457 49.59845426991641 154.84470546026893 5400.0 5400.0 2016.0 1 452 {-999.0 16.069605 15.541033 15.289554 -999.0} sdss_psfmag_ps1 15.94655 15.583051 15.028106 14.146 63050395111230880 1093342329 bright_3x1 mwm_astar_core_boss mwm_ob science 0 0 0.0 0.0 -999 ""
FIBERMAP 56 R-8C4 METROLOGY 0 0 0 1 0 0 -144.13964897228968 -154.38920077607742 143.1 -205.8791080484024 -47.10161404669595 150.77925 141.29414 -999.0 -999.0 -999.0 -999.0 -999.0 99.030912926778 -4.648226982988106 99.01570968314098 -4.6581362908593436 49.59545939594353 154.84250879208216 -999.0 6231.0 -999.0 -1 -999 {-999.0 -999.0 -999.0 -999.0 -999.0} "" -999.0 -999.0 -999.0 -999.0 -999 -999 "" "" "" "" 0 0 0.0 0.0 -999 ""
FIBERMAP 59 R+4C8 APOGEE 0 0 0 1 0 0 -78.96021093993882 73.28714370516997 143.1 -24.330998452481154 104.93699623735841 326.5951 124.17635 -999.0 -999.0 -999.0 -999.0 -999.0 99.85520927102914 -3.9551653724661127 99.84164590554735 -3.967571876198954 49.933444696372995 153.2629359047068 -999.0 16600.0 -999.0 2 -999 {-999.0 -999.0 -999.0 -999.0 -999.0} "" -999.0 -999.0 -999.0 -999.0 -999 -999 "" "" "" "" 0 0 0.0 0.0 -999 ""
FIBERMAP 59 R+4C8 BOSS 1 1 0 1 0 0 -78.88429344617882 72.53514690122886 143.1 -24.68946916985993 104.27166516512257 326.5951 124.17635 99.85330692514674 -3.9582866191830033 1.6817566 -8.34566 2.4325643 99.85363384166514 -3.958302118676306 99.8399973656575 -3.9705444291659533 49.93131775472539 153.26705112998744 5400.0 5400.0 2016.0 1 33 {-999.0 13.881639 13.141469 12.871314 -999.0} sdss_psfmag_gaia 13.672351 13.184743 12.522517 11.171 63050395111273830 917251596 bright_3x1 mwm_yso_pms_boss_zari18pms mwm_yso science 0 0 1.0608417987823486 0.0 -999 ""
FIBERMAP 59 R+4C8 METROLOGY 0 0 0 1 0 0 -79.56046339221056 72.84401959834035 143.1 -25.07640300920156 104.90632846849037 326.5951 124.17635 -999.0 -999.0 -999.0 -999.0 -999.0 99.85184622822145 -3.955387991460544 99.83823650420521 -3.96767200998968 49.93464174046658 153.26788440556552 -999.0 6231.0 -999.0 -1 -999 {-999.0 -999.0 -999.0 -999.0 -999.0} "" -999.0 -999.0 -999.0 -999.0 -999 -999 "" "" "" "" 0 0 0.0 0.0 -999 ""
FIBERMAP 63 R+5C19 APOGEE 0 0 0 1 0 0 165.69936249017837 85.93835362270163 143.1 185.3815095362942 -21.66845907738908 243.28511 132.5513 -999.0 -999.0 -999.0 -999.0 -999.0 100.81231483864617 -4.52839672880024 100.7969501218227 -4.5429890685186525 49.0348822048233 152.25202533281177 -999.0 16600.0 -999.0 2 -999 {-999.0 -999.0 -999.0 -999.0 -999.0} "" -999.0 -999.0 -999.0 -999.0 -999 -999 "" "" "" "" 0 0 0.0 0.0 -999 ""
FIBERMAP 63 R+5C19 BOSS 1 1 0 1 0 0 164.9788426012709 85.72286303791431 143.1 184.66404429660156 -21.44321761146963 243.28511 132.5513 100.80917358398438 -4.5275706622435195 -999.0 -999.0 -999.0 100.80918977247273 -4.527557246446518 100.79375838343844 -4.541979044929543 49.03706057281512 152.25588365396567 5400.0 5400.0 2015.5 1 204 {-999.0 -999.0 -999.0 -999.0 -999.0} "" -999.0 -999.0 -999.0 -999.0 27021603131447890 819435049 "" ops_sky_boss_good ops_sky sky_boss 0 0 0.0 0.0 -999 ""
FIBERMAP 63 R+5C19 METROLOGY 0 0 0 1 0 0 165.16291328093052 86.45689409981904 143.1 185.22776776603143 -20.938437205591168 243.28511 132.5513 -999.0 -999.0 -999.0 -999.0 -999.0 100.81170286226015 -4.525205872439274 100.79629674665273 -4.539681200132325 49.038180085174346 152.25095735302432 -999.0 6231.0 -999.0 -1 -999 {-999.0 -999.0 -999.0 -999.0 -999.0} "" -999.0 -999.0 -999.0 -999.0 -999 -999 "" "" "" "" 0 0 0.0 0.0 -999 ""
FIBERMAP 65 R+5C14 APOGEE 1 1 0 1 0 0 51.75328488148525 81.76058315806694 143.1 88.67197338117184 38.71567693183828 274.2609 96.96074 100.37187782275753 -4.255014117285923 -2.3984215 -69.43942 5.851839 100.37184568907999 -4.255181399847773 100.35733474673344 -4.2687734200056004 49.45823152329132 152.70668466886212 16000.0 16600.0 2016.0 2 41 {-999.0 17.161623 15.786983 14.592123 -999.0} sdss_psfmag_ps1 16.59421 15.203872 14.036793 11.803 63050395111253842 1103779116 bright_flexible_5x1 mwm_tess_2min_apogee mwm_planet science 0 0 0.0 0.0 -999 ""
FIBERMAP 65 R+5C14 BOSS 0 0 0 1 0 0 51.02427401158992 81.61866285808367 143.1 87.98869752860497 39.006605900253334 274.2609 96.96074 -999.0 -999.0 -999.0 -999.0 -999.0 100.36883730773653 -4.254006224061431 100.3542626744997 -4.267430084362885 49.460654860390186 152.71023233875675 -999.0 5400.0 -999.0 1 159 {-999.0 -999.0 -999.0 -999.0 -999.0} "" -999.0 -999.0 -999.0 -999.0 -999 -999 "" "" "" "" 0 0 0.0 0.0 -999 ""
FIBERMAP 65 R+5C14 METROLOGY 0 0 0 1 0 0 51.254222087324386 82.3147549800908 143.1 88.56915885775983 39.454260591261644 274.2609 96.96074 -999.0 -999.0 -999.0 -999.0 -999.0 100.37144843709261 -4.251919970792453 100.35689773747248 -4.265396946828692 49.46151388429288 152.70529438447127 -999.0 6231.0 -999.0 -1 -999 {-999.0 -999.0 -999.0 -999.0 -999.0} "" -999.0 -999.0 -999.0 -999.0 -999 -999 "" "" "" "" 0 0 0.0 0.0 -999 ""
FIBERMAP 71 R-4C9 APOGEE 1 1 0 1 0 0 -66.63900444439429 -57.58817690514275 143.1 -87.4563154754744 -10.355905017975255 141.2042 52.289616 99.5681814954143 -4.480670350602179 -0.00830331 1.0170833 0.23841526 99.56816366789751 -4.48066648419762 99.55329186141142 -4.492127302469482 49.554815046120304 153.97964679424118 16000.0 16600.0 2016.0 2 270 {-999.0 14.85394 13.587017 12.981233 -999.0} sdss_psfmag_from_g3xp 14.367222 13.495689 12.576282 10.499 63050395111246814 1104010008 bright_flexible_2x1 mwm_tess_rgb_apogee mwm_tessrgb science 0 0 0.0 0.0 -999 ""
FIBERMAP 71 R-4C9 BOSS 0 0 0 1 0 0 -65.91027965009474 -57.41993077800835 143.1 -86.758526157019 -10.62487097472934 141.2042 52.289616 -999.0 -999.0 -999.0 -999.0 -999.0 99.57137001515835 -4.482052553234362 99.55642897592173 -4.49335925218655 49.55251323168493 153.97587086179269 -999.0 5400.0 -999.0 1 462 {-999.0 -999.0 -999.0 -999.0 -999.0} "" -999.0 -999.0 -999.0 -999.0 -999 -999 "" "" "" "" 0 0 0.0 0.0 -999 ""
FIBERMAP 71 R-4C9 METROLOGY 0 0 0 1 0 0 -66.13028971042787 -58.13177414526638 143.1 -87.33958238538837 -11.091138932537856 141.2042 52.289616 -999.0 -999.0 -999.0 -999.0 -999.0 99.56871425395263 -4.484134088423901 99.55378678782068 -4.4954789926745775 49.551518673339835 153.98085188653076 -999.0 6231.0 -999.0 -1 -999 {-999.0 -999.0 -999.0 -999.0 -999.0} "" -999.0 -999.0 -999.0 -999.0 -999 -999 "" "" "" "" 0 0 0.0 0.0 -999 ""
FIBERMAP 78 R-5C11 APOGEE 1 1 0 1 0 0 2.7922474457422375 -91.40233081548914 143.1 -48.90032264429558 -77.26277487828172 38.22562 100.765015 99.7450051481419 -4.785015337813427 -1.2132081 -1.369814 0.31440687 99.7449927894121 -4.7849649905904785 99.72926069285444 -4.796747970492951 49.20688518337227 153.90283694715146 16000.0 16600.0 2016.0 2 160 {-999.0 14.856068 13.6488695 13.098633 -999.0} sdss_psfmag_from_g3xp 14.399436 13.587622 12.70363 10.789 63050395111211787 1107608661 bright_flexible_2x1 mwm_tess_rgb_apogee mwm_tessrgb science 0 0 0.0 0.0 -999 ""
FIBERMAP 78 R-5C11 BOSS 0 0 0 1 0 0 3.3519932541786304 -91.88146303870182 143.1 -48.70520643147134 -77.97321243384373 38.22562 100.765015 -999.0 -999.0 -999.0 -999.0 -999.0 99.74593542565948 -4.788397778790633 99.73012829616579 -4.800018107267962 49.20352776095072 153.903466116406 -999.0 5400.0 -999.0 1 366 {-999.0 -999.0 -999.0 -999.0 -999.0} "" -999.0 -999.0 -999.0 -999.0 -999 -999 "" "" "" "" 0 0 0.0 0.0 -999 ""
FIBERMAP 78 R-5C11 METROLOGY 0 0 0 1 0 0 2.651965259449213 -92.13364259660375 143.1 -49.42625741115122 -77.78983795096185 38.22562 100.765015 -999.0 -999.0 -999.0 -999.0 -999.0 99.74262533570023 -4.7875149440220826 99.72684013531472 -4.799173613631052 49.20552810063944 153.9076431720792 -999.0 6231.0 -999.0 -1 -999 {-999.0 -999.0 -999.0 -999.0 -999.0} "" -999.0 -999.0 -999.0 -999.0 -999 -999 "" "" "" "" 0 0 0.0 0.0 -999 ""
FIBERMAP 86 R-12C11 APOGEE 0 0 0 1 0 0 47.54145896468509 -223.78856148640864 143.1 -86.0157331125288 -211.9764402600125 223.09885 31.652958 -999.0 -999.0 -999.0 -999.0 -999.0 99.57839495127556 -5.394538468917684 99.56108942918581 -5.40564257224709 48.70216969228308 154.48087926562235 -999.0 16600.0 -999.0 2 -999 {-999.0 -999.0 -999.0 -999.0 -999.0} "" -999.0 -999.0 -999.0 -999.0 -999 -999 "" "" "" "" 0 0 0.0 0.0 -999 ""
FIBERMAP 86 R-12C11 BOSS 1 1 0 1 0 0 47.74761873742453 -223.06967022538097 143.1 -85.44219857768616 -211.49657499259288 223.09885 31.652958 99.58105979524878 -5.392574518805703 -999.0 -999.0 -999.0 99.58104164988093 -5.3925898044867395 99.56367499233482 -5.4035344209634335 48.703196561212174 154.4760839392211 5400.0 5400.0 2016.0 1 407 {-999.0 20.992647 20.47237 20.010292 19.610167} sdss_psfmag_from_gaiadr2 21.10877 20.653662 19.754892 -999.0 63050395111128294 1056423351 dark_flexible_2x2 bhm_gua_dark bhm_filler science 0 0 0.0 0.0 -999 ""
FIBERMAP 86 R-12C11 METROLOGY 0 0 0 1 0 0 48.26285159929479 -223.59815495489596 143.1 -85.3115996985466 -212.22294502779735 223.09885 31.652958 -999.0 -999.0 -999.0 -999.0 -999.0 99.58163932331328 -5.395797634588285 99.5642825153954 -5.406789732364143 48.69994437090273 154.47702545922155 -999.0 6231.0 -999.0 -1 -999 {-999.0 -999.0 -999.0 -999.0 -999.0} "" -999.0 -999.0 -999.0 -999.0 -999 -999 "" "" "" "" 0 0 0.0 0.0 -999 ""
FIBERMAP 97 R-4C15 APOGEE 1 1 0 1 0 0 88.27171244414896 -83.40362953301255 143.1 26.37439016013452 -118.53258881277675 58.6493 22.790012 100.08948560909622 -4.9716868703311565 -2.7427068 0.20649008 0.87096053 100.0893925943317 -4.971728096489717 100.07306306195261 -4.984306047367766 48.9048906924775 153.524966687272 16000.0 16600.0 2016.0 2 191 {-999.0 13.0356045 12.53518 12.342983 -999.0} sdss_psfmag_from_g3xp 12.916942 12.558351 11.996646 11.066 63050395111173723 1104079922 bright_flexible_3x1 mwm_tess_rgb_apogee mwm_tessrgb science 0 0 0.0 0.0 -999 ""
FIBERMAP 97 R-4C15 BOSS 0 0 0 1 0 0 88.17026149451605 -84.13576196402049 143.1 25.880155130310357 -119.08208872246946 58.6493 22.790012 -999.0 -999.0 -999.0 -999.0 -999.0 100.0872204269156 -4.974447508836726 100.07081705094953 -4.986853830405064 48.90337203819565 153.5295789315484 -999.0 5400.0 -999.0 1 314 {-999.0 -999.0 -999.0 -999.0 -999.0} "" -999.0 -999.0 -999.0 -999.0 -999 -999 "" "" "" "" 0 0 0.0 0.0 -999 ""
FIBERMAP 97 R-4C15 METROLOGY 0 0 0 1 0 0 87.5772160064726 -83.68076265975911 143.1 25.643938835032365 -118.3729799033414 58.6493 22.790012 -999.0 -999.0 -999.0 -999.0 -999.0 100.08611290951956 -4.9711756212671645 100.06973761989804 -4.9836272798210635 48.90676609872654 153.52924786824752 -999.0 6231.0 -999.0 -1 -999 {-999.0 -999.0 -999.0 -999.0 -999.0} "" -999.0 -999.0 -999.0 -999.0 -999 -999 "" "" "" "" 0 0 0.0 0.0 -999 ""
FIBERMAP 103 R-8C3 APOGEE 0 0 0 1 0 0 -166.95453848169555 -172.81624189962832 143.1 -235.09880784743592 -49.579452825510394 292.2338 53.33251 -999.0 -999.0 -999.0 -999.0 -999.0 98.89940649209463 -4.659184580656034 98.88425773344005 -4.668870886964062 49.63225303814979 155.03728378758277 -999.0 16600.0 -999.0 2 267 {-999.0 -999.0 -999.0 -999.0 -999.0} "" -999.0 -999.0 -999.0 -999.0 -999 -999 "" "" "" "" 0 0 0.0 0.0 -999 ""
FIBERMAP 103 R-8C3 BOSS 1 1 0 1 0 0 -167.6751330713819 -172.6537977741778 143.1 -235.6045777161539 -49.04116867004655 292.2338 53.33251 98.89714235865044 -4.656889219718822 0.42464703 -1.1434462 0.16160059 98.89716035887201 -4.65691163033703 98.88195631672528 -4.666430999193762 49.63534972568951 155.03925201709237 5400.0 5400.0 2016.0 1 476 {-999.0 19.903984 19.279484 18.873121 18.506998} sdss_psfmag_from_gdr3 20.291168 19.785196 18.979914 -999.0 63050395111227433 1059269279 dark_flexible_2x1 bhm_spiders_agn_gaiadr3 bhm_spiders science 0 0 0.0 0.0 -999 ""
FIBERMAP 103 R-8C3 METROLOGY 0 0 0 1 0 0 -167.17415685418936 -172.0936452240087 143.1 -234.875821338147 -48.85795481281875 292.2338 53.33251 -999.0 -999.0 -999.0 -999.0 -999.0 98.9004185865005 -4.656039457572156 98.885233459515 -4.66561344078408 49.63495069672167 155.0340898084486 -999.0 6231.0 -999.0 -1 -999 {-999.0 -999.0 -999.0 -999.0 -999.0} "" -999.0 -999.0 -999.0 -999.0 -999 -999 "" "" "" "" 0 0 0.0 0.0 -999 ""
FIBERMAP 107 R-3C24 APOGEE 0 0 0 1 0 0 275.5531547356959 -66.0015236418268 143.1 191.2289746239695 -209.05438056617587 25.04493 59.313534 -999.0 -999.0 -999.0 -999.0 -999.0 100.83800426492856 -5.374743325556806 100.82038452789641 -5.389044548624462 48.24668993613244 152.71876013474022 -999.0 16600.0 -999.0 2 222 {-999.0 -999.0 -999.0 -999.0 -999.0} "" -999.0 -999.0 -999.0 -999.0 -999 -999 "" "" "" "" 0 0 0.0 0.0 -999 ""
FIBERMAP 107 R-3C24 BOSS 1 1 0 1 0 0 275.478481708759 -66.74104775287461 143.1 190.75277517072698 -209.62500587328336 25.04493 59.313534 100.83591801010192 -5.377473324917668 0.31191927 0.8683157 0.11695754 100.8359116766737 -5.377484588620967 100.8182144022665 -5.391611339215237 48.24515962472582 152.7232436177205 5400.0 5400.0 2016.0 1 253 {-999.0 14.642375 14.557823 14.417195 -999.0} sdss_psfmag_ps1 14.557587 14.419354 14.144843 13.752 63050395110230301 1068387650 bright_3x1 mwm_ob_core_boss mwm_ob science 0 0 0.0 0.0 -999 ""
FIBERMAP 107 R-3C24 METROLOGY 0 0 0 1 0 0 274.86915023698134 -66.30091237811314 143.1 190.49474274974452 -208.91908212127237 25.04493 59.313534 -999.0 -999.0 -999.0 -999.0 -999.0 100.83474621667081 -5.374292911512118 100.81707785761279 -5.3884657050076035 48.24849803302806 152.722981876586 -999.0 6231.0 -999.0 -1 -999 {-999.0 -999.0 -999.0 -999.0 -999.0} "" -999.0 -999.0 -999.0 -999.0 -999 -999 "" "" "" "" 0 0 0.0 0.0 -999 ""
FIBERMAP 110 R-1C13 APOGEE 1 1 0 1 0 0 -31.231976827955602 -14.326829333842301 143.1 -33.89327379801074 5.634009075718704 220.33533 48.305748 99.81253458227776 -4.407316834168137 -0.44711956 0.9512433 0.13430682 99.81254025969888 -4.407304641234541 99.79779105271041 -4.4194161826260485 49.531469460383555 153.5892784701996 16000.0 16600.0 2016.0 2 162 {-999.0 15.309148 13.930848 13.276401 -999.0} sdss_psfmag_from_g3xp 14.750968 13.811003 12.857499 10.653 63050395111248207 1105603974 bright_flexible_2x1 mwm_tess_rgb_apogee mwm_tessrgb science 0 0 0.0 0.0 -999 ""
FIBERMAP 110 R-1C13 BOSS 0 0 0 1 0 0 -31.221702818015597 -13.587653005262542 143.1 -33.470603673975084 6.240429194338623 220.33533 48.305748 -999.0 -999.0 -999.0 -999.0 -999.0 99.81451155536182 -4.404694668730004 99.79970315177917 -4.416650856167965 49.533317566772986 153.58495712345794 -999.0 5400.0 -999.0 1 346 {-999.0 -999.0 -999.0 -999.0 -999.0} "" -999.0 -999.0 -999.0 -999.0 -999 -999 "" "" "" "" 0 0 0.0 0.0 -999 ""
FIBERMAP 110 R-1C13 METROLOGY 0 0 0 1 0 0 -30.577275307992757 -13.953986120292129 143.1 -33.142153661901254 5.575963208369008 220.33533 48.305748 -999.0 -999.0 -999.0 -999.0 -999.0 99.8160045133821 -4.407674101635285 99.80120633141973 -4.4196785777502905 49.52994872152982 153.5845669730671 -999.0 6231.0 -999.0 -1 -999 {-999.0 -999.0 -999.0 -999.0 -999.0} "" -999.0 -999.0 -999.0 -999.0 -999 -999 "" "" "" "" 0 0 0.0 0.0 -999 ""
FIBERMAP 114 R-12C15 APOGEE 0 0 0 1 0 0 149.23871207884883 -250.18332726768068 143.1 -16.580347283455136 -290.8173412553816 289.1713 68.25423 -999.0 -999.0 -999.0 -999.0 -999.0 99.89572229389721 -5.746537414453111 99.87738554970417 -5.758296957214035 48.25883274044991 154.2333870382601 -999.0 16600.0 -999.0 2 236 {-999.0 -999.0 -999.0 -999.0 -999.0} "" -999.0 -999.0 -999.0 -999.0 -999 -999 "" "" "" "" 0 0 0.0 0.0 -999 ""
FIBERMAP 114 R-12C15 BOSS 1 1 0 1 0 0 148.49633905759606 -250.13815029057952 143.1 -17.169858692053236 -290.36397381684577 289.1713 68.25423 99.89308621718477 -5.744664489556152 -0.2678699 0.94295764 0.10568831 99.89310779044052 -5.74468274525063 99.87470951160122 -5.756267060141638 48.261698838628725 154.23598656552716 5400.0 5400.0 2016.0 1 258 {-999.0 16.0633 15.600879 15.358331 -999.0} sdss_psfmag_ps1 15.89037 15.595104 15.107789 14.314 63050395111103227 1093341896 bright_3x1 mwm_astar_core_boss mwm_ob science 0 0 0.0 0.0 -999 ""
FIBERMAP 114 R-12C15 METROLOGY 0 0 0 1 0 0 148.91135678038737 -249.50979136577186 143.1 -16.474075964513432 -290.0761096472555 289.1713 68.25423 -999.0 -999.0 -999.0 -999.0 -999.0 99.89624214525972 -5.743355949586414 99.87786554412531 -5.754996781198363 48.261726640993174 154.23089859321783 -999.0 6231.0 -999.0 -1 -999 {-999.0 -999.0 -999.0 -999.0 -999.0} "" -999.0 -999.0 -999.0 -999.0 -999 -999 "" "" "" "" 0 0 0.0 0.0 -999 ""
FIBERMAP 115 R-11C13 APOGEE 1 1 0 1 0 0 98.20102462691443 -191.8538890766458 143.1 -26.16707745268753 -213.91315188447155 167.82642 26.429298 99.85088782790045 -5.403343322162482 -4.9169173 1.9367021 1.1379141 99.85084954113795 -5.403334983365139 99.83344103546568 -5.415126502305298 48.59400358380204 154.10428426513587 16000.0 16600.0 2016.0 2 166 {-999.0 12.6758795 12.202257 12.046031 -999.0} sdss_psfmag_gaia 12.491659 12.234444 11.624215 10.725 63050395111111738 1109856436 bright_flexible_2x1 mwm_tess_rgb_apogee mwm_tessrgb science 0 0 0.0 0.0 -999 ""
FIBERMAP 115 R-11C13 BOSS 0 0 0 1 0 0 98.91628633712779 -191.66579389881784 143.1 -25.46931664820195 -214.15813572294277 167.82642 26.429298 -999.0 -999.0 -999.0 -999.0 -999.0 99.8540943734761 -5.404642211520661 99.83661472042462 -5.416274075388141 48.59177136630178 154.10048432199017 -999.0 5400.0 -999.0 1 395 {-999.0 -999.0 -999.0 -999.0 -999.0} "" -999.0 -999.0 -999.0 -999.0 -999 -999 "" "" "" "" 0 0 0.0 0.0 -999 ""
FIBERMAP 115 R-11C13 METROLOGY 0 0 0 1 0 0 98.7252040553696 -192.38462454155206 143.1 -26.03033022771768 -214.6463987219604 167.82642 26.429298 -999.0 -999.0 -999.0 -999.0 -999.0 99.85152866459106 -5.406782421438335 99.83406297072804 -5.418454286707722 48.59068209165783 154.10527014088373 -999.0 6231.0 -999.0 -1 -999 {-999.0 -999.0 -999.0 -999.0 -999.0} "" -999.0 -999.0 -999.0 -999.0 -999 -999 "" "" "" "" 0 0 0.0 0.0 -999 ""
FIBERMAP 117 R-1C9 APOGEE 0 0 0 1 0 0 -121.66267497396753 -15.156508895019547 143.1 -109.2517256011533 55.615299212805475 230.45074 38.965668 -999.0 -999.0 -999.0 -999.0 -999.0 99.4683542458717 -4.180602943161699 99.4543080745392 -4.191934372363848 49.87021957811396 153.9496038486178 -999.0 16600.0 -999.0 2 244 {-999.0 -999.0 -999.0 -999.0 -999.0} "" -999.0 -999.0 -999.0 -999.0 -999 -999 "" "" "" "" 0 0 0.0 0.0 -999 ""
FIBERMAP 117 R-1C9 BOSS 1 1 0 1 0 0 -121.6764434455213 -14.414208350539326 143.1 -108.84721666014805 56.237777797285474 230.45074 38.965668 99.47022851777841 -4.177890264631166 0.40748397 2.8139467 0.22898611 99.47020913248157 -4.177901113838488 99.45610567681894 -4.189078516812004 49.87220854268015 153.9453791128178 5400.0 5400.0 2016.0 1 481 {-999.0 17.349678 16.605211 16.164377 -999.0} sdss_psfmag_ps1 16.977968 16.490755 15.715798 -999.0 63050395111267739 1076099263 bright_1x1 mwm_halo_mp_xp_boss_single mwm_halo science 0 0 0.0 0.0 -999 ""
FIBERMAP 117 R-1C9 METROLOGY 0 0 0 1 0 0 -121.01902723458537 -14.77046812402182 143.1 -108.50236546280554 55.57437684419087 230.45074 38.965668 -999.0 -999.0 -999.0 -999.0 -999.0 99.47177253063452 -4.180873231816493 99.45767883263 -4.1920986690043485 49.86882209251192 153.94485323489752 -999.0 6231.0 -999.0 -1 -999 {-999.0 -999.0 -999.0 -999.0 -999.0} "" -999.0 -999.0 -999.0 -999.0 -999 -999 "" "" "" "" 0 0 0.0 0.0 -999 ""
FIBERMAP 119 R0C6 APOGEE 0 0 0 1 0 0 -197.37415741361036 -8.97416064028607 143.1 -168.4910587479733 103.15667084412247 256.07797 56.57729 -999.0 -999.0 -999.0 -999.0 -999.0 99.19953353819304 -3.9658241363341133 99.1861364801992 -3.9765605158491053 50.169004290386745 154.213107260438 -999.0 16600.0 -999.0 2 -999 {-999.0 -999.0 -999.0 -999.0 -999.0} "" -999.0 -999.0 -999.0 -999.0 -999 -999 "" "" "" "" 0 0 0.0 0.0 -999 ""
FIBERMAP 119 R0C6 BOSS 1 1 0 1 0 0 -197.89370467522195 -8.46031038689074 143.1 -168.6334304726092 103.87333815086426 256.07797 56.57729 99.19890455418728 -3.96271883796839 0.464093 0.9558113 0.20958905 99.19891563308485 -3.962712916062601 99.18546441648499 -3.9732905906878346 50.172292287569945 154.21220904106158 5400.0 5400.0 2016.0 1 494 {-999.0 14.563691 14.019107 13.75933 -999.0} sdss_psfmag_from_g3xp 14.426114 14.000083 13.385962 12.343 63050395111470382 1093136235 bright_3x1 mwm_astar_core_boss mwm_ob science 0 0 0.0 0.0 -999 ""
FIBERMAP 119 R0C6 METROLOGY 0 0 0 1 0 0 -197.1645217134345 -8.258119542496585 143.1 -167.91624244280746 103.6322280757386 256.07797 56.57729 -999.0 -999.0 -999.0 -999.0 -999.0 99.20214849687217 -3.963748599782885 99.18871130221305 -3.9743789586197917 50.1700918950208 154.20812739304955 -999.0 6231.0 -999.0 -1 -999 {-999.0 -999.0 -999.0 -999.0 -999.0} "" -999.0 -999.0 -999.0 -999.0 -999 -999 "" "" "" "" 0 0 0.0 0.0 -999 ""
FIBERMAP 120 R-7C13 APOGEE 1 1 0 1 0 0 54.98290049900006 -149.5583852124006 143.1 -38.26157354705583 -154.66937784854395 271.16077 113.23323 99.79469690834985 -5.136199777001293 0.69145745 0.1720623 0.8528187 99.79473005123617 -5.1362039219938636 99.77804928835985 -5.147965833134188 48.862648858716305 154.03242514741177 16000.0 16600.0 2016.0 2 163 {-999.0 13.9365015 20.360369 16.629198 -999.0} sdss_psfmag_ps1 13.932915 13.334182 12.585663 11.051 63050395111137582 1105011483 bright_flexible_3x1 mwm_tess_rgb_apogee mwm_tessrgb science 0 0 0.0 0.0 -999 ""
FIBERMAP 120 R-7C13 BOSS 0 0 0 1 0 0 54.298484692896025 -149.86513497755607 143.1 -39.00027045359196 -154.53994526036954 271.16077 113.23323 -999.0 -999.0 -999.0 -999.0 -999.0 99.79141014504901 -5.135843213497012 99.77466513849191 -5.147431171181891 48.86439156285126 154.03688529542882 -999.0 5400.0 -999.0 1 354 {-999.0 -999.0 -999.0 -999.0 -999.0} "" -999.0 -999.0 -999.0 -999.0 -999 -999 "" "" "" "" 0 0 0.0 0.0 -999 ""
FIBERMAP 120 R-7C13 METROLOGY 0 0 0 1 0 0 54.3663151438455 -149.1332848317071 143.1 -38.534037668035886 -153.9718415330471 271.16077 113.23323 -999.0 -999.0 -999.0 -999.0 -999.0 99.7935121168855 -5.133212604197496 99.7767922451734 -5.14485396306789 48.86600311160361 154.0324447361196 -999.0 6231.0 -999.0 -1 -999 {-999.0 -999.0 -999.0 -999.0 -999.0} "" -999.0 -999.0 -999.0 -999.0 -999 -999 "" "" "" "" 0 0 0.0 0.0 -999 ""
FIBERMAP 124 R-6C12 APOGEE 0 0 0 1 0 0 6.82745432963366 -124.98706256402015 143.1 -64.37597684412394 -107.3381636189866 240.56113 80.943924 -999.0 -999.0 -999.0 -999.0 -999.0 99.67478793013076 -4.9217407467895695 99.65871285411163 -4.93328837876678 49.10605148811335 154.0799514211355 -999.0 16600.0 -999.0 2 -999 {-999.0 -999.0 -999.0 -999.0 -999.0} "" -999.0 -999.0 -999.0 -999.0 -999 -999 "" "" "" "" 0 0 0.0 0.0 -999 ""
FIBERMAP 124 R-6C12 BOSS 1 1 0 1 0 0 6.246523671801263 -124.52929969034459 143.1 -64.60061135643053 -106.63355399878316 240.56113 80.943924 99.67378582146532 -4.9187353731905405 -0.27529827 0.6470367 0.14396414 99.67378903912736 -4.918753252327239 99.65765673769977 -4.9301352885843235 49.10937034079701 154.0796683765553 5400.0 5400.0 2016.0 1 378 {-999.0 16.399183 15.693943 15.359831 -999.0} sdss_psfmag_ps1 16.219603 15.677732 14.964833 13.638 63050395111210767 1093342306 bright_3x1 mwm_astar_core_boss mwm_ob science 0 0 0.0 0.0 -999 ""
FIBERMAP 124 R-6C12 METROLOGY 0 0 0 1 0 0 6.930066927450472 -124.2480546917474 143.1 -63.876927434332046 -106.78362042696882 240.56113 80.943924 -999.0 -999.0 -999.0 -999.0 -999.0 99.6770808308025 -4.919376650456603 99.66096444678118 -4.930813339203869 49.107524231547714 154.07537161862024 -999.0 6231.0 -999.0 -1 -999 {-999.0 -999.0 -999.0 -999.0 -999.0} "" -999.0 -999.0 -999.0 -999.0 -999 -999 "" "" "" "" 0 0 0.0 0.0 -999 ""
FIBERMAP 126 R-7C19 APOGEE 0 0 0 1 0 0 177.55394880352148 -125.60195373158838 143.1 76.67306195109839 -203.50565301924524 164.84966 90.91368 -999.0 -999.0 -999.0 -999.0 -999.0 100.31922237275158 -5.354772482824396 100.30180668564628 -5.367770889106137 48.46383078289102 153.42439012782364 -999.0 16600.0 -999.0 2 -999 {-999.0 -999.0 -999.0 -999.0 -999.0} "" -999.0 -999.0 -999.0 -999.0 -999 -999 "" "" "" "" 0 0 0.0 0.0 -999 ""
FIBERMAP 126 R-7C19 BOSS 1 1 0 1 0 0 177.71336422335744 -124.87783403900612 143.1 77.2108128892379 -202.99526671696194 164.84966 90.91368 100.32176736254837 -5.352652497561733 -0.57068104 -0.09814021 0.051852625 100.32175378026636 -5.3526691490582445 100.30427431658217 -5.3655074293853104 48.464998037591236 153.41966981578958 5400.0 5400.0 2016.0 1 320 {-999.0 16.640776 15.953381 15.785644 -999.0} sdss_psfmag_ps1 16.432362 15.959632 15.311442 14.129 63050395111116791 1093341973 bright_3x1 mwm_astar_core_boss mwm_ob science 0 0 0.0 0.0 -999 ""
FIBERMAP 126 R-7C19 METROLOGY 0 0 0 1 0 0 178.2686087189651 -125.38765677461066 143.1 77.38500524253988 -203.72859968326682 164.84966 90.91368 -999.0 -999.0 -999.0 -999.0 -999.0 100.3225229061525 -5.355905750069794 100.30505404847435 -5.368792037901151 48.46166362907354 153.4204578243292 -999.0 6231.0 -999.0 -1 -999 {-999.0 -999.0 -999.0 -999.0 -999.0} "" -999.0 -999.0 -999.0 -999.0 -999 -999 "" "" "" "" 0 0 0.0 0.0 -999 ""
FIBERMAP 129 R-6C21 APOGEE 0 0 0 1 0 0 212.32646812758972 -129.188189768374 143.1 103.46185869464135 -225.95881031451168 256.84775 84.39296 -999.0 -999.0 -999.0 -999.0 -999.0 100.44086308212952 -5.454650060782464 100.4231460536356 -5.467913851841898 48.325407423265105 153.3131109249946 -999.0 16600.0 -999.0 2 194 {-999.0 -999.0 -999.0 -999.0 -999.0} "" -999.0 -999.0 -999.0 -999.0 -999 -999 "" "" "" "" 0 0 0.0 0.0 -999 ""
FIBERMAP 129 R-6C21 BOSS 1 1 0 1 0 0 211.61548853520014 -128.98012921464942 143.1 102.98961078265094 -225.38813449316808 256.84775 84.39296 100.43879482535877 -5.45228239652988 -0.35617727 0.93184566 0.11347792 100.43880394666216 -5.4523012172236855 100.42102452818364 -5.465392679692429 48.32854130545014 153.31461127912846 5400.0 5400.0 2016.0 1 333 {-999.0 14.32242 14.127496 14.084201 -999.0} sdss_psfmag_from_g3xp 14.317583 14.105001 13.7355175 13.185 63050395111115054 1068444865 bright_3x1 mwm_ob_core_boss mwm_ob science 0 0 0.0 0.0 -999 ""
FIBERMAP 129 R-6C21 METROLOGY 0 0 0 1 0 0 212.1576197687995 -128.4642328145702 143.1 103.72765446429858 -225.26463223129318 256.84775 84.39296 -999.0 -999.0 -999.0 -999.0 -999.0 100.44213228163828 -5.451667185585701 100.42437319736285 -5.464814977946755 48.327811141079216 153.3096427330521 -999.0 6231.0 -999.0 -1 -999 {-999.0 -999.0 -999.0 -999.0 -999.0} "" -999.0 -999.0 -999.0 -999.0 -999 -999 "" "" "" "" 0 0 0.0 0.0 -999 ""
FIBERMAP 130 R-9C15 APOGEE 0 0 0 1 0 0 110.3981396842073 -187.7510034891998 143.1 -13.766726856263862 -217.34925007380767 261.00897 75.93804 -999.0 -999.0 -999.0 -999.0 -999.0 99.9073938235419 -5.418684837834835 99.88992792647366 -5.430613200641416 48.55884141353137 154.0339457287903 -999.0 16600.0 -999.0 2 -999 {-999.0 -999.0 -999.0 -999.0 -999.0} "" -999.0 -999.0 -999.0 -999.0 -999 -999 "" "" "" "" 0 0 0.0 0.0 -999 ""
FIBERMAP 130 R-9C15 BOSS 1 1 0 1 0 0 109.71872130505349 -187.4785856762614 143.1 -14.176776719611333 -216.74295815221097 261.00897 75.93804 99.90556975004348 -5.416154581404258 -0.6356762 0.75672364 0.1550943 99.90558173887293 -5.416175270499598 99.88805610984627 -5.427932661614123 48.56202104290235 154.0350638183113 5400.0 5400.0 2016.0 1 265 {-999.0 14.994811 14.681954 14.526683 -999.0} sdss_psfmag_ps1 14.901828 14.618284 14.154944 13.36 63050395111119562 1093341974 bright_3x1 mwm_astar_core_boss mwm_ob science 0 0 0.0 0.0 -999 ""
FIBERMAP 130 R-9C15 METROLOGY 0 0 0 1 0 0 110.29243130505685 -187.01243208500847 143.1 -13.44045084665147 -216.67834588483709 261.00897 75.93804 -999.0 -999.0 -999.0 -999.0 -999.0 99.90891688187037 -5.415822860469594 99.89141018154237 -5.427636304841817 48.56106145810245 154.03021068330668 -999.0 6231.0 -999.0 -1 -999 {-999.0 -999.0 -999.0 -999.0 -999.0} "" -999.0 -999.0 -999.0 -999.0 -999 -999 "" "" "" "" 0 0 0.0 0.0 -999 ""
FIBERMAP 136 R-10C12 APOGEE 0 0 0 1 0 0 81.72776817059913 -186.61323979727013 143.1 -36.87368231680627 -200.34292735931436 51.80413 91.11201 -999.0 -999.0 -999.0 -999.0 -999.0 99.80183469322559 -5.342355854207689 99.78460295140349 -5.3540488716251 48.66870393434989 154.13860460747387 -999.0 16600.0 -999.0 2 -999 {-999.0 -999.0 -999.0 -999.0 -999.0} "" -999.0 -999.0 -999.0 -999.0 -999 -999 "" "" "" "" 0 0 0.0 0.0 -999 ""
FIBERMAP 136 R-10C12 BOSS 1 1 0 1 0 0 82.30510232619821 -187.03214854870288 143.1 -36.63025637521807 -201.0133433536962 51.80413 91.11201 99.8030056714957 -5.345582604020873 0.14737552 -2.4483101 -0.83480597 99.80301419726244 -5.345586870321856 99.78570706324223 -5.357114578866543 48.66544886669714 154.13876725301404 5400.0 5400.0 2016.0 1 369 {-999.0 15.513502 14.876425 14.671952 -999.0} sdss_psfmag_ps1 15.326194 14.93903 14.2649145 13.208 63050395111127785 1093341992 bright_3x1 mwm_astar_core_boss mwm_ob science 0 0 0.0 0.0 -999 ""
FIBERMAP 136 R-10C12 METROLOGY 0 0 0 1 0 0 81.64032862890545 -187.35419614352827 143.1 -37.36125732203896 -200.9075857334657 51.80413 91.11201 -999.0 -999.0 -999.0 -999.0 -999.0 99.79966395224092 -5.345056612718973 99.78237804814688 -5.356623361392715 48.667126484002104 154.1431589313736 -999.0 6231.0 -999.0 -1 -999 {-999.0 -999.0 -999.0 -999.0 -999.0} "" -999.0 -999.0 -999.0 -999.0 -999 -999 "" "" "" "" 0 0 0.0 0.0 -999 ""
FIBERMAP 138 R-2C24 APOGEE 0 0 0 1 0 0 245.9781367101545 -48.43039554910317 143.1 176.5804344507257 -177.9312750463557 233.79805 146.56747 -999.0 -999.0 -999.0 -999.0 -999.0 100.77253666339004 -5.2358897573771666 100.75530530163837 -5.250084479821138 48.39989959784588 152.7277334687773 -999.0 16600.0 -999.0 2 -999 {-999.0 -999.0 -999.0 -999.0 -999.0} "" -999.0 -999.0 -999.0 -999.0 -999 -999 "" "" "" "" 0 0 0.0 0.0 -999 ""
FIBERMAP 138 R-2C24 BOSS 1 1 0 1 0 0 245.2884333431022 -48.69778673029667 143.1 175.85941111010013 -177.76628354135406 233.79805 146.56747 100.76934814453125 -5.235382278329297 -999.0 -999.0 -999.0 100.76936909475802 -5.235364517899903 100.75206964130018 -5.2493843411895895 48.40179185026895 152.73180065087283 5400.0 5400.0 2015.5 1 260 {-999.0 -999.0 -999.0 -999.0 -999.0} "" -999.0 -999.0 -999.0 -999.0 27021603131399619 810565800 "" ops_sky_boss_good ops_sky sky_boss 0 0 0.0 0.0 -999 ""
FIBERMAP 138 R-2C24 METROLOGY 0 0 0 1 0 0 245.3945452413831 -47.96554828591982 143.1 176.3575656791328 -177.21930736740137 233.79805 146.56747 -999.0 -999.0 -999.0 -999.0 -999.0 100.77160231765043 -5.232829494231436 100.75432890387782 -5.246903399890394 48.40320911279048 152.7272299357636 -999.0 6231.0 -999.0 -1 -999 {-999.0 -999.0 -999.0 -999.0 -999.0} "" -999.0 -999.0 -999.0 -999.0 -999 -999 "" "" "" "" 0 0 0.0 0.0 -999 ""
FIBERMAP 140 R-4C12 APOGEE 0 0 0 1 0 0 -19.16865692286099 -71.18511219584812 143.1 -55.760340966582284 -48.21440636285035 211.96118 54.130993 -999.0 -999.0 -999.0 -999.0 -999.0 99.7132767853445 -4.652815180160177 99.69790510491714 -4.6645728057678575 49.34121275209276 153.8720732959072 -999.0 16600.0 -999.0 2 -999 {-999.0 -999.0 -999.0 -999.0 -999.0} "" -999.0 -999.0 -999.0 -999.0 -999 -999 "" "" "" "" 0 0 0.0 0.0 -999 ""
FIBERMAP 140 R-4C12 BOSS 1 1 0 1 0 0 -19.143224909184088 -70.44991351237806 143.1 -55.327345851017874 -47.619773526826464 211.96118 54.130993 99.71529282765 -4.65027794162903 0.3941929 -0.08184785 0.10723736 99.71528320977372 -4.650292367666252 99.69985227084123 -4.661893356571201 49.342979273524094 153.8677798391702 5400.0 5400.0 2016.0 1 365 {-999.0 16.433584 15.966523 15.766136 -999.0} sdss_psfmag_ps1 16.279642 15.88757 15.309739 14.236 63050395111241336 1093342352 bright_3x1 mwm_astar_core_boss mwm_ob science 0 0 0.0 0.0 -999 ""
FIBERMAP 140 R-4C12 METROLOGY 0 0 0 1 0 0 -18.50700426477081 -70.84032568138736 143.1 -55.01918418379189 -48.29958317043716 211.96118 54.130993 -999.0 -999.0 -999.0 -999.0 -999.0 99.71668619928525 -4.653334621872838 99.70126528558103 -4.664984020400853 49.33958658624368 153.86753576889157 -999.0 6231.0 -999.0 -1 -999 {-999.0 -999.0 -999.0 -999.0 -999.0} "" -999.0 -999.0 -999.0 -999.0 -999 -999 "" "" "" "" 0 0 0.0 0.0 -999 ""
FIBERMAP 142 R0C2 APOGEE 1 1 0 1 0 0 -270.93651570809556 12.833249737314873 143.1 -217.195774327274 162.43436828454955 99.87421 117.28931 98.98120798271924 -3.6997675352538315 0.47842222 1.3507931 0.4091588 98.98119962353981 -3.6997624820107227 98.96857244534448 -3.7100521028289313 50.49641921451791 154.37702192241304 16000.0 16600.0 2016.0 2 295 {-999.0 14.388614 13.232258 12.709994 -999.0} sdss_psfmag_from_g3xp 13.964155 13.185541 12.319745 10.422 63050395111488883 1107175653 bright_flexible_2x1 mwm_tess_rgb_apogee mwm_tessrgb science 0 0 0.0 0.0 -999 ""
FIBERMAP 142 R0C2 BOSS 0 0 0 1 0 0 -270.31397148276517 13.237105027444677 143.1 -216.4539103624206 162.42002400182122 99.87421 117.28931 -999.0 -999.0 -999.0 -999.0 -999.0 98.9845853322791 -3.699950941089154 98.97189516652719 -3.7100923511214723 50.49517336335517 154.37219108464498 -999.0 5400.0 -999.0 1 423 {-999.0 -999.0 -999.0 -999.0 -999.0} "" -999.0 -999.0 -999.0 -999.0 -999 -999 "" "" "" "" 0 0 0.0 0.0 -999 ""
FIBERMAP 142 R0C2 METROLOGY 0 0 0 1 0 0 -270.27446578517134 12.491614910242074 143.1 -216.83889117350384 161.78048325652412 99.87421 117.28931 -999.0 -999.0 -999.0 -999.0 -999.0 98.98282492252517 -3.7027998632786456 98.97014516117781 -3.7129800404564905 50.49312069652743 154.37640170841374 -999.0 6231.0 -999.0 -1 -999 {-999.0 -999.0 -999.0 -999.0 -999.0} "" -999.0 -999.0 -999.0 -999.0 -999 -999 "" "" "" "" 0 0 0.0 0.0 -999 ""
FIBERMAP 144 R-4C4 APOGEE 0 0 0 1 0 0 -188.13815340074385 -82.36202029616334 143.1 -201.96121404178524 37.202813364211806 178.10109 143.47443 -999.0 -999.0 -999.0 -999.0 -999.0 99.04796619238184 -4.2655235869366885 99.03381918523922 -4.2757510140084385 49.94568290253537 154.60319837064938 -999.0 16600.0 -999.0 2 -999 {-999.0 -999.0 -999.0 -999.0 -999.0} "" -999.0 -999.0 -999.0 -999.0 -999 -999 "" "" "" "" 0 0 0.0 0.0 -999 ""
FIBERMAP 144 R-4C4 BOSS 1 1 0 1 0 0 -188.7308388458544 -81.89653681242355 143.1 -202.19125785658898 37.92040331815869 178.10109 143.47443 99.04648228987527 -4.2624094037841544 -0.9403015 0.021586418 0.58613765 99.04694430162562 -4.262422016003131 99.03274358867259 -4.272488117105068 49.949112854685666 154.60291861860077 5400.0 5400.0 2016.0 1 455 {-999.0 11.004112 10.958298 10.976891 -999.0} sdss_psfmag_gaia 11.055722 10.919371 10.661803 10.274 63050395111238868 1093411281 bright_3x1 mwm_astar_core_boss mwm_ob science 0 0 1.6595360040664673 0.0 -999 ""
FIBERMAP 144 R-4C4 METROLOGY 0 0 0 1 0 0 -188.03486759155558 -81.62310621311164 143.1 -201.46165963689862 37.75690168008324 178.10109 143.47443 -999.0 -999.0 -999.0 -999.0 -999.0 99.05022767816541 -4.263110617554901 99.0360417935986 -4.273230129257741 49.94723149868642 154.59857037609228 -999.0 6231.0 -999.0 -1 -999 {-999.0 -999.0 -999.0 -999.0 -999.0} "" -999.0 -999.0 -999.0 -999.0 -999 -999 "" "" "" "" 0 0 0.0 0.0 -999 ""
FIBERMAP 146 R-8C5 APOGEE 1 1 0 1 0 0 -100.99169618093073 -154.49589762830192 143.1 -170.2042916323714 -71.3658248500717 349.1267 132.5136 99.19262433435358 -4.758343884642797 -6.5383415 -2.7176898 3.995491 99.19262451337724 -4.758328411703925 99.17712571524339 -4.768719475932261 49.43439962209504 154.67260966042116 16000.0 16600.0 2016.0 2 265 {-999.0 17.737686 16.43491 14.981852 -999.0} sdss_psfmag_ps1 17.109987 15.583194 14.367038 11.979 63050395111215189 917158483 bright_3x1 mwm_yso_pms_apogee_zari18pms mwm_yso science 0 0 0.0 0.0 -999 ""
FIBERMAP 146 R-8C5 BOSS 0 0 0 1 0 0 -100.5915060623472 -155.12834348968076 143.1 -170.2272192623256 -72.11383562728093 349.1267 132.5136 -999.0 -999.0 -999.0 -999.0 -999.0 99.19254817914297 -4.761906493452894 99.17697658139065 -4.772132866371664 49.43126999871467 154.67471730823144 -999.0 5400.0 -999.0 1 480 {-999.0 -999.0 -999.0 -999.0 -999.0} "" -999.0 -999.0 -999.0 -999.0 -999 -999 "" "" "" "" 0 0 0.0 0.0 -999 ""
FIBERMAP 146 R-8C5 METROLOGY 0 0 0 1 0 0 -101.3409482313269 -155.15616891721223 143.1 -170.86348857956816 -71.7169670225602 349.1267 132.5136 -999.0 -999.0 -999.0 -999.0 -999.0 99.1896497663727 -4.760052339086342 99.17410190305372 -4.770318318394319 49.43399618023336 154.67781830985814 -999.0 6231.0 -999.0 -1 -999 {-999.0 -999.0 -999.0 -999.0 -999.0} "" -999.0 -999.0 -999.0 -999.0 -999 -999 "" "" "" "" 0 0 0.0 0.0 -999 ""
FIBERMAP 147 R-3C3 APOGEE 1 1 0 1 0 0 -212.4802828198368 -70.27139453750337 143.1 -215.3466723772704 60.85504160752852 263.74854 126.5987 98.98772511467605 -4.15848524760646 -1.7227968 -0.46889314 0.34095967 98.98772007517223 -4.158486793600433 98.9738749421881 -4.168604997307014 50.06719292141337 154.62966835568912 16000.0 16600.0 2016.0 2 278 {-999.0 14.988545 13.802385 13.2497225 -999.0} sdss_psfmag_from_g3xp 14.546032 13.738275 12.85681 10.918 63050395111442810 1109720649 bright_flexible_2x1 mwm_tess_rgb_apogee mwm_tessrgb science 0 0 0.0 0.0 -999 ""
FIBERMAP 147 R-3C3 BOSS 0 0 0 1 0 0 -213.12678324334811 -70.65411609095209 143.1 -216.09653531192194 60.900311272986976 263.74854 126.5987 -999.0 -999.0 -999.0 -999.0 -999.0 98.98436986452064 -4.158444170850582 98.97046394901565 -4.168394503153538 50.06861804226193 154.63449207517243 -999.0 5400.0 -999.0 1 442 {-999.0 -999.0 -999.0 -999.0 -999.0} "" -999.0 -999.0 -999.0 -999.0 -999 -999 "" "" "" "" 0 0 0.0 0.0 -999 ""
FIBERMAP 147 R-3C3 METROLOGY 0 0 0 1 0 0 -213.11954047452673 -69.88334321809796 143.1 -215.65867204535124 61.53459766503511 263.74854 126.5987 -999.0 -999.0 -999.0 -999.0 -999.0 98.98633502804765 -4.155519169831038 98.97245382503598 -4.165520880772314 50.070580784357624 154.62999168234728 -999.0 6231.0 -999.0 -1 -999 {-999.0 -999.0 -999.0 -999.0 -999.0} "" -999.0 -999.0 -999.0 -999.0 -999 -999 "" "" "" "" 0 0 0.0 0.0 -999 ""
FIBERMAP 148 R-10C10 APOGEE 0 0 0 1 0 0 8.706084136817427 -189.04149657542092 143.1 -98.70988936828364 -161.43984893720364 169.84735 106.75802 -999.0 -999.0 -999.0 -999.0 -999.0 99.5193677365058 -5.1667968501726165 99.50268615830174 -5.177847125283898 48.935503115097085 154.43717210670707 -999.0 16600.0 -999.0 2 -999 {-999.0 -999.0 -999.0 -999.0 -999.0} "" -999.0 -999.0 -999.0 -999.0 -999 -999 "" "" "" "" 0 0 0.0 0.0 -999 ""
FIBERMAP 148 R-10C10 BOSS 1 1 0 1 0 0 8.625911339337183 -188.2934422913391 143.1 -98.35715183886145 -160.77539875957217 169.84735 106.75802 99.52102661132812 -5.163981630323505 -999.0 -999.0 -999.0 99.52099487751941 -5.164008239746924 99.50425517645147 -5.174898192345372 48.93767999790578 154.43332116918404 5400.0 5400.0 2015.5 1 370 {-999.0 -999.0 -999.0 -999.0 -999.0} "" -999.0 -999.0 -999.0 -999.0 27021603131446210 810570566 "" ops_sky_boss_good ops_sky sky_boss 0 0 0.0 0.0 -999 ""
FIBERMAP 148 R-10C10 METROLOGY 0 0 0 1 0 0 9.302792115197047 -188.5936109102675 143.1 -97.96475239442398 -161.4032517321987 169.84735 106.75802 -999.0 -999.0 -999.0 -999.0 -999.0 99.52278245067565 -5.166791278133818 99.50605324909014 -5.1777315229629615 48.934388945094604 154.43235420077335 -999.0 6231.0 -999.0 -1 -999 {-999.0 -999.0 -999.0 -999.0 -999.0} "" -999.0 -999.0 -999.0 -999.0 -999 -999 "" "" "" "" 0 0 0.0 0.0 -999 ""
FIBERMAP 153 R-7C3 APOGEE 1 1 0 1 0 0 -172.1339662487778 -157.71840996661655 143.1 -230.92901364299652 -34.17357675064855 336.01712 17.48806 98.91785858596731 -4.589324669696728 22.222496 -44.784542 6.007674 98.91791064169954 -4.589416053500871 98.90294187580724 -4.599178438466782 49.69072836612263 154.9720233024782 16000.0 16600.0 2016.0 2 300 {-999.0 16.483202 15.351513 14.448716 -999.0} sdss_psfmag_ps1 15.939442 14.774818 13.704316 11.722 63050395111234585 1103779088 bright_flexible_5x1 mwm_tess_2min_apogee mwm_planet science 0 0 0.0 0.0 -999 ""
FIBERMAP 153 R-7C3 BOSS 0 0 0 1 0 0 -172.86432558145577 -157.64990644936893 143.1 -231.49550557756731 -33.70762184421394 336.01712 17.48806 -999.0 -999.0 -999.0 -999.0 -999.0 98.91538792914707 -4.587469685947699 98.90036308159927 -4.59706468085998 49.693620283709016 154.97456913478175 -999.0 5400.0 -999.0 1 446 {-999.0 -999.0 -999.0 -999.0 -999.0} "" -999.0 -999.0 -999.0 -999.0 -999 -999 "" "" "" "" 0 0 0.0 0.0 -999 ""
FIBERMAP 153 R-7C3 METROLOGY 0 0 0 1 0 0 -172.4515970605483 -157.04009947630726 143.1 -230.81201341774042 -33.43383952836635 336.01712 17.48806 -999.0 -999.0 -999.0 -999.0 -999.0 98.9184454795885 -4.586183993411491 98.90344070806111 -4.595833154554144 49.69367586115185 154.96945959983097 -999.0 6231.0 -999.0 -1 -999 {-999.0 -999.0 -999.0 -999.0 -999.0} "" -999.0 -999.0 -999.0 -999.0 -999 -999 "" "" "" "" 0 0 0.0 0.0 -999 ""
FIBERMAP 155 R-11C15 APOGEE 0 0 0 1 0 0 159.45114869370076 -213.31468984956075 143.1 12.53500435269723 -266.00523306314426 7.5371013 110.756874 -999.0 -999.0 -999.0 -999.0 -999.0 100.02767314298127 -5.636012613496255 100.0095929028563 -5.648153539172492 48.312663820357386 153.98856130370854 -999.0 16600.0 -999.0 2 -999 {-999.0 -999.0 -999.0 -999.0 -999.0} "" -999.0 -999.0 -999.0 -999.0 -999 -999 "" "" "" "" 0 0 0.0 0.0 -999 ""
FIBERMAP 155 R-11C15 BOSS 1 1 0 1 0 0 159.82047533264662 -213.9590756940633 143.1 12.479825986321051 -266.7458395442658 7.5371013 110.756874 100.02750101263972 -5.639497525401474 -2.174892 1.4354877 0.17080441 100.0274974201057 -5.639486528439462 100.00934026566546 -5.651456654061161 48.30968901328895 153.99075274957033 5400.0 5400.0 2016.0 1 267 {-999.0 16.06144 15.26328 14.843217 -999.0} sdss_psfmag_ps1 15.763499 15.229978 14.489986 13.212 63050395111105706 1093341935 bright_3x1 mwm_astar_core_boss mwm_ob science 0 0 0.0 0.0 -999 ""
FIBERMAP 155 R-11C15 METROLOGY 0 0 0 1 0 0 159.0714076421848 -213.95691933682005 143.1 11.860665634793133 -266.3243502183746 7.5371013 110.756874 -999.0 -999.0 -999.0 -999.0 -999.0 100.02465979721076 -5.637568415952602 100.00652777898847 -5.649580037474323 48.31246908327985 153.99361596462037 -999.0 6231.0 -999.0 -1 -999 {-999.0 -999.0 -999.0 -999.0 -999.0} "" -999.0 -999.0 -999.0 -999.0 -999 -999 "" "" "" "" 0 0 0.0 0.0 -999 ""
FIBERMAP 159 R-8C14 APOGEE 0 0 0 1 0 0 102.4296097035343 -138.39679606730925 143.1 7.287052696914159 -172.0099320801099 118.271675 33.962196 -999.0 -999.0 -999.0 -999.0 -999.0 100.00281680959623 -5.214204866856981 99.98586760262901 -5.226461450910033 48.712910016539354 153.78499473816262 -999.0 16600.0 -999.0 2 -999 {-999.0 -999.0 -999.0 -999.0 -999.0} "" -999.0 -999.0 -999.0 -999.0 -999 -999 "" "" "" "" 0 0 0.0 0.0 -999 ""
FIBERMAP 159 R-8C14 BOSS 1 1 0 1 0 0 103.09366796648227 -138.73436558714155 143.1 7.647876929111429 -172.66157554629558 118.271675 33.962196 100.00453095682639 -5.217361746685389 0.014880325 2.1250677 0.12764215 100.00454060076326 -5.2173663524741665 99.98751531998744 -5.229459625161198 48.709516171374396 153.7843823339062 5400.0 5400.0 2016.0 1 327 {-999.0 16.137358 15.5559435 15.334965 -999.0} sdss_psfmag_ps1 15.977826 15.549293 14.942051 13.854 63050395111135916 1093342074 bright_3x1 mwm_astar_core_boss mwm_ob science 0 0 0.0 0.0 -999 ""
FIBERMAP 159 R-8C14 METROLOGY 0 0 0 1 0 0 102.47473181669625 -139.1415282174247 143.1 6.907148021270964 -172.65199197034704 118.271675 33.962196 -999.0 -999.0 -999.0 -999.0 -999.0 100.00114099215416 -5.217274755581954 99.98413598979641 -5.22940659566512 48.71082055490937 153.78908424785703 -999.0 6231.0 -999.0 -1 -999 {-999.0 -999.0 -999.0 -999.0 -999.0} "" -999.0 -999.0 -999.0 -999.0 -999 -999 "" "" "" "" 0 0 0.0 0.0 -999 ""
FIBERMAP 160 R+8C5 APOGEE 0 0 0 1 0 0 -103.91061708545917 134.85200233838788 143.1 -10.49975647965006 169.90398800402082 5.2200885 23.578476 -999.0 -999.0 -999.0 -999.0 -999.0 99.91763475823097 -3.6605542210472426 99.9048326089748 -3.673239915857595 50.18157584999399 152.9975175955373 -999.0 16600.0 -999.0 2 92 {-999.0 -999.0 -999.0 -999.0 -999.0} "" -999.0 -999.0 -999.0 -999.0 -999 -999 "" "" "" "" 0 0 0.0 0.0 -999 ""
FIBERMAP 160 R+8C5 BOSS 1 1 0 1 0 0 -104.55188759740705 134.4713483078996 143.1 -11.244129631071472 169.94803964107655 5.2200885 23.578476 99.91437124537778 -3.6604859066742663 -1.9620209 -8.169516 -0.48484054 99.91430675685835 -3.660465590624207 99.90144059331152 -3.672985616597022 50.18310572184073 153.00224987502006 5400.0 5400.0 2016.0 1 68 {-999.0 16.36795 15.633139 15.325566 -999.0} sdss_psfmag_ps1 15.979044 15.898117 14.722712 13.411 63050395111281441 1093341694 bright_3x1 mwm_astar_core_boss mwm_ob science 0 0 0.0 0.0 -999 ""
FIBERMAP 160 R+8C5 METROLOGY 0 0 0 1 0 0 -104.55947811523761 135.22186558537982 143.1 -10.829900340886281 170.57386170748717 5.2200885 23.578476 -999.0 -999.0 -999.0 -999.0 -999.0 99.91616885474781 -3.657598806050018 99.90332820489368 -3.670169305576527 50.18498722623049 152.99784928247928 -999.0 6231.0 -999.0 -1 -999 {-999.0 -999.0 -999.0 -999.0 -999.0} "" -999.0 -999.0 -999.0 -999.0 -999 -999 "" "" "" "" 0 0 0.0 0.0 -999 ""
FIBERMAP 162 R-9C14 APOGEE 1 1 0 1 0 0 83.88712073690093 -170.42602107506912 143.1 -26.015616731917127 -188.14676143003194 196.01903 82.7915 99.85113507353981 -5.287326537838989 0.32270223 -1.9907224 0.37491792 99.85112435753189 -5.287358960583417 99.83402470180744 -5.299200184319469 48.70152105343314 154.0386702784722 16000.0 16600.0 2016.0 2 192 {-999.0 14.650791 13.462951 12.955709 -999.0} sdss_psfmag_gaia 14.221186 13.447073 12.583292 10.771 63050395111135531 1105070419 bright_flexible_2x1 mwm_tess_rgb_apogee mwm_tessrgb science 0 0 0.0 0.0 -999 ""
FIBERMAP 162 R-9C14 BOSS 0 0 0 1 0 0 83.74976299327469 -169.70638189571144 143.1 -25.726160079575852 -187.4738035005965 196.01903 82.7915 -999.0 -999.0 -999.0 -999.0 -999.0 99.8524935526223 -5.284541920967137 99.83533441324465 -5.29622119031081 48.70380683122365 154.03516543291173 -999.0 5400.0 -999.0 1 328 {-999.0 -999.0 -999.0 -999.0 -999.0} "" -999.0 -999.0 -999.0 -999.0 -999 -999 "" "" "" "" 0 0 0.0 0.0 -999 ""
FIBERMAP 162 R-9C14 METROLOGY 0 0 0 1 0 0 84.45592574030874 -169.9478703191328 143.1 -25.2766310915621 -188.0694649847914 196.01903 82.7915 -999.0 -999.0 -999.0 -999.0 -999.0 99.85453513276323 -5.287167336221924 99.83738726709981 -5.298897878384721 48.70056404318241 154.03378728005663 -999.0 6231.0 -999.0 -1 -999 {-999.0 -999.0 -999.0 -999.0 -999.0} "" -999.0 -999.0 -999.0 -999.0 -999 -999 "" "" "" "" 0 0 0.0 0.0 -999 ""
FIBERMAP 167 R-6C5 APOGEE 0 0 0 1 0 0 -148.63231892222734 -121.83148908201859 143.1 -191.35775955542022 -17.620473500535496 214.00636 101.86143 -999.0 -999.0 -999.0 -999.0 -999.0 99.096117651755 -4.514315518525986 99.08129581128054 -4.524562560866303 49.69657277576252 154.67409306036052 -999.0 16600.0 -999.0 2 251 {-999.0 -999.0 -999.0 -999.0 -999.0} "" -999.0 -999.0 -999.0 -999.0 -999 -999 "" "" "" "" 0 0 0.0 0.0 -999 ""
FIBERMAP 167 R-6C5 BOSS 1 1 0 1 0 0 -149.1839386858815 -121.33951935132569 143.1 -191.53895300917156 -16.903957112570083 214.00636 101.86143 99.09530639648436 -4.511200163244098 -999.0 -999.0 -999.0 99.09530253415046 -4.511228687234876 99.08042646507431 -4.52131346029188 49.69991569956048 154.6735301270149 5400.0 5400.0 2015.5 1 457 {-999.0 -999.0 -999.0 -999.0 -999.0} "" -999.0 -999.0 -999.0 -999.0 27021603131449520 810571212 "" ops_sky_boss_good ops_sky sky_boss 0 0 0.0 0.0 -999 ""
FIBERMAP 167 R-6C5 METROLOGY 0 0 0 1 0 0 -148.47737214110353 -121.10681549681608 143.1 -190.82339914173056 -17.107124688035533 214.00636 101.86143 -999.0 -999.0 -999.0 -999.0 -999.0 99.09853149428977 -4.512102387756023 99.08366990044027 -4.522240768171368 49.697884092826925 154.66938536426773 -999.0 6231.0 -999.0 -1 -999 {-999.0 -999.0 -999.0 -999.0 -999.0} "" -999.0 -999.0 -999.0 -999.0 -999 -999 "" "" "" "" 0 0 0.0 0.0 -999 ""
FIBERMAP 170 R-2C20 APOGEE 0 0 0 1 0 0 168.28479298155497 -54.84430289343524 143.1 108.64205241105459 -139.71152683033395 356.7358 56.642506 -999.0 -999.0 -999.0 -999.0 -999.0 100.46468532181987 -5.0659759781924025 100.44799548168646 -5.079464312982029 48.67513953612769 153.05525395385013 -999.0 16600.0 -999.0 2 -999 {-999.0 -999.0 -999.0 -999.0 -999.0} "" -999.0 -999.0 -999.0 -999.0 -999 -999 "" "" "" "" 0 0 0.0 0.0 -999 ""
FIBERMAP 170 R-2C20 BOSS 1 1 0 1 0 0 167.8430425455476 -55.45571579759318 143.1 107.93362485650144 -139.9703781471639 356.7358 56.642506 100.46155660253596 -5.067371766795297 -0.25585812 0.6103165 0.100326866 100.46156588207302 -5.067377377126643 100.44480430378246 -5.080691377197392 48.67522160795784 153.06041242287384 5400.0 5400.0 2016.0 1 298 {-999.0 15.523057 15.459728 15.172516 -999.0} sdss_psfmag_ps1 15.523568 15.308366 14.941665 14.345 63050395111154011 1093342174 bright_3x1 mwm_astar_core_boss mwm_ob science 0 0 0.0 0.0 -999 ""
FIBERMAP 170 R-2C20 METROLOGY 0 0 0 1 0 0 167.5423764095864 -54.77027847734005 143.1 108.06866818635123 -139.23424389947616 356.7358 56.642506 -999.0 -999.0 -999.0 -999.0 -999.0 100.46215311992216 -5.063986327107486 100.44541991753653 -5.077350255804714 48.678074143384926 153.05761904361748 -999.0 6231.0 -999.0 -1 -999 {-999.0 -999.0 -999.0 -999.0 -999.0} "" -999.0 -999.0 -999.0 -999.0 -999 -999 "" "" "" "" 0 0 0.0 0.0 -999 ""
FIBERMAP 171 R-12C7 APOGEE 0 0 0 1 0 0 -11.712744123279112 -241.8144487420564 143.1 -145.189253033018 -193.70506058105778 326.84653 111.2082 -999.0 -999.0 -999.0 -999.0 -999.0 99.30927278041032 -5.311586429764012 99.29226704470312 -5.322042111689448 48.87690353848953 154.81373970058053 -999.0 16600.0 -999.0 2 -999 {-999.0 -999.0 -999.0 -999.0 -999.0} "" -999.0 -999.0 -999.0 -999.0 -999 -999 "" "" "" "" 0 0 0.0 0.0 -999 ""
FIBERMAP 171 R-12C7 BOSS 1 1 0 1 0 0 -11.858634007258456 -242.53970826693654 143.1 -145.71644093959333 -194.22396925103683 326.84653 111.2082 99.30693482083981 -5.314095834283518 -0.27557063 -8.795113 2.3701901 99.30695215481407 -5.314095222949994 99.28987608616677 -5.324377613381194 48.87557958112898 154.81839375218422 5400.0 5400.0 2016.0 1 404 {-999.0 17.031921 15.696016 14.933091 -999.0} sdss_psfmag_ps1 16.465012 15.508625 14.513056 12.566 63050395111131797 917246802 bright_3x1 mwm_yso_pms_boss_zari18pms mwm_yso science 0 0 0.0 0.0 -999 ""
FIBERMAP 171 R-12C7 METROLOGY 0 0 0 1 0 0 -12.417449238163137 -242.05950522854087 143.1 -145.91018648072532 -193.51316626325837 326.84653 111.2082 -999.0 -999.0 -999.0 -999.0 -999.0 99.30603490387401 -5.310845229298691 99.28898599949588 -5.321173811738634 48.87888785539575 154.81790080992332 -999.0 6231.0 -999.0 -1 -999 {-999.0 -999.0 -999.0 -999.0 -999.0} "" -999.0 -999.0 -999.0 -999.0 -999 -999 "" "" "" "" 0 0 0.0 0.0 -999 ""
FIBERMAP 177 R-4C3 APOGEE 1 1 0 1 0 0 -185.42644098016567 -63.517587498849636 143.1 -189.1568508908058 51.290163159913746 111.82753 27.810541 99.1058170153122 -4.201455017616544 -0.57194275 -0.7653309 0.26504928 99.10580354642485 -4.20141938142808 99.09180951699352 -4.2118204134690425 49.984307213602996 154.4833863041637 16000.0 16600.0 2016.0 2 286 {-999.0 15.127044 13.860149 13.280851 -999.0} sdss_psfmag_from_g3xp 14.640386 13.787481 12.880858 10.867 63050395111441678 1107124323 bright_flexible_2x1 mwm_tess_rgb_apogee mwm_tessrgb science 0 0 0.0 0.0 -999 ""
FIBERMAP 177 R-4C3 BOSS 0 0 0 1 0 0 -184.8623450034015 -63.99094354435842 143.1 -188.9548955238112 50.58207195887171 111.82753 27.810541 -999.0 -999.0 -999.0 -999.0 -999.0 99.10672787147602 -4.204775938929772 99.09266223055613 -4.215018218291145 49.981018917190625 154.48396036315344 -999.0 5400.0 -999.0 1 443 {-999.0 -999.0 -999.0 -999.0 -999.0} "" -999.0 -999.0 -999.0 -999.0 -999 -999 "" "" "" "" 0 0 0.0 0.0 -999 ""
FIBERMAP 177 R-4C3 METROLOGY 0 0 0 1 0 0 -185.56331240665037 -64.25802348594787 143.1 -189.68507321146618 50.75363248062056 111.82753 27.810541 -999.0 -999.0 -999.0 -999.0 -999.0 99.103420946832 -4.20396599306631 99.08937613728165 -4.214245460871627 49.98292911070617 154.48827245187243 -999.0 6231.0 -999.0 -1 -999 {-999.0 -999.0 -999.0 -999.0 -999.0} "" -999.0 -999.0 -999.0 -999.0 -999 -999 "" "" "" "" 0 0 0.0 0.0 -999 ""
FIBERMAP 179 R-4C8 APOGEE 0 0 0 1 0 0 -72.85588621093382 -69.86088060505602 143.1 -99.48146925834406 -17.036680097845302 65.11247 70.94708 -999.0 -999.0 -999.0 -999.0 -999.0 99.51340278387279 -4.511180475585657 99.49846611799097 -4.5224895530048554 49.54679021102396 154.07522126153418 -999.0 16600.0 -999.0 2 -999 {-999.0 -999.0 -999.0 -999.0 -999.0} "" -999.0 -999.0 -999.0 -999.0 -999 -999 "" "" "" "" 0 0 0.0 0.0 -999 ""
FIBERMAP 179 R-4C8 BOSS 1 1 0 1 0 0 -72.31738688332234 -70.37444839264175 143.1 -99.32324340204788 -17.76373233350605 65.11247 70.94708 99.51416015625 -4.514708096202867 -999.0 -999.0 -999.0 99.51414831096227 -4.514659777272141 99.49913778501457 -4.525807475037465 49.543459214094426 154.07614776677644 5400.0 5400.0 2015.5 1 461 {-999.0 -999.0 -999.0 -999.0 -999.0} "" -999.0 -999.0 -999.0 -999.0 27021603131448904 819435156 "" ops_sky_boss_good ops_sky sky_boss 0 0 0.0 0.0 -999 ""
FIBERMAP 179 R-4C8 METROLOGY 0 0 0 1 0 0 -73.02965682945481 -70.58646020279197 143.1 -100.03192698027809 -17.54023224170937 65.11247 70.94708 -999.0 -999.0 -999.0 -999.0 -999.0 99.51090607615484 -4.513599852375759 99.49591758198568 -4.524785622020796 49.54559276578702 154.08016585203904 -999.0 6231.0 -999.0 -1 -999 {-999.0 -999.0 -999.0 -999.0 -999.0} "" -999.0 -999.0 -999.0 -999.0 -999 -999 "" "" "" "" 0 0 0.0 0.0 -999 ""
FIBERMAP 187 R-7C8 APOGEE 1 1 0 1 0 0 -60.815850348997955 -116.63024077408927 143.1 -115.71498541004276 -62.51652895006304 153.94829 56.534336 99.44000244140624 -4.718197659673692 -999.0 -999.0 -999.0 99.44002049738069 -4.718193657422955 99.42455554354206 -4.729230224923709 49.38156739532292 154.29750300633287 16000.0 16600.0 2015.5 2 288 {-999.0 -999.0 -999.0 -999.0 -999.0} "" -999.0 -999.0 -999.0 -999.0 27021603131448818 841546648 "" ops_sky_apogee_best ops_sky sky_apogee 0 0 0.0 0.0 -999 ""
FIBERMAP 187 R-7C8 BOSS 0 0 0 1 0 0 -60.18167863247477 -116.24536249840835 143.1 -114.97412454358843 -62.55310465674989 153.94829 56.534336 -999.0 -999.0 -999.0 -999.0 -999.0 99.44341010805627 -4.718548055547692 99.42787890811803 -4.72943013142836 49.3801692606739 154.29288088585943 -999.0 5400.0 -999.0 1 400 {-999.0 -999.0 -999.0 -999.0 -999.0} "" -999.0 -999.0 -999.0 -999.0 -999 -999 "" "" "" "" 0 0 0.0 0.0 -999 ""
FIBERMAP 187 R-7C8 METROLOGY 0 0 0 1 0 0 -60.16026079321153 -116.99010777173041 143.1 -115.37366815751157 -63.18189388451302 153.94829 56.534336 -999.0 -999.0 -999.0 -999.0 -999.0 99.44159115185474 -4.72135657740929 99.42607125048477 -4.732279031094029 49.37817729130752 154.29705742027267 -999.0 6231.0 -999.0 -1 -999 {-999.0 -999.0 -999.0 -999.0 -999.0} "" -999.0 -999.0 -999.0 -999.0 -999 -999 "" "" "" "" 0 0 0.0 0.0 -999 ""
FIBERMAP 188 R-1C2 APOGEE 0 0 0 1 0 0 -273.38063607636116 -21.357500963508468 143.1 -238.37708000156056 135.487456416044 206.75328 96.16447 -999.0 -999.0 -999.0 -999.0 -999.0 98.88556447180781 -3.82187099254943 98.87264223969703 -3.831867195154476 50.41766555439566 154.58657782525924 -999.0 16600.0 -999.0 2 -999 {-999.0 -999.0 -999.0 -999.0 -999.0} "" -999.0 -999.0 -999.0 -999.0 -999 -999 "" "" "" "" 0 0 0.0 0.0 -999 ""
FIBERMAP 188 R-1C2 BOSS 1 1 0 1 0 0 -273.7935527033825 -20.725514404733733 143.1 -238.36494965564174 136.24221748132916 206.75328 96.16447 98.88568714851722 -3.818637263431064 5.417571 13.699306 1.2841243 98.88570164006892 -3.818629351350901 98.8727267751413 -3.828469878135878 50.42080237010627 154.5845259426031 5400.0 5400.0 2016.0 1 434 {-999.0 19.964191 18.431635 17.699284 -999.0} sdss_psfmag_ps1 19.230091 18.228931 17.222425 15.18 63050395111474750 1096234834 bright_1x1 mwm_bin_vis_boss mwm_filler science 0 0 0.0 0.0 -999 ""
FIBERMAP 188 R-1C2 METROLOGY 0 0 0 1 0 0 -273.04346255954846 -20.69193654132837 143.1 -237.72492059747108 135.849749911548 206.75328 96.16447 -999.0 -999.0 -999.0 -999.0 -999.0 98.88853838042671 -3.8203285143521906 98.8755754979523 -3.830220154350226 50.41814247700655 154.58136066506398 -999.0 6231.0 -999.0 -1 -999 {-999.0 -999.0 -999.0 -999.0 -999.0} "" -999.0 -999.0 -999.0 -999.0 -999 -999 "" "" "" "" 0 0 0.0 0.0 -999 ""
FIBERMAP 189 R-5C5 APOGEE 1 1 0 1 0 0 -134.82965664719762 -87.54203884557135 143.1 -160.71414904134443 3.0439764722560487 53.379665 104.97723 99.23474945080112 -4.420290451700348 -5.5507846 -1.8991892 2.8931634 99.2347206870358 -4.42026139566942 99.22010768906506 -4.4308999329087335 49.733703046912424 154.42211287381866 16000.0 16600.0 2016.0 2 263 {-999.0 18.365839 16.910597 15.835594 -999.0} sdss_psfmag_ps1 17.704222 16.410948 15.225682 12.938 63050395111233649 1009254291 bright_3x1 mwm_yso_pms_apogee_sagitta_edr3 mwm_yso science 0 0 0.0 0.0 -999 ""
FIBERMAP 189 R-5C5 BOSS 0 0 0 1 0 0 -134.140896153274 -87.82007307236425 143.1 -160.2995090374461 2.4277987091731306 53.379665 104.97723 -999.0 -999.0 -999.0 -999.0 -999.0 99.23661214671023 -4.42321968297446 99.22192756659638 -4.433700726161288 49.730433838758316 154.4210763101657 -999.0 5400.0 -999.0 1 458 {-999.0 -999.0 -999.0 -999.0 -999.0} "" -999.0 -999.0 -999.0 -999.0 -999 -999 "" "" "" "" 0 0 0.0 0.0 -999 ""
FIBERMAP 189 R-5C5 METROLOGY 0 0 0 1 0 0 -134.73245596510566 -88.28509902894324 143.1 -161.04998608798223 2.374121604196345 53.379665 104.97723 -999.0 -999.0 -999.0 -999.0 -999.0 99.23320123845485 -4.423423804584185 99.21853503550267 -4.433941739192246 49.73144092932695 154.42608569080238 -999.0 6231.0 -999.0 -1 -999 {-999.0 -999.0 -999.0 -999.0 -999.0} "" -999.0 -999.0 -999.0 -999.0 -999 -999 "" "" "" "" 0 0 0.0 0.0 -999 ""
FIBERMAP 192 R+4C10 APOGEE 0 0 0 1 0 0 -42.89142054122437 65.53464090509215 143.1 1.196990013315077 78.30708641619277 271.9336 125.287 -999.0 -999.0 -999.0 -999.0 -999.0 99.9720097743544 -4.075926629762165 99.95809193900465 -4.088579682167083 49.77738232238966 153.16757129276994 -999.0 16600.0 -999.0 2 -999 {-999.0 -999.0 -999.0 -999.0 -999.0} "" -999.0 -999.0 -999.0 -999.0 -999 -999 "" "" "" "" 0 0 0.0 0.0 -999 ""
FIBERMAP 192 R+4C10 BOSS 1 1 0 1 0 0 -43.502745577258224 65.07021068366662 143.1 0.43047744056500975 78.26497716871134 271.9336 125.287 99.96856780918702 -4.076252394363866 -0.27509698 0.8519854 0.13530599 99.96857704895912 -4.07624577264039 99.95459352678614 -4.088730313700893 49.77857075954246 153.17265738959182 5400.0 5400.0 2016.0 1 74 {-999.0 15.846607 15.145907 14.895027 -999.0} sdss_psfmag_ps1 15.627992 15.144112 14.480374 13.322 63050395111258884 1093342378 bright_3x1 mwm_astar_core_boss mwm_ob science 0 0 0.0 0.0 -999 ""
FIBERMAP 192 R+4C10 METROLOGY 0 0 0 1 0 0 -43.58416347983188 65.81171346151238 143.1 0.7785129731990081 78.92469910398553 271.9336 125.287 -999.0 -999.0 -999.0 -999.0 -999.0 99.97013940773397 -4.0732025527352445 99.95618214558277 -4.08573757219676 49.78073549464265 153.16862458977528 -999.0 6231.0 -999.0 -1 -999 {-999.0 -999.0 -999.0 -999.0 -999.0} "" -999.0 -999.0 -999.0 -999.0 -999 -999 "" "" "" "" 0 0 0.0 0.0 -999 ""
FIBERMAP 194 R-10C1 APOGEE 1 1 0 1 0 0 -173.70046302290936 -213.26570948842573 143.1 -263.3495803394661 -79.2994506646544 335.65875 56.267773 98.77350115710587 -4.793261416363961 -1.1927757 -1.0253963 0.33526272 98.77349033182959 -4.79325394803517 98.75802216891128 -4.802563871362651 49.551821020360315 155.29185441231553 16000.0 16600.0 2016.0 2 291 {-999.0 14.256078 13.436571 13.060462 -999.0} sdss_psfmag_from_g3xp 14.008202 13.42711 12.691345 11.154 63050395111224917 1108057716 bright_flexible_3x1 mwm_tess_rgb_apogee mwm_tessrgb science 0 0 0.0 0.0 -999 ""
FIBERMAP 194 R-10C1 BOSS 0 0 0 1 0 0 -174.32596631424195 -213.67171994218876 143.1 -264.0951025066165 -79.28523329372648 335.65875 56.267773 -999.0 -999.0 -999.0 -999.0 -999.0 98.77022440706423 -4.7933389619483835 98.75469538802815 -4.802477674674899 49.553070887723344 155.29658915120987 -999.0 5400.0 -999.0 1 420 {-999.0 -999.0 -999.0 -999.0 -999.0} "" -999.0 -999.0 -999.0 -999.0 -999 -999 "" "" "" "" 0 0 0.0 0.0 -999 ""
FIBERMAP 194 R-10C1 METROLOGY 0 0 0 1 0 0 -174.36889403847658 -212.9261334555261 143.1 -263.71290177959435 -78.64369537111764 335.65875 56.267773 -999.0 -999.0 -999.0 -999.0 -999.0 98.77189882444951 -4.790402229891223 98.75639457619752 -4.799592593538822 49.5551734001857 155.29257830959796 -999.0 6231.0 -999.0 -1 -999 {-999.0 -999.0 -999.0 -999.0 -999.0} "" -999.0 -999.0 -999.0 -999.0 -999 -999 "" "" "" "" 0 0 0.0 0.0 -999 ""
FIBERMAP 199 R+10C9 APOGEE 0 0 0 1 0 0 -5.164780064854303 174.57615854616392 143.1 93.53780849398171 147.47563898330876 306.62433 55.34466 -999.0 -999.0 -999.0 -999.0 -999.0 100.39161829539269 -3.761270322939889 100.37840881955452 -3.77511603717979 49.90490699984138 152.3802128483402 -999.0 16600.0 -999.0 2 -999 {-999.0 -999.0 -999.0 -999.0 -999.0} "" -999.0 -999.0 -999.0 -999.0 -999 -999 "" "" "" "" 0 0 0.0 0.0 -999 ""
FIBERMAP 199 R+10C9 BOSS 1 1 0 1 0 0 -5.9141972291054365 174.5406833998815 143.1 92.8972737394461 147.86615817576106 306.62433 55.34466 100.38850496412448 -3.759620285760006 -0.054199338 0.6816522 0.12914607 100.38879372684931 -3.7596151567674694 100.37552218049552 -3.773296182349378 49.90770749313683 152.38322592231287 5400.0 5400.0 2016.0 1 121 {-999.0 14.304212 13.537765 13.13784 -999.0} sdss_psfmag_from_g3xp 14.079276 13.497153 12.751884 11.307 63050395111670917 1093136329 bright_3x1 mwm_astar_core_boss mwm_ob science 0 0 0.9795392751693726 0.0 -999 ""
FIBERMAP 199 R+10C9 METROLOGY 0 0 0 1 0 0 -5.568831858950023 175.20337790826926 143.1 93.55460951888446 148.2214849397831 306.62433 55.34466 -999.0 -999.0 -999.0 -999.0 -999.0 100.39174712627837 -3.7579711711561687 100.37849811042764 -3.7717051908868906 49.908011941750104 152.37801636273207 -999.0 6231.0 -999.0 -1 -999 {-999.0 -999.0 -999.0 -999.0 -999.0} "" -999.0 -999.0 -999.0 -999.0 -999 -999 "" "" "" "" 0 0 0.0 0.0 -999 ""
FIBERMAP 200 R+7C19 APOGEE 0 0 0 1 0 0 183.5122292407306 151.31069254849638 143.1 236.76209860663485 22.491531371040193 142.14621 85.70873 -999.0 -999.0 -999.0 -999.0 -999.0 101.04311261289841 -4.3271776413128595 101.02821303797197 -4.342436558494908 49.127870886385566 151.80759626165568 -999.0 16600.0 -999.0 2 -999 {-999.0 -999.0 -999.0 -999.0 -999.0} "" -999.0 -999.0 -999.0 -999.0 -999 -999 "" "" "" "" 0 0 0.0 0.0 -999 ""
FIBERMAP 200 R+7C19 BOSS 1 1 0 1 0 0 184.01885227902866 151.8618764679415 143.1 237.49050647803108 22.664153599529048 142.14621 85.70873 101.04650362141768 -4.326527169238715 -0.25028086 0.7868916 0.08182556 101.04647931279769 -4.326545321822806 101.03150981937472 -4.341650959740629 49.12728164292497 151.80251031493677 5400.0 5400.0 2016.0 1 238 {-999.0 16.297394 15.571044 15.240277 -999.0} sdss_psfmag_ps1 16.061909 15.55104 14.860145 13.645 63050395111603265 1093341727 bright_3x1 mwm_astar_core_boss mwm_ob science 0 0 0.0 0.0 -999 ""
FIBERMAP 200 R+7C19 METROLOGY 0 0 0 1 0 0 184.24147971247646 151.15303554747774 143.1 237.2777194005314 21.95236195227801 142.14621 85.70873 -999.0 -999.0 -999.0 -999.0 -999.0 101.04551428181202 -4.329727823530293 101.03055665505792 -4.344875610395216 49.12470272241779 151.80580583844622 -999.0 6231.0 -999.0 -1 -999 {-999.0 -999.0 -999.0 -999.0 -999.0} "" -999.0 -999.0 -999.0 -999.0 -999 -999 "" "" "" "" 0 0 0.0 0.0 -999 ""
FIBERMAP 202 R-10C6 APOGEE 0 0 0 1 0 0 -80.28702391242635 -198.5970304908031 143.1 -177.76685277290122 -119.49068636217612 204.0558 112.62603 -999.0 -999.0 -999.0 -999.0 -999.0 99.15947024539827 -4.976311826118024 99.143401343797 -4.9865275519519034 49.243280774784445 154.84103164854793 -999.0 16600.0 -999.0 2 -999 {-999.0 -999.0 -999.0 -999.0 -999.0} "" -999.0 -999.0 -999.0 -999.0 -999 -999 "" "" "" "" 0 0 0.0 0.0 -999 ""
FIBERMAP 202 R-10C6 BOSS 1 1 0 1 0 0 -80.83127764829433 -198.08503781144964 143.1 -177.9307268935584 -118.76171441026985 204.0558 112.62603 99.1588518133809 -4.9727954811123745 -41.221127 -129.76949 23.176886 99.1587362574869 -4.973201013765996 99.1426124784852 -4.983251962647744 49.24662020936668 154.840354752559 5400.0 5400.0 2016.0 1 391 {-999.0 17.510778 17.066893 17.092455 -999.0} sdss_psfmag_ps1 17.351439 17.122349 16.741755 16.203 63050395111205842 1132454512 dark_2x1 mwm_snc_100pc_boss mwm_snc science 0 0 0.0 0.0 -999 ""
FIBERMAP 202 R-10C6 METROLOGY 0 0 0 1 0 0 -80.12127981759946 -197.86957542308974 143.1 -177.221991690326 -118.98108370723615 204.0558 112.62603 -999.0 -999.0 -999.0 -999.0 -999.0 99.16193740985223 -4.974151705347285 99.14582810859338 -4.984256926573168 49.24453253695569 154.83632696442513 -999.0 6231.0 -999.0 -1 -999 {-999.0 -999.0 -999.0 -999.0 -999.0} "" -999.0 -999.0 -999.0 -999.0 -999 -999 "" "" "" "" 0 0 0.0 0.0 -999 ""
FIBERMAP 204 R-3C18 APOGEE 1 1 0 1 0 0 126.90218392749613 -78.7952823108071 143.1 60.949729068860805 -136.36070886903403 337.33224 41.949265 100.24738554321674 -5.051991082184414 -2.3582978 0.21560907 0.38430482 100.24736690632787 -5.051971345288709 100.23077780858199 -5.064915655311429 48.77094053774028 153.35015676875562 16000.0 16600.0 2016.0 2 224 {-999.0 14.34327 13.404147 13.019839 -999.0} sdss_psfmag_from_g3xp 14.040074 13.413179 12.652619 11.066 63050395111154755 1107394953 bright_flexible_3x1 mwm_tess_rgb_apogee mwm_tessrgb science 0 0 0.0 0.0 -999 ""
FIBERMAP 204 R-3C18 BOSS 0 0 0 1 0 0 126.23931186814265 -79.10825305137023 143.1 60.225388806479 -136.24849940064703 337.33224 41.949265 -999.0 -999.0 -999.0 -999.0 -999.0 100.24415388255038 -5.051695691815828 100.22749846656842 -5.064466409930522 48.77259310275182 153.3544860630769 -999.0 5400.0 -999.0 1 293 {-999.0 -999.0 -999.0 -999.0 -999.0} "" -999.0 -999.0 -999.0 -999.0 -999 -999 "" "" "" "" 0 0 0.0 0.0 -999 ""
FIBERMAP 204 R-3C18 METROLOGY 0 0 0 1 0 0 126.29696419280691 -78.36024090862577 143.1 60.69224777899872 -135.66130769271768 337.33224 41.949265 -999.0 -999.0 -999.0 -999.0 -999.0 100.24625600703078 -5.0489682960869695 100.22962649165748 -5.061792415376486 48.77426546664614 153.3499729195526 -999.0 6231.0 -999.0 -1 -999 {-999.0 -999.0 -999.0 -999.0 -999.0} "" -999.0 -999.0 -999.0 -999.0 -999 -999 "" "" "" "" 0 0 0.0 0.0 -999 ""
FIBERMAP 208 R-7C5 APOGEE 0 0 0 1 0 0 -128.28808883681427 -144.86932961823788 143.1 -187.41704838959024 -48.09902167310855 211.9478 141.66695 -999.0 -999.0 -999.0 -999.0 -999.0 99.1143151893998 -4.652680338918908 99.09912032033907 -4.6629162230685886 49.56111767066072 154.7255130140294 -999.0 16600.0 -999.0 2 253 {-999.0 -999.0 -999.0 -999.0 -999.0} "" -999.0 -999.0 -999.0 -999.0 -999 -999 "" "" "" "" 0 0 0.0 0.0 -999 ""
FIBERMAP 208 R-7C5 BOSS 1 1 0 1 0 0 -129.030788822136 -144.8192620203427 143.1 -188.00409036551667 -47.641420684822236 211.9478 141.66695 99.11168083487487 -4.650772709134571 0.021603622 0.95363504 0.08181408 99.11166645665921 -4.650777233504669 99.09641455879307 -4.660844875146455 49.564021356013555 154.72824145087742 5400.0 5400.0 2016.0 1 451 {-999.0 16.04162 15.865105 15.944885 -999.0} sdss_psfmag_ps1 16.005814 15.700845 15.229039 14.428 63050395111230680 1093342317 bright_3x1 mwm_astar_core_boss mwm_ob science 0 0 0.0 0.0 -999 ""
FIBERMAP 208 R-7C5 METROLOGY 0 0 0 1 0 0 -128.60715853599714 -144.19568327549666 143.1 -187.3038531600784 -47.36234102971988 211.9478 141.66695 -999.0 -999.0 -999.0 -999.0 -999.0 99.11482083971835 -4.649463617647732 99.09958931076108 -4.659585825961522 49.56405609628594 154.7229910998961 -999.0 6231.0 -999.0 -1 -999 {-999.0 -999.0 -999.0 -999.0 -999.0} "" -999.0 -999.0 -999.0 -999.0 -999 -999 "" "" "" "" 0 0 0.0 0.0 -999 ""
FIBERMAP 214 R-11C5 APOGEE 1 1 0 1 0 0 -72.23731038810124 -206.51492453078413 143.1 -175.53658478721738 -130.5584513121013 13.784899 146.55513 99.16988836688455 -5.026381988142634 -6.497374 -2.9344969 4.064812 99.16986701923534 -5.0263852938094296 99.15366178358556 -5.036606489043076 49.19286873577581 154.85393176522325 16000.0 16600.0 2016.0 2 153 {-999.0 17.058441 15.591474 14.639691 -999.0} sdss_psfmag_ps1 16.418325 15.209337 14.120258 11.982 63050395111205454 916287929 bright_3x1 mwm_yso_cluster_apogee mwm_yso science 0 0 0.0 0.0 -999 ""
FIBERMAP 214 R-11C5 BOSS 0 0 0 1 0 0 -71.53464073940684 -206.74002526708298 143.1 -175.08076670061172 -131.1385835304163 13.784899 146.55513 -999.0 -999.0 -999.0 -999.0 -999.0 99.17197581216833 -5.029203872322502 99.15569897236009 -5.039264697498136 49.1896594977477 154.85249229880645 -999.0 5400.0 -999.0 1 392 {-999.0 -999.0 -999.0 -999.0 -999.0} "" -999.0 -999.0 -999.0 -999.0 -999 -999 "" "" "" "" 0 0 0.0 0.0 -999 ""
FIBERMAP 214 R-11C5 METROLOGY 0 0 0 1 0 0 -72.07147604080278 -207.24599063549215 143.1 -175.80885998890523 -131.25682835185103 13.784899 146.55513 -999.0 -999.0 -999.0 -999.0 -999.0 99.16867491109822 -5.029674821055038 99.15241578696174 -5.039773688029394 49.19035745815202 154.85744283666537 -999.0 6231.0 -999.0 -1 -999 {-999.0 -999.0 -999.0 -999.0 -999.0} "" -999.0 -999.0 -999.0 -999.0 -999 -999 "" "" "" "" 0 0 0.0 0.0 -999 ""
FIBERMAP 215 R-10C15 APOGEE 0 0 0 1 0 0 128.3213121370321 -178.9251399135241 143.1 6.022163184961412 -220.08215284162176 134.28075 90.873474 -999.0 -999.0 -999.0 -999.0 -999.0 99.9975781952299 -5.430745429081298 99.98005387343096 -5.4428972321508216 48.514179763328094 153.91497105099782 -999.0 16600.0 -999.0 2 237 {-999.0 -999.0 -999.0 -999.0 -999.0} "" -999.0 -999.0 -999.0 -999.0 -999 -999 "" "" "" "" 0 0 0.0 0.0 -999 ""
FIBERMAP 215 R-10C15 BOSS 1 1 0 1 0 0 128.82034146240758 -178.37629688517185 143.1 6.742970433722912 -219.9072145443007 134.28075 90.873474 100.00042772150081 -5.430142204550372 -7.2787433 -3.0139215 4.177848 100.00092904660133 -5.430159457048859 99.98333794501292 -5.442152393076649 48.5136569533028 153.9099712896927 5400.0 5400.0 2016.0 1 266 {-999.0 10.636171 10.41276 10.357685 -999.0} sdss_psfmag_gaia 10.635741 10.410748 10.039617 9.458 63050395111118568 916336006 bright_3x1 mwm_yso_cluster_boss mwm_yso science 0 0 1.9169044494628906 0.0 -999 ""
FIBERMAP 215 R-10C15 METROLOGY 0 0 0 1 0 0 129.0481888719305 -179.0861930606787 143.1 6.5339152150271 -220.62280489905967 134.28075 90.873474 -999.0 -999.0 -999.0 -999.0 -999.0 99.99996488680924 -5.433318168416342 99.98238474125066 -5.445354808541919 48.511036154321246 153.9130968871229 -999.0 6231.0 -999.0 -1 -999 {-999.0 -999.0 -999.0 -999.0 -999.0} "" -999.0 -999.0 -999.0 -999.0 -999 -999 "" "" "" "" 0 0 0.0 0.0 -999 ""
FIBERMAP 222 R-12C12 APOGEE 0 0 0 1 0 0 104.02855873659101 -220.45677062423854 143.1 -37.367012305613514 -240.8668770750614 84.33714 65.64048 -999.0 -999.0 -999.0 -999.0 -999.0 99.80034716727876 -5.52421409170669 99.78263120825034 -5.535826364302452 48.500387284250564 154.24242140853292 -999.0 16600.0 -999.0 2 -999 {-999.0 -999.0 -999.0 -999.0 -999.0} "" -999.0 -999.0 -999.0 -999.0 -999 -999 "" "" "" "" 0 0 0.0 0.0 -999 ""
FIBERMAP 222 R-12C12 BOSS 1 1 0 1 0 0 104.68902937440906 -220.83014234508863 143.1 -37.02921931293596 -241.5461613292745 84.33714 65.64048 99.80196076762365 -5.527460430520614 2.6285963 6.6846747 1.6020637 99.80196041604786 -5.5274454770831145 99.78416874468019 -5.538892454775418 48.496973457263174 154.24197194770505 5400.0 5400.0 2016.0 1 343 {-999.0 15.611266 14.779075 14.545248 -999.0} sdss_psfmag_ps1 15.300192 14.903745 14.102818 12.746 63050395111110614 1096710385 bright_1x1 mwm_bin_vis_boss mwm_filler science 0 0 0.0 0.0 -999 ""
FIBERMAP 222 R-12C12 METROLOGY 0 0 0 1 0 0 104.03606890204419 -221.20283066064758 143.1 -37.77881074552525 -241.48896268823145 84.33714 65.64048 -999.0 -999.0 -999.0 -999.0 -999.0 99.79853111264282 -5.5271369678826225 99.78076015517354 -5.538622998140791 48.49846957371321 154.24658505611993 -999.0 6231.0 -999.0 -1 -999 {-999.0 -999.0 -999.0 -999.0 -999.0} "" -999.0 -999.0 -999.0 -999.0 -999 -999 "" "" "" "" 0 0 0.0 0.0 -999 ""
FIBERMAP 228 R+13C11 APOGEE 0 0 0 1 0 0 86.02383212379198 268.17963182992963 143.1 221.505214795245 173.90379285754443 98.7734 76.61798 -999.0 -999.0 -999.0 -999.0 -999.0 100.96856563747961 -3.6433305328126915 100.95549628986856 -3.6586836344110845 49.78349055631382 151.48879478476496 -999.0 16600.0 -999.0 2 53 {-999.0 -999.0 -999.0 -999.0 -999.0} "" -999.0 -999.0 -999.0 -999.0 -999 -999 "" "" "" "" 0 0 0.0 0.0 -999 ""
FIBERMAP 228 R+13C11 BOSS 1 1 0 1 0 0 86.76607234491546 268.1526334872703 143.1 222.1048017294606 173.46555514640872 98.7734 76.61798 100.97107917454883 -3.645468175430694 1.5704101 -4.804914 -1.4305749 100.97133890829771 -3.645474538401469 100.9581934872931 -3.66067570011112 49.7805840883803 151.48621907123015 5400.0 5400.0 2016.0 1 163 {-999.0 13.757735 13.35204 13.223445 -999.0} sdss_psfmag_gaia 13.57019 13.377078 12.775397 11.944 63050395111676059 1093494976 bright_3x1 mwm_astar_core_boss mwm_ob science 0 0 0.9706055521965027 0.0 -999 ""
FIBERMAP 228 R+13C11 METROLOGY 0 0 0 1 0 0 86.37435458840346 267.51896774313656 143.1 221.42534232794998 173.16024093799837 98.7734 76.61798 -999.0 -999.0 -999.0 -999.0 -999.0 100.96829312184255 -3.6467854029424824 100.9551648734352 -3.662023124654068 49.78056607228822 151.4913438078604 -999.0 6231.0 -999.0 -1 -999 {-999.0 -999.0 -999.0 -999.0 -999.0} "" -999.0 -999.0 -999.0 -999.0 -999 -999 "" "" "" "" 0 0 0.0 0.0 -999 ""
FIBERMAP 233 R+4C4 APOGEE 0 0 0 1 0 0 -169.3433535552209 88.49965372542508 143.1 -90.66160874410377 168.17758319078231 61.571407 102.547455 -999.0 -999.0 -999.0 -999.0 -999.0 99.55295567534121 -3.6697995392389515 99.54023760750783 -3.6815556048922318 50.311810058974174 153.528947503719 -999.0 16600.0 -999.0 2 -999 {-999.0 -999.0 -999.0 -999.0 -999.0} "" -999.0 -999.0 -999.0 -999.0 -999 -999 "" "" "" "" 0 0 0.0 0.0 -999 ""
FIBERMAP 233 R+4C4 BOSS 1 1 0 1 0 0 -168.63433975336642 88.31374732598297 143.1 -90.17857587821655 167.62635659956814 61.571407 102.547455 99.55521438110394 -3.6723855277718753 -2.194023 -0.74509555 0.14149511 99.5551864888084 -3.6723877299795475 99.54239712686046 -3.683991364078148 50.30874319394524 153.52725265759656 5400.0 5400.0 2016.0 1 36 {-999.0 15.008935 14.553977 14.263346 -999.0} sdss_psfmag_ps1 14.672134 14.195913 13.5303545 12.367 63050395111479251 1093342014 bright_3x1 mwm_astar_core_boss mwm_ob science 0 0 0.0 0.0 -999 ""
FIBERMAP 233 R+4C4 METROLOGY 0 0 0 1 0 0 -169.14817848564013 87.77953660111407 143.1 -90.90344959803163 167.47183432142558 61.571407 102.547455 -999.0 -999.0 -999.0 -999.0 -999.0 99.55187966247263 -3.6730669811024006 99.53910757100044 -3.684706439421551 50.30931342057356 153.5324370461984 -999.0 6231.0 -999.0 -1 -999 {-999.0 -999.0 -999.0 -999.0 -999.0} "" -999.0 -999.0 -999.0 -999.0 -999 -999 "" "" "" "" 0 0 0.0 0.0 -999 ""
FIBERMAP 238 R-5C3 APOGEE 1 1 0 1 0 0 -199.75415665462899 -99.91954440863087 143.1 -221.41894394287135 29.170349390888855 163.84032 145.04547 98.96028323754363 -4.302216299596512 -3.6092713 -3.6984072 1.0102147 98.96028330170576 -4.302196255253602 98.94606491306996 -4.3121853790105185 49.94326303317859 154.7504470647491 16000.0 16600.0 2016.0 2 290 {-999.0 12.783816 12.391893 12.257249 -999.0} sdss_psfmag_from_g3xp 12.716686 12.405636 11.924883 11.124 63050395111440874 1108071203 bright_flexible_3x1 mwm_tess_rgb_apogee mwm_tessrgb science 0 0 0.0 0.0 -999 ""
FIBERMAP 238 R-5C3 BOSS 0 0 0 1 0 0 -200.22505040409413 -99.35427811230318 143.1 -221.4922129669558 29.90233820920343 163.84032 145.04547 -999.0 -999.0 -999.0 -999.0 -999.0 98.95997700681778 -4.299033194704652 98.94570518870808 -4.308862696460356 49.94649233566662 154.7491098652013 -999.0 5400.0 -999.0 1 444 {-999.0 -999.0 -999.0 -999.0 -999.0} "" -999.0 -999.0 -999.0 -999.0 -999 -999 "" "" "" "" 0 0 0.0 0.0 -999 ""
FIBERMAP 238 R-5C3 METROLOGY 0 0 0 1 0 0 -199.49363156244212 -99.21808974198318 143.1 -220.8101544686236 29.60531293856295 163.84032 145.04547 -999.0 -999.0 -999.0 -999.0 -999.0 98.9630363993061 -4.300327590222596 98.94877777615733 -4.310209722911722 49.94413326327276 154.74542048813652 -999.0 6231.0 -999.0 -1 -999 {-999.0 -999.0 -999.0 -999.0 -999.0} "" -999.0 -999.0 -999.0 -999.0 -999 -999 "" "" "" "" 0 0 0.0 0.0 -999 ""
FIBERMAP 240 R-13C13 APOGEE 0 0 0 1 0 0 121.1001925457531 -262.43479938585574 143.1 -46.748833208684296 -285.19781465369584 236.9674 138.40807 -999.0 -999.0 -999.0 -999.0 -999.0 99.75868566435945 -5.721665104076303 99.74045514148702 -5.733087843071869 48.33218383673305 154.41007170487117 -999.0 16600.0 -999.0 2 176 {-999.0 -999.0 -999.0 -999.0 -999.0} "" -999.0 -999.0 -999.0 -999.0 -999 -999 "" "" "" "" 0 0 0.0 0.0 -999 ""
FIBERMAP 240 R-13C13 BOSS 1 1 0 1 0 0 120.37869687397043 -262.6254059785735 143.1 -47.4531640512889 -284.95141784227485 236.9674 138.40807 99.7556104715032 -5.720698108525118 -14.940766 -6.0252814 1.8620629 99.75555352517235 -5.720722461711463 99.73725979394379 -5.731968528452461 48.334386395187124 154.41390967083012 5400.0 5400.0 2016.0 1 345 {-999.0 16.202217 15.291339 14.891734 -999.0} sdss_psfmag_ps1 15.914213 15.260431 14.443134 12.738 63050395111107036 1096585459 bright_1x1 mwm_bin_vis_boss mwm_filler science 0 0 0.0 0.0 -999 ""
FIBERMAP 240 R-13C13 METROLOGY 0 0 0 1 0 0 120.57439359165893 -261.90930677061874 143.1 -46.88985927916387 -284.4680024571969 236.9674 138.40807 -999.0 -999.0 -999.0 -999.0 -999.0 99.75807878606878 -5.718533547634605 99.73980903971903 -5.729834887662064 48.33544699170211 154.40918583572454 -999.0 6231.0 -999.0 -1 -999 {-999.0 -999.0 -999.0 -999.0 -999.0} "" -999.0 -999.0 -999.0 -999.0 -999 -999 "" "" "" "" 0 0 0.0 0.0 -999 ""
FIBERMAP 245 R-9C16 APOGEE 1 1 0 1 0 0 143.1923189445239 -166.71834701430174 143.1 25.177625983183862 -218.3048801254135 51.754025 158.80475 100.08487475861706 -5.42247732810947 -0.9714587 -2.0434449 0.54154724 100.0848178981449 -5.422473221882949 100.06729019435517 -5.434849531831597 48.48932187187346 153.78880359289155 16000.0 16600.0 2016.0 2 193 {-999.0 14.026297 12.956225 12.519865 -999.0} sdss_psfmag_gaia 13.662068 12.967703 12.156666 10.444 63050395111118766 1104365645 bright_flexible_2x1 mwm_tess_rgb_apogee mwm_tessrgb science 0 0 0.0 0.0 -999 ""
FIBERMAP 245 R-9C16 BOSS 0 0 0 1 0 0 143.83165132797967 -166.34186971294753 143.1 25.918053774686406 -218.35130494213686 51.754025 158.80475 -999.0 -999.0 -999.0 -999.0 -999.0 100.0882639114288 -5.422877195691475 100.07066640159087 -5.4350944256622435 48.48784063220471 153.78423647040097 -999.0 5400.0 -999.0 1 308 {-999.0 -999.0 -999.0 -999.0 -999.0} "" -999.0 -999.0 -999.0 -999.0 -999 -999 "" "" "" "" 0 0 0.0 0.0 -999 ""
FIBERMAP 245 R-9C16 METROLOGY 0 0 0 1 0 0 143.84089196572 -167.0843271032098 143.1 25.50970705706844 -218.97137647403966 51.754025 158.80475 -999.0 -999.0 -999.0 -999.0 -999.0 100.08638811874982 -5.425612173219074 100.0688030659532 -5.437870989806258 48.48595668156937 153.7883961082198 -999.0 6231.0 -999.0 -1 -999 {-999.0 -999.0 -999.0 -999.0 -999.0} "" -999.0 -999.0 -999.0 -999.0 -999 -999 "" "" "" "" 0 0 0.0 0.0 -999 ""
FIBERMAP 251 R-9C13 APOGEE 0 0 0 1 0 0 62.511538546812076 -190.42750511338082 143.1 -54.925462190420475 -192.73497976974676 300.87564 18.39852 -999.0 -999.0 -999.0 -999.0 -999.0 99.71944004810243 -5.308128499965331 99.7023235483681 -5.319626990177431 48.730840606921205 154.23485166545444 -999.0 16600.0 -999.0 2 172 {-999.0 -999.0 -999.0 -999.0 -999.0} "" -999.0 -999.0 -999.0 -999.0 -999 -999 "" "" "" "" 0 0 0.0 0.0 -999 ""
FIBERMAP 251 R-9C13 BOSS 1 1 0 1 0 0 61.95358407182455 -189.94472736711754 143.1 -55.117052252515684 -192.02252672337454 300.87564 18.39852 99.71860498522057 -5.305148028575923 -0.015370184 0.93515605 0.09570599 99.71860559060227 -5.305133487091792 99.7014312687026 -5.316464500246173 48.734108442133426 154.2343444555298 5400.0 5400.0 2016.0 1 397 {-999.0 16.357473 15.8683815 15.658695 -999.0} sdss_psfmag_ps1 16.20887 15.859376 15.334071 14.436 63050395111129076 1093342001 bright_3x1 mwm_astar_core_boss mwm_ob science 0 0 0.0 0.0 -999 ""
FIBERMAP 251 R-9C13 METROLOGY 0 0 0 1 0 0 62.66111129617475 -189.6973951686708 143.1 -54.39250648485155 -192.21411755584512 300.87564 18.39852 -999.0 -999.0 -999.0 -999.0 -999.0 99.72189434767904 -5.305939941056983 99.70473562223481 -5.317326170940278 48.73209903132822 154.23018409679472 -999.0 6231.0 -999.0 -1 -999 {-999.0 -999.0 -999.0 -999.0 -999.0} "" -999.0 -999.0 -999.0 -999.0 -999 -999 "" "" "" "" 0 0 0.0 0.0 -999 ""
FIBERMAP 256 R-3C17 APOGEE 0 0 0 1 0 0 105.33838408891742 -71.58868800943802 143.1 47.12872055511608 -118.31007598375325 295.0119 110.47344 -999.0 -999.0 -999.0 -999.0 -999.0 100.18415792340285 -4.9703780520859135 100.16780423258484 -4.983196603543715 48.870319309609606 153.39139190110583 -999.0 16600.0 -999.0 2 -999 {-999.0 -999.0 -999.0 -999.0 -999.0} "" -999.0 -999.0 -999.0 -999.0 -999 -999 "" "" "" "" 0 0 0.0 0.0 -999 ""
FIBERMAP 256 R-3C17 BOSS 1 1 0 1 0 0 104.82934658683105 -72.13787847165217 143.1 46.39942999108516 -118.47969442897605 295.0119 110.47344 100.18108666370121 -4.971415152359074 -2.384701 0.04690079 0.22144793 100.18091857185618 -4.971377055687463 100.16449553332444 -4.984021937544151 48.87080124678766 153.39650559825873 5400.0 5400.0 2016.0 1 302 {-999.0 13.947334 13.751886 13.685943 -999.0} sdss_psfmag_from_g3xp 13.953671 13.732742 13.340582 12.674 63050395111172788 1093136323 bright_3x1 mwm_astar_core_boss mwm_ob science 0 0 0.0 0.0 -999 ""
FIBERMAP 256 R-3C17 METROLOGY 0 0 0 1 0 0 104.60894064092054 -71.43192628998382 143.1 46.612438313431085 -117.77153990125959 295.0119 110.47344 -999.0 -999.0 -999.0 -999.0 -999.0 100.18186179622099 -4.968102836773083 100.1654663530336 -4.980798267759456 48.8734201375914 153.3932916281862 -999.0 6231.0 -999.0 -1 -999 {-999.0 -999.0 -999.0 -999.0 -999.0} "" -999.0 -999.0 -999.0 -999.0 -999 -999 "" "" "" "" 0 0 0.0 0.0 -999 ""
FIBERMAP 260 R+3C9 APOGEE 1 1 0 1 0 0 -65.75292559585779 49.09348895333609 143.1 -26.948620296422718 77.50005513451718 345.53796 95.65252 99.8435501648434 -4.079924779153277 -5.768821 -2.4018903 2.8939145 99.84352177649362 -4.079937726575667 99.82963136170633 -4.092263213039568 49.82257611851979 153.35341643407546 16000.0 16600.0 2016.0 2 121 {-999.0 18.020678 16.633024 15.486036 -999.0} sdss_psfmag_ps1 17.3835 16.040518 14.905049 12.628 63050395111272234 917158493 bright_3x1 mwm_yso_pms_apogee_zari18pms mwm_yso science 0 0 0.0 0.0 -999 ""
FIBERMAP 260 R+3C9 BOSS 0 0 0 1 0 0 -65.8574170807029 48.371750803606666 143.1 -27.439549532432206 76.96086725477589 345.53796 95.65252 -999.0 -999.0 -999.0 -999.0 -999.0 99.84133738371999 -4.082516653911248 99.82737544417529 -4.094675928837632 49.821193160414275 153.35805912460177 -999.0 5400.0 -999.0 1 32 {-999.0 -999.0 -999.0 -999.0 -999.0} "" -999.0 -999.0 -999.0 -999.0 -999 -999 "" "" "" "" 0 0 0.0 0.0 -999 ""
FIBERMAP 260 R+3C9 METROLOGY 0 0 0 1 0 0 -66.45219793790818 48.81547212072356 143.1 -27.68352210760685 77.66160811424305 345.53796 95.65252 -999.0 -999.0 -999.0 -999.0 -999.0 99.84020095708745 -4.0792937758191075 99.82626641525167 -4.091496740451268 49.82455460899878 153.3577836689932 -999.0 6231.0 -999.0 -1 -999 {-999.0 -999.0 -999.0 -999.0 -999.0} "" -999.0 -999.0 -999.0 -999.0 -999 -999 "" "" "" "" 0 0 0.0 0.0 -999 ""
FIBERMAP 261 R+4C15 APOGEE 1 1 0 1 0 0 62.57626459717804 57.33439070138861 143.1 83.94940808524458 12.422080076518311 313.78955 46.902473 100.35076549620081 -4.374990968293407 -2.1803796 0.25881034 0.5431383 100.35073969933234 -4.37495710947101 100.33591756336028 -4.388446028693049 49.35607878137174 152.80795910644397 16000.0 16600.0 2016.0 2 65 {-999.0 13.7678175 12.988168 12.69997 -999.0} sdss_psfmag_gaia 13.542541 13.030558 12.350837 11.161 63050395111193478 1109202674 bright_flexible_3x1 mwm_tess_rgb_apogee mwm_tessrgb science 0 0 0.0 0.0 -999 ""
FIBERMAP 261 R+4C15 BOSS 0 0 0 1 0 0 61.837692204100435 57.2989544028345 143.1 83.31787660197243 12.806555104862724 313.78955 46.902473 -999.0 -999.0 -999.0 -999.0 -999.0 100.3479642952709 -4.373369310952141 100.33307946040622 -4.386690160754062 49.35878954708722 152.8109292323402 -999.0 5400.0 -999.0 1 212 {-999.0 -999.0 -999.0 -999.0 -999.0} "" -999.0 -999.0 -999.0 -999.0 -999 -999 "" "" "" "" 0 0 0.0 0.0 -999 ""
FIBERMAP 261 R+4C15 METROLOGY 0 0 0 1 0 0 62.166945902815336 57.96510680989989 143.1 83.96380635962832 13.173773045010725 313.78955 46.902473 -999.0 -999.0 -999.0 -999.0 -999.0 100.35087773689632 -4.371643915837748 100.3360158022328 -4.385018687629191 49.35920360171294 152.80579233185256 -999.0 6231.0 -999.0 -1 -999 {-999.0 -999.0 -999.0 -999.0 -999.0} "" -999.0 -999.0 -999.0 -999.0 -999 -999 "" "" "" "" 0 0 0.0 0.0 -999 ""
FIBERMAP 264 R+10C3 APOGEE 0 0 0 1 0 0 -125.26190631911463 197.61906428438897 143.1 6.985825282528278 233.85004043115697 354.87082 141.05278 -999.0 -999.0 -999.0 -999.0 -999.0 99.99639725454482 -3.3725754531487753 99.9843329724161 -3.3855784216197615 50.41663500712733 152.70973670024605 -999.0 16600.0 -999.0 2 136 {-999.0 -999.0 -999.0 -999.0 -999.0} "" -999.0 -999.0 -999.0 -999.0 -999 -999 "" "" "" "" 0 0 0.0 0.0 -999 ""
FIBERMAP 264 R+10C3 BOSS 1 1 0 1 0 0 -124.71910870853523 197.11172496550313 143.1 7.15110074133061 233.12573820322814 354.87082 141.05278 99.99722971319004 -3.375939588760936 -0.018691428 -2.4244385 -1.0771515 99.99722412173521 -3.37594016384883 99.98508538746091 -3.388788137132689 50.41338424926892 152.710594812595 5400.0 5400.0 2016.0 1 16 {-999.0 14.465856 14.032042 13.687776 -999.0} sdss_psfmag_from_g3xp 14.369278 14.176361 13.328813 12.243 63050395111937211 1093136300 bright_3x1 mwm_astar_core_boss mwm_ob science 0 0 0.0 0.0 -999 ""
FIBERMAP 264 R+10C3 METROLOGY 0 0 0 1 0 0 -125.43163639823351 196.88879209219414 143.1 6.43608461928122 233.3403380201174 354.87082 141.05278 -999.0 -999.0 -999.0 -999.0 -999.0 99.99395621654757 -3.3749494899685653 99.98183959569565 -3.3878337136006027 50.415515900787696 152.71470664453466 -999.0 6231.0 -999.0 -1 -999 {-999.0 -999.0 -999.0 -999.0 -999.0} "" -999.0 -999.0 -999.0 -999.0 -999 -999 "" "" "" "" 0 0 0.0 0.0 -999 ""
FIBERMAP 285 R-8C18 APOGEE 0 0 0 1 0 0 170.1064756120523 -158.93098401986023 143.1 51.830864492520824 -226.93551460613762 168.27043 146.14345 -999.0 -999.0 -999.0 -999.0 -999.0 100.20620245417832 -5.460634042892364 100.18853774505072 -5.473301545676943 48.40851241309494 153.64172884902558 -999.0 16600.0 -999.0 2 -999 {-999.0 -999.0 -999.0 -999.0 -999.0} "" -999.0 -999.0 -999.0 -999.0 -999 -999 "" "" "" "" 0 0 0.0 0.0 -999 ""
FIBERMAP 285 R-8C18 BOSS 1 1 0 1 0 0 169.58678026632035 -158.415075908772 143.1 51.689523146402315 -226.2170600355079 168.27043 146.14345 100.20563477569291 -5.457646271679028 0.3232738 0.3894687 0.13437809 100.2056343358697 -5.457618119172267 100.18790956637719 -5.4701175173399115 48.41169854555163 153.64080310227956 5400.0 5400.0 2016.0 1 319 {-999.0 15.417186 15.084278 14.988942 -999.0} sdss_psfmag_ps1 15.345024 15.06068 14.599454 13.821 63050395111114327 1093341962 bright_3x1 mwm_astar_core_boss mwm_ob science 0 0 0.0 0.0 -999 ""
FIBERMAP 285 R-8C18 METROLOGY 0 0 0 1 0 0 170.30169314555417 -158.2108784059915 143.1 52.39601720392823 -226.44851267799385 168.27043 146.14345 -999.0 -999.0 -999.0 -999.0 -999.0 100.20882838222803 -5.458583293684385 100.19111944570881 -5.471137956186435 48.40955412023376 153.63691747978544 -999.0 6231.0 -999.0 -1 -999 {-999.0 -999.0 -999.0 -999.0 -999.0} "" -999.0 -999.0 -999.0 -999.0 -999 -999 "" "" "" "" 0 0 0.0 0.0 -999 ""
FIBERMAP 288 R-1C7 APOGEE 1 1 0 1 0 0 -132.9885553839171 -32.093642799078374 143.1 -128.12157404331887 47.93407855620694 349.6233 77.79547 99.38255762661638 -4.215797663155925 0.9377839 2.058386 0.2989141 99.38253062119942 -4.215791834613002 99.36841652690924 -4.226890650479634 49.869371773220564 154.093141671396 16000.0 16600.0 2016.0 2 247 {-999.0 15.39364 13.926413 13.220272 -999.0} sdss_psfmag_from_g3xp 14.785312 13.782006 12.798517 10.534 63050395111267610 1106402633 bright_flexible_2x1 mwm_tess_rgb_apogee mwm_tessrgb science 0 0 0.0 0.0 -999 ""
FIBERMAP 288 R-1C7 BOSS 0 0 0 1 0 0 -133.23496767600798 -32.79551479561336 143.1 -128.718909302149 47.49086196355849 349.6233 77.79547 -999.0 -999.0 -999.0 -999.0 -999.0 99.37982690165562 -4.2179556474144775 99.36564430229748 -4.228886687267092 49.8685344808178 154.09827020546612 -999.0 5400.0 -999.0 1 483 {-999.0 -999.0 -999.0 -999.0 -999.0} "" -999.0 -999.0 -999.0 -999.0 -999 -999 "" "" "" "" 0 0 0.0 0.0 -999 ""
FIBERMAP 288 R-1C7 METROLOGY 0 0 0 1 0 0 -133.7225381556878 -32.22580653857004 143.1 -128.80350095162586 48.23587354901858 349.6233 77.79547 -999.0 -999.0 -999.0 -999.0 -999.0 99.37943189834468 -4.214527228589543 99.36527652712164 -4.225504039035071 49.871814403843985 154.09686613836453 -999.0 6231.0 -999.0 -1 -999 {-999.0 -999.0 -999.0 -999.0 -999.0} "" -999.0 -999.0 -999.0 -999.0 -999 -999 "" "" "" "" 0 0 0.0 0.0 -999 ""
FIBERMAP 289 R-11C12 APOGEE 1 1 0 1 0 0 64.76634994162947 -200.30149092902658 143.1 -58.590460590388965 -202.17586555257407 175.5881 68.08471 99.70294194745766 -5.350769360606729 -1.4753432 52.413826 12.425551 99.7029440219583 -5.350626737751735 99.68571912734404 -5.36206543598006 48.69742417686789 154.28175326135727 16000.0 16600.0 2016.0 2 175 {-999.0 16.79387 15.393639 14.2615 -999.0} sdss_psfmag_ps1 16.121794 14.732779 13.5724125 11.425 63050395111127946 1103779111 bright_flexible_4x1 mwm_tess_2min_apogee mwm_planet science 0 0 0.0 0.0 -999 ""
FIBERMAP 289 R-11C12 BOSS 0 0 0 1 0 0 65.09211734615728 -199.64197566182065 143.1 -57.951136935116395 -201.8121910347526 175.5881 68.08471 -999.0 -999.0 -999.0 -999.0 -999.0 99.70590134824006 -5.349202502110822 99.68861334839812 -5.360482429564179 48.69784082601404 154.27681223036404 -999.0 5400.0 -999.0 1 394 {-999.0 -999.0 -999.0 -999.0 -999.0} "" -999.0 -999.0 -999.0 -999.0 -999 -999 "" "" "" "" 0 0 0.0 0.0 -999 ""
FIBERMAP 289 R-11C12 METROLOGY 0 0 0 1 0 0 65.50902236264739 -200.25183580503813 143.1 -57.947566691224345 -202.55086197643487 175.5881 68.08471 -999.0 -999.0 -999.0 -999.0 -999.0 99.7059171739678 -5.352469255608659 99.68863917745517 -5.363795120029875 48.69474928407196 154.2786156630523 -999.0 6231.0 -999.0 -1 -999 {-999.0 -999.0 -999.0 -999.0 -999.0} "" -999.0 -999.0 -999.0 -999.0 -999 -999 "" "" "" "" 0 0 0.0 0.0 -999 ""
FIBERMAP 293 R-11C16 APOGEE 1 1 0 1 0 0 170.22789417173746 -205.4949463020921 143.1 25.841582135331247 -265.56724098788527 17.478125 160.0032 100.08815897654766 -5.633833209267098 0.9315825 -0.9495297 0.45413017 100.08815169912637 -5.6338325517194585 100.07005969263912 -5.646127585574129 48.292212853147156 153.9034323380927 16000.0 16600.0 2016.0 2 218 {-999.0 13.961269 13.297744 13.011542 -999.0} sdss_psfmag_from_g3xp 13.779185 13.304776 12.656799 11.492 63050395111104968 1107485063 bright_flexible_4x1 mwm_tess_rgb_apogee mwm_tessrgb science 0 0 0.0 0.0 -999 ""
FIBERMAP 293 R-11C16 BOSS 0 0 0 1 0 0 170.96329752674504 -205.51729385348133 143.1 26.43811270542145 -265.9977962677688 17.478125 160.0032 -999.0 -999.0 -999.0 -999.0 -999.0 100.09093432603542 -5.635913350292999 100.07276799583735 -5.648045635151356 48.289430410022234 153.90074340657262 -999.0 5400.0 -999.0 1 259 {-999.0 -999.0 -999.0 -999.0 -999.0} "" -999.0 -999.0 -999.0 -999.0 -999 -999 "" "" "" "" 0 0 0.0 0.0 -999 ""
FIBERMAP 293 R-11C16 METROLOGY 0 0 0 1 0 0 170.57117617384438 -206.1542223530356 143.1 25.756490924912548 -266.3055865142043 17.478125 160.0032 -999.0 -999.0 -999.0 -999.0 -999.0 100.08781853135186 -5.637245684761178 100.06966882318756 -5.649417375929592 48.28930331365743 153.90581282074632 -999.0 6231.0 -999.0 -1 -999 {-999.0 -999.0 -999.0 -999.0 -999.0} "" -999.0 -999.0 -999.0 -999.0 -999 -999 "" "" "" "" 0 0 0.0 0.0 -999 ""
FIBERMAP 296 R+3C13 APOGEE 1 1 0 1 0 0 25.454940999528652 55.42280070235785 143.1 52.134922780544386 31.638043748482833 0.76449513 105.85662 100.20528227292172 -4.287840836071775 -5.723392 1.656224 0.7313814 100.2052571745659 -4.287827387198192 100.19070889956168 -4.30098403364719 49.492474490962955 152.9617780003265 16000.0 16600.0 2016.0 2 5 {-999.0 13.782386 13.166747 12.951254 -999.0} sdss_psfmag_gaia 13.623245 13.208374 12.605149 10.836 63050395111252635 1104019442 bright_flexible_2x1 mwm_tess_rgb_apogee mwm_tessrgb science 0 0 0.0 0.0 -999 ""
FIBERMAP 296 R+3C13 BOSS 0 0 0 1 0 0 25.65804202591555 54.723174476339985 143.1 51.91112717867106 30.94482426429184 0.76449513 105.85662 -999.0 -999.0 -999.0 -999.0 -999.0 100.20434149636057 -4.291131537812335 100.18971768870324 -4.304123389646902 49.48995379220731 152.96503598397135 -999.0 5400.0 -999.0 1 106 {-999.0 -999.0 -999.0 -999.0 -999.0} "" -999.0 -999.0 -999.0 -999.0 -999 -999 "" "" "" "" 0 0 0.0 0.0 -999 ""
FIBERMAP 296 R+3C13 METROLOGY 0 0 0 1 0 0 24.931972791318778 54.85469291548289 143.1 51.38349558067982 31.460563599940336 0.76449513 105.85662 -999.0 -999.0 -999.0 -999.0 -999.0 100.20190012988168 -4.288745898391372 100.18730237487239 -4.301778221403468 49.49304299203589 152.967076946415 -999.0 6231.0 -999.0 -1 -999 {-999.0 -999.0 -999.0 -999.0 -999.0} "" -999.0 -999.0 -999.0 -999.0 -999 -999 "" "" "" "" 0 0 0.0 0.0 -999 ""
FIBERMAP 298 R-12C13 APOGEE 0 0 0 1 0 0 115.13786968971331 -216.9817952447009 143.1 -26.219386347955624 -244.21350485669365 101.72813 91.67806 -999.0 -999.0 -999.0 -999.0 -999.0 99.85112577510887 -5.539147021478312 99.83335520714661 -5.550881703184277 48.46782938621569 154.17993255948525 -999.0 16600.0 -999.0 2 -999 {-999.0 -999.0 -999.0 -999.0 -999.0} "" -999.0 -999.0 -999.0 -999.0 -999 -999 "" "" "" "" 0 0 0.0 0.0 -999 ""
FIBERMAP 298 R-12C13 BOSS 1 1 0 1 0 0 115.85353567492308 -216.8023469787033 143.1 -25.52613560222444 -244.46587647591227 101.72813 91.67806 99.85434442149696 -5.5404455532495955 -2.3222473 -1.5184497 -2.8971236 99.85434901641952 -5.540465042111273 99.83650713354388 -5.552039198520273 48.46559866526822 154.17617562692172 5400.0 5400.0 2016.0 1 344 {-999.0 15.617089 15.069834 14.870667 -999.0} sdss_psfmag_ps1 15.477193 15.35851 14.456143 13.414 63050395111109691 1093341956 bright_3x1 mwm_astar_core_boss mwm_ob science 0 0 0.0 0.0 -999 ""
FIBERMAP 298 R-12C13 METROLOGY 0 0 0 1 0 0 115.65722636049136 -217.51745430513964 143.1 -26.089391967051572 -244.94812715839723 101.72813 91.67806 -999.0 -999.0 -999.0 -999.0 -999.0 99.85177633025772 -5.542569460210163 99.83394854019025 -5.554183842819276 48.46454162295138 154.18093691249456 -999.0 6231.0 -999.0 -1 -999 {-999.0 -999.0 -999.0 -999.0 -999.0} "" -999.0 -999.0 -999.0 -999.0 -999 -999 "" "" "" "" 0 0 0.0 0.0 -999 ""
FIBERMAP 302 R-2C21 APOGEE 0 0 0 1 0 0 160.2955649642519 -42.95494528225845 143.1 108.68709321413978 -125.38853515673993 235.69484 63.96851 -999.0 -999.0 -999.0 -999.0 -999.0 100.46485790879993 -5.001111529170302 100.44834041799538 -5.014627594451035 48.73490720844814 153.01716765281802 -999.0 16600.0 -999.0 2 228 {-999.0 -999.0 -999.0 -999.0 -999.0} "" -999.0 -999.0 -999.0 -999.0 -999 -999 "" "" "" "" 0 0 0.0 0.0 -999 ""
FIBERMAP 302 R-2C21 BOSS 1 1 0 1 0 0 159.9228133999861 -42.31456088607752 143.1 108.73719308395783 -124.64932363598216 235.69484 63.96851 100.46518858458303 -4.99796315753975 -1.4992636 -3.1665356 -1.9484106 100.4651907276206 -4.997968708710497 100.44861262598175 -5.011321488670867 48.73785734846572 153.01486788476439 5400.0 5400.0 2016.0 1 284 {-999.0 15.863958 15.2591095 15.047867 -999.0} sdss_psfmag_ps1 15.66146 15.498467 14.665028 13.595 63050395111157353 1093342175 bright_3x1 mwm_astar_core_boss mwm_ob science 0 0 0.0 0.0 -999 ""
FIBERMAP 302 R-2C21 METROLOGY 0 0 0 1 0 0 160.66912902976534 -42.3073761765313 143.1 109.3593080230781 -125.06153482368398 235.69484 63.96851 -999.0 -999.0 -999.0 -999.0 -999.0 100.46799666313143 -4.99976472322728 100.4514324743244 -5.01317072239214 48.735073165562476 153.01200750317818 -999.0 6231.0 -999.0 -1 -999 {-999.0 -999.0 -999.0 -999.0 -999.0} "" -999.0 -999.0 -999.0 -999.0 -999 -999 "" "" "" "" 0 0 0.0 0.0 -999 ""
FIBERMAP 307 R0C7 APOGEE 0 0 0 1 0 0 -144.8837322814723 -2.4766830561742625 143.1 -121.37859647467029 79.12735769981319 341.31067 125.3572 -999.0 -999.0 -999.0 -999.0 -999.0 99.41313344773532 -4.073910726092542 99.39938651722935 -4.085145786837305 49.98969916323341 153.96725444603302 -999.0 16600.0 -999.0 2 250 {-999.0 -999.0 -999.0 -999.0 -999.0} "" -999.0 -999.0 -999.0 -999.0 -999 -999 "" "" "" "" 0 0 0.0 0.0 -999 ""
FIBERMAP 307 R0C7 BOSS 1 1 0 1 0 0 -144.67425357034395 -3.18345073989405 143.1 -121.60111152389496 78.42465032518842 341.31067 125.3572 99.41214635595824 -4.077221849465059 3.8229115 -4.8394465 0.5316924 99.41213787949603 -4.0772349179800775 99.39831886447774 -4.088306849463614 49.98715638999851 153.970612241419 5400.0 5400.0 2016.0 1 493 {-999.0 17.112642 16.51311 15.786798 -999.0} sdss_psfmag_ps1 16.787434 16.106514 15.300513 13.733 63050395111270585 980260514 "" ops_std_boss_red ops_std standard_boss 0 0 0.0 0.0 -999 ""
FIBERMAP 307 R0C7 METROLOGY 0 0 0 1 0 0 -145.40204821506367 -3.0143814461474716 143.1 -122.10913229965348 78.97245556159675 341.31067 125.3572 -999.0 -999.0 -999.0 -999.0 -999.0 99.40981910600009 -4.074715514216824 99.39602547997202 -4.085827725449205 49.99030588371813 153.9724913576242 -999.0 6231.0 -999.0 -1 -999 {-999.0 -999.0 -999.0 -999.0 -999.0} "" -999.0 -999.0 -999.0 -999.0 -999 -999 "" "" "" "" 0 0 0.0 0.0 -999 ""
FIBERMAP 310 R+1C8 APOGEE 0 0 0 1 0 0 -119.26669762481676 2.8537076018431584 143.1 -97.17626263438373 69.1886681366641 311.95547 87.11038 -999.0 -999.0 -999.0 -999.0 -999.0 99.52328734406413 -4.1187035138019725 99.50938902957364 -4.1302000228053135 49.90716561235979 153.83487127256876 -999.0 16600.0 -999.0 2 -999 {-999.0 -999.0 -999.0 -999.0 -999.0} "" -999.0 -999.0 -999.0 -999.0 -999 -999 "" "" "" "" 0 0 0.0 0.0 -999 ""
FIBERMAP 310 R+1C8 BOSS 1 1 0 1 0 0 -119.83992227683952 2.377140042468696 143.1 -97.9180215060585 69.11515920917911 311.95547 87.11038 99.51997001221083 -4.119180074139475 -5.0249596 -2.2960448 2.340537 99.51992972854123 -4.119177138760066 99.50596710356069 -4.130505366306305 49.90815086693766 153.83996733305082 5400.0 5400.0 2016.0 1 46 {-999.0 20.70228 19.106392 17.98522 -999.0} sdss_psfmag_ps1 20.14818 18.507113 17.332455 15.036 63050395111269536 1096320658 bright_1x1 mwm_bin_vis_boss mwm_filler science 0 0 0.0 0.0 -999 ""
FIBERMAP 310 R+1C8 METROLOGY 0 0 0 1 0 0 -119.9643030547511 3.1182990692753485 143.1 -97.6057598974445 69.79866860080341 311.95547 87.11038 -999.0 -999.0 -999.0 -999.0 -999.0 99.52133954701007 -4.116025029280683 99.50740300973973 -4.127403365940334 49.910498228957714 153.8361123174385 -999.0 6231.0 -999.0 -1 -999 {-999.0 -999.0 -999.0 -999.0 -999.0} "" -999.0 -999.0 -999.0 -999.0 -999 -999 "" "" "" "" 0 0 0.0 0.0 -999 ""
FIBERMAP 322 R+11C6 APOGEE 0 0 0 1 0 0 -39.29737495745298 217.53433913725456 143.1 89.33913341205992 202.17760155132274 44.907608 81.95253 -999.0 -999.0 -999.0 -999.0 -999.0 100.37095873556466 -3.514505102870721 100.35840767195867 -3.5283995300804816 50.13975150574148 152.2584955034143 -999.0 16600.0 -999.0 2 4 {-999.0 -999.0 -999.0 -999.0 -999.0} "" -999.0 -999.0 -999.0 -999.0 -999 -999 "" "" "" "" 0 0 0.0 0.0 -999 ""
FIBERMAP 322 R+11C6 BOSS 1 1 0 1 0 0 -38.85120184554424 216.945319293014 143.1 89.37861997181388 201.4397913401839 44.907608 81.95253 100.37127679626269 -3.517914181375906 -10.149327 -10.623499 3.3497975 100.37124500088329 -3.517941692194417 100.35861779047241 -3.531678609469341 50.13665283393598 152.26020076529997 5400.0 5400.0 2016.0 1 143 {-999.0 16.980995 15.56571 14.508857 13.874872} sdss_psfmag_from_gdr3 16.258827 15.246234 13.99053 11.879 63050395111688767 1059269454 bright_flexible_2x1 bhm_spiders_agn_gaiadr3 bhm_spiders science 0 0 0.0 0.0 -999 ""
FIBERMAP 322 R+11C6 METROLOGY 0 0 0 1 0 0 -39.5943740888969 216.83709443359047 143.1 88.702495438286 201.76656108736236 44.907608 81.95253 -999.0 -999.0 -999.0 -999.0 -999.0 100.36814528051241 -3.5164334219349724 100.35554197129926 -3.530207557819992 50.13920986542086 152.26370701456142 -999.0 6231.0 -999.0 -1 -999 {-999.0 -999.0 -999.0 -999.0 -999.0} "" -999.0 -999.0 -999.0 -999.0 -999 -999 "" "" "" "" 0 0 0.0 0.0 -999 ""
FIBERMAP 325 R+6C4 APOGEE 0 0 0 1 0 0 -163.45534234831692 136.93596058312775 143.1 -58.6463145249218 204.99287194108612 176.74757 29.135847 -999.0 -999.0 -999.0 -999.0 -999.0 99.69848547643781 -3.5031683373385154 99.68616488745641 -3.515362042011617 50.410707492837304 153.21918375053662 -999.0 16600.0 -999.0 2 -999 {-999.0 -999.0 -999.0 -999.0 -999.0} "" -999.0 -999.0 -999.0 -999.0 -999 -999 "" "" "" "" 0 0 0.0 0.0 -999 ""
FIBERMAP 325 R+6C4 BOSS 1 1 0 1 0 0 -162.77847065088227 137.2711609919133 143.1 -57.897924628344285 204.89122879517848 176.74757 29.135847 99.70196240127953 -3.503729322809223 -0.60661083 0.7891767 0.012500406 99.70193669133702 -3.5037224985584983 99.68954938208242 -3.5157685355804706 50.409048997843385 153.21452195697736 5400.0 5400.0 2016.0 1 38 {-999.0 18.478518 17.655754 17.277155 16.956736} sdss_psfmag_from_ps1dr2 18.267 17.6532 16.9152 15.58 63050395111481650 1039251348 "" ops_std_boss_ps1dr2 ops_std standard_boss 0 0 0.0 0.0 -999 ""
FIBERMAP 325 R+6C4 METROLOGY 0 0 0 1 0 0 -162.8338247578387 136.52319204600562 143.1 -58.36285604225726 204.30278516840286 176.74757 29.135847 -999.0 -999.0 -999.0 -999.0 -999.0 99.69980861303799 -3.506343199175608 99.68743321310865 -3.518427022048582 50.40739137467156 153.2191716332391 -999.0 6231.0 -999.0 -1 -999 {-999.0 -999.0 -999.0 -999.0 -999.0} "" -999.0 -999.0 -999.0 -999.0 -999 -999 "" "" "" "" 0 0 0.0 0.0 -999 ""
FIBERMAP 333 R+12C2 APOGEE 1 1 0 1 0 0 -121.56454875664427 226.16622464014594 143.1 26.042936512541807 255.42081065658746 344.12183 107.066696 100.08250454969456 -3.275998175024956 -5.035364 -0.91743416 0.5386847 100.08249964422166 -3.275990940597834 100.07066477990583 -3.2892515449707536 50.47205231372013 152.5263713479145 16000.0 16600.0 2016.0 2 132 {-999.0 14.547231 13.499378 13.041024 -999.0} sdss_psfmag_from_g3xp 14.183326 13.479975 12.663319 10.901 63050395111937763 1107823186 bright_flexible_2x1 mwm_tess_rgb_apogee mwm_tessrgb science 0 0 0.0 0.0 -999 ""
FIBERMAP 333 R+12C2 BOSS 0 0 0 1 0 0 -121.54891252949051 225.42944469264035 143.1 25.643067620141164 254.80185765644484 344.12183 107.066696 -999.0 -999.0 -999.0 -999.0 -999.0 100.0807663500074 -3.278893490550687 100.06885877150472 -3.291993274384049 50.47022656215571 152.53065539215305 -999.0 5400.0 -999.0 1 6 {-999.0 -999.0 -999.0 -999.0 -999.0} "" -999.0 -999.0 -999.0 -999.0 -999 -999 "" "" "" "" 0 0 0.0 0.0 -999 ""
FIBERMAP 333 R+12C2 METROLOGY 0 0 0 1 0 0 -122.20700650813652 225.77669405038196 143.1 25.292606558065174 255.45817604909487 344.12183 107.066696 -999.0 -999.0 -999.0 -999.0 -999.0 100.0791460194258 -3.2759283011212994 100.06726534460864 -3.289069188887078 50.4735389877374 152.53117354685617 -999.0 6231.0 -999.0 -1 -999 {-999.0 -999.0 -999.0 -999.0 -999.0} "" -999.0 -999.0 -999.0 -999.0 -999 -999 "" "" "" "" 0 0 0.0 0.0 -999 ""
FIBERMAP 343 R+11C1 APOGEE 0 0 0 1 0 0 -158.7206871103592 225.14340153679183 143.1 -5.302404863687303 275.3923467831295 69.177025 100.457115 -999.0 -999.0 -999.0 -999.0 -999.0 99.94018318299243 -3.18733387192101 99.9286250487396 -3.200269465433331 50.609041490448384 152.67780607193455 -999.0 16600.0 -999.0 2 139 {-999.0 -999.0 -999.0 -999.0 -999.0} "" -999.0 -999.0 -999.0 -999.0 -999 -999 "" "" "" "" 0 0 0.0 0.0 -999 ""
FIBERMAP 343 R+11C1 BOSS 1 1 0 1 0 0 -158.00417372320032 225.00886829486805 143.1 -4.784376497240777 274.8794647771652 69.177025 100.457115 99.94262695312499 -3.1897976668148544 -999.0 -999.0 -999.0 99.94259956524938 -3.189762770063787 99.93096937168349 -3.2025488747546413 50.606034443578004 152.6757930353431 5400.0 5400.0 2015.5 1 9 {-999.0 -999.0 -999.0 -999.0 -999.0} "" -999.0 -999.0 -999.0 -999.0 27021603131490344 810575445 "" ops_sky_boss_good ops_sky sky_boss 0 0 0.0 0.0 -999 ""
FIBERMAP 343 R+11C1 METROLOGY 0 0 0 1 0 0 -158.48336558497547 224.44155339581073 143.1 -5.499104414587889 274.67811335301855 69.177025 100.457115 -999.0 -999.0 -999.0 -999.0 -999.0 99.93934658394892 -3.1906251680718642 99.92773349366058 -3.203446489741246 50.60645549546093 152.6810347848228 -999.0 6231.0 -999.0 -1 -999 {-999.0 -999.0 -999.0 -999.0 -999.0} "" -999.0 -999.0 -999.0 -999.0 -999 -999 "" "" "" "" 0 0 0.0 0.0 -999 ""
FIBERMAP 361 R+13C14 APOGEE 1 1 0 1 0 0 152.63248491089564 239.38644342470852 143.1 260.53681863462566 112.73672969608634 310.52197 105.77469 101.1462738801474 -3.9191748169174168 -1.336114 -2.4638772 0.42029124 101.14629046330421 -3.919183931688168 101.13243959460766 -3.934872216455805 49.45958411888915 151.41105499359844 16000.0 16600.0 2016.0 2 98 {-999.0 14.720618 13.581827 13.094098 -999.0} sdss_psfmag_from_g3xp 14.308028 13.555553 12.712078 10.86 63050395111620113 1105880724 bright_flexible_2x1 mwm_tess_rgb_apogee mwm_tessrgb science 0 0 0.0 0.0 -999 ""
FIBERMAP 361 R+13C14 BOSS 0 0 0 1 0 0 152.22329552076786 238.77488104905893 143.1 259.8552739849524 112.45951059871004 310.52197 105.77469 -999.0 -999.0 -999.0 -999.0 -999.0 101.14332585894707 -3.92058869408195 101.1294015736475 -3.936109132256517 49.459674599188126 151.41608940942535 -999.0 5400.0 -999.0 1 90 {-999.0 -999.0 -999.0 -999.0 -999.0} "" -999.0 -999.0 -999.0 -999.0 -999 -999 "" "" "" "" 0 0 0.0 0.0 -999 ""
FIBERMAP 361 R+13C14 METROLOGY 0 0 0 1 0 0 151.885272340358 239.43628044662253 143.1 259.94591019967334 113.1966681307083 310.52197 105.77469 -999.0 -999.0 -999.0 -999.0 -999.0 101.14367295341675 -3.9172232403297915 101.12977746326544 -3.9327912383996604 49.46255948936326 151.41350279400248 -999.0 6231.0 -999.0 -1 -999 {-999.0 -999.0 -999.0 -999.0 -999.0} "" -999.0 -999.0 -999.0 -999.0 -999 -999 "" "" "" "" 0 0 0.0 0.0 -999 ""
FIBERMAP 368 R-8C2 APOGEE 0 0 0 1 0 0 -196.68061245646987 -151.88180570080334 143.1 -247.9879854209678 -15.586260474893486 202.35065 79.696495 -999.0 -999.0 -999.0 -999.0 -999.0 98.8411408016985 -4.505196199429583 98.82641852258973 -4.514798045315086 49.796756577128164 155.0357703517338 -999.0 16600.0 -999.0 2 -999 {-999.0 -999.0 -999.0 -999.0 -999.0} "" -999.0 -999.0 -999.0 -999.0 -999 -999 "" "" "" "" 0 0 0.0 0.0 -999 ""
FIBERMAP 368 R-8C2 BOSS 1 1 0 1 0 0 -196.79652176320585 -151.04953163692576 143.1 -247.61765598880027 -14.832037315536844 202.35065 79.696495 98.84284251263554 -4.501922814416629 -0.3329823 0.35541874 0.14446792 98.84283268585288 -4.501942795847796 98.8280569289318 -4.511389072094894 49.79936066783441 155.031525482156 5400.0 5400.0 2016.0 1 489 {-999.0 15.370841 14.848721 14.603779 -999.0} sdss_psfmag_from_g3xp 15.254972 14.84049 14.243526 13.219 63050395111235887 1093136214 bright_3x1 mwm_astar_core_boss mwm_ob science 0 0 0.0 0.0 -999 ""
FIBERMAP 368 R-8C2 METROLOGY 0 0 0 1 0 0 -196.12422940073955 -151.38471428485653 143.1 -247.24867501064256 -15.486317579139644 202.35065 79.696495 -999.0 -999.0 -999.0 -999.0 -999.0 98.84448020115151 -4.504859621483211 98.82971366345504 -4.514354561524857 49.796001458606305 155.03077030225177 -999.0 6231.0 -999.0 -1 -999 {-999.0 -999.0 -999.0 -999.0 -999.0} "" -999.0 -999.0 -999.0 -999.0 -999 -999 "" "" "" "" 0 0 0.0 0.0 -999 ""
FIBERMAP 372 R+12C4 APOGEE 0 0 0 1 0 0 -109.41105401139447 230.6216945174695 143.1 38.60471467671107 252.3011589076803 233.61453 59.17052 -999.0 -999.0 -999.0 -999.0 -999.0 100.1395056836513 -3.289861401296879 100.12761713974652 -3.3032609050930604 50.43702568880062 152.45266503242874 -999.0 16600.0 -999.0 2 -999 {-999.0 -999.0 -999.0 -999.0 -999.0} "" -999.0 -999.0 -999.0 -999.0 -999 -999 "" "" "" "" 0 0 0.0 0.0 -999 ""
FIBERMAP 372 R+12C4 BOSS 1 1 0 1 0 0 -109.71639383883532 231.29094976364863 143.1 38.726820479257846 253.0265100370538 233.61453 59.17052 100.13966105645511 -3.287028781170021 0.07559327 -1.8343494 0.40271974 100.14011157796556 -3.2867622461010613 100.12816522165207 -3.300009206966837 50.43980735631724 152.44988492946754 5400.0 5400.0 2016.0 1 93 {-999.0 13.18816 12.750258 12.54883 -999.0} sdss_psfmag_from_g3xp 13.102924 12.738904 12.186437 11.283 63050395111937648 1093136335 bright_3x1 mwm_astar_core_boss mwm_ob science 0 0 1.1661866903305054 0.0 -999 ""
FIBERMAP 372 R+12C4 METROLOGY 0 0 0 1 0 0 -108.97234119192038 231.22517860387185 143.1 39.30618398958554 252.55514565600058 233.61453 59.17052 -999.0 -999.0 -999.0 -999.0 -999.0 100.14272876935892 -3.288825097136478 100.13079482506168 -3.3021218660681124 50.436838852920246 152.4473810499597 -999.0 6231.0 -999.0 -1 -999 {-999.0 -999.0 -999.0 -999.0 -999.0} "" -999.0 -999.0 -999.0 -999.0 -999 -999 "" "" "" "" 0 0 0.0 0.0 -999 ""
FIBERMAP 373 R-8C13 APOGEE 0 0 0 1 0 0 68.21731270525149 -167.35509711663232 143.1 -37.27251508956921 -176.823649519831 266.22424 125.89414 -999.0 -999.0 -999.0 -999.0 -999.0 99.79960818422009 -5.236333280341244 99.78265945334175 -5.248065395020073 48.76793265372424 154.0820971627761 -999.0 16600.0 -999.0 2 -999 {-999.0 -999.0 -999.0 -999.0 -999.0} "" -999.0 -999.0 -999.0 -999.0 -999 -999 "" "" "" "" 0 0 0.0 0.0 -999 ""
FIBERMAP 373 R-8C13 BOSS 1 1 0 1 0 0 67.59352513808889 -167.7545209471111 143.1 -38.012925822934385 -176.804938511433 266.22424 125.89414 99.79643125614119 -5.236388190774134 -47.53224 -23.28755 12.15102 99.79628676640694 -5.236471926621388 99.77927233802262 -5.248029276313845 48.7692110000995 154.086833136852 5400.0 5400.0 2016.0 1 353 {-999.0 17.33003 15.882132 14.60335 -999.0} sdss_psfmag_ps1 16.666885 15.219463 14.010307 -999.0 63050395111136575 1132519577 bright_2x1 mwm_snc_100pc_boss mwm_snc science 0 0 0.0 0.0 -999 ""
FIBERMAP 373 R-8C13 METROLOGY 0 0 0 1 0 0 67.54955067400071 -167.02229710141046 143.1 -37.639079095411276 -176.17388087265886 266.22424 125.89414 -999.0 -999.0 -999.0 -999.0 -999.0 99.79796419781893 -5.233563989317039 99.78097580726501 -5.2451739532579555 48.77123874752928 154.0828422225394 -999.0 6231.0 -999.0 -1 -999 {-999.0 -999.0 -999.0 -999.0 -999.0} "" -999.0 -999.0 -999.0 -999.0 -999 -999 "" "" "" "" 0 0 0.0 0.0 -999 ""
FIBERMAP 375 R+2C25 APOGEE 0 0 0 1 0 0 266.8690019995592 60.082649491752676 143.1 254.68196916912362 -99.76729341907976 159.81519 32.493107 -999.0 -999.0 -999.0 -999.0 -999.0 101.12456670356279 -4.879950682374578 101.10817815523006 -4.895184013110167 48.58892334750307 152.0300424712755 -999.0 16600.0 -999.0 2 57 {-999.0 -999.0 -999.0 -999.0 -999.0} "" -999.0 -999.0 -999.0 -999.0 -999 -999 "" "" "" "" 0 0 0.0 0.0 -999 ""
FIBERMAP 375 R+2C25 BOSS 1 1 0 1 0 0 267.5855542081837 60.25195313215117 143.1 255.3702698291112 -100.02856324322678 159.81519 32.493107 101.12771474448435 -4.881254977203274 -0.5829827 1.1688524 0.11227671 101.12771435327106 -4.881263977552302 101.11124985828201 -4.89633934374235 48.58665089772722 152.02648499844997 5400.0 5400.0 2016.0 1 176 {-999.0 14.809101 14.662463 14.616541 -999.0} sdss_psfmag_ps1 14.745468 14.51439 14.124035 13.475 63050395111162490 1068387785 bright_3x1 mwm_ob_core_boss mwm_ob science 0 0 0.0 0.0 -999 ""
FIBERMAP 375 R+2C25 METROLOGY 0 0 0 1 0 0 267.3800161020241 59.54016864816478 143.1 254.8012320858683 -100.50289108661201 159.81519 32.493107 -999.0 -999.0 -999.0 -999.0 -999.0 101.12514441990804 -4.883381956825543 101.10869533633337 -4.89849680224437 48.58567715408868 152.03130940629848 -999.0 6231.0 -999.0 -1 -999 {-999.0 -999.0 -999.0 -999.0 -999.0} "" -999.0 -999.0 -999.0 -999.0 -999 -999 "" "" "" "" 0 0 0.0 0.0 -999 ""
FIBERMAP 380 R-1C10 APOGEE 0 0 0 1 0 0 -94.38823178387526 -25.471322439095307 143.1 -92.44277185487185 31.79079793979165 226.43219 86.457085 -999.0 -999.0 -999.0 -999.0 -999.0 99.54505770957347 -4.2888027536953075 99.53070187136353 -4.300284359077137 49.74135066036302 153.9021853824207 -999.0 16600.0 -999.0 2 -999 {-999.0 -999.0 -999.0 -999.0 -999.0} "" -999.0 -999.0 -999.0 -999.0 -999 -999 "" "" "" "" 0 0 0.0 0.0 -999 ""
FIBERMAP 380 R-1C10 BOSS 1 1 0 1 0 0 -94.9314980765725 -24.93812199130002 143.1 -92.59394545118006 32.536780636704144 226.43219 86.457085 99.54437255859375 -4.285558160247234 -999.0 -999.0 -999.0 99.54438256622467 -4.285553135893298 99.52997124044055 -4.296873838678412 49.744788110225166 153.90127459399486 5400.0 5400.0 2015.5 1 441 {-999.0 -999.0 -999.0 -999.0 -999.0} "" -999.0 -999.0 -999.0 -999.0 27021603131450508 819435392 "" ops_sky_boss_good ops_sky sky_boss 0 0 0.0 0.0 -999 ""
FIBERMAP 380 R-1C10 METROLOGY 0 0 0 1 0 0 -94.1970410088067 -24.750137256191163 143.1 -91.8803491710754 32.280950150822136 226.43219 86.457085 -999.0 -999.0 -999.0 -999.0 -999.0 99.54762756642262 -4.286667105564373 99.53323054002601 -4.2980410763189125 49.74249840413617 153.897274084147 -999.0 6231.0 -999.0 -1 -999 {-999.0 -999.0 -999.0 -999.0 -999.0} "" -999.0 -999.0 -999.0 -999.0 -999 -999 "" "" "" "" 0 0 0.0 0.0 -999 ""
FIBERMAP 382 R+9C5 APOGEE 1 1 0 1 0 0 -103.67090621733892 182.89187015438924 143.1 16.61556029307706 209.5556998052738 63.192513 153.83194 100.04053415947679 -3.4815053754493395 -1.9616754 -3.8585086 0.86363643 100.04049595753101 -3.481512496036778 100.02813062236464 -3.494582936219747 50.29920346902277 152.71251635140754 16000.0 16600.0 2016.0 2 112 {-999.0 12.575684 11.627012 11.212981 -999.0} sdss_psfmag_from_g3xp 12.260865 11.619101 10.842975 9.209 63050395111691798 1108068585 bright_1x1 mwm_tess_rgb_apogee mwm_tessrgb science 0 0 0.0 0.0 -999 ""
FIBERMAP 382 R+9C5 BOSS 0 0 0 1 0 0 -103.03432123017724 183.27931626573607 143.1 17.359858561482294 209.51989858998866 63.192513 153.83194 -999.0 -999.0 -999.0 -999.0 -999.0 100.04394915313756 -3.4817775543435774 100.03151648364951 -3.4947002859974616 50.297789848065705 152.70770731444665 -999.0 5400.0 -999.0 1 80 {-999.0 -999.0 -999.0 -999.0 -999.0} "" -999.0 -999.0 -999.0 -999.0 -999 -999 "" "" "" "" 0 0 0.0 0.0 -999 ""
FIBERMAP 382 R+9C5 METROLOGY 0 0 0 1 0 0 -103.01322040657408 182.52068529645535 143.1 16.95227222828223 208.87978702546198 63.192513 153.83194 -999.0 -999.0 -999.0 -999.0 -999.0 100.04208715008532 -3.4846237996106613 100.02966610795079 -3.49758494849355 50.295842458979244 152.7121183564971 -999.0 6231.0 -999.0 -1 -999 {-999.0 -999.0 -999.0 -999.0 -999.0} "" -999.0 -999.0 -999.0 -999.0 -999 -999 "" "" "" "" 0 0 0.0 0.0 -999 ""
FIBERMAP 383 R+6C1 APOGEE 1 1 0 1 0 0 -242.30886696622235 122.30811767597551 143.1 -132.14782117656839 237.05999134626086 205.29996 64.8343 99.36599375457389 -3.361666758703114 -1.434259 3.4247339 0.5822895 99.36599241252145 -3.361643839638824 99.3541453351254 -3.3730502008010754 50.66745134349256 153.61777905246515 16000.0 16600.0 2016.0 2 119 {-999.0 13.625763 12.519243 12.061777 -999.0} sdss_psfmag_gaia 13.243608 12.523315 11.697654 9.928 63050395111497798 1108768373 bright_1x1 mwm_tess_rgb_apogee mwm_tessrgb science 0 0 0.0 0.0 -999 ""
FIBERMAP 383 R+6C1 BOSS 0 0 0 1 0 0 -242.33119199214568 123.03251666714554 143.1 -131.76042892782505 237.67243833345495 205.29996 64.8343 -999.0 -999.0 -999.0 -999.0 -999.0 99.36781684602767 -3.359046642495378 99.35591335576305 -3.370303567534245 50.66933761421643 153.61357465107142 -999.0 5400.0 -999.0 1 83 {-999.0 -999.0 -999.0 -999.0 -999.0} "" -999.0 -999.0 -999.0 -999.0 -999 -999 "" "" "" "" 0 0 0.0 0.0 -999 ""
FIBERMAP 383 R+6C1 METROLOGY 0 0 0 1 0 0 -241.66821269071755 122.69767500648788 143.1 -131.39896985564175 237.0236585897049 205.29996 64.8343 -999.0 -999.0 -999.0 -999.0 -999.0 99.36941609743248 -3.361887402554038 99.35752238942229 -3.3731911908035057 50.666058654110955 153.6129302393786 -999.0 6231.0 -999.0 -1 -999 {-999.0 -999.0 -999.0 -999.0 -999.0} "" -999.0 -999.0 -999.0 -999.0 -999 -999 "" "" "" "" 0 0 0.0 0.0 -999 ""
FIBERMAP 386 R-4C2 APOGEE 0 0 0 1 0 0 -232.4562712571601 -82.4759799865895 143.1 -238.72878074156083 61.939923942146045 176.688 146.07376 -999.0 -999.0 -999.0 -999.0 -999.0 98.88266987253547 -4.154017415059216 98.86886774214719 -4.163870000050919 50.1093388879166 154.77928018698165 -999.0 16600.0 -999.0 2 -999 {-999.0 -999.0 -999.0 -999.0 -999.0} "" -999.0 -999.0 -999.0 -999.0 -999 -999 "" "" "" "" 0 0 0.0 0.0 -999 ""
FIBERMAP 386 R-4C2 BOSS 1 1 0 1 0 0 -233.05981702693617 -82.03109663336937 143.1 -238.97936121838507 62.64653817571888 176.688 146.07376 98.88158799917204 -4.150985665814953 0.489091 -1.9263055 -0.13388778 98.8815913065345 -4.150977713493627 98.8677360995876 -4.1606695634258735 50.11273113770117 154.77912977436685 5400.0 5400.0 2016.0 1 486 {-999.0 15.458207 15.015423 14.848831 -999.0} sdss_psfmag_ps1 15.307156 14.966364 14.4170475 13.581 63050395111442661 1093341983 bright_3x1 mwm_astar_core_boss mwm_ob science 0 0 0.0 0.0 -999 ""
FIBERMAP 386 R-4C2 METROLOGY 0 0 0 1 0 0 -232.36525847818555 -81.73545405552757 143.1 -238.23848758768887 62.50222376296512 176.688 146.07376 -999.0 -999.0 -999.0 -999.0 -999.0 98.88490012416129 -4.151572402155175 98.87105976573218 -4.16131755585291 50.110935421187 154.77466885139685 -999.0 6231.0 -999.0 -1 -999 {-999.0 -999.0 -999.0 -999.0 -999.0} "" -999.0 -999.0 -999.0 -999.0 -999 -999 "" "" "" "" 0 0 0.0 0.0 -999 ""
FIBERMAP 388 R+2C3 APOGEE 0 0 0 1 0 0 -203.25618968980433 36.95357797827334 143.1 -147.62912197178144 144.48916294012932 55.57482 39.647617 -999.0 -999.0 -999.0 -999.0 -999.0 99.29437825856245 -3.778269376463457 99.2814499479303 -3.789323833336737 50.308060655896625 153.9670667625648 -999.0 16600.0 -999.0 2 116 {-999.0 -999.0 -999.0 -999.0 -999.0} "" -999.0 -999.0 -999.0 -999.0 -999 -999 "" "" "" "" 0 0 0.0 0.0 -999 ""
FIBERMAP 388 R+2C3 BOSS 1 1 0 1 0 0 -203.16405151307887 36.21061335427633 143.1 -147.96909818048448 143.82222374052802 55.57482 39.647617 99.29284771607962 -3.7814400117421814 0.25703788 0.8114475 0.5704617 99.29286027672724 -3.781416803362243 99.27986127365256 -3.7923086592868795 50.305873724009174 153.97110120931123 5400.0 5400.0 2016.0 1 60 {-999.0 17.688002 16.789356 16.424007 -999.0} sdss_psfmag_ps1 17.24008 16.6751 15.966056 14.647 63050395111472988 982130120 "" ops_std_boss_tic ops_std standard_boss 0 0 0.0 0.0 -999 ""
FIBERMAP 388 R+2C3 METROLOGY 0 0 0 1 0 0 -203.84842117102585 36.4903210356696 143.1 -148.37916411007495 144.43732724766687 55.57482 39.647617 -999.0 -999.0 -999.0 -999.0 -999.0 99.2910004438092 -3.7786109244066775 99.27802723161574 -3.7895438315997017 50.309119302750226 153.9721625793787 -999.0 6231.0 -999.0 -1 -999 {-999.0 -999.0 -999.0 -999.0 -999.0} "" -999.0 -999.0 -999.0 -999.0 -999 -999 "" "" "" "" 0 0 0.0 0.0 -999 ""
FIBERMAP 394 R-1C26 APOGEE 0 0 0 1 0 0 295.8117870617391 -32.57525433689568 143.1 226.73569814444625 -192.7220935021972 17.400541 46.107197 -999.0 -999.0 -999.0 -999.0 -999.0 100.99788031812531 -5.299481048771923 100.98041431648545 -5.314217697699575 48.25367323920905 152.45461408411018 -999.0 16600.0 -999.0 2 240 {-999.0 -999.0 -999.0 -999.0 -999.0} "" -999.0 -999.0 -999.0 -999.0 -999 -999 "" "" "" "" 0 0 0.0 0.0 -999 ""
FIBERMAP 394 R-1C26 BOSS 1 1 0 1 0 0 295.4864569183643 -33.24309804683165 143.1 226.09207018773466 -193.09291053079133 17.400541 46.107197 100.99500701743911 -5.30135873487722 0.25151718 1.2151731 0.16771744 100.99503809687052 -5.3013322461893715 100.9774965535293 -5.315893222430368 48.25326528131298 152.45961358506597 5400.0 5400.0 2016.0 1 262 {-999.0 13.748784 13.681742 13.718222 -999.0} sdss_psfmag_from_g3xp 13.78217 13.638338 13.37612 12.983 63050395110228926 1068444679 bright_3x1 mwm_ob_core_boss mwm_ob science 0 0 0.0 0.0 -999 ""
FIBERMAP 394 R-1C26 METROLOGY 0 0 0 1 0 0 295.0572296970368 -32.62576794637011 143.1 226.08248027211485 -192.3411489182316 17.400541 46.107197 -999.0 -999.0 -999.0 -999.0 -999.0 100.99499616136319 -5.297921001733172 100.97748395071551 -5.3125308618426486 48.25636559084967 152.45765896218435 -999.0 6231.0 -999.0 -1 -999 {-999.0 -999.0 -999.0 -999.0 -999.0} "" -999.0 -999.0 -999.0 -999.0 -999 -999 "" "" "" "" 0 0 0.0 0.0 -999 ""
FIBERMAP 396 R+11C2 APOGEE 0 0 0 1 0 0 -155.18431743731875 193.62627811045826 143.1 -20.032706612357476 247.30882462601966 312.7939 29.131062 -999.0 -999.0 -999.0 -999.0 -999.0 99.87365490789578 -3.3127108490311707 99.86178547984497 -3.32542673686086 50.51927755674949 152.85068858948014 -999.0 16600.0 -999.0 2 -999 {-999.0 -999.0 -999.0 -999.0 -999.0} "" -999.0 -999.0 -999.0 -999.0 -999 -999 "" "" "" "" 0 0 0.0 0.0 -999 ""
FIBERMAP 396 R+11C2 BOSS 1 1 0 1 0 0 -155.8985855857751 193.84215901400233 143.1 -20.503296314976243 247.88781974559777 312.7939 29.131062 99.87149534311709 -3.3102568160268753 9.056537 2.0975783 1.426452 99.87158008376245 -3.310263832211777 99.85965300013771 -3.322820195195832 50.52250211265171 152.85220413038095 5400.0 5400.0 2016.0 1 17 {-999.0 15.1635685 14.575027 14.343079 -999.0} sdss_psfmag_from_g3xp 15.015789 14.597536 14.001926 12.923 63050395111936759 1096095398 bright_1x1 mwm_bin_vis_boss mwm_filler science 0 0 0.0 0.0 -999 ""
FIBERMAP 396 R+11C2 METROLOGY 0 0 0 1 0 0 -155.3575298017945 194.3519911786226 143.1 -19.76954110520235 248.00690225857252 312.7939 29.131062 -999.0 -999.0 -999.0 -999.0 -999.0 99.87488932962229 -3.309681837408549 99.86298113236182 -3.322290832926357 50.52171374859807 152.84705962746543 -999.0 6231.0 -999.0 -1 -999 {-999.0 -999.0 -999.0 -999.0 -999.0} "" -999.0 -999.0 -999.0 -999.0 -999 -999 "" "" "" "" 0 0 0.0 0.0 -999 ""
FIBERMAP 402 R+12C13 APOGEE 0 0 0 1 0 0 109.27010205791997 219.2361308390684 143.1 213.33438905318542 120.344482193558 264.52518 112.803894 -999.0 -999.0 -999.0 -999.0 -999.0 100.93456447386814 -3.884379905326408 100.92086835262785 -3.8995480241138343 49.57669147335878 151.6869747640109 -999.0 16600.0 -999.0 2 -999 {-999.0 -999.0 -999.0 -999.0 -999.0} "" -999.0 -999.0 -999.0 -999.0 -999 -999 "" "" "" "" 0 0 0.0 0.0 -999 ""
FIBERMAP 402 R+12C13 BOSS 1 1 0 1 0 0 108.54877977297242 219.01074110452038 143.1 212.61071277446692 120.56197488994363 264.52518 112.803894 100.931396484375 -3.8835403706741403 -999.0 -999.0 -999.0 100.93139485970497 -3.8835381546844543 100.9176322428836 -3.8985392267633183 49.57890671863156 151.69091704884306 5400.0 5400.0 2015.5 1 100 {-999.0 -999.0 -999.0 -999.0 -999.0} "" -999.0 -999.0 -999.0 -999.0 27021603131471860 810573767 "" ops_sky_boss_good ops_sky sky_boss 0 0 0.0 0.0 -999 ""
FIBERMAP 402 R+12C13 METROLOGY 0 0 0 1 0 0 108.716620344782 219.73645071048435 143.1 213.15633214909582 121.0689573167561 264.52518 112.803894 -999.0 -999.0 -999.0 -999.0 -999.0 100.93380006499132 -3.881211764297551 100.92006262000166 -3.896265046946835 49.580022075734966 151.68608716249923 -999.0 6231.0 -999.0 -1 -999 {-999.0 -999.0 -999.0 -999.0 -999.0} "" -999.0 -999.0 -999.0 -999.0 -999 -999 "" "" "" "" 0 0 0.0 0.0 -999 ""
FIBERMAP 404 R+1C23 APOGEE 0 0 0 1 0 0 196.15990229383576 31.983124352552665 143.1 180.37737561613014 -83.42058428479827 200.64879 45.328697 -999.0 -999.0 -999.0 -999.0 -999.0 100.79019240191805 -4.808772820712869 100.77409053324885 -4.82319201929691 48.78596725449 152.4508398976943 -999.0 16600.0 -999.0 2 -999 {-999.0 -999.0 -999.0 -999.0 -999.0} "" -999.0 -999.0 -999.0 -999.0 -999 -999 "" "" "" "" 0 0 0.0 0.0 -999 ""
FIBERMAP 404 R+1C23 BOSS 1 1 0 1 0 0 196.45261309221453 32.67396702638392 143.1 181.0068749812886 -83.01244314468676 200.64879 45.328697 100.79319038813654 -4.8070677727617594 0.07384364 0.6926511 0.08929193 100.79315563536338 -4.8070885323471595 100.77698732370237 -4.821351307137929 48.78653524764587 152.44571590087426 5400.0 5400.0 2016.0 1 182 {-999.0 15.576645 15.4839945 15.441015 -999.0} sdss_psfmag_ps1 15.599324 15.40396 15.060143 14.436 63050395111166633 1068387787 bright_3x1 mwm_ob_core_boss mwm_ob science 0 0 0.0 0.0 -999 ""
FIBERMAP 404 R+1C23 METROLOGY 0 0 0 1 0 0 196.90098499466507 32.069486445182115 143.1 181.03951988400573 -83.76428973099657 200.64879 45.328697 -999.0 -999.0 -999.0 -999.0 -999.0 100.79327657514784 -4.810445157938642 100.77711916703566 -4.82475346677717 48.783351713812394 152.44754791163118 -999.0 6231.0 -999.0 -1 -999 {-999.0 -999.0 -999.0 -999.0 -999.0} "" -999.0 -999.0 -999.0 -999.0 -999 -999 "" "" "" "" 0 0 0.0 0.0 -999 ""
FIBERMAP 409 R+9C6 APOGEE 1 1 0 1 0 0 -63.834778594992805 165.01151337289156 143.1 39.58896285614843 172.42718383929002 359.23145 80.93842 100.14562594078193 -3.6486767751315363 -1.0645062 0.6893294 0.27337956 100.14563531308568 -3.648671132318454 100.13279673562005 -3.6619398504134266 50.10447453005445 152.6630802920809 16000.0 16600.0 2016.0 2 17 {-999.0 15.1256275 13.896745 13.337261 -999.0} sdss_psfmag_from_g3xp 14.659029 13.831607 12.941262 10.945 63050395111686431 1109072310 bright_flexible_2x1 mwm_tess_rgb_apogee mwm_tessrgb science 0 0 0.0 0.0 -999 ""
FIBERMAP 409 R+9C6 BOSS 0 0 0 1 0 0 -63.9595546448743 164.2773151340973 143.1 39.074252793507355 171.88904213277175 359.23145 80.93842 -999.0 -999.0 -999.0 -999.0 -999.0 100.14338198985686 -3.65120797255824 100.13047120367071 -3.664312544514814 50.10318456323253 152.6678480821177 -999.0 5400.0 -999.0 1 147 {-999.0 -999.0 -999.0 -999.0 -999.0} "" -999.0 -999.0 -999.0 -999.0 -999 -999 "" "" "" "" 0 0 0.0 0.0 -999 ""
FIBERMAP 409 R+9C6 METROLOGY 0 0 0 1 0 0 -64.54810939231268 164.7472047556399 143.1 38.85009873512617 172.6079667608545 359.23145 80.93842 -999.0 -999.0 -999.0 -999.0 -999.0 100.14232683931709 -3.6479282396693464 100.129443797318 -3.661076097806298 50.10656565828447 152.6673699619258 -999.0 6231.0 -999.0 -1 -999 {-999.0 -999.0 -999.0 -999.0 -999.0} "" -999.0 -999.0 -999.0 -999.0 -999 -999 "" "" "" "" 0 0 0.0 0.0 -999 ""
FIBERMAP 410 R-2C2 APOGEE 0 0 0 1 0 0 -232.80659512406902 -41.651466393897124 143.1 -216.1448943828817 95.94656607717025 355.30023 110.482735 -999.0 -999.0 -999.0 -999.0 -999.0 98.98448585738532 -3.9996362589286076 98.97106300402038 -4.0098115227215825 50.216245105758915 154.54411042969056 -999.0 16600.0 -999.0 2 -999 {-999.0 -999.0 -999.0 -999.0 -999.0} "" -999.0 -999.0 -999.0 -999.0 -999 -999 "" "" "" "" 0 0 0.0 0.0 -999 ""
FIBERMAP 410 R-2C2 BOSS 1 1 0 1 0 0 -232.5789303877922 -42.370462289923076 143.1 -216.35919947278927 95.223541798881 355.30023 110.482735 98.98323189805436 -4.003046889399249 0.20181489 -1.7061899 0.3623346 98.9835452640885 -4.003057630977591 98.970051872885 -4.013070622813384 50.213572836640765 154.54742475800973 5400.0 5400.0 2016.0 1 435 {-999.0 12.882455 12.565368 12.442793 -999.0} sdss_psfmag_from_g3xp 12.841117 12.552469 12.0881405 11.312 63050395111473090 1093136223 bright_3x1 mwm_astar_core_boss mwm_ob science 0 0 1.1956796646118164 0.0 -999 ""
FIBERMAP 410 R-2C2 METROLOGY 0 0 0 1 0 0 -233.31212080201365 -42.200197447739015 143.1 -216.87101909074048 95.77536042929654 355.30023 110.482735 -999.0 -999.0 -999.0 -999.0 -999.0 98.98124086844285 -4.000533218658239 98.96777236132135 -4.010586301462731 50.21671216224145 154.54933053436102 -999.0 6231.0 -999.0 -1 -999 {-999.0 -999.0 -999.0 -999.0 -999.0} "" -999.0 -999.0 -999.0 -999.0 -999 -999 "" "" "" "" 0 0 0.0 0.0 -999 ""
FIBERMAP 415 R-2C4 APOGEE 0 0 0 1 0 0 -181.0316401338005 -38.646390121628166 143.1 -171.581771925557 69.42576824160115 59.17103 46.28757 -999.0 -999.0 -999.0 -999.0 -999.0 99.18534185265423 -4.1188295388663985 99.17154333643214 -4.1294669325316145 50.03203528916689 154.32147386143876 -999.0 16600.0 -999.0 2 -999 {-999.0 -999.0 -999.0 -999.0 -999.0} "" -999.0 -999.0 -999.0 -999.0 -999 -999 "" "" "" "" 0 0 0.0 0.0 -999 ""
FIBERMAP 415 R-2C4 BOSS 1 1 0 1 0 0 -180.82181773971212 -39.353524203269934 143.1 -171.80420763398328 68.72256485482295 59.17103 46.28757 99.184339182909 -4.122194077071227 -3.6654394 -5.117385 1.2429129 99.18434534964074 -4.122163709968308 99.17047561170142 -4.132637887868727 50.02947250297823 154.3248203401324 5400.0 5400.0 2016.0 1 474 {-999.0 16.429182 15.886635 15.712403 -999.0} sdss_psfmag_ps1 16.220823 15.796333 14.955291 13.118 63050395111468551 1096239344 bright_1x1 mwm_bin_vis_boss mwm_filler science 0 0 0.0 0.0 -999 ""
FIBERMAP 415 R-2C4 METROLOGY 0 0 0 1 0 0 -181.5563424501823 -39.17681397072943 143.1 -172.3135209401573 69.28046908517406 59.17103 46.28757 -999.0 -999.0 -999.0 -999.0 -999.0 99.18203408230114 -4.119599858676134 99.16818959888502 -4.130114371026152 50.03265448386805 154.32668962582778 -999.0 6231.0 -999.0 -1 -999 {-999.0 -999.0 -999.0 -999.0 -999.0} "" -999.0 -999.0 -999.0 -999.0 -999 -999 "" "" "" "" 0 0 0.0 0.0 -999 ""
FIBERMAP 417 R+13C12 APOGEE 0 0 0 1 0 0 108.51793341733688 257.79364440089034 143.1 234.3152699284384 152.6987771221758 6.1886134 143.3903 -999.0 -999.0 -999.0 -999.0 -999.0 101.02708615417887 -3.7388685511839284 101.01374707364715 -3.7543302058902523 49.672539012734866 151.46600647972974 -999.0 16600.0 -999.0 2 93 {-999.0 -999.0 -999.0 -999.0 -999.0} "" -999.0 -999.0 -999.0 -999.0 -999 -999 "" "" "" "" 0 0 0.0 0.0 -999 ""
FIBERMAP 417 R+13C12 BOSS 1 1 0 1 0 0 109.16858046829633 257.4266483120792 143.1 234.6484994221497 152.0302772538682 6.1886134 143.3903 101.02867322053187 -3.742019018582067 2.2757678 -7.156208 -1.9860903 101.02867834047773 -3.742042925948042 101.01526047984538 -3.757348631349386 49.66916804097897 151.46574786705662 5400.0 5400.0 2016.0 1 92 {-999.0 15.685045 15.0032015 14.751902 -999.0} sdss_psfmag_ps1 15.417636 15.37941 14.264544 13.117 63050395111674729 1093341978 bright_3x1 mwm_astar_core_boss mwm_ob science 0 0 0.0 0.0 -999 ""
FIBERMAP 417 R+13C12 METROLOGY 0 0 0 1 0 0 108.53463803536276 257.0443652132363 143.1 233.90928252597763 152.0688737859413 6.1886134 143.3903 -999.0 -999.0 -999.0 -999.0 -999.0 101.02534841687346 -3.741810809539038 101.01195198401177 -3.7571531694990945 49.670675815140356 151.47029592993522 -999.0 6231.0 -999.0 -1 -999 {-999.0 -999.0 -999.0 -999.0 -999.0} "" -999.0 -999.0 -999.0 -999.0 -999 -999 "" "" "" "" 0 0 0.0 0.0 -999 ""
FIBERMAP 422 R+8C8 APOGEE 0 0 0 1 0 0 -54.49522124760319 151.40543978245256 143.1 39.700370171851006 155.9258382852575 172.64742 140.92358 -999.0 -999.0 -999.0 -999.0 -999.0 100.14645324248319 -3.723264639358265 100.13341715003759 -3.7365048871852156 50.03546990063025 152.70711087189738 -999.0 16600.0 -999.0 2 -999 {-999.0 -999.0 -999.0 -999.0 -999.0} "" -999.0 -999.0 -999.0 -999.0 -999 -999 "" "" "" "" 0 0 0.0 0.0 -999 ""
FIBERMAP 422 R+8C8 BOSS 1 1 0 1 0 0 -55.028344570810816 151.94235852608284 143.1 39.55968022221937 156.66921731156208 172.64742 140.92358 100.1458740234375 -3.719984412240052 -999.0 -999.0 -999.0 100.14587938302937 -3.7200046291436744 100.13278583687452 -3.7330869691679305 50.038865770447195 152.70595927459607 5400.0 5400.0 2015.5 1 132 {-999.0 -999.0 -999.0 -999.0 -999.0} "" -999.0 -999.0 -999.0 -999.0 27021603131476002 810574145 "" ops_sky_boss_good ops_sky sky_boss 0 0 0.0 0.0 -999 ""
FIBERMAP 422 R+8C8 METROLOGY 0 0 0 1 0 0 -54.30541890494885 152.12699161789803 143.1 40.26184840898614 156.41707209359168 172.64742 140.92358 -999.0 -999.0 -999.0 -999.0 -999.0 100.14906015201807 -3.7211063757055305 100.13598150961394 -3.7342410354687026 50.036569049616176 152.70207440291313 -999.0 6231.0 -999.0 -1 -999 {-999.0 -999.0 -999.0 -999.0 -999.0} "" -999.0 -999.0 -999.0 -999.0 -999 -999 "" "" "" "" 0 0 0.0 0.0 -999 ""
FIBERMAP 423 R-11C2 APOGEE 0 0 0 1 0 0 -156.7249161566134 -232.60635344555027 143.1 -260.12722744740535 -104.82854959133361 313.52628 22.427687 -999.0 -999.0 -999.0 -999.0 -999.0 98.78862471687658 -4.908517658405952 98.77284537909935 -4.9178180615052085 49.4387577497902 155.3331201751307 -999.0 16600.0 -999.0 2 -999 {-999.0 -999.0 -999.0 -999.0 -999.0} "" -999.0 -999.0 -999.0 -999.0 -999 -999 "" "" "" "" 0 0 0.0 0.0 -999 ""
FIBERMAP 423 R-11C2 BOSS 1 1 0 1 0 0 -157.47297303953465 -232.2169574099557 143.1 -260.52857983949383 -104.08691952835129 313.52628 22.427687 98.78687586378712 -4.9053578613778965 0.6690039 1.5413477 1.0463179 98.78687698110247 -4.905324727131145 98.77104488970633 -4.914458489528394 49.44253386955242 155.3338823270539 5400.0 5400.0 2016.0 1 428 {-999.0 16.724941 15.873032 15.592538 -999.0} sdss_psfmag_ps1 16.446548 15.900837 15.21007 13.93 63050395111220613 1096618447 bright_1x1 mwm_bin_vis_boss mwm_filler science 0 0 0.0 0.0 -999 ""
FIBERMAP 423 R-11C2 METROLOGY 0 0 0 1 0 0 -156.81296868209327 -231.8654696940289 143.1 -259.78503346822333 -104.16562293940413 313.52628 22.427687 -999.0 -999.0 -999.0 -999.0 -999.0 98.79018407889258 -4.905650693723312 98.77436763968922 -4.9148390789055885 49.44101153698911 155.32932343516282 -999.0 6231.0 -999.0 -1 -999 {-999.0 -999.0 -999.0 -999.0 -999.0} "" -999.0 -999.0 -999.0 -999.0 -999 -999 "" "" "" "" 0 0 0.0 0.0 -999 ""
FIBERMAP 425 R-10C2 APOGEE 0 0 0 1 0 0 -167.4060000301397 -207.2464260915843 143.1 -254.76397307840736 -77.84114948496175 258.0259 88.1999 -999.0 -999.0 -999.0 -999.0 -999.0 98.8118339035566 -4.7868093292190315 98.79637157767024 -4.796219579668858 49.54426239111726 155.23329582295602 -999.0 16600.0 -999.0 2 -999 {-999.0 -999.0 -999.0 -999.0 -999.0} "" -999.0 -999.0 -999.0 -999.0 -999 -999 "" "" "" "" 0 0 0.0 0.0 -999 ""
FIBERMAP 425 R-10C2 BOSS 1 1 0 1 0 0 -168.11193458043817 -207.08237228084135 143.1 -255.25669977606776 -77.30974624444976 258.0259 88.1999 98.8096798789126 -4.784574779435314 -0.21408561 0.14067957 0.06658343 98.80967199809294 -4.784565387453208 98.79415453137523 -4.793808230136545 49.54729902144397 155.2351672570035 5400.0 5400.0 2016.0 1 427 {-999.0 15.552745 15.496416 15.371269 -999.0} sdss_psfmag_ps1 15.571591 15.303787 14.869733 14.166 63050395111223041 1093342308 bright_3x1 mwm_astar_core_boss mwm_ob science 0 0 0.0 0.0 -999 ""
FIBERMAP 425 R-10C2 METROLOGY 0 0 0 1 0 0 -167.61777187116746 -206.5310138552761 143.1 -254.53851361849303 -77.12999795598778 258.0259 88.1999 -999.0 -999.0 -999.0 -999.0 -999.0 98.81286574768136 -4.783717575638852 98.79736708425332 -4.7930150520650106 49.546909283554484 155.23011964337664 -999.0 6231.0 -999.0 -1 -999 {-999.0 -999.0 -999.0 -999.0 -999.0} "" -999.0 -999.0 -999.0 -999.0 -999 -999 "" "" "" "" 0 0 0.0 0.0 -999 ""
FIBERMAP 428 R+3C23 APOGEE 0 0 0 1 0 0 232.25949952568482 65.22007777139045 143.1 228.89731569067183 -76.12079648967907 35.069584 172.20175 -999.0 -999.0 -999.0 -999.0 -999.0 101.00901651024333 -4.774114708027445 100.99294254210093 -4.7891009506918865 48.73174707052787 152.12626663197673 -999.0 16600.0 -999.0 2 -999 {-999.0 -999.0 -999.0 -999.0 -999.0} "" -999.0 -999.0 -999.0 -999.0 -999 -999 "" "" "" "" 0 0 0.0 0.0 -999 ""
FIBERMAP 428 R+3C23 BOSS 1 1 0 1 0 0 232.90389015928534 65.54896285568785 143.1 229.61526669015026 -76.20947073283327 35.069584 172.20175 101.01215223435194 -4.77471366933649 1.8496319 -0.4832851 0.26554936 101.0123410552164 -4.774663966172191 100.99619372019157 -4.789493747616801 48.73010790232038 152.12198819973676 5400.0 5400.0 2016.0 1 186 {-999.0 14.619307 14.083541 13.90169 -999.0} sdss_psfmag_gaia 13.869321 14.1208 12.935809 11.855 63050395111164224 1093494997 bright_3x1 mwm_astar_core_boss mwm_ob science 0 0 0.9022120237350464 0.0 -999 ""
FIBERMAP 428 R+3C23 METROLOGY 0 0 0 1 0 0 232.8817932823152 64.80848032123964 143.1 229.18207314583537 -76.81034826942849 35.069584 172.20175 -999.0 -999.0 -999.0 -999.0 -999.0 101.01036881620183 -4.777349504495711 100.99423504125872 -4.792219824248338 48.72837304121217 152.1263377523472 -999.0 6231.0 -999.0 -1 -999 {-999.0 -999.0 -999.0 -999.0 -999.0} "" -999.0 -999.0 -999.0 -999.0 -999 -999 "" "" "" "" 0 0 0.0 0.0 -999 ""
FIBERMAP 432 R+11C15 APOGEE 0 0 0 1 0 0 132.08821757311946 199.70191005097172 143.1 221.28702344640567 91.38146764618492 269.05927 66.37979 -999.0 -999.0 -999.0 -999.0 -999.0 100.97147353259346 -4.015316184848943 100.95742029183214 -4.030523492568506 49.44205619638437 151.71609671511874 -999.0 16600.0 -999.0 2 -999 {-999.0 -999.0 -999.0 -999.0 -999.0} "" -999.0 -999.0 -999.0 -999.0 -999 -999 "" "" "" "" 0 0 0.0 0.0 -999 ""
FIBERMAP 432 R+11C15 BOSS 1 1 0 1 0 0 131.4229177922647 199.98585468244076 143.1 220.8951249200788 91.98939526948986 269.05927 66.37979 100.96978715965187 -4.012696724185544 -0.7366024 0.3579604 0.015527625 100.96978726723516 -4.01271417142561 100.95567145392613 -4.027758134263548 49.445288186352045 151.71685764711418 5400.0 5400.0 2016.0 1 178 {-999.0 16.236872 15.6708555 15.432461 -999.0} sdss_psfmag_ps1 16.05662 15.721488 15.134138 14.17 63050395111612654 1093341734 bright_3x1 mwm_astar_core_boss mwm_ob science 0 0 0.0 0.0 -999 ""
FIBERMAP 432 R+11C15 METROLOGY 0 0 0 1 0 0 132.01259520330845 200.444165557988 143.1 221.6402805223058 92.03856573897882 269.05927 66.37979 -999.0 -999.0 -999.0 -999.0 -999.0 100.97310734548543 -4.0124513105579505 100.95901105886611 -4.027549153045443 49.444149053766466 151.7120320504449 -999.0 6231.0 -999.0 -1 -999 {-999.0 -999.0 -999.0 -999.0 -999.0} "" -999.0 -999.0 -999.0 -999.0 -999 -999 "" "" "" "" 0 0 0.0 0.0 -999 ""
FIBERMAP 436 R+4C3 APOGEE 1 1 0 1 0 0 -192.11108628309142 67.8268418050666 143.1 -121.10056174991627 163.8134029243573 320.7754 112.94001 99.41476412889327 -3.6902580158031446 0.22313939 -6.0859094 0.41586557 99.41478160447758 -3.6902674311759927 99.4020504883486 -3.701663991842309 50.344765201802794 153.74105396861557 16000.0 16600.0 2016.0 2 149 {-999.0 15.219003 13.841733 13.226972 -999.0} sdss_psfmag_from_g3xp 14.662024 13.754227 12.817086 10.684 63050395111478978 1106606774 bright_flexible_2x1 mwm_tess_rgb_apogee mwm_tessrgb science 0 0 0.0 0.0 -999 ""
FIBERMAP 436 R+4C3 BOSS 0 0 0 1 0 0 -192.31986939816215 67.12078534332105 143.1 -121.6690775520364 163.34563713996457 320.7754 112.94001 -999.0 -999.0 -999.0 -999.0 -999.0 99.41223398764369 -3.692512234969016 99.39943447247481 -3.703744359587138 50.34380793416022 153.74606499344287 -999.0 5400.0 -999.0 1 29 {-999.0 -999.0 -999.0 -999.0 -999.0} "" -999.0 -999.0 -999.0 -999.0 -999 -999 "" "" "" "" 0 0 0.0 0.0 -999 ""
FIBERMAP 436 R+4C3 METROLOGY 0 0 0 1 0 0 -192.83256130323727 67.65961456703114 143.1 -121.79177601073815 164.07915065591516 320.7754 112.94001 -999.0 -999.0 -999.0 -999.0 -999.0 99.41167288412515 -3.689168165648404 99.39890030686729 -3.7004447484667606 50.34706844329422 153.74491277959794 -999.0 6231.0 -999.0 -1 -999 {-999.0 -999.0 -999.0 -999.0 -999.0} "" -999.0 -999.0 -999.0 -999.0 -999 -999 "" "" "" "" 0 0 0.0 0.0 -999 ""
FIBERMAP 440 R+8C4 APOGEE 0 0 0 1 0 0 -119.36899762331585 158.5771939488169 143.1 -10.008944143395864 198.21424488282483 31.160124 97.86672 -999.0 -999.0 -999.0 -999.0 -999.0 99.91958673000272 -3.532836825160122 99.90712176609264 -3.545579642925081 50.29862317993025 152.9177569412054 -999.0 16600.0 -999.0 2 -999 {-999.0 -999.0 -999.0 -999.0 -999.0} "" -999.0 -999.0 -999.0 -999.0 -999 -999 "" "" "" "" 0 0 0.0 0.0 -999 ""
FIBERMAP 440 R+8C4 BOSS 1 1 0 1 0 0 -118.88249283837229 157.9743321404914 143.1 -9.943811060614884 197.44237304776686 31.160124 97.86672 99.91993847640914 -3.5364390508279 1.7010888 -4.6795855 0.47449875 99.91995342943359 -3.5364179212597224 99.90741374075077 -3.549003643118442 50.295349276268 152.91939147347608 5400.0 5400.0 2016.0 1 57 {-999.0 17.701344 16.78985 16.380243 16.118666} sdss_psfmag_from_ps1dr2 17.4145 16.7886 16.0278 14.589 63050395111691241 1039254273 "" ops_std_boss_ps1dr2 ops_std standard_boss 0 0 0.0 0.0 -999 ""
FIBERMAP 440 R+8C4 METROLOGY 0 0 0 1 0 0 -119.62357899889153 157.87587354862754 143.1 -10.612735875697403 197.77606226195635 31.160124 97.86672 -999.0 -999.0 -999.0 -999.0 -999.0 99.91688974299008 -3.534889683639849 99.9043734802517 -3.5475126330769773 50.29789003412989 152.92288321330244 -999.0 6231.0 -999.0 -1 -999 {-999.0 -999.0 -999.0 -999.0 -999.0} "" -999.0 -999.0 -999.0 -999.0 -999 -999 "" "" "" "" 0 0 0.0 0.0 -999 ""
FIBERMAP 448 R+7C8 APOGEE 0 0 0 1 0 0 -68.95213869979091 129.5047589981025 143.1 15.456354904953892 145.8881932560848 212.30128 110.631905 -999.0 -999.0 -999.0 -999.0 -999.0 100.03617200650149 -3.7689116685609476 100.02304794132681 -3.7818536384533417 50.03604283368002 152.8925379940177 -999.0 16600.0 -999.0 2 27 {-999.0 -999.0 -999.0 -999.0 -999.0} "" -999.0 -999.0 -999.0 -999.0 -999 -999 "" "" "" "" 0 0 0.0 0.0 -999 ""
FIBERMAP 448 R+7C8 BOSS 1 1 0 1 0 0 -69.53035891233354 129.96575191766308 143.1 15.235774948074761 146.59395929468482 212.30128 110.631905 100.03484394568079 -3.7657862317976982 0.7407295 -1.1004275 0.5072877 100.03522872603939 -3.7658181961274035 100.02204729073503 -3.7786010840698974 50.039429440137496 152.89202880841697 5400.0 5400.0 2016.0 1 104 {-999.0 12.209477 11.902571 11.813799 -999.0} sdss_psfmag_gaia 12.175014 11.914339 11.487065 10.814 63050395111276778 1093411343 bright_3x1 mwm_astar_core_boss mwm_ob science 0 0 1.3773671388626099 0.0 -999 ""
FIBERMAP 448 R+7C8 METROLOGY 0 0 0 1 0 0 -68.8308923975041 130.24417079529871 143.1 15.971062837015937 146.4326304884319 212.30128 110.631905 -999.0 -999.0 -999.0 -999.0 -999.0 100.0385621516029 -3.7665076355077116 100.0253965482421 -3.7793434520848885 50.03746058695538 152.88766831429504 -999.0 6231.0 -999.0 -1 -999 {-999.0 -999.0 -999.0 -999.0 -999.0} "" -999.0 -999.0 -999.0 -999.0 -999 -999 "" "" "" "" 0 0 0.0 0.0 -999 ""
FIBERMAP 450 R+2C17 APOGEE 0 0 0 1 0 0 74.90758093151737 26.90223050252848 143.1 77.1108780636366 -19.690707373312623 259.89774 69.22028 -999.0 -999.0 -999.0 -999.0 -999.0 100.31999377770005 -4.521305363228511 100.30479263285565 -4.534655603272016 49.23304737315661 152.93809842296474 -999.0 16600.0 -999.0 2 61 {-999.0 -999.0 -999.0 -999.0 -999.0} "" -999.0 -999.0 -999.0 -999.0 -999 -999 "" "" "" "" 0 0 0.0 0.0 -999 ""
FIBERMAP 450 R+2C17 BOSS 1 1 0 1 0 0 74.25441557639533 27.26767190799186 143.1 76.7746918508812 -19.02208406583601 259.89774 69.22028 100.318546265001 -4.518431941249721 0.6871007 0.28696626 0.15375027 100.31855925380782 -4.518437531255216 100.30329838744444 -4.531622815179729 49.236419587135636 152.93842257165718 5400.0 5400.0 2016.0 1 199 {-999.0 15.019247 14.600101 14.575711 -999.0} sdss_psfmag_ps1 14.947762 14.6958685 14.184528 13.401 63050395111192204 1093342292 bright_3x1 mwm_astar_core_boss mwm_ob science 0 0 0.0 0.0 -999 ""
FIBERMAP 450 R+2C17 METROLOGY 0 0 0 1 0 0 74.89491481970737 27.655805729533917 143.1 77.52261718241606 -19.059508890137526 259.89774 69.22028 -999.0 -999.0 -999.0 -999.0 -999.0 100.3219461894486 -4.518548927714968 100.30670322058069 -4.531788793218153 49.234963671198514 152.93371995883103 -999.0 6231.0 -999.0 -1 -999 {-999.0 -999.0 -999.0 -999.0 -999.0} "" -999.0 -999.0 -999.0 -999.0 -999 -999 "" "" "" "" 0 0 0.0 0.0 -999 ""
FIBERMAP 452 R+12C9 APOGEE 0 0 0 1 0 0 9.574964365345988 231.6695869188639 143.1 137.73459305096512 186.50101234571585 180.96864 120.92268 -999.0 -999.0 -999.0 -999.0 -999.0 100.59074964539084 -3.5853471714316987 100.57794592455747 -3.5997689673858693 49.987837229315666 151.98855864147865 -999.0 16600.0 -999.0 2 -999 {-999.0 -999.0 -999.0 -999.0 -999.0} "" -999.0 -999.0 -999.0 -999.0 -999 -999 "" "" "" "" 0 0 0.0 0.0 -999 ""
FIBERMAP 452 R+12C9 BOSS 1 1 0 1 0 0 9.16228195193977 232.2792135845839 143.1 137.73438909681894 187.23712399504325 180.96864 120.92268 100.5908203125 -3.58215373017741 -999.0 -999.0 -999.0 100.59080761768344 -3.5821652261473953 100.57794433767532 -3.596431091947528 49.99090327685185 151.98650650198272 5400.0 5400.0 2015.5 1 154 {-999.0 -999.0 -999.0 -999.0 -999.0} "" -999.0 -999.0 -999.0 -999.0 27021603131475715 819437425 "" ops_sky_boss_good ops_sky sky_boss 0 0 0.0 0.0 -999 ""
FIBERMAP 452 R+12C9 METROLOGY 0 0 0 1 0 0 9.907932354284062 232.33726520880177 143.1 138.384453891533 186.86741288218286 180.96864 120.92268 -999.0 -999.0 -999.0 -999.0 -999.0 100.59373883352875 -3.583796573090322 100.58088961675128 -3.5981137783251276 49.98819468115546 151.9833434950717 -999.0 6231.0 -999.0 -1 -999 {-999.0 -999.0 -999.0 -999.0 -999.0} "" -999.0 -999.0 -999.0 -999.0 -999 -999 "" "" "" "" 0 0 0.0 0.0 -999 ""
FIBERMAP 455 R-2C17 APOGEE 0 0 0 1 0 0 76.44014310593094 -23.024526386753024 143.1 50.40610978024978 -61.898123828586904 186.18005 44.00601 -999.0 -999.0 -999.0 -999.0 -999.0 100.19856983854469 -4.713897133111104 100.1828932863624 -4.726859595921512 49.10182313917533 153.22211142235582 -999.0 16600.0 -999.0 2 238 {-999.0 -999.0 -999.0 -999.0 -999.0} "" -999.0 -999.0 -999.0 -999.0 -999 -999 "" "" "" "" 0 0 0.0 0.0 -999 ""
FIBERMAP 455 R-2C17 BOSS 1 1 0 1 0 0 76.85284862171744 -22.413747501363964 143.1 51.090127451075894 -61.62352369722217 186.18005 44.00601 100.20178515193626 -4.712828964117445 -0.4621973 0.9791806 0.05953735 100.20178560592514 -4.71283202261695 100.18604347645999 -4.725639524225672 49.10175806334314 153.2169678418761 5400.0 5400.0 2016.0 1 303 {-999.0 16.285091 15.762011 15.511737 -999.0} sdss_psfmag_ps1 16.13097 15.786899 15.255775 14.329 63050395111181438 1093342232 bright_3x1 mwm_astar_core_boss mwm_ob science 0 0 0.0 0.0 -999 ""
FIBERMAP 455 R-2C17 METROLOGY 0 0 0 1 0 0 77.18159139187094 -23.093670029388218 143.1 50.98142678526827 -62.37082203172885 186.18005 44.00601 -999.0 -999.0 -999.0 -999.0 -999.0 100.20127299918848 -4.716182909339665 100.18554124017277 -4.7290340477509485 49.098808732101084 153.21964601659536 -999.0 6231.0 -999.0 -1 -999 {-999.0 -999.0 -999.0 -999.0 -999.0} "" -999.0 -999.0 -999.0 -999.0 -999 -999 "" "" "" "" 0 0 0.0 0.0 -999 ""
FIBERMAP 463 R+8C11 APOGEE 0 0 1 1 0 0 22.909754971592704 162.64788830872484 143.1 110.10536679911587 121.86660056066457 8.449106 170.87486 -999.0 -999.0 -999.0 -999.0 -999.0 100.46760970207269 -3.8772061827757396 100.4540710381824 -3.891196626190068 49.76855101700406 152.3428426183263 -999.0 16600.0 -999.0 2 -999 {-999.0 -999.0 -999.0 -999.0 -999.0} "" -999.0 -999.0 -999.0 -999.0 -999 -999 "" "" "" "" 0 0 0.0 0.0 -999 ""
FIBERMAP 463 R+8C11 BOSS 1 0 1 1 0 0 23.664295516249574 162.64218911717603 143.1 110.72707464654763 121.4391106571148 8.449106 170.87486 100.4275134591542 -3.9920333226041746 -1.6317044 -6.6262813 -0.089984864 100.47055318303856 -3.8792587419907116 100.456940474519 -3.893096823415969 49.76568223447413 152.33991462231066 5400.0 5400.0 2016.0 1 134 {-999.0 15.65264 14.963428 14.631657 -999.0} sdss_psfmag_from_g3xp 15.44888 14.995365 14.278736 13.02 63050395111664624 1093286480 bright_3x1 mwm_astar_core_boss mwm_ob science 0 0 0.0 0.0 -999 ""
FIBERMAP 463 R+8C11 METROLOGY 0 0 1 1 0 0 23.281283391598897 162.0008731515303 143.1 110.05053871365978 121.12258285504723 8.449106 170.87486 -999.0 -999.0 -999.0 -999.0 -999.0 100.46746038646438 -3.8806579757008555 100.45386409967534 -3.894532699842678 49.765561589821544 152.3451573922035 -999.0 6231.0 -999.0 -1 -999 {-999.0 -999.0 -999.0 -999.0 -999.0} "" -999.0 -999.0 -999.0 -999.0 -999 -999 "" "" "" "" 0 0 0.0 0.0 -999 ""
FIBERMAP 466 R+5C5 APOGEE 0 0 0 1 0 0 -140.64168493122088 90.31654855205437 143.1 -65.87323496099283 153.60073617092388 254.03546 159.24554 -999.0 -999.0 -999.0 -999.0 -999.0 99.66563423942948 -3.73515947394126 99.65270965502128 -3.7471750206514605 50.208768801570535 153.40493734006765 -999.0 16600.0 -999.0 2 128 {-999.0 -999.0 -999.0 -999.0 -999.0} "" -999.0 -999.0 -999.0 -999.0 -999 -999 "" "" "" "" 0 0 0.0 0.0 -999 ""
FIBERMAP 466 R+5C5 BOSS 1 1 0 1 0 0 -141.09586855866675 89.72604778121848 143.1 -66.58024243883646 153.366170354218 254.03546 159.24554 99.66247558593751 -3.7363386200641173 -999.0 -999.0 -999.0 99.66245932208608 -3.7363393582945097 99.64946828134117 -3.7481888703975725 50.20904994620946 153.4102154488924 5400.0 5400.0 2015.5 1 42 {-999.0 -999.0 -999.0 -999.0 -999.0} "" -999.0 -999.0 -999.0 -999.0 27021603131463986 819436438 "" ops_sky_boss_good ops_sky sky_boss 0 0 0.0 0.0 -999 ""
FIBERMAP 466 R+5C5 METROLOGY 0 0 0 1 0 0 -141.38611322485164 90.41646523473143 143.1 -66.4337778029221 154.1005899253668 254.03546 159.24554 -999.0 -999.0 -999.0 -999.0 -999.0 99.66311112566423 -3.7329795420523513 99.6501469998999 -3.744876728435666 50.21186195329659 153.40728313615597 -999.0 6231.0 -999.0 -1 -999 {-999.0 -999.0 -999.0 -999.0 -999.0} "" -999.0 -999.0 -999.0 -999.0 -999 -999 "" "" "" "" 0 0 0.0 0.0 -999 ""
FIBERMAP 469 R+1C6 APOGEE 0 0 0 1 0 0 -173.48583635829075 12.450315594698937 143.1 -136.70289005349852 107.51550328085077 183.51758 154.95016 -999.0 -999.0 -999.0 -999.0 -999.0 99.34359251767869 -3.9453634009704777 99.33020692056004 -3.9564745254675944 50.134768572130525 153.99301353618023 -999.0 16600.0 -999.0 2 -999 {-999.0 -999.0 -999.0 -999.0 -999.0} "" -999.0 -999.0 -999.0 -999.0 -999 -999 "" "" "" "" 0 0 0.0 0.0 -999 ""
FIBERMAP 469 R+1C6 BOSS 1 1 0 1 0 0 -174.19201748657855 12.708636327455972 143.1 -137.1430031030525 108.1251153736859 183.51758 154.95016 99.34162839820998 -3.942729265068511 -0.45400488 -2.3541634 0.9441276 99.34161814596327 -3.942732870738345 99.32817695157269 -3.9536816474984557 50.13811216218879 153.99433897338457 5400.0 5400.0 2016.0 1 20 {-999.0 16.893885 16.0566 15.614215 15.241604} sdss_psfmag_from_gdr3 17.399374 16.71731 15.906227 14.193 63050395111471027 1059269396 bright_flexible_2x1 bhm_spiders_agn_gaiadr3 bhm_spiders science 0 0 0.0 0.0 -999 ""
FIBERMAP 469 R+1C6 METROLOGY 0 0 0 1 0 0 -173.6198467046986 13.184279631670401 143.1 -136.4026348947363 108.19844932913246 183.51758 154.95016 -999.0 -999.0 -999.0 -999.0 -999.0 99.34496825608294 -3.9423462722649827 99.3315449792612 -3.953348615746323 50.13717973111678 153.98927586492158 -999.0 6231.0 -999.0 -1 -999 {-999.0 -999.0 -999.0 -999.0 -999.0} "" -999.0 -999.0 -999.0 -999.0 -999 -999 "" "" "" "" 0 0 0.0 0.0 -999 ""
FIBERMAP 481 R+7C10 APOGEE 1 1 0 1 0 0 6.584182937290684 147.59091559617022 143.1 88.14829222987132 118.54383882016123 99.670265 31.694075 100.36783344815373 -3.892372380617343 0.88134557 -1.0356874 1.0801628 100.36783302777722 -3.8923493731782357 100.35428389994956 -3.9060810097058445 49.793697799525276 152.4937947169768 16000.0 16600.0 2016.0 2 30 {-999.0 14.382631 14.0092535 13.77583 -999.0} sdss_psfmag_from_g3xp 14.2961235 14.048495 13.411996 12.479 63050395111668896 1113647388 bright_flexible_4x1 manual_mwm_planet_tess_pc_apogee mwm_planet science 0 0 0.0 0.0 -999 ""
FIBERMAP 481 R+7C10 BOSS 0 0 0 1 0 0 7.100048164335195 147.05849449381265 143.1 88.2772092719281 117.8138544149338 99.670265 31.694075 -999.0 -999.0 -999.0 -999.0 -999.0 100.3685389524952 -3.8957725651156343 100.35491322242876 -3.9093456053764637 49.79044628475933 152.4948672979112 -999.0 5400.0 -999.0 1 127 {-999.0 -999.0 -999.0 -999.0 -999.0} "" -999.0 -999.0 -999.0 -999.0 -999 -999 "" "" "" "" 0 0 0.0 0.0 -999 ""
FIBERMAP 481 R+7C10 METROLOGY 0 0 0 1 0 0 6.383400489915928 146.8596342765369 143.1 87.57226896555541 118.0506993386736 99.670265 31.694075 -999.0 -999.0 -999.0 -999.0 -999.0 100.36529918015857 -3.89466522007637 100.35169643352913 -3.908275571438643 49.792681074069286 152.4988014186495 -999.0 6231.0 -999.0 -1 -999 {-999.0 -999.0 -999.0 -999.0 -999.0} "" -999.0 -999.0 -999.0 -999.0 -999 -999 "" "" "" "" 0 0 0.0 0.0 -999 ""
FIBERMAP 483 R+13C1 APOGEE 0 0 0 1 0 0 -163.12306548106017 262.4770959885846 143.1 11.969710429338868 308.77830647909747 200.54309 53.53982 -999.0 -999.0 -999.0 -999.0 -999.0 100.01787430516217 -3.039296314756928 100.00668373196419 -3.0524889559115818 50.71502220444581 152.47404989167535 -999.0 16600.0 -999.0 2 135 {-999.0 -999.0 -999.0 -999.0 -999.0} "" -999.0 -999.0 -999.0 -999.0 -999 -999 "" "" "" "" 0 0 0.0 0.0 -999 ""
FIBERMAP 483 R+13C1 BOSS 1 1 0 1 0 0 -162.8773147238123 263.1809368927401 143.1 12.567600994348643 309.2235243552975 200.54309 53.53982 100.02066598288249 -3.0374997573179283 0.100603394 0.42371452 0.05976279 100.02063191331219 -3.037522777585191 100.00938009269339 -3.050569283493329 50.71574258587784 152.468952746455 5400.0 5400.0 2016.0 1 7 {-999.0 16.636793 15.839508 15.328157 -999.0} sdss_psfmag_ps1 16.383574 15.7949705 15.047359 13.86 63050395111948151 1093342197 bright_3x1 mwm_astar_core_boss mwm_ob science 0 0 0.0 0.0 -999 ""
FIBERMAP 483 R+13C1 METROLOGY 0 0 0 1 0 0 -162.38136121416494 262.635739228319 143.1 12.672868677387296 308.49411511733916 200.54309 53.53982 -999.0 -999.0 -999.0 -999.0 -999.0 100.02110067680862 -3.040692184537525 100.00985879595049 -3.0537821837467396 50.712596986225805 152.47023231386436 -999.0 6231.0 -999.0 -1 -999 {-999.0 -999.0 -999.0 -999.0 -999.0} "" -999.0 -999.0 -999.0 -999.0 -999 -999 "" "" "" "" 0 0 0.0 0.0 -999 ""
FIBERMAP 488 R+13C8 APOGEE 0 0 0 1 0 0 16.592911624914645 269.4216234217766 143.1 164.69927775236565 213.83461661985936 108.35196 73.88333 -999.0 -999.0 -999.0 -999.0 -999.0 100.71120783827313 -3.4630688073124802 100.69869115935796 -3.477845285752177 50.05184847924152 151.74104335138014 -999.0 16600.0 -999.0 2 37 {-999.0 -999.0 -999.0 -999.0 -999.0} "" -999.0 -999.0 -999.0 -999.0 -999 -999 "" "" "" "" 0 0 0.0 0.0 -999 ""
FIBERMAP 488 R+13C8 BOSS 1 1 0 1 0 0 17.329299127062264 269.45800718557894 143.1 165.32953060192622 213.45215046728075 108.35196 73.88333 100.71413818323026 -3.4649392517259505 0.2605714 0.9334618 0.18862166 100.71413699417369 -3.464947569199474 100.70154613774878 -3.479573867081228 50.04912667784992 151.73804743359503 5400.0 5400.0 2016.0 1 166 {-999.0 15.966302 15.1378 14.750513 -999.0} sdss_psfmag_ps1 15.652252 15.0593 14.300822 13.043 63050395111681357 1093342026 bright_3x1 mwm_astar_core_boss mwm_ob science 0 0 0.0 0.0 -999 ""
FIBERMAP 488 R+13C8 METROLOGY 0 0 0 1 0 0 16.995651214605267 268.7850024025251 143.1 164.67612221714245 213.08171955724998 108.35196 73.88333 -999.0 -999.0 -999.0 -999.0 -999.0 100.71119239875043 -3.4665503564279834 100.69861756432886 -3.481212989895309 50.048789527995396 151.74324007402748 -999.0 6231.0 -999.0 -1 -999 {-999.0 -999.0 -999.0 -999.0 -999.0} "" -999.0 -999.0 -999.0 -999.0 -999 -999 "" "" "" "" 0 0 0.0 0.0 -999 ""
FIBERMAP 489 R-5C2 APOGEE 0 0 0 1 0 0 -211.78890902660538 -78.25851475503737 143.1 -219.2492775004314 53.852830307742046 129.94351 66.52453 -999.0 -999.0 -999.0 -999.0 -999.0 98.97011538757029 -4.190284346282474 98.95619110487013 -4.200344642653523 50.043959392202666 154.67313031994235 -999.0 16600.0 -999.0 2 -999 {-999.0 -999.0 -999.0 -999.0 -999.0} "" -999.0 -999.0 -999.0 -999.0 -999 -999 "" "" "" "" 0 0 0.0 0.0 -999 ""
FIBERMAP 489 R-5C2 BOSS 1 1 0 1 0 0 -211.0853601342238 -78.04457085158292 143.1 -218.546734036617 53.63581676771849 129.94351 66.52453 98.97330533558382 -4.191406001778491 0.25330338 -4.9287066 0.23631471 98.97330019253658 -4.191406157461587 98.95931011603756 -4.201314558024427 50.04193273947834 154.66915755660943 5400.0 5400.0 2016.0 1 487 {-999.0 15.9197 15.023755 15.071359 -999.0} sdss_psfmag_ps1 -999.0 14.792972 -999.0 12.215 63050395111441500 1093341975 bright_3x1 mwm_astar_core_boss mwm_ob science 0 0 0.0 0.0 -999 ""
FIBERMAP 489 R-5C2 METROLOGY 0 0 0 1 0 0 -211.24715171897498 -78.77150695784444 143.1 -219.08803092474457 53.12442931443124 129.94351 66.52453 -999.0 -999.0 -999.0 -999.0 -999.0 98.97085225177112 -4.193689533886762 98.95687438178987 -4.203635966720889 50.04064382515799 154.67398911083612 -999.0 6231.0 -999.0 -1 -999 {-999.0 -999.0 -999.0 -999.0 -999.0} "" -999.0 -999.0 -999.0 -999.0 -999 -999 "" "" "" "" 0 0 0.0 0.0 -999 ""
FIBERMAP 493 R+8C15 APOGEE 1 1 0 1 0 0 131.8916685640329 155.69684865081825 143.1 196.46815929837103 55.04714878526028 52.758224 55.330944 100.86089967378919 -4.179909547258439 1.7189456 10.270556 0.87601066 100.86085884591301 -4.17995476893272 100.84640273504681 -4.194814582761883 49.33537439543484 151.972577530573 16000.0 16600.0 2016.0 2 78 {-999.0 14.314772 13.310483 12.929061 -999.0} sdss_psfmag_from_g3xp 13.972831 13.33365 12.564262 10.99 63050395111609315 1106348450 bright_flexible_3x1 mwm_tess_rgb_apogee mwm_tessrgb science 0 0 0.0 0.0 -999 ""
FIBERMAP 493 R+8C15 BOSS 0 0 0 1 0 0 132.11940336357875 154.98808751987656 143.1 196.25964678421883 54.332561555812575 52.758224 55.330944 -999.0 -999.0 -999.0 -999.0 -999.0 100.86005416713638 -4.183345235561253 100.84551965037491 -4.19804056455272 49.33276127872998 151.9757796944974 -999.0 5400.0 -999.0 1 230 {-999.0 -999.0 -999.0 -999.0 -999.0} "" -999.0 -999.0 -999.0 -999.0 -999 -999 "" "" "" "" 0 0 0.0 0.0 -999 ""
FIBERMAP 493 R+8C15 METROLOGY 0 0 0 1 0 0 131.3901653645651 155.1415320156881 143.1 195.74167604874552 54.86823524157864 52.758224 55.330944 -999.0 -999.0 -999.0 -999.0 -999.0 100.85767204196692 -4.180875738162998 100.84316451736674 -4.195611723454536 49.335921869732374 151.9776127819979 -999.0 6231.0 -999.0 -1 -999 {-999.0 -999.0 -999.0 -999.0 -999.0} "" -999.0 -999.0 -999.0 -999.0 -999 -999 "" "" "" "" 0 0 0.0 0.0 -999 ""
FIBERMAP 495 R+5C10 APOGEE 1 1 0 1 0 0 -51.936070306352285 102.64972992826983 143.1 14.501948911445693 114.11306962040834 205.44365 67.00731 100.03228232389532 -3.9130102507168805 -0.051893316 -2.463944 0.77460706 100.03226791691267 -3.9130274592714755 100.01876360467332 -3.9259003678352067 49.904644143894785 152.9845470575683 16000.0 16600.0 2016.0 2 7 {-999.0 13.637906 13.002807 12.778968 -999.0} sdss_psfmag_gaia 13.47804 13.045116 12.4393635 11.39 63050395111274734 1110690682 bright_flexible_4x1 mwm_tess_rgb_apogee mwm_tessrgb science 0 0 0.0 0.0 -999 ""
FIBERMAP 495 R+5C10 BOSS 0 0 0 1 0 0 -51.956837467565265 103.40172184863768 143.1 14.90609171322675 114.747495855648 205.44365 67.00731 -999.0 -999.0 -999.0 -999.0 -999.0 100.0341757478554 -3.9102487764723945 100.020612256687 -3.922968884660677 49.906646087822345 152.98015890077474 -999.0 5400.0 -999.0 1 129 {-999.0 -999.0 -999.0 -999.0 -999.0} "" -999.0 -999.0 -999.0 -999.0 -999 -999 "" "" "" "" 0 0 0.0 0.0 -999 ""
FIBERMAP 495 R+5C10 METROLOGY 0 0 0 1 0 0 -51.30177889729069 103.04343341139729 143.1 15.247853679292675 114.08373577709372 205.44365 67.00731 -999.0 -999.0 -999.0 -999.0 -999.0 100.03572399083241 -3.9132239982015458 100.02217085257496 -3.92599179234628 49.90325816581992 152.97972583084177 -999.0 6231.0 -999.0 -1 -999 {-999.0 -999.0 -999.0 -999.0 -999.0} "" -999.0 -999.0 -999.0 -999.0 -999 -999 "" "" "" "" 0 0 0.0 0.0 -999 ""
FIBERMAP 501 R+6C19 APOGEE 1 1 0 1 0 0 191.13103300172685 118.65906885601835 143.1 224.77715632531928 -8.818962167065994 5.397885 123.83126 100.98987994169667 -4.46934403773876 -1.1482611 0.93958545 0.2628258 100.98987675182725 -4.469296540600115 100.97461645787246 -4.484361919669384 49.01886954476185 151.96854729946307 16000.0 16600.0 2016.0 2 34 {-999.0 14.74695 13.512698 12.977307 -999.0} sdss_psfmag_from_g3xp 14.280258 13.467372 12.583435 10.586 63050395111588155 1110571199 bright_flexible_2x1 mwm_tess_rgb_apogee mwm_tessrgb science 0 0 0.0 0.0 -999 ""
FIBERMAP 501 R+6C19 BOSS 0 0 0 1 0 0 191.589621539231 118.07775269369174 143.1 224.8312415679214 -9.557348661220335 5.397885 123.83126 -999.0 -999.0 -999.0 -999.0 -999.0 100.99024181279553 -4.472807740869662 100.97490159004803 -4.487709739460946 49.015683283575484 151.97017277720641 -999.0 5400.0 -999.0 1 195 {-999.0 -999.0 -999.0 -999.0 -999.0} "" -999.0 -999.0 -999.0 -999.0 -999 -999 "" "" "" "" 0 0 0.0 0.0 -999 ""
FIBERMAP 501 R+6C19 METROLOGY 0 0 0 1 0 0 190.8476475708022 117.96934595709206 143.1 224.15600752482433 -9.231400937229537 5.397885 123.83126 -999.0 -999.0 -999.0 -999.0 -999.0 100.98717053959169 -4.471296563372283 100.97185521820643 -4.4862375939259325 49.01823858718025 151.97353462147788 -999.0 6231.0 -999.0 -1 -999 {-999.0 -999.0 -999.0 -999.0 -999.0} "" -999.0 -999.0 -999.0 -999.0 -999 -999 "" "" "" "" 0 0 0.0 0.0 -999 ""
FIBERMAP 506 R+6C10 APOGEE 0 0 0 1 0 0 -43.10826536497821 118.81338988321234 143.1 30.86954395503729 122.55338321085318 228.23238 46.698288 -999.0 -999.0 -999.0 -999.0 -999.0 100.1067884711833 -3.8745549431513053 100.09336388101508 -3.8876325794276476 49.911425912442624 152.85502639238214 -999.0 16600.0 -999.0 2 -999 {-999.0 -999.0 -999.0 -999.0 -999.0} "" -999.0 -999.0 -999.0 -999.0 -999 -999 "" "" "" "" 0 0 0.0 0.0 -999 ""
FIBERMAP 506 R+6C10 BOSS 1 1 0 1 0 0 -43.20167237538715 119.5640757698279 143.1 31.212795563444544 123.22742799320852 228.23238 46.698288 100.10842338972971 -3.871593374819928 -0.005305556 0.44323164 0.11399731 100.10842277643295 -3.8715983843769206 100.0949392881771 -3.884522757280132 49.91369214989871 152.85091613833924 5400.0 5400.0 2016.0 1 128 {-999.0 15.446656 15.054741 14.860322 -999.0} sdss_psfmag_ps1 15.346991 15.011961 14.490915 13.631 63050395111275342 1068379769 bright_3x1 mwm_ob_core_boss mwm_ob science 0 0 0.0 0.0 -999 ""
FIBERMAP 506 R+6C10 METROLOGY 0 0 0 1 0 0 -42.515053333529934 119.2658956469953 143.1 31.614374275439058 122.5957655071226 228.23238 46.698288 -999.0 -999.0 -999.0 -999.0 -999.0 100.11024271189905 -3.8744261152515285 100.0967699635737 -3.8873988781990163 49.91033479752251 152.85001568469744 -999.0 6231.0 -999.0 -1 -999 {-999.0 -999.0 -999.0 -999.0 -999.0} "" -999.0 -999.0 -999.0 -999.0 -999 -999 "" "" "" "" 0 0 0.0 0.0 -999 ""
FIBERMAP 507 R+1C26 APOGEE 0 0 0 1 0 0 288.0517192149658 29.869685774891487 143.1 255.29687549093453 -136.65799479288802 54.754593 114.30119 -999.0 -999.0 -999.0 -999.0 -999.0 101.12689343010855 -5.046140287230509 101.11006306654048 -5.061309496459636 48.435582359885714 152.1265548279431 -999.0 16600.0 -999.0 2 42 {-999.0 -999.0 -999.0 -999.0 -999.0} "" -999.0 -999.0 -999.0 -999.0 -999 -999 "" "" "" "" 0 0 0.0 0.0 -999 ""
FIBERMAP 507 R+1C26 BOSS 1 1 0 1 0 0 288.75894828586354 29.70307395626792 143.1 255.78924103983053 -137.192241865094 54.754593 114.30119 101.12914951345155 -5.048672837188728 -0.19823734 -1.0864245 0.166165 101.1291399712791 -5.048674236315317 101.11223049030747 -5.063681701937883 48.43255063265237 152.12497612217723 5400.0 5400.0 2016.0 1 175 {-999.0 14.210072 14.096019 14.081803 -999.0} sdss_psfmag_from_g3xp 14.239388 14.072105 13.742912 13.193 63050395110243661 1093286538 bright_3x1 mwm_astar_core_boss mwm_ob science 0 0 0.0 0.0 -999 ""
FIBERMAP 507 R+1C26 METROLOGY 0 0 0 1 0 0 288.2720858136309 29.142850642106694 143.1 255.07213384102118 -137.383422275133 54.754593 114.30119 -999.0 -999.0 -999.0 -999.0 -999.0 101.12591373148231 -5.04952675067861 101.10902326489662 -5.064572857877014 48.43299262983491 152.12993029781322 -999.0 6231.0 -999.0 -1 -999 {-999.0 -999.0 -999.0 -999.0 -999.0} "" -999.0 -999.0 -999.0 -999.0 -999 -999 "" "" "" "" 0 0 0.0 0.0 -999 ""
FIBERMAP 514 R+11C3 APOGEE 1 1 0 1 0 0 -108.27739507187341 209.96635266497802 143.1 27.970385990670483 234.55947087942943 4.681113 97.75151 100.09163193309321 -3.3692361226677896 -2.1362166 -0.9521251 1.8314596 100.09163832223939 -3.369231124931978 100.07955442916654 -3.3824769884154273 50.382696109839074 152.5703574825692 16000.0 16600.0 2016.0 2 133 {-999.0 8.189143 8.48365 8.66829 -999.0} sdss_psfmag_from_g3xp 8.316496 8.348924 8.351263 8.408 63050395111937051 974925985 "" ops_std_apogee ops_std standard_apogee 0 0 0.0 0.0 -999 ""
FIBERMAP 514 R+11C3 BOSS 0 0 0 1 0 0 -108.08361922804183 209.25146822970316 143.1 27.730318196819223 233.8588396459027 4.681113 97.75151 -999.0 -999.0 -999.0 -999.0 -999.0 100.0906318260705 -3.372493890132744 100.078473920296 -3.385580093765181 50.380254643139914 152.57380465054155 -999.0 5400.0 -999.0 1 5 {-999.0 -999.0 -999.0 -999.0 -999.0} "" -999.0 -999.0 -999.0 -999.0 -999 -999 "" "" "" "" 0 0 0.0 0.0 -999 ""
FIBERMAP 514 R+11C3 METROLOGY 0 0 0 1 0 0 -108.8048599366614 209.43561843315558 143.1 27.236175159996897 234.41546252682167 4.681113 97.75151 -999.0 -999.0 -999.0 -999.0 -999.0 100.0883589955641 -3.3699672651980013 100.07622706904004 -3.3830928922328245 50.38341722996673 152.57553321991628 -999.0 6231.0 -999.0 -1 -999 {-999.0 -999.0 -999.0 -999.0 -999.0} "" -999.0 -999.0 -999.0 -999.0 -999 -999 "" "" "" "" 0 0 0.0 0.0 -999 ""
FIBERMAP 515 R+3C19 APOGEE 0 0 0 1 0 0 128.45262178531172 63.46406785847856 143.1 141.94185410166887 -19.41199338930226 195.53685 78.60693 -999.0 -999.0 -999.0 -999.0 -999.0 100.61529382558169 -4.518970688602089 100.60001201229903 -4.533069018328653 49.12076866863812 152.52195931628768 -999.0 16600.0 -999.0 2 -999 {-999.0 -999.0 -999.0 -999.0 -999.0} "" -999.0 -999.0 -999.0 -999.0 -999 -999 "" "" "" "" 0 0 0.0 0.0 -999 ""
FIBERMAP 515 R+3C19 BOSS 1 1 0 1 0 0 128.37901022319815 64.19594469133084 143.1 142.29096132089518 -18.764617443372906 195.53685 78.60693 100.61703886201965 -4.51614744601971 -0.3933049 0.6463362 0.08275982 100.61699767747484 -4.51619006430804 100.60165373839709 -4.530131098505664 49.122837885281044 152.51790850404555 5400.0 5400.0 2016.0 1 217 {-999.0 15.573478 15.342272 15.263642 -999.0} sdss_psfmag_ps1 15.483531 15.20527 14.738653 14.076 63050395111189282 1093342282 bright_3x1 mwm_astar_core_boss mwm_ob science 0 0 0.0 0.0 -999 ""
FIBERMAP 515 R+3C19 METROLOGY 0 0 0 1 0 0 129.06038996430595 63.896826245010594 143.1 142.68767516536911 -19.39412145130148 195.53685 78.60693 -999.0 -999.0 -999.0 -999.0 -999.0 100.6187786625215 -4.518998693266642 100.60344629882485 -4.532989172528622 49.11950963982141 152.51709338480356 -999.0 6231.0 -999.0 -1 -999 {-999.0 -999.0 -999.0 -999.0 -999.0} "" -999.0 -999.0 -999.0 -999.0 -999 -999 "" "" "" "" 0 0 0.0 0.0 -999 ""
FIBERMAP 533 R+1C3 APOGEE 1 1 0 1 0 0 -250.44258726068944 5.159297376286222 143.1 -204.52268125534349 144.59612538377294 279.9443 47.743828 99.03762817382811 -3.7795619260587046 -999.0 -999.0 -999.0 99.03764108599749 -3.7795828914057097 99.02478566447968 -3.7899836006066874 50.40153697350153 154.34077187981873 16000.0 16600.0 2015.5 2 104 {-999.0 -999.0 -999.0 -999.0 -999.0} "" -999.0 -999.0 -999.0 -999.0 27021603131463887 841547920 "" ops_sky_apogee_best ops_sky sky_apogee 0 0 0.0 0.0 -999 ""
FIBERMAP 533 R+1C3 BOSS 0 0 0 1 0 0 -251.07635450878686 5.536548074610346 143.1 -204.8361854368213 145.26366022009756 279.9443 47.743828 -999.0 -999.0 -999.0 -999.0 -999.0 99.03629195659536 -3.776730299335266 99.02338273553318 -3.786971512197239 50.404852181247215 154.34109222881764 -999.0 5400.0 -999.0 1 61 {-999.0 -999.0 -999.0 -999.0 -999.0} "" -999.0 -999.0 -999.0 -999.0 -999 -999 "" "" "" "" 0 0 0.0 0.0 -999 ""
FIBERMAP 533 R+1C3 METROLOGY 0 0 0 1 0 0 -250.42208332367025 5.905968228486813 143.1 -204.08733964281942 145.20302053431803 279.9443 47.743828 -999.0 -999.0 -999.0 -999.0 -999.0 99.03964396443588 -3.7769352675952557 99.02675069482666 -3.787229483445346 50.40338558014977 154.33633096171621 -999.0 6231.0 -999.0 -1 -999 {-999.0 -999.0 -999.0 -999.0 -999.0} "" -999.0 -999.0 -999.0 -999.0 -999 -999 "" "" "" "" 0 0 0.0 0.0 -999 ""
FIBERMAP 544 R-6C19 APOGEE 1 1 0 1 0 0 189.2543373110169 -105.30061432293738 143.1 97.73804142453105 -193.248076435762 62.622227 100.87576 100.4150390625 -5.307961784957072 -999.0 -999.0 -999.0 100.41504482885261 -5.307981077418139 100.39772578346629 -5.3212417127299005 48.47070622937291 153.2645056146138 16000.0 16600.0 2015.5 2 229 {-999.0 -999.0 -999.0 -999.0 -999.0} "" -999.0 -999.0 -999.0 -999.0 27021603131445642 841546220 "" ops_sky_apogee_best ops_sky sky_apogee 0 0 0.0 0.0 -999 ""
FIBERMAP 544 R-6C19 BOSS 0 0 0 1 0 0 189.9668614927865 -105.48820949657674 143.1 98.22303532142398 -193.8026685185577 62.622227 100.87576 -999.0 -999.0 -999.0 -999.0 -999.0 100.41733678551466 -5.310666387378999 100.39994092727034 -5.32376442808998 48.46753469868015 153.2628741138681 -999.0 5400.0 -999.0 1 277 {-999.0 -999.0 -999.0 -999.0 -999.0} "" -999.0 -999.0 -999.0 -999.0 -999 -999 "" "" "" "" 0 0 0.0 0.0 -999 ""
FIBERMAP 544 R-6C19 METROLOGY 0 0 0 1 0 0 189.443122572527 -106.01806605818383 143.1 97.49240203134278 -193.94803764644112 62.622227 100.87576 -999.0 -999.0 -999.0 -999.0 -999.0 100.41399117866507 -5.311289344913145 100.39661420014022 -5.3244260575561775 48.468181105517814 153.26787438332246 -999.0 6231.0 -999.0 -1 -999 {-999.0 -999.0 -999.0 -999.0 -999.0} "" -999.0 -999.0 -999.0 -999.0 -999 -999 "" "" "" "" 0 0 0.0 0.0 -999 ""
FIBERMAP 546 R-12C1 APOGEE 1 1 0 1 0 0 -148.72269196294508 -250.09138431016913 143.1 -263.2967669074441 -123.79309015007404 339.23236 65.18048 98.77517165275225 -4.993882301513972 -0.095212296 1.0388526 0.48086908 98.775138970234 -4.993873383124799 98.75913637822504 -5.003103784850721 49.36372930611793 155.39887314412533 16000.0 16600.0 2016.0 2 296 {-999.0 14.096322 13.222428 12.858233 -999.0} sdss_psfmag_from_g3xp 13.82423 13.231602 12.493918 10.978 63050395111218968 1108431706 bright_flexible_3x1 mwm_tess_rgb_apogee mwm_tessrgb science 0 0 0.0 0.0 -999 ""
FIBERMAP 546 R-12C1 BOSS 0 0 0 1 0 0 -149.2305151283525 -250.61973956669152 143.1 -264.0133777840617 -123.94613353081876 339.23236 65.18048 -999.0 -999.0 -999.0 -999.0 -999.0 98.77202758388381 -4.994696326156178 98.75596192701204 -5.003754427189717 49.36423128746072 155.40377038035405 -999.0 5400.0 -999.0 1 429 {-999.0 -999.0 -999.0 -999.0 -999.0} "" -999.0 -999.0 -999.0 -999.0 -999 -999 "" "" "" "" 0 0 0.0 0.0 -999 ""
FIBERMAP 546 R-12C1 METROLOGY 0 0 0 1 0 0 -149.4486606234766 -249.91079393175096 143.1 -263.7968201492522 -123.23676639535088 339.23236 65.18048 -999.0 -999.0 -999.0 -999.0 -999.0 98.77294835483218 -4.991463746106599 98.75690854399431 -5.000572041992005 49.3668794473617 155.40069769945657 -999.0 6231.0 -999.0 -1 -999 {-999.0 -999.0 -999.0 -999.0 -999.0} "" -999.0 -999.0 -999.0 -999.0 -999 -999 "" "" "" "" 0 0 0.0 0.0 -999 ""
FIBERMAP 548 R+1C14 APOGEE 1 1 0 1 0 0 11.963550807331549 9.680263957171844 143.1 15.331926869745535 1.313883636484601 241.58986 146.1987 100.03756020506384 -4.426424183274372 -5.5364237 -3.38038 2.0817 100.03754455653446 -4.426431618548303 100.02267825234719 -4.439105810023633 49.42866492551562 153.28109762780866 16000.0 16600.0 2016.0 2 13 {-999.0 10.12518 10.327802 10.462481 -999.0} sdss_psfmag_gaia 10.246566 10.219584 10.162235 10.087 63050395111244582 975456786 "" ops_std_apogee ops_std standard_apogee 0 0 0.0 0.0 -999 ""
FIBERMAP 548 R+1C14 BOSS 0 0 0 1 0 0 11.30712408572185 9.345593077455739 143.1 14.60076594402802 1.4045099891671433 241.58986 146.1987 -999.0 -999.0 -999.0 -999.0 -999.0 100.03427738985067 -4.4261882063060565 100.01934622155125 -4.438692473572345 49.43030704448077 153.2855830245708 -999.0 5400.0 -999.0 1 96 {-999.0 -999.0 -999.0 -999.0 -999.0} "" -999.0 -999.0 -999.0 -999.0 -999 -999 "" "" "" "" 0 0 0.0 0.0 -999 ""
FIBERMAP 548 R+1C14 METROLOGY 0 0 0 1 0 0 11.333657869789262 10.080840734790801 143.1 15.034700972261234 1.998566061566434 241.58986 146.1987 -999.0 -999.0 -999.0 -999.0 -999.0 100.03623269513515 -4.423429925927222 100.02132710059647 -4.435986141355843 49.43206242228852 153.28119524107845 -999.0 6231.0 -999.0 -1 -999 {-999.0 -999.0 -999.0 -999.0 -999.0} "" -999.0 -999.0 -999.0 -999.0 -999 -999 "" "" "" "" 0 0 0.0 0.0 -999 ""
FIBERMAP 550 R+1C1 APOGEE 0 0 0 1 0 0 -280.2838131223363 29.22549236593121 143.1 -215.75249826861176 181.24752121121233 62.580612 142.33687 -999.0 -999.0 -999.0 -999.0 -999.0 98.98826033654676 -3.615202464295882 98.97585499659266 -3.6255445445742653 50.57245277298222 154.31787732844808 -999.0 16600.0 -999.0 2 141 {-999.0 -999.0 -999.0 -999.0 -999.0} "" -999.0 -999.0 -999.0 -999.0 -999 -999 "" "" "" "" 0 0 0.0 0.0 -999 ""
FIBERMAP 550 R+1C1 BOSS 1 1 0 1 0 0 -279.63017837424366 29.545517190693097 143.1 -215.0318558215278 181.14632952351838 62.580612 142.33687 98.99158171864902 -3.6157974605867347 -4.341015 -1.2401191 0.9675164 98.99155411119993 -3.615784689037669 98.97908481320633 -3.625978634023548 50.570871559295554 154.31340219088798 5400.0 5400.0 2016.0 1 12 {-999.0 15.419882 14.794579 14.388015 14.02179} sdss_psfmag_from_gdr3 15.881911 15.300976 14.5699005 13.184 63050395111489270 1059269402 bright_flexible_2x1 bhm_spiders_agn_gaiadr3 bhm_spiders science 0 0 0.0 0.0 -999 ""
FIBERMAP 550 R+1C1 METROLOGY 0 0 0 1 0 0 -279.67535012853097 28.79253507093356 143.1 -215.49116322425166 180.54802886491024 62.580612 142.33687 -999.0 -999.0 -999.0 -999.0 -999.0 98.98945932323079 -3.6184465800663452 98.97700101542665 -3.628678386598846 50.569117696296736 154.31800261912738 -999.0 6231.0 -999.0 -1 -999 {-999.0 -999.0 -999.0 -999.0 -999.0} "" -999.0 -999.0 -999.0 -999.0 -999 -999 "" "" "" "" 0 0 0.0 0.0 -999 ""
FIBERMAP 554 R-2C23 APOGEE 1 1 0 1 0 0 211.9021986733403 -32.85487462434325 143.1 157.0861472980613 -145.939036132444 156.3697 114.63989 100.68468143173979 -5.092524030410361 -1.7422795 0.19711904 0.3829525 100.68465771416832 -5.092528912133128 100.66783308020285 -5.106562166939953 48.56594255750358 152.76522122596737 16000.0 16600.0 2016.0 2 197 {-999.0 14.545606 13.419605 12.938781 -999.0} sdss_psfmag_from_g3xp 14.13602 13.395843 12.552648 10.722 63050395111151217 1106066572 bright_flexible_2x1 mwm_tess_rgb_apogee mwm_tessrgb science 0 0 0.0 0.0 -999 ""
FIBERMAP 554 R-2C23 BOSS 0 0 0 1 0 0 211.91887368729698 -32.113156611167355 143.1 157.51554276284693 -145.3340975118474 156.3697 114.63989 -999.0 -999.0 -999.0 -999.0 -999.0 100.68670916119792 -5.0899762494195135 100.66982081227377 -5.103849577785578 48.56767951214771 152.76087789673826 -999.0 5400.0 -999.0 1 310 {-999.0 -999.0 -999.0 -999.0 -999.0} "" -999.0 -999.0 -999.0 -999.0 -999 -999 "" "" "" "" 0 0 0.0 0.0 -999 ""
FIBERMAP 554 R-2C23 METROLOGY 0 0 0 1 0 0 212.5721714268183 -32.47188864435 143.1 157.85559788344696 -145.99723837562976 156.3697 114.63989 -999.0 -999.0 -999.0 -999.0 -999.0 100.68821945700748 -5.092905131270611 100.67134268559983 -5.10682812325888 48.56434658447567 152.76050441785188 -999.0 6231.0 -999.0 -1 -999 {-999.0 -999.0 -999.0 -999.0 -999.0} "" -999.0 -999.0 -999.0 -999.0 -999 -999 "" "" "" "" 0 0 0.0 0.0 -999 ""
FIBERMAP 565 R+8C3 APOGEE 0 0 0 1 0 0 -136.68219035999257 153.09234301657204 143.1 -27.420683468249354 203.37236052885666 50.28023 48.808 -999.0 -999.0 -999.0 -999.0 -999.0 99.84037667712374 -3.509872196276805 99.82799604881086 -3.5224233829445044 50.35025429293195 153.0181423796547 -999.0 16600.0 -999.0 2 137 {-999.0 -999.0 -999.0 -999.0 -999.0} "" -999.0 -999.0 -999.0 -999.0 -999 -999 "" "" "" "" 0 0 0.0 0.0 -999 ""
FIBERMAP 565 R+8C3 BOSS 1 1 0 1 0 0 -136.5397178007765 152.36400538107003 143.1 -27.71077784844749 202.68933280919498 50.28023 48.808 99.83884067589165 -3.513046178607396 -1.001646 -7.0401645 -3.1321566 99.83912058340252 -3.5130588975267147 99.82666710899451 -3.5254492288258277 50.347965165048265 153.02187565836093 5400.0 5400.0 2016.0 1 25 {-999.0 13.975381 13.371525 13.161055 -999.0} sdss_psfmag_gaia 13.638663 13.412664 12.633031 11.586 63050395111934621 1093411369 bright_3x1 mwm_astar_core_boss mwm_ob science 0 0 1.0231294631958008 0.0 -999 ""
FIBERMAP 565 R+8C3 METROLOGY 0 0 0 1 0 0 -137.25303994109086 152.5992259497182 143.1 -28.169748043065336 203.2838147498818 50.28023 48.808 -999.0 -999.0 -999.0 -999.0 -999.0 99.83701347950579 -3.510356688747901 99.8245861485156 -3.5227870993780463 50.351219003871385 153.02328913651522 -999.0 6231.0 -999.0 -1 -999 {-999.0 -999.0 -999.0 -999.0 -999.0} "" -999.0 -999.0 -999.0 -999.0 -999 -999 "" "" "" "" 0 0 0.0 0.0 -999 ""
FIBERMAP 566 R+8C7 APOGEE 0 0 0 1 0 0 -89.52397902628309 152.78734828112852 143.1 11.464272757684714 176.69696957245458 266.17258 12.649347 -999.0 -999.0 -999.0 -999.0 -999.0 100.0175506126498 -3.629618779919656 100.00480054369211 -3.642570558202973 50.17162641534829 152.835286261823 -999.0 16600.0 -999.0 2 -999 {-999.0 -999.0 -999.0 -999.0 -999.0} "" -999.0 -999.0 -999.0 -999.0 -999 -999 "" "" "" "" 0 0 0.0 0.0 -999 ""
FIBERMAP 566 R+8C7 BOSS 1 1 0 1 0 0 -89.63404419128035 153.49659547341048 143.1 11.770510142902257 177.3460289251498 266.17258 12.649347 100.01856523113128 -3.6266958861822833 0.11417175 -0.35152084 0.2984548 100.01900504598304 -3.6267869424724637 100.00619639579509 -3.6395864104767988 50.17384499202256 152.83148620101613 5400.0 5400.0 2016.0 1 103 {-999.0 11.464864 11.349113 11.350427 -999.0} sdss_psfmag_from_g3xp 11.478293 11.319546 11.015625 10.601 63050395111689755 1068444941 bright_3x1 mwm_ob_core_boss mwm_ob science 0 0 1.5317085981369019 0.0 -999 ""
FIBERMAP 566 R+8C7 METROLOGY 0 0 0 1 0 0 -88.94752744989583 153.2610207002036 143.1 12.20708197773285 176.7662727313897 266.17258 12.649347 -999.0 -999.0 -999.0 -999.0 -999.0 100.02098125458967 -3.6293662766964943 100.0081837882363 -3.642214226645552 50.170656366765776 152.8302064024487 -999.0 6231.0 -999.0 -1 -999 {-999.0 -999.0 -999.0 -999.0 -999.0} "" -999.0 -999.0 -999.0 -999.0 -999 -999 "" "" "" "" 0 0 0.0 0.0 -999 ""
FIBERMAP 572 R+10C5 APOGEE 0 0 0 1 0 0 -92.7701500308685 177.80101341001415 143.1 22.79101854484306 199.23180967824752 282.16937 91.95649 -999.0 -999.0 -999.0 -999.0 -999.0 100.06873715960045 -3.52791013975348 100.05624076120779 -3.5410332642864 50.24552031139343 152.70010197058627 -999.0 16600.0 -999.0 2 -999 {-999.0 -999.0 -999.0 -999.0 -999.0} "" -999.0 -999.0 -999.0 -999.0 -999 -999 "" "" "" "" 0 0 0.0 0.0 -999 ""
FIBERMAP 572 R+10C5 BOSS 1 1 0 1 0 0 -93.49542288088104 177.60976104725643 143.1 22.083197664456115 199.4797880280899 282.16937 91.95649 100.06556866472181 -3.5268940692419815 -0.45757547 0.54936194 0.10209997 100.06558604481627 -3.5269065131342345 100.05302750416871 -3.539865427596814 50.247836623628935 152.70402205262928 5400.0 5400.0 2016.0 1 146 {-999.0 16.387571 15.943191 15.750135 -999.0} sdss_psfmag_ps1 16.264389 15.879776 15.310329 14.382 63050395111691468 1093342057 bright_3x1 mwm_astar_core_boss mwm_ob science 0 0 0.0 0.0 -999 ""
FIBERMAP 572 R+10C5 METROLOGY 0 0 0 1 0 0 -93.2986187959803 178.32768479219953 143.1 22.648441834455106 199.96409401297132 282.16937 91.95649 -999.0 -999.0 -999.0 -999.0 -999.0 100.0681284095315 -3.5246872710147295 100.05559359998824 -3.537697932433216 50.248846168929276 152.6990181788564 -999.0 6231.0 -999.0 -1 -999 {-999.0 -999.0 -999.0 -999.0 -999.0} "" -999.0 -999.0 -999.0 -999.0 -999 -999 "" "" "" "" 0 0 0.0 0.0 -999 ""
FIBERMAP 575 R+3C14 APOGEE 0 0 0 1 0 0 49.0709232433281 46.72267253025825 143.1 66.818694598651 11.200644577768369 8.638518 63.427753 -999.0 -999.0 -999.0 -999.0 -999.0 100.27259259574068 -4.380741767106176 100.25777816146172 -4.394030424429453 49.380891965491955 152.92169506975793 -999.0 16600.0 -999.0 2 24 {-999.0 -999.0 -999.0 -999.0 -999.0} "" -999.0 -999.0 -999.0 -999.0 -999 -999 "" "" "" "" 0 0 0.0 0.0 -999 ""
FIBERMAP 575 R+3C14 BOSS 1 1 0 1 0 0 48.85073300533509 46.02219823679977 143.1 66.24385925403766 10.743893299465848 8.638518 63.427753 100.27009227021333 -4.382989225934624 -0.2721303 0.164131 -0.21163389 100.27007891846286 -4.382985427166025 100.2551918658396 -4.3961050954589895 49.37996613242135 152.9265758263794 5400.0 5400.0 2016.0 1 97 {-999.0 16.368444 15.806332 15.661862 -999.0} sdss_psfmag_ps1 16.197712 15.820386 15.187672 14.131 63050395111251162 1093342356 bright_3x1 mwm_astar_core_boss mwm_ob science 0 0 0.0 0.0 -999 ""
FIBERMAP 575 R+3C14 METROLOGY 0 0 0 1 0 0 48.33570395519111 46.5625741060839 143.1 66.12009178803787 11.479997233051575 8.638518 63.427753 -999.0 -999.0 -999.0 -999.0 -999.0 100.26947730295748 -4.379588902626366 100.25461854030624 -4.392754293778108 49.38327967306208 152.92541095996663 -999.0 6231.0 -999.0 -1 -999 {-999.0 -999.0 -999.0 -999.0 -999.0} "" -999.0 -999.0 -999.0 -999.0 -999 -999 "" "" "" "" 0 0 0.0 0.0 -999 ""
FIBERMAP 577 R+6C15 APOGEE 0 0 0 1 0 0 110.24244360438519 116.41569242175038 143.1 156.52926458822964 34.64506765908397 58.99778 42.63845 -999.0 -999.0 -999.0 -999.0 -999.0 100.68059640122436 -4.272949978892911 100.66594728012899 -4.287315694547559 49.32130362147963 152.28229930003505 -999.0 16600.0 -999.0 2 36 {-999.0 -999.0 -999.0 -999.0 -999.0} "" -999.0 -999.0 -999.0 -999.0 -999 -999 "" "" "" "" 0 0 0.0 0.0 -999 ""
FIBERMAP 577 R+6C15 BOSS 1 1 0 1 0 0 110.41080722784764 115.69106940582658 143.1 156.26269417144798 33.95060954922915 58.99778 42.63845 100.67953555262417 -4.276263744272257 -0.43987724 0.3952867 0.09102302 100.67952734780108 -4.276258199807014 100.66480076950882 -4.290458414286603 49.318861055585735 152.28580361559023 5400.0 5400.0 2016.0 1 188 {-999.0 15.044238 14.703293 14.531594 -999.0} sdss_psfmag_from_g3xp 14.960707 14.697297 14.186716 13.527 63050395111608574 1093286499 bright_3x1 mwm_astar_core_boss mwm_ob science 0 0 0.0 0.0 -999 ""
FIBERMAP 577 R+6C15 METROLOGY 0 0 0 1 0 0 109.6877994774297 115.90214579800337 143.1 155.782174465948 34.53052244081558 58.99778 42.63845 -999.0 -999.0 -999.0 -999.0 -999.0 100.67730472529038 -4.273584161321297 100.66260545028535 -4.287825625107792 49.322141445185814 152.28730918736898 -999.0 6231.0 -999.0 -1 -999 {-999.0 -999.0 -999.0 -999.0 -999.0} "" -999.0 -999.0 -999.0 -999.0 -999 -999 "" "" "" "" 0 0 0.0 0.0 -999 ""
FIBERMAP 580 R+9C7 APOGEE 1 1 0 1 0 0 -42.009753087693696 181.6727456595298 143.1 66.99948492930032 173.99722356152483 47.86495 94.76134 100.27026597640604 -3.6414815212334686 5.6774287 5.0705724 0.6499498 100.2702887166791 -3.6414595301783814 100.25743210751966 -3.6550470671310324 50.062550328751186 152.48026738875865 16000.0 16600.0 2016.0 2 29 {-999.0 14.306576 13.314434 12.872941 -999.0} sdss_psfmag_from_g3xp 13.97285 13.298925 12.497969 10.782 63050395111687966 1106984159 bright_flexible_2x1 mwm_tess_rgb_apogee mwm_tessrgb science 0 0 0.0 0.0 -999 ""
FIBERMAP 580 R+9C7 BOSS 0 0 0 1 0 0 -41.41786744835119 181.23074941012808 143.1 67.24202627834151 173.29953357550005 47.86495 94.76134 -999.0 -999.0 -999.0 -999.0 -999.0 100.2714949380275 -3.6447155585179485 100.25856266967492 -3.658147352625411 50.05925539408396 152.4805287276399 -999.0 5400.0 -999.0 1 118 {-999.0 -999.0 -999.0 -999.0 -999.0} "" -999.0 -999.0 -999.0 -999.0 -999 -999 "" "" "" "" 0 0 0.0 0.0 -999 ""
FIBERMAP 580 R+9C7 METROLOGY 0 0 0 1 0 0 -42.10439595851196 180.93553625259773 143.1 66.50804363058187 173.43970438929782 47.86495 94.76134 -999.0 -999.0 -999.0 -999.0 -999.0 100.26813139897618 -3.6440497466100354 100.25522080215165 -3.6575179212912508 50.061133489802685 152.48493217390148 -999.0 6231.0 -999.0 -1 -999 {-999.0 -999.0 -999.0 -999.0 -999.0} "" -999.0 -999.0 -999.0 -999.0 -999 -999 "" "" "" "" 0 0 0.0 0.0 -999 ""
FIBERMAP 581 R-1C19 APOGEE 0 0 0 1 0 0 112.84465358452424 -0.03515665146957758 143.1 93.4368427186852 -63.256100837361295 190.33365 22.816774 -999.0 -999.0 -999.0 -999.0 -999.0 100.39496805776328 -4.719327052654707 100.37921943864717 -4.732784445769642 49.02161986881479 152.94959944712357 -999.0 16600.0 -999.0 2 -999 {-999.0 -999.0 -999.0 -999.0 -999.0} "" -999.0 -999.0 -999.0 -999.0 -999 -999 "" "" "" "" 0 0 0.0 0.0 -999 ""
FIBERMAP 581 R-1C19 BOSS 1 1 0 1 0 0 113.47199799639061 0.38594583779251224 143.1 94.19234576322798 -63.25885075374694 190.33365 22.816774 100.39732825108905 -4.719653907840608 -0.41025245 0.7870323 0.09504865 100.39852515778999 -4.719517740754688 100.3827066964493 -4.732820297510458 49.02025308458177 152.94472661335425 5400.0 5400.0 2016.0 1 296 {-999.0 15.695183 15.433672 15.443809 -999.0} sdss_psfmag_ps1 15.582383 15.597437 14.938428 14.299 63050395111177859 1093342230 bright_3x1 mwm_astar_core_boss mwm_ob science 0 0 0.0 0.0 -999 ""
FIBERMAP 581 R-1C19 METROLOGY 0 0 0 1 0 0 113.5192602683704 -0.3538536903982177 143.1 93.81697729407983 -63.89802464110784 190.33365 22.816774 -999.0 -999.0 -999.0 -999.0 -999.0 100.39679212759684 -4.722380575594897 100.38098593196673 -4.735723946479384 49.018229859329345 152.94884046619558 -999.0 6231.0 -999.0 -1 -999 {-999.0 -999.0 -999.0 -999.0 -999.0} "" -999.0 -999.0 -999.0 -999.0 -999 -999 "" "" "" "" 0 0 0.0 0.0 -999 ""
FIBERMAP 587 R-10C13 APOGEE 0 0 0 1 0 0 81.08933586266377 -197.97756212769855 143.1 -43.76986643098131 -209.39700368487263 163.14766 150.34949 -999.0 -999.0 -999.0 -999.0 -999.0 99.77058598825158 -5.383099946564665 99.75325482087925 -5.394696497031182 48.6423925486014 154.20517831925574 -999.0 16600.0 -999.0 2 -999 {-999.0 -999.0 -999.0 -999.0 -999.0} "" -999.0 -999.0 -999.0 -999.0 -999 -999 "" "" "" "" 0 0 0.0 0.0 -999 ""
FIBERMAP 587 R-10C13 BOSS 1 1 0 1 0 0 80.55999280544584 -197.45102513169724 143.1 -43.913242515964406 -208.6643407802814 163.14766 150.34949 99.76997571659317 -5.380027425390615 -0.017001074 1.6853127 0.28723866 99.7699764663536 -5.380017252716824 99.75258735306471 -5.391446449282694 48.64565935190931 154.20430576443854 5400.0 5400.0 2016.0 1 396 {-999.0 17.908934 17.323944 17.075596 16.91866} sdss_psfmag_from_ps1dr2 17.7799 17.3371 16.7263 15.617 63050395111127718 1039245427 "" ops_std_boss_ps1dr2 ops_std standard_boss 0 0 0.0 0.0 -999 ""
FIBERMAP 587 R-10C13 METROLOGY 0 0 0 1 0 0 81.28065525569069 -197.2564110545082 143.1 -43.207356339099114 -208.90695178786828 163.14766 150.34949 -999.0 -999.0 -999.0 -999.0 -999.0 99.77317928253062 -5.381050596309076 99.75580526995185 -5.392534830170422 48.64346957741474 154.20040197553337 -999.0 6231.0 -999.0 -1 -999 {-999.0 -999.0 -999.0 -999.0 -999.0} "" -999.0 -999.0 -999.0 -999.0 -999 -999 "" "" "" "" 0 0 0.0 0.0 -999 ""
FIBERMAP 588 R+8C1 APOGEE 0 0 0 1 0 0 -210.74411452933876 157.342279178229 143.1 -86.37660557495182 248.3890831293278 126.02903 149.97162 -999.0 -999.0 -999.0 -999.0 -999.0 99.57303490755423 -3.309435887508719 99.56126399216902 -3.321389718293346 50.637467792717864 153.28498055022573 -999.0 16600.0 -999.0 2 94 {-999.0 -999.0 -999.0 -999.0 -999.0} "" -999.0 -999.0 -999.0 -999.0 -999 -999 "" "" "" "" 0 0 0.0 0.0 -999 ""
FIBERMAP 588 R+8C1 BOSS 1 1 0 1 0 0 -210.7923115143548 158.07277998104786 143.1 -86.00722130967206 249.02107964853855 126.02903 149.97162 99.57480052358507 -3.306750090960219 -2.4551418 -0.75275606 0.050240315 99.57477436176515 -3.3067493285164233 99.56294649776038 -3.3185536712434978 50.63945656026819 153.28083594911752 5400.0 5400.0 2016.0 1 81 {-999.0 15.784036 15.317107 15.097994 -999.0} sdss_psfmag_ps1 15.624792 15.333825 14.697777 13.767 63050395111940177 1093342179 bright_3x1 mwm_astar_core_boss mwm_ob science 0 0 0.0 0.0 -999 ""
FIBERMAP 588 R+8C1 METROLOGY 0 0 0 1 0 0 -210.11590041177732 157.7445919958473 143.1 -85.6309101248082 248.37028454311226 126.02903 149.97162 -999.0 -999.0 -999.0 -999.0 -999.0 99.57645239991533 -3.3096014178850073 99.5646344924624 -3.3214527792292134 50.63613520078492 153.2801079668585 -999.0 6231.0 -999.0 -1 -999 {-999.0 -999.0 -999.0 -999.0 -999.0} "" -999.0 -999.0 -999.0 -999.0 -999 -999 "" "" "" "" 0 0 0.0 0.0 -999 ""
FIBERMAP 589 R-2C25 APOGEE 1 1 0 1 0 0 269.1519746312129 -24.13690498998421 143.1 209.38438899158288 -170.79603487540123 99.277916 104.873955 100.92048959082204 -5.202131749261967 0.32103714 -2.954462 0.3173339 100.9204829453032 -5.202145403471109 100.90329823215859 -5.216727942987139 48.37339848943326 152.50372859802715 16000.0 16600.0 2016.0 2 216 {-999.0 14.291926 13.309144 12.920721 -999.0} sdss_psfmag_gaia 13.972445 13.334874 12.562828 10.9 63050395110234859 1103869261 bright_flexible_2x1 mwm_tess_rgb_apogee mwm_tessrgb science 0 0 0.0 0.0 -999 ""
FIBERMAP 589 R-2C25 BOSS 0 0 0 1 0 0 269.8140575633337 -23.813408931437465 143.1 210.11397305592587 -170.89908525725207 99.277916 104.873955 -999.0 -999.0 -999.0 -999.0 -999.0 100.92383537141515 -5.2027379446009725 100.90657707592442 -5.21716162883962 48.37172609312181 152.49945663244537 -999.0 5400.0 -999.0 1 254 {-999.0 -999.0 -999.0 -999.0 -999.0} "" -999.0 -999.0 -999.0 -999.0 -999 -999 "" "" "" "" 0 0 0.0 0.0 -999 ""
FIBERMAP 589 R-2C25 METROLOGY 0 0 0 1 0 0 269.7559189557628 -24.561121044907765 143.1 209.64687945667558 -171.48575601980988 99.277916 104.873955 -999.0 -999.0 -999.0 -999.0 -999.0 100.92170203668388 -5.205350295844911 100.90445755206952 -5.219814825898462 48.37010575677 152.5039396847005 -999.0 6231.0 -999.0 -1 -999 {-999.0 -999.0 -999.0 -999.0 -999.0} "" -999.0 -999.0 -999.0 -999.0 -999 -999 "" "" "" "" 0 0 0.0 0.0 -999 ""
FIBERMAP 592 R0C5 APOGEE 1 1 0 1 0 0 -210.49994048314605 -18.248343000454465 143.1 -184.55800397800488 102.83029896969755 295.46887 53.870876 99.12689208984374 -3.9676671221595967 -999.0 -999.0 -999.0 99.12691279575895 -3.9676864948518733 99.11353236101007 -3.978237357809057 50.19395174790231 154.3193257976609 16000.0 16600.0 2015.5 2 243 {-999.0 -999.0 -999.0 -999.0 -999.0} "" -999.0 -999.0 -999.0 -999.0 27021603131463555 841547888 "" ops_sky_apogee_best ops_sky sky_apogee 0 0 0.0 0.0 -999 ""
FIBERMAP 592 R0C5 BOSS 0 0 0 1 0 0 -211.2309502608921 -18.13204031812637 143.1 -185.09825267790686 103.33620499627453 295.46887 53.870876 -999.0 -999.0 -999.0 -999.0 -999.0 99.1245022041358 -3.9655458434129613 99.11106587259064 -3.9759330828525683 50.196995558065765 154.32158904306957 -999.0 5400.0 -999.0 1 495 {-999.0 -999.0 -999.0 -999.0 -999.0} "" -999.0 -999.0 -999.0 -999.0 -999 -999 "" "" "" "" 0 0 0.0 0.0 -999 ""
FIBERMAP 592 R0C5 METROLOGY 0 0 0 1 0 0 -210.78945303521616 -17.5372789999902 143.1 -184.39936473111905 103.58140755033537 295.46887 53.870876 -999.0 -999.0 -999.0 -999.0 -999.0 99.12765062359549 -3.964377930137688 99.11423409616674 -3.9748185427415845 50.19687856257981 154.3163569716162 -999.0 6231.0 -999.0 -1 -999 {-999.0 -999.0 -999.0 -999.0 -999.0} "" -999.0 -999.0 -999.0 -999.0 -999 -999 "" "" "" "" 0 0 0.0 0.0 -999 ""
FIBERMAP 594 R+1C22 APOGEE 1 1 0 1 0 0 195.23313624819357 11.309108234598218 143.1 168.0261653277848 -100.0232797038869 266.21512 148.00485 100.73429013947246 -4.884403072382094 -0.35325462 -2.6263895 0.68494064 100.73431011046178 -4.884407589537404 100.71802382235512 -4.898653870704994 48.73822594011309 152.57348574137484 16000.0 16600.0 2016.0 2 86 {-999.0 12.748034 12.381548 12.268786 -999.0} sdss_psfmag_gaia 12.692549 12.40172 11.939968 11.188 63050395111165623 1107310292 bright_flexible_3x1 mwm_tess_rgb_apogee mwm_tessrgb science 0 0 0.0 0.0 -999 ""
FIBERMAP 594 R+1C22 BOSS 0 0 0 1 0 0 194.78348004654114 10.726546769410833 143.1 167.32735580952982 -100.25380700792086 266.21512 148.00485 -999.0 -999.0 -999.0 -999.0 -999.0 100.73125938004927 -4.8856656285770965 100.71490077569416 -4.89973865150526 48.73843597854675 152.57847226033638 -999.0 5400.0 -999.0 1 235 {-999.0 -999.0 -999.0 -999.0 -999.0} "" -999.0 -999.0 -999.0 -999.0 -999 -999 "" "" "" "" 0 0 0.0 0.0 -999 ""
FIBERMAP 594 R+1C22 METROLOGY 0 0 0 1 0 0 194.48625127867393 11.404353222715606 143.1 167.4609703417441 -99.52591851065026 266.21512 148.00485 -999.0 -999.0 -999.0 -999.0 -999.0 100.73183517093736 -4.8823111530862455 100.71550510534138 -4.896433818709179 48.74124690537075 152.57568318429426 -999.0 6231.0 -999.0 -1 -999 {-999.0 -999.0 -999.0 -999.0 -999.0} "" -999.0 -999.0 -999.0 -999.0 -999 -999 "" "" "" "" 0 0 0.0 0.0 -999 ""
FIBERMAP 597 R+1C2 APOGEE 0 0 0 1 0 0 -252.0853491715111 34.45408406607895 143.1 -189.46929480666884 169.77814531905173 92.46741 92.4504 -999.0 -999.0 -999.0 -999.0 -999.0 99.10595745704384 -3.6656193335218323 99.09338354932157 -3.676240465859402 50.48233601938566 154.1753797369465 -999.0 16600.0 -999.0 2 -999 {-999.0 -999.0 -999.0 -999.0 -999.0} "" -999.0 -999.0 -999.0 -999.0 -999 -999 "" "" "" "" 0 0 0.0 0.0 -999 ""
FIBERMAP 597 R+1C2 BOSS 1 1 0 1 0 0 -251.32060137653662 34.52531907936272 143.1 -188.79602712097747 169.40865223506444 92.46741 92.4504 99.10903930664062 -3.667419364506685 -999.0 -999.0 -999.0 99.10902683897027 -3.667399786912868 99.0963853451849 -3.677871338763663 50.479719364376386 154.17194156379662 5400.0 5400.0 2015.5 1 11 {-999.0 -999.0 -999.0 -999.0 -999.0} "" -999.0 -999.0 -999.0 -999.0 27021603131463931 819436442 "" ops_sky_boss_good ops_sky sky_boss 0 0 0.0 0.0 -999 ""
FIBERMAP 597 R+1C2 METROLOGY 0 0 0 1 0 0 -251.6526412496173 33.84627995714078 143.1 -189.4514847944423 169.03232277401082 92.46741 92.4504 -999.0 -999.0 -999.0 -999.0 -999.0 99.10605377254123 -3.6690773565267842 99.09342628758691 -3.6795850498260485 50.479209224385365 154.17724658586437 -999.0 6231.0 -999.0 -1 -999 {-999.0 -999.0 -999.0 -999.0 -999.0} "" -999.0 -999.0 -999.0 -999.0 -999 -999 "" "" "" "" 0 0 0.0 0.0 -999 ""
FIBERMAP 598 R+11C9 APOGEE 1 1 0 1 0 0 10.613118164979362 204.05392945763066 143.1 123.12129564008758 163.04838898474986 228.3942 149.8075 100.5254401623107 -3.6909238632317334 -0.10579852 -1.5517116 0.55403054 100.52544508019612 -3.6909337732335175 100.51238177762934 -3.7051470807981337 49.916839817425334 152.14663627745318 16000.0 16600.0 2016.0 2 21 {-999.0 13.66566 13.118875 12.909055 -999.0} sdss_psfmag_from_g3xp 13.538234 13.1372795 12.562294 11.573 63050395111673290 1109054121 bright_flexible_4x1 mwm_tess_rgb_apogee mwm_tessrgb science 0 0 0.0 0.0 -999 ""
FIBERMAP 598 R+11C9 BOSS 0 0 0 1 0 0 9.916233020881954 203.82371670920926 143.1 122.41515555799039 163.24819516381137 228.3942 149.8075 -999.0 -999.0 -999.0 -999.0 -999.0 100.52233417700734 -3.6901479959381662 100.50920610584234 -3.704195819501479 49.91896180827953 152.15057901653918 -999.0 5400.0 -999.0 1 110 {-999.0 -999.0 -999.0 -999.0 -999.0} "" -999.0 -999.0 -999.0 -999.0 -999 -999 "" "" "" "" 0 0 0.0 0.0 -999 ""
FIBERMAP 598 R+11C9 METROLOGY 0 0 0 1 0 0 10.05656514159773 204.55350078574617 143.1 122.94027570534602 163.77396503221567 228.3942 149.8075 -999.0 -999.0 -999.0 -999.0 -999.0 100.52467175178134 -3.687740369987642 100.51156854946868 -3.7018398612542858 49.920199444094756 152.145772681502 -999.0 6231.0 -999.0 -1 -999 {-999.0 -999.0 -999.0 -999.0 -999.0} "" -999.0 -999.0 -999.0 -999.0 -999 -999 "" "" "" "" 0 0 0.0 0.0 -999 ""
FIBERMAP 599 R+2C11 APOGEE 1 1 0 1 0 0 -37.78224308966364 35.631003623093505 143.1 -11.326693785185595 50.67858750855284 266.13055 167.99759 99.91514529305842 -4.2018428285763525 -6.030156 -2.195399 3.541281 99.9151395429223 -4.201835900107925 99.9009048977228 -4.214292757496132 49.682723119081984 153.3230225191948 16000.0 16600.0 2016.0 2 142 {-999.0 17.07621 15.708864 14.593315 -999.0} sdss_psfmag_ps1 16.484257 15.159659 14.015419 11.819 63050395111257893 917158488 bright_3x1 mwm_yso_pms_apogee_zari18pms mwm_yso science 0 0 0.0 0.0 -999 ""
FIBERMAP 599 R+2C11 BOSS 0 0 0 1 0 0 -37.981097601604134 34.9161146297455 143.1 -11.89193571871706 50.197943723807356 266.13055 167.99759 -999.0 -999.0 -999.0 -999.0 -999.0 99.91262259531634 -4.204163810780957 99.89831677365407 -4.216452959763767 49.681700635327196 153.32797864073575 -999.0 5400.0 -999.0 1 23 {-999.0 -999.0 -999.0 -999.0 -999.0} "" -999.0 -999.0 -999.0 -999.0 -999 -999 "" "" "" "" 0 0 0.0 0.0 -999 ""
FIBERMAP 599 R+2C11 METROLOGY 0 0 0 1 0 0 -38.5089327933259 35.4448516277576 143.1 -12.032830344651547 50.931583784039354 266.13055 167.99759 -999.0 -999.0 -999.0 -999.0 -999.0 99.91195320140845 -4.200783980358915 99.89767517349736 -4.213118287631192 49.68502941002913 153.32694331249803 -999.0 6231.0 -999.0 -1 -999 {-999.0 -999.0 -999.0 -999.0 -999.0} "" -999.0 -999.0 -999.0 -999.0 -999 -999 "" "" "" "" 0 0 0.0 0.0 -999 ""
FIBERMAP 600 R+1C17 APOGEE 0 0 0 1 0 0 89.6369309199867 16.80789265009948 143.1 83.65367415361075 -36.30358378398031 333.89575 129.77077 -999.0 -999.0 -999.0 -999.0 -999.0 100.3500546891638 -4.596848698322905 100.33464429751473 -4.610243559068441 49.15182756928406 152.94043963936437 -999.0 16600.0 -999.0 2 -999 {-999.0 -999.0 -999.0 -999.0 -999.0} "" -999.0 -999.0 -999.0 -999.0 -999 -999 "" "" "" "" 0 0 0.0 0.0 -999 ""
FIBERMAP 600 R+1C17 BOSS 1 1 0 1 0 0 89.84952439988773 16.06210573846888 143.1 83.41187620054468 -37.04035160709879 333.89575 129.77077 100.34906375262337 -4.600398882614881 0.099302895 1.3478253 0.072678335 100.34907085542012 -4.600388259644259 100.33358339966935 -4.613616133273662 49.14911901257258 152.94391130370445 5400.0 5400.0 2016.0 1 191 {-999.0 18.163004 17.631952 17.373743 17.217556} sdss_psfmag_from_ps1dr2 18.0307 17.6588 17.0571 -999.0 63050395111190762 1039246532 "" ops_std_boss_ps1dr2 ops_std standard_boss 0 0 0.0 0.0 -999 ""
FIBERMAP 600 R+1C17 METROLOGY 0 0 0 1 0 0 89.11147264034678 16.278217677243806 143.1 82.92171865581687 -36.447839163346984 333.89575 129.77077 -999.0 -999.0 -999.0 -999.0 -999.0 100.34680019525469 -4.597649010900037 100.33133994342057 -4.610918490579329 49.152468218231355 152.94548587108176 -999.0 6231.0 -999.0 -1 -999 {-999.0 -999.0 -999.0 -999.0 -999.0} "" -999.0 -999.0 -999.0 -999.0 -999 -999 "" "" "" "" 0 0 0.0 0.0 -999 ""
FIBERMAP 604 R+7C14 APOGEE 1 1 0 1 0 0 83.69197090609374 148.37697943337795 143.1 152.4484373018162 75.99126802787293 71.78443 111.66486 100.66111610856936 -4.085160047170771 1.0082846 0.62996906 0.65758896 100.66109882777768 -4.0851654984038115 100.64695261927045 -4.099559668698373 49.50141456426478 152.19574558715362 16000.0 16600.0 2016.0 2 43 {-999.0 13.508904 12.488535 12.037159 -999.0} sdss_psfmag_from_g3xp 13.159799 12.469212 11.66257 10.016 63050395111611049 1109261135 bright_1x1 mwm_tess_rgb_apogee mwm_tessrgb science 0 0 0.0 0.0 -999 ""
FIBERMAP 604 R+7C14 BOSS 0 0 0 1 0 0 84.42236975997112 148.39748080239832 143.1 153.0648315038258 75.59900371939682 71.78443 111.66486 -999.0 -999.0 -999.0 -999.0 -999.0 100.66402423048889 -4.087077981030711 100.64980334207456 -4.101318434950766 49.498679307167606 152.19278510187405 -999.0 5400.0 -999.0 1 160 {-999.0 -999.0 -999.0 -999.0 -999.0} "" -999.0 -999.0 -999.0 -999.0 -999 -999 "" "" "" "" 0 0 0.0 0.0 -999 ""
FIBERMAP 604 R+7C14 METROLOGY 0 0 0 1 0 0 84.08298806323917 147.73350746325036 143.1 152.41173479813096 75.23926518476267 71.78443 111.66486 -999.0 -999.0 -999.0 -999.0 -999.0 100.66104293277041 -4.088673773695394 100.64683819441325 -4.102951459011097 49.49834088641771 152.1979608015377 -999.0 6231.0 -999.0 -1 -999 {-999.0 -999.0 -999.0 -999.0 -999.0} "" -999.0 -999.0 -999.0 -999.0 -999 -999 "" "" "" "" 0 0 0.0 0.0 -999 ""
FIBERMAP 605 R+13C13 APOGEE 0 0 0 1 0 0 125.24989173827383 264.0061128085896 143.1 251.65332300507217 148.46893152294217 72.418526 123.97404 -999.0 -999.0 -999.0 -999.0 -999.0 101.10477644882415 -3.758230819706171 101.0913631436386 -3.7738806418383173 49.62342299850521 151.36871713770583 -999.0 16600.0 -999.0 2 103 {-999.0 -999.0 -999.0 -999.0 -999.0} "" -999.0 -999.0 -999.0 -999.0 -999 -999 "" "" "" "" 0 0 0.0 0.0 -999 ""
FIBERMAP 605 R+13C13 BOSS 1 1 0 1 0 0 125.96714945722186 264.18336157965206 143.1 252.34665962547143 148.2138464591484 72.418526 123.97404 101.10793885214609 -3.759550489769988 -0.79990196 -1.6475158 1.2339166 101.1079361763898 -3.759561071470893 101.09444814935125 -3.7750594876357946 49.621101446401376 151.3651048835169 5400.0 5400.0 2016.0 1 91 {-999.0 16.860903 16.001305 15.68357 -999.0} sdss_psfmag_ps1 16.594791 15.985228 15.249362 13.746 63050395111623809 1096513139 bright_1x1 mwm_bin_vis_boss mwm_filler science 0 0 0.0 0.0 -999 ""
FIBERMAP 605 R+13C13 METROLOGY 0 0 0 1 0 0 125.77171009009426 263.4669755046046 143.1 251.78340725593557 147.73004930050146 72.418526 123.97404 -999.0 -999.0 -999.0 -999.0 -999.0 101.10543242663755 -3.7616778093896888 101.09195947184207 -3.777214040291588 49.62013316853606 151.3699545630069 -999.0 6231.0 -999.0 -1 -999 {-999.0 -999.0 -999.0 -999.0 -999.0} "" -999.0 -999.0 -999.0 -999.0 -999 -999 "" "" "" "" 0 0 0.0 0.0 -999 ""
FIBERMAP 610 R-4C21 APOGEE 0 0 0 1 0 0 201.61403100009667 -90.75167435592039 143.1 116.125973477582 -188.12397507289364 270.68832 117.647575 -999.0 -999.0 -999.0 -999.0 -999.0 100.498614782696 -5.284287726494641 100.48133444557828 -5.297769736890546 48.46071078772988 153.13493205511375 -999.0 16600.0 -999.0 2 232 {-999.0 -999.0 -999.0 -999.0 -999.0} "" -999.0 -999.0 -999.0 -999.0 -999 -999 "" "" "" "" 0 0 0.0 0.0 -999 ""
FIBERMAP 610 R-4C21 BOSS 1 1 0 1 0 0 200.95659012405946 -91.10587489470227 143.1 115.38303015212855 -188.04895470952053 270.68832 117.647575 100.4948773973115 -5.2841495354732375 -0.0654666 -3.0583587 0.6625019 100.49533275801544 -5.284178592369223 100.47798436669882 -5.297485182635628 48.46224669780478 153.13941806522055 5400.0 5400.0 2016.0 1 279 {-999.0 11.415387 11.235523 11.198172 -999.0} sdss_psfmag_gaia 11.426544 11.225411 10.879021 10.302 63050395111146753 1093494800 bright_3x1 mwm_astar_core_boss mwm_ob science 0 0 1.5797208547592163 0.0 -999 ""
FIBERMAP 610 R-4C21 METROLOGY 0 0 0 1 0 0 200.99346186261909 -90.34038837992173 143.1 115.84246981127521 -187.43564755819347 270.68832 117.647575 -999.0 -999.0 -999.0 -999.0 -999.0 100.49739837847375 -5.281346680654024 100.48007655556756 -5.294707076171063 48.46401965079826 153.13491542089548 -999.0 6231.0 -999.0 -1 -999 {-999.0 -999.0 -999.0 -999.0 -999.0} "" -999.0 -999.0 -999.0 -999.0 -999 -999 "" "" "" "" 0 0 0.0 0.0 -999 ""
FIBERMAP 613 R0C25 APOGEE 0 0 0 1 0 0 232.98892143758928 9.529985815261716 143.1 198.29819358476482 -122.6513351105852 168.02484 91.182175 -999.0 -999.0 -999.0 -999.0 -999.0 100.87111657510398 -4.985698098936305 100.85452133993465 -5.000247336297487 48.5916772587487 152.44378863659648 -999.0 16600.0 -999.0 2 35 {-999.0 -999.0 -999.0 -999.0 -999.0} "" -999.0 -999.0 -999.0 -999.0 -999 -999 "" "" "" "" 0 0 0.0 0.0 -999 ""
FIBERMAP 613 R0C25 BOSS 1 1 0 1 0 0 233.12835637698134 10.261787542798496 143.1 198.82370118978002 -122.12339155698324 168.02484 91.182175 100.87360081334603 -4.983461797061578 -0.2930963 0.5231097 0.031206017 100.87358992339674 -4.983474478845315 100.85692929475152 -4.997865172952264 48.59293347440352 152.43904333039237 5400.0 5400.0 2016.0 1 172 {-999.0 15.553401 15.409112 15.496279 -999.0} sdss_psfmag_ps1 15.470382 15.8111315 14.949263 14.487 63050395111159612 1093342194 bright_3x1 mwm_astar_core_boss mwm_ob science 0 0 0.0 0.0 -999 ""
FIBERMAP 613 R0C25 METROLOGY 0 0 0 1 0 0 233.69990872751748 9.775637454726791 143.1 199.0246633167198 -122.84625643971889 168.02484 91.182175 -999.0 -999.0 -999.0 -999.0 -999.0 100.87446536903335 -4.986681246995339 100.85781596407446 -5.001119752095993 48.58959239740031 152.43973567046723 -999.0 6231.0 -999.0 -1 -999 {-999.0 -999.0 -999.0 -999.0 -999.0} "" -999.0 -999.0 -999.0 -999.0 -999 -999 "" "" "" "" 0 0 0.0 0.0 -999 ""
FIBERMAP 614 R+1C11 APOGEE 0 0 0 1 0 0 -62.443012271152796 40.02974999201702 143.1 -29.285814167160762 68.13903095518776 176.97833 27.047842 -999.0 -999.0 -999.0 -999.0 -999.0 99.83294203905784 -4.122561903372054 99.8189418108193 -4.134842972745981 49.78718109758196 153.39363957602848 -999.0 16600.0 -999.0 2 134 {-999.0 -999.0 -999.0 -999.0 -999.0} "" -999.0 -999.0 -999.0 -999.0 -999 -999 "" "" "" "" 0 0 0.0 0.0 -999 ""
FIBERMAP 614 R+1C11 BOSS 1 1 0 1 0 0 -61.76325080735572 40.33566544770959 143.1 -28.551439393652583 68.0115152354306 176.97833 27.047842 99.8363795531662 -4.123257255732732 -0.31132495 0.49836308 0.075022 99.83634667023195 -4.123256948357264 99.8222782353181 -4.135386533523867 49.7854211979149 153.38918489942589 5400.0 5400.0 2016.0 1 31 {-999.0 16.093487 15.654904 15.473826 -999.0} sdss_psfmag_ps1 16.031874 15.641161 15.072122 14.149 63050395111271863 1093342400 bright_3x1 mwm_astar_core_boss mwm_ob science 0 0 0.0 0.0 -999 ""
FIBERMAP 614 R+1C11 METROLOGY 0 0 0 1 0 0 -61.83441015824827 39.58213279766764 143.1 -29.032577863952913 67.42731951367304 176.97833 27.047842 -999.0 -999.0 -999.0 -999.0 -999.0 99.83413963070052 -4.1258833632711225 99.82008341515586 -4.1380515517368925 49.78378010283557 153.3938829605406 -999.0 6231.0 -999.0 -1 -999 {-999.0 -999.0 -999.0 -999.0 -999.0} "" -999.0 -999.0 -999.0 -999.0 -999 -999 "" "" "" "" 0 0 0.0 0.0 -999 ""
FIBERMAP 615 R-10C5 APOGEE 0 0 0 1 0 0 -103.53366803307287 -201.4977945186181 143.1 -198.6447361067457 -108.86794263573782 225.76912 97.610085 -999.0 -999.0 -999.0 -999.0 -999.0 99.06485843963364 -4.927962241581148 99.04894603053879 -4.937957564335156 49.322328174164014 154.94905598965892 -999.0 16600.0 -999.0 2 -999 {-999.0 -999.0 -999.0 -999.0 -999.0} "" -999.0 -999.0 -999.0 -999.0 -999 -999 "" "" "" "" 0 0 0.0 0.0 -999 ""
FIBERMAP 615 R-10C5 BOSS 1 1 0 1 0 0 -104.14472274219716 -201.0761070087837 143.1 -198.91453205067833 -108.17633164461618 225.76912 97.610085 99.06364700603494 -4.92500729689246 0.08711542 -1.2493583 0.49754217 99.06365243206888 -4.925012105554084 99.04768529726573 -4.934841738555458 49.325687117186845 154.94914741967335 5400.0 5400.0 2016.0 1 348 {-999.0 15.194553 14.85669 14.737927 -999.0} sdss_psfmag_from_g3xp 15.143244 14.857042 14.405411 13.638 63050395111206909 977772701 "" ops_std_boss ops_std standard_boss 0 0 0.0 0.0 -999 ""
FIBERMAP 615 R-10C5 METROLOGY 0 0 0 1 0 0 -103.46559077152106 -200.7548090093574 143.1 -198.1720597592457 -108.29075502694762 225.76912 97.610085 -999.0 -999.0 -999.0 -999.0 -999.0 99.06699471630617 -4.925490708800713 99.05104314837087 -4.935375074730532 49.32399335048095 154.94464609980656 -999.0 6231.0 -999.0 -1 -999 {-999.0 -999.0 -999.0 -999.0 -999.0} "" -999.0 -999.0 -999.0 -999.0 -999 -999 "" "" "" "" 0 0 0.0 0.0 -999 ""
FIBERMAP 619 R+7C12 APOGEE 0 0 0 1 1 0 16.333507981727234 141.60559440125604 143.1 92.86898008237686 108.12431248647569 194.59805 77.891914 -999.0 -999.0 -999.0 -999.0 -999.0 100.38956140825898 -3.9395981401073494 100.37588081960263 -3.9533653429830133 49.74175578726765 152.49156621845344 -999.0 16600.0 -999.0 2 6 {-999.0 -999.0 -999.0 -999.0 -999.0} "" -999.0 -999.0 -999.0 -999.0 -999 -999 "" "" "" "" 0 0 0.0 0.0 -999 ""
FIBERMAP 619 R+7C12 BOSS 1 0 0 1 1 0 16.31233917396885 142.342181868004 143.1 93.26415911303086 108.74620598749246 194.59805 77.891914 100.36872346046995 -4.060453972394124 -0.22453386 0.39516836 0.070915245 100.39145047582092 -3.9368895277454854 100.37770902340219 -3.950503398710865 49.743681808087175 152.4872422914821 5400.0 5400.0 2016.0 1 138 {-999.0 15.6202755 15.3973255 15.250881 -999.0} sdss_psfmag_ps1 15.560631 15.255826 14.775547 14.083 63050395111256338 1093342376 bright_3x1 mwm_astar_core_boss mwm_ob science 0 0 0.0 0.0 -999 ""
FIBERMAP 619 R+7C12 METROLOGY 0 0 0 1 1 0 16.977609544866525 141.99356399357845 143.1 93.6197967926527 108.08473326577976 194.59805 77.891914 -999.0 -999.0 -999.0 -999.0 -999.0 100.39305836565848 -3.9398528293310706 100.37932770913278 -3.953514661702504 49.740279420340016 152.48675500921067 -999.0 6231.0 -999.0 -1 -999 {-999.0 -999.0 -999.0 -999.0 -999.0} "" -999.0 -999.0 -999.0 -999.0 -999 -999 "" "" "" "" 0 0 0.0 0.0 -999 ""
FIBERMAP 623 R+6C11 APOGEE 0 0 0 1 0 0 -12.32971307129393 124.56292437261105 143.1 59.58142937087079 110.06981930924643 156.77808 104.64238 -999.0 -999.0 -999.0 -999.0 -999.0 100.23790242180243 -3.9309792143785023 100.22428960450753 -3.9443658933050894 49.8087186571669 152.702001700371 -999.0 16600.0 -999.0 2 -999 {-999.0 -999.0 -999.0 -999.0 -999.0} "" -999.0 -999.0 -999.0 -999.0 -999 -999 "" "" "" "" 0 0 0.0 0.0 -999 ""
FIBERMAP 623 R+6C11 BOSS 1 1 0 1 0 0 -12.228958476391838 125.3234865924661 143.1 60.091016930569154 110.6432545854084 156.77808 104.64238 100.24033134051696 -3.9284683493525354 0.9600489 1.4212271 -0.116364904 100.24030735493555 -3.9284825321322643 100.22663359490042 -3.9417172759715995 49.8102573268737 152.69707312592206 5400.0 5400.0 2016.0 1 136 {-999.0 13.867642 13.601496 13.529144 -999.0} sdss_psfmag_gaia 13.828133 13.606826 13.184807 12.532 63050395111261549 1093411375 bright_3x1 mwm_astar_core_boss mwm_ob science 0 0 0.0 0.0 -999 ""
FIBERMAP 623 R+6C11 METROLOGY 0 0 0 1 0 0 -11.645239652362465 124.85983870249102 143.1 60.314663186344035 109.93220885516163 156.77808 104.64238 -999.0 -999.0 -999.0 -999.0 -999.0 100.24131653135376 -3.931673272790571 100.22765296323274 -3.9449543210401576 49.80687882225454 152.69755911783307 -999.0 6231.0 -999.0 -1 -999 {-999.0 -999.0 -999.0 -999.0 -999.0} "" -999.0 -999.0 -999.0 -999.0 -999 -999 "" "" "" "" 0 0 0.0 0.0 -999 ""
FIBERMAP 624 R-5C1 APOGEE 1 1 0 1 0 0 -243.72552414737424 -76.8002909506954 143.1 -244.88174120669532 72.95463402351048 187.45665 19.249601 98.8551926526979 -4.104297146789009 2.4922209 -1.5663911 0.24558301 98.85521383603478 -4.104320482640319 98.84155170151274 -4.114123585759055 50.165551292577895 154.79107486849816 16000.0 16600.0 2016.0 2 241 {-999.0 15.482638 14.018565 13.379086 -999.0} sdss_psfmag_from_g3xp 14.871908 13.920154 12.965081 10.727 63050395111446320 1104811257 bright_flexible_2x1 mwm_tess_rgb_apogee mwm_tessrgb science 0 0 0.0 0.0 -999 ""
FIBERMAP 624 R-5C1 BOSS 0 0 0 1 0 0 -243.0751289980438 -76.44171922859765 143.1 -244.1421838857623 72.88718154837407 187.45665 19.249601 -999.0 -999.0 -999.0 -999.0 -999.0 98.85856997223316 -4.1047625221085555 98.84484434316147 -4.114415033335458 50.16409992966199 154.78645338731494 -999.0 5400.0 -999.0 1 498 {-999.0 -999.0 -999.0 -999.0 -999.0} "" -999.0 -999.0 -999.0 -999.0 -999 -999 "" "" "" "" 0 0 0.0 0.0 -999 ""
FIBERMAP 624 R-5C1 METROLOGY 0 0 0 1 0 0 -243.07541520007422 -77.17988088296735 143.1 -244.55601370820992 72.27600559048975 187.45665 19.249601 -999.0 -999.0 -999.0 -999.0 -999.0 98.85669644735555 -4.1074921045728345 98.84298151564434 -4.117183759074302 50.162183119173896 154.79071242655115 -999.0 6231.0 -999.0 -1 -999 {-999.0 -999.0 -999.0 -999.0 -999.0} "" -999.0 -999.0 -999.0 -999.0 -999 -999 "" "" "" "" 0 0 0.0 0.0 -999 ""
FIBERMAP 627 R+5C4 APOGEE 0 0 0 1 0 0 -156.29161858818782 107.07498305685779 143.1 -69.4445462712914 176.24853873853516 60.18451 95.478424 -999.0 -999.0 -999.0 -999.0 -999.0 99.64939037145442 -3.6328965002502005 99.63674124823228 -3.6449126018948053 50.309480899572 153.3676389530892 -999.0 16600.0 -999.0 2 -999 {-999.0 -999.0 -999.0 -999.0 -999.0} "" -999.0 -999.0 -999.0 -999.0 -999 -999 "" "" "" "" 0 0 0.0 0.0 -999 ""
FIBERMAP 627 R+5C4 BOSS 1 1 0 1 0 0 -155.59633975953477 106.77833472705795 143.1 -69.0349373660569 175.61329277627596 60.18451 95.478424 99.65134619647189 -3.6359056648005375 -3.46431 0.32248116 1.1358073 99.65129663545243 -3.635862102630395 99.63857495829006 -3.647724922975505 50.30618569689985 153.3666490659573 5400.0 5400.0 2016.0 1 37 {-999.0 15.087214 14.507306 14.268694 -999.0} sdss_psfmag_from_g3xp 14.938598 14.519039 13.925486 12.902 63050395111480119 981639770 "" ops_std_boss_tic ops_std standard_boss 0 0 0.0 0.0 -999 ""
FIBERMAP 627 R+5C4 METROLOGY 0 0 0 1 0 0 -156.20245946708445 106.33423166020985 143.1 -69.78574962313508 175.5851016745136 60.18451 95.478424 -999.0 -999.0 -999.0 -999.0 -999.0 99.64786899413696 -3.635970399971683 99.63516623751036 -3.6478689395019956 50.307337151959125 153.37166608177785 -999.0 6231.0 -999.0 -1 -999 {-999.0 -999.0 -999.0 -999.0 -999.0} "" -999.0 -999.0 -999.0 -999.0 -999 -999 "" "" "" "" 0 0 0.0 0.0 -999 ""
FIBERMAP 630 R+11C4 APOGEE 0 0 0 1 0 0 -119.1523147620498 219.14358077973986 143.1 24.105923614493847 248.25316682186215 204.50655 66.129486 -999.0 -999.0 -999.0 -999.0 -999.0 100.07385091291899 -3.3080032138416695 100.0619340803558 -3.321228877879222 50.445970177475566 152.5584951979769 -999.0 16600.0 -999.0 2 26 {-999.0 -999.0 -999.0 -999.0 -999.0} "" -999.0 -999.0 -999.0 -999.0 -999 -999 "" "" "" "" 0 0 0.0 0.0 -999 ""
FIBERMAP 630 R+11C4 BOSS 1 1 0 1 0 0 -119.14670493675686 219.88694158934157 143.1 24.527075488071613 248.8656658235401 204.50655 66.129486 100.07583618164062 -3.305386191715101 -999.0 -999.0 -999.0 100.07581766610276 -3.3053981745005325 100.06384155605389 -3.318474493887893 50.44776932653961 152.5540602068045 5400.0 5400.0 2015.5 1 145 {-999.0 -999.0 -999.0 -999.0 -999.0} "" -999.0 -999.0 -999.0 -999.0 27021603131490121 819438482 "" ops_sky_boss_good ops_sky sky_boss 0 0 0.0 0.0 -999 ""
FIBERMAP 630 R+11C4 METROLOGY 0 0 0 1 0 0 -118.5048985058263 219.52686438575094 143.1 24.85685994910063 248.20784949927327 204.50655 66.129486 -999.0 -999.0 -999.0 -999.0 -999.0 100.07730624093762 -3.308296017013068 100.0653406072127 -3.3214189568334125 50.44447482098999 152.5536895486249 -999.0 6231.0 -999.0 -1 -999 {-999.0 -999.0 -999.0 -999.0 -999.0} "" -999.0 -999.0 -999.0 -999.0 -999 -999 "" "" "" "" 0 0 0.0 0.0 -999 ""
FIBERMAP 631 R-5C16 APOGEE 1 1 0 1 0 0 92.77418057417599 -85.47114840552209 143.1 28.94484524627067 -122.76762015883018 132.91078 108.53111 100.10116260772718 -4.990893416270477 -0.9102723 -4.610694 1.6806247 100.10117382269097 -4.990908583154986 100.08478984855333 -5.003508327617274 48.88270364178504 153.5194957322992 16000.0 16600.0 2016.0 2 202 {-999.0 9.645097 9.847115 10.001106 -999.0} sdss_psfmag_from_g3xp 9.770299 9.745921 9.675707 9.601 63050395111173642 974925670 "" ops_std_apogee ops_std standard_apogee 0 0 0.0 0.0 -999 ""
FIBERMAP 631 R-5C16 BOSS 0 0 0 1 0 0 93.12200123557969 -84.8114684160512 143.1 29.60252542914429 -122.41616568435614 132.91078 108.53111 -999.0 -999.0 -999.0 -999.0 -999.0 100.10425460234016 -4.989522034900083 100.08780607517383 -5.001965078113592 48.883002373798 153.51437918922704 -999.0 5400.0 -999.0 1 304 {-999.0 -999.0 -999.0 -999.0 -999.0} "" -999.0 -999.0 -999.0 -999.0 -999 -999 "" "" "" "" 0 0 0.0 0.0 -999 ""
FIBERMAP 631 R-5C16 METROLOGY 0 0 0 1 0 0 93.52149772771313 -85.4347359618395 143.1 29.584165966779157 -123.15618645488132 132.91078 108.53111 -999.0 -999.0 -999.0 -999.0 -999.0 100.10415630864023 -4.9928234807666305 100.08771811351465 -5.005311659047677 48.879934938235515 153.51641827359316 -999.0 6231.0 -999.0 -1 -999 {-999.0 -999.0 -999.0 -999.0 -999.0} "" -999.0 -999.0 -999.0 -999.0 -999 -999 "" "" "" "" 0 0 0.0 0.0 -999 ""
FIBERMAP 635 R+9C12 APOGEE 1 1 0 1 0 0 52.20542896908487 156.24200246535528 143.1 130.77845532991913 100.14692681377778 298.70047 68.699585 100.56162494901254 -3.9755744311530754 6.554781 -9.985372 3.2074304 100.56211199543938 -3.9756354788305113 100.54828492123534 -3.989824508671054 49.64098643190026 152.2688634256759 16000.0 16600.0 2016.0 2 25 {-999.0 8.154037 7.25614 6.9020305 -999.0} sdss_psfmag_from_g3xp 7.8700933 7.280642 6.54666 5.042 63050395111664841 1106894305 bright_1x1 mwm_tess_rgb_apogee mwm_tessrgb science 0 0 1.5226969718933105 0.0 -999 ""
FIBERMAP 635 R+9C12 BOSS 0 0 0 1 0 0 51.466651311305434 156.14133225110845 143.1 130.11020321366993 100.47749093312405 298.70047 68.699585 -999.0 -999.0 -999.0 -999.0 -999.0 100.55918243498492 -3.974262534318226 100.54529165735516 -3.9882851332742333 49.64357361063535 152.2721727840611 -999.0 5400.0 -999.0 1 140 {-999.0 -999.0 -999.0 -999.0 -999.0} "" -999.0 -999.0 -999.0 -999.0 -999 -999 "" "" "" "" 0 0 0.0 0.0 -999 ""
FIBERMAP 635 R+9C12 METROLOGY 0 0 0 1 0 0 51.7430246541322 156.8319250796288 143.1 130.7260321123799 100.89457904891327 298.70047 68.699585 -999.0 -999.0 -999.0 -999.0 -999.0 100.56193927105917 -3.972330050829136 100.54807211116929 -3.986405651884035 49.64421457825589 152.2670940880733 -999.0 6231.0 -999.0 -1 -999 {-999.0 -999.0 -999.0 -999.0 -999.0} "" -999.0 -999.0 -999.0 -999.0 -999 -999 "" "" "" "" 0 0 0.0 0.0 -999 ""
FIBERMAP 637 R-13C10 APOGEE 1 1 0 1 0 0 71.80403909118672 -243.01364472869176 143.1 -76.69360095285543 -241.4927660536244 68.109436 74.04227 99.62159536134725 -5.526902475973757 -5.565121 -1.771955 3.0812216 99.6215718262737 -5.526861680629604 99.60390093287538 -5.538019356745903 48.5633602208817 154.493692011228 16000.0 16600.0 2016.0 2 181 {-999.0 14.2965145 13.43878 13.115144 -999.0} sdss_psfmag_from_g3xp 14.055754 13.486074 12.765678 11.235 63050395111124937 916309370 bright_3x1 mwm_yso_cluster_apogee mwm_yso science 0 0 0.0 0.0 -999 ""
FIBERMAP 637 R-13C10 BOSS 0 0 0 1 0 0 72.37643334364998 -243.4923162768493 143.1 -76.48775133898589 -242.20990902103935 68.109436 74.04227 -999.0 -999.0 -999.0 -999.0 -999.0 99.62258780502482 -5.530254124758501 99.60484169550926 -5.541245060131513 48.5600148973243 154.4941472198001 -999.0 5400.0 -999.0 1 335 {-999.0 -999.0 -999.0 -999.0 -999.0} "" -999.0 -999.0 -999.0 -999.0 -999 -999 "" "" "" "" 0 0 0.0 0.0 -999 ""
FIBERMAP 637 R-13C10 METROLOGY 0 0 0 1 0 0 71.68194921210177 -243.75017071253936 143.1 -77.20739060032868 -242.03434063417077 68.109436 74.04227 -999.0 -999.0 -999.0 -999.0 -999.0 99.61929674691326 -5.529410283778413 99.60157252602028 -5.540440807197981 48.56194768570446 154.49828492568042 -999.0 6231.0 -999.0 -1 -999 {-999.0 -999.0 -999.0 -999.0 -999.0} "" -999.0 -999.0 -999.0 -999.0 -999 -999 "" "" "" "" 0 0 0.0 0.0 -999 ""
FIBERMAP 640 R-5C17 APOGEE 0 0 0 1 0 0 141.87567636570844 -94.57825398428795 143.1 64.50737306648684 -157.82163446604048 49.8021 66.234795 -999.0 -999.0 -999.0 -999.0 -999.0 100.26371248187762 -5.149045408786726 100.24686044868855 -5.161990224029166 48.67502406438427 153.38337058731068 -999.0 16600.0 -999.0 2 -999 {-999.0 -999.0 -999.0 -999.0 -999.0} "" -999.0 -999.0 -999.0 -999.0 -999 -999 "" "" "" "" 0 0 0.0 0.0 -999 ""
FIBERMAP 640 R-5C17 BOSS 1 1 0 1 0 0 142.2166389661237 -95.2618302308215 143.1 64.40674552984937 -158.57880554929835 49.8021 66.234795 100.26333857998023 -5.15273269419562 -0.20198365 1.630324 -0.06586127 100.26334747247549 -5.152689908025021 100.24641767339557 -5.165466077164515 48.67197325241781 153.38597974047215 5400.0 5400.0 2016.0 1 300 {-999.0 16.188917 15.789399 15.589848 -999.0} sdss_psfmag_ps1 16.12611 15.825702 15.321584 14.455 63050395111123406 1093341989 bright_3x1 mwm_astar_core_boss mwm_ob science 0 0 0.0 0.0 -999 ""
FIBERMAP 640 R-5C17 METROLOGY 0 0 0 1 0 0 141.47592316312742 -95.20822172753996 143.1 63.82333080230389 -158.1193837666918 49.8021 66.234795 -999.0 -999.0 -999.0 -999.0 -999.0 100.26066200690383 -5.150568633460777 100.24375796537271 -5.163386004957192 48.67490067041078 153.3885017804333 -999.0 6231.0 -999.0 -1 -999 {-999.0 -999.0 -999.0 -999.0 -999.0} "" -999.0 -999.0 -999.0 -999.0 -999 -999 "" "" "" "" 0 0 0.0 0.0 -999 ""
FIBERMAP 641 R-8C16 APOGEE 0 0 0 1 0 0 146.1599066368788 -157.18009814474019 143.1 32.97963668311982 -212.0681635124339 343.766 125.186386 -999.0 -999.0 -999.0 -999.0 -999.0 100.120313267908 -5.394314550448671 100.10285022881885 -5.406792682825359 48.50212587310491 153.72343483830858 -999.0 16600.0 -999.0 2 -999 {-999.0 -999.0 -999.0 -999.0 -999.0} "" -999.0 -999.0 -999.0 -999.0 -999 -999 "" "" "" "" 0 0 0.0 0.0 -999 ""
FIBERMAP 641 R-8C16 BOSS 1 1 0 1 0 0 146.41336149997883 -157.89448858765036 143.1 32.789271096527 -212.8018238482909 343.766 125.186386 100.1195283202713 -5.397834060334516 0.08869324 0.5155901 0.11760767 100.11952585147316 -5.397825540025144 100.1019858588673 -5.4101326768379465 48.49934989521979 153.72652405946127 5400.0 5400.0 2016.0 1 307 {-999.0 14.418829 14.198403 14.132205 -999.0} sdss_psfmag_from_g3xp 14.411102 14.171291 13.774656 13.033 63050395111118856 1093136327 bright_3x1 mwm_astar_core_boss mwm_ob science 0 0 0.0 0.0 -999 ""
FIBERMAP 641 R-8C16 METROLOGY 0 0 0 1 0 0 145.67830792547255 -157.7499443184429 143.1 32.261497166800766 -212.2702627462966 343.766 125.186386 -999.0 -999.0 -999.0 -999.0 -999.0 100.11709757042934 -5.395390991637993 100.09958400177356 -5.407740493466511 48.50246258826983 153.7285212912323 -999.0 6231.0 -999.0 -1 -999 {-999.0 -999.0 -999.0 -999.0 -999.0} "" -999.0 -999.0 -999.0 -999.0 -999 -999 "" "" "" "" 0 0 0.0 0.0 -999 ""
FIBERMAP 647 R-6C1 APOGEE 0 0 1 1 0 0 -223.5373646239379 -108.75142722622425 143.1 -246.06441522908844 35.18165149527075 10.372538 169.85205 -999.0 -999.0 -999.0 -999.0 -999.0 98.84961981076641 -4.275266985637323 98.83550567950334 -4.284985457354253 50.0082024793726 154.89529348788173 -999.0 16600.0 -999.0 2 261 {-999.0 -999.0 -999.0 -999.0 -999.0} "" -999.0 -999.0 -999.0 -999.0 -999 -999 "" "" "" "" 0 0 0.0 0.0 -999 ""
FIBERMAP 647 R-6C1 BOSS 1 0 1 1 0 0 -222.79996397543027 -108.70668643651464 143.1 -245.4286408534088 34.80553886075945 10.372538 169.85205 98.76864866038724 -4.2783197105094946 4.0343676 -0.23023537 1.3593633 98.85250640023621 -4.27711806560963 98.83832504334634 -4.286683185656596 50.00561122770008 154.89215366653826 5400.0 5400.0 2016.0 1 499 {-999.0 14.448057 14.215481 14.156675 -999.0} sdss_psfmag_ps1 14.393017 14.023777 13.488981 12.579 63050395111440329 1094698721 bright_1x1 mwm_bin_vis_boss mwm_filler science 0 0 0.0 0.0 -999 ""
FIBERMAP 647 R-6C1 METROLOGY 0 0 1 1 0 0 -223.09652326955353 -109.38632671399039 143.1 -246.05505077986015 34.40883172265481 10.372538 169.85205 -999.0 -999.0 -999.0 -999.0 -999.0 98.8496866415225 -4.278878127214845 98.83551887076646 -4.288480659975952 50.00493389511369 154.8972199428505 -999.0 6231.0 -999.0 -1 -999 {-999.0 -999.0 -999.0 -999.0 -999.0} "" -999.0 -999.0 -999.0 -999.0 -999 -999 "" "" "" "" 0 0 0.0 0.0 -999 ""
FIBERMAP 648 R+10C6 APOGEE 0 0 0 1 0 0 -82.21279545023609 185.03431312659862 143.1 35.5873143814418 199.30704121709766 240.65062 83.89241 -999.0 -999.0 -999.0 -999.0 -999.0 100.12691471490388 -3.5274840959210705 100.11440210091945 -3.5407548902197523 50.22331419614257 152.61624984255906 -999.0 16600.0 -999.0 2 -999 {-999.0 -999.0 -999.0 -999.0 -999.0} "" -999.0 -999.0 -999.0 -999.0 -999 -999 "" "" "" "" 0 0 0.0 0.0 -999 ""
FIBERMAP 648 R+10C6 BOSS 1 1 0 1 0 0 -82.83902876403205 185.49099875229533 143.1 35.32455718870285 200.03614180227186 240.65062 83.89241 100.12588606172339 -3.5242604024791047 -37.56789 -14.849578 7.7298746 100.12578084790461 -3.524312082808292 100.11321097715876 -3.537424633277683 50.22684493875948 152.61594579992595 5400.0 5400.0 2016.0 1 119 {-999.0 16.52775 16.274826 16.042759 15.820364} sdss_psfmag_from_gdr3 15.249024 16.378345 14.401009 -999.0 63050395111692356 1059269455 bright_flexible_2x1 bhm_spiders_agn_gaiadr3 bhm_spiders science 0 0 0.0 0.0 -999 ""
FIBERMAP 648 R+10C6 METROLOGY 0 0 0 1 0 0 -82.14697702549896 185.77750214392657 143.1 36.058234014133134 199.8856629975145 240.65062 83.89241 -999.0 -999.0 -999.0 -999.0 -999.0 100.12909861608777 -3.524950432896575 100.11654475667245 -3.538115525798691 50.22491854858959 152.6115697010828 -999.0 6231.0 -999.0 -1 -999 {-999.0 -999.0 -999.0 -999.0 -999.0} "" -999.0 -999.0 -999.0 -999.0 -999 -999 "" "" "" "" 0 0 0.0 0.0 -999 ""
FIBERMAP 650 R-2C1 APOGEE 1 1 0 1 0 0 -287.2662881204821 -30.003529263067286 143.1 -254.72138386516787 136.107069364578 209.9234 48.722736 98.81257163986284 -3.819723467854407 -6.7098384 -4.0503554 1.7822735 98.81256798442521 -3.8197244163749726 98.79967315623429 -3.8295355576900114 50.44612081033407 154.69184652482875 16000.0 16600.0 2016.0 2 275 {-999.0 15.921627 14.89823 14.46051 -999.0} sdss_psfmag_from_g3xp 15.554666 14.885637 14.084752 12.416 63050395111486832 917000021 bright_3x1 mwm_yso_variable_apogee mwm_yso science 0 0 0.0 0.0 -999 ""
FIBERMAP 650 R-2C1 BOSS 0 0 0 1 0 0 -287.129063839245 -29.268074552077017 143.1 -254.19566032910953 136.6392769079366 209.9234 48.722736 -999.0 -999.0 -999.0 -999.0 -999.0 98.81500496352045 -3.817473749155644 98.80205448085934 -3.827134728283717 50.44750430947404 154.68700751924172 -999.0 5400.0 -999.0 1 426 {-999.0 -999.0 -999.0 -999.0 -999.0} "" -999.0 -999.0 -999.0 -999.0 -999 -999 "" "" "" "" 0 0 0.0 0.0 -999 ""
FIBERMAP 650 R-2C1 METROLOGY 0 0 0 1 0 0 -286.56419337561675 -29.750017851115825 143.1 -253.9978749893852 135.9236399042908 209.9234 48.722736 -999.0 -999.0 -999.0 -999.0 -999.0 98.81584781758787 -3.8206404840818613 98.8029059438033 -3.8303468771173743 50.44420181425337 154.68758059867602 -999.0 6231.0 -999.0 -1 -999 {-999.0 -999.0 -999.0 -999.0 -999.0} "" -999.0 -999.0 -999.0 -999.0 -999 -999 "" "" "" "" 0 0 0.0 0.0 -999 ""
FIBERMAP 654 R+12C14 APOGEE 1 1 0 1 0 0 122.35074971301502 228.2546324500214 143.1 229.2206954860687 120.48439186875329 196.08913 120.58957 101.00587715167669 -3.8838946126799625 -0.65516365 2.4089987 0.27483177 101.00587715129274 -3.883897419148383 100.99216116091759 -3.899245828586699 49.54848900281165 151.58630159023178 16000.0 16600.0 2016.0 2 91 {-999.0 15.186289 13.928067 13.322972 -999.0} sdss_psfmag_from_g3xp 14.704485 13.836416 12.92142 10.936 63050395111621022 1104273303 bright_flexible_2x1 mwm_tess_rgb_apogee mwm_tessrgb science 0 0 0.0 0.0 -999 ""
FIBERMAP 654 R+12C14 BOSS 0 0 0 1 0 0 121.81913382822184 228.7718442323552 143.1 229.07021214594855 121.21060521497682 196.08913 120.58957 -999.0 -999.0 -999.0 -999.0 -999.0 101.0052520163766 -3.8807723659679882 100.99147450553636 -3.8959610483951943 49.55177278845106 151.5852383390539 -999.0 5400.0 -999.0 1 89 {-999.0 -999.0 -999.0 -999.0 -999.0} "" -999.0 -999.0 -999.0 -999.0 -999 -999 "" "" "" "" 0 0 0.0 0.0 -999 ""
FIBERMAP 654 R+12C14 METROLOGY 0 0 0 1 0 0 122.53857624770775 228.98477518661915 143.1 229.78535087502343 120.98384760214975 196.08913 120.58957 -999.0 -999.0 -999.0 -999.0 -999.0 101.00844441130573 -3.8817600089089725 100.99468316077883 -3.897001521674144 49.549535700038575 151.5813615845495 -999.0 6231.0 -999.0 -1 -999 {-999.0 -999.0 -999.0 -999.0 -999.0} "" -999.0 -999.0 -999.0 -999.0 -999 -999 "" "" "" "" 0 0 0.0 0.0 -999 ""
FIBERMAP 660 R+8C18 APOGEE 0 0 0 1 0 0 191.28961752705408 170.4645899241178 143.1 253.93518496102845 33.99687208338439 99.79705 59.482616 -999.0 -999.0 -999.0 -999.0 -999.0 101.11978717067491 -4.274886752861952 101.10500341886905 -4.290360894148604 49.14504021416898 151.66851238861273 -999.0 16600.0 -999.0 2 -999 {-999.0 -999.0 -999.0 -999.0 -999.0} "" -999.0 -999.0 -999.0 -999.0 -999 -999 "" "" "" "" 0 0 0.0 0.0 -999 ""
FIBERMAP 660 R+8C18 BOSS 1 1 0 1 0 0 191.9999623846186 170.2034996721076 143.1 254.37719459476435 33.38263336695903 99.79705 59.482616 101.12186224745051 -4.277797210286195 -0.24426079 0.86314505 0.107373446 101.12186924193645 -4.277821882479333 101.10700624220112 -4.293138233210615 49.1416957103306 151.66741351502858 5400.0 5400.0 2016.0 1 239 {-999.0 15.973775 15.580986 15.433094 -999.0} sdss_psfmag_ps1 15.876202 15.563648 15.064612 14.241 63050395111605450 1093341733 bright_3x1 mwm_astar_core_boss mwm_ob science 0 0 0.0 0.0 -999 ""
FIBERMAP 660 R+8C18 METROLOGY 0 0 0 1 0 0 191.4148771546784 169.7290819321835 143.1 253.62681748594017 33.317550388210016 99.79705 59.482616 -999.0 -999.0 -999.0 -999.0 -999.0 101.11848895305263 -4.278078439553292 101.10364636335567 -4.293432015271357 49.14276720715086 151.67228685609552 -999.0 6231.0 -999.0 -1 -999 {-999.0 -999.0 -999.0 -999.0 -999.0} "" -999.0 -999.0 -999.0 -999.0 -999 -999 "" "" "" "" 0 0 0.0 0.0 -999 ""
FIBERMAP 661 R-11C8 APOGEE 1 1 0 1 0 0 -1.4680997747012086 -196.45344251556634 143.1 -111.28894369129468 -161.87772401114785 109.37443 57.946903 99.46182388236736 -5.168517011869714 106.38982 -47.8464 25.707499 99.46216095327513 -5.168682491264734 99.44549111342457 -5.179586709345152 48.95460446870919 154.51892151616883 16000.0 16600.0 2016.0 2 158 {-999.0 17.87655 16.292448 14.5669155 -999.0} sdss_psfmag_ps1 17.169 15.219473 13.911767 11.285 63050395111134714 1110774216 bright_flexible_4x1 manual_mwm_planet_gaia_astrometry_apogee mwm_planet science 0 0 0.0 0.0 -999 ""
FIBERMAP 661 R-11C8 BOSS 0 0 0 1 0 0 -0.7338884106683157 -196.58494543119528 143.1 -110.7545601849543 -162.39801253456656 109.37443 57.946903 -999.0 -999.0 -999.0 -999.0 -999.0 99.46464045137128 -5.171244194043127 99.44789822109573 -5.181988008639732 48.9514963796243 154.51684861266182 -999.0 5400.0 -999.0 1 360 {-999.0 -999.0 -999.0 -999.0 -999.0} "" -999.0 -999.0 -999.0 -999.0 -999 -999 "" "" "" "" 0 0 0.0 0.0 -999 ""
FIBERMAP 661 R-11C8 METROLOGY 0 0 0 1 0 0 -1.2195814575722501 -197.1576429661475 143.1 -111.47768819996757 -162.60017916969431 109.37443 57.946903 -999.0 -999.0 -999.0 -999.0 -999.0 99.46134494338618 -5.1720954850973415 99.44461979683774 -5.182877506810874 48.95185361251839 154.5219729215376 -999.0 6231.0 -999.0 -1 -999 {-999.0 -999.0 -999.0 -999.0 -999.0} "" -999.0 -999.0 -999.0 -999.0 -999 -999 "" "" "" "" 0 0 0.0 0.0 -999 ""
FIBERMAP 663 R0C1 APOGEE 0 0 0 1 0 0 -306.31926878360645 1.7097771943282731 143.1 -252.7318251157704 173.04704221609842 187.40245 101.17612 -999.0 -999.0 -999.0 -999.0 -999.0 98.82273535492959 -3.6537595770383517 98.81027722862558 -3.663664364288093 50.59698941933738 154.5821532564515 -999.0 16600.0 -999.0 2 277 {-999.0 -999.0 -999.0 -999.0 -999.0} "" -999.0 -999.0 -999.0 -999.0 -999 -999 "" "" "" "" 0 0 0.0 0.0 -999 ""
FIBERMAP 663 R0C1 BOSS 1 1 0 1 0 0 -306.57191789477037 2.4083475213015006 143.1 -252.54965624393037 173.7671490646543 187.40245 101.17612 98.82367762718398 -3.6506798014688777 -2.9390242 -5.965147 1.2157879 98.82366829745537 -3.6507012894916415 98.81115720940596 -3.6604533455044894 50.59966543916525 154.5790337873725 5400.0 5400.0 2016.0 1 424 {-999.0 19.861753 18.23838 17.493448 -999.0} sdss_psfmag_ps1 18.99619 18.096142 17.04969 12.721 63050395111488481 1094361289 bright_1x1 mwm_bin_vis_boss mwm_filler science 0 0 0.0 0.0 -999 ""
FIBERMAP 663 R0C1 METROLOGY 0 0 0 1 0 0 -305.83610998821956 2.2921463407451794 143.1 -252.00537692177014 173.25863870369454 187.40245 101.17612 -999.0 -999.0 -999.0 -999.0 -999.0 98.82605200073556 -3.6529059389405916 98.81355158025667 -3.6627074684415506 50.59669963429134 154.57680877314297 -999.0 6231.0 -999.0 -1 -999 {-999.0 -999.0 -999.0 -999.0 -999.0} "" -999.0 -999.0 -999.0 -999.0 -999 -999 "" "" "" "" 0 0 0.0 0.0 -999 ""
FIBERMAP 664 R+7C5 APOGEE 0 0 0 1 0 0 -116.1133612950613 119.01578492729968 143.1 -29.478967901823793 163.6258404773051 332.11044 73.398445 -999.0 -999.0 -999.0 -999.0 -999.0 99.83126737925014 -3.6891973422184883 99.81841515439436 -3.7016521738329016 50.18822713610355 153.13893993155537 -999.0 16600.0 -999.0 2 117 {-999.0 -999.0 -999.0 -999.0 -999.0} "" -999.0 -999.0 -999.0 -999.0 -999 -999 "" "" "" "" 0 0 0.0 0.0 -999 ""
FIBERMAP 664 R+7C5 BOSS 1 1 0 1 0 0 -116.63751967150222 118.49307732066285 143.1 -30.205943012909316 163.48662704693083 332.11044 73.398445 99.8280408176536 -3.68993123297963 -6.9074984 -2.9781196 4.115891 99.82801299706797 -3.6899391041930123 99.81509486504604 -3.7022280141370882 50.188956036525155 153.1440676503681 5400.0 5400.0 2016.0 1 56 {-999.0 17.569012 16.147972 14.703859 -999.0} sdss_psfmag_ps1 16.941214 15.491949 14.310482 11.961 63050395111281335 917193593 bright_3x1 mwm_yso_pms_boss_sagitta_edr3 mwm_yso science 0 0 0.0 0.0 -999 ""
FIBERMAP 664 R+7C5 METROLOGY 0 0 0 1 0 0 -116.83126066186497 119.2107230215025 143.1 -29.964299213690005 164.1895255978775 332.11044 73.398445 -999.0 -999.0 -999.0 -999.0 -999.0 99.82909211026248 -3.686723709771792 99.81620055915153 -3.6990612801100275 50.191464290306385 153.14059109480127 -999.0 6231.0 -999.0 -1 -999 {-999.0 -999.0 -999.0 -999.0 -999.0} "" -999.0 -999.0 -999.0 -999.0 -999 -999 "" "" "" "" 0 0 0.0 0.0 -999 ""
FIBERMAP 665 R-5C18 APOGEE 1 1 0 1 0 0 141.7106407645278 -81.67991514174439 143.1 71.59764618690387 -147.0469207509305 124.838036 94.2735 100.29598081731551 -5.100133234223137 -1.9261954 -0.82649475 0.3044189 100.2959833201137 -5.100135035143791 100.27925194299638 -5.113182139818478 48.70797782580077 153.31013571312104 16000.0 16600.0 2016.0 2 220 {-999.0 14.619284 13.594406 13.147628 -999.0} sdss_psfmag_from_g3xp 14.267169 13.577781 12.771839 11.03 63050395111154332 1108233667 bright_flexible_3x1 mwm_tess_rgb_apogee mwm_tessrgb science 0 0 0.0 0.0 -999 ""
FIBERMAP 665 R-5C18 BOSS 0 0 0 1 0 0 142.2703756462445 -81.1968206182511 143.1 72.3318900635324 -146.96044793953945 124.838036 94.2735 -999.0 -999.0 -999.0 -999.0 -999.0 100.29942417733727 -5.0999435799554105 100.28262402958381 -5.112833568450465 48.70702664346523 153.30522594751568 -999.0 5400.0 -999.0 1 292 {-999.0 -999.0 -999.0 -999.0 -999.0} "" -999.0 -999.0 -999.0 -999.0 -999 -999 "" "" "" "" 0 0 0.0 0.0 -999 ""
FIBERMAP 665 R-5C18 METROLOGY 0 0 0 1 0 0 142.404438407889 -81.93517203103735 143.1 72.02922006288426 -147.64705692631287 124.838036 94.2735 -999.0 -999.0 -999.0 -999.0 -999.0 100.29802318730374 -5.103001643242942 100.28123466687998 -5.1159338019344025 48.704682809459506 153.30894787395658 -999.0 6231.0 -999.0 -1 -999 {-999.0 -999.0 -999.0 -999.0 -999.0} "" -999.0 -999.0 -999.0 -999.0 -999 -999 "" "" "" "" 0 0 0.0 0.0 -999 ""
FIBERMAP 667 R0C9 APOGEE 1 1 0 1 0 0 -103.12344264850577 -8.275850459863774 143.1 -90.04252301959636 50.92622266932952 309.7924 125.38584 99.55590277543813 -4.201678672314539 -0.50068283 0.57435817 0.59395814 99.55587566449262 -4.201678706843424 99.54174770099644 -4.213223777288125 49.81809448784634 153.83627680431616 16000.0 16600.0 2016.0 2 246 {-999.0 11.660147 11.511947 11.504163 -999.0} sdss_psfmag_from_g3xp 11.66255 11.489428 11.168786 10.736 63050395111265986 974925645 "" ops_std_apogee ops_std standard_apogee 0 0 0.0 0.0 -999 ""
FIBERMAP 667 R0C9 BOSS 0 0 0 1 0 0 -103.29486660657625 -8.997965995490343 143.1 -90.58909634864007 50.424224582242346 309.7924 125.38584 -999.0 -999.0 -999.0 -999.0 -999.0 99.55340849920147 -4.204105962118274 99.53921056184583 -4.215483693883464 49.81693716072112 153.84121937175058 -999.0 5400.0 -999.0 1 492 {-999.0 -999.0 -999.0 -999.0 -999.0} "" -999.0 -999.0 -999.0 -999.0 -999 -999 "" "" "" "" 0 0 0.0 0.0 -999 ""
FIBERMAP 667 R0C9 METROLOGY 0 0 0 1 0 0 -103.8395073790546 -8.48883622163018 143.1 -90.75489509733505 51.15104236840663 309.7924 125.38584 -999.0 -999.0 -999.0 -999.0 -999.0 99.55263858274147 -4.200759687741091 99.53846796409368 -4.212182221637224 49.820277356915454 153.84038289029812 -999.0 6231.0 -999.0 -1 -999 {-999.0 -999.0 -999.0 -999.0 -999.0} "" -999.0 -999.0 -999.0 -999.0 -999 -999 "" "" "" "" 0 0 0.0 0.0 -999 ""
FIBERMAP 669 R+3C3 APOGEE 0 0 0 1 0 0 -219.28344307334015 74.43574247774956 143.1 -139.90139589861437 184.51151404653487 143.4866 80.941505 -999.0 -999.0 -999.0 -999.0 -999.0 99.3299179626178 -3.5975448839845883 99.31745755423503 -3.6087635286265147 50.462418856648036 153.809711539542 -999.0 16600.0 -999.0 2 107 {-999.0 -999.0 -999.0 -999.0 -999.0} "" -999.0 -999.0 -999.0 -999.0 -999 -999 "" "" "" "" 0 0 0.0 0.0 -999 ""
FIBERMAP 669 R+3C3 BOSS 1 1 0 1 0 0 -218.74142290469462 74.93903817764975 143.1 -139.1705043858655 184.62464279478746 143.4866 80.941505 99.33333406221034 -3.597133024001002 -6.5616765 -3.2998047 4.015496 99.33326735925294 -3.5971401747896046 99.32074421693358 -3.6082110593503014 50.461711822120684 153.8046056760549 5400.0 5400.0 2016.0 1 59 {-999.0 20.538261 19.04872 17.174507 -999.0} sdss_psfmag_ps1 19.793512 17.887829 16.5521 14.011 63050395111482921 1165648712 bright_1x1 openfibertargets_mwm_nearbyocmg_boss open_fiber science 0 0 0.0 0.0 -999 ""
FIBERMAP 669 R+3C3 METROLOGY 0 0 0 1 0 0 -218.56263029129312 74.21796969966917 143.1 -139.42644603111393 183.927285134497 143.4866 80.941505 -999.0 -999.0 -999.0 -999.0 -999.0 99.33208481155904 -3.600248432676288 99.31957159534608 -3.6113593649916678 50.45922458789285 153.80815137570136 -999.0 6231.0 -999.0 -1 -999 {-999.0 -999.0 -999.0 -999.0 -999.0} "" -999.0 -999.0 -999.0 -999.0 -999 -999 "" "" "" "" 0 0 0.0 0.0 -999 ""
FIBERMAP 671 R+1C15 APOGEE 0 0 0 1 0 0 30.00282812783479 -0.017263208774657812 143.1 24.838297147999278 -16.824915044870885 306.41364 60.02507 -999.0 -999.0 -999.0 -999.0 -999.0 100.08121602604426 -4.508970779751251 100.06611788951119 -4.521721355831819 49.33579644798544 153.2676834795094 -999.0 16600.0 -999.0 2 -999 {-999.0 -999.0 -999.0 -999.0 -999.0} "" -999.0 -999.0 -999.0 -999.0 -999 -999 "" "" "" "" 0 0 0.0 0.0 -999 ""
FIBERMAP 671 R+1C15 BOSS 1 1 0 1 0 0 29.24270081212978 -0.1202202425413148 143.1 24.15108220261882 -16.484282604047973 306.41364 60.02507 100.07785102223035 -4.5075523911555315 -0.29056546 0.48827326 0.18693867 100.07815230937612 -4.507598878573727 100.06299197825763 -4.520180009112106 49.33840484581015 153.27121074982847 5400.0 5400.0 2016.0 1 189 {-999.0 13.517388 13.331998 13.287278 -999.0} sdss_psfmag_from_g3xp 13.500869 13.301131 12.949084 12.481 63050395111243172 1093136333 bright_3x1 mwm_astar_core_boss mwm_ob science 0 0 0.8957920074462891 0.0 -999 ""
FIBERMAP 671 R+1C15 METROLOGY 0 0 0 1 0 0 29.540284749142177 0.5681559601457238 143.1 24.783235474172077 -16.08091458969479 306.41364 60.02507 -999.0 -999.0 -999.0 -999.0 -999.0 100.0810148547898 -4.505705032299893 100.0658776108217 -4.51834019140002 49.33901564606871 153.26605468861308 -999.0 6231.0 -999.0 -1 -999 {-999.0 -999.0 -999.0 -999.0 -999.0} "" -999.0 -999.0 -999.0 -999.0 -999 -999 "" "" "" "" 0 0 0.0 0.0 -999 ""
FIBERMAP 673 R-11C1 APOGEE 0 0 0 1 0 0 -155.64889646668766 -200.8408042238274 143.1 -241.43780884671182 -79.12361114959286 78.57238 79.256645 -999.0 -999.0 -999.0 -999.0 -999.0 98.87155871389334 -4.792807472585346 98.85606282297135 -4.802367288172406 49.51745296100823 155.1509396146084 -999.0 16600.0 -999.0 2 271 {-999.0 -999.0 -999.0 -999.0 -999.0} "" -999.0 -999.0 -999.0 -999.0 -999 -999 "" "" "" "" 0 0 0.0 0.0 -999 ""
FIBERMAP 673 R-11C1 BOSS 1 1 0 1 0 0 -154.95283579213935 -201.11405465747347 143.1 -241.01444255925364 -79.73991733388581 78.57238 79.256645 98.87374015983373 -4.79565587200106 -74.48776 -43.415466 24.169613 98.87351720001458 -4.795768748563559 98.85795083284137 -4.805169364248008 49.51416581901899 155.14976062027208 5400.0 5400.0 2016.0 1 421 {-999.0 18.126472 17.66639 17.518818 -999.0} sdss_psfmag_ps1 18.076248 17.713264 17.23362 -999.0 63050395111222759 1132586769 dark_2x1 mwm_snc_100pc_boss mwm_snc science 0 0 0.0 0.0 -999 ""
FIBERMAP 673 R-11C1 METROLOGY 0 0 0 1 0 0 -155.53758164718965 -201.5834018865302 143.1 -241.76169758914605 -79.8009911306166 78.57238 79.256645 -999.0 -999.0 -999.0 -999.0 -999.0 98.87015508892145 -4.795986006690228 98.85460672101459 -4.805424152610819 49.515109214569875 155.154698859724 -999.0 6231.0 -999.0 -1 -999 {-999.0 -999.0 -999.0 -999.0 -999.0} "" -999.0 -999.0 -999.0 -999.0 -999 -999 "" "" "" "" 0 0 0.0 0.0 -999 ""
FIBERMAP 674 R+4C1 APOGEE 0 0 0 1 0 0 -253.40139976960486 65.70242492230156 143.1 -173.0507515394947 196.39501784900585 242.41264 114.605515 -999.0 -999.0 -999.0 -999.0 -999.0 99.18056124330433 -3.545373116148622 99.16828343810045 -3.5562331035239585 50.566387223526895 153.99655548917644 -999.0 16600.0 -999.0 2 144 {-999.0 -999.0 -999.0 -999.0 -999.0} "" -999.0 -999.0 -999.0 -999.0 -999 -999 "" "" "" "" 0 0 0.0 0.0 -999 ""
FIBERMAP 674 R+4C1 BOSS 1 1 0 1 0 0 -254.13432999259524 65.74589000880886 143.1 -173.63340171401086 196.84167671066913 242.41264 114.605515 99.17799594108675 -3.5435388591060626 -0.30545473 1.2811855 0.16790919 99.17800461134797 -3.5435409697190345 99.16567028949146 -3.554239177821714 50.56920348111076 153.99921184366107 5400.0 5400.0 2016.0 1 2 {-999.0 14.817959 14.292292 14.052275 -999.0} sdss_psfmag_from_g3xp 14.687291 14.2816515 13.687552 12.756 63050395111495502 1093136228 bright_3x1 mwm_astar_core_boss mwm_ob science 0 0 0.0 0.0 -999 ""
FIBERMAP 674 R+4C1 METROLOGY 0 0 0 1 0 0 -253.72507447290633 66.37493607446032 143.1 -172.94200616576066 197.1333385305626 242.41264 114.605515 -999.0 -999.0 -999.0 -999.0 -999.0 99.18111073294608 -3.5421624684591726 99.16879673164453 -3.5529133595352547 50.569282932462826 153.99387530138674 -999.0 6231.0 -999.0 -1 -999 {-999.0 -999.0 -999.0 -999.0 -999.0} "" -999.0 -999.0 -999.0 -999.0 -999 -999 "" "" "" "" 0 0 0.0 0.0 -999 ""
FIBERMAP 675 R-1C20 APOGEE 1 1 0 1 0 0 156.53151307456292 -2.6990267881535246 143.1 128.12518794465205 -89.94008082614519 108.820915 52.594807 100.55315840998871 -4.839838370722868 0.9227357 -1.1291585 0.4420609 100.55314795362074 -4.839816885225055 100.5370330834304 -4.853623964753513 48.84957722279165 152.79940298854712 16000.0 16600.0 2016.0 2 227 {-999.0 13.89515 12.846561 12.422326 -999.0} sdss_psfmag_gaia 13.545598 12.86199 12.063932 10.352 63050395111158750 1106687853 bright_1x1 mwm_tess_rgb_apogee mwm_tessrgb science 0 0 0.0 0.0 -999 ""
FIBERMAP 675 R-1C20 BOSS 0 0 0 1 0 0 157.25000965151457 -2.9059316773766426 143.1 128.60430885002825 -90.51401131528287 108.820915 52.594807 -999.0 -999.0 -999.0 -999.0 -999.0 100.55544677299888 -4.8426073418769375 100.53925473929559 -4.856254449732189 48.84629638031646 152.79784145543474 -999.0 5400.0 -999.0 1 271 {-999.0 -999.0 -999.0 -999.0 -999.0} "" -999.0 -999.0 -999.0 -999.0 -999 -999 "" "" "" "" 0 0 0.0 0.0 -999 ""
FIBERMAP 675 R-1C20 METROLOGY 0 0 0 1 0 0 156.69837993416957 -3.4304361457212895 143.1 127.8535755318803 -90.63932066144278 108.820915 52.594807 -999.0 -999.0 -999.0 -999.0 -999.0 100.5520045619153 -4.843142604796472 100.53583170180337 -4.856827434094294 48.847083420560615 152.80295910162295 -999.0 6231.0 -999.0 -1 -999 {-999.0 -999.0 -999.0 -999.0 -999.0} "" -999.0 -999.0 -999.0 -999.0 -999 -999 "" "" "" "" 0 0 0.0 0.0 -999 ""
FIBERMAP 676 R-9C12 APOGEE 0 0 0 1 0 0 43.820183732520746 -180.09111885857732 143.1 -64.61392149698554 -173.70172618016952 204.28183 117.25831 -999.0 -999.0 -999.0 -999.0 -999.0 99.67490968491067 -5.222290224812203 99.65803481276953 -5.233711933886521 48.82694544342065 154.24926095922027 -999.0 16600.0 -999.0 2 152 {-999.0 -999.0 -999.0 -999.0 -999.0} "" -999.0 -999.0 -999.0 -999.0 -999 -999 "" "" "" "" 0 0 0.0 0.0 -999 ""
FIBERMAP 676 R-9C12 BOSS 1 1 0 1 0 0 43.230670724302236 -179.6236276428005 143.1 -64.84021300445727 -172.98425096738586 204.28183 117.25831 99.67392844056646 -5.219263023788035 -0.22522382 0.88711745 0.12624823 99.67391117634634 -5.219267608676749 99.656978877001 -5.230521978299152 48.830298750182784 154.2489692468146 5400.0 5400.0 2016.0 1 368 {-999.0 18.453947 17.91791 17.685343 17.537603} sdss_psfmag_from_ps1dr2 18.341 17.9221 17.3456 16.354 63050395111140728 1039245621 "" ops_std_boss_ps1dr2 ops_std standard_boss 0 0 0.0 0.0 -999 ""
FIBERMAP 676 R-9C12 METROLOGY 0 0 0 1 0 0 43.92725753107594 -179.3454182337737 143.1 -64.10742741946746 -173.144139749323 204.28183 117.25831 -999.0 -999.0 -999.0 -999.0 -999.0 99.67723871026068 -5.219933141405655 99.66032229274396 -5.231242734159047 48.82840670851554 154.24466595268748 -999.0 6231.0 -999.0 -1 -999 {-999.0 -999.0 -999.0 -999.0 -999.0} "" -999.0 -999.0 -999.0 -999.0 -999 -999 "" "" "" "" 0 0 0.0 0.0 -999 ""
FIBERMAP 677 R-11C3 APOGEE 1 1 0 1 0 0 -135.05416961678162 -201.81822983961956 143.1 -224.929164428303 -91.47235120014149 159.92876 89.239174 98.94607620655836 -4.848874755294076 -9.843408 3.5839896 4.5736837 98.94600012265889 -4.848890342987027 98.93033309795504 -4.8586162615584945 49.438588610732644 155.0752063138592 16000.0 16600.0 2016.0 2 206 {-999.0 9.682673 9.6027 9.617719 -999.0} sdss_psfmag_from_g3xp 9.724772 9.571543 9.297102 8.921 63050395111221681 974925735 "" ops_std_apogee ops_std standard_apogee 0 0 0.0 0.0 -999 ""
FIBERMAP 677 R-11C3 BOSS 0 0 0 1 0 0 -134.8230175648627 -201.115046733972 143.1 -224.34373289502386 -91.01949843371443 159.92876 89.239174 -999.0 -999.0 -999.0 -999.0 -999.0 98.94865797435541 -4.847024988504853 98.93293274908717 -4.8565951402091105 49.43955624051358 155.07037775480958 -999.0 5400.0 -999.0 1 338 {-999.0 -999.0 -999.0 -999.0 -999.0} "" -999.0 -999.0 -999.0 -999.0 -999 -999 "" "" "" "" 0 0 0.0 0.0 -999 ""
FIBERMAP 677 R-11C3 METROLOGY 0 0 0 1 0 0 -134.32790560830935 -201.66225507896507 143.1 -224.2402887623631 -91.7501013692263 159.92876 89.239174 -999.0 -999.0 -999.0 -999.0 -999.0 98.94913023562955 -4.850281815899299 98.9334138808087 -4.8598980771985625 49.43629879600612 155.0714954811927 -999.0 6231.0 -999.0 -1 -999 {-999.0 -999.0 -999.0 -999.0 -999.0} "" -999.0 -999.0 -999.0 -999.0 -999 -999 "" "" "" "" 0 0 0.0 0.0 -999 ""
FIBERMAP 678 R+11C16 APOGEE 1 1 0 1 0 0 155.78241481021468 217.28489231850656 143.1 250.76202787511497 92.66759026533157 156.93758 121.15483 101.10357091265811 -4.0096094620410545 -1.2838165 3.1384144 0.38479194 101.10355146826465 -4.009624631038824 101.08947419121392 -4.025167714962651 49.39418613682528 151.5272692250755 16000.0 16600.0 2016.0 2 58 {-999.0 14.665142 13.507859 12.95343 -999.0} sdss_psfmag_from_g3xp 14.243354 13.439865 12.561556 10.659 63050395111615971 1105689641 bright_flexible_2x1 mwm_tess_rgb_apogee mwm_tessrgb science 0 0 0.0 0.0 -999 ""
FIBERMAP 678 R+11C16 BOSS 0 0 0 1 0 0 155.67341447707838 218.0273145071493 143.1 251.0877351281071 93.34352811164247 156.93758 121.15483 -999.0 -999.0 -999.0 -999.0 -999.0 101.1050555794573 -4.006732713057018 101.0909149913856 -4.022120541484694 49.39639875855941 151.52336545030303 -999.0 5400.0 -999.0 1 171 {-999.0 -999.0 -999.0 -999.0 -999.0} "" -999.0 -999.0 -999.0 -999.0 -999 -999 "" "" "" "" 0 0 0.0 0.0 -999 ""
FIBERMAP 678 R+11C16 METROLOGY 0 0 0 1 0 0 156.36589020455165 217.7515766720686 143.1 251.50673871312605 92.72717054218616 156.93758 121.15483 -999.0 -999.0 -999.0 -999.0 -999.0 101.10693156536485 -4.009473737094656 101.09280314991639 -4.024910566932543 49.393086978248725 151.5224385345029 -999.0 6231.0 -999.0 -1 -999 {-999.0 -999.0 -999.0 -999.0 -999.0} "" -999.0 -999.0 -999.0 -999.0 -999 -999 "" "" "" "" 0 0 0.0 0.0 -999 ""
FIBERMAP 681 R+6C17 APOGEE 1 1 0 1 0 0 142.58385192599476 121.02768697019542 143.1 185.898123071792 20.34373733650078 354.18457 147.49184 100.81393721480156 -4.337573997568232 -0.39669722 -2.2109206 0.36952177 100.8139317504908 -4.337575029918771 100.7990721614056 -4.3522508914989 49.20940431849212 152.13438309216122 16000.0 16600.0 2016.0 2 71 {-999.0 14.588063 13.452387 12.945006 -999.0} sdss_psfmag_from_g3xp 14.177693 13.413737 12.560135 10.692 63050395111603936 1105189820 bright_flexible_2x1 mwm_tess_rgb_apogee mwm_tessrgb science 0 0 0.0 0.0 -999 ""
FIBERMAP 681 R+6C17 BOSS 0 0 0 1 0 0 143.15294434956576 120.56052451597384 143.1 186.1076867100628 19.63797607617739 354.18457 147.49184 -999.0 -999.0 -999.0 -999.0 -999.0 100.81501754719652 -4.340933430362618 100.80007909842203 -4.355448721279115 49.20606963080581 152.13490001609287 -999.0 5400.0 -999.0 1 207 {-999.0 -999.0 -999.0 -999.0 -999.0} "" -999.0 -999.0 -999.0 -999.0 -999 -999 "" "" "" "" 0 0 0.0 0.0 -999 ""
FIBERMAP 681 R+6C17 METROLOGY 0 0 0 1 0 0 142.4661904987535 120.2835801558771 143.1 185.38375346543344 19.79340313980283 354.18457 147.49184 -999.0 -999.0 -999.0 -999.0 -999.0 100.81171010080921 -4.340192302652569 100.79679433658231 -4.354745436477173 49.208006878210675 152.13908316967908 -999.0 6231.0 -999.0 -1 -999 {-999.0 -999.0 -999.0 -999.0 -999.0} "" -999.0 -999.0 -999.0 -999.0 -999 -999 "" "" "" "" 0 0 0.0 0.0 -999 ""
FIBERMAP 683 R-1C25 APOGEE 0 0 0 1 0 0 244.4510528103271 -11.273988498830452 143.1 196.13449859746515 -146.30317325554242 165.64357 99.21325 -999.0 -999.0 -999.0 -999.0 -999.0 100.86116529986738 -5.0925460215748135 100.8442891392595 -5.107025105955963 48.49733095908423 152.52087020563948 -999.0 16600.0 -999.0 2 -999 {-999.0 -999.0 -999.0 -999.0 -999.0} "" -999.0 -999.0 -999.0 -999.0 -999 -999 "" "" "" "" 0 0 0.0 0.0 -999 ""
FIBERMAP 683 R-1C25 BOSS 1 1 0 1 0 0 244.52283488090978 -10.51959767344205 143.1 196.61663363307946 -145.7186157141509 165.64357 99.21325 100.86347150004647 -5.0900642482971765 -1.6343902 -0.27646333 0.0016255591 100.86343732220033 -5.090069874909504 100.84649642809876 -5.104389395835079 48.4989019251911 152.5162649463498 5400.0 5400.0 2016.0 1 261 {-999.0 15.950466 15.578691 15.401929 -999.0} sdss_psfmag_ps1 15.84837 15.583929 15.050921 14.248 63050395111150422 1093342172 bright_3x1 mwm_astar_core_boss mwm_ob science 0 0 0.0 0.0 -999 ""
FIBERMAP 683 R-1C25 METROLOGY 0 0 0 1 0 0 245.12734804371362 -10.958890517544532 143.1 196.87114766125606 -146.42114198886995 165.64357 99.21325 -999.0 -999.0 -999.0 -999.0 -999.0 100.8645519786605 -5.093174880728758 100.84762252519386 -5.107543032675912 48.495560490874475 152.51656025009885 -999.0 6231.0 -999.0 -1 -999 {-999.0 -999.0 -999.0 -999.0 -999.0} "" -999.0 -999.0 -999.0 -999.0 -999 -999 "" "" "" "" 0 0 0.0 0.0 -999 ""
FIBERMAP 685 R+6C6 APOGEE 0 0 0 1 0 0 -100.38523782390799 120.80221781845836 143.1 -15.452190992137 156.29285699600803 19.426775 119.05357 -999.0 -999.0 -999.0 -999.0 -999.0 99.89521198218083 -3.7221658967867155 99.88225350602676 -3.7347694929030046 50.13332598542757 153.06671637634278 -999.0 16600.0 -999.0 2 -999 {-999.0 -999.0 -999.0 -999.0 -999.0} "" -999.0 -999.0 -999.0 -999.0 -999 -999 "" "" "" "" 0 0 0.0 0.0 -999 ""
FIBERMAP 685 R+6C6 BOSS 1 1 0 1 0 0 -99.78432794396569 120.20900251198002 143.1 -15.286904084439774 155.4648729724199 19.426775 119.05357 99.8957457953755 -3.726024210647225 -1.9726307 5.662362 0.14699996 99.89603266822903 -3.7260107735945733 99.88299854918063 -3.7384572588994955 50.12963364276128 153.06784017372024 5400.0 5400.0 2016.0 1 55 {-999.0 13.73656 13.271007 13.085912 -999.0} sdss_psfmag_from_g3xp 13.639982 13.278659 12.742971 11.816 63050395111280346 1093136278 bright_3x1 mwm_astar_core_boss mwm_ob science 0 0 0.9829257726669312 0.0 -999 ""
FIBERMAP 685 R+6C6 METROLOGY 0 0 0 1 0 0 -100.51247599581241 120.06704951927631 143.1 -15.969483679578946 155.75529142722039 19.426775 119.05357 -999.0 -999.0 -999.0 -999.0 -999.0 99.8929026773977 -3.7246719082848196 99.87989152609589 -3.737155675468943 50.132019984821085 153.07153571534212 -999.0 6231.0 -999.0 -1 -999 {-999.0 -999.0 -999.0 -999.0 -999.0} "" -999.0 -999.0 -999.0 -999.0 -999 -999 "" "" "" "" 0 0 0.0 0.0 -999 ""
FIBERMAP 687 R-7C16 APOGEE 1 1 0 1 0 0 117.38787617964208 -148.55105359375312 143.1 13.985861519949093 -188.80069538270516 250.44711 113.23772 100.03354954252934 -5.289848706137363 -6.018711 -2.3031528 3.5966039 100.03355069510731 -5.289893960515834 100.01639102584664 -5.3021964760110905 48.6313034746052 153.78507076245847 16000.0 16600.0 2016.0 2 186 {-999.0 7.9862285 8.23004 8.406766 -999.0} sdss_psfmag_from_g3xp 8.122974 8.122729 8.088607 8.092 63050395111120665 916309190 bright_3x1 mwm_yso_cluster_apogee mwm_yso science 0 0 0.0 0.0 -999 ""
FIBERMAP 687 R-7C16 BOSS 0 0 0 1 0 0 116.65977114068684 -148.5662251386946 143.1 13.374353333319768 -188.405302207146 250.44711 113.23772 -999.0 -999.0 -999.0 -999.0 -999.0 100.03082983818186 -5.288339687211306 100.01360776044771 -5.300469176790167 48.63393989066095 153.78798654353886 -999.0 5400.0 -999.0 1 306 {-999.0 -999.0 -999.0 -999.0 -999.0} "" -999.0 -999.0 -999.0 -999.0 -999 -999 "" "" "" "" 0 0 0.0 0.0 -999 ""
FIBERMAP 687 R-7C16 METROLOGY 0 0 0 1 0 0 117.00142588671669 -147.91283590670932 143.1 14.023402263241312 -188.05560289069481 250.44711 113.23772 -999.0 -999.0 -999.0 -999.0 -999.0 100.03376635527215 -5.286696082637603 100.0165668725545 -5.298880977729509 48.634314297085304 153.7829533900677 -999.0 6231.0 -999.0 -1 -999 {-999.0 -999.0 -999.0 -999.0 -999.0} "" -999.0 -999.0 -999.0 -999.0 -999 -999 "" "" "" "" 0 0 0.0 0.0 -999 ""
FIBERMAP 688 R-7C2 APOGEE 0 0 0 1 0 0 -204.40665289862034 -121.8031885001205 143.1 -237.5335136180633 13.653385864292254 183.53848 54.680508 -999.0 -999.0 -999.0 -999.0 -999.0 98.88787106264348 -4.372689257938127 98.8734869413085 -4.382464915619225 49.903625498037265 154.89453474477978 -999.0 16600.0 -999.0 2 -999 {-999.0 -999.0 -999.0 -999.0 -999.0} "" -999.0 -999.0 -999.0 -999.0 -999 -999 "" "" "" "" 0 0 0.0 0.0 -999 ""
FIBERMAP 688 R-7C2 BOSS 1 1 0 1 0 0 -204.03746538225812 -121.12909894945105 143.1 -236.8500639780839 14.00480228591645 183.53848 54.680508 98.89098959891857 -4.371255047601179 -1.2979239 -3.2926538 -0.9103094 98.8909694442181 -4.371249924689648 98.87652652836533 -4.380873556492836 49.904026920154266 154.8892566480201 5400.0 5400.0 2016.0 1 488 {-999.0 15.05382 14.564462 14.22771 -999.0} sdss_psfmag_ps1 14.889388 15.062693 13.8692465 12.78 63050395111438996 1093341918 bright_3x1 mwm_astar_core_boss mwm_ob science 0 0 0.0 0.0 -999 ""
FIBERMAP 688 R-7C2 METROLOGY 0 0 0 1 0 0 -203.66111486098876 -121.77429187477674 143.1 -236.89987746060788 13.259591901423331 183.53848 54.680508 -999.0 -999.0 -999.0 -999.0 -999.0 98.89073692719987 -4.3745822036673365 98.87630271477855 -4.384249339647153 49.900954581503505 154.89145585978744 -999.0 6231.0 -999.0 -1 -999 {-999.0 -999.0 -999.0 -999.0 -999.0} "" -999.0 -999.0 -999.0 -999.0 -999 -999 "" "" "" "" 0 0 0.0 0.0 -999 ""
FIBERMAP 689 R+5C20 APOGEE 0 0 0 1 0 0 207.20889946736878 88.05135257286551 143.1 220.9431083369212 -43.176339179280234 18.143456 65.034645 -999.0 -999.0 -999.0 -999.0 -999.0 100.97306045690195 -4.625151738804193 100.95739205657446 -4.640109604314457 48.882625343515876 152.08639732655115 -999.0 16600.0 -999.0 2 45 {-999.0 -999.0 -999.0 -999.0 -999.0} "" -999.0 -999.0 -999.0 -999.0 -999 -999 "" "" "" "" 0 0 0.0 0.0 -999 ""
FIBERMAP 689 R+5C20 BOSS 1 1 0 1 0 0 207.10770640832604 87.31305899078333 143.1 220.44563478910294 -43.73108617417996 18.143456 65.034645 100.9709340265486 -4.627840853613249 -0.40037686 -0.6582349 0.12966363 100.97093526570306 -4.62785052626697 100.95518973061559 -4.642638174038219 48.88116918231281 152.09098246997297 5400.0 5400.0 2016.0 1 194 {-999.0 15.773727 15.379599 15.267787 -999.0} sdss_psfmag_ps1 15.737482 15.391955 14.875272 14.011 63050395111170231 1093342210 bright_3x1 mwm_astar_core_boss mwm_ob science 0 0 0.0 0.0 -999 ""
FIBERMAP 689 R+5C20 METROLOGY 0 0 0 1 0 0 206.51756213198743 87.77951011824332 143.1 220.2182377105747 -43.014118649398974 18.143456 65.034645 -999.0 -999.0 -999.0 -999.0 -999.0 100.96987700573979 -4.624558840460297 100.95416052177507 -4.639391605449087 48.8845569893088 152.09046609370614 -999.0 6231.0 -999.0 -1 -999 {-999.0 -999.0 -999.0 -999.0 -999.0} "" -999.0 -999.0 -999.0 -999.0 -999 -999 "" "" "" "" 0 0 0.0 0.0 -999 ""
FIBERMAP 690 R-4C17 APOGEE 1 1 0 1 0 0 106.18645893616313 -56.980756455125615 143.1 56.015925862375546 -106.68714571858382 173.56711 31.686825 100.22468470077305 -4.917457665013215 -3.632714 -0.10930049 0.8877629 100.22462675559042 -4.917450947737876 100.20840188015262 -4.930394187998801 48.90387747406953 153.30405709404297 16000.0 16600.0 2016.0 2 201 {-999.0 13.589663 12.772695 12.444233 -999.0} sdss_psfmag_from_g3xp 13.347342 12.793088 12.086279 10.646 63050395111173416 1108728873 bright_flexible_2x1 mwm_tess_rgb_apogee mwm_tessrgb science 0 0 0.0 0.0 -999 ""
FIBERMAP 690 R-4C17 BOSS 0 0 0 1 0 0 106.85406714960916 -56.6650657493622 143.1 56.745712548290975 -106.7997562179527 173.56711 31.686825 -999.0 -999.0 -999.0 -999.0 -999.0 100.22805277006134 -4.918161301754982 100.21175722034286 -4.930948144411862 48.902097244364626 153.2996709190702 -999.0 5400.0 -999.0 1 301 {-999.0 -999.0 -999.0 -999.0 -999.0} "" -999.0 -999.0 -999.0 -999.0 -999 -999 "" "" "" "" 0 0 0.0 0.0 -999 ""
FIBERMAP 690 R-4C17 METROLOGY 0 0 0 1 0 0 106.79358549974849 -57.41158185922361 143.1 56.27734859265554 -107.38412365597797 173.56711 31.686825 -999.0 -999.0 -999.0 -999.0 -999.0 100.22589553512739 -4.9207681898276405 100.20961290341961 -4.933595162502422 48.90045804270596 153.30420508924453 -999.0 6231.0 -999.0 -1 -999 {-999.0 -999.0 -999.0 -999.0 -999.0} "" -999.0 -999.0 -999.0 -999.0 -999 -999 "" "" "" "" 0 0 0.0 0.0 -999 ""
FIBERMAP 691 R+10C2 APOGEE 0 0 0 1 0 0 -142.4212576446919 178.77876930081712 143.1 -17.781574607339724 227.86114562065768 15.382325 41.21352 -999.0 -999.0 -999.0 -999.0 -999.0 99.88400674166726 -3.3997254017441785 99.87190427456017 -3.4124321788949015 50.43506678036382 152.8885495509236 -999.0 16600.0 -999.0 2 -999 {-999.0 -999.0 -999.0 -999.0 -999.0} "" -999.0 -999.0 -999.0 -999.0 -999 -999 "" "" "" "" 0 0 0.0 0.0 -999 ""
FIBERMAP 691 R+10C2 BOSS 1 1 0 1 0 0 -142.852324568666 178.14757102522287 143.1 -18.492239975427896 227.57992232121856 15.382325 41.21352 99.88082885742189 -3.4011363598336715 -999.0 -999.0 -999.0 99.88084406669107 -3.4011160542698287 99.86867400623294 -3.4136584685540123 50.435172185744115 152.8939632045852 5400.0 5400.0 2015.5 1 18 {-999.0 -999.0 -999.0 -999.0 -999.0} "" -999.0 -999.0 -999.0 -999.0 27021603131490024 810575429 "" ops_sky_boss_good ops_sky sky_boss 0 0 0.0 0.0 -999 ""
FIBERMAP 691 R+10C2 METROLOGY 0 0 0 1 0 0 -143.16637415293866 178.817023315639 143.1 -18.377237081245177 228.31031672659364 15.382325 41.21352 -999.0 -999.0 -999.0 -999.0 -999.0 99.8813431083575 -3.397803786030789 99.86920003520203 -3.410392971662389 50.43798599799121 152.89123404113462 -999.0 6231.0 -999.0 -1 -999 {-999.0 -999.0 -999.0 -999.0 -999.0} "" -999.0 -999.0 -999.0 -999.0 -999 -999 "" "" "" "" 0 0 0.0 0.0 -999 ""
FIBERMAP 692 R+8C17 APOGEE 0 0 0 1 0 0 174.5748855589268 152.42138491217955 143.1 229.9826236976332 28.418996571782788 28.341995 74.75272 -999.0 -999.0 -999.0 -999.0 -999.0 101.01251947103466 -4.300398205624842 100.99769980629179 -4.315591031395024 49.16461246053681 151.83391964001157 -999.0 16600.0 -999.0 2 81 {-999.0 -999.0 -999.0 -999.0 -999.0} "" -999.0 -999.0 -999.0 -999.0 -999 -999 "" "" "" "" 0 0 0.0 0.0 -999 ""
FIBERMAP 692 R+8C17 BOSS 1 1 0 1 0 0 174.69706114723883 151.69870415536937 143.1 229.6788891735416 27.752026224122957 28.341995 74.75272 101.01129209198939 -4.303567406854211 -1.9333009 -0.9990041 -1.8327402 101.0112765168176 -4.303581855908923 100.9963783613199 -4.318608346004398 49.16236893110916 151.83760488081884 5400.0 5400.0 2016.0 1 226 {-999.0 16.349276 15.910839 15.588358 -999.0} sdss_psfmag_ps1 16.133419 15.851852 15.127118 14.071 63050395111603610 1093341728 bright_3x1 mwm_astar_core_boss mwm_ob science 0 0 0.0 0.0 -999 ""
FIBERMAP 692 R+8C17 METROLOGY 0 0 0 1 0 0 173.9943846067308 151.9267529202264 143.1 229.22471716289164 28.334603824578203 28.341995 74.75272 -999.0 -999.0 -999.0 -999.0 -999.0 101.00919362009137 -4.300901651507118 100.99432314098976 -4.31596988351413 49.165605069236406 151.8388741840615 -999.0 6231.0 -999.0 -1 -999 {-999.0 -999.0 -999.0 -999.0 -999.0} "" -999.0 -999.0 -999.0 -999.0 -999 -999 "" "" "" "" 0 0 0.0 0.0 -999 ""
FIBERMAP 693 R+2C15 APOGEE 1 1 0 1 0 0 58.30966933159814 25.95566381703364 143.1 62.83433139126639 -11.174813875146825 356.59268 69.55543 100.25472655443033 -4.482727002861683 -6.3967357 -2.1044364 3.0229812 100.25471488071109 -4.482723195957155 100.23963528585989 -4.495924205684044 49.293717871662956 153.00728263864576 16000.0 16600.0 2016.0 2 54 {-999.0 14.175447 13.167427 12.765496 -999.0} sdss_psfmag_gaia 13.839308 13.189518 12.402169 10.789 63050395111192560 917162256 bright_3x1 mwm_yso_pms_apogee_zari18pms mwm_yso science 0 0 0.0 0.0 -999 ""
FIBERMAP 693 R+2C15 BOSS 0 0 0 1 0 0 58.01852466396442 25.275708577678135 143.1 62.21222931775569 -11.574815681996052 356.59268 69.55543 -999.0 -999.0 -999.0 -999.0 -999.0 100.25198152526929 -4.484722344667182 100.23682999447482 -4.497753334929712 49.293098633636205 153.01231775471297 -999.0 5400.0 -999.0 1 198 {-999.0 -999.0 -999.0 -999.0 -999.0} "" -999.0 -999.0 -999.0 -999.0 -999 -999 "" "" "" "" 0 0 0.0 0.0 -999 ""
FIBERMAP 693 R+2C15 METROLOGY 0 0 0 1 0 0 57.561715177857764 25.866453821149975 143.1 62.16490058805386 -10.829616944378643 356.59268 69.55543 -999.0 -999.0 -999.0 -999.0 -999.0 100.25172994644787 -4.48128087772052 100.23660673223719 -4.494358661300863 49.29631996457343 153.0106405964507 -999.0 6231.0 -999.0 -1 -999 {-999.0 -999.0 -999.0 -999.0 -999.0} "" -999.0 -999.0 -999.0 -999.0 -999 -999 "" "" "" "" 0 0 0.0 0.0 -999 ""
FIBERMAP 694 R+3C15 APOGEE 0 0 0 1 0 0 35.157710610726 62.63463428884458 143.1 64.211434459411 32.174322210918284 235.35425 31.601513 -999.0 -999.0 -999.0 -999.0 -999.0 100.26037648041151 -4.285244098028075 100.24581878197995 -4.298541424064328 49.47363546925635 152.88222636750413 -999.0 16600.0 -999.0 2 -999 {-999.0 -999.0 -999.0 -999.0 -999.0} "" -999.0 -999.0 -999.0 -999.0 -999 -999 "" "" "" "" 0 0 0.0 0.0 -999 ""
FIBERMAP 694 R+3C15 BOSS 1 1 0 1 0 0 35.21178886388908 63.41804280922238 143.1 64.69516605992725 32.79283131555062 235.35425 31.601513 100.26269602699132 -4.282547230260228 -0.13698113 0.6308718 0.12479807 100.26267659426011 -4.282565229154153 100.24805803683256 -4.295708384351281 49.47539247419884 152.87737796996558 5400.0 5400.0 2016.0 1 197 {-999.0 14.682213 14.352629 14.345142 -999.0} sdss_psfmag_ps1 14.625005 14.349407 13.896817 13.07 63050395111251830 1068387812 bright_3x1 mwm_ob_core_boss mwm_ob science 0 0 0.0 0.0 -999 ""
FIBERMAP 694 R+3C15 METROLOGY 0 0 0 1 0 0 35.819658758856434 62.9788531577325 143.1 64.95251791094003 32.088509722918666 235.35425 31.601513 -999.0 -999.0 -999.0 -999.0 -999.0 100.2638365878879 -4.285727744671258 100.24922836751523 -4.298918169311803 49.47198070323002 152.87761895963914 -999.0 6231.0 -999.0 -1 -999 {-999.0 -999.0 -999.0 -999.0 -999.0} "" -999.0 -999.0 -999.0 -999.0 -999 -999 "" "" "" "" 0 0 0.0 0.0 -999 ""
FIBERMAP 695 R-4C1 APOGEE 1 1 0 1 0 0 -249.6854107198601 -95.42992659073117 143.1 -260.25585077583435 60.86513214572807 294.1881 77.90771 98.78631591796874 -4.1593214458480645 -999.0 -999.0 -999.0 98.78630722650622 -4.159310407891527 98.77251962700063 -4.168915384316154 50.139059193020195 154.92203094104735 16000.0 16600.0 2015.5 2 248 {-999.0 -999.0 -999.0 -999.0 -999.0} "" -999.0 -999.0 -999.0 -999.0 27021603131462286 832682225 "" ops_sky_apogee_best ops_sky sky_apogee 0 0 0.0 0.0 -999 ""
FIBERMAP 695 R-4C1 BOSS 0 0 0 1 0 0 -250.4054004394176 -95.60317590688233 143.1 -260.94920910619635 61.12506025139347 294.1881 77.90771 -999.0 -999.0 -999.0 -999.0 -999.0 98.78326909392997 -4.158307553969702 98.76942399002513 -4.167745997448736 50.14125460832344 154.9258782044526 -999.0 5400.0 -999.0 1 497 {-999.0 -999.0 -999.0 -999.0 -999.0} "" -999.0 -999.0 -999.0 -999.0 -999 -999 "" "" "" "" 0 0 0.0 0.0 -999 ""
FIBERMAP 695 R-4C1 METROLOGY 0 0 0 1 0 0 -250.1956312662682 -94.88126400751717 143.1 -260.3709928437381 61.60540482292813 294.1881 77.90771 -999.0 -999.0 -999.0 -999.0 -999.0 98.78584243939613 -4.156080001288933 98.77201978299462 -4.165571041702106 50.14236084891266 154.92089265190555 -999.0 6231.0 -999.0 -1 -999 {-999.0 -999.0 -999.0 -999.0 -999.0} "" -999.0 -999.0 -999.0 -999.0 -999 -999 "" "" "" "" 0 0 0.0 0.0 -999 ""
FIBERMAP 698 R+7C18 APOGEE 1 1 0 1 0 0 183.9694637824144 122.84457202664296 143.1 221.19117568303454 -1.339945233055878 18.58744 47.014492 100.97358224741718 -4.43546750388911 0.39594498 -0.14805561 0.31623772 100.9736107593753 -4.435447925798554 100.958444918076 -4.450486346074426 49.05636083489766 151.97064419338233 16000.0 16600.0 2016.0 2 40 {-999.0 14.390562 13.303033 12.85665 -999.0} sdss_psfmag_gaia 14.017533 13.311076 12.492753 10.763 63050395111588254 1105635964 bright_flexible_2x1 mwm_tess_rgb_apogee mwm_tessrgb science 0 0 0.0 0.0 -999 ""
FIBERMAP 698 R+7C18 BOSS 0 0 0 1 0 0 183.66936342629234 122.16177907406814 143.1 220.56006664564734 -1.7372793165696943 18.58744 47.014492 -999.0 -999.0 -999.0 -999.0 -999.0 100.97088887286037 -4.437423828653537 100.95564819772966 -4.452291938704031 49.055808127211805 151.97564258667995 -999.0 5400.0 -999.0 1 196 {-999.0 -999.0 -999.0 -999.0 -999.0} "" -999.0 -999.0 -999.0 -999.0 -999 -999 "" "" "" "" 0 0 0.0 0.0 -999 ""
FIBERMAP 698 R+7C18 METROLOGY 0 0 0 1 0 0 183.2286301376005 122.75824758629099 143.1 220.52925877687147 -0.9963481500704771 18.58744 47.014492 -999.0 -999.0 -999.0 -999.0 -999.0 100.97070831265525 -4.434017817230575 100.95549666698832 -4.448932988050452 49.05895193106267 151.9738229365628 -999.0 6231.0 -999.0 -1 -999 {-999.0 -999.0 -999.0 -999.0 -999.0} "" -999.0 -999.0 -999.0 -999.0 -999 -999 "" "" "" "" 0 0 0.0 0.0 -999 ""
FIBERMAP 704 R+5C16 APOGEE 1 1 0 1 0 0 116.68476398181325 84.46171857557847 143.1 143.96086735825486 4.571544006127509 18.26617 49.656857 100.62406793185409 -4.409864497747943 1.061975 -1.1353 0.30379263 100.62410406001314 -4.40985317851821 100.60910889544385 -4.424019207450701 49.217663754420094 152.44419049070197 16000.0 16600.0 2016.0 2 79 {-999.0 14.924228 13.585557 12.995318 -999.0} sdss_psfmag_from_g3xp 14.395676 13.51564 12.5936365 10.488 63050395111193838 1109542461 bright_flexible_2x1 mwm_tess_rgb_apogee mwm_tessrgb science 0 0 0.0 0.0 -999 ""
FIBERMAP 704 R+5C16 BOSS 0 0 0 1 0 0 116.41915104367645 83.77123864252279 143.1 143.35401334856292 4.1485203222806 18.26617 49.656857 -999.0 -999.0 -999.0 -999.0 -999.0 100.6214805575599 -4.411946503056121 100.60641171001987 -4.425942866921096 49.21694165314859 152.4491301363009 -999.0 5400.0 -999.0 1 214 {-999.0 -999.0 -999.0 -999.0 -999.0} "" -999.0 -999.0 -999.0 -999.0 -999 -999 "" "" "" "" 0 0 0.0 0.0 -999 ""
FIBERMAP 704 R+5C16 METROLOGY 0 0 0 1 0 0 115.95010075189255 84.34275905235216 143.1 143.28577523997197 4.884655828363741 18.26617 49.656857 -999.0 -999.0 -999.0 -999.0 -999.0 100.62112776837883 -4.408553488135067 100.6060875480336 -4.422596340034923 49.2201491103559 152.44758701874244 -999.0 6231.0 -999.0 -1 -999 {-999.0 -999.0 -999.0 -999.0 -999.0} "" -999.0 -999.0 -999.0 -999.0 -999 -999 "" "" "" "" 0 0 0.0 0.0 -999 ""
FIBERMAP 706 R+6C21 APOGEE 0 0 0 1 0 0 220.4879681580202 137.7217802205958 143.1 259.7710638445784 -9.480184617383939 169.78877 27.344212 -999.0 -999.0 -999.0 -999.0 -999.0 101.14685913209584 -4.471585424515546 101.13154663017201 -4.4870459885120875 48.954171084394744 151.75144530850963 -999.0 16600.0 -999.0 2 67 {-999.0 -999.0 -999.0 -999.0 -999.0} "" -999.0 -999.0 -999.0 -999.0 -999 -999 "" "" "" "" 0 0 0.0 0.0 -999 ""
FIBERMAP 706 R+6C21 BOSS 1 1 0 1 0 0 221.19468011256245 137.95121835741404 143.1 260.48490835333706 -9.686138292946758 169.78877 27.344212 101.15013526703564 -4.472650269661353 -0.4419187 0.9191212 0.23237814 101.15013859723173 -4.472665855006476 101.13475107716425 -4.487971260427258 48.9520473412215 151.7475475253686 5400.0 5400.0 2016.0 1 249 {-999.0 14.367897 13.885898 13.677804 -999.0} sdss_psfmag_from_g3xp 14.265264 13.882086 13.32166 12.302 63050395111587261 1093286541 bright_3x1 mwm_astar_core_boss mwm_ob science 0 0 0.0 0.0 -999 ""
FIBERMAP 706 R+6C21 METROLOGY 0 0 0 1 0 0 221.04607239049093 137.22390552925003 143.1 259.9543190988914 -10.205224675515057 169.78877 27.344212 -999.0 -999.0 -999.0 -999.0 -999.0 101.14775076077895 -4.474979982432779 101.13237799386417 -4.490324578162826 48.95083420523466 151.75228121383975 -999.0 6231.0 -999.0 -1 -999 {-999.0 -999.0 -999.0 -999.0 -999.0} "" -999.0 -999.0 -999.0 -999.0 -999 -999 "" "" "" "" 0 0 0.0 0.0 -999 ""
FIBERMAP 709 R+2C18 APOGEE 0 0 0 1 0 0 109.7293915114704 52.568299510827956 143.1 120.33059616750148 -17.945086769596212 105.73768 109.479294 -999.0 -999.0 -999.0 -999.0 -999.0 100.51697587798314 -4.512671642792135 100.50173968064405 -4.526523953715774 49.164842950452375 152.65607533320323 -999.0 16600.0 -999.0 2 -999 {-999.0 -999.0 -999.0 -999.0 -999.0} "" -999.0 -999.0 -999.0 -999.0 -999 -999 "" "" "" "" 0 0 0.0 0.0 -999 ""
FIBERMAP 709 R+2C18 BOSS 1 1 0 1 0 0 110.31030430531922 53.009392430792474 143.1 121.05884578298263 -17.90526517241097 105.73768 109.479294 100.52000154537258 -4.512654982743463 0.43357307 -0.96478033 0.61952287 100.52041338374947 -4.5126485398753955 100.50510764778295 -4.526346897567317 49.163705215471 152.6512369636793 5400.0 5400.0 2016.0 1 200 {-999.0 12.0538225 11.749488 11.661752 -999.0} sdss_psfmag_gaia 11.88981 11.760867 11.204667 10.497 63050395111187510 1093494863 bright_3x1 mwm_astar_core_boss mwm_ob science 0 0 1.4678916931152344 0.0 -999 ""
FIBERMAP 709 R+2C18 METROLOGY 0 0 0 1 0 0 110.41442451530834 52.2726785302387 143.1 120.73229523273729 -18.573741146989345 105.73768 109.479294 -999.0 -999.0 -999.0 -999.0 -999.0 100.51890622908451 -4.515648706643944 100.50361242064713 -4.529388086411918 49.16147919925216 152.65514043673932 -999.0 6231.0 -999.0 -1 -999 {-999.0 -999.0 -999.0 -999.0 -999.0} "" -999.0 -999.0 -999.0 -999.0 -999 -999 "" "" "" "" 0 0 0.0 0.0 -999 ""
FIBERMAP 710 R+8C6 APOGEE 0 0 0 1 0 0 -103.06847593010131 159.60613409757605 143.1 4.067461843417891 189.93319995869066 168.61154 111.352455 -999.0 -999.0 -999.0 -999.0 -999.0 99.98371092173213 -3.5699789476751715 99.97112864054452 -3.5828692718980473 50.23966003949956 152.84787945891497 -999.0 16600.0 -999.0 2 -999 {-999.0 -999.0 -999.0 -999.0 -999.0} "" -999.0 -999.0 -999.0 -999.0 -999 -999 "" "" "" "" 0 0 0.0 0.0 -999 ""
FIBERMAP 710 R+8C6 BOSS 1 1 0 1 0 0 -103.19774536972074 160.34833708079262 143.1 4.376259653036742 190.62031306462785 168.61154 111.352455 99.98519897460938 -3.566970277803293 -999.0 -999.0 -999.0 99.98517399370722 -3.566982223426982 99.97253375793588 -3.579720691647742 50.242027314983986 152.84396234346988 5400.0 5400.0 2015.5 1 77 {-999.0 -999.0 -999.0 -999.0 -999.0} "" -999.0 -999.0 -999.0 -999.0 27021603131476316 810574179 "" ops_sky_boss_good ops_sky sky_boss 0 0 0.0 0.0 -999 ""
FIBERMAP 710 R+8C6 METROLOGY 0 0 0 1 0 0 -102.49568006911919 160.0842207865285 143.1 4.809716765663726 190.0082072625263 168.61154 111.352455 -999.0 -999.0 -999.0 -999.0 -999.0 99.98713513178932 -3.569702523239977 99.97450565703036 -3.5824892755380118 50.238714810661534 152.84278646320664 -999.0 6231.0 -999.0 -1 -999 {-999.0 -999.0 -999.0 -999.0 -999.0} "" -999.0 -999.0 -999.0 -999.0 -999 -999 "" "" "" "" 0 0 0.0 0.0 -999 ""
FIBERMAP 714 R-3C22 APOGEE 0 0 0 1 0 0 217.67712695607 -40.56686336475954 143.1 157.54783535785907 -155.56170817643118 112.60772 71.95124 -999.0 -999.0 -999.0 -999.0 -999.0 100.68669154237105 -5.135950600693153 100.66975090060544 -5.1499706798867955 48.52516447409285 152.7878838152564 -999.0 16600.0 -999.0 2 209 {-999.0 -999.0 -999.0 -999.0 -999.0} "" -999.0 -999.0 -999.0 -999.0 -999 -999 "" "" "" "" 0 0 0.0 0.0 -999 ""
FIBERMAP 714 R-3C22 BOSS 1 1 0 1 0 0 218.4063793210683 -40.48436500596122 143.1 158.1980170341338 -155.90198496873205 112.60772 71.95124 100.68974886578756 -5.137662507963888 -0.24187076 0.6000322 0.1153247 100.68973302914026 -5.137654553759547 100.67271700561724 -5.151515128087705 48.52259919042195 152.78466969872323 5400.0 5400.0 2016.0 1 309 {-999.0 18.61186 18.002817 17.716486 17.499582} sdss_psfmag_from_ps1dr2 18.5158 18.004 17.3951 16.141 63050395111149925 1039245759 "" ops_std_boss_ps1dr2 ops_std standard_boss 0 0 0.0 0.0 -999 ""
FIBERMAP 714 R-3C22 METROLOGY 0 0 0 1 0 0 218.10519192773364 -41.175506247117355 143.1 157.5613301706743 -156.3056239330417 112.60772 71.95124 -999.0 -999.0 -999.0 -999.0 -999.0 100.68682081418913 -5.139448133534579 100.6698207068955 -5.153347762974376 48.52202237768288 152.7897555306804 -999.0 6231.0 -999.0 -1 -999 {-999.0 -999.0 -999.0 -999.0 -999.0} "" -999.0 -999.0 -999.0 -999.0 -999 -999 "" "" "" "" 0 0 0.0 0.0 -999 ""
FIBERMAP 715 R-6C17 APOGEE 0 0 0 1 0 0 118.1949717215825 -115.14692224210602 143.1 33.37065986461471 -161.58802506712956 197.3413 92.27202 -999.0 -999.0 -999.0 -999.0 -999.0 100.12172856090591 -5.166701815504896 100.10487102799647 -5.179279675547786 48.712307279661864 153.5916766289801 -999.0 16600.0 -999.0 2 205 {-999.0 -999.0 -999.0 -999.0 -999.0} "" -999.0 -999.0 -999.0 -999.0 -999 -999 "" "" "" "" 0 0 0.0 0.0 -999 ""
FIBERMAP 715 R-6C17 BOSS 1 1 0 1 0 0 117.97289324264497 -114.43817600865297 143.1 33.58384852618693 -160.87661941830603 197.3413 92.27202 100.12278139832664 -5.163696925082696 -2.9740827 -1.7504158 1.1567861 100.12277531875259 -5.163702809735212 100.10585786216421 -5.176118454746926 48.71486801647198 153.58849690025062 5400.0 5400.0 2016.0 1 299 {-999.0 16.167862 15.479107 15.149799 -999.0} sdss_psfmag_ps1 15.911088 15.423898 14.744927 13.393 63050395111123624 1096336728 bright_1x1 mwm_bin_vis_boss mwm_filler science 0 0 0.0 0.0 -999 ""
FIBERMAP 715 R-6C17 METROLOGY 0 0 0 1 0 0 118.70545382647367 -114.57286021179118 143.1 34.115082397939005 -161.3986177105624 197.3413 92.27202 -999.0 -999.0 -999.0 -999.0 -999.0 100.1251818743993 -5.165996386792144 100.10827675972911 -5.178464228976743 48.71178918964378 153.5864484390446 -999.0 6231.0 -999.0 -1 -999 {-999.0 -999.0 -999.0 -999.0 -999.0} "" -999.0 -999.0 -999.0 -999.0 -999 -999 "" "" "" "" 0 0 0.0 0.0 -999 ""
FIBERMAP 717 R+6C9 APOGEE 0 0 0 1 0 0 -26.618035960035 104.77185918348904 143.1 36.65906198549172 101.68486800239032 38.859337 26.070435 -999.0 -999.0 -999.0 -999.0 -999.0 100.13352884497198 -3.969257414159921 100.11984564666534 -3.9823638768971583 49.81381795397235 152.87368625974597 -999.0 16600.0 -999.0 2 -999 {-999.0 -999.0 -999.0 -999.0 -999.0} "" -999.0 -999.0 -999.0 -999.0 -999 -999 "" "" "" "" 0 0 0.0 0.0 -999 ""
FIBERMAP 717 R+6C9 BOSS 1 1 0 1 0 0 -26.924913979810402 104.08001643162869 143.1 36.01726915864283 101.28383651993033 38.859337 26.070435 100.13076782226562 -3.9711725881412008 -999.0 -999.0 -999.0 100.130691492492 -3.9711966841335653 100.11693757522409 -3.984135950134669 49.81329682406115 152.8788922052533 5400.0 5400.0 2015.5 1 130 {-999.0 -999.0 -999.0 -999.0 -999.0} "" -999.0 -999.0 -999.0 -999.0 27021603131450436 810571389 "" ops_sky_boss_good ops_sky sky_boss 0 0 0.0 0.0 -999 ""
FIBERMAP 717 R+6C9 METROLOGY 0 0 0 1 0 0 -27.35974899650631 104.69108943642794 143.1 35.999529078886816 102.03355813751342 38.859337 26.070435 -999.0 -999.0 -999.0 -999.0 -999.0 100.13057632900122 -3.9677541901631903 100.11685038678712 -3.9807397134168077 49.81646571619245 152.8769940683637 -999.0 6231.0 -999.0 -1 -999 {-999.0 -999.0 -999.0 -999.0 -999.0} "" -999.0 -999.0 -999.0 -999.0 -999 -999 "" "" "" "" 0 0 0.0 0.0 -999 ""
FIBERMAP 719 R+3C18 APOGEE 1 1 0 1 0 0 139.68841579817524 57.050500454913625 143.1 147.65367027237605 -31.019058127257683 23.147451 87.036644 100.64142072479277 -4.571642660916182 -5.608921 -1.6729057 2.7672575 100.64139516600405 -4.571644779562204 100.62596601075455 -4.5857871376363875 49.06213767378886 152.51690387531076 16000.0 16600.0 2016.0 2 87 {-999.0 12.8786 12.249733 12.028574 -999.0} sdss_psfmag_gaia 12.725422 12.291841 11.693336 10.592 63050395111185993 917162255 bright_3x1 mwm_yso_pms_apogee_zari18pms mwm_yso science 0 0 0.0 0.0 -999 ""
FIBERMAP 719 R+3C18 BOSS 0 0 0 1 0 0 139.9296675968861 56.3349422409061 143.1 147.45254395592747 -31.74684820612948 23.147451 87.036644 -999.0 -999.0 -999.0 -999.0 -999.0 100.64061642871737 -4.575132593597476 100.6251090954272 -4.5891084020643875 49.05941090895584 152.52007774102717 -999.0 5400.0 -999.0 1 218 {-999.0 -999.0 -999.0 -999.0 -999.0} "" -999.0 -999.0 -999.0 -999.0 -999 -999 "" "" "" "" 0 0 0.0 0.0 -999 ""
FIBERMAP 719 R+3C18 METROLOGY 0 0 0 1 0 0 139.19549875083428 56.486640135231255 143.1 146.9295109314085 -31.20985827496557 23.147451 87.036644 -999.0 -999.0 -999.0 -999.0 -999.0 100.63820367106064 -4.572652853202862 100.62272323029407 -4.586669836617574 49.06258287148479 152.5219723397078 -999.0 6231.0 -999.0 -1 -999 {-999.0 -999.0 -999.0 -999.0 -999.0} "" -999.0 -999.0 -999.0 -999.0 -999 -999 "" "" "" "" 0 0 0.0 0.0 -999 ""
FIBERMAP 721 R+9C9 APOGEE 1 1 0 1 0 0 -23.031850341388648 161.6727626808562 143.1 71.51073571520669 146.80014602354268 258.55725 82.73402 100.29144287109375 -3.764375114892758 -999.0 -999.0 -999.0 100.29145562983119 -3.7643875258962516 100.27826767198991 -3.7779783089637884 49.94121532271937 152.52487813620942 16000.0 16600.0 2015.5 2 9 {-999.0 -999.0 -999.0 -999.0 -999.0} "" -999.0 -999.0 -999.0 -999.0 27021603131475969 841548935 "" ops_sky_apogee_best ops_sky sky_apogee 0 0 0.0 0.0 -999 ""
FIBERMAP 721 R+9C9 BOSS 0 0 0 1 0 0 -23.73785716362296 161.9007689963272 143.1 71.05378182214145 147.38455442848758 258.55725 82.73402 -999.0 -999.0 -999.0 -999.0 -999.0 100.28945473608843 -3.7618507052534116 100.27620720341491 -3.775279314903577 49.94450132509174 152.52619101953664 -999.0 5400.0 -999.0 1 125 {-999.0 -999.0 -999.0 -999.0 -999.0} "" -999.0 -999.0 -999.0 -999.0 -999 -999 "" "" "" "" 0 0 0.0 0.0 -999 ""
FIBERMAP 721 R+9C9 METROLOGY 0 0 0 1 0 0 -23.196022956990948 162.40358923551614 143.1 71.78425292229582 147.49739360080477 258.55725 82.73402 -999.0 -999.0 -999.0 -999.0 -999.0 100.29275239197507 -3.761302224534082 100.27952427341751 -3.7747842292106117 49.94367054005141 152.5211533153739 -999.0 6231.0 -999.0 -1 -999 {-999.0 -999.0 -999.0 -999.0 -999.0} "" -999.0 -999.0 -999.0 -999.0 -999 -999 "" "" "" "" 0 0 0.0 0.0 -999 ""
FIBERMAP 723 R-2C19 APOGEE 1 1 0 1 0 0 127.16048189451834 -21.84186211045527 143.1 93.07471273117598 -89.33731802506387 152.39937 71.03154 100.39351143775176 -4.83790409966113 2.1165702 0.8606559 0.7995319 100.39354445380319 -4.837900163109968 100.37748142644148 -4.8513043253401085 48.91281503669015 153.0212323017752 16000.0 16600.0 2016.0 2 212 {-999.0 13.576051 12.863175 12.605277 -999.0} sdss_psfmag_gaia 13.3818865 12.906653 12.260954 11.051 63050395111175529 1105916350 bright_flexible_3x1 mwm_tess_rgb_apogee mwm_tessrgb science 0 0 0.0 0.0 -999 ""
FIBERMAP 723 R-2C19 BOSS 0 0 0 1 0 0 127.70551417906812 -21.339411515194396 143.1 93.80762532785201 -89.22657687386204 152.39937 71.03154 -999.0 -999.0 -999.0 -999.0 -999.0 100.39699385758053 -4.8375838321185665 100.38086225065706 -4.850832407802617 48.911961184120464 153.01622220062666 -999.0 5400.0 -999.0 1 297 {-999.0 -999.0 -999.0 -999.0 -999.0} "" -999.0 -999.0 -999.0 -999.0 -999 -999 "" "" "" "" 0 0 0.0 0.0 -999 ""
FIBERMAP 723 R-2C19 METROLOGY 0 0 0 1 0 0 127.87307763174579 -22.056762106291405 143.1 93.54446696725596 -89.9145637151911 152.39937 71.03154 -999.0 -999.0 -999.0 -999.0 -999.0 100.39577223951346 -4.8406615722629445 100.37965220442288 -4.853952357646688 48.90954064603946 153.01973453219367 -999.0 6231.0 -999.0 -1 -999 {-999.0 -999.0 -999.0 -999.0 -999.0} "" -999.0 -999.0 -999.0 -999.0 -999 -999 "" "" "" "" 0 0 0.0 0.0 -999 ""
FIBERMAP 724 R+1C21 APOGEE 0 0 0 1 0 0 146.7623304886106 14.142214667854763 143.1 129.47063848306726 -70.51868991583403 261.54083 29.795115 -999.0 -999.0 -999.0 -999.0 -999.0 100.55913711886451 -4.751579767025796 100.54325473750117 -4.765438955346253 48.92852920192844 152.73891871071498 -999.0 16600.0 -999.0 2 -999 {-999.0 -999.0 -999.0 -999.0 -999.0} "" -999.0 -999.0 -999.0 -999.0 -999 -999 "" "" "" "" 0 0 0.0 0.0 -999 ""
FIBERMAP 724 R+1C21 BOSS 1 1 0 1 0 0 146.46723901547682 14.821814122660822 143.1 129.6070277169727 -69.79051400559096 261.54083 29.795115 100.55986505703954 -4.748480467151018 -0.27516302 1.0455965 0.24366474 100.55987191246454 -4.748459019521225 100.54392859843159 -4.762157305115151 48.93129625230451 152.73604533628674 5400.0 5400.0 2016.0 1 234 {-999.0 17.253824 16.859426 16.788815 -999.0} sdss_psfmag_ps1 17.15804 16.871965 16.371933 -999.0 63050395111184522 979704652 "" ops_std_boss ops_std standard_boss 0 0 0.0 0.0 -999 ""
FIBERMAP 724 R+1C21 METROLOGY 0 0 0 1 0 0 147.21074991461208 14.738521634857744 143.1 130.1761253389933 -70.27608579109068 261.54083 29.795115 -999.0 -999.0 -999.0 -999.0 -999.0 100.56243478643043 -4.750600507510323 100.54650458177474 -4.764350861895351 48.92828089684119 152.73373230366832 -999.0 6231.0 -999.0 -1 -999 {-999.0 -999.0 -999.0 -999.0 -999.0} "" -999.0 -999.0 -999.0 -999.0 -999 -999 "" "" "" "" 0 0 0.0 0.0 -999 ""
FIBERMAP 730 R+6C13 APOGEE 0 0 0 1 0 0 48.71906629489234 126.02952487531448 143.1 110.96300835366945 77.07874086147348 44.99905 137.62227 -999.0 -999.0 -999.0 -999.0 -999.0 100.47261352384108 -4.080480876674294 100.45853546798446 -4.094400198412483 49.579743028833235 152.45913008333673 -999.0 16600.0 -999.0 2 -999 {-999.0 -999.0 -999.0 -999.0 -999.0} "" -999.0 -999.0 -999.0 -999.0 -999 -999 "" "" "" "" 0 0 0.0 0.0 -999 ""
FIBERMAP 730 R+6C13 BOSS 1 1 0 1 0 0 49.47210535201655 126.05671212139971 143.1 111.60189899524264 76.67932838238667 44.99905 137.62227 100.47564983280236 -4.082429169570069 0.31605417 0.5093182 0.14015229 100.47564416764433 -4.082419316247886 100.46149211887627 -4.096185371923304 49.57694945207927 152.45601492217008 5400.0 5400.0 2016.0 1 149 {-999.0 15.63514 15.163566 15.025786 -999.0} sdss_psfmag_ps1 15.506489 15.158266 14.6196 13.707 63050395111664000 1093341940 bright_3x1 mwm_astar_core_boss mwm_ob science 0 0 0.0 0.0 -999 ""
FIBERMAP 730 R+6C13 METROLOGY 0 0 0 1 0 0 49.12606777303323 125.40421553002774 143.1 110.94972040501136 76.33282404597236 44.99905 137.62227 -999.0 -999.0 -999.0 -999.0 -999.0 100.47265641329429 -4.083959324556394 100.45852043993364 -4.097762559578805 49.5766524608977 152.46117264944934 -999.0 6231.0 -999.0 -1 -999 {-999.0 -999.0 -999.0 -999.0 -999.0} "" -999.0 -999.0 -999.0 -999.0 -999 -999 "" "" "" "" 0 0 0.0 0.0 -999 ""
FIBERMAP 733 R+2C2 APOGEE 0 0 0 1 0 0 -260.65164099884714 39.32538207473435 143.1 -193.83439766379132 178.61219665810205 185.3661 109.40731 -999.0 -999.0 -999.0 -999.0 -999.0 99.0865558237802 -3.6260773639824784 99.07409239772039 -3.636665243270311 50.526215215676835 154.1806998246595 -999.0 16600.0 -999.0 2 -999 {-999.0 -999.0 -999.0 -999.0 -999.0} "" -999.0 -999.0 -999.0 -999.0 -999 -999 "" "" "" "" 0 0 0.0 0.0 -999 ""
FIBERMAP 733 R+2C2 BOSS 1 1 0 1 0 0 -260.96931853585335 39.9649076557221 143.1 -193.73916736349614 179.31983888023552 185.3661 109.40731 99.08706665039061 -3.6230335108305667 -999.0 -999.0 -999.0 99.08705892233888 -3.6230440122268655 99.074541548985 -3.6334780102167037 50.52901556079318 154.17820394435205 5400.0 5400.0 2015.5 1 10 {-999.0 -999.0 -999.0 -999.0 -999.0} "" -999.0 -999.0 -999.0 -999.0 27021603131464614 819436486 "" ops_sky_boss_good ops_sky sky_boss 0 0 0.0 0.0 -999 ""
FIBERMAP 733 R+2C2 METROLOGY 0 0 0 1 0 0 -260.22719145137626 39.938981750552045 143.1 -193.13907323973197 178.88255273910158 185.3661 109.40731 -999.0 -999.0 -999.0 -999.0 -999.0 99.0897293915484 -3.624941655258715 99.07722371079961 -3.6354259891838416 50.52622109357218 154.17541175899186 -999.0 6231.0 -999.0 -1 -999 {-999.0 -999.0 -999.0 -999.0 -999.0} "" -999.0 -999.0 -999.0 -999.0 -999 -999 "" "" "" "" 0 0 0.0 0.0 -999 ""
FIBERMAP 741 R+5C9 APOGEE 1 1 0 1 0 0 -47.341302269744915 78.9217749009052 143.1 5.012479237733194 91.887418244952 347.67123 54.89986 99.98924895889456 -4.014108654491645 -7.703964 -3.4597824 4.3968563 99.98925975584487 -4.014118075928529 99.97550052555181 -4.026840339162913 49.8278525473621 153.10625755364225 16000.0 16600.0 2016.0 2 101 {-999.0 18.255213 16.612694 15.244899 -999.0} sdss_psfmag_ps1 17.510105 15.991136 14.789326 12.443 63050395111272633 916287930 bright_3x1 mwm_yso_cluster_apogee mwm_yso science 0 0 0.0 0.0 -999 ""
FIBERMAP 741 R+5C9 BOSS 0 0 0 1 0 0 -47.87096959137834 78.40561391129494 143.1 4.284609763417254 91.75671330961706 347.67123 54.89986 -999.0 -999.0 -999.0 -999.0 -999.0 99.98600749017966 -4.014833854042432 99.97218145734502 -4.027388237883314 49.82860837268682 153.1113261850906 -999.0 5400.0 -999.0 1 75 {-999.0 -999.0 -999.0 -999.0 -999.0} "" -999.0 -999.0 -999.0 -999.0 -999 -999 "" "" "" "" 0 0 0.0 0.0 -999 ""
FIBERMAP 741 R+5C9 METROLOGY 0 0 0 1 0 0 -48.06727756479632 79.11830432732303 143.1 4.521351167566902 92.4569462386595 347.67123 54.89986 -999.0 -999.0 -999.0 -999.0 -999.0 99.9870602188625 -4.011610813069765 99.97326107613526 -4.024214360946675 49.83113192268953 153.10790684191664 -999.0 6231.0 -999.0 -1 -999 {-999.0 -999.0 -999.0 -999.0 -999.0} "" -999.0 -999.0 -999.0 -999.0 -999 -999 "" "" "" "" 0 0 0.0 0.0 -999 ""
FIBERMAP 742 R-5C19 APOGEE 0 0 0 1 0 0 153.1953616317586 -108.45144309954628 143.1 66.10903261457483 -175.65366964980473 255.98572 72.20922 -999.0 -999.0 -999.0 -999.0 -999.0 100.27108431342957 -5.22957109343556 100.25401589498136 -5.242500600695815 48.5977948053986 153.41944604716286 -999.0 16600.0 -999.0 2 -999 {-999.0 -999.0 -999.0 -999.0 -999.0} "" -999.0 -999.0 -999.0 -999.0 -999 -999 "" "" "" "" 0 0 0.0 0.0 -999 ""
FIBERMAP 742 R-5C19 BOSS 1 1 0 1 0 0 152.5569856113872 -108.07367475246083 143.1 65.7920015442968 -174.9831238029874 255.98572 72.20922 100.26971979762068 -5.226728709654863 0.28943354 0.5412394 0.12573583 100.26972544298452 -5.2267688308088465 100.25259659366719 -5.2395294518563 48.60107973146416 153.41972729550227 5400.0 5400.0 2016.0 1 287 {-999.0 15.5250635 15.097933 14.947147 -999.0} sdss_psfmag_ps1 15.323917 15.049504 14.60904 13.849 63050395111122048 1093341982 bright_3x1 mwm_astar_core_boss mwm_ob science 0 0 0.0 0.0 -999 ""
FIBERMAP 742 R-5C19 METROLOGY 0 0 0 1 0 0 153.2104392871056 -107.70549762913907 143.1 66.53947381576702 -175.04433489981662 255.98572 72.20922 -999.0 -999.0 -999.0 -999.0 -999.0 100.27310824195042 -5.226969993613482 100.25599721098871 -5.239786310315812 48.59956231940271 153.41513293184207 -999.0 6231.0 -999.0 -1 -999 {-999.0 -999.0 -999.0 -999.0 -999.0} "" -999.0 -999.0 -999.0 -999.0 -999 -999 "" "" "" "" 0 0 0.0 0.0 -999 ""
FIBERMAP 743 R-1C3 APOGEE 1 1 0 1 0 0 -217.60240199947253 -18.633350316918985 143.1 -190.65589444863772 106.4909577538268 37.00456 77.51449 99.09942626953124 -3.951308477385595 -999.0 -999.0 -999.0 99.09943350361755 -3.9512717306972496 99.08610473997174 -3.961759405294219 50.21928147976574 154.34972721749705 16000.0 16600.0 2015.5 2 281 {-999.0 -999.0 -999.0 -999.0 -999.0} "" -999.0 -999.0 -999.0 -999.0 27021603131463557 841547889 "" ops_sky_apogee_best ops_sky sky_apogee 0 0 0.0 0.0 -999 ""
FIBERMAP 743 R-1C3 BOSS 0 0 0 1 0 0 -217.28221499906675 -19.30790991645925 143.1 -190.7686760419463 105.75289473738192 37.00456 77.51449 -999.0 -999.0 -999.0 -999.0 -999.0 99.09894109527063 -3.9547521881525163 99.08554107926932 -3.9650788949679994 50.216395979850994 154.35243819591284 -999.0 5400.0 -999.0 1 433 {-999.0 -999.0 -999.0 -999.0 -999.0} "" -999.0 -999.0 -999.0 -999.0 -999 -999 "" "" "" "" 0 0 0.0 0.0 -999 ""
FIBERMAP 743 R-1C3 METROLOGY 0 0 0 1 0 0 -218.02572346498047 -19.254048741817527 143.1 -191.35426204620325 106.21409051140124 37.00456 77.51449 -999.0 -999.0 -999.0 -999.0 -999.0 99.09629531157717 -3.9526398681827057 99.08291930875032 -3.9630055757551483 50.2192805839399 154.35506193271058 -999.0 6231.0 -999.0 -1 -999 {-999.0 -999.0 -999.0 -999.0 -999.0} "" -999.0 -999.0 -999.0 -999.0 -999 -999 "" "" "" "" 0 0 0.0 0.0 -999 ""
FIBERMAP 748 R-1C24 APOGEE 1 1 0 1 0 0 244.3556240841666 -25.670947831633725 143.1 187.98883343255636 -158.1730874025122 308.78488 132.78105 100.82427978515625 -5.146425329955093 -999.0 -999.0 -999.0 100.82428966972648 -5.146417287694875 100.80728109758002 -5.160780521810733 48.4621493518058 152.60364217101625 16000.0 16600.0 2015.5 2 210 {-999.0 -999.0 -999.0 -999.0 -999.0} "" -999.0 -999.0 -999.0 -999.0 27021603131399667 848081280 "" ops_sky_apogee_best ops_sky sky_apogee 0 0 0.0 0.0 -999 ""
FIBERMAP 748 R-1C24 BOSS 0 0 0 1 0 0 244.2548253100852 -26.40993695632119 143.1 187.4912967133547 -158.7286313554629 308.78488 132.78105 -999.0 -999.0 -999.0 -999.0 -999.0 100.82212826397071 -5.149125680457406 100.80504258334884 -5.163315655804642 48.46067939835709 152.60822527096047 -999.0 5400.0 -999.0 1 311 {-999.0 -999.0 -999.0 -999.0 -999.0} "" -999.0 -999.0 -999.0 -999.0 -999 -999 "" "" "" "" 0 0 0.0 0.0 -999 ""
FIBERMAP 748 R-1C24 METROLOGY 0 0 0 1 0 0 243.66432283133403 -25.96038039842501 143.1 187.254136929975 -158.0254550022242 308.78488 132.78105 -999.0 -999.0 -999.0 -999.0 -999.0 100.82104181226104 -5.145917903490932 100.80398497019206 -5.160153733048581 48.4640021801269 152.60783676757515 -999.0 6231.0 -999.0 -1 -999 {-999.0 -999.0 -999.0 -999.0 -999.0} "" -999.0 -999.0 -999.0 -999.0 -999 -999 "" "" "" "" 0 0 0.0 0.0 -999 ""
FIBERMAP 751 R-10C16 APOGEE 0 0 0 1 0 0 175.60170380719202 -189.05839628782644 143.1 39.501521753902225 -254.96564583849857 62.770004 59.321484 -999.0 -999.0 -999.0 -999.0 -999.0 100.15019635604294 -5.586289375386723 100.13221307604027 -5.598761736650673 48.3131350846475 153.79061592228973 -999.0 16600.0 -999.0 2 -999 {-999.0 -999.0 -999.0 -999.0 -999.0} "" -999.0 -999.0 -999.0 -999.0 -999 -999 "" "" "" "" 0 0 0.0 0.0 -999 ""
FIBERMAP 751 R-10C16 BOSS 1 1 0 1 0 0 176.00968324558045 -189.68971837013774 143.1 39.48567479655655 -255.717090280361 62.770004 59.321484 100.15020289810057 -5.58989134979808 -2.1981044 20.59385 3.2605672 100.15019744679772 -5.589824837775819 100.13213657360171 -5.60212701248915 48.310041283772236 153.79261023543475 5400.0 5400.0 2016.0 1 268 {-999.0 20.171282 18.771227 17.402536 -999.0} sdss_psfmag_ps1 19.505608 18.10341 16.905083 14.567 63050395111112295 1095477497 bright_1x1 mwm_bin_vis_boss mwm_filler science 0 0 0.0 0.0 -999 ""
FIBERMAP 751 R-10C16 METROLOGY 0 0 0 1 0 0 175.26365721205693 -189.72351769030075 143.1 38.84888750161857 -255.32708324383054 62.770004 59.321484 -999.0 -999.0 -999.0 -999.0 -999.0 100.14728136987101 -5.5880476000157735 100.12924541055827 -5.600390960426026 48.31272554819154 153.79565020516347 -999.0 6231.0 -999.0 -1 -999 {-999.0 -999.0 -999.0 -999.0 -999.0} "" -999.0 -999.0 -999.0 -999.0 -999 -999 "" "" "" "" 0 0 0.0 0.0 -999 ""
FIBERMAP 753 R-2C22 APOGEE 0 0 0 1 0 0 215.07529356827646 -54.384718224239165 143.1 147.6508698500472 -165.5476738774774 6.47001 48.188385 -999.0 -999.0 -999.0 -999.0 -999.0 100.6417830382852 -5.181383307847212 100.62473470056676 -5.19527072520016 48.50064970792902 152.87669212152105 -999.0 16600.0 -999.0 2 -999 {-999.0 -999.0 -999.0 -999.0 -999.0} "" -999.0 -999.0 -999.0 -999.0 -999 -999 "" "" "" "" 0 0 0.0 0.0 -999 ""
FIBERMAP 753 R-2C22 BOSS 1 1 0 1 0 0 214.64422462738543 -55.00361879240559 143.1 146.947093230682 -165.81871123823123 6.47001 48.188385 100.63872041377121 -5.182813469084268 -1.0347488 -2.3922155 0.59301573 100.63868878043051 -5.182829828383097 100.62156770016622 -5.196542121995594 48.50069027529308 152.88182387580844 5400.0 5400.0 2016.0 1 285 {-999.0 15.994022 15.230536 14.745434 -999.0} sdss_psfmag_ps1 15.709624 15.098378 14.34285 12.824 63050395111147726 917035087 bright_3x1 mwm_yso_variable_boss mwm_yso science 0 0 0.0 0.0 -999 ""
FIBERMAP 753 R-2C22 METROLOGY 0 0 0 1 0 0 214.33104650161047 -54.33219885380465 143.1 147.0639203314324 -165.08717553022225 6.47001 48.188385 -999.0 -999.0 -999.0 -999.0 -999.0 100.63919802298777 -5.179473312402237 100.622105500391 -5.1932355634664304 48.503535951067704 152.87915706624426 -999.0 6231.0 -999.0 -1 -999 {-999.0 -999.0 -999.0 -999.0 -999.0} "" -999.0 -999.0 -999.0 -999.0 -999 -999 "" "" "" "" 0 0 0.0 0.0 -999 ""
FIBERMAP 756 R-13C9 APOGEE 1 1 0 1 0 0 28.708001378873842 -259.8546007683853 143.1 -121.82121065332777 -231.2934790311367 193.91037 151.4602 99.41651371699037 -5.480617365210618 0.6648795 3.0191264 0.89876693 99.41648671855789 -5.480586707177713 99.39899909890443 -5.491243364762684 48.6808010464273 154.75568624163589 16000.0 16600.0 2016.0 2 207 {-999.0 12.444951 11.908996 11.693548 -999.0} sdss_psfmag_from_g3xp 12.318082 11.926015 11.352566 10.372 63050395111125975 1104989254 bright_1x1 mwm_tess_rgb_apogee mwm_tessrgb science 0 0 0.0 0.0 -999 ""
FIBERMAP 756 R-13C9 BOSS 0 0 0 1 0 0 27.984625874404212 -259.6948765519028 143.1 -122.33080760915249 -230.75588932087325 193.91037 151.4602 -999.0 -999.0 -999.0 -999.0 -999.0 99.41421786462355 -5.478350107632833 99.39667192951606 -5.48883455048539 48.683882650798 154.75764487351856 -999.0 5400.0 -999.0 1 334 {-999.0 -999.0 -999.0 -999.0 -999.0} "" -999.0 -999.0 -999.0 -999.0 -999 -999 "" "" "" "" 0 0 0.0 0.0 -999 ""
FIBERMAP 756 R-13C9 METROLOGY 0 0 0 1 0 0 28.48629125068207 -259.1437859225059 143.1 -121.606557882405 -230.5805665705167 193.91037 151.4602 -999.0 -999.0 -999.0 -999.0 -999.0 99.41747632804527 -5.477530066797728 99.3999500226048 -5.488070572582465 48.6834197155077 154.7526174609907 -999.0 6231.0 -999.0 -1 -999 {-999.0 -999.0 -999.0 -999.0 -999.0} "" -999.0 -999.0 -999.0 -999.0 -999 -999 "" "" "" "" 0 0 0.0 0.0 -999 ""
FIBERMAP 758 R+4C17 APOGEE 1 1 0 1 0 0 119.26117120883926 65.12501343009244 143.1 135.26023850004222 -12.886438938788391 310.67905 107.03943 100.58485410410354 -4.489387678692292 0.7767247 -1.4063864 0.42216182 100.5848294141076 -4.48940428832437 100.56963494842262 -4.50343790177237 49.15984656951286 152.54698112946204 16000.0 16600.0 2016.0 2 83 {-999.0 14.1979475 13.16856 12.718329 -999.0} sdss_psfmag_from_g3xp 13.847864 13.152927 12.3441105 10.596 63050395111189593 1108014385 bright_flexible_2x1 mwm_tess_rgb_apogee mwm_tessrgb science 0 0 0.0 0.0 -999 ""
FIBERMAP 758 R+4C17 BOSS 0 0 0 1 0 0 118.86582613808243 64.49769517428157 143.1 134.58133150665634 -13.184463847985946 310.67905 107.03943 -999.0 -999.0 -999.0 -999.0 -999.0 100.58187218977162 -4.490939268658132 100.56660570081198 -4.50480217954288 49.15976387949432 152.55204683829288 -999.0 5400.0 -999.0 1 210 {-999.0 -999.0 -999.0 -999.0 -999.0} "" -999.0 -999.0 -999.0 -999.0 -999 -999 "" "" "" "" 0 0 0.0 0.0 -999 ""
FIBERMAP 758 R+4C17 METROLOGY 0 0 0 1 0 0 118.51100914432364 65.14539961365674 143.1 134.65038599341307 -12.449238718082158 310.67905 107.03943 -999.0 -999.0 -999.0 -999.0 -999.0 100.58214538686002 -4.487546080588103 100.56690731903734 -4.501457184282271 49.16272876637973 152.5496343422076 -999.0 6231.0 -999.0 -1 -999 {-999.0 -999.0 -999.0 -999.0 -999.0} "" -999.0 -999.0 -999.0 -999.0 -999 -999 "" "" "" "" 0 0 0.0 0.0 -999 ""
FIBERMAP 760 R+10C10 APOGEE 0 0 0 1 0 0 28.768226109669893 188.50622443613156 143.1 129.44573426351178 139.9996456115404 268.47897 158.11375 -999.0 -999.0 -999.0 -999.0 -999.0 100.55488355993208 -3.7950980823500133 100.54153613884625 -3.809343126708857 49.80960334532471 152.1687653359988 -999.0 16600.0 -999.0 2 -999 {-999.0 -999.0 -999.0 -999.0 -999.0} "" -999.0 -999.0 -999.0 -999.0 -999 -999 "" "" "" "" 0 0 0.0 0.0 -999 ""
FIBERMAP 760 R+10C10 BOSS 1 1 0 1 0 0 28.46754413304463 187.80481971143462 143.1 128.80371533868686 139.58722337205003 268.47897 158.11375 100.55205700079725 -3.797029091677943 8.48595 -18.184244 5.330394 100.55208916430448 -3.7970818489235585 100.53866932913485 -3.8111604405979156 49.80905793937554 152.17394834326618 5400.0 5400.0 2016.0 1 122 {-999.0 19.38465 17.885098 16.502125 -999.0} sdss_psfmag_ps1 18.818468 17.191092 15.9591 13.586 63050395111671622 1077920695 bright_flexible_2x1 mwm_snc_ext_main_boss mwm_snc science 0 0 0.0 0.0 -999 ""
FIBERMAP 760 R+10C10 METROLOGY 0 0 0 1 0 0 28.02771053428944 188.41512743765884 143.1 128.7814067088971 140.3391119064896 268.47897 158.11375 -999.0 -999.0 -999.0 -999.0 -999.0 100.5519374126368 -3.7936436152471864 100.53854598648672 -3.807768186157995 49.812225089187436 152.17205570237883 -999.0 6231.0 -999.0 -1 -999 {-999.0 -999.0 -999.0 -999.0 -999.0} "" -999.0 -999.0 -999.0 -999.0 -999 -999 "" "" "" "" 0 0 0.0 0.0 -999 ""
FIBERMAP 761 R+4C9 APOGEE 0 0 0 1 0 0 -88.47839562548974 75.89750652280227 143.1 -30.751251650806488 112.43191574677148 246.09552 39.323837 -999.0 -999.0 -999.0 -999.0 -999.0 99.82585749289217 -3.921210353562695 99.81239275313374 -3.933556336704754 49.97598418531339 153.28486881679657 -999.0 16600.0 -999.0 2 118 {-999.0 -999.0 -999.0 -999.0 -999.0} "" -999.0 -999.0 -999.0 -999.0 -999 -999 "" "" "" "" 0 0 0.0 0.0 -999 ""
FIBERMAP 761 R+4C9 BOSS 1 1 0 1 0 0 -88.68482729715589 76.61609181201167 143.1 -30.51959166387082 113.14270305594694 246.09552 39.323837 99.82697103094202 -3.918047078973007 -0.6538562 -1.1807827 -0.0727452 99.82695968997847 -3.9180869196070733 99.81343777141404 -3.930278327824145 49.978622664660676 153.28143700763025 5400.0 5400.0 2016.0 1 64 {-999.0 19.140327 18.00576 17.41504 16.946932} sdss_psfmag_from_ps1dr2 18.7696 17.9544 17.0727 15.292 63050395111274119 1039247812 "" ops_std_boss_ps1dr2 ops_std standard_boss 0 0 0.0 0.0 -999 ""
FIBERMAP 761 R+4C9 METROLOGY 0 0 0 1 0 0 -87.95329523204066 76.47499899162096 143.1 -29.992800353900243 112.61597350662655 246.09552 39.323837 -999.0 -999.0 -999.0 -999.0 -999.0 99.8293509036989 -3.9204361943373685 99.81584050116652 -3.9326776554188205 49.975493882005466 153.27940154684055 -999.0 6231.0 -999.0 -1 -999 {-999.0 -999.0 -999.0 -999.0 -999.0} "" -999.0 -999.0 -999.0 -999.0 -999 -999 "" "" "" "" 0 0 0.0 0.0 -999 ""
FIBERMAP 762 R+2C22 APOGEE 0 0 0 1 0 0 185.88792050527587 39.31562773279905 143.1 175.97865760971277 -71.59249323841682 196.23978 98.19532 -999.0 -999.0 -999.0 -999.0 -999.0 100.77023049042172 -4.7552618621492675 100.75427646898822 -4.769653059613961 48.842966237467564 152.44671209014217 -999.0 16600.0 -999.0 2 -999 {-999.0 -999.0 -999.0 -999.0 -999.0} "" -999.0 -999.0 -999.0 -999.0 -999 -999 "" "" "" "" 0 0 0.0 0.0 -999 ""
FIBERMAP 762 R+2C22 BOSS 1 1 0 1 0 0 185.57600825200316 39.97461100336711 143.1 176.0895648114629 -70.87196669422681 196.23978 98.19532 100.77087309469823 -4.752163463871411 -0.39448407 0.5949733 0.0956788 100.77084830482484 -4.752173681001203 100.75483240394243 -4.766403458926599 48.845741801363886 152.4440096345261 5400.0 5400.0 2016.0 1 224 {-999.0 16.338331 16.160774 15.914954 -999.0} sdss_psfmag_ps1 16.331753 15.962597 15.4279585 14.581 63050395111167111 1093342209 bright_3x1 mwm_astar_core_boss mwm_ob science 0 0 0.0 0.0 -999 ""
FIBERMAP 762 R+2C22 METROLOGY 0 0 0 1 0 0 186.321544074208 39.92277893388357 143.1 176.67796675689885 -71.3326179185253 196.23978 98.19532 -999.0 -999.0 -999.0 -999.0 -999.0 100.77348523439858 -4.754196623421206 100.75748299061382 -4.768478759300876 48.84280002750012 152.4415454454618 -999.0 6231.0 -999.0 -1 -999 {-999.0 -999.0 -999.0 -999.0 -999.0} "" -999.0 -999.0 -999.0 -999.0 -999 -999 "" "" "" "" 0 0 0.0 0.0 -999 ""
FIBERMAP 765 R+2C19 APOGEE 1 1 0 1 0 0 151.19680431459864 29.541221559930108 143.1 141.77129528506927 -60.25006420254279 14.915532 65.58732 100.61492851622539 -4.7046497345114915 1.4424669 -2.3482904 0.4324709 100.61497446105248 -4.704636744237228 100.59920028334727 -4.71865675512465 48.95007590407943 152.63308377160567 16000.0 16600.0 2016.0 2 72 {-999.0 14.596385 13.452797 12.973126 -999.0} sdss_psfmag_gaia 14.110664 13.448385 12.52307 10.626 63050395111184692 1106644229 bright_flexible_2x1 mwm_tess_rgb_apogee mwm_tessrgb science 0 0 0.0 0.0 -999 ""
FIBERMAP 765 R+2C19 BOSS 0 0 0 1 0 0 151.0776772066842 28.804793384512784 143.1 141.2600141700659 -60.79321782333379 14.915532 65.58732 -999.0 -999.0 -999.0 -999.0 -999.0 100.61277844117778 -4.707302832429588 100.59692865385153 -4.721152303751472 48.948653689137046 152.63773499030793 -999.0 5400.0 -999.0 1 221 {-999.0 -999.0 -999.0 -999.0 -999.0} "" -999.0 -999.0 -999.0 -999.0 -999 -999 "" "" "" "" 0 0 0.0 0.0 -999 ""
FIBERMAP 765 R+2C19 METROLOGY 0 0 0 1 0 0 150.49550873887011 29.277056240105377 143.1 141.04247887484792 -60.07590595183182 14.915532 65.58732 -999.0 -999.0 -999.0 -999.0 -999.0 100.61175399444294 -4.703997640241616 100.59593288811521 -4.717892358259015 48.95204337145173 152.6372028266648 -999.0 6231.0 -999.0 -1 -999 {-999.0 -999.0 -999.0 -999.0 -999.0} "" -999.0 -999.0 -999.0 -999.0 -999 -999 "" "" "" "" 0 0 0.0 0.0 -999 ""
FIBERMAP 766 R+7C3 APOGEE 1 1 0 1 0 0 -180.74491093878174 144.5951704404082 143.1 -68.67385678957928 221.02349890219034 160.66542 99.23513 99.65302691811672 -3.431373101428158 6.1658645 -0.0024114535 0.45205513 99.65301585453106 -3.4313989521261727 99.64089861426288 -3.443506403373962 50.49433357034535 153.242019008242 16000.0 16600.0 2016.0 2 123 {-999.0 14.85747 14.104923 13.556111 -999.0} sdss_psfmag_ps1 14.350794 13.555388 12.681894 10.756 63050395111485017 1109853722 bright_flexible_2x1 mwm_tess_rgb_apogee mwm_tessrgb science 0 0 0.0 0.0 -999 ""
FIBERMAP 766 R+7C3 BOSS 0 0 0 1 0 0 -180.6257670411596 145.33799739934082 143.1 -68.15897652404931 221.57194250875014 160.66542 99.23513 -999.0 -999.0 -999.0 -999.0 -999.0 99.65540794018146 -3.4290489466500236 99.64323223156157 -3.44100768141733 50.49576202680579 153.2371410237652 -999.0 5400.0 -999.0 1 26 {-999.0 -999.0 -999.0 -999.0 -999.0} "" -999.0 -999.0 -999.0 -999.0 -999 -999 "" "" "" "" 0 0 0.0 0.0 -999 ""
FIBERMAP 766 R+7C3 METROLOGY 0 0 0 1 0 0 -180.047710994136 144.86328337437135 143.1 -67.94622047759049 220.85490480313285 160.66542 99.23513 -999.0 -999.0 -999.0 -999.0 -999.0 99.65635371860344 -3.432222736516876 99.6441874589753 -3.4442267062910243 50.49242189429665 153.23767364180094 -999.0 6231.0 -999.0 -1 -999 {-999.0 -999.0 -999.0 -999.0 -999.0} "" -999.0 -999.0 -999.0 -999.0 -999 -999 "" "" "" "" 0 0 0.0 0.0 -999 ""
FIBERMAP 776 R+1C5 APOGEE 1 1 0 1 0 0 -200.35173663173907 3.6637444859600024 143.1 -163.87602063085288 115.2915678962793 275.17014 74.70613 99.22051353194746 -3.91073459245262 -6.1206665 -2.6720884 3.694232 99.22052571000552 -3.910759521031819 99.20726835417645 -3.9215718859654425 50.21241517001044 154.1509495113442 16000.0 16600.0 2016.0 2 110 {-999.0 16.07502 14.661466 13.760686 -999.0} sdss_psfmag_from_g3xp 15.494972 14.389101 13.344458 11.293 63050395111472060 917140560 bright_3x1 mwm_yso_pms_apogee_zari18pms mwm_yso science 0 0 0.0 0.0 -999 ""
FIBERMAP 776 R+1C5 BOSS 0 0 0 1 0 0 -201.08594624368865 3.830413540677503 143.1 -164.3906990594131 115.84097959777726 275.17014 74.70613 -999.0 -999.0 -999.0 -999.0 -999.0 99.21822522321993 -3.9084148398928655 99.20491214588293 -3.9190641986441928 50.21561122136616 154.15292587896172 -999.0 5400.0 -999.0 1 63 {-999.0 -999.0 -999.0 -999.0 -999.0} "" -999.0 -999.0 -999.0 -999.0 -999 -999 "" "" "" "" 0 0 0.0 0.0 -999 ""
FIBERMAP 776 R+1C5 METROLOGY 0 0 0 1 0 0 -200.5735275926251 4.381017984624263 143.1 -163.6578160142466 116.00987462359392 275.17014 74.70613 -999.0 -999.0 -999.0 -999.0 -999.0 99.22153275469309 -3.9075926517625477 99.20823860985826 -3.9182955706376674 50.215106469047285 154.1476611321926 -999.0 6231.0 -999.0 -1 -999 {-999.0 -999.0 -999.0 -999.0 -999.0} "" -999.0 -999.0 -999.0 -999.0 -999 -999 "" "" "" "" 0 0 0.0 0.0 -999 ""
FIBERMAP 779 R+1C20 APOGEE 1 1 0 1 0 0 149.57721826887803 4.163794344359925 143.1 126.21097362111608 -80.35987848124012 302.1088 97.40604 100.54436418332722 -4.796371586359874 0.20463039 0.6901509 0.18361764 100.54438191320291 -4.7963630949165275 100.52838498050926 -4.810166218656079 48.89299485396552 152.78599786308374 16000.0 16600.0 2016.0 2 85 {-999.0 15.153316 13.769667 13.123075 -999.0} sdss_psfmag_gaia 14.609072 13.682294 12.738376 10.53 63050395111158918 1104333859 bright_flexible_2x1 mwm_tess_rgb_apogee mwm_tessrgb science 0 0 0.0 0.0 -999 ""
FIBERMAP 779 R+1C20 BOSS 0 0 0 1 0 0 149.01867102104708 3.6825592347138976 143.1 125.4787551597667 -80.44547678175236 302.1088 97.40604 -999.0 -999.0 -999.0 -999.0 -999.0 100.54116953833159 -4.796964526338492 100.525102977644 -4.8105949400049575 48.89386132070458 152.79083857510236 -999.0 5400.0 -999.0 1 233 {-999.0 -999.0 -999.0 -999.0 -999.0} "" -999.0 -999.0 -999.0 -999.0 -999 -999 "" "" "" "" 0 0 0.0 0.0 -999 ""
FIBERMAP 779 R+1C20 METROLOGY 0 0 0 1 0 0 148.87308221455984 4.416652926767892 143.1 125.76949382753479 -79.75593593071945 302.1088 97.40604 -999.0 -999.0 -999.0 -999.0 -999.0 100.54245867200085 -4.793773024294637 100.52641975089671 -4.807454618240644 48.89625212710904 152.78715418605435 -999.0 6231.0 -999.0 -1 -999 {-999.0 -999.0 -999.0 -999.0 -999.0} "" -999.0 -999.0 -999.0 -999.0 -999 -999 "" "" "" "" 0 0 0.0 0.0 -999 ""
FIBERMAP 781 R+8C12 APOGEE 0 0 0 1 0 0 52.62738548656837 140.98554549906945 143.1 122.57970472286294 87.27529587246985 321.7509 93.371346 -999.0 -999.0 -999.0 -999.0 -999.0 100.52520012090291 -4.034090252455159 100.51122929465151 -4.048161787057702 49.60178813136637 152.35663324582524 -999.0 16600.0 -999.0 2 -999 {-999.0 -999.0 -999.0 -999.0 -999.0} "" -999.0 -999.0 -999.0 -999.0 -999 -999 "" "" "" "" 0 0 0.0 0.0 -999 ""
FIBERMAP 781 R+8C12 BOSS 1 1 0 1 0 0 52.19791701555226 140.36922872305337 143.1 121.87870129438382 87.00550163124913 321.7509 93.371346 100.52215576171874 -4.035442116749934 -999.0 -999.0 -999.0 100.52213584211373 -4.035445420456074 100.50809422531484 -4.049348738096144 49.601918728917745 152.36179047125057 5400.0 5400.0 2015.5 1 139 {-999.0 -999.0 -999.0 -999.0 -999.0} "" -999.0 -999.0 -999.0 -999.0 27021603131474738 819437332 "" ops_sky_boss_good ops_sky sky_boss 0 0 0.0 0.0 -999 ""
FIBERMAP 781 R+8C12 METROLOGY 0 0 0 1 0 0 51.8831209301962 141.03781643401362 143.1 121.99260152080991 87.73559826803822 321.7509 93.371346 -999.0 -999.0 -999.0 -999.0 -999.0 100.52260715662021 -4.032090529561017 100.50859358222766 -4.046041753091088 49.604767558007815 152.35908755204687 -999.0 6231.0 -999.0 -1 -999 {-999.0 -999.0 -999.0 -999.0 -999.0} "" -999.0 -999.0 -999.0 -999.0 -999 -999 "" "" "" "" 0 0 0.0 0.0 -999 ""
FIBERMAP 784 R0C21 APOGEE 0 0 0 1 0 0 163.10309702779188 15.691772406984379 143.1 143.8720773648237 -78.39111504738729 97.07114 83.69302 -999.0 -999.0 -999.0 -999.0 -999.0 100.62465287385164 -4.786982730293244 100.6086573217878 -4.800992739428174 48.87052464115497 152.66842849933576 -999.0 16600.0 -999.0 2 73 {-999.0 -999.0 -999.0 -999.0 -999.0} "" -999.0 -999.0 -999.0 -999.0 -999 -999 "" "" "" "" 0 0 0.0 0.0 -999 ""
FIBERMAP 784 R0C21 BOSS 1 1 0 1 0 0 163.84184096855444 15.708754935873277 143.1 144.49341125415208 -78.79096937700616 97.07114 83.69302 100.62759305594308 -4.788965121469396 0.0065794904 1.0565076 0.22257248 100.62759771794119 -4.788973441216493 100.61152669099346 -4.802825697375129 48.867726996897474 152.66550085691767 5400.0 5400.0 2016.0 1 243 {-999.0 17.695919 17.361937 17.22345 -999.0} sdss_psfmag_ps1 17.62021 17.369423 16.915339 -999.0 63050395111167519 978386550 "" ops_std_boss ops_std standard_boss 0 0 0.0 0.0 -999 ""
FIBERMAP 784 R0C21 METROLOGY 0 0 0 1 0 0 163.4924045838647 15.05164597192044 143.1 143.8358334977624 -79.13938926851895 97.07114 83.69302 -999.0 -999.0 -999.0 -999.0 -999.0 100.62458347934027 -4.790520689968208 100.6085288833197 -4.804411252411602 48.86742269956258 152.6706213466801 -999.0 6231.0 -999.0 -1 -999 {-999.0 -999.0 -999.0 -999.0 -999.0} "" -999.0 -999.0 -999.0 -999.0 -999 -999 "" "" "" "" 0 0 0.0 0.0 -999 ""
FIBERMAP 786 R+11C5 APOGEE 1 1 0 1 0 0 -69.68297672985413 216.7705468662579 143.1 63.74620163269808 218.57012464286495 347.37723 146.5187 100.25436401367186 -3.440840422859779 -999.0 -999.0 -999.0 100.25436921652255 -3.4408188248634692 100.24204760962016 -3.4544479916313646 50.25325798949659 152.3802462079908 16000.0 16600.0 2015.5 2 22 {-999.0 -999.0 -999.0 -999.0 -999.0} "" -999.0 -999.0 -999.0 -999.0 27021603131476460 832683786 "" ops_sky_apogee_best ops_sky sky_apogee 0 0 0.0 0.0 -999 ""
FIBERMAP 786 R+11C5 BOSS 0 0 0 1 0 0 -69.1669154380808 216.2368558353484 143.1 63.87456951075313 217.8389786432932 347.37723 146.5187 -999.0 -999.0 -999.0 -999.0 -999.0 100.25504868416516 -3.444220345517939 100.24265145378996 -3.457693528281735 50.25003479531961 152.3813606952863 -999.0 5400.0 -999.0 1 144 {-999.0 -999.0 -999.0 -999.0 -999.0} "" -999.0 -999.0 -999.0 -999.0 -999 -999 "" "" "" "" 0 0 0.0 0.0 -999 ""
FIBERMAP 786 R+11C5 METROLOGY 0 0 0 1 0 0 -69.8905554038897 216.04421445925755 143.1 63.16732269907909 218.084891722709 347.37723 146.5187 -999.0 -999.0 -999.0 -999.0 -999.0 100.2518114819284 -3.4430798614429596 100.23943706769785 -3.4565896126427758 50.25230400916665 152.38530596577093 -999.0 6231.0 -999.0 -1 -999 {-999.0 -999.0 -999.0 -999.0 -999.0} "" -999.0 -999.0 -999.0 -999.0 -999 -999 "" "" "" "" 0 0 0.0 0.0 -999 ""
FIBERMAP 787 R+9C16 APOGEE 1 1 0 1 0 0 162.05952829255753 170.0294961466829 143.1 229.48340444924935 50.014184229885025 13.808721 83.18391 101.00967407226562 -4.202566900413643 -999.0 -999.0 -999.0 101.00969211918867 -4.2025561101595414 100.99513225855532 -4.2177824119461365 49.255344273742956 151.77786903827615 16000.0 16600.0 2015.5 2 88 {-999.0 -999.0 -999.0 -999.0 -999.0} "" -999.0 -999.0 -999.0 -999.0 27021603131471082 832683294 "" ops_sky_apogee_best ops_sky sky_apogee 0 0 0.0 0.0 -999 ""
FIBERMAP 787 R+9C16 BOSS 0 0 0 1 0 0 162.17139941904435 169.29063672319083 143.1 229.1620709729313 49.33958851273925 13.808721 83.18391 -999.0 -999.0 -999.0 -999.0 -999.0 101.0083712863517 -4.205768033590075 100.99373300163643 -4.2208283617171976 49.253107265207 151.78169033940014 -999.0 5400.0 -999.0 1 227 {-999.0 -999.0 -999.0 -999.0 -999.0} "" -999.0 -999.0 -999.0 -999.0 -999 -999 "" "" "" "" 0 0 0.0 0.0 -999 ""
FIBERMAP 787 R+9C16 METROLOGY 0 0 0 1 0 0 161.4783167282976 169.55205714133282 143.1 228.73454264387811 49.9444286574459 13.808721 83.18391 -999.0 -999.0 -999.0 -999.0 -999.0 101.00640564110611 -4.202986739675438 100.99179523099639 -4.218088984497854 49.25638996988082 151.7827324689457 -999.0 6231.0 -999.0 -1 -999 {-999.0 -999.0 -999.0 -999.0 -999.0} "" -999.0 -999.0 -999.0 -999.0 -999 -999 "" "" "" "" 0 0 0.0 0.0 -999 ""
FIBERMAP 789 R+2C9 APOGEE 1 1 0 1 0 0 -105.57822599774043 41.72189916309045 143.1 -64.06174955558043 93.70915597208123 190.92046 92.30775 99.67409405684201 -4.006729841504698 -1.0656116 -0.027488902 0.56520957 99.67408179981183 -4.0067416248609105 99.66043552518306 -4.01866719613823 49.954335243645744 153.55303209661474 16000.0 16600.0 2016.0 2 109 {-999.0 9.871109 9.760543 9.747293 -999.0} sdss_psfmag_from_g3xp 9.885522 9.719282 9.406514 9.039 63050395111276889 974925680 "" ops_std_apogee ops_std standard_apogee 0 0 0.0 0.0 -999 ""
FIBERMAP 789 R+2C9 BOSS 0 0 0 1 0 0 -105.77638591646593 42.44702933031111 143.1 -63.81957190315343 94.4207289956199 190.92046 92.30775 -999.0 -999.0 -999.0 -999.0 -999.0 99.67521756830159 -4.0036199002313 99.66151464831034 -4.015390618786042 49.95696795875052 153.54956928437466 -999.0 5400.0 -999.0 1 53 {-999.0 -999.0 -999.0 -999.0 -999.0} "" -999.0 -999.0 -999.0 -999.0 -999 -999 "" "" "" "" 0 0 0.0 0.0 -999 ""
FIBERMAP 789 R+2C9 METROLOGY 0 0 0 1 0 0 -105.05399195234489 42.25687700165461 143.1 -63.327836751851045 93.85848905879243 190.92046 92.30775 -999.0 -999.0 -999.0 -999.0 -999.0 99.67744958464725 -4.006130742198003 99.66375764353438 -4.017951148232552 49.953754648416165 153.54784040218394 -999.0 6231.0 -999.0 -1 -999 {-999.0 -999.0 -999.0 -999.0 -999.0} "" -999.0 -999.0 -999.0 -999.0 -999 -999 "" "" "" "" 0 0 0.0 0.0 -999 ""
FIBERMAP 790 R+6C16 APOGEE 0 0 0 1 0 0 127.18538005277352 124.34648236891255 143.1 175.0048245945144 31.720103345544228 58.617435 82.71591 -999.0 -999.0 -999.0 -999.0 -999.0 100.76439459933758 -4.286035918058086 100.7496861078485 -4.300608011422812 49.27626984110959 152.17255653343545 -999.0 16600.0 -999.0 2 -999 {-999.0 -999.0 -999.0 -999.0 -999.0} "" -999.0 -999.0 -999.0 -999.0 -999 -999 "" "" "" "" 0 0 0.0 0.0 -999 ""
FIBERMAP 790 R+6C16 BOSS 1 1 0 1 0 0 127.79104636907411 123.87120497177511 143.1 175.24013146513133 30.98712899759972 58.617435 82.71591 100.76519683399752 -4.28955405064323 -1.2499068 -0.817821 0.40837425 100.76560055923801 -4.2895143831582825 100.7508131158475 -4.3039265026876095 49.2727768835704 152.17297525156624 5400.0 5400.0 2016.0 1 215 {-999.0 11.242798 11.356047 11.492761 -999.0} sdss_psfmag_from_g3xp 11.312853 11.272251 11.170736 11.078 63050395111608375 1068444921 bright_3x1 mwm_ob_core_boss mwm_ob science 0 0 1.4792201519012451 0.0 -999 ""
FIBERMAP 790 R+6C16 METROLOGY 0 0 0 1 0 0 127.08060010621355 123.60777867776793 143.1 174.50415064642644 31.16702644046421 58.617435 82.71591 -999.0 -999.0 -999.0 -999.0 -999.0 100.76223394969983 -4.2886615554465495 100.74746943112234 -4.303111316265757 49.274838660825715 152.17718134462666 -999.0 6231.0 -999.0 -1 -999 {-999.0 -999.0 -999.0 -999.0 -999.0} "" -999.0 -999.0 -999.0 -999.0 -999 -999 "" "" "" "" 0 0 0.0 0.0 -999 ""
FIBERMAP 791 R+7C20 APOGEE 1 1 0 1 0 0 190.76906667839867 133.66270790531885 143.1 232.88393590710916 3.809675542052062 258.77292 22.301704 101.02610663146103 -4.411861841351293 -0.7452836 -1.8560512 0.47432637 101.02609840431495 -4.411897472450441 101.0109795007557 -4.427078195593723 49.05705736476119 151.88310484195205 16000.0 16600.0 2016.0 2 76 {-999.0 14.527443 13.459425 13.038683 -999.0} sdss_psfmag_from_g3xp 14.158105 13.465645 12.66439 10.939 63050395111588757 1109865235 bright_flexible_2x1 mwm_tess_rgb_apogee mwm_tessrgb science 0 0 0.0 0.0 -999 ""
FIBERMAP 791 R+7C20 BOSS 0 0 0 1 0 0 190.5570590114109 134.37503611772595 143.1 233.10747207687984 4.518405054269001 258.77292 22.301704 -999.0 -999.0 -999.0 -999.0 -999.0 101.02719379740053 -4.408842989123143 101.01201205444272 -4.423865249355764 49.05959637665655 151.87971433011583 -999.0 5400.0 -999.0 1 250 {-999.0 -999.0 -999.0 -999.0 -999.0} "" -999.0 -999.0 -999.0 -999.0 -999 -999 "" "" "" "" 0 0 0.0 0.0 -999 ""
FIBERMAP 791 R+7C20 METROLOGY 0 0 0 1 0 0 191.28203812122166 134.20868719885158 143.1 233.6146852906417 3.974430345885486 258.77292 22.301704 -999.0 -999.0 -999.0 -999.0 -999.0 101.02945517373934 -4.411254231826815 101.01428637994974 -4.4263272350113985 49.056435875310385 151.87803266780952 -999.0 6231.0 -999.0 -1 -999 {-999.0 -999.0 -999.0 -999.0 -999.0} "" -999.0 -999.0 -999.0 -999.0 -999 -999 "" "" "" "" 0 0 0.0 0.0 -999 ""
FIBERMAP 792 R-7C14 APOGEE 1 1 0 1 0 0 86.34662393738692 -139.65491626589824 143.1 -6.73760257206329 -164.04057684892365 291.55597 152.97052 99.93871703001884 -5.178353372726375 0.19848609 1.0664943 0.28622833 99.9387240754971 -5.1783496529985555 99.9218890284061 -5.190458915367354 48.770056800726344 153.8543184046794 16000.0 16600.0 2016.0 2 184 {-999.0 13.459944 12.404412 11.93409 -999.0} sdss_psfmag_from_g3xp 13.093313 12.378817 11.555488 9.866 63050395111136328 1155677915 bright_1x1 mwm_galactic_core_dist_apogee_extra mwm_galactic science 0 0 0.0 0.0 -999 ""
FIBERMAP 792 R-7C14 BOSS 0 0 0 1 0 0 86.30017510913278 -140.3943253732542 143.1 -7.190362657689802 -164.6269209612207 291.55597 152.97052 -999.0 -999.0 -999.0 -999.0 -999.0 99.93673034254799 -5.181228357393778 99.91982138437209 -5.193165278315103 48.768310786814986 153.8587460206382 -999.0 5400.0 -999.0 1 326 {-999.0 -999.0 -999.0 -999.0 -999.0} "" -999.0 -999.0 -999.0 -999.0 -999 -999 "" "" "" "" 0 0 0.0 0.0 -999 ""
FIBERMAP 792 R-7C14 METROLOGY 0 0 0 1 0 0 85.6741667634515 -139.97208252875222 143.1 -7.472231863125853 -163.9264715096776 291.55597 152.97052 -999.0 -999.0 -999.0 -999.0 -999.0 99.93541625540946 -5.178006363811491 99.91853520252505 -5.189988389684849 48.77173617573632 153.85875687260807 -999.0 6231.0 -999.0 -1 -999 {-999.0 -999.0 -999.0 -999.0 -999.0} "" -999.0 -999.0 -999.0 -999.0 -999 -999 "" "" "" "" 0 0 0.0 0.0 -999 ""
FIBERMAP 793 R+7C1 APOGEE 1 1 0 1 0 0 -226.7548783785557 143.68792771393888 143.1 -107.28706967319164 246.0515675166269 170.44681 94.263504 99.47845458984375 -3.3205654731047503 -999.0 -999.0 -999.0 99.47844380484096 -3.320563049201599 99.46667174752366 -3.332271975193194 50.66305996640293 153.42936602357423 16000.0 16600.0 2015.5 2 97 {-999.0 -999.0 -999.0 -999.0 -999.0} "" -999.0 -999.0 -999.0 -999.0 27021603131464445 832682510 "" ops_sky_apogee_best ops_sky sky_apogee 0 0 0.0 0.0 -999 ""
FIBERMAP 793 R+7C1 BOSS 0 0 0 1 0 0 -226.6914535476176 144.42567972395787 143.1 -106.82117874639023 246.62702756835566 170.44681 94.263504 -999.0 -999.0 -999.0 -999.0 -999.0 99.48062084689973 -3.3181289685644537 99.46879141623396 -3.329689427752349 50.664654843695295 153.42473854607218 -999.0 5400.0 -999.0 1 82 {-999.0 -999.0 -999.0 -999.0 -999.0} "" -999.0 -999.0 -999.0 -999.0 -999 -999 "" "" "" "" 0 0 0.0 0.0 -999 ""
FIBERMAP 793 R+7C1 METROLOGY 0 0 0 1 0 0 -226.0729804838665 144.00433033258122 143.1 -106.54504956511452 245.93154009041913 170.44681 94.263504 -999.0 -999.0 -999.0 -999.0 -999.0 99.4818396694053 -3.3211811494380763 99.4700196981064 -3.3327873770857495 50.661323196072765 153.4247883434498 -999.0 6231.0 -999.0 -1 -999 {-999.0 -999.0 -999.0 -999.0 -999.0} "" -999.0 -999.0 -999.0 -999.0 -999 -999 "" "" "" "" 0 0 0.0 0.0 -999 ""
FIBERMAP 795 R+5C3 APOGEE 1 1 0 1 0 0 -180.35577707646306 114.82381609736177 143.1 -85.03250380766599 196.1492007392137 118.043365 46.612907 99.57870483398436 -3.543611609679431 -999.0 -999.0 -999.0 99.57866089877965 -3.5435704355844906 99.56626917415275 -3.5554433234910254 50.41887624862589 153.41681710726564 16000.0 16600.0 2015.5 2 130 {-999.0 -999.0 -999.0 -999.0 -999.0} "" -999.0 -999.0 -999.0 -999.0 27021603131464182 841547936 "" ops_sky_apogee_best ops_sky sky_apogee 0 0 0.0 0.0 -999 ""
FIBERMAP 795 R+5C3 BOSS 0 0 0 1 0 0 -179.64819042482253 114.64632707189487 143.1 -84.54593662589441 195.60574494646386 118.043365 46.612907 -999.0 -999.0 -999.0 -999.0 -999.0 99.58091213617968 -3.5461192730879296 99.56844922759336 -3.557840492504341 50.41583562656531 153.4150727681181 -999.0 5400.0 -999.0 1 28 {-999.0 -999.0 -999.0 -999.0 -999.0} "" -999.0 -999.0 -999.0 -999.0 -999 -999 "" "" "" "" 0 0 0.0 0.0 -999 ""
FIBERMAP 795 R+5C3 METROLOGY 0 0 0 1 0 0 -180.16003048845238 114.1046041395763 143.1 -85.27336417131816 195.4438812951249 118.043365 46.612907 -999.0 -999.0 -999.0 -999.0 -999.0 99.5775952704044 -3.546830187993638 99.5651495509768 -3.558586997681288 50.41638580889752 153.42030142900384 -999.0 6231.0 -999.0 -1 -999 {-999.0 -999.0 -999.0 -999.0 -999.0} "" -999.0 -999.0 -999.0 -999.0 -999 -999 "" "" "" "" 0 0 0.0 0.0 -999 ""
FIBERMAP 796 R-1C17 APOGEE 0 0 0 1 0 0 76.32378175166743 -7.740443991562675 143.1 58.8734290656909 -49.1748391588771 92.31507 124.331535 -999.0 -999.0 -999.0 -999.0 -999.0 100.23709737034106 -4.655847193903437 100.22156360637143 -4.668931463968209 49.14071679531321 153.13396006100146 -999.0 16600.0 -999.0 2 -999 {-999.0 -999.0 -999.0 -999.0 -999.0} "" -999.0 -999.0 -999.0 -999.0 -999 -999 "" "" "" "" 0 0 0.0 0.0 -999 ""
FIBERMAP 796 R-1C17 BOSS 1 1 0 1 0 0 76.90819917286464 -7.283696510155535 143.1 59.61335243816424 -49.12401629486026 92.31507 124.331535 100.24056737363304 -4.655796355371221 -0.1648016 1.3300217 0.12128737 100.2405749806145 -4.655792993449651 100.22497277390221 -4.6687228415808635 49.13961406504822 153.12903702488643 5400.0 5400.0 2016.0 1 280 {-999.0 15.731 15.156117 14.911955 -999.0} sdss_psfmag_ps1 15.594552 15.147897 14.527095 13.466 63050395111182490 1093342257 bright_3x1 mwm_astar_core_boss mwm_ob science 0 0 0.0 0.0 -999 ""
FIBERMAP 796 R-1C17 METROLOGY 0 0 0 1 0 0 77.01598581567052 -8.018860072796139 143.1 59.290707038107534 -49.79326260520068 92.31507 124.331535 -999.0 -999.0 -999.0 -999.0 -999.0 100.23908397798446 -4.658794168183974 100.22349339276786 -4.671765240243115 49.13736374344874 153.13289368378622 -999.0 6231.0 -999.0 -1 -999 {-999.0 -999.0 -999.0 -999.0 -999.0} "" -999.0 -999.0 -999.0 -999.0 -999 -999 "" "" "" "" 0 0 0.0 0.0 -999 ""
FIBERMAP 800 R+11C7 APOGEE 1 1 0 1 0 0 -19.77445544159727 225.8518527822146 143.1 110.16808507868825 198.12734962916636 83.61171 68.80788 100.46520502727542 -3.5327057636233947 109.124016 -49.975063 9.006524 100.46551656587492 -3.532823535078022 100.45288891868313 -3.546949888646929 50.08563599440795 152.13464140366682 16000.0 16600.0 2016.0 2 16 {-999.0 16.750103 15.520235 14.498947 -999.0} sdss_psfmag_ps1 16.187962 14.961099 13.859816 11.883 63050395111687905 1103783693 bright_flexible_6x1 mwm_tess_2min_apogee mwm_planet science 0 0 0.0 0.0 -999 ""
FIBERMAP 800 R+11C7 BOSS 0 0 0 1 0 0 -19.115863918794624 225.50123010187974 143.1 110.5170681242677 197.4679587180848 83.61171 68.80788 -999.0 -999.0 -999.0 -999.0 -999.0 100.46720743800634 -3.5359144531456685 100.45450372711525 -3.5498868105959933 50.08230170085302 152.13413493331737 -999.0 5400.0 -999.0 1 112 {-999.0 -999.0 -999.0 -999.0 -999.0} "" -999.0 -999.0 -999.0 -999.0 -999 -999 "" "" "" "" 0 0 0.0 0.0 -999 ""
FIBERMAP 800 R+11C7 METROLOGY 0 0 0 1 0 0 -19.743741470036277 225.10269906379253 143.1 109.77377034943615 197.48970074867148 83.61171 68.80788 -999.0 -999.0 -999.0 -999.0 -999.0 100.46381590622875 -3.5357740656853505 100.45113268582134 -3.5497823938037327 50.08372250130853 152.1388906782845 -999.0 6231.0 -999.0 -1 -999 {-999.0 -999.0 -999.0 -999.0 -999.0} "" -999.0 -999.0 -999.0 -999.0 -999 -999 "" "" "" "" 0 0 0.0 0.0 -999 ""
FIBERMAP 804 R-6C16 APOGEE 0 0 0 1 0 0 108.19425358527677 -134.1260698478505 143.1 14.454151822971482 -171.70290600937787 293.32303 77.48683 -999.0 -999.0 -999.0 -999.0 -999.0 100.03551393996875 -5.212720477933207 100.01855913241775 -5.225060536611185 48.70205630867615 153.73843479753663 -999.0 16600.0 -999.0 2 -999 {-999.0 -999.0 -999.0 -999.0 -999.0} "" -999.0 -999.0 -999.0 -999.0 -999 -999 "" "" "" "" 0 0 0.0 0.0 -999 ""
FIBERMAP 804 R-6C16 BOSS 1 1 0 1 0 0 107.44413210305039 -134.2672882987983 143.1 13.753785670172393 -171.39956747880743 293.32303 77.48683 100.03207261922002 -5.211584243855138 3.305082 -3.722795 -0.93036735 100.03238780860303 -5.211582342023262 100.01536967669966 -5.2237486242455216 48.70445983509567 153.7421564021412 5400.0 5400.0 2016.0 1 305 {-999.0 13.174683 12.7776985 12.519239 -999.0} sdss_psfmag_from_g3xp 13.06759 12.86034 12.163506 11.228 63050395111137785 1093136309 bright_3x1 mwm_astar_core_boss mwm_ob science 0 0 1.1730799674987793 0.0 -999 ""
FIBERMAP 804 R-6C16 METROLOGY 0 0 0 1 0 0 107.69743844847352 -133.56944007829537 143.1 14.354575972203675 -170.96354607323664 293.32303 77.48683 -999.0 -999.0 -999.0 -999.0 -999.0 100.03510455191167 -5.209546047406375 100.01811010203363 -5.221767216493586 48.7052781988833 153.7371988279401 -999.0 6231.0 -999.0 -1 -999 {-999.0 -999.0 -999.0 -999.0 -999.0} "" -999.0 -999.0 -999.0 -999.0 -999 -999 "" "" "" "" 0 0 0.0 0.0 -999 ""
FIBERMAP 805 R0C18 APOGEE 0 0 0 1 0 0 97.49541472948492 -9.780577114848391 143.1 75.26442378155191 -62.72694151584084 304.28024 122.62339 -999.0 -999.0 -999.0 -999.0 -999.0 100.31206986583157 -4.7172552833926416 100.29635107606015 -4.730503728702856 49.055354188687204 153.06464209365515 -999.0 16600.0 -999.0 2 -999 {-999.0 -999.0 -999.0 -999.0 -999.0} "" -999.0 -999.0 -999.0 -999.0 -999 -999 "" "" "" "" 0 0 0.0 0.0 -999 ""
FIBERMAP 805 R0C18 BOSS 1 1 0 1 0 0 97.21051643867943 -10.478778296835483 143.1 74.63727165788676 -63.14555423770092 304.28024 122.62339 100.30929565429688 -4.719367309853524 -999.0 -999.0 -999.0 100.3093174525166 -4.719365468327911 100.29352595064773 -4.732442383771487 49.054638712565584 153.0697428178526 5400.0 5400.0 2015.5 1 241 {-999.0 -999.0 -999.0 -999.0 -999.0} "" -999.0 -999.0 -999.0 -999.0 27021603131447562 810570913 "" ops_sky_boss_good ops_sky sky_boss 0 0 0.0 0.0 -999 ""
FIBERMAP 805 R0C18 METROLOGY 0 0 0 1 0 0 96.7567688672801 -9.8857639522355 143.1 74.59375014780736 -62.400191852907966 304.28024 122.62339 -999.0 -999.0 -999.0 -999.0 -999.0 100.30908488001387 -4.715922483413531 100.29332183715121 -4.729046648943515 49.05785444485608 153.0680494233754 -999.0 6231.0 -999.0 -1 -999 {-999.0 -999.0 -999.0 -999.0 -999.0} "" -999.0 -999.0 -999.0 -999.0 -999 -999 "" "" "" "" 0 0 0.0 0.0 -999 ""
FIBERMAP 806 R+4C22 APOGEE 0 0 0 1 0 0 238.53529800933376 74.34657994815932 143.1 239.2084433649543 -72.07867755024627 2.943064 101.52219 -999.0 -999.0 -999.0 -999.0 -999.0 101.05531295415801 -4.755465313649563 101.03927489996573 -4.770576203599362 48.73052801240077 152.05086575069635 -999.0 16600.0 -999.0 2 -999 {-999.0 -999.0 -999.0 -999.0 -999.0} "" -999.0 -999.0 -999.0 -999.0 -999 -999 "" "" "" "" 0 0 0.0 0.0 -999 ""
FIBERMAP 806 R+4C22 BOSS 1 1 0 1 0 0 238.74280167337977 73.64712602036603 143.1 238.98839051181378 -72.77422114194934 2.943064 101.52219 101.05411783628834 -4.7588006619892145 4.9643226 2.9697025 2.5528872 101.05441931311024 -4.758790013751648 101.0383016049937 -4.773732689062778 48.72801239986149 152.05410872186945 5400.0 5400.0 2016.0 1 236 {-999.0 13.632559 13.086227 12.921365 -999.0} sdss_psfmag_from_g3xp 13.512871 13.13307 12.588553 11.63 63050395111164777 1077920617 bright_flexible_2x1 mwm_snc_ext_main_boss mwm_snc science 0 0 1.0386600494384766 0.0 -999 ""
FIBERMAP 806 R+4C22 METROLOGY 0 0 0 1 0 0 238.0111406597715 73.81561756398162 143.1 238.4768439433072 -72.22472806025057 2.943064 101.52219 -999.0 -999.0 -999.0 -999.0 -999.0 101.05209774721916 -4.756274308688112 101.03600754843603 -4.771258829367789 48.73118862237483 152.0558090252248 -999.0 6231.0 -999.0 -1 -999 {-999.0 -999.0 -999.0 -999.0 -999.0} "" -999.0 -999.0 -999.0 -999.0 -999 -999 "" "" "" "" 0 0 0.0 0.0 -999 ""
FIBERMAP 808 R-9C5 APOGEE 1 1 0 1 0 0 -88.2344441600415 -176.56282288952994 143.1 -172.00301659512238 -96.78928082405854 350.95554 119.044685 99.18499333644091 -4.873590186921703 -1.4726253 -3.3040962 0.61778283 99.18499514485433 -4.873601042909212 99.16919202654276 -4.883924614469285 49.3297909419621 154.74773201738964 16000.0 16600.0 2016.0 2 287 {-999.0 13.752828 13.022005 12.707081 -999.0} sdss_psfmag_from_g3xp 13.54052 13.0293455 12.352382 11.11 63050395111207493 1110393097 bright_flexible_3x1 mwm_tess_rgb_apogee mwm_tessrgb science 0 0 0.0 0.0 -999 ""
FIBERMAP 808 R-9C5 BOSS 0 0 0 1 0 0 -87.97596056621667 -177.27304176504737 143.1 -172.18688011552925 -97.52230392299603 350.95554 119.044685 -999.0 -999.0 -999.0 -999.0 -999.0 99.18419887196362 -4.8771093467909585 99.16832327041953 -4.887265757330737 49.32698545561743 154.7508167789701 -999.0 5400.0 -999.0 1 412 {-999.0 -999.0 -999.0 -999.0 -999.0} "" -999.0 -999.0 -999.0 -999.0 -999 -999 "" "" "" "" 0 0 0.0 0.0 -999 ""
FIBERMAP 808 R-9C5 METROLOGY 0 0 0 1 0 0 -88.72266155583121 -177.13262855747297 143.1 -172.72661492824875 -96.98763805535454 350.95554 119.044685 -999.0 -999.0 -999.0 -999.0 -999.0 99.18173335180055 -4.874630383195114 99.16588304174775 -4.884827954599809 49.33013506488606 154.75295084249524 -999.0 6231.0 -999.0 -1 -999 {-999.0 -999.0 -999.0 -999.0 -999.0} "" -999.0 -999.0 -999.0 -999.0 -999 -999 "" "" "" "" 0 0 0.0 0.0 -999 ""
FIBERMAP 809 R+9C1 APOGEE 1 1 0 1 0 0 -197.32116256420278 178.42950103103792 143.1 -63.44468962818179 258.33236358017564 79.82283 166.27148 99.67689336716025 -3.2644637553657554 -0.023963861 4.5515327 0.40116832 99.6769152460732 -3.2644272104731993 99.66523222628058 -3.2766632015871195 50.63941901285665 153.106797896178 16000.0 16600.0 2016.0 2 120 {-999.0 14.738421 13.526482 12.975395 -999.0} sdss_psfmag_from_g3xp 14.282366 13.466887 12.580161 10.617 63050395111940613 1108460689 bright_flexible_2x1 mwm_tess_rgb_apogee mwm_tessrgb science 0 0 0.0 0.0 -999 ""
FIBERMAP 809 R+9C1 BOSS 0 0 0 1 0 0 -197.04222176526048 179.12568604316843 143.1 -62.82360108751639 258.7526445244902 79.82283 166.27148 -999.0 -999.0 -999.0 -999.0 -999.0 99.67979215536634 -3.2626852275643485 99.66804896086597 -3.274774398308559 50.640093888278734 153.1015634266349 -999.0 5400.0 -999.0 1 78 {-999.0 -999.0 -999.0 -999.0 -999.0} "" -999.0 -999.0 -999.0 -999.0 -999 -999 "" "" "" "" 0 0 0.0 0.0 -999 ""
FIBERMAP 809 R+9C1 METROLOGY 0 0 0 1 0 0 -196.57360682610772 178.53420634504104 143.1 -62.76690674393518 258.00022291221336 79.82283 166.27148 -999.0 -999.0 -999.0 -999.0 -999.0 99.68002670068435 -3.2659962960520446 99.66829279716274 -3.2781285843071197 50.636899982341625 153.10322374304687 -999.0 6231.0 -999.0 -1 -999 {-999.0 -999.0 -999.0 -999.0 -999.0} "" -999.0 -999.0 -999.0 -999.0 -999 -999 "" "" "" "" 0 0 0.0 0.0 -999 ""
FIBERMAP 816 R+4C16 APOGEE 0 0 0 1 0 0 81.1254243640304 66.11508710036141 143.1 104.23142582855264 9.301029027553145 242.42288 108.86489 -999.0 -999.0 -999.0 -999.0 -999.0 100.44325084764884 -4.388897922764219 100.42836449436982 -4.402615196266607 49.307411453951225 152.68588685328834 -999.0 16600.0 -999.0 2 -999 {-999.0 -999.0 -999.0 -999.0 -999.0} "" -999.0 -999.0 -999.0 -999.0 -999 -999 "" "" "" "" 0 0 0.0 0.0 -999 ""
FIBERMAP 816 R+4C16 BOSS 1 1 0 1 0 0 80.40471945638842 66.21588765038402 143.1 103.69102563220567 9.78832255048162 242.42288 108.86489 100.44089738242093 -4.386830393791285 0.31579039 -2.368093 1.0149813 100.44089929785083 -4.386843769212625 100.42595095487388 -4.400394085458892 49.31039075330609 152.6879718867704 5400.0 5400.0 2016.0 1 211 {-999.0 20.224422 18.634314 17.955685 -999.0} sdss_psfmag_ps1 19.623354 18.521338 17.536139 15.405 63050395111195139 1096463853 bright_1x1 mwm_bin_vis_boss mwm_filler science 0 0 0.0 0.0 -999 ""
FIBERMAP 816 R+4C16 METROLOGY 0 0 0 1 0 0 80.85012470762085 66.80853650709025 143.1 104.391966542756 10.029585919161464 242.42288 108.86489 -999.0 -999.0 -999.0 -999.0 -999.0 100.44406059041074 -4.385690892051374 100.42913366966059 -4.399295559147518 49.31017559830662 152.68283171630415 -999.0 6231.0 -999.0 -1 -999 {-999.0 -999.0 -999.0 -999.0 -999.0} "" -999.0 -999.0 -999.0 -999.0 -999 -999 "" "" "" "" 0 0 0.0 0.0 -999 ""
FIBERMAP 818 R+7C11 APOGEE 0 0 0 1 0 0 -10.079296526324033 128.79481628862536 143.1 63.81633014566546 112.31370876569557 280.5568 9.545693 -999.0 -999.0 -999.0 -999.0 -999.0 100.25715821663741 -3.9207618009635388 100.24356673039301 -3.9342014624342982 49.810653700069004 152.66842776635323 -999.0 16600.0 -999.0 2 19 {-999.0 -999.0 -999.0 -999.0 -999.0} "" -999.0 -999.0 -999.0 -999.0 -999 -999 "" "" "" "" 0 0 0.0 0.0 -999 ""
FIBERMAP 818 R+7C11 BOSS 1 1 0 1 0 0 -10.364593196135129 129.49359467855942 143.1 63.97157729269077 113.05228039272468 280.5568 9.545693 100.25785160753959 -3.9173507341618503 -0.0066766534 0.2080721 0.10879085 100.25794558894029 -3.917518661474407 100.24429555234519 -3.9308026448531486 49.81350626294362 152.66535037221806 5400.0 5400.0 2016.0 1 135 {-999.0 14.694606 14.38235 14.269494 -999.0} sdss_psfmag_from_g3xp 14.640964 14.376504 13.917006 13.172 63050395111669723 1093136372 bright_3x1 mwm_astar_core_boss mwm_ob science 0 0 0.0 0.0 -999 ""
FIBERMAP 818 R+7C11 METROLOGY 0 0 0 1 0 0 -9.636314435332025 129.3990309363203 143.1 64.5217445505065 112.56590847824214 280.5568 9.545693 -999.0 -999.0 -999.0 -999.0 -999.0 100.26043821143182 -3.919686724209642 100.24680064779096 -3.9330211801800847 49.8104933321478 152.66310996031132 -999.0 6231.0 -999.0 -1 -999 {-999.0 -999.0 -999.0 -999.0 -999.0} "" -999.0 -999.0 -999.0 -999.0 -999 -999 "" "" "" "" 0 0 0.0 0.0 -999 ""
FIBERMAP 819 R+10C16 APOGEE 0 0 0 1 0 0 139.75707388040686 193.35757857865968 143.1 224.0835390651927 81.8303023986228 208.58005 87.296394 -999.0 -999.0 -999.0 -999.0 -999.0 100.98439094500003 -4.0585276678720765 100.97021960091104 -4.073749732793199 49.39732804146916 151.72464252422037 -999.0 16600.0 -999.0 2 -999 {-999.0 -999.0 -999.0 -999.0 -999.0} "" -999.0 -999.0 -999.0 -999.0 -999 -999 "" "" "" "" 0 0 0.0 0.0 -999 ""
FIBERMAP 819 R+10C16 BOSS 1 1 0 1 0 0 139.4314144248776 194.03616032704272 143.1 224.1940420535702 82.57476273147465 208.58005 87.296394 100.98495483398438 -4.055308268997791 -999.0 -999.0 -999.0 100.98495924214362 -4.055309280761912 100.97072618236166 -4.070373691650694 49.400221379225094 151.7218589654204 5400.0 5400.0 2015.5 1 177 {-999.0 -999.0 -999.0 -999.0 -999.0} "" -999.0 -999.0 -999.0 -999.0 27021603131471331 819437084 "" ops_sky_boss_good ops_sky sky_boss 0 0 0.0 0.0 -999 ""
FIBERMAP 819 R+10C16 METROLOGY 0 0 0 1 0 0 140.1666462152331 193.98120706025492 143.1 224.77216151745185 82.11729993079241 208.58005 87.296394 -999.0 -999.0 -999.0 -999.0 -999.0 100.98754649702626 -4.057336593839815 100.97332715508031 -4.072452150556674 49.39727970157244 151.7194797368433 -999.0 6231.0 -999.0 -1 -999 {-999.0 -999.0 -999.0 -999.0 -999.0} "" -999.0 -999.0 -999.0 -999.0 -999 -999 "" "" "" "" 0 0 0.0 0.0 -999 ""
FIBERMAP 820 R+4C5 APOGEE 0 0 0 1 0 0 -161.494575946412 66.62897311346316 143.1 -96.41551517716003 145.66687825478215 235.92133 128.48174 -999.0 -999.0 -999.0 -999.0 -999.0 99.52672513667028 -3.77167775207147 99.51374518778368 -3.783325510199632 50.22737840020323 153.6269925899731 -999.0 16600.0 -999.0 2 127 {-999.0 -999.0 -999.0 -999.0 -999.0} "" -999.0 -999.0 -999.0 -999.0 -999 -999 "" "" "" "" 0 0 0.0 0.0 -999 ""
FIBERMAP 820 R+4C5 BOSS 1 1 0 1 0 0 -162.2292462221203 66.54824269658917 143.1 -97.06919331999586 146.0116548960128 235.92133 128.48174 99.52377319335936 -3.7702161647082875 -999.0 -999.0 -999.0 99.52378859941948 -3.7702430713950696 99.51074958090805 -3.781726384468462 50.22998015056995 153.63038964098192 5400.0 5400.0 2015.5 1 41 {-999.0 -999.0 -999.0 -999.0 -999.0} "" -999.0 -999.0 -999.0 -999.0 27021603131463972 810572839 "" ops_sky_boss_good ops_sky sky_boss 0 0 0.0 0.0 -999 ""
FIBERMAP 820 R+4C5 METROLOGY 0 0 0 1 0 0 -161.93653231297617 67.23293395894646 143.1 -96.4431380212102 146.41469977055166 235.92133 128.48174 -999.0 -999.0 -999.0 -999.0 -999.0 99.52662310580753 -3.7683700282739645 99.51360626016606 -3.7799059699768063 50.23060118192801 153.6251924518605 -999.0 6231.0 -999.0 -1 -999 {-999.0 -999.0 -999.0 -999.0 -999.0} "" -999.0 -999.0 -999.0 -999.0 -999 -999 "" "" "" "" 0 0 0.0 0.0 -999 ""
FIBERMAP 824 R-6C7 APOGEE 1 1 0 1 0 0 -91.34394980355832 -128.58184076810466 143.1 -147.6944730737262 -55.30976769856877 255.31372 125.10407 99.29443359375 -4.685448252934449 -999.0 -999.0 -999.0 99.29447482582965 -4.685469572334886 99.27913970497877 -4.696149919030415 49.465219566150054 154.48641536561684 16000.0 16600.0 2015.5 2 280 {-999.0 -999.0 -999.0 -999.0 -999.0} "" -999.0 -999.0 -999.0 -999.0 27021603131448806 832680578 "" ops_sky_apogee_best ops_sky sky_apogee 0 0 0.0 0.0 -999 ""
FIBERMAP 824 R-6C7 BOSS 0 0 0 1 0 0 -92.0443544204799 -128.866022434012 143.1 -148.4337667838316 -55.15268594236974 255.31372 125.10407 -999.0 -999.0 -999.0 -999.0 -999.0 99.29112499983401 -4.684938479469851 99.27572863464974 -4.695447895364395 49.467108950765414 154.4908962711999 -999.0 5400.0 -999.0 1 438 {-999.0 -999.0 -999.0 -999.0 -999.0} "" -999.0 -999.0 -999.0 -999.0 -999 -999 "" "" "" "" 0 0 0.0 0.0 -999 ""
FIBERMAP 824 R-6C7 METROLOGY 0 0 0 1 0 0 -91.93923084999253 -128.13070434260928 143.1 -147.93470520596296 -54.602605481828235 255.31372 125.10407 -999.0 -999.0 -999.0 -999.0 -999.0 99.29337533944457 -4.6823890352263815 99.27800311774166 -4.692951331513335 49.46861112560666 154.48625061441692 -999.0 6231.0 -999.0 -1 -999 {-999.0 -999.0 -999.0 -999.0 -999.0} "" -999.0 -999.0 -999.0 -999.0 -999 -999 "" "" "" "" 0 0 0.0 0.0 -999 ""
FIBERMAP 825 R+3C17 APOGEE 0 0 0 1 0 0 108.22595428864845 61.54081192681949 143.1 124.11277678226519 -9.671785845505097 326.2509 160.71614 -999.0 -999.0 -999.0 -999.0 -999.0 100.53407394663341 -4.474961130270348 100.51893270545895 -4.488872391818436 49.19290301353053 152.6095736339961 -999.0 16600.0 -999.0 2 -999 {-999.0 -999.0 -999.0 -999.0 -999.0} "" -999.0 -999.0 -999.0 -999.0 -999 -999 "" "" "" "" 0 0 0.0 0.0 -999 ""
FIBERMAP 825 R+3C17 BOSS 1 1 0 1 0 0 108.69074159186633 60.972582297499514 143.1 124.17932816462317 -10.402807410807682 326.2509 160.71614 100.53451538085936 -4.478460270968853 -999.0 -999.0 -999.0 100.53451124374902 -4.478453340507782 100.51929200282058 -4.492201782916675 49.189695501250505 152.61104528479825 5400.0 5400.0 2015.5 1 219 {-999.0 -999.0 -999.0 -999.0 -999.0} "" -999.0 -999.0 -999.0 -999.0 27021603131447977 810570963 "" ops_sky_boss_good ops_sky sky_boss 0 0 0.0 0.0 -999 ""
FIBERMAP 825 R+3C17 METROLOGY 0 0 0 1 0 0 107.95879784057139 60.84418475769482 143.1 123.50120015361881 -10.099035763609699 326.2509 160.71614 -999.0 -999.0 -999.0 -999.0 -999.0 100.53139074128318 -4.4770349816732375 100.51619563346816 -4.490822172193533 49.19216472953968 152.61457949564152 -999.0 6231.0 -999.0 -1 -999 {-999.0 -999.0 -999.0 -999.0 -999.0} "" -999.0 -999.0 -999.0 -999.0 -999 -999 "" "" "" "" 0 0 0.0 0.0 -999 ""
FIBERMAP 827 R+5C13 APOGEE 1 1 0 1 0 0 35.69059838430237 114.62195323832893 143.1 93.78131795253701 74.93099668449213 116.86096 77.84222 100.39443969726562 -4.0903673775727185 -999.0 -999.0 -999.0 100.39444237575647 -4.0903735578343525 100.38036125573313 -4.104090943747604 49.60115114616135 152.57575460341877 16000.0 16600.0 2015.5 2 3 {-999.0 -999.0 -999.0 -999.0 -999.0} "" -999.0 -999.0 -999.0 -999.0 27021603131450237 832680934 "" ops_sky_apogee_best ops_sky sky_apogee 0 0 0.0 0.0 -999 ""
FIBERMAP 827 R+5C13 BOSS 0 0 0 1 0 0 36.4104166559771 114.79815118944131 143.1 94.47618641532964 74.67360666413047 116.86096 77.84222 -999.0 -999.0 -999.0 -999.0 -999.0 100.39772300650137 -4.0916645237626454 100.38356984760406 -4.1052295594699135 49.59885914477171 152.57188635571114 -999.0 5400.0 -999.0 1 148 {-999.0 -999.0 -999.0 -999.0 -999.0} "" -999.0 -999.0 -999.0 -999.0 -999 -999 "" "" "" "" 0 0 0.0 0.0 -999 ""
FIBERMAP 827 R+5C13 METROLOGY 0 0 0 1 0 0 36.21460066947306 114.07981308781747 143.1 93.91152841164697 74.18840388156336 116.86096 77.84222 -999.0 -999.0 -999.0 -999.0 -999.0 100.39513379049218 -4.093836057335791 100.38099482564866 -4.107439011463522 49.597820390783504 152.5768618258783 -999.0 6231.0 -999.0 -1 -999 {-999.0 -999.0 -999.0 -999.0 -999.0} "" -999.0 -999.0 -999.0 -999.0 -999 -999 "" "" "" "" 0 0 0.0 0.0 -999 ""
FIBERMAP 828 R-2C18 APOGEE 0 0 0 1 0 0 124.21288575923121 -34.619569074260525 143.1 83.47418682819995 -98.26811490246496 19.766459 117.676796 -999.0 -999.0 -999.0 -999.0 -999.0 100.34984002898236 -4.87867310886935 100.33368150728421 -4.891949581884407 48.89194146539973 153.10621866162055 -999.0 16600.0 -999.0 2 -999 {-999.0 -999.0 -999.0 -999.0 -999.0} "" -999.0 -999.0 -999.0 -999.0 -999 -999 "" "" "" "" 0 0 0.0 0.0 -999 ""
FIBERMAP 828 R-2C18 BOSS 1 1 0 1 0 0 124.77114167413839 -35.10528941024307 143.1 83.66437780281127 -98.983173862229 19.766459 117.676796 100.35081338849295 -4.882132957060698 -0.081538364 -0.34384853 -0.0015270609 100.35081750340746 -4.8821236301163236 100.33458126776878 -4.8952364613779995 48.88856128414065 153.10686684026544 5400.0 5400.0 2016.0 1 294 {-999.0 19.87455 19.48647 19.121183 18.814983} sdss_psfmag_from_gaiadr2 19.9159 19.600647 18.804699 -999.0 63050395111175316 1056423356 dark_flexible_2x2 bhm_gua_dark bhm_filler science 0 0 0.0 0.0 -999 ""
FIBERMAP 828 R-2C18 METROLOGY 0 0 0 1 0 0 124.05682381994978 -35.349162558071555 143.1 82.9361462297239 -98.78491348955517 19.766459 117.676796 -999.0 -999.0 -999.0 -999.0 -999.0 100.34746871754571 -4.881183956864794 100.3312553143765 -4.894335378520194 48.89065908568428 153.1110020278924 -999.0 6231.0 -999.0 -1 -999 {-999.0 -999.0 -999.0 -999.0 -999.0} "" -999.0 -999.0 -999.0 -999.0 -999 -999 "" "" "" "" 0 0 0.0 0.0 -999 ""
FIBERMAP 830 R+9C18 APOGEE 0 0 0 1 0 0 202.20490610208685 187.5656442311501 143.1 272.55683112694265 42.04390464290725 80.72379 78.32818 -999.0 -999.0 -999.0 -999.0 -999.0 101.20272311297443 -4.238338617424498 101.1880116242321 -4.25403716227855 49.145115319735055 151.53032221949533 -999.0 16600.0 -999.0 2 52 {-999.0 -999.0 -999.0 -999.0 -999.0} "" -999.0 -999.0 -999.0 -999.0 -999 -999 "" "" "" "" 0 0 0.0 0.0 -999 ""
FIBERMAP 830 R+9C18 BOSS 1 1 0 1 0 0 202.8965703422723 187.30916647053726 143.1 272.9859540893467 41.44395270522104 80.72379 78.32818 101.20472859449106 -4.241191651398855 -0.10657833 1.0099694 0.13366741 101.20472369981005 -4.241209196340399 101.18993285048481 -4.256749908290217 49.141861248867926 151.52930729762454 5400.0 5400.0 2016.0 1 169 {-999.0 14.485713 14.172582 14.090285 -999.0} sdss_psfmag_ps1 14.416095 14.129682 13.665031 12.971 63050395111591923 1068379813 bright_3x1 mwm_ob_core_boss mwm_ob science 0 0 0.0 0.0 -999 ""
FIBERMAP 830 R+9C18 METROLOGY 0 0 0 1 0 0 202.32812507703096 186.82745648318902 143.1 272.2452721383678 41.36350698702271 80.72379 78.32818 -999.0 -999.0 -999.0 -999.0 -999.0 101.20140270551154 -4.241532433795036 101.18663216039278 -4.257110456329071 49.14285410483544 151.53413610371763 -999.0 6231.0 -999.0 -1 -999 {-999.0 -999.0 -999.0 -999.0 -999.0} "" -999.0 -999.0 -999.0 -999.0 -999 -999 "" "" "" "" 0 0 0.0 0.0 -999 ""
FIBERMAP 831 R-6C18 APOGEE 0 0 0 1 0 0 167.69264170565017 -125.06216316035406 143.1 68.80849510538413 -197.53330386815122 328.11826 110.60019 -999.0 -999.0 -999.0 -999.0 -999.0 100.28342840476539 -5.328121314146739 100.26609409556454 -5.341040416400132 48.50200894383142 153.45883333638952 -999.0 16600.0 -999.0 2 -999 {-999.0 -999.0 -999.0 -999.0 -999.0} "" -999.0 -999.0 -999.0 -999.0 -999 -999 "" "" "" "" 0 0 0.0 0.0 -999 ""
FIBERMAP 831 R-6C18 BOSS 1 1 0 1 0 0 167.56390691495216 -125.80588001867386 143.1 68.28517316967499 -198.07711069030898 328.11826 110.60019 100.28112435281754 -5.330806191726729 0.0669881 0.70400745 0.1792997 100.28113089066399 -5.3307935009667125 100.2637216938349 -5.343538401516261 48.50058696411717 153.4635572511327 5400.0 5400.0 2016.0 1 288 {-999.0 17.885233 17.510435 17.440248 -999.0} sdss_psfmag_ps1 17.877731 17.585648 17.113003 15.979 63050395111117136 979704695 "" ops_std_boss ops_std standard_boss 0 0 0.0 0.0 -999 ""
FIBERMAP 831 R-6C18 METROLOGY 0 0 0 1 0 0 166.995338897112 -125.32755112865058 143.1 68.08230040408148 -197.3623953516086 328.11826 110.60019 -999.0 -999.0 -999.0 -999.0 -999.0 100.28018387781665 -5.327526084052524 100.26280305673089 -5.340317383384737 48.50391500858503 153.46300137673995 -999.0 6231.0 -999.0 -1 -999 {-999.0 -999.0 -999.0 -999.0 -999.0} "" -999.0 -999.0 -999.0 -999.0 -999 -999 "" "" "" "" 0 0 0.0 0.0 -999 ""
FIBERMAP 835 R+3C22 APOGEE 1 1 0 1 0 0 230.53007705759433 60.26194512853299 143.1 224.68698225716497 -79.2580630581571 42.215015 75.99768 100.98976585471615 -4.788452821549238 -0.6238551 -0.6069434 0.36449024 100.99009193542312 -4.788459011525001 100.97398545410607 -4.803391475986939 48.72606262735685 152.16112731133586 16000.0 16600.0 2016.0 2 31 {-999.0 14.561141 12.701397 9.955249 -999.0} sdss_psfmag_gaia 12.930643 10.668408 9.26357 6.037 63050395111164068 1156865089 bright_1x1 mwm_galactic_core_dist_apogee_extra mwm_galactic science 0 0 1.2109565734863281 0.0 -999 ""
FIBERMAP 835 R+3C22 BOSS 0 0 0 1 0 0 230.9033236965852 59.60600925293547 143.1 224.6285788909255 -80.01043151199936 42.215015 75.99768 -999.0 -999.0 -999.0 -999.0 -999.0 100.98992998672755 -4.7920403052059015 100.97374319109935 -4.806806155847641 48.72301936090404 152.16350336304515 -999.0 5400.0 -999.0 1 192 {-999.0 -999.0 -999.0 -999.0 -999.0} "" -999.0 -999.0 -999.0 -999.0 -999 -999 "" "" "" "" 0 0 0.0 0.0 -999 ""
FIBERMAP 835 R+3C22 METROLOGY 0 0 0 1 0 0 230.1555090090546 59.61141513648668 143.1 224.0122769740618 -79.58695302769759 42.215015 75.99768 -999.0 -999.0 -999.0 -999.0 -999.0 100.9871314898002 -4.790096895352193 100.9709707601819 -4.804903183181483 48.725856934128984 152.16621586563372 -999.0 6231.0 -999.0 -1 -999 {-999.0 -999.0 -999.0 -999.0 -999.0} "" -999.0 -999.0 -999.0 -999.0 -999 -999 "" "" "" "" 0 0 0.0 0.0 -999 ""
FIBERMAP 837 R+1C18 APOGEE 0 0 0 1 0 0 118.09899933904487 15.182670103146151 143.1 106.3149918405142 -53.596901415097804 20.77951 77.59998 -999.0 -999.0 -999.0 -999.0 -999.0 100.45356806297846 -4.675141556121396 100.43791951617379 -4.688765687780784 49.03976716475093 152.84142048463886 -999.0 16600.0 -999.0 2 69 {-999.0 -999.0 -999.0 -999.0 -999.0} "" -999.0 -999.0 -999.0 -999.0 -999 -999 "" "" "" "" 0 0 0.0 0.0 -999 ""
FIBERMAP 837 R+1C18 BOSS 1 1 0 1 0 0 118.20449520143023 14.46001420420483 143.1 105.9974573023956 -54.25450550684669 20.77951 77.59998 100.4522324024971 -4.678309863553781 0.3460819 0.4295527 0.07157764 100.45224500156758 -4.678326766610874 100.43651991564951 -4.691782656407372 49.03752003402464 152.84515649354577 5400.0 5400.0 2016.0 1 231 {-999.0 16.154345 15.837397 15.768328 -999.0} sdss_psfmag_ps1 16.116844 15.83914 15.40445 14.704 63050395111186067 1093342270 bright_3x1 mwm_astar_core_boss mwm_ob science 0 0 0.0 0.0 -999 ""
FIBERMAP 837 R+1C18 METROLOGY 0 0 0 1 0 0 117.51299252963696 14.720102079924317 143.1 105.57049090042538 -53.651654243601335 20.77951 77.59998 -999.0 -999.0 -999.0 -999.0 -999.0 100.45026477055454 -4.675541769773308 100.43456706972017 -4.689040178354195 49.04080048668257 152.8462856618554 -999.0 6231.0 -999.0 -1 -999 {-999.0 -999.0 -999.0 -999.0 -999.0} "" -999.0 -999.0 -999.0 -999.0 -999 -999 "" "" "" "" 0 0 0.0 0.0 -999 ""
FIBERMAP 838 R-8C6 APOGEE 0 0 0 1 0 0 -103.71603536705737 -149.5334740210962 143.1 -169.6801040712948 -65.72955696463075 170.8133 102.12635 -999.0 -999.0 -999.0 -999.0 -999.0 99.1948992574718 -4.732752143742944 99.17946778853877 -4.743159648247862 49.457392283908774 154.6550669105849 -999.0 16600.0 -999.0 2 -999 {-999.0 -999.0 -999.0 -999.0 -999.0} "" -999.0 -999.0 -999.0 -999.0 -999 -999 "" "" "" "" 0 0 0.0 0.0 -999 ""
FIBERMAP 838 R-8C6 BOSS 1 1 0 1 0 0 -103.77244614342878 -148.80753316565534 143.1 -169.3200773096062 -65.09673474081798 170.8133 102.12635 99.19653088239288 -4.730066196077236 -7.973963 -4.4141984 9.9142275 99.19653223054631 -4.730063585727277 99.18104413365006 -4.7403135384419315 49.459478780521486 154.65123161322867 5400.0 5400.0 2016.0 1 411 {-999.0 17.677639 16.205196 14.68207 13.825908} sdss_psfmag_from_gdr3 17.105347 15.441561 14.191329 11.869 63050395111229450 1059269281 bright_flexible_2x1 bhm_spiders_agn_gaiadr3 bhm_spiders science 0 0 0.0 0.0 -999 ""
FIBERMAP 838 R-8C6 METROLOGY 0 0 0 1 0 0 -103.0986499928339 -149.11455006593638 143.1 -168.9340696131506 -65.72853105607666 170.8133 102.12635 -999.0 -999.0 -999.0 -999.0 -999.0 99.19828432409635 -4.732882821211801 99.18280614595312 -4.743182184691682 49.45616951047036 154.650306837604 -999.0 6231.0 -999.0 -1 -999 {-999.0 -999.0 -999.0 -999.0 -999.0} "" -999.0 -999.0 -999.0 -999.0 -999 -999 "" "" "" "" 0 0 0.0 0.0 -999 ""
FIBERMAP 839 R+3C1 APOGEE 1 1 0 1 0 0 -252.6486017674216 51.79507851217639 143.1 -180.21959519599622 184.4553326691308 246.10309 164.63666 99.14798430365795 -3.599269376077343 -3.2663949 -1.0292206 1.6055652 99.1479671182297 -3.5992705992161156 99.1355563631671 -3.610025693838328 50.52843611865783 154.07555898845973 16000.0 16600.0 2016.0 2 143 {-999.0 9.48059 9.46765 9.506971 -999.0} sdss_psfmag_from_g3xp 9.546768 9.419564 9.171766 8.823 63050395111477428 974925925 "" ops_std_apogee ops_std standard_apogee 0 0 0.0 0.0 -999 ""
FIBERMAP 839 R+3C1 BOSS 0 0 0 1 0 0 -253.09652236936796 51.21600408937134 143.1 -180.91501351841012 184.2267208318632 246.10309 164.63666 -999.0 -999.0 -999.0 -999.0 -999.0 99.14488235587608 -3.6004712871128515 99.1324072977456 -3.611061727248051 50.52863047383013 154.08075561630199 -999.0 5400.0 -999.0 1 3 {-999.0 -999.0 -999.0 -999.0 -999.0} "" -999.0 -999.0 -999.0 -999.0 -999 -999 "" "" "" "" 0 0 0.0 0.0 -999 ""
FIBERMAP 839 R+3C1 METROLOGY 0 0 0 1 0 0 -253.38707414826632 51.91573710458814 143.1 -180.76358370987944 184.96902751114783 246.10309 164.63666 -999.0 -999.0 -999.0 -999.0 -999.0 99.14556914969835 -3.5970896785831443 99.13312042172305 -3.607727556017837 50.53146814786163 154.07778291842584 -999.0 6231.0 -999.0 -1 -999 {-999.0 -999.0 -999.0 -999.0 -999.0} "" -999.0 -999.0 -999.0 -999.0 -999 -999 "" "" "" "" 0 0 0.0 0.0 -999 ""
FIBERMAP 840 R+10C12 APOGEE 0 0 0 1 0 0 84.50247438110924 201.45273460931273 143.1 182.85809069665257 119.49382348490518 66.44225 65.31939 -999.0 -999.0 -999.0 -999.0 -999.0 100.79731291789805 -3.888025268319984 100.78364785678446 -3.90284511358728 49.62822019462799 151.88274750387396 -999.0 16600.0 -999.0 2 -999 {-999.0 -999.0 -999.0 -999.0 -999.0} "" -999.0 -999.0 -999.0 -999.0 -999 -999 "" "" "" "" 0 0 0.0 0.0 -999 ""
FIBERMAP 840 R+10C12 BOSS 1 1 0 1 0 0 85.01748513154027 200.91305702961057 143.1 182.98223425948441 118.7583081194308 66.44225 65.31939 100.79801706824935 -3.89149629843754 0.14049117 0.12603061 -0.014900424 100.79800592221213 -3.891488033579841 100.78426238680356 -3.906148886573853 49.624944693879605 151.88390471788688 5400.0 5400.0 2016.0 1 141 {-999.0 16.473106 16.032333 15.795811 -999.0} sdss_psfmag_ps1 16.286877 15.905897 15.195525 14.064 63050395111666604 1093341945 bright_3x1 mwm_astar_core_boss mwm_ob science 0 0 0.0 0.0 -999 ""
FIBERMAP 840 R+10C12 METROLOGY 0 0 0 1 0 0 84.28621597857259 200.7386657864083 143.1 182.27889461942354 119.02361037433784 66.44225 65.31939 -999.0 -999.0 -999.0 -999.0 -999.0 100.79479412943715 -3.890244521494963 100.7810744306957 -3.9049429255636525 49.62731468290917 151.88767141190874 -999.0 6231.0 -999.0 -1 -999 {-999.0 -999.0 -999.0 -999.0 -999.0} "" -999.0 -999.0 -999.0 -999.0 -999 -999 "" "" "" "" 0 0 0.0 0.0 -999 ""
FIBERMAP 842 R-4C20 APOGEE 0 0 0 1 0 0 170.30206402341125 -86.73255035719717 143.1 92.44571082732678 -167.25125665984112 221.2814 121.91204 -999.0 -999.0 -999.0 -999.0 -999.0 100.39100392322544 -5.190942451236661 100.37400329017407 -5.204191723278629 48.5879496018608 153.23031360500468 -999.0 16600.0 -999.0 2 -999 {-999.0 -999.0 -999.0 -999.0 -999.0} "" -999.0 -999.0 -999.0 -999.0 -999 -999 "" "" "" "" 0 0 0.0 0.0 -999 ""
FIBERMAP 842 R-4C20 BOSS 1 1 0 1 0 0 169.60736674332406 -86.53883728732018 143.1 91.97890881311595 -166.7015862441213 221.2814 121.91204 100.38898083016699 -5.188670003792182 -0.3212667 0.7761137 0.31340185 100.38897393308966 -5.1886862234223345 100.37191114670742 -5.20176480389404 48.59098652811194 153.23183153531073 5400.0 5400.0 2016.0 1 286 {-999.0 16.881031 16.609497 16.494997 -999.0} sdss_psfmag_ps1 16.824116 16.544355 16.119081 15.392 63050395111152662 979704727 "" ops_std_boss ops_std standard_boss 0 0 0.0 0.0 -999 ""
FIBERMAP 842 R-4C20 METROLOGY 0 0 0 1 0 0 170.12083333198683 -86.00879803975864 143.1 92.70113704485192 -166.5503102192141 221.2814 121.91204 -999.0 -999.0 -999.0 -999.0 -999.0 100.39223653882657 -5.187926247432161 100.37519429507819 -5.201060590615 48.59039433124215 153.22685482924658 -999.0 6231.0 -999.0 -1 -999 {-999.0 -999.0 -999.0 -999.0 -999.0} "" -999.0 -999.0 -999.0 -999.0 -999 -999 "" "" "" "" 0 0 0.0 0.0 -999 ""
FIBERMAP 846 R+1C13 APOGEE 1 1 0 1 0 0 -8.866621264569776 -1.7879596482566278 143.1 -8.34502141769238 3.487211745061237 338.77567 39.305824 99.92929003371114 -4.416805984883804 -0.47203 0.33846676 0.42014033 99.92930984668905 -4.416804241024108 99.91450099407723 -4.4292080226902835 49.478621356108 153.42892533523178 16000.0 16600.0 2016.0 2 131 {-999.0 15.162398 13.878925 13.341955 -999.0} sdss_psfmag_from_g3xp 14.663843 13.834067 12.944778 10.915 63050395111244437 1108503745 bright_flexible_2x1 mwm_tess_rgb_apogee mwm_tessrgb science 0 0 0.0 0.0 -999 ""
FIBERMAP 846 R+1C13 BOSS 0 0 0 1 0 0 -9.559541621470997 -2.055016513464821 143.1 -9.068521711751664 3.654282609390693 338.77567 39.305824 -999.0 -999.0 -999.0 -999.0 -999.0 99.92606255951232 -4.416210502778127 99.9111902261613 -4.4284446999304246 49.48057347957073 153.4331872727386 -999.0 5400.0 -999.0 1 13 {-999.0 -999.0 -999.0 -999.0 -999.0} "" -999.0 -999.0 -999.0 -999.0 -999 -999 "" "" "" "" 0 0 0.0 0.0 -999 ""
FIBERMAP 846 R+1C13 METROLOGY 0 0 0 1 0 0 -9.449691380530343 -1.3181589609533688 143.1 -8.564683002333254 4.2029896738123345 338.77567 39.305824 -999.0 -999.0 -999.0 -999.0 -999.0 99.92834107554357 -4.4136586266241356 99.91349354229868 -4.425945464614314 49.48202177172264 153.42846264428198 -999.0 6231.0 -999.0 -1 -999 {-999.0 -999.0 -999.0 -999.0 -999.0} "" -999.0 -999.0 -999.0 -999.0 -999 -999 "" "" "" "" 0 0 0.0 0.0 -999 ""
FIBERMAP 847 R+5C22 APOGEE 1 1 0 1 0 0 230.35488787944914 113.23141947835612 143.1 254.22074797020275 -35.29124337515179 133.34189 85.40585 101.12238862761167 -4.588525189798738 -1.9311054 -1.2810688 0.12074392 101.12237555227031 -4.588536647119627 101.10676039605323 -4.603886616533143 48.85685928886589 151.85676813955493 16000.0 16600.0 2016.0 2 74 {-999.0 16.056671 14.382907 13.576873 -999.0} sdss_psfmag_from_g3xp 15.316498 14.175625 13.130298 10.515 63050395111586167 1155678289 bright_1x1 mwm_galactic_core_dist_apogee_extra mwm_galactic science 0 0 0.0 0.0 -999 ""
FIBERMAP 847 R+5C22 BOSS 0 0 0 1 0 0 230.93587737299836 113.71793993430833 143.1 254.97451420621127 -35.21384223161297 133.34189 85.40585 -999.0 -999.0 -999.0 -999.0 -999.0 101.12583557394353 -4.588331331250774 101.11014873195211 -4.60352648213664 48.855845674096855 151.85184104059337 -999.0 5400.0 -999.0 1 248 {-999.0 -999.0 -999.0 -999.0 -999.0} "" -999.0 -999.0 -999.0 -999.0 -999 -999 "" "" "" "" 0 0 0.0 0.0 -999 ""
FIBERMAP 847 R+5C22 METROLOGY 0 0 0 1 0 0 231.0645792974792 112.98811819328338 143.1 254.67218361133018 -35.89038336713003 133.34189 85.40585 -999.0 -999.0 -999.0 -999.0 -999.0 101.12446452658213 -4.591354335731089 101.10879025905257 -4.606591124414729 48.85357300597435 151.85558257710142 -999.0 6231.0 -999.0 -1 -999 {-999.0 -999.0 -999.0 -999.0 -999.0} "" -999.0 -999.0 -999.0 -999.0 -999 -999 "" "" "" "" 0 0 0.0 0.0 -999 ""
FIBERMAP 849 R+6C12 APOGEE 0 0 0 1 0 0 11.167069771018868 132.58366848897086 143.1 83.53520500937822 103.54722651979746 171.42914 59.69141 -999.0 -999.0 -999.0 -999.0 -999.0 100.34717047658779 -3.960428801066327 100.33344732756683 -3.974080097323275 49.73913163863489 152.56437910495157 -999.0 16600.0 -999.0 2 -999 {-999.0 -999.0 -999.0 -999.0 -999.0} "" -999.0 -999.0 -999.0 -999.0 -999 -999 "" "" "" "" 0 0 0.0 0.0 -999 ""
FIBERMAP 849 R+6C12 BOSS 1 1 0 1 0 0 11.621439683844981 133.17020341588506 143.1 84.24014469971385 103.77840349790182 171.42914 59.69141 100.35049438476562 -3.959487759362446 -999.0 -999.0 -999.0 100.3504788097187 -3.959490293654479 100.33668984035319 -3.9729910290133543 49.73887882002757 152.5591123375368 5400.0 5400.0 2015.5 1 117 {-999.0 -999.0 -999.0 -999.0 -999.0} "" -999.0 -999.0 -999.0 -999.0 27021603131474982 810574055 "" ops_sky_boss_good ops_sky sky_boss 0 0 0.0 0.0 -999 ""
FIBERMAP 849 R+6C12 METROLOGY 0 0 0 1 0 0 11.90684643227494 132.48675372243537 143.1 84.09357740407191 103.05246522980913 171.42914 59.69141 -999.0 -999.0 -999.0 -999.0 -999.0 100.34980134845831 -3.962750478853099 100.33602303030693 -3.976293294027224 49.736094222888795 152.56204545379862 -999.0 6231.0 -999.0 -1 -999 {-999.0 -999.0 -999.0 -999.0 -999.0} "" -999.0 -999.0 -999.0 -999.0 -999 -999 "" "" "" "" 0 0 0.0 0.0 -999 ""
FIBERMAP 852 R0C15 APOGEE 1 1 0 1 0 0 19.009384752289826 -21.215984700120163 143.1 3.8559966794529723 -28.221794468777823 325.4774 35.453068 99.98545337214735 -4.561120251195975 -3.5784013 -1.3324759 1.7085153 99.98545682801245 -4.5611565129548906 99.97024840021118 -4.573642664907582 49.32389299949003 153.43356856356047 16000.0 16600.0 2016.0 2 32 {-999.0 11.288332 10.927737 10.810219 -999.0} sdss_psfmag_from_g3xp 11.23039 10.940515 10.481358 9.733 63050395111242723 1103522610 bright_1x1 mwm_tess_2min_apogee mwm_planet science 0 0 0.0 0.0 -999 ""
FIBERMAP 852 R0C15 BOSS 0 0 0 1 0 0 18.26878809461443 -21.220698336531704 143.1 3.240002667040387 -27.810741115397956 325.4774 35.453068 -999.0 -999.0 -999.0 -999.0 -999.0 99.98270500916901 -4.559469230357188 99.9674354785372 -4.571786635185681 49.326669694040376 153.4364784967164 -999.0 5400.0 -999.0 1 180 {-999.0 -999.0 -999.0 -999.0 -999.0} "" -999.0 -999.0 -999.0 -999.0 -999 -999 "" "" "" "" 0 0 0.0 0.0 -999 ""
FIBERMAP 852 R0C15 METROLOGY 0 0 0 1 0 0 18.62472710776117 -20.572607124325756 143.1 3.897913163278694 -27.473433043853465 325.4774 35.453068 -999.0 -999.0 -999.0 -999.0 -999.0 99.9856891123699 -4.557875485748712 99.97044174009778 -4.570247166955498 49.326964845325016 153.4313291583076 -999.0 6231.0 -999.0 -1 -999 {-999.0 -999.0 -999.0 -999.0 -999.0} "" -999.0 -999.0 -999.0 -999.0 -999 -999 "" "" "" "" 0 0 0.0 0.0 -999 ""
FIBERMAP 857 R+13C3 APOGEE 0 0 0 1 0 0 -82.24907327155466 254.22418747172412 143.1 74.32443285941319 256.62956259789746 48.491245 68.03263 -999.0 -999.0 -999.0 -999.0 -999.0 100.30117405503611 -3.27060928016726 100.28928800250736 -3.284426326438863 50.391230060033486 152.20799428917573 -999.0 16600.0 -999.0 2 106 {-999.0 -999.0 -999.0 -999.0 -999.0} "" -999.0 -999.0 -999.0 -999.0 -999 -999 "" "" "" "" 0 0 0.0 0.0 -999 ""
FIBERMAP 857 R+13C3 BOSS 1 1 0 1 0 0 -81.91533022646813 253.55723247432945 143.1 74.22713908101338 255.8902021516648 48.491245 68.03263 100.30083668989649 -3.2740412467721804 -1.4528716 -1.2025363 1.0662526 100.30082683715587 -3.274053035920336 100.28886533409877 -3.287712403675266 50.388373674812925 152.21062700896118 5400.0 5400.0 2016.0 1 87 {-999.0 19.958885 18.346853 17.749016 -999.0} sdss_psfmag_ps1 19.311598 18.318304 17.285662 15.159 63050395111700622 1096149541 bright_1x1 mwm_bin_vis_boss mwm_filler science 0 0 0.0 0.0 -999 ""
FIBERMAP 857 R+13C3 METROLOGY 0 0 0 1 0 0 -82.6608314042523 253.59062296825292 143.1 73.62843299242058 256.33556088074613 48.491245 68.03263 -999.0 -999.0 -999.0 -999.0 -999.0 100.29808281759857 -3.272023619645353 100.28614633750561 -3.2857209087509784 50.39127111727365 152.21331616893198 -999.0 6231.0 -999.0 -1 -999 {-999.0 -999.0 -999.0 -999.0 -999.0} "" -999.0 -999.0 -999.0 -999.0 -999 -999 "" "" "" "" 0 0 0.0 0.0 -999 ""
FIBERMAP 859 R-9C1 APOGEE 1 1 0 1 0 0 -191.57280958548185 -193.65749078171498 143.1 -267.16472917649486 -53.04627178828108 308.74377 67.1619 98.7558683869597 -4.674602123284022 -0.6670634 -1.4967238 0.3235088 98.75586916843871 -4.67459618504921 98.74072180177848 -4.683910589524107 49.66892304292824 155.2521182828095 16000.0 16600.0 2016.0 2 272 {-999.0 15.253332 13.893692 13.323861 -999.0} sdss_psfmag_from_g3xp 14.708984 13.837043 12.9201565 10.877 63050395111227308 1105597707 bright_flexible_2x1 mwm_tess_rgb_apogee mwm_tessrgb science 0 0 0.0 0.0 -999 ""
FIBERMAP 859 R-9C1 BOSS 0 0 0 1 0 0 -192.29471419128552 -193.87729574028282 143.1 -267.88575856994186 -52.82382757474731 308.74377 67.1619 -999.0 -999.0 -999.0 -999.0 -999.0 98.75270731226223 -4.673745456025859 98.73750173135232 -4.682890010728066 49.6710112815439 155.2562006677492 -999.0 5400.0 -999.0 1 419 {-999.0 -999.0 -999.0 -999.0 -999.0} "" -999.0 -999.0 -999.0 -999.0 -999 -999 "" "" "" "" 0 0 0.0 0.0 -999 ""
FIBERMAP 859 R-9C1 METROLOGY 0 0 0 1 0 0 -192.12703701238152 -193.1482385473777 143.1 -267.3383988586134 -52.313981168767334 308.74377 67.1619 -999.0 -999.0 -999.0 -999.0 -999.0 98.75512569586151 -4.671400511664111 98.73994303370938 -4.680598160410096 49.672296122544815 155.25143253848302 -999.0 6231.0 -999.0 -1 -999 {-999.0 -999.0 -999.0 -999.0 -999.0} "" -999.0 -999.0 -999.0 -999.0 -999 -999 "" "" "" "" 0 0 0.0 0.0 -999 ""
FIBERMAP 865 R-9C11 APOGEE 1 1 0 1 0 0 14.93854376321693 -184.12983421356753 143.1 -90.79623381955219 -160.86412519163173 265.64746 44.293385 99.5553745912663 -5.164250204791574 -1.0796862 1.6033494 0.41832405 99.55537438693271 -5.16423790780723 99.53868907552521 -5.175380673496852 48.9247239476554 154.38498428472613 16000.0 16600.0 2016.0 2 179 {-999.0 14.147303 13.074721 12.63693 -999.0} sdss_psfmag_gaia 13.780528 13.085718 12.272345 10.572 63050395111134584 1108693196 bright_flexible_2x1 mwm_tess_rgb_apogee mwm_tessrgb science 0 0 0.0 0.0 -999 ""
FIBERMAP 865 R-9C11 BOSS 0 0 0 1 0 0 14.457132768329757 -183.5668686028955 143.1 -90.87950217243802 -160.12814894833969 265.64746 44.293385 -999.0 -999.0 -999.0 -999.0 -999.0 99.55501747896122 -5.16112464502064 99.53827535038482 -5.172102176438936 48.92792662387126 154.38374669450928 -999.0 5400.0 -999.0 1 374 {-999.0 -999.0 -999.0 -999.0 -999.0} "" -999.0 -999.0 -999.0 -999.0 -999 -999 "" "" "" "" 0 0 0.0 0.0 -999 ""
FIBERMAP 865 R-9C11 METROLOGY 0 0 0 1 0 0 15.191702921619687 -183.42979107845775 143.1 -90.19433560289558 -160.42620351598467 265.64746 44.293385 -999.0 -999.0 -999.0 -999.0 -999.0 99.55813042245079 -5.162418596787422 99.54140240683131 -5.173450419331008 48.92553451969178 154.38008290549087 -999.0 6231.0 -999.0 -1 -999 {-999.0 -999.0 -999.0 -999.0 -999.0} "" -999.0 -999.0 -999.0 -999.0 -999 -999 "" "" "" "" 0 0 0.0 0.0 -999 ""
FIBERMAP 866 R+11C13 APOGEE 1 1 0 1 0 0 82.61528652227211 223.36905967873278 143.1 193.57488638219388 138.70204524622994 207.39462 47.407658 100.8448513168035 -3.80133327091552 1.0814167 -2.455718 0.36509028 100.844861167343 -3.80133211022069 100.83141116662728 -3.8163077966414547 49.688643961784486 151.7620108402335 16000.0 16600.0 2016.0 2 12 {-999.0 14.309846 13.204019 12.709997 -999.0} sdss_psfmag_from_g3xp 13.910311 13.168188 12.328179 10.509 63050395111674278 1106069244 bright_flexible_2x1 mwm_tess_rgb_apogee mwm_tessrgb science 0 0 0.0 0.0 -999 ""
FIBERMAP 866 R+11C13 BOSS 0 0 0 1 0 0 82.80723370620657 224.09648407650224 143.1 194.14143135342917 139.19694088082 207.39462 47.407658 -999.0 -999.0 -999.0 -999.0 -999.0 100.8474854923042 -3.7992458299115404 100.83397100012434 -3.8140701725005157 49.68967746669651 151.75701096593554 -999.0 5400.0 -999.0 1 99 {-999.0 -999.0 -999.0 -999.0 -999.0} "" -999.0 -999.0 -999.0 -999.0 -999 -999 "" "" "" "" 0 0 0.0 0.0 -999 ""
FIBERMAP 866 R+11C13 METROLOGY 0 0 0 1 0 0 83.33991472362636 223.56873826654618 143.1 194.28689459580835 138.46140658871747 207.39462 47.407658 -999.0 -999.0 -999.0 -999.0 -999.0 100.84814742809047 -3.8025251828340236 100.83464368608048 -3.817394847216204 49.68636093529017 151.75810895104001 -999.0 6231.0 -999.0 -1 -999 {-999.0 -999.0 -999.0 -999.0 -999.0} "" -999.0 -999.0 -999.0 -999.0 -999 -999 "" "" "" "" 0 0 0.0 0.0 -999 ""
FIBERMAP 868 R+9C15 APOGEE 0 0 0 1 0 0 126.72895908574101 188.53661073983164 143.1 210.59262252217601 85.13730385734286 85.554855 106.897575 -999.0 -999.0 -999.0 -999.0 -999.0 100.92359769304008 -4.043554184057959 100.90948393510342 -4.05862891570583 49.43535728029217 151.80076897476576 -999.0 16600.0 -999.0 2 -999 {-999.0 -999.0 -999.0 -999.0 -999.0} "" -999.0 -999.0 -999.0 -999.0 -999 -999 "" "" "" "" 0 0 0.0 0.0 -999 ""
FIBERMAP 868 R+9C15 BOSS 1 1 0 1 0 0 127.4592593529717 188.70972343610558 143.1 211.2944433718374 84.87148559349689 85.554855 106.897575 100.9268876632132 -4.044909423259361 -1.3905424 -0.68054694 0.18048912 100.92687106093848 -4.0449039709573835 100.91268295795572 -4.059826103192361 49.432987984361965 151.79700171212517 5400.0 5400.0 2016.0 1 229 {-999.0 17.76098 16.948715 16.58077 16.333767} sdss_psfmag_from_ps1dr2 17.5174 16.9647 16.2339 14.978 63050395111612524 1039253412 "" ops_std_boss_ps1dr2 ops_std standard_boss 0 0 0.0 0.0 -999 ""
FIBERMAP 868 R+9C15 METROLOGY 0 0 0 1 0 0 127.24010187533466 187.99310818311437 143.1 210.71141954900355 84.40078791614143 85.554855 106.897575 -999.0 -999.0 -999.0 -999.0 -999.0 100.92423594630185 -4.046992060458658 100.91006288859057 -4.061952097240311 49.432079092005814 151.80198998345014 -999.0 6231.0 -999.0 -1 -999 {-999.0 -999.0 -999.0 -999.0 -999.0} "" -999.0 -999.0 -999.0 -999.0 -999 -999 "" "" "" "" 0 0 0.0 0.0 -999 ""
FIBERMAP 869 R+10C1 APOGEE 1 1 0 1 0 0 -173.72996215610488 215.35896606286286 143.1 -23.21513014859854 275.69871225799136 158.9698 9.319826 99.85911997400011 -3.1862189312521356 -1.1797982 -3.7937586 0.5275283 99.8590753192621 -3.1862436319972116 99.84754434610784 -3.1989738363717195 50.64146885132055 152.79474874278628 16000.0 16600.0 2016.0 2 115 {-999.0 13.595932 12.48652 12.023235 -999.0} sdss_psfmag_from_g3xp 13.196497 12.470262 11.640757 9.878 63050395111941530 1109056152 bright_1x1 mwm_tess_rgb_apogee mwm_tessrgb science 0 0 0.0 0.0 -999 ""
FIBERMAP 869 R+10C1 BOSS 0 0 0 1 0 0 -173.01918738434327 215.1658302549273 143.1 -22.73468951489373 275.1405116870309 158.9698 9.319826 -999.0 -999.0 -999.0 -999.0 -999.0 99.86131835317151 -3.1888730490951684 99.84971517399839 -3.2014533157003746 50.63834598236266 152.7931000044629 -999.0 5400.0 -999.0 1 79 {-999.0 -999.0 -999.0 -999.0 -999.0} "" -999.0 -999.0 -999.0 -999.0 -999 -999 "" "" "" "" 0 0 0.0 0.0 -999 ""
FIBERMAP 869 R+10C1 METROLOGY 0 0 0 1 0 0 -173.54912982993642 214.6325508865306 143.1 -23.472378290073557 274.995783675185 158.9698 9.319826 -999.0 -999.0 -999.0 -999.0 -999.0 99.85796089672002 -3.1894872746887066 99.8463754137635 -3.2021025722758036 50.63903065287839 152.79834663172406 -999.0 6231.0 -999.0 -1 -999 {-999.0 -999.0 -999.0 -999.0 -999.0} "" -999.0 -999.0 -999.0 -999.0 -999 -999 "" "" "" "" 0 0 0.0 0.0 -999 ""
FIBERMAP 870 R0C26 APOGEE 1 1 0 1 0 0 280.5283217641057 -10.074779186135821 143.1 226.68516312049934 -165.5241367923781 338.60794 97.821846 100.99827664252058 -5.177517430264531 -3.8255515 1.4135747 0.8599574 100.99828309704967 -5.177505387120161 100.9811412273018 -5.19229468589763 48.36560799143615 152.38193995589526 16000.0 16600.0 2016.0 2 38 {-999.0 13.221796 12.314376 11.966005 -999.0} sdss_psfmag_from_g3xp 12.937517 12.341798 11.606894 10.098 63050395110233987 1108420328 bright_1x1 mwm_tess_rgb_apogee mwm_tessrgb science 0 0 0.0 0.0 -999 ""
FIBERMAP 870 R0C26 BOSS 0 0 0 1 0 0 280.3855125986457 -10.800941013909775 143.1 226.16002106543976 -166.04551886841347 338.60794 97.821846 -999.0 -999.0 -999.0 -999.0 -999.0 100.99598309683489 -5.180039769969618 100.97876384789276 -5.194655196654946 48.3643624478458 152.38660988306157 -999.0 5400.0 -999.0 1 173 {-999.0 -999.0 -999.0 -999.0 -999.0} "" -999.0 -999.0 -999.0 -999.0 -999 -999 "" "" "" "" 0 0 0.0 0.0 -999 ""
FIBERMAP 870 R0C26 METROLOGY 0 0 0 1 0 0 279.81436580341864 -10.291438744593206 143.1 225.97247906741808 -165.30354123219888 338.60794 97.821846 -999.0 -999.0 -999.0 -999.0 -999.0 100.9951354288667 -5.176669285093593 100.97794559874671 -5.191331338075163 48.36774010147732 152.38578061023264 -999.0 6231.0 -999.0 -1 -999 {-999.0 -999.0 -999.0 -999.0 -999.0} "" -999.0 -999.0 -999.0 -999.0 -999 -999 "" "" "" "" 0 0 0.0 0.0 -999 ""
FIBERMAP 871 R-7C18 APOGEE 1 1 0 1 0 0 162.5466492462233 -156.37332618144706 143.1 47.00296868148569 -220.5815150442672 316.26035 41.174026 100.1842017528016 -5.432203323885723 -6.8456097 -3.0385969 3.7032566 100.18421276149276 -5.432250418452051 100.16663006411028 -5.4448742841219495 48.44304271857592 153.65613346987553 16000.0 16600.0 2016.0 2 234 {-999.0 13.626572 12.908462 12.685843 -999.0} sdss_psfmag_from_g3xp 13.429934 12.964809 12.343542 11.142 63050395111114595 916309193 bright_3x1 mwm_yso_cluster_apogee mwm_yso science 0 0 0.0 0.0 -999 ""
FIBERMAP 871 R-7C18 BOSS 0 0 0 1 0 0 161.7962647878203 -156.30112080622527 143.1 46.42196634154742 -220.10127420487103 316.26035 41.174026 -999.0 -999.0 -999.0 -999.0 -999.0 100.18164302266132 -5.4303140242353765 100.16399810241433 -5.442764442573551 48.44598081318032 153.65860317005024 -999.0 5400.0 -999.0 1 276 {-999.0 -999.0 -999.0 -999.0 -999.0} "" -999.0 -999.0 -999.0 -999.0 -999 -999 "" "" "" "" 0 0 0.0 0.0 -999 ""
FIBERMAP 871 R-7C18 METROLOGY 0 0 0 1 0 0 162.21564572627733 -155.6846749325633 143.1 47.11468773436119 -219.82572099090407 316.26035 41.174026 -999.0 -999.0 -999.0 -999.0 -999.0 100.18477443996129 -5.42900606559677 100.1671513905597 -5.441512511970523 48.4459648212145 153.6535084248004 -999.0 6231.0 -999.0 -1 -999 {-999.0 -999.0 -999.0 -999.0 -999.0} "" -999.0 -999.0 -999.0 -999.0 -999 -999 "" "" "" "" 0 0 0.0 0.0 -999 ""
FIBERMAP 872 R+4C23 APOGEE 0 0 0 1 0 0 259.0176978928366 71.2742994491938 143.1 254.4503104704351 -86.0994134816732 342.22858 108.65678 -999.0 -999.0 -999.0 -999.0 -999.0 101.12359370801028 -4.818260156040529 101.10736911293793 -4.833516953652362 48.64586737259623 151.9942189461114 -999.0 16600.0 -999.0 2 77 {-999.0 -999.0 -999.0 -999.0 -999.0} "" -999.0 -999.0 -999.0 -999.0 -999 -999 "" "" "" "" 0 0 0.0 0.0 -999 ""
FIBERMAP 872 R+4C23 BOSS 1 1 0 1 0 0 258.99558095739616 70.5330961629254 143.1 254.0166964759001 -86.700876697194 342.22858 108.65678 101.12173038426344 -4.821153530305089 -0.5028275 0.6327091 0.082981676 101.12172906832242 -4.821160682135862 101.10542587348795 -4.836246565870984 48.644128395536356 151.9985466132702 5400.0 5400.0 2016.0 1 247 {-999.0 16.318647 15.728803 15.644666 -999.0} sdss_psfmag_ps1 16.09399 15.768307 15.253639 14.32 63050395111162664 1093342196 bright_3x1 mwm_astar_core_boss mwm_ob science 0 0 0.0 0.0 -999 ""
FIBERMAP 872 R+4C23 METROLOGY 0 0 0 1 0 0 258.35472378004795 70.92324752324801 143.1 253.7045487582678 -86.01868519755462 342.22858 108.65678 -999.0 -999.0 -999.0 -999.0 -999.0 101.12031151009084 -4.818044799834904 101.10403725057546 -4.833175187694223 48.6474966398842 151.9986276997599 -999.0 6231.0 -999.0 -1 -999 {-999.0 -999.0 -999.0 -999.0 -999.0} "" -999.0 -999.0 -999.0 -999.0 -999 -999 "" "" "" "" 0 0 0.0 0.0 -999 ""
FIBERMAP 875 R+1C7 APOGEE 1 1 0 1 0 0 -161.71830679918355 20.006250746186645 143.1 -122.72356933321042 107.17987509869094 199.35135 93.61009 99.40704345703124 -3.946634638191867 -999.0 -999.0 -999.0 99.40705754095109 -3.946596914507944 99.3936498367326 -3.9578688630804173 50.11004320348916 153.90211595392384 16000.0 16600.0 2015.5 2 138 {-999.0 -999.0 -999.0 -999.0 -999.0} "" -999.0 -999.0 -999.0 -999.0 27021603131463589 832682370 "" ops_sky_apogee_best ops_sky sky_apogee 0 0 0.0 0.0 -999 ""
FIBERMAP 875 R+1C7 BOSS 0 0 0 1 0 0 -161.9966614962108 20.700297295093026 143.1 -122.56522418629133 107.91063827868243 199.35135 93.61009 -999.0 -999.0 -999.0 -999.0 -999.0 99.40779985154212 -3.9434001543246335 99.39433697181101 -3.9545168382219757 50.112902065271605 153.8991850178753 -999.0 5400.0 -999.0 1 21 {-999.0 -999.0 -999.0 -999.0 -999.0} "" -999.0 -999.0 -999.0 -999.0 -999 -999 "" "" "" "" 0 0 0.0 0.0 -999 ""
FIBERMAP 875 R+1C7 METROLOGY 0 0 0 1 0 0 -161.2508290497433 20.598964723709866 143.1 -122.0043117664286 107.4088251544012 199.35135 93.61009 -999.0 -999.0 -999.0 -999.0 -999.0 99.41033646096288 -3.945627097167147 99.3968848928726 -3.9567942106974674 50.109844446023985 153.896820986944 -999.0 6231.0 -999.0 -1 -999 {-999.0 -999.0 -999.0 -999.0 -999.0} "" -999.0 -999.0 -999.0 -999.0 -999 -999 "" "" "" "" 0 0 0.0 0.0 -999 ""
FIBERMAP 877 R+13C4 APOGEE 0 0 0 1 0 0 -64.23477239765099 268.47449824922165 143.1 97.22811810980072 258.33806029779527 122.4161 21.987925 -999.0 -999.0 -999.0 -999.0 -999.0 100.4046883916736 -3.2631992291630008 100.39279093878218 -3.2772814818314413 50.357114208561434 152.0546470352027 -999.0 16600.0 -999.0 2 114 {-999.0 -999.0 -999.0 -999.0 -999.0} "" -999.0 -999.0 -999.0 -999.0 -999 -999 "" "" "" "" 0 0 0.0 0.0 -999 ""
FIBERMAP 877 R+13C4 BOSS 1 1 0 1 0 0 -63.62376662160943 268.0622939779478 143.1 97.50318699704304 257.6543306243669 122.4161 21.987925 100.40603036150054 -3.2664132978421496 -0.5563651 0.28603196 0.14529224 100.40602514789845 -3.266404791730932 100.39405194736008 -3.2803336832777927 50.3538129102395 152.0547222668637 5400.0 5400.0 2016.0 1 86 {-999.0 16.602339 15.770459 15.110791 -999.0} sdss_psfmag_ps1 16.270142 15.556598 14.718625 13.294 63050395111700252 1093342061 bright_3x1 mwm_astar_core_boss mwm_ob science 0 0 0.0 0.0 -999 ""
FIBERMAP 877 R+13C4 METROLOGY 0 0 0 1 0 0 -64.27387698553679 267.728339334026 143.1 96.77765850804448 257.742011092428 122.4161 21.987925 -999.0 -999.0 -999.0 -999.0 -999.0 100.40272322375264 -3.2659635835263967 100.39077114037741 -3.2799283474583505 50.35547808280778 152.05918841500772 -999.0 6231.0 -999.0 -1 -999 {-999.0 -999.0 -999.0 -999.0 -999.0} "" -999.0 -999.0 -999.0 -999.0 -999 -999 "" "" "" "" 0 0 0.0 0.0 -999 ""
FIBERMAP 880 R-8C1 APOGEE 1 1 0 1 0 0 -185.41962960100295 -156.73002627127872 143.1 -241.3782425971897 -25.91103773733384 19.045563 91.72586 98.87088717899 -4.551987033016633 -0.6388891 1.7279788 0.18761899 98.87088454099948 -4.551960966230621 98.85602920581539 -4.5616191667431965 49.74249308371095 155.01888063081768 16000.0 16600.0 2016.0 2 276 {-999.0 15.294137 13.965261 13.33417 -999.0} sdss_psfmag_from_g3xp 14.772849 13.861834 12.924772 10.762 63050395111228871 1105320126 bright_flexible_2x1 mwm_tess_rgb_apogee mwm_tessrgb science 0 0 0.0 0.0 -999 ""
FIBERMAP 880 R-8C1 BOSS 0 0 0 1 0 0 -185.13007037525688 -157.4276185551814 143.1 -241.52929497178854 -26.651015360891428 19.045563 91.72586 -999.0 -999.0 -999.0 -999.0 -999.0 98.87025058686629 -4.55547696092718 98.85532431107879 -4.564970533472504 49.73961188289561 155.0217439878282 -999.0 5400.0 -999.0 1 418 {-999.0 -999.0 -999.0 -999.0 -999.0} "" -999.0 -999.0 -999.0 -999.0 -999 -999 "" "" "" "" 0 0 0.0 0.0 -999 ""
FIBERMAP 880 R-8C1 METROLOGY 0 0 0 1 0 0 -185.87243697862166 -157.3262244478575 143.1 -242.0873025447694 -26.15109318904178 19.045563 91.72586 -999.0 -999.0 -999.0 -999.0 -999.0 98.86773042278742 -4.553165146005026 98.8528285531591 -4.562699054833565 49.742620539192416 155.02408920243522 -999.0 6231.0 -999.0 -1 -999 {-999.0 -999.0 -999.0 -999.0 -999.0} "" -999.0 -999.0 -999.0 -999.0 -999 -999 "" "" "" "" 0 0 0.0 0.0 -999 ""
FIBERMAP 885 R+12C10 APOGEE 0 0 1 1 0 0 44.82564338032838 240.36584959536057 143.1 171.80129336266154 173.95215458133157 9.245806 172.11821 -999.0 -999.0 -999.0 -999.0 -999.0 100.74515391533299 -3.6422167747514913 100.73215398829558 -3.6570057787131054 49.87421834049306 151.8044072853476 -999.0 16600.0 -999.0 2 -999 {-999.0 -999.0 -999.0 -999.0 -999.0} "" -999.0 -999.0 -999.0 -999.0 -999 -999 "" "" "" "" 0 0 0.0 0.0 -999 ""
FIBERMAP 885 R+12C10 BOSS 1 0 1 1 0 0 45.57600328681064 240.40287792403973 143.1 172.44347913442715 173.56239349573858 9.245806 172.11821 100.78641231403964 -3.710337119753591 -2.9522972 2.846476 0.026987363 100.74815486180829 -3.6441188728469016 100.73508035727201 -3.658756819497911 49.87144935127483 151.80133224250176 5400.0 5400.0 2016.0 1 153 {-999.0 16.741013 15.702063 15.403862 -999.0} sdss_psfmag_ps1 16.382723 15.8446865 14.9567175 13.506 63050395111675780 1093342003 bright_3x1 mwm_astar_core_boss mwm_ob science 0 0 0.0 0.0 -999 ""
FIBERMAP 885 R+12C10 METROLOGY 0 0 1 1 0 0 45.231358052292755 239.73970457584463 143.1 171.78647146790763 173.2062666697371 9.245806 172.11821 -999.0 -999.0 -999.0 -999.0 -999.0 100.74518469174879 -3.645671941778576 100.73212643323814 -3.6603464753747983 49.871164726383185 151.80650997305025 -999.0 6231.0 -999.0 -1 -999 {-999.0 -999.0 -999.0 -999.0 -999.0} "" -999.0 -999.0 -999.0 -999.0 -999 -999 "" "" "" "" 0 0 0.0 0.0 -999 ""
FIBERMAP 886 R+3C2 APOGEE 0 0 0 1 0 0 -219.91556090433951 56.91694432465876 143.1 -150.24071006943268 170.35683924964454 13.769859 98.56399 -999.0 -999.0 -999.0 -999.0 -999.0 99.28293182987508 -3.661621324551849 99.2703158036341 -3.6726943374868886 50.42051782110592 153.9155664415742 -999.0 16600.0 -999.0 2 -999 {-999.0 -999.0 -999.0 -999.0 -999.0} "" -999.0 -999.0 -999.0 -999.0 -999 -999 "" "" "" "" 0 0 0.0 0.0 -999 ""
FIBERMAP 886 R+3C2 BOSS 1 1 0 1 0 0 -219.62332987617273 56.265676829008584 143.1 -150.3635938602128 169.6537302266942 13.769859 98.56399 99.28238678133253 -3.664954772828087 0.97316223 -0.1204673 0.17005664 99.28240265800888 -3.664922111009877 99.26971539014005 -3.6758356452538843 50.41782202266972 153.91826639677205 5400.0 5400.0 2016.0 1 73 {-999.0 16.076944 15.139483 14.895458 -999.0} sdss_psfmag_ps1 15.764963 15.225009 14.515539 13.265 63050395111482369 1093342029 bright_3x1 mwm_astar_core_boss mwm_ob science 0 0 0.0 0.0 -999 ""
FIBERMAP 886 R+3C2 METROLOGY 0 0 0 1 0 0 -220.3638842264619 56.320565100210956 143.1 -150.94615781924568 170.1141214350725 13.769859 98.56399 -999.0 -999.0 -999.0 -999.0 -999.0 99.27976434796223 -3.6628282456067778 99.26710117555012 -3.673780365900998 50.42069750138836 153.92087463521028 -999.0 6231.0 -999.0 -1 -999 {-999.0 -999.0 -999.0 -999.0 -999.0} "" -999.0 -999.0 -999.0 -999.0 -999 -999 "" "" "" "" 0 0 0.0 0.0 -999 ""
FIBERMAP 891 R+9C3 APOGEE 1 1 0 1 0 0 -167.400810351051 177.96954163115154 143.1 -38.92274117548828 241.1870243927559 242.21724 25.141653 99.78800510305415 -3.3403920922671 -0.051951833 -1.2471637 0.5698169 99.78799956613123 -3.340416981684491 99.7760825217128 -3.3529041952638887 50.52670592203423 152.9915479566361 16000.0 16600.0 2016.0 2 99 {-999.0 14.545027 13.433753 12.973481 -999.0} sdss_psfmag_gaia 14.159702 13.436791 12.60843 10.802 63050395111936685 1110109745 bright_flexible_2x1 mwm_tess_rgb_apogee mwm_tessrgb science 0 0 0.0 0.0 -999 ""
FIBERMAP 891 R+9C3 BOSS 0 0 0 1 0 0 -167.37380587049356 178.7258434006633 143.1 -38.47661967986694 241.7982534876886 242.21724 25.141653 -999.0 -999.0 -999.0 -999.0 -999.0 99.79008271079813 -3.3378043965159865 99.77810751428223 -3.3501426174392885 50.52848411293007 152.9869480396501 -999.0 5400.0 -999.0 1 58 {-999.0 -999.0 -999.0 -999.0 -999.0} "" -999.0 -999.0 -999.0 -999.0 -999 -999 "" "" "" "" 0 0 0.0 0.0 -999 ""
FIBERMAP 891 R+9C3 METROLOGY 0 0 0 1 0 0 -166.74013871304265 178.3317854509573 143.1 -38.17261551380644 241.11685517534713 242.21724 25.141653 -999.0 -999.0 -999.0 -999.0 -999.0 99.79144532251047 -3.3408076120781045 99.77948003602279 -3.353192081516039 50.525142443848246 152.98679187512437 -999.0 6231.0 -999.0 -1 -999 {-999.0 -999.0 -999.0 -999.0 -999.0} "" -999.0 -999.0 -999.0 -999.0 -999 -999 "" "" "" "" 0 0 0.0 0.0 -999 ""
FIBERMAP 894 R+13C9 APOGEE 0 0 0 1 0 0 45.162683730289544 256.415340104248 143.1 181.072973325 187.05529926991875 16.871208 120.946144 -999.0 -999.0 -999.0 -999.0 -999.0 100.7862991583814 -3.5834600954982117 100.7734421841472 -3.5983771886403066 49.91155591616524 151.7094634222646 -999.0 16600.0 -999.0 2 56 {-999.0 -999.0 -999.0 -999.0 -999.0} "" -999.0 -999.0 -999.0 -999.0 -999 -999 "" "" "" "" 0 0 0.0 0.0 -999 ""
FIBERMAP 894 R+13C9 BOSS 1 1 0 1 0 0 45.72460861106752 255.92468496421978 143.1 181.26343791541302 186.33409764106827 16.871208 120.946144 100.7872700331752 -3.586890268596277 -0.3988521 -0.27484974 0.22168787 100.78727119759432 -3.5868502690749064 100.7743362152222 -3.601610857979264 49.90823494690237 151.71019821875169 5400.0 5400.0 2016.0 1 165 {-999.0 19.03535 17.878952 17.308653 16.819101} sdss_psfmag_from_ps1dr2 18.6374 17.8383 16.9503 15.225 63050395111679906 1039254111 "" ops_std_boss_ps1dr2 ops_std standard_boss 0 0 0.0 0.0 -999 ""
FIBERMAP 894 R+13C9 METROLOGY 0 0 0 1 0 0 45.018708722222215 255.67069194301016 143.1 180.53650782042908 186.5192602649389 16.871208 120.946144 -999.0 -999.0 -999.0 -999.0 -999.0 100.78396704273288 -3.585963983487706 100.77105488284201 -3.60076124325718 49.91032148740897 151.71433368902527 -999.0 6231.0 -999.0 -1 -999 {-999.0 -999.0 -999.0 -999.0 -999.0} "" -999.0 -999.0 -999.0 -999.0 -999 -999 "" "" "" "" 0 0 0.0 0.0 -999 ""
FIBERMAP 895 R+11C14 APOGEE 0 0 0 1 0 0 120.69282312798862 198.94587616693008 143.1 211.42589262757255 97.14018191405638 272.21555 106.05683 -999.0 -999.0 -999.0 -999.0 -999.0 100.92691325907408 -3.9892410802923535 100.91294216311559 -4.004346622263731 49.483766363376695 151.762614579809 -999.0 16600.0 -999.0 2 96 {-999.0 -999.0 -999.0 -999.0 -999.0} "" -999.0 -999.0 -999.0 -999.0 -999 -999 "" "" "" "" 0 0 0.0 0.0 -999 ""
FIBERMAP 895 R+11C14 BOSS 1 1 0 1 0 0 119.9810498963063 198.710149243187 143.1 210.7043328176394 97.34376313356299 272.21555 106.05683 100.9234858423015 -3.988449267061398 0.15445514 0.5836173 0.10671504 100.92376005538871 -3.988463344170167 100.90972221401739 -4.003401260877996 49.485914250523685 151.76656843788336 5400.0 5400.0 2016.0 1 88 {-999.0 14.741293 13.748742 13.229334 -999.0} sdss_psfmag_from_g3xp 14.401403 13.676671 12.836794 11.168 63050395111613688 1093286522 bright_3x1 mwm_astar_core_boss mwm_ob science 0 0 0.9456341862678528 0.0 -999 ""
FIBERMAP 895 R+11C14 METROLOGY 0 0 0 1 0 0 120.12747548702811 199.44231970244422 143.1 211.23583659408246 97.86809519650578 272.21555 106.05683 -999.0 -999.0 -999.0 -999.0 -999.0 100.92610506079762 -3.986051243952474 100.91209266090362 -4.001041425205563 49.487135297213044 151.76178171396685 -999.0 6231.0 -999.0 -1 -999 {-999.0 -999.0 -999.0 -999.0 -999.0} "" -999.0 -999.0 -999.0 -999.0 -999 -999 "" "" "" "" 0 0 0.0 0.0 -999 ""
FIBERMAP 896 R-8C17 APOGEE 0 0 0 1 0 0 164.68654501343292 -173.04096414599684 143.1 39.436307753107 -235.58443183385722 339.72708 61.874992 -999.0 -999.0 -999.0 -999.0 -999.0 100.14983131728752 -5.4996679486497015 100.13207901217578 -5.512176174476856 48.39350601050026 153.74214342405608 -999.0 16600.0 -999.0 2 230 {-999.0 -999.0 -999.0 -999.0 -999.0} "" -999.0 -999.0 -999.0 -999.0 -999 -999 "" "" "" "" 0 0 0.0 0.0 -999 ""
FIBERMAP 896 R-8C17 BOSS 1 1 0 1 0 0 164.1608829793666 -173.55200676944042 143.1 38.71462323446371 -235.71314196894733 339.72708 61.874992 100.14664428245955 -5.500435542783777 -6.325916 -5.968019 2.8542068 100.14662156222704 -5.500457472186954 100.12880003105988 -5.5127890861591755 48.394157234510516 153.74704757446727 5400.0 5400.0 2016.0 1 275 {-999.0 18.267117 16.852545 15.805499 15.174518} sdss_psfmag_from_gdr3 17.314713 16.54199 15.059746 12.928 63050395111113657 1059269238 bright_flexible_2x1 bhm_spiders_agn_gaiadr3 bhm_spiders science 0 0 0.0 0.0 -999 ""
FIBERMAP 896 R-8C17 METROLOGY 0 0 0 1 0 0 163.96500360286106 -172.83225038521562 143.1 38.95567866707077 -235.00729723610013 339.72708 61.874992 -999.0 -999.0 -999.0 -999.0 -999.0 100.14769502839933 -5.49723803895513 100.1299010493675 -5.509621402076681 48.39668586880445 153.74373380958528 -999.0 6231.0 -999.0 -1 -999 {-999.0 -999.0 -999.0 -999.0 -999.0} "" -999.0 -999.0 -999.0 -999.0 -999 -999 "" "" "" "" 0 0 0.0 0.0 -999 ""
FIBERMAP 897 R-6C3 APOGEE 1 1 0 1 0 0 -179.84106766219853 -138.2569375271714 143.1 -226.407654754554 -13.737529439990242 337.6403 29.010897 98.93799317578598 -4.496779511587223 -1.8975492 0.22965105 0.6179956 98.93801728213943 -4.496787597960172 98.92328871148118 -4.506639574176406 49.76990579054728 154.89154979089244 16000.0 16600.0 2016.0 2 298 {-999.0 14.295572 13.283809 12.87985 -999.0} sdss_psfmag_gaia 13.961345 13.305327 12.520113 10.897 63050395111235699 1108445059 bright_flexible_2x1 mwm_tess_rgb_apogee mwm_tessrgb science 0 0 0.0 0.0 -999 ""
FIBERMAP 897 R-6C3 BOSS 0 0 0 1 0 0 -180.5767491062497 -138.34861218097987 143.1 -227.0683024025471 -13.401250121162287 337.6403 29.010897 -999.0 -999.0 -999.0 -999.0 -999.0 98.9350681647712 -4.4954278565279004 98.92028208291617 -4.505111629673541 49.77240526266228 154.89503663285913 -999.0 5400.0 -999.0 1 445 {-999.0 -999.0 -999.0 -999.0 -999.0} "" -999.0 -999.0 -999.0 -999.0 -999 -999 "" "" "" "" 0 0 0.0 0.0 -999 ""
FIBERMAP 897 R-6C3 METROLOGY 0 0 0 1 0 0 -180.2897568390938 -137.66269157335105 143.1 -226.44629689309784 -12.993981275782362 337.6403 29.010897 -999.0 -999.0 -999.0 -999.0 -999.0 98.93785219050001 -4.493533815744064 98.92308787962122 -4.50327116597652 49.77312269795883 154.8899724470332 -999.0 6231.0 -999.0 -1 -999 {-999.0 -999.0 -999.0 -999.0 -999.0} "" -999.0 -999.0 -999.0 -999.0 -999 -999 "" "" "" "" 0 0 0.0 0.0 -999 ""
FIBERMAP 898 R+4C19 APOGEE 1 1 0 1 0 0 163.55883604167875 65.16950073626546 143.1 171.97194080570054 -37.66962583100802 307.2728 109.87555 100.75179627274393 -4.601361232638222 4.085018 2.0040667 1.5815793 100.75179920023284 -4.601359798463412 100.736258819885 -4.615768794109144 48.99163488357673 152.3803733217972 16000.0 16600.0 2016.0 2 90 {-999.0 10.715936 10.630039 10.631613 -999.0} sdss_psfmag_gaia 10.759242 10.600342 10.318671 9.888 63050395111187638 975456776 "" ops_std_apogee ops_std standard_apogee 0 0 0.0 0.0 -999 ""
FIBERMAP 898 R+4C19 BOSS 0 0 0 1 0 0 163.14209458050524 64.57088778859482 143.1 171.2913972034091 -37.93188893912983 307.2728 109.87555 -999.0 -999.0 -999.0 -999.0 -999.0 100.74884327952515 -4.602741369347202 100.7332304621583 -4.616978937510496 48.99170156852001 152.38532843598222 -999.0 5400.0 -999.0 1 208 {-999.0 -999.0 -999.0 -999.0 -999.0} "" -999.0 -999.0 -999.0 -999.0 -999 -999 "" "" "" "" 0 0 0.0 0.0 -999 ""
FIBERMAP 898 R+4C19 METROLOGY 0 0 0 1 0 0 162.8125921988152 65.23696097966041 143.1 171.39170896951816 -37.195634842353925 307.2728 109.87555 -999.0 -999.0 -999.0 -999.0 -999.0 100.74925930103896 -4.599345952893679 100.73367510223608 -4.61363230471155 48.994608388852676 152.38271223788374 -999.0 6231.0 -999.0 -1 -999 {-999.0 -999.0 -999.0 -999.0 -999.0} "" -999.0 -999.0 -999.0 -999.0 -999 -999 "" "" "" "" 0 0 0.0 0.0 -999 ""
FIBERMAP 899 R+4C21 APOGEE 1 1 0 1 0 0 218.56957626424816 74.7314831236366 143.1 222.88874218433867 -60.57308948578535 22.119116 82.72126 100.98192389576701 -4.703940459328283 0.014675632 0.30396658 0.25005695 100.9819427506143 -4.70392244960878 100.96606288331111 -4.718869776245162 48.80684968656619 152.12157344415266 16000.0 16600.0 2016.0 2 33 {-999.0 14.566489 13.515051 13.033163 -999.0} sdss_psfmag_from_g3xp 14.200408 13.480854 12.651405 10.93 63050395111169224 1107269500 bright_flexible_2x1 mwm_tess_rgb_apogee mwm_tessrgb science 0 0 0.0 0.0 -999 ""
FIBERMAP 899 R+4C21 BOSS 0 0 0 1 0 0 218.75879268373598 74.01134845131429 143.1 222.6419566182157 -61.27551424993264 22.119116 82.72126 -999.0 -999.0 -999.0 -999.0 -999.0 100.98094122743052 -4.707284960647505 100.9649820052062 -4.722064153167725 48.80433937047276 152.12498978067237 -999.0 5400.0 -999.0 1 193 {-999.0 -999.0 -999.0 -999.0 -999.0} "" -999.0 -999.0 -999.0 -999.0 -999 -999 "" "" "" "" 0 0 0.0 0.0 -999 ""
FIBERMAP 899 R+4C21 METROLOGY 0 0 0 1 0 0 218.03597965692578 74.21436758333986 143.1 222.15708368859268 -60.702383385018564 22.119116 82.72126 -999.0 -999.0 -999.0 -999.0 -999.0 100.97872912344776 -4.704655409296772 100.96279757617214 -4.71947666389534 48.80757581423494 152.12647740577592 -999.0 6231.0 -999.0 -1 -999 {-999.0 -999.0 -999.0 -999.0 -999.0} "" -999.0 -999.0 -999.0 -999.0 -999 -999 "" "" "" "" 0 0 0.0 0.0 -999 ""
FIBERMAP 901 R+8C13 APOGEE 0 0 0 1 0 0 67.57750522687417 138.0866330005842 143.1 133.33694438496195 76.49788386541292 300.99924 85.3925 -999.0 -999.0 -999.0 -999.0 -999.0 100.57434488000686 -4.082972239501868 100.56023013555586 -4.097147915214712 49.53757992049423 152.31684222093426 -999.0 16600.0 -999.0 2 -999 {-999.0 -999.0 -999.0 -999.0 -999.0} "" -999.0 -999.0 -999.0 -999.0 -999 -999 "" "" "" "" 0 0 0.0 0.0 -999 ""
FIBERMAP 901 R+8C13 BOSS 1 1 0 1 0 0 66.90762583320782 137.7542384915588 143.1 132.59591757629656 76.5979330271091 300.99924 85.3925 100.57109036531612 -4.082646097861721 -0.3772187 0.41722357 0.19345966 100.57109483600227 -4.082653553488645 100.55691353445718 -4.096660922304092 49.53932357654209 152.3212388844925 5400.0 5400.0 2016.0 1 151 {-999.0 14.734145 14.383928 14.239678 -999.0} sdss_psfmag_from_g3xp 14.685332 14.372528 13.885865 13.056 63050395111663017 1093286484 bright_3x1 mwm_astar_core_boss mwm_ob science 0 0 0.0 0.0 -999 ""
FIBERMAP 901 R+8C13 METROLOGY 0 0 0 1 0 0 66.95215169111033 138.49356657725176 143.1 133.04703968522566 77.18528748069124 300.99924 85.3925 -999.0 -999.0 -999.0 -999.0 -999.0 100.5731006218395 -4.07994322090252 100.5589452698971 -4.0940021970460885 49.54097627273774 152.31676077961282 -999.0 6231.0 -999.0 -1 -999 {-999.0 -999.0 -999.0 -999.0 -999.0} "" -999.0 -999.0 -999.0 -999.0 -999 -999 "" "" "" "" 0 0 0.0 0.0 -999 ""
FIBERMAP 903 R+10C13 APOGEE 0 0 0 1 0 0 101.09020555716897 201.20921197253762 143.1 196.45939770144193 109.99801688885633 37.682777 111.830025 -999.0 -999.0 -999.0 -999.0 -999.0 100.85902338213847 -3.931029704622015 100.84522632245165 -3.945987765186774 49.56420754870827 151.82224642490777 -999.0 16600.0 -999.0 2 -999 {-999.0 -999.0 -999.0 -999.0 -999.0} "" -999.0 -999.0 -999.0 -999.0 -999 -999 "" "" "" "" 0 0 0.0 0.0 -999 ""
FIBERMAP 903 R+10C13 BOSS 1 1 0 1 0 0 101.73071370280583 200.8498150045205 143.1 196.78848807545623 109.34149135793544 37.682777 111.830025 100.8602598316878 -3.9341508373270937 -0.4766827 0.6183631 0.18820022 100.86063517866273 -3.9341409801291656 100.8467599975541 -3.948942214316923 49.56088822112862 151.82189537469844 5400.0 5400.0 2016.0 1 98 {-999.0 12.415103 12.054478 11.892355 -999.0} sdss_psfmag_from_g3xp 12.339195 12.040771 11.553609 10.886 63050395111614092 1068444920 bright_3x1 mwm_ob_core_boss mwm_ob science 0 0 1.3566944599151611 0.0 -999 ""
FIBERMAP 903 R+10C13 METROLOGY 0 0 0 1 0 0 101.09480636524407 200.4631283223503 143.1 196.0451765370458 109.37754183521339 37.682777 111.830025 -999.0 -999.0 -999.0 -999.0 -999.0 100.85725662980069 -3.9339334389636433 100.84340268092757 -3.948771459108854 49.562377879473615 151.82652774875902 -999.0 6231.0 -999.0 -1 -999 {-999.0 -999.0 -999.0 -999.0 -999.0} "" -999.0 -999.0 -999.0 -999.0 -999 -999 "" "" "" "" 0 0 0.0 0.0 -999 ""
FIBERMAP 904 R+7C9 APOGEE 1 1 0 1 0 0 -47.59199316859476 137.81667276923807 143.1 37.80373673113836 140.8039038142875 177.76503 110.60188 100.13810329067087 -3.7917273915299075 -0.66912234 0.05079629 0.38650176 100.13808718660073 -3.7917444357996177 100.12487242978995 -3.8049354022209005 49.975636371152845 152.76045320956763 16000.0 16600.0 2016.0 2 23 {-999.0 14.175879 13.080438 12.629459 -999.0} sdss_psfmag_gaia 13.798357 13.086856 12.264767 10.521 63050395111684283 1105270588 bright_flexible_2x1 mwm_tess_rgb_apogee mwm_tessrgb science 0 0 0.0 0.0 -999 ""
FIBERMAP 904 R+7C9 BOSS 0 0 0 1 0 0 -47.838082363069674 138.50959204339023 143.1 37.9881721533709 141.5156550024649 177.76503 110.60188 -999.0 -999.0 -999.0 -999.0 -999.0 100.13899639448157 -3.7886210808226917 100.12572334666828 -3.8016574596436583 49.97833308989618 152.75726892072197 -999.0 5400.0 -999.0 1 131 {-999.0 -999.0 -999.0 -999.0 -999.0} "" -999.0 -999.0 -999.0 -999.0 -999 -999 "" "" "" "" 0 0 0.0 0.0 -999 ""
FIBERMAP 904 R+7C9 METROLOGY 0 0 0 1 0 0 -47.10153832419067 138.38862749005085 143.1 38.530392208133186 141.00278721954808 177.76503 110.60188 -999.0 -999.0 -999.0 -999.0 -999.0 100.14145447380132 -3.790906154643499 100.12819342571851 -3.803992639951154 49.975227855708326 152.75513399316867 -999.0 6231.0 -999.0 -1 -999 {-999.0 -999.0 -999.0 -999.0 -999.0} "" -999.0 -999.0 -999.0 -999.0 -999 -999 "" "" "" "" 0 0 0.0 0.0 -999 ""
FIBERMAP 905 R-1C5 APOGEE 1 1 0 1 0 0 -195.88775075089478 -13.199075264158644 143.1 -169.62725955370448 98.8248137074235 72.76118 160.21152 99.19437235074336 -3.985408917802014 -0.8221434 -19.877298 2.4671175 99.19435723613367 -3.9854759694577457 99.18090962424696 -3.9961911148867575 50.152651505214514 154.2319123449006 16000.0 16600.0 2016.0 2 266 {-999.0 10.252599 10.338498 10.455858 -999.0} sdss_psfmag_from_g3xp 10.348227 10.274275 10.136023 9.952 63050395111470330 1103522266 bright_1x1 mwm_tess_2min_apogee mwm_planet science 0 0 0.0 0.0 -999 ""
FIBERMAP 905 R-1C5 BOSS 0 0 0 1 0 0 -195.45531711114018 -12.598620150818995 143.1 -168.93268771647777 99.0798101292204 72.76118 160.21152 -999.0 -999.0 -999.0 -999.0 -999.0 99.19752030302156 -3.9844374626940673 99.18401190261869 -3.995002547846321 50.15262321543762 154.22673866001813 -999.0 5400.0 -999.0 1 485 {-999.0 -999.0 -999.0 -999.0 -999.0} "" -999.0 -999.0 -999.0 -999.0 -999 -999 "" "" "" "" 0 0 0.0 0.0 -999 ""
FIBERMAP 905 R-1C5 METROLOGY 0 0 0 1 0 0 -195.14095145194082 -13.269294467276236 143.1 -169.0481135438765 98.34822655991871 72.76118 160.21152 -999.0 -999.0 -999.0 -999.0 -999.0 99.19698295228282 -3.987715318620194 99.18348376290777 -3.99832260457838 50.14972726383494 154.22940265231637 -999.0 6231.0 -999.0 -1 -999 {-999.0 -999.0 -999.0 -999.0 -999.0} "" -999.0 -999.0 -999.0 -999.0 -999 -999 "" "" "" "" 0 0 0.0 0.0 -999 ""
FIBERMAP 906 R+11C11 APOGEE 1 1 0 1 0 0 50.41742966492076 195.9788876461714 143.1 151.56227733628555 134.0583397436943 288.69055 74.710014 100.65529259206703 -3.8220119508610004 7.892064 -6.151114 1.5882281 100.65530068537069 -3.822029635013509 100.64185224440496 -3.836517616036128 49.74516603324477 152.04291284346183 16000.0 16600.0 2016.0 2 1 {-999.0 12.161088 11.290496 10.959112 -999.0} sdss_psfmag_gaia 11.899903 11.328054 10.611284 9.163 63050395111667953 1110273883 bright_1x1 mwm_tess_rgb_apogee mwm_tessrgb science 0 0 0.0 0.0 -999 ""
FIBERMAP 906 R+11C11 BOSS 0 0 0 1 0 0 49.67827920960792 195.9237671914036 143.1 150.91923805449338 134.42683648717073 288.69055 74.710014 -999.0 -999.0 -999.0 -999.0 -999.0 100.65248209220157 -3.8204868236899316 100.63897012907586 -3.834809524377909 49.74787127956072 152.04595675446834 -999.0 5400.0 -999.0 1 108 {-999.0 -999.0 -999.0 -999.0 -999.0} "" -999.0 -999.0 -999.0 -999.0 -999 -999 "" "" "" "" 0 0 0.0 0.0 -999 ""
FIBERMAP 906 R+11C11 METROLOGY 0 0 0 1 0 0 49.99160565932817 196.59596024220934 143.1 151.5553616416693 134.80798126873754 288.69055 74.710014 -999.0 -999.0 -999.0 -999.0 -999.0 100.65532171279759 -3.81872735658136 100.641832946016 -3.8331029659938185 49.74831045151661 152.04085226272292 -999.0 6231.0 -999.0 -1 -999 {-999.0 -999.0 -999.0 -999.0 -999.0} "" -999.0 -999.0 -999.0 -999.0 -999 -999 "" "" "" "" 0 0 0.0 0.0 -999 ""
FIBERMAP 907 R-6C6 APOGEE 0 0 0 1 0 0 -109.52634284909706 -103.42572273196595 143.1 -148.65790441217897 -24.28816809157765 81.97423 115.557625 -999.0 -999.0 -999.0 -999.0 -999.0 99.28969413122874 -4.544461327256821 99.27473507369217 -4.555188139380359 49.59811662132893 154.41369060634557 -999.0 16600.0 -999.0 2 -999 {-999.0 -999.0 -999.0 -999.0 -999.0} "" -999.0 -999.0 -999.0 -999.0 -999 -999 "" "" "" "" 0 0 0.0 0.0 -999 ""
FIBERMAP 907 R-6C6 BOSS 1 1 0 1 0 0 -108.80295748156664 -103.2006122511697 143.1 -147.93267598026716 -24.507048009912207 81.97423 115.557625 99.29299868469714 -4.545625055700577 -0.6919882 -0.844472 -0.08617742 99.29299770087374 -4.5456247448921845 99.27797106109591 -4.556197641364025 49.596001260797856 154.40962329355338 5400.0 5400.0 2016.0 1 465 {-999.0 16.466845 15.706143 15.176958 -999.0} sdss_psfmag_ps1 16.180206 15.58227 14.7440405 13.297 63050395111232206 1093342330 bright_3x1 mwm_astar_core_boss mwm_ob science 0 0 0.0 0.0 -999 ""
FIBERMAP 907 R-6C6 METROLOGY 0 0 0 1 0 0 -108.96844899567522 -103.92111795683792 143.1 -148.47343414336754 -25.011036810745622 81.97423 115.557625 -999.0 -999.0 -999.0 -999.0 -999.0 99.29053981505433 -4.54787109519191 99.2755259395272 -4.558482664216063 49.594761288368986 154.41440955568737 -999.0 6231.0 -999.0 -1 -999 {-999.0 -999.0 -999.0 -999.0 -999.0} "" -999.0 -999.0 -999.0 -999.0 -999 -999 "" "" "" "" 0 0 0.0 0.0 -999 ""
FIBERMAP 908 R+6C18 APOGEE 0 0 0 1 0 0 168.99199199665588 104.41827387263982 143.1 198.4627442207036 -8.208482535067528 344.3293 84.88075 -999.0 -999.0 -999.0 -999.0 -999.0 100.87124514909696 -4.467026034695981 100.85602575331762 -4.481792813174915 49.06796766447442 152.13267209274218 -999.0 16600.0 -999.0 2 -999 {-999.0 -999.0 -999.0 -999.0 -999.0} "" -999.0 -999.0 -999.0 -999.0 -999 -999 "" "" "" "" 0 0 0.0 0.0 -999 ""
FIBERMAP 908 R+6C18 BOSS 1 1 0 1 0 0 168.74278134730687 103.7129671859156 143.1 197.86116693641472 -8.652975772811109 344.3293 84.88075 100.86866385352327 -4.469219406973525 -0.23015593 0.68432605 0.14943953 100.86865633883303 -4.469219639458095 100.85336188764234 -4.483816255657967 49.06715503776301 152.13761483683476 5400.0 5400.0 2016.0 1 203 {-999.0 14.747436 14.642339 14.475287 -999.0} sdss_psfmag_ps1 14.688505 14.431947 14.006292 13.294 63050395111188672 1068387798 bright_3x1 mwm_ob_core_boss mwm_ob science 0 0 0.0 0.0 -999 ""
FIBERMAP 908 R+6C18 METROLOGY 0 0 0 1 0 0 168.2582491902329 104.28305747372934 143.1 197.77930564026076 -7.909350169735409 344.3293 84.88075 -999.0 -999.0 -999.0 -999.0 -999.0 100.86824473886496 -4.4657986171845625 100.85297931591947 -4.480441743985261 49.07040664488975 152.13611943244354 -999.0 6231.0 -999.0 -1 -999 {-999.0 -999.0 -999.0 -999.0 -999.0} "" -999.0 -999.0 -999.0 -999.0 -999 -999 "" "" "" "" 0 0 0.0 0.0 -999 ""
FIBERMAP 910 R+11C8 APOGEE 1 1 0 1 0 0 -24.79203448524622 200.74496848005745 143.1 91.94517329741684 180.1454948770425 259.80774 72.735245 100.38345336914062 -3.613689398898714 -999.0 -999.0 -999.0 100.38345841834382 -3.613710388143636 100.37064147319148 -3.6275959102479667 50.043704988451616 152.30158085940798 16000.0 16600.0 2015.5 2 15 {-999.0 -999.0 -999.0 -999.0 -999.0} "" -999.0 -999.0 -999.0 -999.0 27021603131476103 832683783 "" ops_sky_apogee_best ops_sky sky_apogee 0 0 0.0 0.0 -999 ""
FIBERMAP 910 R+11C8 BOSS 0 0 0 1 0 0 -25.464627668383535 201.07588071052572 143.1 91.57355046367472 180.7964069840795 259.80774 72.735245 -999.0 -999.0 -999.0 -999.0 -999.0 100.38184153515475 -3.610888739801704 100.36896541484964 -3.624613956250381 50.04710383568829 152.30215895867107 -999.0 5400.0 -999.0 1 111 {-999.0 -999.0 -999.0 -999.0 -999.0} "" -999.0 -999.0 -999.0 -999.0 -999 -999 "" "" "" "" 0 0 0.0 0.0 -999 ""
FIBERMAP 910 R+11C8 METROLOGY 0 0 0 1 0 0 -24.849998375112797 201.49365341856347 143.1 92.31665732475403 180.79802367927488 259.80774 72.735245 -999.0 -999.0 -999.0 -999.0 -999.0 100.38519145710481 -3.6108470087003735 100.37233345934158 -3.6246253188806876 50.0457768785212 152.29734974367113 -999.0 6231.0 -999.0 -1 -999 {-999.0 -999.0 -999.0 -999.0 -999.0} "" -999.0 -999.0 -999.0 -999.0 -999 -999 "" "" "" "" 0 0 0.0 0.0 -999 ""
FIBERMAP 912 R+3C20 APOGEE 1 1 0 1 0 0 182.86929172009306 45.74194341109984 143.1 177.07933852944663 -64.57895732656472 5.210107 63.14767 100.7752026645705 -4.723413089856193 -2.6954293 0.6775147 2.1709757 100.7751715428105 -4.7234096283761415 100.75930058422722 -4.7378266471442965 48.87031090761174 152.42081790573627 16000.0 16600.0 2016.0 2 62 {-999.0 9.92875 10.140532 10.305922 -999.0} sdss_psfmag_from_g3xp 10.053732 10.034183 9.986448 9.893 63050395111168354 974925666 "" ops_std_apogee ops_std standard_apogee 0 0 0.0 0.0 -999 ""
FIBERMAP 912 R+3C20 BOSS 0 0 0 1 0 0 182.60135266532566 45.0459965746107 143.1 176.4674949467862 -65.00520530623112 5.210107 63.14767 -999.0 -999.0 -999.0 -999.0 -999.0 100.77252470013575 -4.725542666852079 100.75657898708346 -4.739787986137577 48.86956483133416 152.42577850660078 -999.0 5400.0 -999.0 1 216 {-999.0 -999.0 -999.0 -999.0 -999.0} "" -999.0 -999.0 -999.0 -999.0 -999 -999 "" "" "" "" 0 0 0.0 0.0 -999 ""
FIBERMAP 912 R+3C20 METROLOGY 0 0 0 1 0 0 182.13260426099674 45.63080402020122 143.1 176.406951598508 -64.25823478997704 5.210107 63.14767 -999.0 -999.0 -999.0 -999.0 -999.0 100.77221600371362 -4.722104478272392 100.75629930715371 -4.736396981418867 48.87279534095056 152.4241549536661 -999.0 6231.0 -999.0 -1 -999 {-999.0 -999.0 -999.0 -999.0 -999.0} "" -999.0 -999.0 -999.0 -999.0 -999 -999 "" "" "" "" 0 0 0.0 0.0 -999 ""
FIBERMAP 914 R+3C11 APOGEE 0 0 0 1 0 0 -52.6416729170624 51.31859424242645 143.1 -14.843314655132787 71.99661029343558 248.95627 55.85208 -999.0 -999.0 -999.0 -999.0 -999.0 99.8988439805214 -4.104829596385274 99.88487123224252 -4.117285166158109 49.77856036692215 153.2890778474444 -999.0 16600.0 -999.0 2 124 {-999.0 -999.0 -999.0 -999.0 -999.0} "" -999.0 -999.0 -999.0 -999.0 -999 -999 "" "" "" "" 0 0 0.0 0.0 -999 ""
FIBERMAP 914 R+3C11 BOSS 1 1 0 1 0 0 -53.08421072147571 51.914458794024505 143.1 -14.87595540123228 72.73805233940382 248.95627 55.85208 99.89873189209611 -4.101569347381006 0.25968504 -2.038305 0.13996129 99.89874502424232 -4.101577287483712 99.88471532882392 -4.113874184918997 49.78177586706458 153.28729889453425 5400.0 5400.0 2016.0 1 14 {-999.0 16.36371 15.436372 15.191698 -999.0} sdss_psfmag_ps1 15.978778 15.766802 14.658989 13.263 63050395111271934 1093341655 bright_3x1 mwm_astar_core_boss mwm_ob science 0 0 0.0 0.0 -999 ""
FIBERMAP 914 R+3C11 METROLOGY 0 0 0 1 0 0 -52.347787044272096 52.00125332096437 143.1 -14.217427385453803 72.39731548603615 248.95627 55.85208 -999.0 -999.0 -999.0 -999.0 -999.0 99.90173856015677 -4.1030819419014435 99.88772257054728 -4.11543107930625 49.77919833974438 153.28391400343097 -999.0 6231.0 -999.0 -1 -999 {-999.0 -999.0 -999.0 -999.0 -999.0} "" -999.0 -999.0 -999.0 -999.0 -999 -999 "" "" "" "" 0 0 0.0 0.0 -999 ""
FIBERMAP 916 R-13C3 APOGEE 0 0 0 1 0 0 -106.09232877849253 -272.457011553623 143.1 -240.5223151582989 -166.20186470786268 314.5916 44.302925 -999.0 -999.0 -999.0 -999.0 -999.0 98.87870452953642 -5.1852773650509665 98.86216165952862 -5.194691226583739 49.14828993873503 155.35494599762347 -999.0 16600.0 -999.0 2 198 {-999.0 -999.0 -999.0 -999.0 -999.0} "" -999.0 -999.0 -999.0 -999.0 -999 -999 "" "" "" "" 0 0 0.0 0.0 -999 ""
FIBERMAP 916 R-13C3 BOSS 1 1 0 1 0 0 -106.83425617675783 -272.4185679591659 143.1 -241.11523022923362 -165.75432345628565 314.5916 44.302925 98.87576711183976 -5.18339621091027 0.023491364 1.5907797 0.16817315 98.87611093610714 -5.183400012319437 98.85951142884306 -5.192642838982926 49.15113641449276 155.3576202403888 5400.0 5400.0 2016.0 1 342 {-999.0 13.361409 12.698998 12.382805 -999.0} sdss_psfmag_from_g3xp 13.184712 12.688595 12.016812 10.768 63050395111079225 1093136273 bright_3x1 mwm_astar_core_boss mwm_ob science 0 0 1.2169756889343262 0.0 -999 ""
FIBERMAP 916 R-13C3 METROLOGY 0 0 0 1 0 0 -106.4273829824096 -271.78588075682853 143.1 -240.42376756032914 -165.45831127266678 314.5916 44.302925 -999.0 -999.0 -999.0 -999.0 -999.0 98.87917255152048 -5.182050826079583 98.86259341555348 -5.1913488378449015 49.15126688261168 155.35253144392127 -999.0 6231.0 -999.0 -1 -999 {-999.0 -999.0 -999.0 -999.0 -999.0} "" -999.0 -999.0 -999.0 -999.0 -999 -999 "" "" "" "" 0 0 0.0 0.0 -999 ""
FIBERMAP 918 R-4C10 APOGEE 0 0 0 1 0 0 -39.34805477079082 -61.40714519083281 143.1 -66.99406196307523 -28.80987650084801 101.00902 83.253914 -999.0 -999.0 -999.0 -999.0 -999.0 99.6617439695167 -4.564541291546082 99.64662188984289 -4.576204861466192 49.442244111224205 153.89457265089382 -999.0 16600.0 -999.0 2 -999 {-999.0 -999.0 -999.0 -999.0 -999.0} "" -999.0 -999.0 -999.0 -999.0 -999 -999 "" "" "" "" 0 0 0.0 0.0 -999 ""
FIBERMAP 918 R-4C10 BOSS 1 1 0 1 0 0 -38.62890003060637 -61.33806495306126 143.1 -66.35976120239056 -29.155608304004744 101.00902 83.253914 99.66469879230496 -4.566301476781538 -0.6146795 1.1493949 0.187513 99.66467410455438 -4.566288390192252 99.6494814465837 -4.57779642129359 49.43970815261891 153.89141075957266 5400.0 5400.0 2016.0 1 408 {-999.0 14.816653 14.348111 14.150219 -999.0} sdss_psfmag_from_g3xp 14.714387 14.342506 13.778121 12.82 63050395111245274 1068444867 bright_3x1 mwm_ob_core_boss mwm_ob science 0 0 0.0 0.0 -999 ""
FIBERMAP 918 R-4C10 METROLOGY 0 0 0 1 0 0 -38.91830375244904 -62.01704357806301 143.1 -66.97987424810718 -29.555776744828975 101.00902 83.253914 -999.0 -999.0 -999.0 -999.0 -999.0 99.66183561127121 -4.568067165039905 99.64665751550416 -4.57961322571915 49.43906605594105 153.89646756719284 -999.0 6231.0 -999.0 -1 -999 {-999.0 -999.0 -999.0 -999.0 -999.0} "" -999.0 -999.0 -999.0 -999.0 -999 -999 "" "" "" "" 0 0 0.0 0.0 -999 ""
FIBERMAP 919 R-12C2 APOGEE 1 1 0 1 0 0 -140.87606574012975 -217.07380892429762 143.1 -238.29850439133682 -100.84481753243108 140.11043 85.49806 98.88623543288836 -4.891022842869657 -1.3442637 0.42717013 0.37764713 98.88621704107005 -4.891013783226786 98.87045554105049 -4.900569960010126 49.42054204420155 155.18386075811105 16000.0 16600.0 2016.0 2 204 {-999.0 14.411068 13.316105 12.829867 -999.0} sdss_psfmag_from_g3xp 14.023364 13.285848 12.447459 10.668 63050395111219773 1110720195 bright_flexible_2x1 mwm_tess_rgb_apogee mwm_tessrgb science 0 0 0.0 0.0 -999 ""
FIBERMAP 919 R-12C2 BOSS 0 0 0 1 0 0 -140.3613036805784 -216.5373308165943 143.1 -237.57159556621795 -100.6889347772742 140.11043 85.49806 -999.0 -999.0 -999.0 -999.0 -999.0 98.8895220356783 -4.890493145062884 98.87369877067448 -4.89989443559877 49.4200290370207 155.1788475384898 -999.0 5400.0 -999.0 1 339 {-999.0 -999.0 -999.0 -999.0 -999.0} "" -999.0 -999.0 -999.0 -999.0 -999 -999 "" "" "" "" 0 0 0.0 0.0 -999 ""
FIBERMAP 919 R-12C2 METROLOGY 0 0 0 1 0 0 -140.14207377185338 -217.25421199208702 143.1 -237.79170139531809 -101.40548162704346 140.11043 85.49806 -999.0 -999.0 -999.0 -999.0 -999.0 98.88854236297996 -4.893676700345795 98.87272853566219 -4.903120494338348 49.41735466939862 155.18199402805521 -999.0 6231.0 -999.0 -1 -999 {-999.0 -999.0 -999.0 -999.0 -999.0} "" -999.0 -999.0 -999.0 -999.0 -999 -999 "" "" "" "" 0 0 0.0 0.0 -999 ""
FIBERMAP 920 R+5C2 APOGEE 0 0 0 1 0 0 -207.1734350511735 80.60054388101184 143.1 -126.41789254914026 182.8318751036667 319.79578 83.83754 -999.0 -999.0 -999.0 -999.0 -999.0 99.39090888955118 -3.6046776770869435 99.37841143068903 -3.6160484894420413 50.43300249269968 153.7253128188832 -999.0 16600.0 -999.0 2 -999 {-999.0 -999.0 -999.0 -999.0 -999.0} "" -999.0 -999.0 -999.0 -999.0 -999 -999 "" "" "" "" 0 0 0.0 0.0 -999 ""
FIBERMAP 920 R+5C2 BOSS 1 1 0 1 0 0 -207.6516070405418 80.09109452327999 143.1 -127.0993536938518 182.6778757667519 319.79578 83.83754 99.3878173828125 -3.6055133799134325 -999.0 -999.0 -999.0 99.38786170772276 -3.605515591060658 99.37529990225477 -3.616721782570395 50.4335359024481 153.73023041540893 5400.0 5400.0 2015.5 1 71 {-999.0 -999.0 -999.0 -999.0 -999.0} "" -999.0 -999.0 -999.0 -999.0 27021603131464243 819436466 "" ops_sky_boss_good ops_sky sky_boss 0 0 0.0 0.0 -999 ""
FIBERMAP 920 R+5C2 METROLOGY 0 0 0 1 0 0 -207.8920945033996 80.80101974548914 143.1 -126.9007505354906 183.40057241352898 319.79578 83.83754 -999.0 -999.0 -999.0 -999.0 -999.0 99.38875778326502 -3.6022180520193086 99.37622230146712 -3.6134722391064105 50.436207702824646 153.72698682083484 -999.0 6231.0 -999.0 -1 -999 {-999.0 -999.0 -999.0 -999.0 -999.0} "" -999.0 -999.0 -999.0 -999.0 -999 -999 "" "" "" "" 0 0 0.0 0.0 -999 ""
FIBERMAP 921 R+2C21 APOGEE 1 1 0 1 0 0 184.02608378727112 24.629381619581018 143.1 166.20798757367152 -82.71227074859398 301.0684 103.744675 100.72601601769414 -4.8059861721802415 0.030574746 -0.6720928 0.3663455 100.72602319440463 -4.8059828121235135 100.7099475189492 -4.820241059984736 48.813594546419694 152.53845622970587 16000.0 16600.0 2016.0 2 80 {-999.0 14.598068 13.385429 12.862189 -999.0} sdss_psfmag_gaia 14.150229 13.36245 12.483837 10.578 63050395111166401 1108311961 bright_flexible_2x1 mwm_tess_rgb_apogee mwm_tessrgb science 0 0 0.0 0.0 -999 ""
FIBERMAP 921 R+2C21 BOSS 0 0 0 1 0 0 183.52924372870234 24.07696063392153 143.1 165.48698871505079 -82.89139891435278 301.0684 103.744675 -999.0 -999.0 -999.0 -999.0 -999.0 100.72287493258946 -4.807004588892331 100.70672771824337 -4.821089900450011 48.81406105955338 152.54344606842548 -999.0 5400.0 -999.0 1 223 {-999.0 -999.0 -999.0 -999.0 -999.0} "" -999.0 -999.0 -999.0 -999.0 -999 -999 "" "" "" "" 0 0 0.0 0.0 -999 ""
FIBERMAP 921 R+2C21 METROLOGY 0 0 0 1 0 0 183.28484552758633 24.780224700329754 143.1 165.6786207955602 -82.17202776312307 301.0684 103.744675 -999.0 -999.0 -999.0 -999.0 -999.0 100.72371117544508 -4.8036846027106375 100.70759229416012 -4.817820065212274 48.81673798571828 152.54030866654344 -999.0 6231.0 -999.0 -1 -999 {-999.0 -999.0 -999.0 -999.0 -999.0} "" -999.0 -999.0 -999.0 -999.0 -999 -999 "" "" "" "" 0 0 0.0 0.0 -999 ""
FIBERMAP 925 R-13C12 APOGEE 0 0 0 1 0 0 97.72920308447677 -264.31814045784967 143.1 -67.15963459942641 -273.66278303524024 252.47989 121.5317 -999.0 -999.0 -999.0 -999.0 -999.0 99.66576789918679 -5.670328733060304 99.6477014173646 -5.681537643739058 48.41381691335624 154.51118700950104 -999.0 16600.0 -999.0 2 182 {-999.0 -999.0 -999.0 -999.0 -999.0} "" -999.0 -999.0 -999.0 -999.0 -999 -999 "" "" "" "" 0 0 0.0 0.0 -999 ""
FIBERMAP 925 R-13C12 BOSS 1 1 0 1 0 0 97.01271269197039 -264.5169653415514 143.1 -67.86442484943095 -273.42599697390335 252.47989 121.5317 99.66263535555713 -5.669429712477441 -999.0 -999.0 -999.0 99.66263220202038 -5.669430220092366 99.64450284316052 -5.680462812664727 48.415975525062805 154.5150653180344 5400.0 5400.0 2016.0 1 337 {-999.0 21.036934 20.583683 20.164406 19.808592} sdss_psfmag_from_gaiadr2 20.880957 20.733273 19.646505 -999.0 63050395111108348 1056423350 dark_flexible_2x2 bhm_gua_dark bhm_filler science 0 0 0.0 0.0 -999 ""
FIBERMAP 925 R-13C12 METROLOGY 0 0 0 1 0 0 97.18908808954247 -263.8007715281569 143.1 -67.31706874720176 -272.9316774806885 252.47989 121.5317 -999.0 -999.0 -999.0 -999.0 -999.0 99.66508262957483 -5.667190447686498 99.64697728492814 -5.678278037588384 48.41711538993831 154.51041241577656 -999.0 6231.0 -999.0 -1 -999 {-999.0 -999.0 -999.0 -999.0 -999.0} "" -999.0 -999.0 -999.0 -999.0 -999 -999 "" "" "" "" 0 0 0.0 0.0 -999 ""
FIBERMAP 932 R0C19 APOGEE 1 1 0 1 0 0 120.38061864159576 -19.859971250027357 143.1 88.57016981007274 -83.8971757227397 357.35495 33.65001 100.37680537634711 -4.813712591644319 -0.072305106 0.6288908 0.17649087 100.37296440365026 -4.813273950189601 100.35697280742835 -4.826636350821898 48.94342623629117 153.03559732757085 16000.0 16600.0 2016.0 2 64 {-999.0 14.358298 13.511171 13.148059 -999.0} sdss_psfmag_from_g3xp 14.095595 13.523924 12.782544 11.251 63050395111175862 1109734243 bright_flexible_3x1 mwm_tess_rgb_apogee mwm_tessrgb science 0 0 0.0 0.0 -999 ""
FIBERMAP 932 R0C19 BOSS 0 0 0 1 0 0 119.77223526615205 -20.297432843615052 143.1 87.82120403618268 -83.91859810317656 357.35495 33.65001 -999.0 -999.0 -999.0 -999.0 -999.0 100.36965756182008 -4.813588111301717 100.35359783161061 -4.82677772868483 48.94458234315 153.04041039654703 -999.0 5400.0 -999.0 1 242 {-999.0 -999.0 -999.0 -999.0 -999.0} "" -999.0 -999.0 -999.0 -999.0 -999 -999 "" "" "" "" 0 0 0.0 0.0 -999 ""
FIBERMAP 932 R0C19 METROLOGY 0 0 0 1 0 0 119.66561299156726 -19.558035726916632 143.1 88.14718581657651 -83.2464980127343 357.35495 33.65001 -999.0 -999.0 -999.0 -999.0 -999.0 100.37111164712408 -4.810472986702454 100.35507910787749 -4.8237141568665365 48.94684807889467 153.0365493160362 -999.0 6231.0 -999.0 -1 -999 {-999.0 -999.0 -999.0 -999.0 -999.0} "" -999.0 -999.0 -999.0 -999.0 -999 -999 "" "" "" "" 0 0 0.0 0.0 -999 ""
FIBERMAP 934 R+3C10 APOGEE 0 0 0 1 0 0 -71.5785277295492 71.0746537692615 143.1 -19.457240632446485 98.96867425430122 190.90637 54.28272 -999.0 -999.0 -999.0 -999.0 -999.0 99.87750371542991 -3.982221845904022 99.8638620832674 -3.994673784347044 49.89996142487855 153.24705515053148 -999.0 16600.0 -999.0 2 -999 {-999.0 -999.0 -999.0 -999.0 -999.0} "" -999.0 -999.0 -999.0 -999.0 -999 -999 "" "" "" "" 0 0 0.0 0.0 -999 ""
FIBERMAP 934 R+3C10 BOSS 1 1 0 1 0 0 -71.20294203011073 71.81073990799761 143.1 -18.733755339641817 99.36785057134563 190.90637 54.28272 99.88082885742189 -3.980520570251869 -999.0 -999.0 -999.0 99.8808577098623 -3.9805093408409062 99.86715421486741 -3.99281143749432 49.90043821302097 153.24124070580288 5400.0 5400.0 2015.5 1 24 {-999.0 -999.0 -999.0 -999.0 -999.0} "" -999.0 -999.0 -999.0 -999.0 27021603131450898 819435417 "" ops_sky_boss_good ops_sky sky_boss 0 0 0.0 0.0 -999 ""
FIBERMAP 934 R+3C10 METROLOGY 0 0 0 1 0 0 -70.83717524364404 71.15866848317552 143.1 -18.796188170817924 98.6228735773185 190.90637 54.28272 -999.0 -999.0 -999.0 -999.0 -999.0 99.88056328537392 -3.983860024771172 99.86686953690565 -3.996205057059426 49.89740623780015 153.24364798787755 -999.0 6231.0 -999.0 -1 -999 {-999.0 -999.0 -999.0 -999.0 -999.0} "" -999.0 -999.0 -999.0 -999.0 -999 -999 "" "" "" "" 0 0 0.0 0.0 -999 ""
FIBERMAP 936 R+2C20 APOGEE 0 0 0 1 0 0 145.7683864341941 48.157212421843305 143.1 147.70610731819033 -41.79098314731836 146.56613 108.0046 -999.0 -999.0 -999.0 -999.0 -999.0 100.64175763563017 -4.62061364034902 100.62619850334704 -4.634736475906686 49.016956160538754 152.54563459146465 -999.0 16600.0 -999.0 2 -999 {-999.0 -999.0 -999.0 -999.0 -999.0} "" -999.0 -999.0 -999.0 -999.0 -999 -999 "" "" "" "" 0 0 0.0 0.0 -999 ""
FIBERMAP 936 R+2C20 BOSS 1 1 0 1 0 0 145.9417090727263 48.88274135410434 143.1 148.25616564073795 -41.28722196028708 146.56613 108.0046 100.64439284340834 -4.618478828040806 -0.6651254 1.289078 0.42077565 100.64437573143395 -4.618490653572707 100.62875224247955 -4.632457612437368 49.01806542996638 152.54070743044306 5400.0 5400.0 2016.0 1 222 {-999.0 15.299339 14.927589 14.962432 -999.0} sdss_psfmag_ps1 15.240705 14.986375 14.526796 13.832 63050395111185850 978386611 "" ops_std_boss ops_std standard_boss 0 0 0.0 0.0 -999 ""
FIBERMAP 936 R+2C20 METROLOGY 0 0 0 1 0 0 146.48359325859983 48.36967695731989 143.1 148.41747684504483 -42.0157538337739 146.56613 108.0046 -999.0 -999.0 -999.0 -999.0 -999.0 100.64508592703893 -4.621749788702954 100.6294731964885 -4.635763468626617 49.01474042385086 152.5416589087609 -999.0 6231.0 -999.0 -1 -999 {-999.0 -999.0 -999.0 -999.0 -999.0} "" -999.0 -999.0 -999.0 -999.0 -999 -999 "" "" "" "" 0 0 0.0 0.0 -999 ""
FIBERMAP 938 R+12C15 APOGEE 0 0 0 1 0 0 164.82940030732837 238.37706002023407 143.1 270.07259388931413 105.06682567132165 8.421752 140.94734 -999.0 -999.0 -999.0 -999.0 -999.0 101.1891574102026 -3.9538550523146054 101.1752022122111 -3.969637182163072 49.410558788744765 151.37260946927543 -999.0 16600.0 -999.0 2 44 {-999.0 -999.0 -999.0 -999.0 -999.0} "" -999.0 -999.0 -999.0 -999.0 -999 -999 "" "" "" "" 0 0 0.0 0.0 -999 ""
FIBERMAP 938 R+12C15 BOSS 1 1 0 1 0 0 165.46977145005658 238.002035542476 143.1 270.3928146881836 104.3974343937447 8.421752 140.94734 101.19066946535864 -3.957066105570349 -1.000597 0.6538845 0.13206503 101.19067014742026 -3.9570412373011705 101.17663526224294 -3.9726658304747966 49.4072107574835 151.3724792381002 5400.0 5400.0 2016.0 1 179 {-999.0 15.769102 15.25954 15.189303 -999.0} sdss_psfmag_ps1 15.6600685 15.289805 14.737024 13.905 63050395111616583 1093341736 bright_3x1 mwm_astar_core_boss mwm_ob science 0 0 0.0 0.0 -999 ""
FIBERMAP 938 R+12C15 METROLOGY 0 0 0 1 0 0 164.82591885720348 237.6291932014695 143.1 269.6506799876943 104.44940231783444 8.421752 140.94734 -999.0 -999.0 -999.0 -999.0 -999.0 101.18734365365665 -3.956753418699757 101.17333059365541 -3.972415094855922 49.40877142226936 151.37695882248258 -999.0 6231.0 -999.0 -1 -999 {-999.0 -999.0 -999.0 -999.0 -999.0} "" -999.0 -999.0 -999.0 -999.0 -999 -999 "" "" "" "" 0 0 0.0 0.0 -999 ""
FIBERMAP 940 R+12C5 APOGEE 0 0 0 1 0 0 -61.14500195953477 216.69170455200197 143.1 70.77307089463413 213.72099168565805 321.1556 85.3041 -999.0 -999.0 -999.0 -999.0 -999.0 100.28638714388057 -3.462592269830486 100.2739984589756 -3.4762936760821925 50.22068690962874 152.34769481679513 -999.0 16600.0 -999.0 2 -999 {-999.0 -999.0 -999.0 -999.0 -999.0} "" -999.0 -999.0 -999.0 -999.0 -999 -999 "" "" "" "" 0 0 0.0 0.0 -999 ""
FIBERMAP 940 R+12C5 BOSS 1 1 0 1 0 0 -61.655347928383875 216.16237848996457 143.1 70.05382672012252 213.56855782540512 321.1556 85.3041 100.28317192813685 -3.463385361232874 -1.0400894 1.1325796 0.1417452 100.28320687828905 -3.463395355992069 100.27075045260602 -3.476931927694846 50.221366904882245 152.35274856948837 5400.0 5400.0 2016.0 1 157 {-999.0 16.558096 15.899504 15.3619585 -999.0} sdss_psfmag_ps1 16.293701 15.747092 15.037544 13.795 63050395111692743 1093342060 bright_3x1 mwm_astar_core_boss mwm_ob science 0 0 0.0 0.0 -999 ""
FIBERMAP 940 R+12C5 METROLOGY 0 0 0 1 0 0 -61.870620686925385 216.86531170327115 143.1 70.26939475319345 214.27133595043264 321.1556 85.3041 -999.0 -999.0 -999.0 -999.0 -999.0 100.28414366426797 -3.460203765342913 100.2717142553717 -3.4737883609700626 50.22388421685537 152.34944383124218 -999.0 6231.0 -999.0 -1 -999 {-999.0 -999.0 -999.0 -999.0 -999.0} "" -999.0 -999.0 -999.0 -999.0 -999 -999 "" "" "" "" 0 0 0.0 0.0 -999 ""
FIBERMAP 941 R-13C14 APOGEE 0 0 0 1 0 0 131.79814749910892 -257.5388809072735 143.1 -35.145731188616665 -287.13715178018737 213.7311 105.03466 -999.0 -999.0 -999.0 -999.0 -999.0 99.811386245535 -5.730284471063796 99.79311739182867 -5.741837163189169 48.304889018253306 154.34153573727133 -999.0 16600.0 -999.0 2 -999 {-999.0 -999.0 -999.0 -999.0 -999.0} "" -999.0 -999.0 -999.0 -999.0 -999 -999 "" "" "" "" 0 0 0.0 0.0 -999 ""
FIBERMAP 941 R-13C14 BOSS 1 1 0 1 0 0 131.2391999086929 -257.0531188257911 143.1 -35.336471610246775 -286.42167070076414 213.7311 105.03466 99.81058293889927 -5.727253605068193 -1.6838173 5.6759014 -0.55633414 99.8105747077314 -5.727265470445919 99.79224727163563 -5.738648173695585 48.308173627598684 154.34099256222555 5400.0 5400.0 2016.0 1 257 {-999.0 16.687536 15.711463 15.531777 -999.0} sdss_psfmag_ps1 16.302572 15.855881 15.057977 13.696 63050395111103406 1093341897 bright_3x1 mwm_astar_core_boss mwm_ob science 0 0 0.0 0.0 -999 ""
FIBERMAP 941 R-13C14 METROLOGY 0 0 0 1 0 0 131.94434527624327 -256.80724698892857 143.1 -34.61471670902635 -286.6131364295608 213.7311 105.03466 -999.0 -999.0 -999.0 -999.0 -999.0 99.81383552367045 -5.728066260642479 99.79552394353766 -5.739504838798401 48.30618322401689 154.33690235301614 -999.0 6231.0 -999.0 -1 -999 {-999.0 -999.0 -999.0 -999.0 -999.0} "" -999.0 -999.0 -999.0 -999.0 -999 -999 "" "" "" "" 0 0 0.0 0.0 -999 ""
FIBERMAP 942 R+1C24 APOGEE 0 0 0 1 0 0 216.06373739596054 30.79853302563341 143.1 196.1977568894098 -95.55378899275016 226.83179 15.600886 -999.0 -999.0 -999.0 -999.0 -999.0 100.86171803141063 -4.863221076294663 100.84545072031773 -4.877798075811195 48.70791839554859 152.38393789393217 -999.0 16600.0 -999.0 2 59 {-999.0 -999.0 -999.0 -999.0 -999.0} "" -999.0 -999.0 -999.0 -999.0 -999 -999 "" "" "" "" 0 0 0.0 0.0 -999 ""
FIBERMAP 942 R+1C24 BOSS 1 1 0 1 0 0 216.38858794599187 31.4618713287 143.1 196.83846326840398 -95.18643456950431 226.83179 15.600886 100.8647582488312 -4.861711294868005 -2.7103856 3.2422645 0.04323176 100.8647195213355 -4.861718613673715 100.84838491363314 -4.8761388236766985 48.708301585734645 152.37887695116078 5400.0 5400.0 2016.0 1 183 {-999.0 15.75507 15.44521 15.355112 -999.0} sdss_psfmag_ps1 15.618013 15.992309 14.951107 14.238 63050395111161909 1093342195 bright_3x1 mwm_astar_core_boss mwm_ob science 0 0 0.0 0.0 -999 ""
FIBERMAP 942 R+1C24 METROLOGY 0 0 0 1 0 0 216.80950590498583 30.83936581816623 143.1 196.83827176812383 -95.93782670352894 226.83179 15.600886 -999.0 -999.0 -999.0 -999.0 -999.0 100.86469039181712 -4.865069781029062 100.84836684769363 -4.87953525543911 48.70518295332499 152.38091576222507 -999.0 6231.0 -999.0 -1 -999 {-999.0 -999.0 -999.0 -999.0 -999.0} "" -999.0 -999.0 -999.0 -999.0 -999 -999 "" "" "" "" 0 0 0.0 0.0 -999 ""
FIBERMAP 943 R-4C19 APOGEE 1 1 0 1 0 0 167.06208848290146 -92.8986710384342 143.1 86.3075190567118 -170.54259936192705 341.095 74.80874 100.36308355234475 -5.205982953132286 0.1692995 1.3185148 0.305232 100.36306571993804 -5.205975230403337 100.34603324745325 -5.219147472626936 48.58470030725394 153.27785489436593 16000.0 16600.0 2016.0 2 223 {-999.0 14.532804 13.454733 12.9984255 -999.0} sdss_psfmag_from_g3xp 14.152996 13.441364 12.6193495 10.838 63050395111152618 1107457187 bright_flexible_2x1 mwm_tess_rgb_apogee mwm_tessrgb science 0 0 0.0 0.0 -999 ""
FIBERMAP 943 R-4C19 BOSS 0 0 0 1 0 0 166.64638681502495 -93.51990618996038 143.1 85.61516135241328 -170.82418049574403 341.095 74.80874 -999.0 -999.0 -999.0 -999.0 -999.0 100.36000692146445 -5.20747893384939 100.34290269613172 -5.220476207990781 48.58465465836385 153.28297741598448 -999.0 5400.0 -999.0 1 291 {-999.0 -999.0 -999.0 -999.0 -999.0} "" -999.0 -999.0 -999.0 -999.0 -999 -999 "" "" "" "" 0 0 0.0 0.0 -999 ""
FIBERMAP 943 R-4C19 METROLOGY 0 0 0 1 0 0 166.31898586255545 -92.85176436353639 143.1 85.71837255479682 -170.08739061397083 341.095 74.80874 -999.0 -999.0 -999.0 -999.0 -999.0 100.36045191830763 -5.20409362970425 100.34337602361751 -5.217140683863962 48.587561520901545 153.28040389499867 -999.0 6231.0 -999.0 -1 -999 {-999.0 -999.0 -999.0 -999.0 -999.0} "" -999.0 -999.0 -999.0 -999.0 -999 -999 "" "" "" "" 0 0 0.0 0.0 -999 ""
FIBERMAP 944 R-1C11 APOGEE 1 1 0 1 0 0 -74.83643541669738 -13.326688717632965 143.1 -69.44556511581189 30.893939615994015 210.82687 57.89815 99.64995233099202 -4.292651213496371 4.8234215 12.479157 4.7951083 99.64995127877162 -4.292622967484088 99.63555430266331 -4.304369358848672 49.69867087446265 153.75441526046131 16000.0 16600.0 2016.0 2 282 {-999.0 8.06942 8.002857 8.01497 -999.0} sdss_psfmag_from_g3xp 8.122569 7.972935 7.694382 7.313 63050395111264507 974925646 "" ops_std_apogee ops_std standard_apogee 0 0 0.0 0.0 -999 ""
FIBERMAP 944 R-1C11 BOSS 0 0 0 1 0 0 -74.78768249969629 -12.592889868211252 143.1 -68.99404024623418 31.47434639884653 210.82687 57.89815 -999.0 -999.0 -999.0 -999.0 -999.0 99.6520355905639 -4.29011872937362 99.63757988454677 -4.301710803827622 49.70038435448678 153.74998477420158 -999.0 5400.0 -999.0 1 440 {-999.0 -999.0 -999.0 -999.0 -999.0} "" -999.0 -999.0 -999.0 -999.0 -999 -999 "" "" "" "" 0 0 0.0 0.0 -999 ""
FIBERMAP 944 R-1C11 METROLOGY 0 0 0 1 0 0 -74.16593975059263 -12.988872076477133 143.1 -68.70098989131938 30.798035698676937 210.82687 57.89815 -999.0 -999.0 -999.0 -999.0 -999.0 99.65336695525579 -4.293153154430553 99.63892115250366 -4.304792865751584 49.69702584172319 153.74984334136772 -999.0 6231.0 -999.0 -1 -999 {-999.0 -999.0 -999.0 -999.0 -999.0} "" -999.0 -999.0 -999.0 -999.0 -999 -999 "" "" "" "" 0 0 0.0 0.0 -999 ""
FIBERMAP 948 R-8C9 APOGEE 0 0 0 1 0 0 -20.862512026959582 -167.18254407655897 143.1 -110.95063826588537 -126.76921865773505 269.46686 125.658554 -999.0 -999.0 -999.0 -999.0 -999.0 99.46287775303176 -5.009872450860305 99.4466304296709 -5.02084516672353 49.10205622991907 154.42923516635375 -999.0 16600.0 -999.0 2 -999 {-999.0 -999.0 -999.0 -999.0 -999.0} "" -999.0 -999.0 -999.0 -999.0 -999 -999 "" "" "" "" 0 0 0.0 0.0 -999 ""
FIBERMAP 948 R-8C9 BOSS 1 1 0 1 0 0 -21.471589478845093 -167.6169089197266 143.1 -111.69844375257264 -126.787687456123 269.46686 125.658554 99.45947630222022 -5.010164908106424 -0.4449087 0.39927447 0.18597735 99.45950276891129 -5.010159960012941 99.44319101074035 -5.020959311954768 49.1031981399148 154.43417226121747 5400.0 5400.0 2016.0 1 384 {-999.0 14.105996 14.016195 13.980308 -999.0} sdss_psfmag_ps1 14.0266 13.882544 13.500403 12.989 63050395111208355 1093342305 bright_3x1 mwm_astar_core_boss mwm_ob science 0 0 0.0 0.0 -999 ""
FIBERMAP 948 R-8C9 METROLOGY 0 0 0 1 0 0 -21.541508175040196 -166.8733091959205 143.1 -111.33970979884221 -126.13267187432515 269.46686 125.658554 -999.0 -999.0 -999.0 -999.0 -999.0 99.46110983352965 -5.007139227873943 99.4448239629948 -5.017990605713852 49.10537022737112 154.430206356712 -999.0 6231.0 -999.0 -1 -999 {-999.0 -999.0 -999.0 -999.0 -999.0} "" -999.0 -999.0 -999.0 -999.0 -999 -999 "" "" "" "" 0 0 0.0 0.0 -999 ""
FIBERMAP 950 R-5C15 APOGEE 0 0 0 1 0 0 94.14558523697579 -102.69945649369853 143.1 20.427585434750657 -137.8042905656084 5.770269 89.0218 -999.0 -999.0 -999.0 -999.0 -999.0 100.0624328697471 -5.059229048768129 100.04587856294535 -5.0717019393715965 48.8340736340514 153.61304167726885 -999.0 16600.0 -999.0 2 -999 {-999.0 -999.0 -999.0 -999.0 -999.0} "" -999.0 -999.0 -999.0 -999.0 -999 -999 "" "" "" "" 0 0 0.0 0.0 -999 ""
FIBERMAP 950 R-5C15 BOSS 1 1 0 1 0 0 94.21865324406663 -103.43300310310302 143.1 20.07709247234947 -138.4527448452645 5.770269 89.0218 100.06090595589744 -5.062412466488847 -0.8668154 0.9572442 0.2379852 100.06091524591908 -5.062394754687243 100.04428573266739 -5.07469698949973 48.83189256143192 153.6169828841781 5400.0 5400.0 2016.0 1 315 {-999.0 16.970304 16.523207 16.264088 -999.0} sdss_psfmag_ps1 16.61029 16.33424 15.881693 14.982 63050395111139082 979704721 "" ops_std_boss ops_std standard_boss 0 0 0.0 0.0 -999 ""
FIBERMAP 950 R-5C15 METROLOGY 0 0 0 1 0 0 93.54359518577178 -103.14021715297201 143.1 19.682066062454936 -137.83202737794628 5.770269 89.0218 -999.0 -999.0 -999.0 -999.0 -999.0 100.05908437609561 -5.059529685257158 100.04248207869352 -5.071875394469328 48.835182052928744 153.61790493210452 -999.0 6231.0 -999.0 -1 -999 {-999.0 -999.0 -999.0 -999.0 -999.0} "" -999.0 -999.0 -999.0 -999.0 -999 -999 "" "" "" "" 0 0 0.0 0.0 -999 ""
FIBERMAP 951 R+2C24 APOGEE 0 0 0 1 0 0 258.4817935189721 24.49575564553288 143.1 227.7964111565401 -124.54055484668002 351.73816 69.174706 -999.0 -999.0 -999.0 -999.0 -999.0 101.00387290301637 -4.992941295781821 100.98721968121578 -5.007822585667046 48.532931802209696 152.26448449952426 -999.0 16600.0 -999.0 2 -999 {-999.0 -999.0 -999.0 -999.0 -999.0} "" -999.0 -999.0 -999.0 -999.0 -999 -999 "" "" "" "" 0 0 0.0 0.0 -999 ""
FIBERMAP 951 R+2C24 BOSS 1 1 0 1 0 0 258.1290336873572 23.841640078529608 143.1 227.13775816630076 -124.88463351300744 351.73816 69.174706 101.00098379483954 -4.994706604886277 -0.12419001 0.27255827 -0.46382678 101.00099550230559 -4.994696265176858 100.98426733094391 -5.009403649707855 48.532633093993134 152.26950680653633 5400.0 5400.0 2016.0 1 185 {-999.0 17.525682 17.070501 17.264368 -999.0} sdss_psfmag_ps1 17.507355 17.290403 16.816011 16.012 63050395110245121 979704202 "" ops_std_boss ops_std standard_boss 0 0 0.0 0.0 -999 ""
FIBERMAP 951 R+2C24 METROLOGY 0 0 0 1 0 0 257.73603358411964 24.473303472349546 143.1 227.16620206025306 -124.1412993392867 351.73816 69.174706 -999.0 -999.0 -999.0 -999.0 -999.0 101.00110648905756 -4.9912929229668865 100.98440748182753 -5.006049051275374 48.53566324261196 152.2673230333405 -999.0 6231.0 -999.0 -1 -999 {-999.0 -999.0 -999.0 -999.0 -999.0} "" -999.0 -999.0 -999.0 -999.0 -999 -999 "" "" "" "" 0 0 0.0 0.0 -999 ""
FIBERMAP 954 R+12C12 APOGEE 0 0 0 1 0 0 89.3244908875979 241.83101284919726 143.1 209.47561897025832 150.23283099440886 51.25211 150.16487 -999.0 -999.0 -999.0 -999.0 -999.0 100.91585670693408 -3.7495440180355977 100.9025224716006 -3.764720368550527 49.70758153932826 151.62957985414485 -999.0 16600.0 -999.0 2 -999 {-999.0 -999.0 -999.0 -999.0 -999.0} "" -999.0 -999.0 -999.0 -999.0 -999 -999 "" "" "" "" 0 0 0.0 0.0 -999 ""
FIBERMAP 954 R+12C12 BOSS 1 1 0 1 0 0 90.0119721664918 242.1052426350582 143.1 210.19863368283873 150.07474817534447 51.25211 150.16487 100.9187586073918 -3.7504174166216417 -0.099344485 -1.3887813 0.3234858 100.91919387787031 -3.750416585378848 100.90578687064146 -3.7654423905601724 49.705615521276684 151.6254115761015 5400.0 5400.0 2016.0 1 101 {-999.0 12.268003 11.525914 11.254891 -999.0} sdss_psfmag_gaia 12.053074 11.569161 10.901206 9.668 63050395111674486 1093494930 bright_3x1 mwm_astar_core_boss mwm_ob science 0 0 1.5717710256576538 0.0 -999 ""
FIBERMAP 954 R+12C12 METROLOGY 0 0 0 1 0 0 89.91345187157202 241.37298780635786 143.1 209.70675720529846 149.52350484831706 51.25211 150.16487 -999.0 -999.0 -999.0 -999.0 -999.0 100.91698830408869 -3.7528495221798903 100.90359521736684 -3.7679136977236865 49.70422677052473 151.63004036567588 -999.0 6231.0 -999.0 -1 -999 {-999.0 -999.0 -999.0 -999.0 -999.0} "" -999.0 -999.0 -999.0 -999.0 -999 -999 "" "" "" "" 0 0 0.0 0.0 -999 ""
FIBERMAP 956 R+10C8 APOGEE 0 0 0 1 0 0 -12.173507473930437 179.4374358761048 143.1 90.45704655208483 155.42868624995324 340.00458 77.752975 -999.0 -999.0 -999.0 -999.0 -999.0 100.37740130448177 -3.725305783304643 100.36429115286853 -3.7391302538809037 49.943536498812136 152.37851762471095 -999.0 16600.0 -999.0 2 -999 {-999.0 -999.0 -999.0 -999.0 -999.0} "" -999.0 -999.0 -999.0 -999.0 -999 -999 "" "" "" "" 0 0 0.0 0.0 -999 ""
FIBERMAP 956 R+10C8 BOSS 1 1 0 1 0 0 -12.557699436129308 178.7994613426463 143.1 89.7814057005481 155.1155868448228 340.00458 77.752975 100.37440929634673 -3.7268360323745653 -1.7608056 -0.042807974 -0.27612916 100.374434252179 -3.7268321209269986 100.36125375121514 -3.7404904348539896 49.94346845039647 152.3836788186618 5400.0 5400.0 2016.0 1 120 {-999.0 16.47597 15.838809 15.657174 -999.0} sdss_psfmag_ps1 16.277483 15.936362 15.22494 14.161 63050395111686646 1093342053 bright_3x1 mwm_astar_core_boss mwm_ob science 0 0 0.0 0.0 -999 ""
FIBERMAP 956 R+10C8 METROLOGY 0 0 0 1 0 0 -12.919433081829315 179.45346609732874 143.1 89.84826197569664 155.8599052253923 340.00458 77.752975 -999.0 -999.0 -999.0 -999.0 -999.0 100.37469340748477 -3.7234314889257027 100.36154086525585 -3.737136647930662 49.94644384340541 152.3812331400468 -999.0 6231.0 -999.0 -1 -999 {-999.0 -999.0 -999.0 -999.0 -999.0} "" -999.0 -999.0 -999.0 -999.0 -999 -999 "" "" "" "" 0 0 0.0 0.0 -999 ""
FIBERMAP 962 R-1C12 APOGEE 0 0 0 1 0 0 -49.54113959573127 -28.51747932474546 143.1 -57.00773200303818 4.140133144639662 244.72495 76.614815 -999.0 -999.0 -999.0 -999.0 -999.0 99.70697823457179 -4.414353730210414 99.69224147173765 -4.42619447502603 49.56455468405523 153.74360519196705 -999.0 16600.0 -999.0 2 -999 {-999.0 -999.0 -999.0 -999.0 -999.0} "" -999.0 -999.0 -999.0 -999.0 -999 -999 "" "" "" "" 0 0 0.0 0.0 -999 ""
FIBERMAP 962 R-1C12 BOSS 1 1 0 1 0 0 -50.129279707052184 -28.069420609539755 143.1 -57.24377454596347 4.8407453660684 244.72495 76.614815 99.70592171748447 -4.4113082999281765 0.31626195 0.06128821 0.039817538 99.70592726237344 -4.411323007578466 99.69113375570265 -4.423000954509107 49.56792965937205 153.74334789664158 5400.0 5400.0 2016.0 1 439 {-999.0 16.462461 16.040783 15.878936 -999.0} sdss_psfmag_ps1 16.35834 15.992625 15.447911 14.504 63050395111247298 1093342354 bright_3x1 mwm_astar_core_boss mwm_ob science 0 0 0.0 0.0 -999 ""
FIBERMAP 962 R-1C12 METROLOGY 0 0 0 1 0 0 -49.442594420297496 -27.777918083934047 143.1 -56.511741128957325 4.6974136108820925 244.72495 76.614815 -999.0 -999.0 -999.0 -999.0 -999.0 99.7092589877603 -4.411923357070397 99.69448134212149 -4.423655242433863 49.566077228466426 153.7389498119567 -999.0 6231.0 -999.0 -1 -999 {-999.0 -999.0 -999.0 -999.0 -999.0} "" -999.0 -999.0 -999.0 -999.0 -999 -999 "" "" "" "" 0 0 0.0 0.0 -999 ""
FIBERMAP 963 R+9C11 APOGEE 0 0 0 1 1 0 41.19141791919704 183.96398902849606 143.1 137.18944793920065 129.27709449616373 44.09104 123.5728 -999.0 -999.0 -999.0 -999.0 -999.0 100.59034180168268 -3.8436256219820217 100.57685553694688 -3.8579404225309175 49.75105819251507 152.1482173825925 -999.0 16600.0 -999.0 2 28 {-999.0 -999.0 -999.0 -999.0 -999.0} "" -999.0 -999.0 -999.0 -999.0 -999 -999 "" "" "" "" 0 0 0.0 0.0 -999 ""
FIBERMAP 963 R+9C11 BOSS 1 0 0 1 1 0 41.92055911039039 183.826634023512 143.1 137.71635345919114 128.75480016846436 44.09104 123.5728 100.46178931929364 -3.8789888328834548 0.78409773 -3.2524967 0.31825185 100.59285493136645 -3.846112578280042 100.57929312831942 -3.8602738313096854 49.747955651011125 152.14617940007602 5400.0 5400.0 2016.0 1 133 {-999.0 11.301512 11.030448 10.912954 -999.0} sdss_psfmag_from_g3xp 11.277088 11.021214 10.563213 9.844 63050395111669442 1093286479 bright_3x1 mwm_astar_core_boss mwm_ob science 0 0 1.6973119974136353 0.0 -999 ""
FIBERMAP 963 R+9C11 METROLOGY 0 0 0 1 1 0 41.4118723012136 183.24665373778333 143.1 136.97010176241622 128.55948548006444 44.09104 123.5728 -999.0 -999.0 -999.0 -999.0 -999.0 100.5894506131308 -3.8469576853527965 100.57590692673199 -3.8611550033572883 49.74847589072429 152.15152270324702 -999.0 6231.0 -999.0 -1 -999 {-999.0 -999.0 -999.0 -999.0 -999.0} "" -999.0 -999.0 -999.0 -999.0 -999 -999 "" "" "" "" 0 0 0.0 0.0 -999 ""
FIBERMAP 964 R+8C14 APOGEE 0 0 0 1 0 0 86.31535011985049 175.43459227730003 143.1 169.78149787522756 96.93016475779397 154.0694 48.216675 -999.0 -999.0 -999.0 -999.0 -999.0 100.73900049735992 -3.990144192645452 100.72508265103454 -4.004774550394803 49.55778997888711 152.02781720868794 -999.0 16600.0 -999.0 2 -999 {-999.0 -999.0 -999.0 -999.0 -999.0} "" -999.0 -999.0 -999.0 -999.0 -999 -999 "" "" "" "" 0 0 0.0 0.0 -999 ""
FIBERMAP 964 R+8C14 BOSS 1 1 0 1 0 0 87.02537983251875 175.74039881401927 143.1 170.54087940922145 96.78559949928892 154.0694 48.216675 100.74262167371771 -3.9909626817493495 -0.4036607 1.2023524 0.22744632 100.74255437371545 -3.9909331487744346 100.72856440508747 -4.005412325580028 49.555830838792275 152.02328806603936 5400.0 5400.0 2016.0 1 161 {-999.0 16.501223 16.20902 16.206364 -999.0} sdss_psfmag_ps1 16.453768 16.22768 15.84665 15.26 63050395111665478 982130160 "" ops_std_boss_tic ops_std standard_boss 0 0 0.0 0.0 -999 ""
FIBERMAP 964 R+8C14 METROLOGY 0 0 0 1 0 0 86.91715722683085 174.99358186189042 143.1 170.03280842446134 96.2277322179222 154.0694 48.216675 -999.0 -999.0 -999.0 -999.0 -999.0 100.74024541935226 -3.993421175662943 100.72626910712484 -4.007938777208136 49.55441562500667 152.02806991643678 -999.0 6231.0 -999.0 -1 -999 {-999.0 -999.0 -999.0 -999.0 -999.0} "" -999.0 -999.0 -999.0 -999.0 -999 -999 "" "" "" "" 0 0 0.0 0.0 -999 ""
FIBERMAP 965 R+5C15 APOGEE 0 0 0 1 0 0 78.18954667675987 79.01169904366016 143.1 109.02595435223793 21.626818439530076 301.99683 78.46287 -999.0 -999.0 -999.0 -999.0 -999.0 100.46488925919627 -4.332727415314071 100.45014539369777 -4.3465227648443685 49.350710378575016 152.62182224398478 -999.0 16600.0 -999.0 2 -999 {-999.0 -999.0 -999.0 -999.0 -999.0} "" -999.0 -999.0 -999.0 -999.0 -999 -999 "" "" "" "" 0 0 0.0 0.0 -999 ""
FIBERMAP 965 R+5C15 BOSS 1 1 0 1 0 0 77.49699831855895 78.73130777108003 143.1 108.29529085964673 21.78263748194864 301.99683 78.46287 100.46171781765617 -4.332187829749988 -12.409856 -0.69959813 3.0467472 100.46167811437276 -4.332178463121088 100.44686849197188 -4.345804353593544 49.35263962930509 152.6260180767342 5400.0 5400.0 2016.0 1 213 {-999.0 16.877012 15.475468 14.76594 14.198919} sdss_psfmag_from_gdr3 16.340597 15.462034 14.53838 12.627 63050395111195445 1059269264 bright_flexible_2x1 bhm_spiders_agn_gaiadr3 bhm_spiders science 0 0 0.0 0.0 -999 ""
FIBERMAP 965 R+5C15 METROLOGY 0 0 0 1 0 0 77.59790766713144 79.46625955976081 143.1 108.79065703142756 22.334775808335817 301.99683 78.46287 -999.0 -999.0 -999.0 -999.0 -999.0 100.46389596547044 -4.32961515453234 100.44911179224187 -4.34329351483171 49.35408659539801 152.6213580926802 -999.0 6231.0 -999.0 -1 -999 {-999.0 -999.0 -999.0 -999.0 -999.0} "" -999.0 -999.0 -999.0 -999.0 -999 -999 "" "" "" "" 0 0 0.0 0.0 -999 ""
FIBERMAP 971 R+4C2 APOGEE 0 0 0 1 0 0 -244.1645879766671 73.0032302992687 143.1 -161.3102893475541 197.26605832591562 248.61163 47.94913 -999.0 -999.0 -999.0 -999.0 -999.0 99.2334918710699 -3.54099242105693 99.22120987672139 -3.5519888570881073 50.55079054986528 153.9168314201747 -999.0 16600.0 -999.0 2 -999 {-999.0 -999.0 -999.0 -999.0 -999.0} "" -999.0 -999.0 -999.0 -999.0 -999 -999 "" "" "" "" 0 0 0.0 0.0 -999 ""
FIBERMAP 971 R+4C2 BOSS 1 1 0 1 0 0 -244.5010766298704 73.67182795568792 143.1 -161.2143490640344 198.00831756922972 248.61163 47.94913 99.2340087890625 -3.537772034944439 -999.0 -999.0 -999.0 99.23399408750181 -3.5377997299120048 99.22165804228092 -3.548642712723252 50.553732932232336 153.91422659605823 5400.0 5400.0 2015.5 1 72 {-999.0 -999.0 -999.0 -999.0 -999.0} "" -999.0 -999.0 -999.0 -999.0 27021603131464296 810572877 "" ops_sky_boss_good ops_sky sky_boss 0 0 0.0 0.0 -999 ""
FIBERMAP 971 R+4C2 METROLOGY 0 0 0 1 0 0 -243.76286049066832 73.63194089048288 143.1 -160.62531639003788 197.56166027566968 248.61163 47.94913 -999.0 -999.0 -999.0 -999.0 -999.0 99.23662470408411 -3.539740621108258 99.22430039854942 -3.550633713962342 50.55090655180985 153.91153211802464 -999.0 6231.0 -999.0 -1 -999 {-999.0 -999.0 -999.0 -999.0 -999.0} "" -999.0 -999.0 -999.0 -999.0 -999 -999 "" "" "" "" 0 0 0.0 0.0 -999 ""
FIBERMAP 973 R+9C14 APOGEE 0 0 0 1 0 0 89.17112487455493 182.14275250997758 143.1 175.90520468697292 100.88568601278902 151.33145 112.25105 -999.0 -999.0 -999.0 -999.0 -999.0 100.76656482831062 -3.972223681057522 100.75268622037669 -3.9869311057053034 49.56328105012217 151.97794464154674 -999.0 16600.0 -999.0 2 39 {-999.0 -999.0 -999.0 -999.0 -999.0} "" -999.0 -999.0 -999.0 -999.0 -999 -999 "" "" "" "" 0 0 0.0 0.0 -999 ""
FIBERMAP 973 R+9C14 BOSS 1 1 0 1 0 0 89.22436931909652 182.89093115406104 143.1 176.3685063987878 101.47548535518064 151.33145 112.25105 100.7687838058477 -3.969679732663386 -1.113479 -2.177176 0.18446901 100.76875102868782 -3.9696878995575964 100.75480940964155 -3.9842421562019767 49.56491128676238 151.9733041542164 5400.0 5400.0 2016.0 1 162 {-999.0 14.303466 14.113843 14.026172 -999.0} sdss_psfmag_from_g3xp 14.301387 14.126055 13.687456 13.061 63050395111665655 1093286520 bright_3x1 mwm_astar_core_boss mwm_ob science 0 0 0.0 0.0 -999 ""
FIBERMAP 973 R+9C14 METROLOGY 0 0 0 1 0 0 89.84223392375235 182.46063625093745 143.1 176.639119481644 100.7729302357878 151.33145 112.25105 -999.0 -999.0 -999.0 -999.0 -999.0 100.76996972444243 -3.9728297797668564 100.75603900239736 -3.9874310755445905 49.56149732973434 151.97351497228317 -999.0 6231.0 -999.0 -1 -999 {-999.0 -999.0 -999.0 -999.0 -999.0} "" -999.0 -999.0 -999.0 -999.0 -999 -999 "" "" "" "" 0 0 0.0 0.0 -999 ""
FIBERMAP 975 R-1C21 APOGEE 0 0 0 1 0 0 156.10196542578413 -22.397553333044108 143.1 116.73233564866257 -106.0134799115348 184.64626 125.95407 -999.0 -999.0 -999.0 -999.0 -999.0 100.50139976978727 -4.913052443642331 100.48510555261834 -4.926697931844935 48.802057170551315 152.91466828249696 -999.0 16600.0 -999.0 2 -999 {-999.0 -999.0 -999.0 -999.0 -999.0} "" -999.0 -999.0 -999.0 -999.0 -999 -999 "" "" "" "" 0 0 0.0 0.0 -999 ""
FIBERMAP 975 R-1C21 BOSS 1 1 0 1 0 0 155.61211560295573 -21.87066198316849 143.1 116.62186591492511 -105.30265163848638 184.64626 125.95407 100.50102345487785 -4.910013424195424 0.22249366 0.6824918 0.13413216 100.50100610255905 -4.9100337067844295 100.48465109611294 -4.92351450387311 48.8051701451095 152.91344551781174 5400.0 5400.0 2016.0 1 270 {-999.0 17.819796 17.509583 17.45709 -999.0} sdss_psfmag_ps1 17.71092 17.45042 17.051273 15.981 63050395111157720 978386682 "" ops_std_boss ops_std standard_boss 0 0 0.0 0.0 -999 ""
FIBERMAP 975 R-1C21 METROLOGY 0 0 0 1 0 0 156.3429735999569 -21.691453453074065 143.1 117.32756417190689 -105.56373390505638 184.64626 125.95407 -999.0 -999.0 -999.0 -999.0 -999.0 100.50419083583816 -4.911145802008889 100.48785146505907 -4.924680928887621 48.80286785673065 152.90965681543847 -999.0 6231.0 -999.0 -1 -999 {-999.0 -999.0 -999.0 -999.0 -999.0} "" -999.0 -999.0 -999.0 -999.0 -999 -999 "" "" "" "" 0 0 0.0 0.0 -999 ""
FIBERMAP 979 R+3C7 APOGEE 0 0 0 1 0 0 -131.06939383226825 54.57713485587549 143.1 -77.97041544641512 118.63843216783046 153.0554 157.43608 -999.0 -999.0 -999.0 -999.0 -999.0 99.61062053881969 -3.893775919330274 99.59729233612211 -3.9055867517593654 50.082789798255234 153.57786706341423 -999.0 16600.0 -999.0 2 125 {-999.0 -999.0 -999.0 -999.0 -999.0} "" -999.0 -999.0 -999.0 -999.0 -999 -999 "" "" "" "" 0 0 0.0 0.0 -999 ""
FIBERMAP 979 R+3C7 BOSS 1 1 0 1 0 0 -131.5485718188056 55.14108599100859 143.1 -78.0512822590621 119.37397345319037 153.0554 157.43608 99.61029052734375 -3.8905506105234196 -999.0 -999.0 -999.0 99.61028422591382 -3.890551345829498 99.59690045663399 -3.9022043236787023 50.08607195208326 153.5764548318606 5400.0 5400.0 2015.5 1 43 {-999.0 -999.0 -999.0 -999.0 -999.0} "" -999.0 -999.0 -999.0 -999.0 27021603131451082 810571470 "" ops_sky_boss_good ops_sky sky_boss 0 0 0.0 0.0 -999 ""
FIBERMAP 979 R+3C7 METROLOGY 0 0 0 1 0 0 -130.82190661946225 55.28218482427533 143.1 -77.37040933043495 119.08367843805132 153.0554 157.43608 -999.0 -999.0 -999.0 -999.0 -999.0 99.61337272584647 -3.8918203198902317 99.60000286433012 -3.9035254814633404 50.08368627276239 153.572755513446 -999.0 6231.0 -999.0 -1 -999 {-999.0 -999.0 -999.0 -999.0 -999.0} "" -999.0 -999.0 -999.0 -999.0 -999 -999 "" "" "" "" 0 0 0.0 0.0 -999 ""
FIBERMAP 983 R+6C5 APOGEE 1 1 0 1 0 0 -140.239108562757 96.29835247377713 143.1 -62.18821484051157 158.3292279236864 311.6334 46.328453 99.6823767245098 -3.7137029877468084 -0.061657406 0.735276 0.38912868 99.6823957744219 -3.7137029811405604 99.6695229932601 -3.725769870322434 50.222256832827945 153.36803081390718 16000.0 16600.0 2016.0 2 150 {-999.0 15.307164 13.769288 13.035415 -999.0} sdss_psfmag_from_g3xp 14.649651 13.610511 12.605517 10.225 63050395111479682 1104701276 bright_1x1 mwm_tess_rgb_apogee mwm_tessrgb science 0 0 0.0 0.0 -999 ""
FIBERMAP 983 R+6C5 BOSS 0 0 0 1 0 0 -140.98970335352703 96.30376729559998 143.1 -62.80681419623717 158.75427150548165 311.6334 46.328453 -999.0 -999.0 -999.0 -999.0 -999.0 99.67962430029571 -3.7118974467520762 99.66669279675574 -3.723800672506353 50.22514689671719 153.370955552308 -999.0 5400.0 -999.0 1 49 {-999.0 -999.0 -999.0 -999.0 -999.0} "" -999.0 -999.0 -999.0 -999.0 -999 -999 "" "" "" "" 0 0 0.0 0.0 -999 ""
FIBERMAP 983 R+6C5 METROLOGY 0 0 0 1 0 0 -140.6088826831852 96.9507258260673 143.1 -62.128931663272496 159.0767002839562 311.6334 46.328453 -999.0 -999.0 -999.0 -999.0 -999.0 99.68269410063013 -3.7103921061096528 99.66978388895023 -3.722348342638202 50.22532651410849 153.36563390252473 -999.0 6231.0 -999.0 -1 -999 {-999.0 -999.0 -999.0 -999.0 -999.0} "" -999.0 -999.0 -999.0 -999.0 -999 -999 "" "" "" "" 0 0 0.0 0.0 -999 ""
FIBERMAP 985 R+9C10 APOGEE 1 1 0 1 0 0 -6.027545171253621 164.32812993501275 143.1 87.081295350167 139.47175717199062 261.90228 56.91529 100.36247498353376 -3.7975131481500655 -1.9564992 5.5537963 0.85450095 100.36246977048218 -3.797511029042543 100.34917311069762 -3.811268062707014 49.88300689728878 152.44380688972888 16000.0 16600.0 2016.0 2 10 {-999.0 12.961839 12.422355 12.206708 -999.0} sdss_psfmag_from_g3xp 12.836572 12.438285 11.862271 10.882 63050395111670878 1106244784 bright_flexible_2x1 mwm_tess_rgb_apogee mwm_tessrgb science 0 0 0.0 0.0 -999 ""
FIBERMAP 985 R+9C10 BOSS 0 0 0 1 0 0 -6.584232753270811 164.81051553068562 143.1 86.89053479068953 140.18317560257665 261.90228 56.91529 -999.0 -999.0 -999.0 -999.0 -999.0 100.36168186464418 -3.7944000844064645 100.34832645829243 -3.807998008704629 49.88634754456635 152.44303558138435 -999.0 5400.0 -999.0 1 126 {-999.0 -999.0 -999.0 -999.0 -999.0} "" -999.0 -999.0 -999.0 -999.0 -999 -999 "" "" "" "" 0 0 0.0 0.0 -999 ""
FIBERMAP 985 R+9C10 METROLOGY 0 0 0 1 0 0 -5.87481352483853 165.05868581324026 143.1 87.61711707209848 139.99121876897348 261.90228 56.91529 -999.0 -999.0 -999.0 -999.0 -999.0 100.36496656249405 -3.795231688956912 100.35162701704468 -3.8088824703170303 49.88424901978682 152.4388641013921 -999.0 6231.0 -999.0 -1 -999 {-999.0 -999.0 -999.0 -999.0 -999.0} "" -999.0 -999.0 -999.0 -999.0 -999 -999 "" "" "" "" 0 0 0.0 0.0 -999 ""
FIBERMAP 986 R+2C13 APOGEE 0 0 1 1 0 0 0.5900167130943347 46.404830927747476 143.1 26.489322742612345 38.101317797486416 10.788266 169.55482 -999.0 -999.0 -999.0 -999.0 -999.0 100.08804380734738 -4.258683838650921 100.07360738704944 -4.271555559864155 49.564315259789076 153.1106822209385 -999.0 16600.0 -999.0 2 -999 {-999.0 -999.0 -999.0 -999.0 -999.0} "" -999.0 -999.0 -999.0 -999.0 -999 -999 "" "" "" "" 0 0 0.0 0.0 -999 ""
FIBERMAP 986 R+2C13 BOSS 1 0 1 1 0 0 1.3431230141511254 46.40973897627304 143.1 27.115786015677845 37.68341628674724 10.788266 169.55482 99.9800905433117 -4.270132600913967 0.96646667 -0.5719938 0.071662456 100.09099322527958 -4.260719816059896 100.07648399273654 -4.2734373336298 49.56148167496812 153.10770029538065 5400.0 5400.0 2016.0 1 105 {-999.0 14.657368 14.327654 14.229703 -999.0} sdss_psfmag_gaia 14.01996 14.342782 13.307195 12.594 63050395111256752 1093411365 bright_3x1 mwm_astar_core_boss mwm_ob science 0 0 0.0 0.0 -999 ""
FIBERMAP 986 R+2C13 METROLOGY 0 0 1 1 0 0 0.9776117253128617 45.767310663743956 143.1 26.453120808528794 37.35616151508957 10.788266 169.55482 -999.0 -999.0 -999.0 -999.0 -999.0 100.08794861823277 -4.26217666543652 100.07345528957353 -4.2749314388632635 49.5612523345383 153.11288322656182 -999.0 6231.0 -999.0 -1 -999 {-999.0 -999.0 -999.0 -999.0 -999.0} "" -999.0 -999.0 -999.0 -999.0 -999 -999 "" "" "" "" 0 0 0.0 0.0 -999 ""
FIBERMAP 988 R+7C6 APOGEE 0 0 0 1 0 0 -90.44008136579762 140.00015155048487 143.1 3.540887666638083 166.6200651615183 9.459135 129.60855 -999.0 -999.0 -999.0 -999.0 -999.0 99.98160909767172 -3.6752272521643663 99.968749097949 -3.6880692235049373 50.14344096188063 152.91441512225566 -999.0 16600.0 -999.0 2 -999 {-999.0 -999.0 -999.0 -999.0 -999.0} "" -999.0 -999.0 -999.0 -999.0 -999 -999 "" "" "" "" 0 0 0.0 0.0 -999 ""
FIBERMAP 988 R+7C6 BOSS 1 1 0 1 0 0 -89.83020740863101 139.4002809098488 143.1 3.7098695206867145 165.78154669040387 9.459135 129.60855 99.98245239257812 -3.6791002175380214 -999.0 -999.0 -999.0 99.98245631543384 -3.679116229626625 99.96952024031788 -3.691801335331234 50.13969920813447 152.91554043354233 5400.0 5400.0 2015.5 1 67 {-999.0 -999.0 -999.0 -999.0 -999.0} "" -999.0 -999.0 -999.0 -999.0 27021603131476253 819437458 "" ops_sky_boss_good ops_sky sky_boss 0 0 0.0 0.0 -999 ""
FIBERMAP 988 R+7C6 METROLOGY 0 0 0 1 0 0 -90.57045165653753 139.26553221517972 143.1 3.0213085823336545 166.08470916745432 9.459135 129.60855 -999.0 -999.0 -999.0 -999.0 -999.0 99.97929758666788 -3.6777197429341673 99.96638472791375 -3.6904420282737083 50.14215488648216 152.91923543590235 -999.0 6231.0 -999.0 -1 -999 {-999.0 -999.0 -999.0 -999.0 -999.0} "" -999.0 -999.0 -999.0 -999.0 -999 -999 "" "" "" "" 0 0 0.0 0.0 -999 ""
FIBERMAP 990 R+4C7 APOGEE 1 1 0 1 0 0 -98.49553604213848 77.30979924612521 143.1 -38.25601379300002 119.2141739286281 4.734452 111.28942 99.79156494140625 -3.8905506105234196 -999.0 -999.0 -999.0 99.79158294256563 -3.8905276506637945 99.77820962126953 -3.9027992556455744 50.01736545633376 153.3158493769974 16000.0 16600.0 2015.5 2 95 {-999.0 -999.0 -999.0 -999.0 -999.0} "" -999.0 -999.0 -999.0 -999.0 27021603131451046 841546938 "" ops_sky_apogee_best ops_sky sky_apogee 0 0 0.0 0.0 -999 ""
FIBERMAP 990 R+4C7 BOSS 0 0 0 1 0 0 -98.14445207171437 76.65404333374251 143.1 -38.33267117258795 118.47437228585974 4.734452 111.28942 -999.0 -999.0 -999.0 -999.0 -999.0 99.79128706538278 -3.8939926563939613 99.77783970363112 -3.9061035988238135 50.01444660383847 153.31832726321355 -999.0 5400.0 -999.0 1 51 {-999.0 -999.0 -999.0 -999.0 -999.0} "" -999.0 -999.0 -999.0 -999.0 -999 -999 "" "" "" "" 0 0 0.0 0.0 -999 ""
FIBERMAP 990 R+4C7 METROLOGY 0 0 0 1 0 0 -98.88641930804356 76.6696212908313 143.1 -38.93843087888535 118.9029988217775 4.734452 111.28942 -999.0 -999.0 -999.0 -999.0 -999.0 99.7885066605609 -3.8920209816942424 99.77508376154441 -3.90417060095971 50.01727638147135 153.3211495190166 -999.0 6231.0 -999.0 -1 -999 {-999.0 -999.0 -999.0 -999.0 -999.0} "" -999.0 -999.0 -999.0 -999.0 -999 -999 "" "" "" "" 0 0 0.0 0.0 -999 ""
FIBERMAP 991 R-3C20 APOGEE 1 1 0 1 0 0 184.07617351358542 -52.68263958028942 143.1 122.93146005469242 -146.76919213632317 48.221245 84.42383 100.52966743395831 -5.097503565531024 -1.0858197 0.120699115 0.23205501 100.52966624014785 -5.097470862992311 100.51287370217574 -5.11111026246846 48.621155746433274 152.98324781867723 16000.0 16600.0 2016.0 2 226 {-999.0 14.81253 13.756394 13.290247 -999.0} sdss_psfmag_from_g3xp 14.446489 13.73218 12.912028 11.144 63050395111149379 1108120066 bright_flexible_3x1 mwm_tess_rgb_apogee mwm_tessrgb science 0 0 0.0 0.0 -999 ""
FIBERMAP 991 R-3C20 BOSS 0 0 0 1 0 0 184.58467157510728 -53.21811610293864 143.1 123.05256374635593 -147.4975791716886 48.221245 84.42383 -999.0 -999.0 -999.0 -999.0 -999.0 100.5303192949984 -5.100966122745554 100.51344802398648 -5.114439587337843 48.61786159442287 152.98438003695713 -999.0 5400.0 -999.0 1 290 {-999.0 -999.0 -999.0 -999.0 -999.0} "" -999.0 -999.0 -999.0 -999.0 -999 -999 "" "" "" "" 0 0 0.0 0.0 -999 ""
FIBERMAP 991 R-3C20 METROLOGY 0 0 0 1 0 0 183.8663491043668 -53.39923866065998 143.1 122.35617482478148 -147.24510574829915 48.221245 84.42383 -999.0 -999.0 -999.0 -999.0 -999.0 100.52712846126575 -5.099792181601273 100.51028087798909 -5.113305154530999 48.620118943504394 152.9881291379554 -999.0 6231.0 -999.0 -1 -999 {-999.0 -999.0 -999.0 -999.0 -999.0} "" -999.0 -999.0 -999.0 -999.0 -999 -999 "" "" "" "" 0 0 0.0 0.0 -999 ""
FIBERMAP 994 R+7C2 APOGEE 0 0 0 1 0 0 -189.7605549724161 114.00820739420908 143.1 -93.27841055299815 200.74323122170458 341.26257 28.4678 -999.0 -999.0 -999.0 -999.0 -999.0 99.54128659810527 -3.523120383798198 99.5289601135259 -3.534906647906063 50.4519285925152 153.4588253873252 -999.0 16600.0 -999.0 2 -999 {-999.0 -999.0 -999.0 -999.0 -999.0} "" -999.0 -999.0 -999.0 -999.0 -999 -999 "" "" "" "" 0 0 0.0 0.0 -999 ""
FIBERMAP 994 R+7C2 BOSS 1 1 0 1 0 0 -190.499089602257 113.85128226471596 143.1 -93.97798108791879 201.02706954987644 341.26257 28.4678 99.53811904990617 -3.52195985593634 -1.0069118 0.58270216 0.38310274 99.5381634499451 -3.5219827477430647 99.52577733191333 -3.533605360668291 50.454329981802715 153.4626783524754 5400.0 5400.0 2016.0 1 70 {-999.0 17.158924 16.617098 16.387386 -999.0} sdss_psfmag_ps1 17.069199 16.67979 16.09058 15.05 63050395111484394 981847839 "" ops_std_boss_tic ops_std standard_boss 0 0 0.0 0.0 -999 ""
FIBERMAP 994 R+7C2 METROLOGY 0 0 0 1 0 0 -190.2497745260966 114.57152454183417 143.1 -93.36794889078166 201.48387374768714 341.26257 28.4678 -999.0 -999.0 -999.0 -999.0 -999.0 99.54091920891716 -3.519875625861897 99.52855585270089 -3.5315503660487892 50.45518985632784 153.45742801029056 -999.0 6231.0 -999.0 -1 -999 {-999.0 -999.0 -999.0 -999.0 -999.0} "" -999.0 -999.0 -999.0 -999.0 -999 -999 "" "" "" "" 0 0 0.0 0.0 -999 ""
FIBERMAP 996 R-6C15 APOGEE 0 0 0 1 0 0 93.05069884060303 -124.54653422054223 143.1 7.279872239046953 -155.28430302560974 246.60835 155.6908 -999.0 -999.0 -999.0 -999.0 -999.0 100.00259690699443 -5.138577708976849 99.98584902191874 -5.150865600605642 48.78304913618918 153.74222686411906 -999.0 16600.0 -999.0 2 183 {-999.0 -999.0 -999.0 -999.0 -999.0} "" -999.0 -999.0 -999.0 -999.0 -999 -999 "" "" "" "" 0 0 0.0 0.0 -999 ""
FIBERMAP 996 R-6C15 BOSS 1 1 0 1 0 0 92.48688862125682 -125.03499838270272 143.1 6.53924460389316 -155.37293948888313 246.60835 155.6908 99.99925273782186 -5.139209545236005 0.014091904 1.5909718 0.09363105 99.99928733064218 -5.139211406868092 99.98247167535465 -5.1513247646713305 48.78387951160461 153.74722268985272 5400.0 5400.0 2016.0 1 316 {-999.0 16.24686 15.881484 15.811507 -999.0} sdss_psfmag_ps1 16.122887 15.909938 15.375303 14.668 63050395111138264 1093342075 bright_3x1 mwm_astar_core_boss mwm_ob science 0 0 0.0 0.0 -999 ""
FIBERMAP 996 R-6C15 METROLOGY 0 0 0 1 0 0 92.34085053507759 -124.29304320760444 143.1 6.834015981465738 -154.6766361232908 246.60835 155.6908 -999.0 -999.0 -999.0 -999.0 -999.0 100.00060544523726 -5.135998586893182 99.98381695318915 -5.148163659150297 48.786311465710554 153.74354449879195 -999.0 6231.0 -999.0 -1 -999 {-999.0 -999.0 -999.0 -999.0 -999.0} "" -999.0 -999.0 -999.0 -999.0 -999 -999 "" "" "" "" 0 0 0.0 0.0 -999 ""
FIBERMAP 999 R0C27 APOGEE 0 0 0 1 0 0 304.2396125490691 13.602778859530261 143.1 259.5891217799897 -159.20013971732098 88.81754 66.04248 -999.0 -999.0 -999.0 -999.0 -999.0 101.14560374006066 -5.147167431706689 101.12849959930236 -5.162341160903163 48.33549982745191 152.16115764693942 -999.0 16600.0 -999.0 2 -999 {-999.0 -999.0 -999.0 -999.0 -999.0} "" -999.0 -999.0 -999.0 -999.0 -999 -999 "" "" "" "" 0 0 0.0 0.0 -999 ""
FIBERMAP 999 R0C27 BOSS 1 1 0 1 0 0 304.912330440868 13.309383158855416 143.1 259.98186844914176 -159.82005097458642 88.81754 66.04248 101.14742361306367 -5.150105800043548 -7.741818 -3.3045754 4.066481 101.1473820757349 -5.150072342766311 101.13019777516877 -5.165082370708709 48.33231384008528 152.16044546172 5400.0 5400.0 2016.0 1 174 {-999.0 15.8872 14.487079 13.735913 -999.0} sdss_psfmag_from_g3xp 15.307501 14.337762 13.329726 11.311 63050395110242341 917047007 bright_3x1 mwm_yso_variable_boss mwm_yso science 0 0 0.0 0.0 -999 ""
FIBERMAP 999 R0C27 METROLOGY 0 0 0 1 0 0 304.3157556987186 12.86057659513515 143.1 259.23632583938553 -159.85748550875812 88.81754 66.04248 -999.0 -999.0 -999.0 -999.0 -999.0 101.144038506489 -5.150241019548625 101.1268751238606 -5.165289860573346 48.33342782565831 152.16514297947506 -999.0 6231.0 -999.0 -1 -999 {-999.0 -999.0 -999.0 -999.0 -999.0} "" -999.0 -999.0 -999.0 -999.0 -999 -999 "" "" "" "" 0 0 0.0 0.0 -999 ""
FIBERMAP 1004 R-13C1 APOGEE 1 1 0 1 0 0 -149.05274200180264 -238.72852896113082 143.1 -257.2034897995916 -114.19758702744582 110.11033 110.2727 98.80204322278703 -4.9508385708601725 -2.4728556 1.0072442 0.4454871 98.80200100699912 -4.950824995046724 98.7861051146802 -4.960141789603089 49.39449323176041 155.33702942395155 16000.0 16600.0 2016.0 2 199 {-999.0 13.735836 12.814323 12.457623 -999.0} sdss_psfmag_gaia 13.448251 12.847362 12.104957 10.565 63050395111219197 1107960198 bright_flexible_2x1 mwm_tess_rgb_apogee mwm_tessrgb science 0 0 0.0 0.0 -999 ""
FIBERMAP 1004 R-13C1 BOSS 0 0 0 1 0 0 -148.50185427487264 -238.23980277856307 143.1 -256.4734176018876 -114.101493075294 110.11033 110.2727 -999.0 -999.0 -999.0 -999.0 -999.0 98.80532955207137 -4.950571545805422 98.78937146855088 -4.959733119876717 49.393729495969545 155.33212889662235 -999.0 5400.0 -999.0 1 340 {-999.0 -999.0 -999.0 -999.0 -999.0} "" -999.0 -999.0 -999.0 -999.0 -999 -999 "" "" "" "" 0 0 0.0 0.0 -999 ""
FIBERMAP 1004 R-13C1 METROLOGY 0 0 0 1 0 0 -148.33895633422802 -238.96544002576593 143.1 -256.74508290422796 -114.79372873075789 110.11033 110.2727 -999.0 -999.0 -999.0 -999.0 -999.0 98.80412329354864 -4.953637079158721 98.78817494390267 -4.96284070854055 49.39124097106254 155.33552475427317 -999.0 6231.0 -999.0 -1 -999 {-999.0 -999.0 -999.0 -999.0 -999.0} "" -999.0 -999.0 -999.0 -999.0 -999 -999 "" "" "" "" 0 0 0.0 0.0 -999 ""
FIBERMAP 1009 R-13C2 APOGEE 1 1 0 1 0 0 -120.50305457104578 -234.1160321894553 143.1 -230.97460608393 -126.37399599525912 119.41044 73.75993 98.91988080265112 -5.006367484150615 1.3472935 -0.5726598 0.47013384 98.91989231437806 -5.006381060316883 98.90381382150395 -5.015974734627883 49.30084718293784 155.19889392925276 16000.0 16600.0 2016.0 2 190 {-999.0 13.773863 12.847939 12.461046 -999.0} sdss_psfmag_from_g3xp 13.475781 12.853054 12.095265 10.524 63050395111204934 1107757641 bright_flexible_2x1 mwm_tess_rgb_apogee mwm_tessrgb science 0 0 0.0 0.0 -999 ""
FIBERMAP 1009 R-13C2 BOSS 0 0 0 1 0 0 -119.78143320546356 -233.95205304365638 143.1 -230.28509053131665 -126.6425157539896 119.41044 73.75993 -999.0 -999.0 -999.0 -999.0 -999.0 98.9230499909674 -5.007778036936022 98.90690442234057 -5.017214934902035 49.29859713391553 155.19515201042452 -999.0 5400.0 -999.0 1 341 {-999.0 -999.0 -999.0 -999.0 -999.0} "" -999.0 -999.0 -999.0 -999.0 -999 -999 "" "" "" "" 0 0 0.0 0.0 -999 ""
FIBERMAP 1009 R-13C2 METROLOGY 0 0 0 1 0 0 -120.0026870950425 -234.66926280715748 143.1 -230.87018368138982 -127.11253117563221 119.41044 73.75993 -999.0 -999.0 -999.0 -999.0 -999.0 98.92042628350696 -5.0098341677599265 98.9042937101637 -5.0193100613916 49.29755866206851 155.2000193101386 -999.0 6231.0 -999.0 -1 -999 {-999.0 -999.0 -999.0 -999.0 -999.0} "" -999.0 -999.0 -999.0 -999.0 -999 -999 "" "" "" "" 0 0 0.0 0.0 -999 ""
FIBERMAP 1011 R+6C3 APOGEE 1 1 0 1 0 0 -161.34930122318147 121.29296446949654 143.1 -65.66690548225074 190.85751960405958 55.40519 69.008644 99.66659545898438 -3.566970277803293 -999.0 -999.0 -999.0 99.66657683427479 -3.566944222146596 99.65409707504517 -3.5790308921205534 50.36392227774555 153.30348807576527 16000.0 16600.0 2015.5 2 126 {-999.0 -999.0 -999.0 -999.0 -999.0} "" -999.0 -999.0 -999.0 -999.0 27021603131464184 832682452 "" ops_sky_apogee_best ops_sky sky_apogee 0 0 0.0 0.0 -999 ""
FIBERMAP 1011 R+6C3 BOSS 0 0 0 1 0 0 -160.93143336169382 120.68520960025059 143.1 -65.66135823474556 190.12005274102185 55.40519 69.008644 -999.0 -999.0 -999.0 -999.0 -999.0 99.66664927498095 -3.570376333334771 99.65409627296168 -3.582305233520484 50.36089185214538 153.3054320117479 -999.0 5400.0 -999.0 1 27 {-999.0 -999.0 -999.0 -999.0 -999.0} "" -999.0 -999.0 -999.0 -999.0 -999 -999 "" "" "" "" 0 0 0.0 0.0 -999 ""
FIBERMAP 1011 R+6C3 METROLOGY 0 0 0 1 0 0 -161.6743824717292 120.61266941395814 143.1 -66.31730381010493 190.47625106958466 55.40519 69.008644 -999.0 -999.0 -999.0 -999.0 -999.0 99.66365443048602 -3.568750812800597 99.65112480800974 -3.5807171443190122 50.36348422295903 153.30879288907894 -999.0 6231.0 -999.0 -1 -999 {-999.0 -999.0 -999.0 -999.0 -999.0} "" -999.0 -999.0 -999.0 -999.0 -999 -999 "" "" "" "" 0 0 0.0 0.0 -999 ""
FIBERMAP 1012 R+1C12 APOGEE 0 0 0 1 0 0 -28.071571128056533 13.290073660201612 143.1 -15.80208366514798 26.73520642818777 254.66553 161.27888 -999.0 -999.0 -999.0 -999.0 -999.0 99.89496440343127 -4.310954256795532 99.88044642906209 -4.323314809543583 49.58949926802562 153.41581261060296 -999.0 16600.0 -999.0 2 -999 {-999.0 -999.0 -999.0 -999.0 -999.0} "" -999.0 -999.0 -999.0 -999.0 -999 -999 "" "" "" "" 0 0 0.0 0.0 -999 ""
FIBERMAP 1012 R+1C12 BOSS 1 1 0 1 0 0 -28.48896794492988 12.651973394197098 143.1 -16.50529481314255 26.44060760981823 254.66553 161.27888 99.89181518554688 -4.312444576254265 -999.0 -999.0 -999.0 99.89181149045353 -4.31245036958319 99.87722471017412 -4.324641337023782 49.58948304151722 153.4211740623997 5400.0 5400.0 2015.5 1 22 {-999.0 -999.0 -999.0 -999.0 -999.0} "" -999.0 -999.0 -999.0 -999.0 27021603131450008 819435326 "" ops_sky_boss_good ops_sky sky_boss 0 0 0.0 0.0 -999 ""
FIBERMAP 1012 R+1C12 METROLOGY 0 0 0 1 0 0 -28.816710909355173 13.327871634194889 143.1 -16.398020933688027 27.18401288668842 254.66553 161.27888 -999.0 -999.0 -999.0 -999.0 -999.0 99.89227630406934 -4.309018949927454 99.87771712535312 -4.32125814794273 49.59243087542009 153.4185033198663 -999.0 6231.0 -999.0 -1 -999 {-999.0 -999.0 -999.0 -999.0 -999.0} "" -999.0 -999.0 -999.0 -999.0 -999 -999 "" "" "" "" 0 0 0.0 0.0 -999 ""
FIBERMAP 1013 R+10C15 APOGEE 1 1 0 1 0 0 141.8795075497578 173.88865699172888 143.1 214.93285392425472 64.51718132625963 356.06036 33.376205 100.94379184451563 -4.136931904553287 -0.73045707 -0.0058757598 0.3579264 100.94381762277187 -4.13692935907347 100.92945086788149 -4.152016527993466 49.34176217034506 151.82983001184078 16000.0 16600.0 2016.0 2 68 {-999.0 14.678253 13.446221 12.910175 -999.0} sdss_psfmag_gaia 14.223958 13.417331 12.535108 10.645 63050395111611467 1108460688 bright_flexible_2x1 mwm_tess_rgb_apogee mwm_tessrgb science 0 0 0.0 0.0 -999 ""
FIBERMAP 1013 R+10C15 BOSS 0 0 0 1 0 0 141.2485135848146 173.50012999841354 143.1 214.19258045166765 64.5489547125698 356.06036 33.376205 -999.0 -999.0 -999.0 -999.0 -999.0 100.94059231565602 -4.136937465193952 100.92615653340653 -4.151855635227476 49.34321743838225 151.83435812032985 -999.0 5400.0 -999.0 1 228 {-999.0 -999.0 -999.0 -999.0 -999.0} "" -999.0 -999.0 -999.0 -999.0 -999 -999 "" "" "" "" 0 0 0.0 0.0 -999 ""
FIBERMAP 1013 R+10C15 METROLOGY 0 0 0 1 0 0 141.21482005815943 174.24154943997115 143.1 214.58009402648108 65.18186760901686 356.06036 33.376205 -999.0 -999.0 -999.0 -999.0 -999.0 100.94228893190639 -4.134025490850182 100.92788017585997 -4.148994745561026 49.34515780920774 151.83018982470276 -999.0 6231.0 -999.0 -1 -999 {-999.0 -999.0 -999.0 -999.0 -999.0} "" -999.0 -999.0 -999.0 -999.0 -999 -999 "" "" "" "" 0 0 0.0 0.0 -999 ""
FIBERMAP 1016 R+1C16 APOGEE 1 1 0 1 0 0 73.66891671180156 22.98491612280445 143.1 73.89015614520385 -22.24095356972947 49.39629 73.1931 100.30304724944999 -4.534505318016889 753.36816 505.59076 49.019077 100.30532843430319 -4.5329681279651295 100.29010066785645 -4.54627638407914 49.22793345498255 152.96563686556107 16000.0 16600.0 2016.0 2 51 {-999.0 18.060808 17.005646 16.577724 -999.0} sdss_psfmag_gaia 17.716751 17.019897 16.227835 15.354 63050395111192188 1110794485 bright_flexible_4x1 manual_mwm_planet_gaia_astrometry_apogee mwm_planet science 0 0 0.0 0.0 -999 ""
FIBERMAP 1016 R+1C16 BOSS 0 0 0 1 0 0 74.08211131649531 22.369147455331344 143.1 73.88734291942203 -22.98243892999659 49.39629 73.1931 -999.0 -999.0 -999.0 -999.0 -999.0 100.30543208946513 -4.536519503860963 100.2901271576622 -4.54966393137072 49.22479464620022 152.96758823251128 -999.0 5400.0 -999.0 1 190 {-999.0 -999.0 -999.0 -999.0 -999.0} "" -999.0 -999.0 -999.0 -999.0 -999 -999 "" "" "" "" 0 0 0.0 0.0 -999 ""
FIBERMAP 1016 R+1C16 METROLOGY 0 0 0 1 0 0 73.33454657504691 22.308979350722062 143.1 73.23450682651995 -22.61340805359552 49.39629 73.1931 -999.0 -999.0 -999.0 -999.0 -999.0 100.30242096668889 -4.534800221213888 100.28714068131279 -4.5479838328775655 49.22748767849582 152.97081225398554 -999.0 6231.0 -999.0 -1 -999 {-999.0 -999.0 -999.0 -999.0 -999.0} "" -999.0 -999.0 -999.0 -999.0 -999 -999 "" "" "" "" 0 0 0.0 0.0 -999 ""
FIBERMAP 1017 R+5C18 APOGEE 1 1 0 1 0 0 153.3512576453354 82.509498096109 143.1 173.23377086301508 -17.589537814957108 321.48093 91.18763 100.75726890848841 -4.510105499175593 -0.6525499 0.2004729 0.18209581 100.75726245102858 -4.510107021243371 100.74196239548485 -4.524567893373399 49.07333086972164 152.31793688849382 16000.0 16600.0 2016.0 2 70 {-999.0 15.439981 13.958129 13.273983 -999.0} sdss_psfmag_from_g3xp 14.822497 13.8301735 12.8533 10.494 63050395111188797 1104658265 bright_flexible_2x1 mwm_tess_rgb_apogee mwm_tessrgb science 0 0 0.0 0.0 -999 ""
FIBERMAP 1017 R+5C18 BOSS 0 0 0 1 0 0 152.8068044984886 82.03543339049018 143.1 172.51724254643725 -17.67709461629125 321.48093 91.18763 -999.0 -999.0 -999.0 -999.0 -999.0 100.75414344328269 -4.510686778029686 100.73877320110932 -4.524976677003156 49.07420051636709 152.32264649810952 -999.0 5400.0 -999.0 1 209 {-999.0 -999.0 -999.0 -999.0 -999.0} "" -999.0 -999.0 -999.0 -999.0 -999 -999 "" "" "" "" 0 0 0.0 0.0 -999 ""
FIBERMAP 1017 R+5C18 METROLOGY 0 0 0 1 0 0 152.6484854186528 82.75927508156025 143.1 172.79169395235644 -16.988911558911674 321.48093 91.18763 -999.0 -999.0 -999.0 -999.0 -999.0 100.75534649851603 -4.507507211939229 100.74000404399021 -4.521847638833854 49.076598578860626 152.31905153307181 -999.0 6231.0 -999.0 -1 -999 {-999.0 -999.0 -999.0 -999.0 -999.0} "" -999.0 -999.0 -999.0 -999.0 -999 -999 "" "" "" "" 0 0 0.0 0.0 -999 ""
FIBERMAP 1018 R-1C8 APOGEE 0 0 0 1 0 0 -110.0753947686787 -32.97034060875216 143.1 -109.63639366446625 34.369739014466624 356.76172 68.38206 -999.0 -999.0 -999.0 -999.0 -999.0 99.46670614184185 -4.27726430656872 99.4524040789255 -4.288551643379398 49.781158059653265 154.00773920225288 -999.0 16600.0 -999.0 2 -999 {-999.0 -999.0 -999.0 -999.0 -999.0} "" -999.0 -999.0 -999.0 -999.0 -999 -999 "" "" "" "" 0 0 0.0 0.0 -999 ""
FIBERMAP 1018 R-1C8 BOSS 1 1 0 1 0 0 -110.38084475147676 -33.64517731352748 143.1 -110.26747530178139 33.98199159835496 356.76172 68.38206 99.4639137056569 -4.279190453805357 -3.3281732 1.8543059 0.95079917 99.46384845726412 -4.279181043114155 99.44947818525401 -4.290299897374047 49.78061167878132 154.0129384274157 5400.0 5400.0 2016.0 1 482 {-999.0 15.8712635 15.22859 14.96025 -999.0} sdss_psfmag_ps1 15.630487 15.190226 14.561327 13.387 63050395111264108 982130082 "" ops_std_boss_tic ops_std standard_boss 0 0 0.0 0.0 -999 ""
FIBERMAP 1018 R-1C8 METROLOGY 0 0 0 1 0 0 -110.81813495022521 -33.041044238277536 143.1 -110.29113718305206 34.72734129367742 356.76172 68.38206 -999.0 -999.0 -999.0 -999.0 -999.0 99.46372770043263 -4.275746769976187 99.44938470570918 -4.286912214966765 49.78379406883528 154.01113400342868 -999.0 6231.0 -999.0 -1 -999 {-999.0 -999.0 -999.0 -999.0 -999.0} "" -999.0 -999.0 -999.0 -999.0 -999 -999 "" "" "" "" 0 0 0.0 0.0 -999 ""
FIBERMAP 1019 R+3C24 APOGEE 1 1 0 1 0 0 241.95327043937036 64.03196407399989 143.1 236.2598749822569 -82.53620809455562 183.4544 88.84042 101.04209032472902 -4.802859343716361 -0.58234733 -0.105721876 0.1453913 101.04208768161548 -4.802867795492409 101.02592776027171 -4.817925430319475 48.69228922387204 152.09773943692124 16000.0 16600.0 2016.0 2 84 {-999.0 14.782943 13.605002 13.052778 -999.0} sdss_psfmag_from_g3xp 14.350314 13.541841 12.660642 10.692 63050395111164083 1107144127 bright_flexible_2x1 mwm_tess_rgb_apogee mwm_tessrgb science 0 0 0.0 0.0 -999 ""
FIBERMAP 1019 R+3C24 BOSS 0 0 0 1 0 0 241.92607430480254 64.77052261880218 143.1 236.6511666529016 -81.90930505327204 183.4544 88.84042 -999.0 -999.0 -999.0 -999.0 -999.0 101.04393597002782 -4.800190048071979 101.02771151331967 -4.815088671235553 48.69419343267249 152.09356837573398 -999.0 5400.0 -999.0 1 246 {-999.0 -999.0 -999.0 -999.0 -999.0} "" -999.0 -999.0 -999.0 -999.0 -999 -999 "" "" "" "" 0 0 0.0 0.0 -999 ""
FIBERMAP 1019 R+3C24 METROLOGY 0 0 0 1 0 0 242.5843353622012 64.42865819509994 143.1 237.00478327203967 -82.56125732481993 183.4544 88.84042 -999.0 -999.0 -999.0 -999.0 -999.0 101.04549677860909 -4.803076202154707 101.02928435028713 -4.818024241701701 48.69087751673112 152.09314352009613 -999.0 6231.0 -999.0 -1 -999 {-999.0 -999.0 -999.0 -999.0 -999.0} "" -999.0 -999.0 -999.0 -999.0 -999 -999 "" "" "" "" 0 0 0.0 0.0 -999 ""
FIBERMAP 1025 R-7C7 APOGEE 1 1 0 1 0 0 -61.97010925134582 -140.78837055237543 143.1 -130.2067552051447 -81.8772595443165 12.829651 84.25005 99.37435973308878 -4.806195046956042 -0.4727857 -1.5927312 0.31705114 99.37439090035328 -4.806169948691967 99.35871139705296 -4.817003082263159 49.32380086531133 154.44046636843206 16000.0 16600.0 2016.0 2 294 {-999.0 14.311859 13.19894 12.737697 -999.0} sdss_psfmag_gaia 13.926517 13.201618 12.373404 10.661 63050395111214206 1109207333 bright_flexible_2x1 mwm_tess_rgb_apogee mwm_tessrgb science 0 0 0.0 0.0 -999 ""
FIBERMAP 1025 R-7C7 BOSS 0 0 0 1 0 0 -61.8653058705615 -141.51906617662144 143.1 -130.52936791493082 -82.54113403853329 12.829651 84.25005 -999.0 -999.0 -999.0 -999.0 -999.0 99.37295150920819 -4.8093781594855445 99.357199796717 -4.820042869534617 49.32151804607021 154.44431656579215 -999.0 5400.0 -999.0 1 410 {-999.0 -999.0 -999.0 -999.0 -999.0} "" -999.0 -999.0 -999.0 -999.0 -999 -999 "" "" "" "" 0 0 0.0 0.0 -999 ""
FIBERMAP 1025 R-7C7 METROLOGY 0 0 0 1 0 0 -62.562463560793866 -141.2448555109675 143.1 -130.9531047180993 -81.92341794290935 12.829651 84.25005 -999.0 -999.0 -999.0 -999.0 -999.0 99.37100446435453 -4.806520066949639 99.35527909768388 -4.817227349265025 49.324837102627484 154.44547901539292 -999.0 6231.0 -999.0 -1 -999 {-999.0 -999.0 -999.0 -999.0 -999.0} "" -999.0 -999.0 -999.0 -999.0 -999 -999 "" "" "" "" 0 0 0.0 0.0 -999 ""
FIBERMAP 1028 R+9C8 APOGEE 1 1 0 1 0 0 -33.03938299300205 160.7150995929085 143.1 62.68604173566362 151.61425298626298 279.36218 112.760414 100.25114638975913 -3.7426211353316248 12.141102 -3.3091927 0.66834027 100.25118632587855 -3.742638715825371 100.23806785639312 -3.756136410619591 49.976925498049546 152.5691417761185 16000.0 16600.0 2016.0 2 2 {-999.0 13.0860195 12.042959 11.621809 -999.0} sdss_psfmag_gaia 12.734696 12.059357 11.259122 9.59 63050395111684897 1108676764 bright_1x1 mwm_tess_rgb_apogee mwm_tessrgb science 0 0 0.0 0.0 -999 ""
FIBERMAP 1028 R+9C8 BOSS 0 0 0 1 0 0 -33.6758241439207 160.33974704021705 143.1 61.948638624973995 151.6599893450675 279.36218 112.760414 -999.0 -999.0 -999.0 -999.0 -999.0 100.24791774566464 -3.7425402066431377 100.23473381938953 -3.755871659577326 49.97846091271554 152.57374959681175 -999.0 5400.0 -999.0 1 124 {-999.0 -999.0 -999.0 -999.0 -999.0} "" -999.0 -999.0 -999.0 -999.0 -999 -999 "" "" "" "" 0 0 0.0 0.0 -999 ""
FIBERMAP 1028 R+9C8 METROLOGY 0 0 0 1 0 0 -33.685239147573576 161.0827199263429 143.1 62.35712976781209 152.2805855016583 279.36218 112.760414 -999.0 -999.0 -999.0 -999.0 -999.0 100.24974014769032 -3.739695599895194 100.23658209853272 -3.7530776226621123 49.98031993563236 152.56941989605477 -999.0 6231.0 -999.0 -1 -999 {-999.0 -999.0 -999.0 -999.0 -999.0} "" -999.0 -999.0 -999.0 -999.0 -999 -999 "" "" "" "" 0 0 0.0 0.0 -999 ""
FIBERMAP 1032 R+2C8 APOGEE 0 0 0 1 0 0 -90.00706637381766 40.495705141468505 143.1 -51.852946355207564 83.969099303786 83.37064 15.502845 -999.0 -999.0 -999.0 -999.0 -999.0 99.72981846691349 -4.0508423988404365 99.71603882520571 -4.062891317810685 49.89250923825754 153.49900901523318 -999.0 16600.0 -999.0 2 -999 {-999.0 -999.0 -999.0 -999.0 -999.0} "" -999.0 -999.0 -999.0 -999.0 -999 -999 "" "" "" "" 0 0 0.0 0.0 -999 ""
FIBERMAP 1032 R+2C8 BOSS 1 1 0 1 0 0 -89.88731079379076 39.75316547653412 143.1 -52.16981206835754 83.28703798830978 83.37064 15.502845 99.7283935546875 -4.054139658311726 -999.0 -999.0 -999.0 99.72841733858118 -4.054066769214538 99.71456472245706 -4.065951452075835 49.890226886836395 153.5029104177942 5400.0 5400.0 2015.5 1 44 {-999.0 -999.0 -999.0 -999.0 -999.0} "" -999.0 -999.0 -999.0 -999.0 27021603131450880 810571471 "" ops_sky_boss_good ops_sky sky_boss 0 0 0.0 0.0 -999 ""
FIBERMAP 1032 R+2C8 METROLOGY 0 0 0 1 0 0 -90.582245248926 40.0204880940671 143.1 -52.59556699682228 83.89780380691111 83.37064 15.502845 -999.0 -999.0 -999.0 -999.0 -999.0 99.72645710588833 -4.051257707849636 99.7126308981384 -4.063183742931776 49.89351686995499 153.50406900654886 -999.0 6231.0 -999.0 -1 -999 {-999.0 -999.0 -999.0 -999.0 -999.0} "" -999.0 -999.0 -999.0 -999.0 -999 -999 "" "" "" "" 0 0 0.0 0.0 -999 ""
FIBERMAP 1034 R+13C2 APOGEE 1 1 0 1 0 0 -129.2747275595934 257.45986763028236 143.1 37.191325025250435 285.6578389749129 77.709724 161.87715 100.13236493037304 -3.141464328893594 -7.8837523 5.693557 2.9879944 100.1323397103446 -3.141451205814162 100.12084517617939 -3.1548927785986183 50.576279939818804 152.37146273058818 16000.0 16600.0 2016.0 2 113 {-999.0 10.260469 10.162354 10.167165 -999.0} sdss_psfmag_from_g3xp 10.294177 10.131928 9.845706 9.412 63050395111944466 974926017 "" ops_std_apogee ops_std standard_apogee 0 0 0.0 0.0 -999 ""
FIBERMAP 1034 R+13C2 BOSS 0 0 0 1 0 0 -128.88791480615774 258.09986535802824 143.1 37.87026998155268 285.97114553219626 77.709724 161.87715 -999.0 -999.0 -999.0 -999.0 -999.0 100.13546708531554 -3.1402315500753453 100.12390917149696 -3.1535270324359654 50.57634230211875 152.36618790335933 -999.0 5400.0 -999.0 1 95 {-999.0 -999.0 -999.0 -999.0 -999.0} "" -999.0 -999.0 -999.0 -999.0 -999 -999 "" "" "" "" 0 0 0.0 0.0 -999 ""
FIBERMAP 1034 R+13C2 METROLOGY 0 0 0 1 0 0 -128.52419941927465 257.4581109974637 143.1 37.81191886925535 285.23586240415295 77.709724 161.87715 -999.0 -999.0 -999.0 -999.0 -999.0 100.13520196023076 -3.1434475199448455 100.12365424307808 -3.1567848015496067 50.57344274195365 152.36856053558765 -999.0 6231.0 -999.0 -1 -999 {-999.0 -999.0 -999.0 -999.0 -999.0} "" -999.0 -999.0 -999.0 -999.0 -999 -999 "" "" "" "" 0 0 0.0 0.0 -999 ""
FIBERMAP 1036 R0C17 APOGEE 0 0 0 1 0 0 63.29765381463702 -17.06947173223223 143.1 42.8582870515789 -49.60247017772646 288.75717 81.542816 -999.0 -999.0 -999.0 -999.0 -999.0 100.1639527841549 -4.658035993645583 100.14843470336831 -4.670934097607484 49.16660391311787 153.23818033406448 -999.0 16600.0 -999.0 2 47 {-999.0 -999.0 -999.0 -999.0 -999.0} "" -999.0 -999.0 -999.0 -999.0 -999 -999 "" "" "" "" 0 0 0.0 0.0 -999 ""
FIBERMAP 1036 R0C17 BOSS 1 1 0 1 0 0 62.55937622611411 -17.218477040702183 143.1 42.1633668795879 -49.31221677265049 288.75717 81.542816 100.16085403169326 -4.656909574413589 0.06312148 0.046270624 0.084636346 100.16086526213422 -4.656914090919593 100.14528383420128 -4.66964165227349 49.16899242704215 153.24187239199202 5400.0 5400.0 2016.0 1 181 {-999.0 16.229134 15.788886 15.566212 -999.0} sdss_psfmag_ps1 16.11501 15.770078 15.250435 14.398 63050395111183117 1093342258 bright_3x1 mwm_astar_core_boss mwm_ob science 0 0 0.0 0.0 -999 ""
FIBERMAP 1036 R0C17 METROLOGY 0 0 0 1 0 0 62.810642311008436 -16.49531930329551 143.1 42.776648413567436 -48.85409117918403 288.75717 81.542816 -999.0 -999.0 -999.0 -999.0 -999.0 100.16363853899841 -4.654767743966394 100.1480810399982 -4.667549479386055 49.16986868406011 153.23671243574387 -999.0 6231.0 -999.0 -1 -999 {-999.0 -999.0 -999.0 -999.0 -999.0} "" -999.0 -999.0 -999.0 -999.0 -999 -999 "" "" "" "" 0 0 0.0 0.0 -999 ""
FIBERMAP 1037 R+4C11 APOGEE 0 0 0 1 0 0 -32.09871481145366 72.16971209974434 143.1 13.853012645326054 77.75500501089148 189.86787 134.66641 -999.0 -999.0 -999.0 -999.0 -999.0 100.02979940588082 -4.078295326202245 100.01585818605474 -4.091093931130797 49.75310141896401 153.0865803888523 -999.0 16600.0 -999.0 2 -999 {-999.0 -999.0 -999.0 -999.0 -999.0} "" -999.0 -999.0 -999.0 -999.0 -999 -999 "" "" "" "" 0 0 0.0 0.0 -999 ""
FIBERMAP 1037 R+4C11 BOSS 1 1 0 1 0 0 -32.716817460832026 72.58079076316704 143.1 13.571435536373155 78.44177885587317 189.86787 134.66641 100.02858152565267 -4.07529519689667 -0.83852166 -2.2325923 0.5199451 100.02857824683424 -4.075292757873874 100.01457923717231 -4.087929786168427 49.756512929873516 153.0865366642287 5400.0 5400.0 2016.0 1 113 {-999.0 15.30384 14.941648 14.815218 -999.0} sdss_psfmag_from_g3xp 15.24699 14.945775 14.477114 13.772 63050395111258956 979091792 "" ops_std_boss ops_std standard_boss 0 0 0.0 0.0 -999 ""
FIBERMAP 1037 R+4C11 METROLOGY 0 0 0 1 0 0 -32.04774071739514 72.91406660013158 143.1 14.312291409105748 78.34290932484731 189.86787 134.66641 -999.0 -999.0 -999.0 -999.0 -999.0 100.03194205310555 -4.075696828977103 100.01795970041132 -4.088387477836839 49.75480310340822 153.08198281073425 -999.0 6231.0 -999.0 -1 -999 {-999.0 -999.0 -999.0 -999.0 -999.0} "" -999.0 -999.0 -999.0 -999.0 -999 -999 "" "" "" "" 0 0 0.0 0.0 -999 ""
FIBERMAP 1039 R-1C4 APOGEE 0 0 0 1 0 0 -229.91541160284444 -18.70558281397915 143.1 -200.89384807311504 113.3301286310708 205.39462 86.41878 -999.0 -999.0 -999.0 -999.0 -999.0 99.05337857904175 -3.9206162220198606 99.04014475164405 -3.930999259306714 50.264639375925974 154.3989538642532 -999.0 16600.0 -999.0 2 -999 {-999.0 -999.0 -999.0 -999.0 -999.0} "" -999.0 -999.0 -999.0 -999.0 -999 -999 "" "" "" "" 0 0 0.0 0.0 -999 ""
FIBERMAP 1039 R-1C4 BOSS 1 1 0 1 0 0 -230.20073819440407 -18.012849535151677 143.1 -200.7420127893667 114.06371053732589 205.39462 86.41878 99.05410766601562 -3.9174237379202026 -999.0 -999.0 -999.0 99.05410549695254 -3.917436323548695 99.04081792582821 -3.9276644740987554 50.26750049338785 154.39607527130025 5400.0 5400.0 2015.5 1 432 {-999.0 -999.0 -999.0 -999.0 -999.0} "" -999.0 -999.0 -999.0 -999.0 27021603131463732 819436413 "" ops_sky_boss_good ops_sky sky_boss 0 0 0.0 0.0 -999 ""
FIBERMAP 1039 R-1C4 METROLOGY 0 0 0 1 0 0 -229.4537238198081 -18.11948864790447 143.1 -200.18309477231645 113.55684036572686 205.39462 86.41878 -999.0 -999.0 -999.0 -999.0 -999.0 99.05660382799027 -3.9196706775919328 99.04332714143868 -3.9299490475440475 50.26446102311714 154.393729981236 -999.0 6231.0 -999.0 -1 -999 {-999.0 -999.0 -999.0 -999.0 -999.0} "" -999.0 -999.0 -999.0 -999.0 -999 -999 "" "" "" "" 0 0 0.0 0.0 -999 ""
FIBERMAP 1040 R+5C11 APOGEE 1 1 0 1 0 0 -13.80068502421021 106.92553023071154 143.1 48.48093716738049 96.28693568160452 78.043976 139.19643 100.18757991337127 -3.9936831908714 -0.052158233 0.95496076 0.41048345 100.18754212646581 -3.993677390534359 100.17377827092724 -4.006910668518061 49.77046082113492 152.81139039251053 16000.0 16600.0 2016.0 2 20 {-999.0 14.729615 13.6681185 13.191261 -999.0} sdss_psfmag_from_g3xp 14.359882 13.639189 12.810557 11.093 63050395111261302 1104098090 bright_flexible_3x1 mwm_tess_rgb_apogee mwm_tessrgb science 0 0 0.0 0.0 -999 ""
FIBERMAP 1040 R+5C11 BOSS 0 0 0 1 0 0 -13.196775253862716 107.37105645941 143.1 49.230716581069075 96.31754365860644 78.043976 139.19643 -999.0 -999.0 -999.0 -999.0 -999.0 100.19105155028815 -3.9936453510253846 100.17722004251601 -4.0067281478749734 49.769306759656175 152.80637577553406 -999.0 5400.0 -999.0 1 137 {-999.0 -999.0 -999.0 -999.0 -999.0} "" -999.0 -999.0 -999.0 -999.0 -999 -999 "" "" "" "" 0 0 0.0 0.0 -999 ""
FIBERMAP 1040 R+5C11 METROLOGY 0 0 0 1 0 0 -13.108136418689966 106.63234851361578 143.1 48.8902272826568 95.65609047199449 78.043976 139.19643 -999.0 -999.0 -999.0 -999.0 -999.0 100.189486621645 -3.9966179266128723 100.17566661164977 -4.009740691110297 49.7671235973913 152.81038654029152 -999.0 6231.0 -999.0 -1 -999 {-999.0 -999.0 -999.0 -999.0 -999.0} "" -999.0 -999.0 -999.0 -999.0 -999 -999 "" "" "" "" 0 0 0.0 0.0 -999 ""
FIBERMAP 1044 R+13C10 APOGEE 0 0 0 1 0 0 76.07271307368151 254.5529553056587 143.1 205.62877958319365 168.19397158617124 61.779926 47.92725 -999.0 -999.0 -999.0 -999.0 -999.0 100.89767494150368 -3.6686575876742107 100.88455979224989 -3.683821220951195 49.78888685244586 151.6048460239443 -999.0 16600.0 -999.0 2 50 {-999.0 -999.0 -999.0 -999.0 -999.0} "" -999.0 -999.0 -999.0 -999.0 -999 -999 "" "" "" "" 0 0 0.0 0.0 -999 ""
FIBERMAP 1044 R+13C10 BOSS 1 1 0 1 0 0 76.34646403765187 253.85737762810908 143.1 205.46576378863972 167.46451982118455 61.779926 47.92725 100.89706420898436 -3.67209168737557 -999.0 -999.0 -999.0 100.89705699331438 -3.672086870641405 100.88386366517028 -3.6870893837977032 49.78617087180835 151.60786016744217 5400.0 5400.0 2015.5 1 164 {-999.0 -999.0 -999.0 -999.0 -999.0} "" -999.0 -999.0 -999.0 -999.0 27021603131475396 819437390 "" ops_sky_boss_good ops_sky sky_boss 0 0 0.0 0.0 -999 ""
FIBERMAP 1044 R+13C10 METROLOGY 0 0 0 1 0 0 75.60420554803869 253.96568747652157 143.1 204.91172065152634 167.97010894768366 61.779926 47.92725 -999.0 -999.0 -999.0 -999.0 -999.0 100.89452006065991 -3.6697610854444984 100.88135327989721 -3.6848029730632876 49.78926946872892 151.60999649789395 -999.0 6231.0 -999.0 -1 -999 {-999.0 -999.0 -999.0 -999.0 -999.0} "" -999.0 -999.0 -999.0 -999.0 -999 -999 "" "" "" "" 0 0 0.0 0.0 -999 ""
FIBERMAP 1046 R+5C21 APOGEE 0 0 0 1 0 0 223.1619216963072 101.72836170207752 143.1 241.81844665694163 -40.787706075935745 11.451127 129.5005 -999.0 -999.0 -999.0 -999.0 -999.0 101.0668515977549 -4.61376035425707 101.05118588028785 -4.628959692587209 48.8558591744821 151.94917075608853 -999.0 16600.0 -999.0 2 -999 {-999.0 -999.0 -999.0 -999.0 -999.0} "" -999.0 -999.0 -999.0 -999.0 -999 -999 "" "" "" "" 0 0 0.0 0.0 -999 ""
FIBERMAP 1046 R+5C21 BOSS 1 1 0 1 0 0 223.74707769980037 101.28297303424118 143.1 242.05351382931624 -41.484434998359355 11.451127 129.5005 101.06760259483147 -4.6170846472677285 -1.216443 -1.0848781 0.38414568 101.06800871879332 -4.617076342716467 101.0522628710819 -4.632113465538609 48.85253833220661 151.9495746938617 5400.0 5400.0 2016.0 1 237 {-999.0 11.679163 11.560359 11.548558 -999.0} sdss_psfmag_from_g3xp 11.710386 11.52976 11.20064 10.66 63050395111585996 1093286533 bright_3x1 mwm_astar_core_boss mwm_ob science 0 0 1.4692362546920776 0.0 -999 ""
FIBERMAP 1046 R+5C21 METROLOGY 0 0 0 1 0 0 223.06086605282516 100.98913931508412 143.1 241.32056650456295 -41.34329928962204 11.451127 129.5005 -999.0 -999.0 -999.0 -999.0 -999.0 101.06469348408218 -4.616410467743653 101.048970505461 -4.631485913394238 48.854416183379016 151.95377450209935 -999.0 6231.0 -999.0 -1 -999 {-999.0 -999.0 -999.0 -999.0 -999.0} "" -999.0 -999.0 -999.0 -999.0 -999 -999 "" "" "" "" 0 0 0.0 0.0 -999 ""
FIBERMAP 1051 R-5C20 APOGEE 1 1 0 1 0 0 198.33464130795446 -97.68750819902978 143.1 109.52386825782743 -192.03070086608648 292.6428 164.55948 100.46859741210936 -5.3021082838415055 -999.0 -999.0 -999.0 100.46860875367096 -5.302104935812288 100.45128974513278 -5.31550353091601 48.45572299945993 153.18683099556318 16000.0 16600.0 2015.5 2 233 {-999.0 -999.0 -999.0 -999.0 -999.0} "" -999.0 -999.0 -999.0 -999.0 27021603131446634 832680388 "" ops_sky_apogee_best ops_sky sky_apogee 0 0 0.0 0.0 -999 ""
FIBERMAP 1051 R-5C20 BOSS 0 0 0 1 0 0 198.46808957465478 -98.42038458752742 143.1 109.22375700227616 -192.71243120352287 292.6428 164.55948 -999.0 -999.0 -999.0 -999.0 -999.0 100.46733197299459 -5.305385452387405 100.44993540157293 -5.318612162117767 48.45336241663371 153.19049646990345 -999.0 5400.0 -999.0 1 278 {-999.0 -999.0 -999.0 -999.0 -999.0} "" -999.0 -999.0 -999.0 -999.0 -999 -999 "" "" "" "" 0 0 0.0 0.0 -999 ""
FIBERMAP 1051 R-5C20 METROLOGY 0 0 0 1 0 0 197.7643820360959 -98.17454499060139 143.1 108.77869935477752 -192.11454178748633 292.6428 164.55948 -999.0 -999.0 -999.0 -999.0 -999.0 100.46528929714519 -5.302656161323162 100.44792020393396 -5.315926275137273 48.45661010800461 153.1917513508004 -999.0 6231.0 -999.0 -1 -999 {-999.0 -999.0 -999.0 -999.0 -999.0} "" -999.0 -999.0 -999.0 -999.0 -999 -999 "" "" "" "" 0 0 0.0 0.0 -999 ""
FIBERMAP 1054 R-2C7 APOGEE 1 1 0 1 0 0 -126.19768281316925 -54.097097751638664 143.1 -134.82601790431085 25.906156925757934 329.74323 83.13455 99.35213849043166 -4.316063825112574 0.15960503 0.3056926 0.28209543 99.35214315265576 -4.316056246771754 99.33777204234809 -4.327036417836697 49.78748153859292 154.1942857979631 16000.0 16600.0 2016.0 2 255 {-999.0 14.990795 13.811979 13.266673 -999.0} sdss_psfmag_from_g3xp 14.553274 13.751017 12.869541 10.993 63050395111263580 1106163443 bright_flexible_3x1 mwm_tess_rgb_apogee mwm_tessrgb science 0 0 0.0 0.0 -999 ""
FIBERMAP 1054 R-2C7 BOSS 0 0 0 1 0 0 -126.65742209484293 -54.68118727120452 143.1 -135.53403427481146 25.680013666976794 329.74323 83.13455 -999.0 -999.0 -999.0 -999.0 -999.0 99.34893409183246 -4.317242562662702 99.33449725051616 -4.328053529283674 49.78773406044856 154.1995688468626 -999.0 5400.0 -999.0 1 471 {-999.0 -999.0 -999.0 -999.0 -999.0} "" -999.0 -999.0 -999.0 -999.0 -999 -999 "" "" "" "" 0 0 0.0 0.0 -999 ""
FIBERMAP 1054 R-2C7 METROLOGY 0 0 0 1 0 0 -126.93415837200125 -53.98912653508796 143.1 -135.37546142575926 26.408225419024205 329.74323 83.13455 -999.0 -999.0 -999.0 -999.0 -999.0 99.34964353843979 -4.313884824710291 99.3352334019246 -4.324744496351424 49.79054269481106 154.19662989473355 -999.0 6231.0 -999.0 -1 -999 {-999.0 -999.0 -999.0 -999.0 -999.0} "" -999.0 -999.0 -999.0 -999.0 -999 -999 "" "" "" "" 0 0 0.0 0.0 -999 ""
FIBERMAP 1056 R-6C9 APOGEE 0 0 0 1 0 0 -35.66543015988744 -129.3766744133442 143.1 -102.02756057720826 -87.16477535237809 328.76358 94.037575 -999.0 -999.0 -999.0 -999.0 -999.0 99.50275715327389 -4.8301971128054495 99.48697601868417 -4.841346298770303 49.25446179165275 154.2716786397996 -999.0 16600.0 -999.0 2 -999 {-999.0 -999.0 -999.0 -999.0 -999.0} "" -999.0 -999.0 -999.0 -999.0 -999 -999 "" "" "" "" 0 0 0.0 0.0 -999 ""
FIBERMAP 1056 R-6C9 BOSS 1 1 0 1 0 0 -35.99781639282001 -130.04110999358448 143.1 -102.67512272083609 -87.52881627546972 328.76358 94.037575 99.4998295212322 -4.832047438371408 -0.2741749 -1.5869222 0.04596868 99.49983507082436 -4.832051633292441 99.48398521254376 -4.843028961363086 49.253987714376656 154.27687144517358 5400.0 5400.0 2016.0 1 399 {-999.0 18.029474 17.377224 17.090178 16.895206} sdss_psfmag_from_ps1dr2 17.8387 17.3829 16.7202 15.521 63050395111210595 1039246870 "" ops_std_boss_ps1dr2 ops_std standard_boss 0 0 0.0 0.0 -999 ""
FIBERMAP 1056 R-6C9 METROLOGY 0 0 0 1 0 0 -36.41043813060551 -129.41698699299786 143.1 -102.667154111686 -86.78073293820859 328.76358 94.037575 -999.0 -999.0 -999.0 -999.0 -999.0 99.49984834990454 -4.828599711444832 99.48402598956415 -4.839624909916368 49.25714031545902 154.27490319573764 -999.0 6231.0 -999.0 -1 -999 {-999.0 -999.0 -999.0 -999.0 -999.0} "" -999.0 -999.0 -999.0 -999.0 -999 -999 "" "" "" "" 0 0 0.0 0.0 -999 ""
FIBERMAP 1058 R-4C23 APOGEE 1 1 0 1 0 0 237.60849482469433 -89.80092569034935 143.1 146.46884704463207 -207.50431482711025 248.37239 103.21004 100.63598925191113 -5.370122538278264 -0.40212002 0.2827137 0.2578454 100.63599095177979 -5.370129148969245 100.61844220568656 -5.383922070091478 48.32888712485517 152.99461629766597 16000.0 16600.0 2016.0 2 221 {-999.0 14.37686 13.458361 13.074977 -999.0} sdss_psfmag_from_g3xp 14.079976 13.462022 12.707595 11.14 63050395110231393 1109220542 bright_flexible_3x1 mwm_tess_rgb_apogee mwm_tessrgb science 0 0 0.0 0.0 -999 ""
FIBERMAP 1058 R-4C23 BOSS 0 0 0 1 0 0 236.87979461246974 -89.70698287574314 143.1 145.9179828395405 -207.01822101748513 248.37239 103.21004 -999.0 -999.0 -999.0 -999.0 -999.0 100.63358617605302 -5.368157537683668 100.61597339677911 -5.381777428638409 48.33181040128208 152.9967935639198 -999.0 5400.0 -999.0 1 252 {-999.0 -999.0 -999.0 -999.0 -999.0} "" -999.0 -999.0 -999.0 -999.0 -999 -999 "" "" "" "" 0 0 0.0 0.0 -999 ""
FIBERMAP 1058 R-4C23 METROLOGY 0 0 0 1 0 0 237.32430317725274 -89.10580086187595 143.1 146.62296226292617 -206.76938817957955 248.37239 103.21004 -999.0 -999.0 -999.0 -999.0 -999.0 100.63675705907325 -5.366957163357675 100.61916637513104 -5.38063312879335 48.33164803402771 152.99171745000294 -999.0 6231.0 -999.0 -1 -999 {-999.0 -999.0 -999.0 -999.0 -999.0} "" -999.0 -999.0 -999.0 -999.0 -999 -999 "" "" "" "" 0 0 0.0 0.0 -999 ""
FIBERMAP 1063 R0C13 APOGEE 1 1 0 1 0 0 -29.169815922954005 8.178413865129754 143.1 -19.57570501999204 23.117141028231977 107.79729 136.45453 99.87776672231328 -4.327483702518018 0.013784619 0.7728697 0.15255652 99.87776336996848 -4.3274822974859 99.86320664428825 -4.33979237682714 49.58072213877189 153.4499558202335 16000.0 16600.0 2016.0 2 292 {-999.0 15.222012 13.778732 13.120826 -999.0} sdss_psfmag_from_g3xp 14.6293335 13.664991 12.699806 10.422 63050395111248936 1104063864 bright_flexible_2x1 mwm_tess_rgb_apogee mwm_tessrgb science 0 0 0.0 0.0 -999 ""
FIBERMAP 1063 R0C13 BOSS 0 0 0 1 0 0 -28.869436362785187 8.855169719887 143.1 -18.94774734188153 23.509318823952352 107.79729 136.45453 -999.0 -999.0 -999.0 -999.0 -999.0 99.88068341631832 -4.3258357605696105 99.86606445847991 -4.337992891572589 49.58131464279944 153.44483877994304 -999.0 5400.0 -999.0 1 430 {-999.0 -999.0 -999.0 -999.0 -999.0} "" -999.0 -999.0 -999.0 -999.0 -999 -999 "" "" "" "" 0 0 0.0 0.0 -999 ""
FIBERMAP 1063 R0C13 METROLOGY 0 0 0 1 0 0 -28.422316249168553 8.262096149526265 143.1 -18.909747794311237 22.767620761064418 107.79729 136.45453 -999.0 -999.0 -999.0 -999.0 -999.0 99.880848646987 -4.3291720066121275 99.86623941892367 -4.341373797335154 49.57811742420603 153.4465553297084 -999.0 6231.0 -999.0 -1 -999 {-999.0 -999.0 -999.0 -999.0 -999.0} "" -999.0 -999.0 -999.0 -999.0 -999 -999 "" "" "" "" 0 0 0.0 0.0 -999 ""
FIBERMAP 1068 R-2C8 APOGEE 0 0 0 1 0 0 -111.37749257399253 -48.70910857916804 143.1 -119.53322404639889 22.064653636709643 243.42249 144.68092 -999.0 -999.0 -999.0 -999.0 -999.0 99.42172665918586 -4.333370116619079 99.40728903410047 -4.344519970547303 49.745734610363805 154.1044374801746 -999.0 16600.0 -999.0 2 -999 {-999.0 -999.0 -999.0 -999.0 -999.0} "" -999.0 -999.0 -999.0 -999.0 -999 -999 "" "" "" "" 0 0 0.0 0.0 -999 ""
FIBERMAP 1068 R-2C8 BOSS 1 1 0 1 0 0 -112.03785043949073 -49.06598276644455 143.1 -120.28008123452312 22.13909411002487 243.42249 144.68092 99.41833928004725 -4.33312432453876 7.5790696 -23.454554 0.63706803 99.41833778160643 -4.333190094072779 99.40383780304154 -4.344170706694779 49.747326649865414 154.10918984690215 5400.0 5400.0 2016.0 1 450 {-999.0 16.260817 15.473209 15.0563965 -999.0} sdss_psfmag_ps1 15.971772 15.347138 14.56321 13.051 63050395111263399 1072861405 bright_1x1 mwm_halo_local_high_boss_single mwm_halo science 0 0 0.0 0.0 -999 ""
FIBERMAP 1068 R-2C8 METROLOGY 0 0 0 1 0 0 -112.01680460377787 -48.324476145429614 143.1 -119.84718435268897 22.74140868198165 243.42249 144.68092 -999.0 -999.0 -999.0 -999.0 -999.0 99.42029603147115 -4.3304008157872875 99.40582096129117 -4.341433110521206 49.749143623278755 154.10478427672226 -999.0 6231.0 -999.0 -1 -999 {-999.0 -999.0 -999.0 -999.0 -999.0} "" -999.0 -999.0 -999.0 -999.0 -999 -999 "" "" "" "" 0 0 0.0 0.0 -999 ""
FIBERMAP 1069 R+11C10 APOGEE 1 1 0 1 0 0 30.104376501245543 196.05389204268477 143.1 134.78128395773464 145.50188366607935 290.0246 81.56686 100.5789083734029 -3.7702393778186716 -3.3767745 -4.768006 0.8845323 100.57889273882572 -3.770233530709303 100.56560392589512 -3.7845495308192416 49.82293761594011 152.11942300953675 16000.0 16600.0 2016.0 2 18 {-999.0 13.576419 12.945046 12.69395 -999.0} sdss_psfmag_from_g3xp 13.40779 12.963024 12.345878 11.294 63050395111671683 1108634001 bright_flexible_3x1 mwm_tess_rgb_apogee mwm_tessrgb science 0 0 0.0 0.0 -999 ""
FIBERMAP 1069 R+11C10 BOSS 0 0 0 1 0 0 29.382545636921247 195.88923976945077 143.1 134.0912177468159 145.76996333140306 290.0246 81.56686 -999.0 -999.0 -999.0 -999.0 -999.0 100.57585870030792 -3.7691405993753984 100.56250560851163 -3.7832909440322267 49.82531261775214 152.12305861066278 -999.0 5400.0 -999.0 1 109 {-999.0 -999.0 -999.0 -999.0 -999.0} "" -999.0 -999.0 -999.0 -999.0 -999 -999 "" "" "" "" 0 0 0.0 0.0 -999 ""
FIBERMAP 1069 R+11C10 METROLOGY 0 0 0 1 0 0 29.587697994406547 196.60390263225787 143.1 134.66154877664124 146.24689114779983 290.0246 81.56686 -999.0 -999.0 -999.0 -999.0 -999.0 100.57840128447971 -3.7669495165641647 100.56507251417372 -3.78115209789702 49.82626906977875 152.11810304448682 -999.0 6231.0 -999.0 -1 -999 {-999.0 -999.0 -999.0 -999.0 -999.0} "" -999.0 -999.0 -999.0 -999.0 -999 -999 "" "" "" "" 0 0 0.0 0.0 -999 ""
FIBERMAP 1070 R+9C13 APOGEE 1 1 0 1 0 0 87.52237048002102 163.8420200970584 143.1 164.285806103848 86.65304556421638 319.2621 108.521645 100.71444122706839 -4.036739956244052 -1.5471474 0.5681655 0.38218254 100.71444110469253 -4.036743255992704 100.70040724925883 -4.051292294038239 49.524776628250706 152.0909802055893 16000.0 16600.0 2016.0 2 55 {-999.0 11.607754 11.566767 11.608218 -999.0} sdss_psfmag_from_g3xp 11.642247 11.523965 11.276971 10.956 63050395111663432 974925902 "" ops_std_apogee ops_std standard_apogee 0 0 0.0 0.0 -999 ""
FIBERMAP 1070 R+9C13 BOSS 0 0 0 1 0 0 87.23138497413123 163.16564557099122 143.1 163.66584212374352 86.25592008115312 319.2621 108.521645 -999.0 -999.0 -999.0 -999.0 -999.0 100.71176260050325 -4.038680653227519 100.69765550857045 -4.053062033746502 49.52423342622204 152.09594141035495 -999.0 5400.0 -999.0 1 152 {-999.0 -999.0 -999.0 -999.0 -999.0} "" -999.0 -999.0 -999.0 -999.0 -999 -999 "" "" "" "" 0 0 0.0 0.0 -999 ""
FIBERMAP 1070 R+9C13 METROLOGY 0 0 0 1 0 0 86.78102885122092 163.76180465481207 143.1 163.6268913700674 87.00198666757485 319.2621 108.521645 -999.0 -999.0 -999.0 -999.0 -999.0 100.71153521661097 -4.035256658302965 100.69745678088691 -4.049684258992635 49.52741542236747 152.09416903203555 -999.0 6231.0 -999.0 -1 -999 {-999.0 -999.0 -999.0 -999.0 -999.0} "" -999.0 -999.0 -999.0 -999.0 -999 -999 "" "" "" "" 0 0 0.0 0.0 -999 ""
FIBERMAP 1078 R-3C9 APOGEE 0 0 0 1 0 0 -89.71752286225177 -74.43576316559864 143.1 -116.00937915206897 -11.37794731980647 282.25235 60.841995 -999.0 -999.0 -999.0 -999.0 -999.0 99.43804406595724 -4.485541669974058 99.42319770661771 -4.496669951492582 49.598420831639906 154.16814537704965 -999.0 16600.0 -999.0 2 245 {-999.0 -999.0 -999.0 -999.0 -999.0} "" -999.0 -999.0 -999.0 -999.0 -999 -999 "" "" "" "" 0 0 0.0 0.0 -999 ""
FIBERMAP 1078 R-3C9 BOSS 1 1 0 1 0 0 -90.42790646674575 -74.23484900801381 143.1 -116.48513760796563 -10.813523987695605 282.25235 60.841995 99.43588256835938 -4.483137308475179 -999.0 -999.0 -999.0 99.43588348808886 -4.483142733986055 99.42098008774036 -4.494104937800323 49.60161884397476 154.16986325231898 5400.0 5400.0 2015.5 1 470 {-999.0 -999.0 -999.0 -999.0 -999.0} "" -999.0 -999.0 -999.0 -999.0 27021603131449413 819435244 "" ops_sky_boss_good ops_sky sky_boss 0 0 0.0 0.0 -999 ""
FIBERMAP 1078 R-3C9 METROLOGY 0 0 0 1 0 0 -89.88007494974885 -73.72737353191913 143.1 -115.7470912754287 -10.700189705619865 282.25235 60.841995 -999.0 -999.0 -999.0 -999.0 -999.0 99.43923488942393 -4.482574830182859 99.4243501489579 -4.493591576130078 49.60086145107833 154.16475106063322 -999.0 6231.0 -999.0 -1 -999 {-999.0 -999.0 -999.0 -999.0 -999.0} "" -999.0 -999.0 -999.0 -999.0 -999 -999 "" "" "" "" 0 0 0.0 0.0 -999 ""
FIBERMAP 1081 R-1C22 APOGEE 1 1 0 1 0 0 207.44982757224437 -31.697760464769996 143.1 154.0470811790936 -142.4860600870021 25.547619 41.51876 100.67089947439364 -5.077046943469564 -2.2150397 0.63774014 0.36386272 100.67090244141606 -5.077043684069009 100.65412297576086 -5.09104870750539 48.58552688776586 152.7752016044973 16000.0 16600.0 2016.0 2 196 {-999.0 14.287218 13.261031 12.820955 -999.0} sdss_psfmag_from_g3xp 13.935392 13.249209 12.446298 10.727 63050395111151297 1109204700 bright_flexible_2x1 mwm_tess_rgb_apogee mwm_tessrgb science 0 0 0.0 0.0 -999 ""
FIBERMAP 1081 R-1C22 BOSS 0 0 0 1 0 0 207.161249247261 -32.38365203853624 143.1 153.42377838394935 -142.89241621693805 25.547619 41.51876 -999.0 -999.0 -999.0 -999.0 -999.0 100.6681799275284 -5.079100019341263 100.6513259810452 -5.092931190585646 48.58486632347472 152.7801854002958 -999.0 5400.0 -999.0 1 313 {-999.0 -999.0 -999.0 -999.0 -999.0} "" -999.0 -999.0 -999.0 -999.0 -999 -999 "" "" "" "" 0 0 0.0 0.0 -999 ""
FIBERMAP 1081 R-1C22 METROLOGY 0 0 0 1 0 0 206.70353096579274 -31.78969342829324 143.1 153.3774974541777 -142.14404700980882 25.547619 41.51876 -999.0 -999.0 -999.0 -999.0 -999.0 100.66794665879883 -5.075666868745734 100.65112169131379 -5.089545984748295 48.58806752421558 152.77849296737222 -999.0 6231.0 -999.0 -1 -999 {-999.0 -999.0 -999.0 -999.0 -999.0} "" -999.0 -999.0 -999.0 -999.0 -999 -999 "" "" "" "" 0 0 0.0 0.0 -999 ""
FIBERMAP 1083 R-3C10 APOGEE 0 0 0 1 0 0 -57.99577653729123 -66.72997459233083 143.1 -85.42026081769393 -22.769838539447626 207.99838 157.66931 -999.0 -999.0 -999.0 -999.0 -999.0 99.57758523414162 -4.53717945424062 99.56256061024288 -4.5486407320787485 49.49889234116208 153.99862794935487 -999.0 16600.0 -999.0 2 -999 {-999.0 -999.0 -999.0 -999.0 -999.0} "" -999.0 -999.0 -999.0 -999.0 -999 -999 "" "" "" "" 0 0 0.0 0.0 -999 ""
FIBERMAP 1083 R-3C10 BOSS 1 1 0 1 0 0 -58.73881758851795 -66.80917778496134 143.1 -86.08001582744615 -22.41910691525522 207.99838 157.66931 99.5745849609375 -4.535756050554269 -999.0 -999.0 -999.0 99.5745932160715 -4.535760719922849 99.55950856857805 -4.547052989741302 49.50149256867603 154.00207654248416 5400.0 5400.0 2015.5 1 447 {-999.0 -999.0 -999.0 -999.0 -999.0} "" -999.0 -999.0 -999.0 -999.0 27021603131449907 819435324 "" ops_sky_boss_good ops_sky sky_boss 0 0 0.0 0.0 -999 ""
FIBERMAP 1083 R-3C10 METROLOGY 0 0 0 1 0 0 -58.429705718043905 -66.12304177347598 143.1 -85.43957044614417 -22.024053313342957 207.99838 157.66931 -999.0 -999.0 -999.0 -999.0 -999.0 99.57750015451825 -4.533908830929517 99.56243788745763 -4.545255166747927 49.502083134039204 153.99687512298925 -999.0 6231.0 -999.0 -1 -999 {-999.0 -999.0 -999.0 -999.0 -999.0} "" -999.0 -999.0 -999.0 -999.0 -999 -999 "" "" "" "" 0 0 0.0 0.0 -999 ""
FIBERMAP 1085 R-2C13 APOGEE 0 0 0 1 0 0 2.924588679084148 -22.920160736559723 143.1 -10.420083443925696 -20.620842827257455 102.35594 91.99449 -999.0 -999.0 -999.0 -999.0 -999.0 99.92011274137656 -4.526686896128274 99.90501503906353 -4.539021711972322 49.38046379924059 153.50601162778673 -999.0 16600.0 -999.0 2 -999 {-999.0 -999.0 -999.0 -999.0 -999.0} "" -999.0 -999.0 -999.0 -999.0 -999 -999 "" "" "" "" 0 0 0.0 0.0 -999 ""
FIBERMAP 1085 R-2C13 BOSS 1 1 0 1 0 0 3.6344744979499226 -22.711941466637246 143.1 -9.715499334791732 -20.846148024631656 102.35594 91.99449 99.92341179651704 -4.527893003505027 -0.23368517 0.5557996 0.14116189 99.9233968174763 -4.527879815630012 99.90822886899741 -4.540060222551252 49.37829597554374 153.50205276001475 5400.0 5400.0 2016.0 1 355 {-999.0 14.661112 14.378798 14.296269 -999.0} sdss_psfmag_from_g3xp 14.631268 14.377978 13.95426 13.326 63050395111243786 1093136304 bright_3x1 mwm_astar_core_boss mwm_ob science 0 0 0.0 0.0 -999 ""
FIBERMAP 1085 R-2C13 METROLOGY 0 0 0 1 0 0 3.4556998229239055 -23.44416735235863 143.1 -10.273825276721519 -21.352400763276847 102.35594 91.99449 -999.0 -999.0 -999.0 -999.0 -999.0 99.92083289440949 -4.530144852656633 99.90567843141469 -4.542363785606729 49.37711852070428 153.50700217696507 -999.0 6231.0 -999.0 -1 -999 {-999.0 -999.0 -999.0 -999.0 -999.0} "" -999.0 -999.0 -999.0 -999.0 -999 -999 "" "" "" "" 0 0 0.0 0.0 -999 ""
FIBERMAP 1086 R-3C15 APOGEE 0 0 0 1 0 0 39.408163150984365 -44.20109001400722 143.1 7.871431684625667 -58.68723146539057 208.33 27.929974 -999.0 -999.0 -999.0 -999.0 -999.0 100.00417743768122 -4.699870423516698 99.98859523554171 -4.712346217693134 49.188528084377054 153.4877256521037 -999.0 16600.0 -999.0 2 -999 {-999.0 -999.0 -999.0 -999.0 -999.0} "" -999.0 -999.0 -999.0 -999.0 -999 -999 "" "" "" "" 0 0 0.0 0.0 -999 ""
FIBERMAP 1086 R-3C15 BOSS 1 1 0 1 0 0 39.81602300134122 -43.57147309337795 143.1 8.561991207540602 -58.39431487541776 208.33 27.929974 100.00659225007571 -4.698710518458081 0.67916584 -0.2850838 0.4650253 100.00740203920974 -4.698723479687316 99.99175530120363 -4.711044621932479 49.18854754271238 153.48251169193995 5400.0 5400.0 2016.0 1 274 {-999.0 8.65914 8.676982 8.737537 -999.0} sdss_psfmag_from_g3xp 8.68233 8.608337 8.40857 8.255 63050395111180970 1093136303 bright_3x1 mwm_astar_core_boss mwm_ob science 0 0 2.8660171031951904 0.0 -999 ""
FIBERMAP 1086 R-3C15 METROLOGY 0 0 0 1 0 0 40.15366690668209 -44.230857962414866 143.1 8.472169624483955 -59.1295914916607 208.33 27.929974 -999.0 -999.0 -999.0 -999.0 -999.0 100.00698033115484 -4.702020293390262 99.99134384431653 -4.714385255957963 49.185607442956744 153.48501819967538 -999.0 6231.0 -999.0 -1 -999 {-999.0 -999.0 -999.0 -999.0 -999.0} "" -999.0 -999.0 -999.0 -999.0 -999 -999 "" "" "" "" 0 0 0.0 0.0 -999 ""
FIBERMAP 1091 R+10C17 APOGEE 1 1 0 1 0 0 170.64843321075875 180.5045443769059 143.1 242.465810002436 53.87711616711235 256.16287 96.69658 101.0678500953615 -4.184958140581472 0.00069364544 -4.9760036 1.0903012 101.06783293427367 -4.184992521409268 101.05330238837428 -4.200372864493697 49.248139829803264 151.6857350935638 16000.0 16600.0 2016.0 2 49 {-999.0 14.974096 14.384343 14.211272 -999.0} sdss_psfmag_ps1 14.787811 14.394708 13.827654 12.815 63050395111606883 916919809 bright_3x1 mwm_yso_disk_apogee mwm_yso science 0 0 0.0 0.0 -999 ""
FIBERMAP 1091 R+10C17 BOSS 0 0 0 1 0 0 169.9098188248514 180.57146304123157 143.1 241.89159334042503 54.34638383351273 256.16287 96.69658 -999.0 -999.0 -999.0 -999.0 -999.0 101.0653379504652 -4.183027324217579 101.05074281157749 -4.198240958664669 49.25111466590085 151.68801335828147 -999.0 5400.0 -999.0 1 170 {-999.0 -999.0 -999.0 -999.0 -999.0} "" -999.0 -999.0 -999.0 -999.0 -999 -999 "" "" "" "" 0 0 0.0 0.0 -999 ""
FIBERMAP 1091 R+10C17 METROLOGY 0 0 0 1 0 0 170.3405613787608 181.18951260509883 143.1 242.59462283149196 54.616899278059726 256.16287 96.69658 -999.0 -999.0 -999.0 -999.0 -999.0 101.06845440366239 -4.1817554060572 101.05388168897053 -4.197023126654565 49.25097896329468 151.68287160676604 -999.0 6231.0 -999.0 -1 -999 {-999.0 -999.0 -999.0 -999.0 -999.0} "" -999.0 -999.0 -999.0 -999.0 -999 -999 "" "" "" "" 0 0 0.0 0.0 -999 ""
FIBERMAP 1092 R-7C20 APOGEE 1 0 0 1 1 0 230.98397880983143 -133.6575227275582 143.1 116.40960517866966 -240.1140803047539 44.51584 73.03447 100.47134399414061 -5.449633601210465 -999.0 -999.0 -999.0 100.49942918329118 -5.517433935502652 100.48152791642326 -5.5308191554585555 48.245147742170815 153.26821252061 16000.0 16600.0 2015.5 2 200 {-999.0 -999.0 -999.0 -999.0 -999.0} "" -999.0 -999.0 -999.0 -999.0 27021603131398128 841542121 "" ops_sky_apogee_best ops_sky sky_apogee 0 0 0.0 0.0 -999 ""
FIBERMAP 1092 R-7C20 BOSS 0 0 0 1 1 0 231.25097365003336 -134.34742550980724 143.1 116.24417369642384 -240.83504672827243 44.51584 73.03447 -999.0 -999.0 -999.0 -999.0 -999.0 100.49874319153433 -5.520834896012968 100.48076349036972 -5.5340483562141305 48.242449886938715 153.2711118774027 -999.0 5400.0 -999.0 1 332 {-999.0 -999.0 -999.0 -999.0 -999.0} "" -999.0 -999.0 -999.0 -999.0 -999 -999 "" "" "" "" 0 0 0.0 0.0 -999 ""
FIBERMAP 1092 R-7C20 METROLOGY 0 0 0 1 1 0 230.513351858736 -134.23690725870563 143.1 115.69520798576241 -240.33022657729347 44.51584 73.03447 -999.0 -999.0 -999.0 -999.0 -999.0 100.49624127390406 -5.5185539833810155 100.4782881012195 -5.5318098726709195 48.245456655978714 153.2732569647944 -999.0 6231.0 -999.0 -1 -999 {-999.0 -999.0 -999.0 -999.0 -999.0} "" -999.0 -999.0 -999.0 -999.0 -999 -999 "" "" "" "" 0 0 0.0 0.0 -999 ""
FIBERMAP 1094 R+1C19 APOGEE 0 0 0 1 0 0 131.37648838313223 33.819598042212334 143.1 127.75353480516306 -45.60142092501451 86.53678 88.30578 -999.0 -999.0 -999.0 -999.0 -999.0 100.55109515917613 -4.638350894256664 100.53551559665112 -4.6522370844210235 49.03590195929184 152.68303270004697 -999.0 16600.0 -999.0 2 -999 {-999.0 -999.0 -999.0 -999.0 -999.0} "" -999.0 -999.0 -999.0 -999.0 -999 -999 "" "" "" "" 0 0 0.0 0.0 -999 ""
FIBERMAP 1094 R+1C19 BOSS 1 1 0 1 0 0 132.11394899129635 33.75359914173039 143.1 128.32731126747387 -46.0692803914703 86.53678 88.30578 100.55361660636365 -4.6406446826010885 -3.4075873 -5.130291 -2.1463983 100.55383325516972 -4.640649086967399 100.53817792987996 -4.654377809820555 49.032900790885435 152.68056515981314 5400.0 5400.0 2016.0 1 232 {-999.0 13.787256 13.518892 13.445646 -999.0} sdss_psfmag_gaia 13.599328 13.524587 12.953566 12.297 63050395111185263 1093494826 bright_3x1 mwm_astar_core_boss mwm_ob science 0 0 0.8935683369636536 0.0 -999 ""
FIBERMAP 1094 R+1C19 METROLOGY 0 0 0 1 0 0 131.6994179030113 33.147007151921294 143.1 127.64412760240683 -46.33939011760453 86.53678 88.30578 -999.0 -999.0 -999.0 -999.0 -999.0 100.55069812347288 -4.641841552795489 100.5350600784243 -4.6556081610306475 49.03296954367109 152.68566191109917 -999.0 6231.0 -999.0 -1 -999 {-999.0 -999.0 -999.0 -999.0 -999.0} "" -999.0 -999.0 -999.0 -999.0 -999 -999 "" "" "" "" 0 0 0.0 0.0 -999 ""
FIBERMAP 1095 R+5C8 APOGEE 0 0 0 1 0 0 -63.060827099492755 85.02554052059033 143.1 -4.586289408955558 105.75014834061032 9.243206 60.96328 -999.0 -999.0 -999.0 -999.0 -999.0 99.94528767586084 -3.951224868179311 99.93170803138213 -3.9638614997868715 49.90272776450591 153.1316788364329 -999.0 16600.0 -999.0 2 -999 {-999.0 -999.0 -999.0 -999.0 -999.0} "" -999.0 -999.0 -999.0 -999.0 -999 -999 "" "" "" "" 0 0 0.0 0.0 -999 ""
FIBERMAP 1095 R+5C8 BOSS 1 1 0 1 0 0 -63.303316091999775 84.32140109808874 143.1 -5.181645881065092 105.30285566482118 9.243206 60.96328 99.94256877168871 -3.9533541643955314 18.875465 -8.284909 2.9364083 99.94263975314745 -3.953372628688537 99.92898957408136 -3.9658427102562275 49.90192891497554 153.13674358045336 5400.0 5400.0 2016.0 1 65 {-999.0 19.219069 19.249638 19.490732 -999.0} sdss_psfmag_ps1 19.22027 19.291122 19.191309 -999.0 63050395111274620 1092425914 dark_flexible_2x1 mwm_cb_galex_vol_boss mwm_cb science 0 0 0.0 0.0 -999 ""
FIBERMAP 1095 R+5C8 METROLOGY 0 0 0 1 0 0 -63.793239862347164 84.88329592378695 143.1 -5.272564370901435 106.04271481482269 9.243206 60.96328 -999.0 -999.0 -999.0 -999.0 -999.0 99.94219818513935 -3.949976723535916 99.92857573245277 -3.9624921409636493 49.90518417694496 153.1353548561189 -999.0 6231.0 -999.0 -1 -999 {-999.0 -999.0 -999.0 -999.0 -999.0} "" -999.0 -999.0 -999.0 -999.0 -999 -999 "" "" "" "" 0 0 0.0 0.0 -999 ""
FIBERMAP 1096 R+1C25 APOGEE 0 0 0 1 0 0 272.5700723336151 21.63936249035339 143.1 237.86370849974898 -134.79986243519645 24.949762 99.33349 -999.0 -999.0 -999.0 -999.0 -999.0 101.04891644059495 -5.0386946582613765 101.03212858289425 -5.05367031732152 48.47318984362874 152.2296010603089 -999.0 16600.0 -999.0 2 -999 {-999.0 -999.0 -999.0 -999.0 -999.0} "" -999.0 -999.0 -999.0 -999.0 -999 -999 "" "" "" "" 0 0 0.0 0.0 -999 ""
FIBERMAP 1096 R+1C25 BOSS 1 1 0 1 0 0 273.00281034418674 21.036500917475827 143.1 237.8843127394804 -135.54160849195767 24.949762 99.33349 101.04905886968615 -5.042207538921114 -0.29001316 1.2764975 0.14677374 101.04907034294006 -5.042200345950395 101.03220174438457 -5.057008685799248 48.470091863811255 152.23148043532316 5400.0 5400.0 2016.0 1 184 {-999.0 14.528585 14.375423 14.342765 -999.0} sdss_psfmag_from_g3xp 14.548747 14.343347 13.996557 13.443 63050395110244655 1093286530 bright_3x1 mwm_astar_core_boss mwm_ob science 0 0 0.0 0.0 -999 ""
FIBERMAP 1096 R+1C25 METROLOGY 0 0 0 1 0 0 272.26595303710377 20.95805974266975 143.1 237.23010598928323 -135.19371053276498 24.949762 99.33349 -999.0 -999.0 -999.0 -999.0 -999.0 101.04612126654848 -5.040618845053796 101.02927796819836 -5.055467527956153 48.472654215326564 152.23460507076948 -999.0 6231.0 -999.0 -1 -999 {-999.0 -999.0 -999.0 -999.0 -999.0} "" -999.0 -999.0 -999.0 -999.0 -999 -999 "" "" "" "" 0 0 0.0 0.0 -999 ""
FIBERMAP 1098 R+5C1 APOGEE 1 1 0 1 0 0 -243.41410859979223 89.358892289025 143.1 -151.52465609610832 210.39112008832447 204.8934 133.70047 99.2779541015625 -3.48171398070437 -999.0 -999.0 -999.0 99.27794016976004 -3.481737506816421 99.26580171535664 -3.4928711250383544 50.58917198465614 153.81721974712784 16000.0 16600.0 2015.5 2 122 {-999.0 -999.0 -999.0 -999.0 -999.0} "" -999.0 -999.0 -999.0 -999.0 27021603131464323 841547953 "" ops_sky_apogee_best ops_sky sky_apogee 0 0 0.0 0.0 -999 ""
FIBERMAP 1098 R+5C1 BOSS 0 0 0 1 0 0 -244.1101069176273 89.61816025761725 143.1 -151.9558051311854 210.9958112301293 204.8934 133.70047 -999.0 -999.0 -999.0 -999.0 -999.0 99.27606498999728 -3.479189606887909 99.26387136677238 -3.4901637584085545 50.59240156284098 153.8184520889831 -999.0 5400.0 -999.0 1 1 {-999.0 -999.0 -999.0 -999.0 -999.0} "" -999.0 -999.0 -999.0 -999.0 -999 -999 "" "" "" "" 0 0 0.0 0.0 -999 ""
FIBERMAP 1098 R+5C1 METROLOGY 0 0 0 1 0 0 -243.5344211027415 90.10377318002098 143.1 -151.20693982804949 211.0754324226874 204.8934 133.70047 -999.0 -999.0 -999.0 -999.0 -999.0 99.27942940272621 -3.478762170271596 99.26725360028769 -3.489789186477137 50.59149433141334 153.8132960141844 -999.0 6231.0 -999.0 -1 -999 {-999.0 -999.0 -999.0 -999.0 -999.0} "" -999.0 -999.0 -999.0 -999.0 -999 -999 "" "" "" "" 0 0 0.0 0.0 -999 ""
FIBERMAP 1100 R-9C17 APOGEE 0 0 0 1 0 0 176.02666635338352 -169.12855866569618 143.1 51.02018057793181 -238.69810875281289 4.3232284 144.03966 -999.0 -999.0 -999.0 -999.0 -999.0 100.2025355324024 -5.5133315423805 100.18473148486407 -5.525967402922322 48.361106420073085 153.67674241667254 -999.0 16600.0 -999.0 2 -999 {-999.0 -999.0 -999.0 -999.0 -999.0} "" -999.0 -999.0 -999.0 -999.0 -999 -999 "" "" "" "" 0 0 0.0 0.0 -999 ""
FIBERMAP 1100 R-9C17 BOSS 1 1 0 1 0 0 176.67510298575107 -169.52007998385724 143.1 51.337837917209235 -239.3856816115769 4.3232284 144.03966 100.20407006773829 -5.5165870643473705 -1.6059911 -10.002385 1.0539411 100.20405542398582 -5.516592826012118 100.18617392680665 -5.529062853845982 48.35769852979129 153.67648421409658 5400.0 5400.0 2016.0 1 269 {-999.0 15.900807 15.291506 14.977793 -999.0} sdss_psfmag_ps1 15.743816 15.287067 14.65082 13.512 63050395111114026 1094569788 bright_1x1 mwm_bin_vis_boss mwm_filler science 0 0 0.0 0.0 -999 ""
FIBERMAP 1100 R-9C17 METROLOGY 0 0 0 1 0 0 176.0086162145316 -169.87443812847766 143.1 50.587314586952814 -239.305723350301 4.3232284 144.03966 -999.0 -999.0 -999.0 -999.0 -999.0 100.20062124239878 -5.516200429928358 100.18276116083263 -5.52870962799432 48.35929848660432 153.68102505781016 -999.0 6231.0 -999.0 -1 -999 {-999.0 -999.0 -999.0 -999.0 -999.0} "" -999.0 -999.0 -999.0 -999.0 -999 -999 "" "" "" "" 0 0 0.0 0.0 -999 ""
FIBERMAP 1101 R-12C14 APOGEE 0 0 0 1 0 0 124.96380062456895 -227.81372748062805 143.1 -24.15081598874921 -258.68985664480203 129.73059 137.36789 -999.0 -999.0 -999.0 -999.0 -999.0 99.86078646549988 -5.603774921048771 99.8428407495087 -5.615506656000179 48.40426271688148 154.2025307539213 -999.0 16600.0 -999.0 2 213 {-999.0 -999.0 -999.0 -999.0 -999.0} "" -999.0 -999.0 -999.0 -999.0 -999 -999 "" "" "" "" 0 0 0.0 0.0 -999 ""
FIBERMAP 1101 R-12C14 BOSS 1 1 0 1 0 0 124.96432176292417 -227.0779127397078 143.1 -23.738106573162515 -258.0807560065808 129.73059 137.36789 99.86271103067998 -5.601190690989245 4.285594 -9.968989 1.130937 99.86271855053188 -5.601239120398304 99.8447120732016 -5.612808323000405 48.4060871277786 154.19842728073246 5400.0 5400.0 2016.0 1 256 {-999.0 18.894733 17.39516 16.816216 -999.0} sdss_psfmag_ps1 18.237692 17.3297 16.399126 14.402 63050395111109303 1096177375 bright_1x1 mwm_bin_vis_boss mwm_filler science 0 0 0.0 0.0 -999 ""
FIBERMAP 1101 R-12C14 METROLOGY 0 0 0 1 0 0 125.61770717545274 -227.4395037750343 143.1 -23.399580744937918 -258.7463137837248 129.73059 137.36789 -999.0 -999.0 -999.0 -999.0 -999.0 99.86425059286054 -5.604152861568273 99.84625486819579 -5.615772449763832 48.40276606600772 154.19791861699986 -999.0 6231.0 -999.0 -1 -999 {-999.0 -999.0 -999.0 -999.0 -999.0} "" -999.0 -999.0 -999.0 -999.0 -999 -999 "" "" "" "" 0 0 0.0 0.0 -999 ""
FIBERMAP 1103 R-2C9 APOGEE 1 1 0 1 0 0 -99.24802298259262 -56.256774415350314 143.1 -113.71671346672451 9.017615240089048 290.12082 59.059895 99.44833455883308 -4.392627867510693 -6.7911787 -24.314901 5.7639637 99.4483010692524 -4.392691101386786 99.43369816403589 -4.4038839279948 49.68084526116671 154.1003937564723 16000.0 16600.0 2016.0 2 258 {-999.0 9.095316 8.733048 8.623504 -999.0} sdss_psfmag_from_g3xp 9.038468 8.750632 8.295495 7.571 63050395111262335 1103522292 bright_1x1 mwm_tess_2min_apogee mwm_planet science 0 0 0.0 0.0 -999 ""
FIBERMAP 1103 R-2C9 BOSS 0 0 0 1 0 0 -99.9607970163202 -56.116633896300804 143.1 -114.22850318349536 9.533045959475352 290.12082 59.059895 -999.0 -999.0 -999.0 -999.0 -999.0 99.44597825519439 -4.390506501279925 99.43131783293666 -4.4015332741926 49.68390486566345 154.10246557151996 -999.0 5400.0 -999.0 1 449 {-999.0 -999.0 -999.0 -999.0 -999.0} "" -999.0 -999.0 -999.0 -999.0 -999 -999 "" "" "" "" 0 0 0.0 0.0 -999 ""
FIBERMAP 1103 R-2C9 METROLOGY 0 0 0 1 0 0 -99.47977474616057 -55.55051943389497 143.1 -113.51293195063738 9.732377617044216 290.12082 59.059895 -999.0 -999.0 -999.0 -999.0 -999.0 99.44922686174857 -4.389547655152189 99.4345861531437 -4.400628722956974 49.683545347084404 154.0972681992367 -999.0 6231.0 -999.0 -1 -999 {-999.0 -999.0 -999.0 -999.0 -999.0} "" -999.0 -999.0 -999.0 -999.0 -999 -999 "" "" "" "" 0 0 0.0 0.0 -999 ""
FIBERMAP 1104 R-13C7 APOGEE 1 1 0 1 0 0 8.306387145614227 -257.174315144251 143.1 -137.21580724934967 -217.64265267748465 39.607647 51.576916 99.34623147837692 -5.419156945276272 -0.5210297 -1.2558465 0.6823783 99.34625200184439 -5.419157970997333 99.32894870814079 -5.4296622067437585 48.76334873990045 154.82072045690697 16000.0 16600.0 2016.0 2 299 {-999.0 13.267542 12.196092 11.723203 -999.0} sdss_psfmag_from_g3xp 12.8896475 12.16962 11.342653 9.646 63050395111130035 1109910959 bright_1x1 mwm_tess_rgb_apogee mwm_tessrgb science 0 0 0.0 0.0 -999 ""
FIBERMAP 1104 R-13C7 BOSS 0 0 0 1 0 0 8.318803570999336 -257.91807597553094 143.1 -137.6222541385181 -218.2655831003938 39.607647 51.576916 -999.0 -999.0 -999.0 -999.0 -999.0 99.34449241286018 -5.422118492753905 99.32711714765179 -5.432449999700674 48.761402353246815 154.82482146807774 -999.0 5400.0 -999.0 1 416 {-999.0 -999.0 -999.0 -999.0 -999.0} "" -999.0 -999.0 -999.0 -999.0 -999 -999 "" "" "" "" 0 0 0.0 0.0 -999 ""
FIBERMAP 1104 R-13C7 METROLOGY 0 0 0 1 0 0 7.666197172574915 -257.55846173695863 143.1 -137.96124239834722 -217.60209896424425 39.607647 51.576916 -999.0 -999.0 -999.0 -999.0 -999.0 99.34291642644561 -5.419088056328272 99.32556801370879 -5.429464182216225 48.764742893126005 154.8253772509657 -999.0 6231.0 -999.0 -1 -999 {-999.0 -999.0 -999.0 -999.0 -999.0} "" -999.0 -999.0 -999.0 -999.0 -999 -999 "" "" "" "" 0 0 0.0 0.0 -999 ""
FIBERMAP 1105 R-7C6 APOGEE 0 0 0 1 0 0 -89.6604408897157 -138.8952742433921 143.1 -152.07884010619105 -64.79449716336939 335.80133 126.936714 -999.0 -999.0 -999.0 -999.0 -999.0 99.27471618384402 -4.728552336247872 99.25927236948735 -4.739164516086309 49.43232906436228 154.5388147439721 -999.0 16600.0 -999.0 2 -999 {-999.0 -999.0 -999.0 -999.0 -999.0} "" -999.0 -999.0 -999.0 -999.0 -999 -999 "" "" "" "" 0 0 0.0 0.0 -999 ""
FIBERMAP 1105 R-7C6 BOSS 1 1 0 1 0 0 -89.48708453869504 -139.6228516025129 143.1 -152.3429309297676 -65.49419945436632 335.80133 126.936714 99.27352379491903 -4.7319356815637805 -0.43526733 2.0393975 0.31945214 99.2735405259729 -4.7319149628460355 99.25802450391939 -4.742359857144283 49.42980238903575 154.54237875264425 5400.0 5400.0 2016.0 1 437 {-999.0 16.994085 16.831926 16.684261 -999.0} sdss_psfmag_ps1 16.983194 16.68511 16.227398 15.369 63050395111215702 978386651 "" ops_std_boss ops_std standard_boss 0 0 0.0 0.0 -999 ""
FIBERMAP 1105 R-7C6 METROLOGY 0 0 0 1 0 0 -90.20331541788772 -139.4070840002098 143.1 -152.81520962442406 -64.91419844926122 335.80133 126.936714 -999.0 -999.0 -999.0 -999.0 -999.0 99.27137883087313 -4.729229434202034 99.25588862053485 -4.739716127816848 49.433038106091686 154.54395454414836 -999.0 6231.0 -999.0 -1 -999 {-999.0 -999.0 -999.0 -999.0 -999.0} "" -999.0 -999.0 -999.0 -999.0 -999 -999 "" "" "" "" 0 0 0.0 0.0 -999 ""
FIBERMAP 1106 R-10C9 APOGEE 0 0 0 1 0 0 15.777462669808433 -208.23572186560534 143.1 -103.60800717914206 -181.29836924211295 21.862194 37.27891 -999.0 -999.0 -999.0 -999.0 -999.0 99.4975889419091 -5.256365267894859 99.48067520577547 -5.267322541789248 48.860134155664866 154.5177468924029 -999.0 16600.0 -999.0 2 -999 {-999.0 -999.0 -999.0 -999.0 -999.0} "" -999.0 -999.0 -999.0 -999.0 -999 -999 "" "" "" "" 0 0 0.0 0.0 -999 ""
FIBERMAP 1106 R-10C9 BOSS 1 1 0 1 0 0 15.419290262870735 -208.89250127904805 143.1 -104.27263535317559 -181.64162140103215 21.862194 37.27891 99.4945756614805 -5.2581218716975755 0.23664387 0.9750014 0.026241748 99.49461906811136 -5.258112127954355 99.47763649222054 -5.268894964831902 48.859768380048614 154.52290021075794 5400.0 5400.0 2016.0 1 371 {-999.0 17.951935 17.391457 17.143972 16.989592} sdss_psfmag_from_ps1dr2 17.8221 17.3966 16.7927 15.553 63050395111132977 1039245507 "" ops_std_boss_ps1dr2 ops_std standard_boss 0 0 0.0 0.0 -999 ""
FIBERMAP 1106 R-10C9 METROLOGY 0 0 0 1 0 0 15.031401330791363 -208.24310149539573 143.1 -104.23002073183929 -180.8864619643333 21.862194 37.27891 -999.0 -999.0 -999.0 -999.0 -999.0 99.49477850662431 -5.254654281106202 99.47782353306155 -5.265486082334518 48.86287674650027 154.52075421315118 -999.0 6231.0 -999.0 -1 -999 {-999.0 -999.0 -999.0 -999.0 -999.0} "" -999.0 -999.0 -999.0 -999.0 -999 -999 "" "" "" "" 0 0 0.0 0.0 -999 ""
FIBERMAP 1107 R-13C5 APOGEE 0 0 0 1 0 0 -61.21701306916215 -259.61450726812706 143.1 -196.16146646375336 -180.70955126349736 190.58542 152.41061 -999.0 -999.0 -999.0 -999.0 -999.0 99.07852550623292 -5.251907627999495 99.06174643005738 -5.26180187129878 49.01520629259615 155.10736598199819 -999.0 16600.0 -999.0 2 283 {-999.0 -999.0 -999.0 -999.0 -999.0} "" -999.0 -999.0 -999.0 -999.0 -999 -999 "" "" "" "" 0 0 0.0 0.0 -999 ""
FIBERMAP 1107 R-13C5 BOSS 1 1 0 1 0 0 -61.93384745081964 -259.42529022675365 143.1 -196.64912128038856 -180.15120096020456 190.58542 152.41061 99.07638449648805 -5.249523351298774 -6.9422307 -4.672066 1.276925 99.07636448976017 -5.249555576057252 99.05952901584538 -5.259279542574735 49.018348734549704 155.10914597618074 5400.0 5400.0 2016.0 1 414 {-999.0 13.879331 13.492629 13.349055 -999.0} sdss_psfmag_from_g3xp 13.808537 13.496213 13.015101 12.194 63050395111198406 977772698 "" ops_std_boss ops_std standard_boss 0 0 0.0 0.0 -999 ""
FIBERMAP 1107 R-13C5 METROLOGY 0 0 0 1 0 0 -61.419678651181776 -258.89627398937256 143.1 -195.9268846799801 -180.00116562921525 190.58542 152.41061 -999.0 -999.0 -999.0 -999.0 -999.0 99.0795951422632 -5.248854495864541 99.06277851826144 -5.25863395232016 49.017801995371705 155.10418427821506 -999.0 6231.0 -999.0 -1 -999 {-999.0 -999.0 -999.0 -999.0 -999.0} "" -999.0 -999.0 -999.0 -999.0 -999 -999 "" "" "" "" 0 0 0.0 0.0 -999 ""
FIBERMAP 1108 R-9C7 APOGEE 1 1 0 1 0 0 -63.09308905148586 -183.36885317566677 143.1 -154.99468476347786 -116.51267975015556 212.07004 135.46132 99.26250562360613 -4.963052562601914 0.6498184 -3.5423782 0.62491417 99.26253492694408 -4.963103326875179 99.24647088505424 -4.973586602381897 49.21840363014685 154.68719348300996 16000.0 16600.0 2016.0 2 178 {-999.0 13.839699 12.831079 12.395287 -999.0} sdss_psfmag_from_g3xp 13.49411 12.82303 12.025328 10.361 63050395111206006 1110650344 bright_1x1 mwm_tess_rgb_apogee mwm_tessrgb science 0 0 0.0 0.0 -999 ""
FIBERMAP 1108 R-9C7 BOSS 0 0 0 1 0 0 -63.8226121110707 -183.22370191050052 143.1 -155.51753828890372 -115.98371469528779 212.07004 135.46132 -999.0 -999.0 -999.0 -999.0 -999.0 99.26017373098193 -4.960898152710819 99.24405246904763 -4.971212127774078 49.22148755468135 154.68932173785313 -999.0 5400.0 -999.0 1 390 {-999.0 -999.0 -999.0 -999.0 -999.0} "" -999.0 -999.0 -999.0 -999.0 -999 -999 "" "" "" "" 0 0 0.0 0.0 -999 ""
FIBERMAP 1108 R-9C7 METROLOGY 0 0 0 1 0 0 -63.32225001088337 -182.66609183044514 143.1 -154.79071506379975 -115.80226238980205 212.07004 135.46132 -999.0 -999.0 -999.0 -999.0 -999.0 99.26345527078267 -4.96003110720488 99.24735341760652 -4.970400326725669 49.221057846488705 154.68417753101954 -999.0 6231.0 -999.0 -1 -999 {-999.0 -999.0 -999.0 -999.0 -999.0} "" -999.0 -999.0 -999.0 -999.0 -999 -999 "" "" "" "" 0 0 0.0 0.0 -999 ""
FIBERMAP 1109 R+8C19 APOGEE 1 1 0 1 0 0 219.2603413617927 159.81382425346015 143.1 271.13255534319126 9.504012612996949 54.33413 71.05993 101.19723723367298 -4.385466866574909 0.31891406 0.02261311 0.3627968 101.19723560838389 -4.385483629017197 101.18213629416641 -4.401107143553802 49.01276179812002 151.62862933717042 16000.0 16600.0 2016.0 2 60 {-999.0 14.457132 13.338268 12.84755 -999.0} sdss_psfmag_from_g3xp 14.054355 13.307085 12.462891 10.638 63050395111589659 1109894583 bright_flexible_2x1 mwm_tess_rgb_apogee mwm_tessrgb science 0 0 0.0 0.0 -999 ""
FIBERMAP 1109 R+8C19 BOSS 0 0 0 1 0 0 219.71554311374308 159.21646782946942 143.1 271.1748483156506 8.754239392988183 54.33413 71.05993 -999.0 -999.0 -999.0 -999.0 -999.0 101.19751491441035 -4.389036301388061 101.18233480967541 -4.4044965037917585 49.009577182091185 151.6304236758772 -999.0 5400.0 -999.0 1 168 {-999.0 -999.0 -999.0 -999.0 -999.0} "" -999.0 -999.0 -999.0 -999.0 -999 -999 "" "" "" "" 0 0 0.0 0.0 -999 ""
FIBERMAP 1109 R+8C19 METROLOGY 0 0 0 1 0 0 218.96800859869597 159.12692942986848 143.1 270.5055810470267 9.098929219849978 54.33413 71.05993 -999.0 -999.0 -999.0 -999.0 -999.0 101.19449902516418 -4.387442193610655 101.17934424500112 -4.402941523379174 49.01219668126376 151.63363868722362 -999.0 6231.0 -999.0 -1 -999 {-999.0 -999.0 -999.0 -999.0 -999.0} "" -999.0 -999.0 -999.0 -999.0 -999 -999 "" "" "" "" 0 0 0.0 0.0 -999 ""
FIBERMAP 1111 R+8C16 APOGEE 0 0 0 1 0 0 145.74261203487055 151.49984081736724 143.1 205.5877505657523 43.81054002146405 335.98157 124.21913 -999.0 -999.0 -999.0 -999.0 -999.0 100.90230612245084 -4.230852774116377 100.88770305724069 -4.245796181623208 49.27224273885254 151.94557535864618 -999.0 16600.0 -999.0 2 -999 {-999.0 -999.0 -999.0 -999.0 -999.0} "" -999.0 -999.0 -999.0 -999.0 -999 -999 "" "" "" "" 0 0 0.0 0.0 -999 ""
FIBERMAP 1111 R+8C16 BOSS 1 1 0 1 0 0 145.89840806721455 150.77588395818395 143.1 205.3111450744048 43.12367524959045 335.98157 124.21913 100.90118408203125 -4.234125906648558 -999.0 -999.0 -999.0 100.90119222689907 -4.234122145477687 100.88651094140346 -4.248900007144386 49.269864798958665 151.94913434369326 5400.0 5400.0 2015.5 1 202 {-999.0 -999.0 -999.0 -999.0 -999.0} "" -999.0 -999.0 -999.0 -999.0 27021603131470966 819437064 "" ops_sky_boss_good ops_sky sky_boss 0 0 0.0 0.0 -999 ""
FIBERMAP 1111 R+8C16 METROLOGY 0 0 0 1 0 0 145.18185909343782 151.0076842171003 143.1 204.84758605304205 43.71713253059077 335.98157 124.21913 -999.0 -999.0 -999.0 -999.0 -999.0 100.8990572792791 -4.231390415089796 100.8844036706854 -4.246209762741802 49.27316778357089 151.9504562607048 -999.0 6231.0 -999.0 -1 -999 {-999.0 -999.0 -999.0 -999.0 -999.0} "" -999.0 -999.0 -999.0 -999.0 -999 -999 "" "" "" "" 0 0 0.0 0.0 -999 ""
FIBERMAP 1112 R-6C10 APOGEE 0 0 0 1 0 0 -32.559592517701994 -103.84988907132967 143.1 -85.15265827036326 -67.76401294535766 150.3599 92.36223 -999.0 -999.0 -999.0 -999.0 -999.0 99.57938491760395 -4.741961492572492 99.56381578961191 -4.753342092007209 49.30818300296559 154.11294943860258 -999.0 16600.0 -999.0 2 -999 {-999.0 -999.0 -999.0 -999.0 -999.0} "" -999.0 -999.0 -999.0 -999.0 -999 -999 "" "" "" "" 0 0 0.0 0.0 -999 ""
FIBERMAP 1112 R-6C10 BOSS 1 1 0 1 0 0 -32.22241488409692 -103.17634825669208 143.1 -84.49602627525863 -67.3951158072979 150.3599 92.36223 99.58239584602138 -4.7404653271288995 -0.9204886 0.19972876 0.46646708 99.5824000586121 -4.740475805876294 99.56676908671034 -4.751701484958539 49.308623866675454 154.10782578395822 5400.0 5400.0 2016.0 1 367 {-999.0 20.45602 19.792305 19.292019 18.821848} sdss_psfmag_from_gaiadr2 20.777418 20.019386 19.184206 -999.0 63050395111212699 1056423362 dark_flexible_2x2 bhm_gua_dark bhm_filler science 0 0 0.0 0.0 -999 ""
FIBERMAP 1112 R-6C10 METROLOGY 0 0 0 1 0 0 -31.815372348793453 -103.79698991536729 143.1 -84.50666491090006 -68.13718990707466 150.3599 92.36223 -999.0 -999.0 -999.0 -999.0 -999.0 99.5823513148912 -4.743799112683148 99.56672991697957 -4.75506951584273 49.305507166838474 154.10978472379225 -999.0 6231.0 -999.0 -1 -999 {-999.0 -999.0 -999.0 -999.0 -999.0} "" -999.0 -999.0 -999.0 -999.0 -999 -999 "" "" "" "" 0 0 0.0 0.0 -999 ""
FIBERMAP 1113 R-3C16 APOGEE 1 1 0 1 0 0 70.00461064318768 -38.29256371981 143.1 36.52158344940187 -70.93708680608836 182.9574 26.269274 100.13526821712446 -4.755237476942975 -4.521435 -3.0760307 3.3125083 100.13524368139458 -4.755243726299404 100.11947592833224 -4.768028510374438 49.08771071557894 153.33526500685932 16000.0 16600.0 2016.0 2 235 {-999.0 11.583466 11.287648 11.213783 -999.0} sdss_psfmag_from_g3xp 11.550192 11.299841 10.890345 10.261 63050395111179642 1093980115 bright_1x1 mwm_bin_vis_apogee mwm_filler science 0 0 0.0 0.0 -999 ""
FIBERMAP 1113 R-3C16 BOSS 0 0 0 1 0 0 70.64627461796526 -37.9241944550836 143.1 37.25939929397487 -70.99153299128133 182.9574 26.269274 -999.0 -999.0 -999.0 -999.0 -999.0 100.13870229801621 -4.755681007340339 100.12286512752212 -4.768310623072577 49.08617055883217 153.33065512197757 -999.0 5400.0 -999.0 1 282 {-999.0 -999.0 -999.0 -999.0 -999.0} "" -999.0 -999.0 -999.0 -999.0 -999 -999 "" "" "" "" 0 0 0.0 0.0 -999 ""
FIBERMAP 1113 R-3C16 METROLOGY 0 0 0 1 0 0 70.65090008992202 -38.66275912786064 143.1 36.84941144727999 -71.60579474038825 182.9574 26.269274 -999.0 -999.0 -999.0 -999.0 -999.0 100.13681294575531 -4.758429131541852 100.12098809043431 -4.771099206297783 49.084298060102306 153.33491090879792 -999.0 6231.0 -999.0 -1 -999 {-999.0 -999.0 -999.0 -999.0 -999.0} "" -999.0 -999.0 -999.0 -999.0 -999 -999 "" "" "" "" 0 0 0.0 0.0 -999 ""
FIBERMAP 1114 R-8C15 APOGEE 1 1 0 1 0 0 106.78644138745456 -174.96271094354609 143.1 -9.592596049037192 -204.7345064051763 308.05777 53.372093 99.92621529447513 -5.361920116415046 1.6890101 2.4483185 0.49206263 99.9262382412358 -5.361943363332552 99.90891801201997 -5.373943494354118 48.60448599472074 153.97568635003122 16000.0 16600.0 2016.0 2 203 {-999.0 15.162994 13.83761 13.2359 -999.0} sdss_psfmag_gaia 14.65277 13.775491 12.853424 10.799 63050395111119999 1109567196 bright_flexible_2x1 mwm_tess_rgb_apogee mwm_tessrgb science 0 0 0.0 0.0 -999 ""
FIBERMAP 1114 R-8C15 BOSS 0 0 0 1 0 0 106.05843512905025 -175.00535781047165 143.1 -10.219416880215332 -204.36192329700543 308.05777 53.372093 -999.0 -999.0 -999.0 -999.0 -999.0 99.92344131182305 -5.360488006275784 99.90605881150378 -5.372314538338787 48.60705380374642 153.97877207214188 -999.0 5400.0 -999.0 1 318 {-999.0 -999.0 -999.0 -999.0 -999.0} "" -999.0 -999.0 -999.0 -999.0 -999 -999 "" "" "" "" 0 0 0.0 0.0 -999 ""
FIBERMAP 1114 R-8C15 METROLOGY 0 0 0 1 0 0 106.38447009770454 -174.33461208228783 143.1 -9.573579191916066 -203.98909776731526 308.05777 53.372093 -999.0 -999.0 -999.0 -999.0 -999.0 99.92636143266569 -5.3587476245848675 99.90900168551951 -5.370629661035775 48.60753301374974 153.9737121384997 -999.0 6231.0 -999.0 -1 -999 {-999.0 -999.0 -999.0 -999.0 -999.0} "" -999.0 -999.0 -999.0 -999.0 -999 -999 "" "" "" "" 0 0 0.0 0.0 -999 ""
FIBERMAP 1115 R-5C21 APOGEE 0 0 0 1 1 0 215.24822747657035 -89.66420772570417 143.1 128.026954477208 -194.86260411615757 1.6569881 166.95691 -999.0 -999.0 -999.0 -999.0 -999.0 100.55257873437083 -5.31415290514085 100.5352032169568 -5.327758715306114 48.412506472237176 153.07748426825967 -999.0 16600.0 -999.0 2 -999 {-999.0 -999.0 -999.0 -999.0 -999.0} "" -999.0 -999.0 -999.0 -999.0 -999 -999 "" "" "" "" 0 0 0.0 0.0 -999 ""
FIBERMAP 1115 R-5C21 BOSS 1 0 0 1 1 0 215.96658858036187 -89.77587578732673 143.1 128.5593244855062 -195.35758474136662 1.6569881 166.95691 100.54780386596367 -5.311259162594833 0.23295681 0.97538084 0.14969565 100.55507755348373 -5.316552044629165 100.53762533538253 -5.329995743787767 48.40951724252237 153.07541596813832 5400.0 5400.0 2016.0 1 321 {-999.0 14.36473 14.192644 14.178146 -999.0} sdss_psfmag_from_g3xp 14.365478 14.169368 13.821992 13.247 63050395111146373 1068444875 bright_3x1 mwm_ob_core_boss mwm_ob science 0 0 0.0 0.0 -999 ""
FIBERMAP 1115 R-5C21 METROLOGY 0 0 0 1 1 0 215.50594071393326 -90.3643833235364 143.1 127.84808021676787 -195.58687786563277 1.6569881 166.95691 -999.0 -999.0 -999.0 -999.0 -999.0 100.55182589280822 -5.317557672891619 100.5343916752243 -5.331040166994435 48.40978335225739 153.08049936746895 -999.0 6231.0 -999.0 -1 -999 {-999.0 -999.0 -999.0 -999.0 -999.0} "" -999.0 -999.0 -999.0 -999.0 -999 -999 "" "" "" "" 0 0 0.0 0.0 -999 ""
FIBERMAP 1118 R-13C4 APOGEE 1 1 0 1 0 0 -95.89036475903413 -262.0163106943141 143.1 -226.2232389550603 -163.27117763990344 259.6711 54.437206 98.94264559535092 -5.172648885717074 -0.45099083 2.3053262 0.4013931 98.9426445887706 -5.17261520705043 98.92611667401593 -5.182197106433068 49.13751377781437 155.25710357594912 16000.0 16600.0 2016.0 2 279 {-999.0 14.23505 13.136721 12.696466 -999.0} sdss_psfmag_from_g3xp 13.8455925 13.1354475 12.320543 10.525 63050395111202787 1110060421 bright_flexible_2x1 mwm_tess_rgb_apogee mwm_tessrgb science 0 0 0.0 0.0 -999 ""
FIBERMAP 1118 R-13C4 BOSS 0 0 0 1 0 0 -96.42186323832408 -261.50907361858833 143.1 -226.3792139005737 -162.55329100428122 259.6711 54.437206 -999.0 -999.0 -999.0 -999.0 -999.0 98.941981464891 -5.169546151732527 98.92539925971437 -5.178962459914413 49.140792200106084 155.25637793172572 -999.0 5400.0 -999.0 1 413 {-999.0 -999.0 -999.0 -999.0 -999.0} "" -999.0 -999.0 -999.0 -999.0 -999 -999 "" "" "" "" 0 0 0.0 0.0 -999 ""
FIBERMAP 1118 R-13C4 METROLOGY 0 0 0 1 0 0 -95.7101943775881 -261.29422178249473 143.1 -225.66943686412048 -162.77410223303895 259.6711 54.437206 -999.0 -999.0 -999.0 -999.0 -999.0 98.9451584775241 -5.170514203365436 98.92859050770466 -5.179984997341907 49.13871238445097 155.2523858151234 -999.0 6231.0 -999.0 -1 -999 {-999.0 -999.0 -999.0 -999.0 -999.0} "" -999.0 -999.0 -999.0 -999.0 -999 -999 "" "" "" "" 0 0 0.0 0.0 -999 ""
FIBERMAP 1121 R-3C7 APOGEE 1 1 0 1 0 0 -122.88492116256693 -44.42376491781426 143.1 -126.66245072283459 32.06134704918531 95.30933 111.182106 99.38925717499554 -4.287970573162012 -1.4908112 -1.6117234 1.114716 99.38923192092656 -4.2879657584383075 99.37492437832236 -4.299051804687934 49.799890569623884 154.12498008966628 16000.0 16600.0 2016.0 2 254 {-999.0 10.082062 10.168096 10.245427 -999.0} sdss_psfmag_gaia 10.166611 10.0950575 9.93181 9.731 63050395111263689 975456790 "" ops_std_apogee ops_std standard_apogee 0 0 0.0 0.0 -999 ""
FIBERMAP 1121 R-3C7 BOSS 0 0 0 1 0 0 -122.21376208588711 -44.110890904888116 143.1 -125.93130145219625 31.944414247173018 95.30933 111.182106 -999.0 -999.0 -999.0 -999.0 -999.0 99.3925681686529 -4.288635985288343 99.37819417653162 -4.2995698060662235 49.79820891659367 154.120578489753 -999.0 5400.0 -999.0 1 468 {-999.0 -999.0 -999.0 -999.0 -999.0} "" -999.0 -999.0 -999.0 -999.0 -999 -999 "" "" "" "" 0 0 0.0 0.0 -999 ""
FIBERMAP 1121 R-3C7 METROLOGY 0 0 0 1 0 0 -122.26855594764913 -44.850797726113086 143.1 -126.39125166059551 31.36233366595733 95.30933 111.182106 -999.0 -999.0 -999.0 -999.0 -999.0 99.39047097679493 -4.29124660192056 99.37610873037414 -4.30221946802877 49.79651058050855 154.12508477939704 -999.0 6231.0 -999.0 -1 -999 {-999.0 -999.0 -999.0 -999.0 -999.0} "" -999.0 -999.0 -999.0 -999.0 -999 -999 "" "" "" "" 0 0 0.0 0.0 -999 ""
FIBERMAP 1125 R0C22 APOGEE 0 0 0 1 0 0 174.78850721871643 -6.67363184548202 143.1 141.01842819661948 -103.46121345015088 169.17162 166.59653 -999.0 -999.0 -999.0 -999.0 -999.0 100.61180515139593 -4.900811787003796 100.59551114124565 -4.9147415770422205 48.77070332065018 152.75361746206195 -999.0 16600.0 -999.0 2 -999 {-999.0 -999.0 -999.0 -999.0 -999.0} "" -999.0 -999.0 -999.0 -999.0 -999 -999 "" "" "" "" 0 0 0.0 0.0 -999 ""
FIBERMAP 1125 R0C22 BOSS 1 1 0 1 0 0 174.1125844802957 -6.367420819052058 143.1 140.63020775451767 -102.82889302009305 169.17162 166.59653 100.61015974619777 -4.898149258458852 -0.12773427 0.636185 0.26087773 100.6101552475102 -4.898153581867182 100.59379940888641 -4.911915328605544 48.773969033514504 152.75434725426396 5400.0 5400.0 2016.0 1 244 {-999.0 17.035934 16.696234 16.632324 -999.0} sdss_psfmag_ps1 16.990667 16.70431 16.269934 15.553 63050395111157239 979704735 "" ops_std_boss ops_std standard_boss 0 0 0.0 0.0 -999 ""
FIBERMAP 1125 R0C22 METROLOGY 0 0 0 1 0 0 174.71377821267956 -5.931285864036352 143.1 141.37247583822855 -102.80454098027116 169.17162 166.59653 -999.0 -999.0 -999.0 -999.0 -999.0 100.6134980451129 -4.89796863976546 100.59716136858077 -4.911785669291372 48.77279429378191 152.74958343971065 -999.0 6231.0 -999.0 -1 -999 {-999.0 -999.0 -999.0 -999.0 -999.0} "" -999.0 -999.0 -999.0 -999.0 -999 -999 "" "" "" "" 0 0 0.0 0.0 -999 ""
FIBERMAP 1126 R+3C12 APOGEE 1 1 0 1 0 0 -22.691922730408066 46.07052794667527 143.1 7.020199231001525 50.86934870641886 251.25848 89.353806 99.99893606101745 -4.200745005931203 0.15542775 0.18948555 0.28187686 99.99894299889428 -4.200754035808001 99.98468644453135 -4.213423853380277 49.65183179679239 153.20306465772313 16000.0 16600.0 2016.0 2 14 {-999.0 15.096581 13.831325 13.272704 -999.0} sdss_psfmag_gaia 14.618533 13.791546 12.890835 10.926 63050395111257042 1105503362 bright_flexible_2x1 mwm_tess_rgb_apogee mwm_tessrgb science 0 0 0.0 0.0 -999 ""
FIBERMAP 1126 R+3C12 BOSS 0 0 0 1 0 0 -23.38627072835028 46.30233530713692 143.1 6.575030761183263 51.450372637452446 251.25848 89.353806 -999.0 -999.0 -999.0 -999.0 -999.0 99.99697238735445 -4.198244979317078 99.98265697151646 -4.210750439177813 49.65507388967153 153.2043866547118 -999.0 5400.0 -999.0 1 114 {-999.0 -999.0 -999.0 -999.0 -999.0} "" -999.0 -999.0 -999.0 -999.0 -999 -999 "" "" "" "" 0 0 0.0 0.0 -999 ""
FIBERMAP 1126 R+3C12 METROLOGY 0 0 0 1 0 0 -22.835846102997444 46.80132853093757 143.1 7.310472058498575 51.55522910200589 251.25848 89.353806 -999.0 -999.0 -999.0 -999.0 -999.0 100.00031121565286 -4.197718900708094 99.9860149277003 -4.210278498811552 49.654237365845354 153.1993249778226 -999.0 6231.0 -999.0 -1 -999 {-999.0 -999.0 -999.0 -999.0 -999.0} "" -999.0 -999.0 -999.0 -999.0 -999 -999 "" "" "" "" 0 0 0.0 0.0 -999 ""
FIBERMAP 1127 R-13C6 APOGEE 1 1 0 1 0 0 -22.213231872593894 -270.30922470818746 143.1 -169.85128118511915 -211.42064531782427 7.4039774 35.98861 99.19843952184223 -5.3904385710506 0.8744512 1.9596729 0.37257907 99.19846353824593 -5.390434080175341 99.18128007063183 -5.4005748980847015 48.843147665708045 155.0133070651994 16000.0 16600.0 2016.0 2 274 {-999.0 14.098008 13.148822 12.725619 -999.0} sdss_psfmag_from_g3xp 13.786122 13.13617 12.355164 10.7 63050395111131295 1108757961 bright_flexible_2x1 mwm_tess_rgb_apogee mwm_tessrgb science 0 0 0.0 0.0 -999 ""
FIBERMAP 1127 R-13C6 BOSS 0 0 0 1 0 0 -22.770075431298626 -270.81235008569956 143.1 -170.5943538136462 -211.52532744530214 7.4039774 35.98861 -999.0 -999.0 -999.0 -999.0 -999.0 99.19517774197917 -5.391048520641323 99.17792966202882 -5.401014024936732 48.843927369995576 155.01827991350956 -999.0 5400.0 -999.0 1 415 {-999.0 -999.0 -999.0 -999.0 -999.0} "" -999.0 -999.0 -999.0 -999.0 -999 -999 "" "" "" "" 0 0 0.0 0.0 -999 ""
FIBERMAP 1127 R-13C6 METROLOGY 0 0 0 1 0 0 -22.93316081697857 -270.0808961813315 143.1 -170.31958467149718 -210.828169480932 7.4039774 35.98861 -999.0 -999.0 -999.0 -999.0 -999.0 99.19637059824785 -5.387886345396718 99.17914871759962 -5.397903470813488 48.84640031860248 155.01487093287858 -999.0 6231.0 -999.0 -1 -999 {-999.0 -999.0 -999.0 -999.0 -999.0} "" -999.0 -999.0 -999.0 -999.0 -999 -999 "" "" "" "" 0 0 0.0 0.0 -999 ""
FIBERMAP 1129 R-8C8 APOGEE 0 0 0 1 0 0 -66.00462880276238 -148.72812917200272 143.1 -137.99674976424467 -86.19232327527712 241.60808 15.432871 -999.0 -999.0 -999.0 -999.0 -999.0 99.33905596723555 -4.825742450889662 99.32333481505265 -4.836477625127298 49.318480056321626 154.5017100601091 -999.0 16600.0 -999.0 2 -999 {-999.0 -999.0 -999.0 -999.0 -999.0} "" -999.0 -999.0 -999.0 -999.0 -999 -999 "" "" "" "" 0 0 0.0 0.0 -999 ""
FIBERMAP 1129 R-8C8 BOSS 1 1 0 1 0 0 -65.84607477925688 -148.00214737002506 143.1 -137.45866888189192 -85.67991215579315 241.60808 15.432871 99.34151706832733 -4.823626370535221 -3.118985 5.4916053 1.7852532 99.34150752219905 -4.8236118672328425 99.32572732863883 -4.834190676196145 49.31974460284895 154.49702801817773 5400.0 5400.0 2016.0 1 389 {-999.0 21.127928 19.433578 18.20845 -999.0} sdss_psfmag_ps1 20.718172 18.996862 17.853182 15.567 63050395111213940 1096274391 bright_1x1 mwm_bin_vis_boss mwm_filler science 0 0 0.0 0.0 -999 ""
FIBERMAP 1129 R-8C8 METROLOGY 0 0 0 1 0 0 -65.29167181491377 -148.50823302835843 143.1 -137.28307958579586 -86.4096786102006 241.60808 15.432871 -999.0 -999.0 -999.0 -999.0 -999.0 99.3423102437505 -4.826873057458706 99.32653927034028 -4.837498860627864 49.31636854877305 154.497715630972 -999.0 6231.0 -999.0 -1 -999 {-999.0 -999.0 -999.0 -999.0 -999.0} "" -999.0 -999.0 -999.0 -999.0 -999 -999 "" "" "" "" 0 0 0.0 0.0 -999 ""
FIBERMAP 1130 R-3C13 APOGEE 1 0 0 1 1 0 -0.2179680634376968 -57.75289713738316 143.1 -32.539530751245366 -47.70810460668435 159.4471 133.84381 99.9087203562195 -4.605457005209052 -3.3337562 -7.7207947 0.79267204 99.81935057207305 -4.650310173519595 99.80395433168331 -4.662337973672369 49.30391016025495 153.72030543829894 16000.0 16600.0 2016.0 2 174 {-999.0 13.962042 13.268971 13.002384 -999.0} sdss_psfmag_from_g3xp 13.764195 13.329634 12.656457 11.476 63050395111240888 1106839845 bright_flexible_4x1 mwm_tess_rgb_apogee mwm_tessrgb science 0 0 0.0 0.0 -999 ""
FIBERMAP 1130 R-3C13 BOSS 0 0 0 1 1 0 -0.502888186482588 -57.07066827136753 143.1 -32.39324446946646 -46.98345006945771 159.4471 133.84381 -999.0 -999.0 -999.0 -999.0 -999.0 99.82005850874721 -4.647197324370065 99.80460452527859 -4.659065369595289 49.30670377048868 153.71750857498122 -999.0 5400.0 -999.0 1 364 {-999.0 -999.0 -999.0 -999.0 -999.0} "" -999.0 -999.0 -999.0 -999.0 -999 -999 "" "" "" "" 0 0 0.0 0.0 -999 ""
FIBERMAP 1130 R-3C13 METROLOGY 0 0 0 1 1 0 0.2376813919315044 -57.1636906683796 143.1 -31.832034491667116 -47.47543201969695 159.4471 133.84381 -999.0 -999.0 -999.0 -999.0 -999.0 99.82261388657594 -4.64938178008635 99.80717198840279 -4.6613015359933385 49.30367350747695 153.71514935967664 -999.0 6231.0 -999.0 -1 -999 {-999.0 -999.0 -999.0 -999.0 -999.0} "" -999.0 -999.0 -999.0 -999.0 -999 -999 "" "" "" "" 0 0 0.0 0.0 -999 ""
FIBERMAP 1131 R-8C19 APOGEE 1 1 0 1 0 0 209.9933555735955 -143.66820031897106 143.1 93.41643787698064 -236.64372971883316 63.913277 106.36638 100.39521093578068 -5.5028327549475735 -5.7600136 -1.8909283 3.370416 100.39518774644249 -5.502839681466867 100.37735564047506 -5.515967492000843 48.29820030079723 153.40390665302442 16000.0 16600.0 2016.0 2 185 {-999.0 18.693306 17.26184 15.870584 -999.0} sdss_psfmag_ps1 18.143665 16.552496 15.3253355 12.958 63050395111114838 1009254281 bright_3x1 mwm_yso_pms_apogee_sagitta_edr3 mwm_yso science 0 0 0.0 0.0 -999 ""
FIBERMAP 1131 R-8C19 BOSS 0 0 0 1 0 0 210.73295301535632 -143.78099101220766 143.1 93.96576654497834 -237.15153883731932 63.913277 106.36638 -999.0 -999.0 -999.0 -999.0 -999.0 100.3977534732716 -5.505274833418225 100.37984500718301 -5.5182397017226625 48.29515970236 153.40175062092626 -999.0 5400.0 -999.0 1 331 {-999.0 -999.0 -999.0 -999.0 -999.0} "" -999.0 -999.0 -999.0 -999.0 -999 -999 "" "" "" "" 0 0 0.0 0.0 -999 ""
FIBERMAP 1131 R-8C19 METROLOGY 0 0 0 1 0 0 210.28434643286795 -144.36565954605922 143.1 93.26664571537404 -237.38439929224128 63.913277 106.36638 -999.0 -999.0 -999.0 -999.0 -999.0 100.39455693995951 -5.506289292180105 100.37666629930999 -5.519293364186527 48.295380951532685 153.40675212263486 -999.0 6231.0 -999.0 -1 -999 {-999.0 -999.0 -999.0 -999.0 -999.0} "" -999.0 -999.0 -999.0 -999.0 -999 -999 "" "" "" "" 0 0 0.0 0.0 -999 ""
FIBERMAP 1132 R+2C1 APOGEE 0 0 0 1 0 0 -259.5905552552905 20.989995425183963 143.1 -203.22895709689658 162.83252956674303 348.41537 57.943184 -999.0 -999.0 -999.0 -999.0 -999.0 99.04390349727159 -3.697405443827177 99.03126389089283 -3.7078556608912034 50.47562868355463 154.2842222417183 -999.0 16600.0 -999.0 2 145 {-999.0 -999.0 -999.0 -999.0 -999.0} "" -999.0 -999.0 -999.0 -999.0 -999 -999 "" "" "" "" 0 0 0.0 0.0 -999 ""
FIBERMAP 1132 R+2C1 BOSS 1 1 0 1 0 0 -260.11008006491994 20.484472225781918 143.1 -203.94246630304963 162.704951856458 348.41537 57.943184 99.0407518163382 -3.6981391751104793 -7.010634 -8.153236 2.5101814 99.04074671388757 -3.698156612529425 99.02804435114575 -3.7084417001749403 50.47625780265745 154.28925780322209 5400.0 5400.0 2016.0 1 4 {-999.0 16.758486 15.4495535 14.992545 -999.0} sdss_psfmag_ps1 16.222158 15.421723 14.548447 12.828 63050395111476788 1096566331 bright_1x1 mwm_bin_vis_boss mwm_filler science 0 0 0.0 0.0 -999 ""
FIBERMAP 1132 R+2C1 METROLOGY 0 0 0 1 0 0 -260.31710133667934 21.197543973525804 143.1 -203.71438385898776 163.41150327263335 348.41537 57.943184 -999.0 -999.0 -999.0 -999.0 -999.0 99.04177609594905 -3.694927086776473 99.02909946624419 -3.705260557301477 50.47883381281746 154.28589031875273 -999.0 6231.0 -999.0 -1 -999 {-999.0 -999.0 -999.0 -999.0 -999.0} "" -999.0 -999.0 -999.0 -999.0 -999 -999 "" "" "" "" 0 0 0.0 0.0 -999 ""
FIBERMAP 1135 R-2C11 APOGEE 1 1 0 1 0 0 -29.003581544149903 -33.109208822669245 143.1 -42.57153254660368 -11.169896765118901 48.670654 85.44956 99.77304815611932 -4.483891730448694 11.692288 -17.128958 2.9643826 99.77307929451536 -4.483962083777164 99.75813831120371 -4.495941691794818 49.47531783652152 153.6898547919974 16000.0 16600.0 2016.0 2 268 {-999.0 13.4790535 12.808014 12.587114 -999.0} sdss_psfmag_from_g3xp 13.304517 12.865773 12.217346 10.997 63050395111246024 1094063598 bright_1x1 mwm_bin_vis_apogee mwm_filler science 0 0 0.0 0.0 -999 ""
FIBERMAP 1135 R-2C11 BOSS 0 0 0 1 0 0 -28.47366330752475 -33.62208356680705 143.1 -42.42002513030793 -11.891567036005759 48.670654 85.44956 -999.0 -999.0 -999.0 -999.0 -999.0 99.77382160776781 -4.487417186037903 99.75880578402496 -4.499235360121807 49.472014227749284 153.69079995802213 -999.0 5400.0 -999.0 1 448 {-999.0 -999.0 -999.0 -999.0 -999.0} "" -999.0 -999.0 -999.0 -999.0 -999 -999 "" "" "" "" 0 0 0.0 0.0 -999 ""
FIBERMAP 1135 R-2C11 METROLOGY 0 0 0 1 0 0 -29.19281814965861 -33.8330678126951 143.1 -43.1338349485287 -11.663358313381165 48.670654 85.44956 -999.0 -999.0 -999.0 -999.0 -999.0 99.77054354664601 -4.486337317418099 99.7555501141369 -4.498193504638401 49.47419382543447 153.6948332857883 -999.0 6231.0 -999.0 -1 -999 {-999.0 -999.0 -999.0 -999.0 -999.0} "" -999.0 -999.0 -999.0 -999.0 -999 -999 "" "" "" "" 0 0 0.0 0.0 -999 ""
FIBERMAP 1137 R-1C6 APOGEE 0 0 0 1 0 0 -166.32112196542283 -27.708742709023 143.1 -153.27032744912376 70.24187238584997 226.0155 160.92172 -999.0 -999.0 -999.0 -999.0 -999.0 99.26830901900138 -4.1148054816657655 99.25449658418398 -4.125655539342998 50.00528928077117 154.19947549932644 -999.0 16600.0 -999.0 2 -999 {-999.0 -999.0 -999.0 -999.0 -999.0} "" -999.0 -999.0 -999.0 -999.0 -999 -999 "" "" "" "" 0 0 0.0 0.0 -999 ""
FIBERMAP 1137 R-1C6 BOSS 1 1 0 1 0 0 -166.97638967853283 -28.05100793965729 143.1 -154.0047836216327 70.32555979764527 226.0155 160.92172 99.2649801977756 -4.114547987831877 -0.46664274 -5.5769944 3.2291327 99.26499034038352 -4.114573876677718 99.25111650522092 -4.125256262322715 50.006897665135874 154.20412724177606 5400.0 5400.0 2016.0 1 484 {-999.0 16.435287 15.03243 14.233465 13.656807} sdss_psfmag_from_gdr3 15.88908 14.942105 13.9679985 12.024 63050395111269042 1059269291 bright_flexible_2x1 bhm_spiders_agn_gaiadr3 bhm_spiders science 0 0 0.0 0.0 -999 ""
FIBERMAP 1137 R-1C6 METROLOGY 0 0 0 1 0 0 -166.9490882026294 -27.305852667646445 143.1 -153.56466155306325 70.92739109491998 226.0155 160.92172 -999.0 -999.0 -999.0 -999.0 -999.0 99.26697929073191 -4.111793008801671 99.25313008943493 -4.122526759239708 50.008699934002344 154.19966195122626 -999.0 6231.0 -999.0 -1 -999 {-999.0 -999.0 -999.0 -999.0 -999.0} "" -999.0 -999.0 -999.0 -999.0 -999 -999 "" "" "" "" 0 0 0.0 0.0 -999 ""
FIBERMAP 1140 R-5C12 APOGEE 1 1 0 1 0 0 31.04035564981483 -91.51492094063194 143.1 -25.568674527656768 -93.18346697265217 73.267845 46.14149 99.85179055614562 -4.857194801544043 -0.88233423 -0.7010241 0.47893578 99.8517891117211 -4.857179825172693 99.83583372856327 -4.869203518336438 49.100129703442875 153.79332300292361 16000.0 16600.0 2016.0 2 159 {-999.0 14.872282 13.737642 13.252943 -999.0} sdss_psfmag_from_g3xp 14.459867 13.711233 12.867825 11.082 63050395111145777 1105813553 bright_flexible_3x1 mwm_tess_rgb_apogee mwm_tessrgb science 0 0 0.0 0.0 -999 ""
FIBERMAP 1140 R-5C12 BOSS 0 0 0 1 0 0 31.404149602182404 -92.16288939179928 143.1 -25.630442334850752 -93.9239405537072 73.267845 46.14149 -999.0 -999.0 -999.0 -999.0 -999.0 99.85157086093194 -4.860756754865229 99.83553988755824 -4.872614277960842 49.09707375584295 153.79567926586984 -999.0 5400.0 -999.0 1 387 {-999.0 -999.0 -999.0 -999.0 -999.0} "" -999.0 -999.0 -999.0 -999.0 -999 -999 "" "" "" "" 0 0 0.0 0.0 -999 ""
FIBERMAP 1140 R-5C12 METROLOGY 0 0 0 1 0 0 30.65824560022266 -92.16812513569766 143.1 -26.251124361307944 -93.51034589237774 73.267845 46.14149 -999.0 -999.0 -999.0 -999.0 -999.0 99.84871289828611 -4.858826764932565 99.83270664885964 -4.870724367386535 49.099879507272746 153.7986046530512 -999.0 6231.0 -999.0 -1 -999 {-999.0 -999.0 -999.0 -999.0 -999.0} "" -999.0 -999.0 -999.0 -999.0 -999 -999 "" "" "" "" 0 0 0.0 0.0 -999 ""
FIBERMAP 1143 R-2C5 APOGEE 1 1 0 1 0 0 -166.73277752700648 -50.84642179532728 143.1 -166.57532272322246 51.3101849095789 347.43164 82.50046 99.20797566028835 -4.200994501777833 -0.09999284 -1.9444437 0.46438348 99.20797969985914 -4.200988315101267 99.1939565516322 -4.211649443935306 49.947366007475125 154.3357947083368 16000.0 16600.0 2016.0 2 249 {-999.0 14.860992 13.673566 13.1299305 -999.0} sdss_psfmag_from_g3xp 14.417614 13.616409 12.738254 10.856 63050395111268264 1108044262 bright_flexible_2x1 mwm_tess_rgb_apogee mwm_tessrgb science 0 0 0.0 0.0 -999 ""
FIBERMAP 1143 R-2C5 BOSS 0 0 0 1 0 0 -166.97654020125157 -51.54920857826113 143.1 -167.1709761572838 50.86472611837569 347.43164 82.50046 -999.0 -999.0 -999.0 -999.0 -999.0 99.20529063062891 -4.203163654084643 99.19119967289845 -4.213657258031784 49.94650073761065 154.34091162270224 -999.0 5400.0 -999.0 1 473 {-999.0 -999.0 -999.0 -999.0 -999.0} "" -999.0 -999.0 -999.0 -999.0 -999 -999 "" "" "" "" 0 0 0.0 0.0 -999 ""
FIBERMAP 1143 R-2C5 METROLOGY 0 0 0 1 0 0 -167.47181058078823 -50.98262601682875 143.1 -167.2636960989377 51.61146330396727 347.43164 82.50046 -999.0 -999.0 -999.0 -999.0 -999.0 99.20486327502748 -4.199731408658256 99.19079935950384 -4.210270637594395 49.949799324466625 154.33956765459052 -999.0 6231.0 -999.0 -1 -999 {-999.0 -999.0 -999.0 -999.0 -999.0} "" -999.0 -999.0 -999.0 -999.0 -999 -999 "" "" "" "" 0 0 0.0 0.0 -999 ""
FIBERMAP 1144 R+12C1 APOGEE 0 0 0 1 0 0 -156.20438883118464 251.7201019405307 143.1 11.672516835699405 295.9929553674438 131.9307 63.952496 -999.0 -999.0 -999.0 -999.0 -999.0 100.01673127695899 -3.095791731376503 100.00539191966891 -3.1089586133437446 50.6635004521385 152.5105938986094 -999.0 16600.0 -999.0 2 129 {-999.0 -999.0 -999.0 -999.0 -999.0} "" -999.0 -999.0 -999.0 -999.0 -999 -999 "" "" "" "" 0 0 0.0 0.0 -999 ""
FIBERMAP 1144 R+12C1 BOSS 1 1 0 1 0 0 -155.4954922499981 251.87524163664273 143.1 12.346541126404574 295.7242445970398 131.9307 63.952496 100.01992429120402 -3.097104495193697 -11.954803 -24.268372 1.7649422 100.01984770794749 -3.0971544292269417 100.00843866722471 -3.110174485043081 50.661197577442316 152.50691764694898 5400.0 5400.0 2016.0 1 8 {-999.0 21.050869 19.388252 18.416788 -999.0} sdss_psfmag_ps1 20.459753 19.09793 18.060806 16.123 63050395111947862 1094764182 bright_1x1 mwm_bin_vis_boss mwm_filler science 0 0 0.0 0.0 -999 ""
FIBERMAP 1144 R+12C1 METROLOGY 0 0 0 1 0 0 -155.7043979608286 251.17041773001242 143.1 11.778614393996145 295.25756829003035 131.9307 63.952496 -999.0 -999.0 -999.0 -999.0 -999.0 100.01726856173624 -3.0991788324792107 100.00587341951842 -3.1122352127323425 50.66029462890511 152.51190427034211 -999.0 6231.0 -999.0 -1 -999 {-999.0 -999.0 -999.0 -999.0 -999.0} "" -999.0 -999.0 -999.0 -999.0 -999 -999 "" "" "" "" 0 0 0.0 0.0 -999 ""
FIBERMAP 1148 R0C11 APOGEE 0 0 0 1 0 0 -49.07776321887573 8.579448735977229 143.1 -35.83851951232845 34.60371807457708 80.12218 49.40336 -999.0 -999.0 -999.0 -999.0 -999.0 99.80334876087976 -4.275338669977027 99.78895229286115 -4.287481547999226 49.65705750673573 153.5254441845495 -999.0 16600.0 -999.0 2 285 {-999.0 -999.0 -999.0 -999.0 -999.0} "" -999.0 -999.0 -999.0 -999.0 -999 -999 "" "" "" "" 0 0 0.0 0.0 -999 ""
FIBERMAP 1148 R0C11 BOSS 1 1 0 1 0 0 -48.601069670364424 8.011166356545823 143.1 -35.762137081391266 33.86598173984658 80.12218 49.40336 99.80374696972066 -4.278859850788232 -0.461372 -1.3547438 0.98551655 99.80375087427278 -4.278840093851116 99.78927963023699 -4.29082184079989 49.65383949740425 153.52691652002736 5400.0 5400.0 2016.0 1 431 {-999.0 15.867087 15.156869 15.009979 -999.0} sdss_psfmag_ps1 15.66009 15.196012 14.559256 13.428 63050395111250166 981847838 "" ops_std_boss_tic ops_std standard_boss 0 0 0.0 0.0 -999 ""
FIBERMAP 1148 R0C11 METROLOGY 0 0 0 1 0 0 -49.33493635529791 7.880402936501132 143.1 -36.443183247482075 34.168871416254355 80.12218 49.40336 -999.0 -999.0 -999.0 -999.0 -999.0 99.80062205231538 -4.277426147485609 99.78617401834038 -4.289446089735626 49.65627841696421 153.53055066889695 -999.0 6231.0 -999.0 -1 -999 {-999.0 -999.0 -999.0 -999.0 -999.0} "" -999.0 -999.0 -999.0 -999.0 -999 -999 "" "" "" "" 0 0 0.0 0.0 -999 ""
FIBERMAP 1149 R-5C9 APOGEE 1 1 0 1 0 0 -35.737281999001716 -90.4958415659934 143.1 -80.30209361952626 -54.9238936640447 84.39137 33.10002 99.6013263760814 -4.683549410097156 0.4583529 -0.18126841 0.30569732 99.6013335947372 -4.683520884757006 99.5859132928469 -4.694981573647795 49.354307481964085 154.0485107825314 16000.0 16600.0 2016.0 2 284 {-999.0 14.897953 13.731235 13.19287 -999.0} sdss_psfmag_from_g3xp 14.463503 13.674191 12.80055 10.96 63050395111216728 1109883547 bright_flexible_2x1 mwm_tess_rgb_apogee mwm_tessrgb science 0 0 0.0 0.0 -999 ""
FIBERMAP 1149 R-5C9 BOSS 0 0 0 1 0 0 -35.38696183383946 -91.15418545174181 143.1 -80.38083361749527 -55.66541067328729 84.39137 33.10002 -999.0 -999.0 -999.0 -999.0 -999.0 99.60101017681113 -4.687085910847251 99.5855155685615 -4.698381393351924 49.3512942089799 154.05100326563542 -999.0 5400.0 -999.0 1 409 {-999.0 -999.0 -999.0 -999.0 -999.0} "" -999.0 -999.0 -999.0 -999.0 -999 -999 "" "" "" "" 0 0 0.0 0.0 -999 ""
FIBERMAP 1149 R-5C9 METROLOGY 0 0 0 1 0 0 -36.130846198350426 -91.13568765241564 143.1 -80.98654507470656 -55.23329179123492 84.39137 33.10002 -999.0 -999.0 -999.0 -999.0 -999.0 99.59822944842942 -4.685071379872082 99.58275942098629 -4.696406816172612 49.35414336890313 154.05380324775768 -999.0 6231.0 -999.0 -1 -999 {-999.0 -999.0 -999.0 -999.0 -999.0} "" -999.0 -999.0 -999.0 -999.0 -999 -999 "" "" "" "" 0 0 0.0 0.0 -999 ""
FIBERMAP 1150 R-9C10 APOGEE 0 0 0 1 0 0 22.193040012245838 -159.0145793109234 143.1 -70.71604492541591 -144.12868520277075 100.6113 63.625584 -999.0 -999.0 -999.0 -999.0 -999.0 99.64651271954237 -5.0885809820346735 99.63000209852191 -5.099986880936643 48.961584233543896 154.2141042881763 -999.0 16600.0 -999.0 2 180 {-999.0 -999.0 -999.0 -999.0 -999.0} "" -999.0 -999.0 -999.0 -999.0 -999 -999 "" "" "" "" 0 0 0.0 0.0 -999 ""
FIBERMAP 1150 R-9C10 BOSS 1 1 0 1 0 0 22.89754200394394 -159.21311101073297 143.1 -70.24382265447787 -144.68783993876096 100.6113 63.625584 99.64872040075666 -5.0913053203559535 0.102417365 0.31905508 0.10333229 99.6487172782668 -5.091329132274887 99.63213316566419 -5.1025741673362335 48.958398199304355 154.2125445548231 5400.0 5400.0 2016.0 1 375 {-999.0 19.32283 18.893038 18.554024 18.235321} sdss_psfmag_from_gdr3 19.600094 19.20876 18.495533 -999.0 63050395111142298 1059269247 dark_flexible_2x1 bhm_spiders_agn_gaiadr3 bhm_spiders science 0 0 0.0 0.0 -999 ""
FIBERMAP 1150 R-9C10 METROLOGY 0 0 0 1 0 0 22.358553276833298 -159.74023411424653 143.1 -70.98555408565204 -144.82240076690073 100.6113 63.625584 -999.0 -999.0 -999.0 -999.0 -999.0 99.6453241374225 -5.0918818521272735 99.6287581288999 -5.103164889006703 48.95908326778246 154.2176369969622 -999.0 6231.0 -999.0 -1 -999 {-999.0 -999.0 -999.0 -999.0 -999.0} "" -999.0 -999.0 -999.0 -999.0 -999 -999 "" "" "" "" 0 0 0.0 0.0 -999 ""
FIBERMAP 1151 R-9C4 APOGEE 0 0 0 1 0 0 -133.8456577170724 -168.83820636351942 143.1 -205.44954615303888 -64.83583579179042 143.69347 125.070045 -999.0 -999.0 -999.0 -999.0 -999.0 99.03314420939525 -4.7285094722576595 99.01777168733094 -4.738507310018321 49.519690870406656 154.88395575544294 -999.0 16600.0 -999.0 2 -999 {-999.0 -999.0 -999.0 -999.0 -999.0} "" -999.0 -999.0 -999.0 -999.0 -999 -999 "" "" "" "" 0 0 0.0 0.0 -999 ""
FIBERMAP 1151 R-9C4 BOSS 1 1 0 1 0 0 -133.83161127544452 -168.11558285148848 143.1 -205.03302630938498 -64.24523820797583 143.69347 125.070045 99.03503139378448 -4.72601305311231 -0.18079993 -0.093527414 0.9478058 99.0350333077575 -4.72601123443137 99.01960424861221 -4.735852245919594 49.52151567475786 154.879864262541 5400.0 5400.0 2016.0 1 479 {-999.0 14.187138 13.800619 13.666139 -999.0} sdss_psfmag_from_g3xp 14.1206255 13.811764 13.3346815 12.562 63050395111222585 977772734 "" ops_std_boss ops_std standard_boss 0 0 0.0 0.0 -999 ""
FIBERMAP 1151 R-9C4 METROLOGY 0 0 0 1 0 0 -133.19121054817072 -168.4799314919078 143.1 -204.706799325463 -64.90580446587278 143.69347 125.070045 -999.0 -999.0 -999.0 -999.0 -999.0 99.03650816213835 -4.728958941312199 99.02108857081123 -4.738848564923122 49.51818831035993 154.87939008523097 -999.0 6231.0 -999.0 -1 -999 {-999.0 -999.0 -999.0 -999.0 -999.0} "" -999.0 -999.0 -999.0 -999.0 -999 -999 "" "" "" "" 0 0 0.0 0.0 -999 ""
FIBERMAP 1152 R-9C3 APOGEE 0 0 0 1 0 0 -128.8090386628368 -187.13046866507136 143.1 -211.52745563810552 -82.80728355594658 23.726114 42.21434 -999.0 -999.0 -999.0 -999.0 -999.0 99.00611446308247 -4.809862494280633 98.99053355316835 -4.819757665058815 49.45351977320653 154.96770212903655 -999.0 16600.0 -999.0 2 256 {-999.0 -999.0 -999.0 -999.0 -999.0} "" -999.0 -999.0 -999.0 -999.0 -999 -999 "" "" "" "" 0 0 0.0 0.0 -999 ""
FIBERMAP 1152 R-9C3 BOSS 1 1 0 1 0 0 -129.11244468578272 -187.79889766540546 143.1 -212.15325424934494 -83.19086942376919 23.726114 42.21434 99.00329589843749 -4.811775943992018 -999.0 -999.0 -999.0 99.00333193433681 -4.8117683866558645 98.98768420145268 -4.821492535940708 49.45291295140445 154.97273474464973 5400.0 5400.0 2015.5 1 477 {-999.0 -999.0 -999.0 -999.0 -999.0} "" -999.0 -999.0 -999.0 -999.0 27021603131449040 810571021 "" ops_sky_boss_good ops_sky sky_boss 0 0 0.0 0.0 -999 ""
FIBERMAP 1152 R-9C3 METROLOGY 0 0 0 1 0 0 -129.5564042581776 -187.16145653917872 143.1 -212.16377708516615 -82.41419755672788 23.726114 42.21434 -999.0 -999.0 -999.0 -999.0 -999.0 99.00325610466417 -4.808203017947101 98.98763561300302 -4.817974709822891 49.45621624086485 154.9708723200458 -999.0 6231.0 -999.0 -1 -999 {-999.0 -999.0 -999.0 -999.0 -999.0} "" -999.0 -999.0 -999.0 -999.0 -999 -999 "" "" "" "" 0 0 0.0 0.0 -999 ""
FIBERMAP 1153 R-6C11 APOGEE 0 0 0 1 0 0 -10.597383061055558 -118.66266497751903 143.1 -75.26344384511236 -92.33722034886779 170.37907 136.65004 -999.0 -999.0 -999.0 -999.0 -999.0 99.62487045290877 -4.853640064571196 99.60899110766758 -4.8650894978105175 49.18771106929371 154.11191034218817 -999.0 16600.0 -999.0 2 -999 {-999.0 -999.0 -999.0 -999.0 -999.0} "" -999.0 -999.0 -999.0 -999.0 -999 -999 "" "" "" "" 0 0 0.0 0.0 -999 ""
FIBERMAP 1153 R-6C11 BOSS 1 1 0 1 0 0 -11.052723659589365 -118.07975347966705 143.1 -75.31394531672146 -91.59933244144555 170.37907 136.65004 99.6246681493239 -4.850495627642217 -0.13270292 1.3778226 0.26867494 99.62465998936935 -4.850492509051474 99.60872388409621 -4.861778852125199 49.19088687792402 154.11042253659664 5400.0 5400.0 2016.0 1 386 {-999.0 18.03531 17.327955 16.989265 16.77069} sdss_psfmag_from_ps1dr2 17.8143 17.3211 16.6231 15.334 63050395111211199 1039246882 "" ops_std_boss_ps1dr2 ops_std standard_boss 0 0 0.0 0.0 -999 ""
FIBERMAP 1153 R-6C11 METROLOGY 0 0 0 1 0 0 -10.310704121791405 -117.9738419477834 143.1 -74.64007159960791 -91.92737219557 170.37907 136.65004 -999.0 -999.0 -999.0 -999.0 -999.0 99.62772764128985 -4.851926711541585 99.61180528591706 -4.8632666736202745 49.18837232169911 154.10689422304623 -999.0 6231.0 -999.0 -1 -999 {-999.0 -999.0 -999.0 -999.0 -999.0} "" -999.0 -999.0 -999.0 -999.0 -999 -999 "" "" "" "" 0 0 0.0 0.0 -999 ""
FIBERMAP 1156 R-11C14 APOGEE 0 0 0 1 0 0 118.2059834241105 -202.9496738993523 143.1 -15.816199496752846 -234.31134370761762 103.288284 128.86327 -999.0 -999.0 -999.0 -999.0 -999.0 99.8983104170118 -5.494774554526601 99.8806443910687 -5.506647661870617 48.49160197841268 154.0893308893997 -999.0 16600.0 -999.0 2 239 {-999.0 -999.0 -999.0 -999.0 -999.0} "" -999.0 -999.0 -999.0 -999.0 -999 -999 "" "" "" "" 0 0 0.0 0.0 -999 ""
FIBERMAP 1156 R-11C14 BOSS 1 1 0 1 0 0 118.66036966574335 -202.3595361135241 143.1 -15.109227597257517 -234.07719203554194 103.288284 128.86327 99.90162568435863 -5.49391116217841 -0.9489997 0.8557207 0.18866058 99.90159075137507 -5.493921082979823 99.88385903224076 -5.50563496658918 48.491361843186354 154.08427961931818 5400.0 5400.0 2016.0 1 255 {-999.0 17.162949 17.020575 16.763601 -999.0} sdss_psfmag_ps1 17.140825 16.821117 16.34758 15.692 63050395111110346 979704676 "" ops_std_boss ops_std standard_boss 0 0 0.0 0.0 -999 ""
FIBERMAP 1156 R-11C14 METROLOGY 0 0 0 1 0 0 118.94805158016358 -203.0498592466767 143.1 -15.257761824561973 -234.81009757908384 103.288284 128.86327 -999.0 -999.0 -999.0 -999.0 -999.0 99.90090687268608 -5.497149439209975 99.88318573797562 -5.508907788640546 48.48856766329092 154.08704255610056 -999.0 6231.0 -999.0 -1 -999 {-999.0 -999.0 -999.0 -999.0 -999.0} "" -999.0 -999.0 -999.0 -999.0 -999 -999 "" "" "" "" 0 0 0.0 0.0 -999 ""
FIBERMAP 1158 R-5C22 APOGEE 0 0 0 1 0 0 233.68121899674935 -114.81992646892807 143.1 129.19815208521234 -226.02428363694 299.36877 79.15555 -999.0 -999.0 -999.0 -999.0 -999.0 100.55754646685568 -5.453882421997764 100.53979756863538 -5.467441556243909 48.281666847790326 153.1513982995235 -999.0 16600.0 -999.0 2 211 {-999.0 -999.0 -999.0 -999.0 -999.0} "" -999.0 -999.0 -999.0 -999.0 -999 -999 "" "" "" "" 0 0 0.0 0.0 -999 ""
FIBERMAP 1158 R-5C22 BOSS 1 1 0 1 0 0 232.97899253220814 -115.05263934418917 143.1 128.4861875640003 -225.8235552841182 299.36877 79.15555 100.55437797390461 -5.453170799389839 -0.064987496 -1.5716685 0.16052887 100.55440138985372 -5.453195582289165 100.5365854978914 -5.46657883272346 48.28368409828801 153.15534528494499 5400.0 5400.0 2016.0 1 251 {-999.0 14.773189 14.293403 14.104145 -999.0} sdss_psfmag_from_g3xp 14.667817 14.309281 13.758859 12.81 63050395110195984 1093286502 bright_3x1 mwm_astar_core_boss mwm_ob science 0 0 0.0 0.0 -999 ""
FIBERMAP 1158 R-5C22 METROLOGY 0 0 0 1 0 0 233.12739759537448 -114.32407502206148 143.1 129.0173101923125 -225.3033188797783 299.36877 79.15555 -999.0 -999.0 -999.0 -999.0 -999.0 100.55679196165346 -5.450792490428697 100.53900153094548 -5.464230485909742 48.284937363016944 153.15065808475975 -999.0 6231.0 -999.0 -1 -999 {-999.0 -999.0 -999.0 -999.0 -999.0} "" -999.0 -999.0 -999.0 -999.0 -999 -999 "" "" "" "" 0 0 0.0 0.0 -999 ""
FIBERMAP 1162 R-2C6 APOGEE 0 0 0 1 0 0 -136.9752387424705 -35.28232769212897 143.1 -133.20991938402574 47.526992424780936 62.44467 53.33175 -999.0 -999.0 -999.0 -999.0 -999.0 99.35940068537803 -4.21771107583533 99.34528834621386 -4.228750309696653 49.87613453521274 154.127478761498 -999.0 16600.0 -999.0 2 -999 {-999.0 -999.0 -999.0 -999.0 -999.0} "" -999.0 -999.0 -999.0 -999.0 -999 -999 "" "" "" "" 0 0 0.0 0.0 -999 ""
FIBERMAP 1162 R-2C6 BOSS 1 1 0 1 0 0 -136.63747229795166 -35.95707302043859 143.1 -133.30824596402007 46.77892580804514 62.44467 53.33175 99.35897827148438 -4.221268378932606 -999.0 -999.0 -999.0 99.35896599943398 -4.22125479337094 99.34478090581649 -4.232131446436629 49.87317675000473 154.130139200291 5400.0 5400.0 2015.5 1 472 {-999.0 -999.0 -999.0 -999.0 -999.0} "" -999.0 -999.0 -999.0 -999.0 27021603131450651 819435430 "" ops_sky_boss_good ops_sky sky_boss 0 0 0.0 0.0 -999 ""
FIBERMAP 1162 R-2C6 METROLOGY 0 0 0 1 0 0 -137.38084665320162 -35.908541875347574 143.1 -133.89670732095806 47.2356321754141 62.44467 53.33175 -999.0 -999.0 -999.0 -999.0 -999.0 99.35628222163035 -4.219144298650727 99.3421215204412 -4.230060357247981 49.87607827948692 154.13278360828411 -999.0 6231.0 -999.0 -1 -999 {-999.0 -999.0 -999.0 -999.0 -999.0} "" -999.0 -999.0 -999.0 -999.0 -999 -999 "" "" "" "" 0 0 0.0 0.0 -999 ""
FIBERMAP 1163 R-8C7 APOGEE 0 0 0 1 0 0 -72.3841371258445 -166.56046999734554 143.1 -153.27165968846057 -97.38640095450133 238.7914 123.29755 -999.0 -999.0 -999.0 -999.0 -999.0 99.26991637796945 -4.876453131991498 99.25408069385725 -4.886991404816095 49.29641195006821 154.6284303033414 -999.0 16600.0 -999.0 2 -999 {-999.0 -999.0 -999.0 -999.0 -999.0} "" -999.0 -999.0 -999.0 -999.0 -999 -999 "" "" "" "" 0 0 0.0 0.0 -999 ""
FIBERMAP 1163 R-8C7 BOSS 1 1 0 1 0 0 -73.13343227095048 -166.617239893019 143.1 -153.92402485995234 -97.01358617656331 238.7914 123.29755 99.26696777343749 -4.874948544430026 -999.0 -999.0 -999.0 99.2669663737857 -4.874951323781366 99.25107182574817 -4.8853190010346 49.29905523717468 154.63178905359948 5400.0 5400.0 2015.5 1 401 {-999.0 -999.0 -999.0 -999.0 -999.0} "" -999.0 -999.0 -999.0 -999.0 27021603131448734 819435132 "" ops_sky_boss_good ops_sky sky_boss 0 0 0.0 0.0 -999 ""
FIBERMAP 1163 R-8C7 METROLOGY 0 0 0 1 0 0 -72.80044844067957 -165.9413198785116 143.1 -153.26953305237387 -96.64036882205272 238.7914 123.29755 -999.0 -999.0 -999.0 -999.0 -999.0 99.26991872192886 -4.873211393477044 99.25404598546709 -4.883633705636154 49.29955490871307 154.62661775033737 -999.0 6231.0 -999.0 -1 -999 {-999.0 -999.0 -999.0 -999.0 -999.0} "" -999.0 -999.0 -999.0 -999.0 -999 -999 "" "" "" "" 0 0 0.0 0.0 -999 ""
FIBERMAP 1167 R-3C5 APOGEE 1 1 0 1 0 0 -148.17829054773887 -52.849828035926954 143.1 -152.33123771601288 39.254889105958604 74.822266 43.84251 99.27258767764836 -4.2556522395502405 -8.23386 8.514474 0.9026519 99.27258156886457 -4.255565824183626 99.2583944995576 -4.266368720051936 49.8729411265976 154.27397945674338 16000.0 16600.0 2016.0 2 264 {-999.0 14.168028 13.161862 12.760444 -999.0} sdss_psfmag_from_g3xp 13.826425 13.170892 12.391388 10.772 63050395111267320 1107701198 bright_flexible_2x1 mwm_tess_rgb_apogee mwm_tessrgb science 0 0 0.0 0.0 -999 ""
FIBERMAP 1167 R-3C5 BOSS 0 0 0 1 0 0 -147.81117194243566 -53.515419655587635 143.1 -152.40012636777305 38.497957428838575 74.822266 43.84251 -999.0 -999.0 -999.0 -999.0 -999.0 99.27227870694199 -4.259153192151697 99.25801904704741 -4.269793674376412 49.86989084534867 154.27646502470915 -999.0 5400.0 -999.0 1 466 {-999.0 -999.0 -999.0 -999.0 -999.0} "" -999.0 -999.0 -999.0 -999.0 -999 -999 "" "" "" "" 0 0 0.0 0.0 -999 ""
FIBERMAP 1167 R-3C5 METROLOGY 0 0 0 1 0 0 -148.56493719724267 -53.48711819432118 143.1 -153.00852805299098 38.94373185577813 74.822266 43.84251 -999.0 -999.0 -999.0 -999.0 -999.0 99.26950933181887 -4.257091957278097 99.25527386945538 -4.26777164737936 49.872774451197024 154.2792697545808 -999.0 6231.0 -999.0 -1 -999 {-999.0 -999.0 -999.0 -999.0 -999.0} "" -999.0 -999.0 -999.0 -999.0 -999 -999 "" "" "" "" 0 0 0.0 0.0 -999 ""
FIBERMAP 1169 R-11C9 APOGEE 0 0 0 1 0 0 21.63334335333432 -198.8960347846088 143.1 -93.5252024750231 -176.8444128028343 89.58207 76.7117 -999.0 -999.0 -999.0 -999.0 -999.0 99.54333239481095 -5.2363652815652095 99.52645854105447 -5.247447117596892 48.86206150734167 154.44220590913994 -999.0 16600.0 -999.0 2 168 {-999.0 -999.0 -999.0 -999.0 -999.0} "" -999.0 -999.0 -999.0 -999.0 -999 -999 "" "" "" "" 0 0 0.0 0.0 -999 ""
FIBERMAP 1169 R-11C9 BOSS 1 1 0 1 0 0 22.3649057928929 -199.0401865443001 143.1 -93.00009993639779 -177.37369274653827 89.58207 76.7117 99.54578869660882 -5.238987076050325 -0.015885245 0.58276486 0.05328048 99.54577720310311 -5.238966031884372 99.52883045633843 -5.249886889635227 48.858928905649414 154.4402134930514 5400.0 5400.0 2016.0 1 361 {-999.0 16.168802 15.7820635 15.663643 -999.0} sdss_psfmag_ps1 16.044916 15.758795 15.296351 14.435 63050395111133399 1093342040 bright_3x1 mwm_astar_core_boss mwm_ob science 0 0 0.0 0.0 -999 ""
FIBERMAP 1169 R-11C9 METROLOGY 0 0 0 1 0 0 21.87167748322595 -199.6067448096196 143.1 -93.72602872289129 -177.56655289869897 89.58207 76.7117 -999.0 -999.0 -999.0 -999.0 -999.0 99.5424650511222 -5.239774970937553 99.52553561996905 -5.250734146123523 48.85933512681553 154.44532694521558 -999.0 6231.0 -999.0 -1 -999 {-999.0 -999.0 -999.0 -999.0 -999.0} "" -999.0 -999.0 -999.0 -999.0 -999 -999 "" "" "" "" 0 0 0.0 0.0 -999 ""
FIBERMAP 1170 R-5C6 APOGEE 0 0 0 1 0 0 -133.06039450910237 -104.37708650678574 143.1 -168.6815639782806 -11.88992051618488 209.62091 124.55415 -999.0 -999.0 -999.0 -999.0 -999.0 99.19871430879569 -4.488191726237431 99.18393156003646 -4.498710557829504 49.68364411808507 154.51219051792071 -999.0 16600.0 -999.0 2 -999 {-999.0 -999.0 -999.0 -999.0 -999.0} "" -999.0 -999.0 -999.0 -999.0 -999 -999 "" "" "" "" 0 0 0.0 0.0 -999 ""
FIBERMAP 1170 R-5C6 BOSS 1 1 0 1 0 0 -133.73770778487537 -104.0757617175643 143.1 -169.073673810279 -11.260867687495638 209.62091 124.55415 99.19692993164062 -4.48547583845172 -999.0 -999.0 -999.0 99.19693823076777 -4.485500052234148 99.1821000912401 -4.4958540761316605 49.68696850304826 154.51321764320386 5400.0 5400.0 2015.5 1 456 {-999.0 -999.0 -999.0 -999.0 -999.0} "" -999.0 -999.0 -999.0 -999.0 27021603131449440 819435262 "" ops_sky_boss_good ops_sky sky_boss 0 0 0.0 0.0 -999 ""
FIBERMAP 1170 R-5C6 METROLOGY 0 0 0 1 0 0 -133.1242457539417 -103.63372589507412 143.1 -168.3179390114419 -11.238502563777631 209.62091 124.55415 -999.0 -999.0 -999.0 -999.0 -999.0 99.20035627369487 -4.485348119190906 99.18553539001493 -4.495756638143165 49.68581617474066 154.50823053305746 -999.0 6231.0 -999.0 -1 -999 {-999.0 -999.0 -999.0 -999.0 -999.0} "" -999.0 -999.0 -999.0 -999.0 -999 -999 "" "" "" "" 0 0 0.0 0.0 -999 ""
FIBERMAP 1172 R-3C6 APOGEE 0 0 0 1 0 0 -133.7505659598489 -68.92217201931409 143.1 -149.3877275019396 17.86010328643794 339.4303 94.16358 -999.0 -999.0 -999.0 -999.0 -999.0 99.28602999843966 -4.352799409313838 99.27158092215439 -4.363596322374237 49.77764205339746 154.3101400031551 -999.0 16600.0 -999.0 2 -999 {-999.0 -999.0 -999.0 -999.0 -999.0} "" -999.0 -999.0 -999.0 -999.0 -999 -999 "" "" "" "" 0 0 0.0 0.0 -999 ""
FIBERMAP 1172 R-3C6 BOSS 1 1 0 1 0 0 -133.94606673734015 -69.63719208440209 143.1 -149.95026535388112 17.37747184857396 339.4303 94.16358 99.2834886894395 -4.35515770686888 -6.5995946 -3.2074938 4.055432 99.28348511238985 -4.3551535949177165 99.26896724196888 -4.365782340653193 49.77655998206304 154.3151338393865 5400.0 5400.0 2016.0 1 467 {-999.0 18.83834 17.320084 15.941528 -999.0} sdss_psfmag_ps1 18.243948 16.649641 15.427649 13.079 63050395111237740 916336353 bright_6x1 mwm_yso_cluster_boss mwm_yso science 0 0 0.0 0.0 -999 ""
FIBERMAP 1172 R-3C6 METROLOGY 0 0 0 1 0 0 -134.4728958203154 -69.10899159320901 143.1 -150.09062733840912 18.1101038566733 339.4303 94.16358 -999.0 -999.0 -999.0 -999.0 -999.0 99.28283658856694 -4.3517790904880105 99.26834580867848 -4.362453144784808 49.779885295411596 154.31414252350766 -999.0 6231.0 -999.0 -1 -999 {-999.0 -999.0 -999.0 -999.0 -999.0} "" -999.0 -999.0 -999.0 -999.0 -999 -999 "" "" "" "" 0 0 0.0 0.0 -999 ""
FIBERMAP 1174 R-1C1 APOGEE 1 1 0 1 0 0 -269.29971244850043 -26.359700250041385 143.1 -237.80004752845886 129.0581510398363 324.71912 119.91322 98.887939453125 -3.8508266861905582 -999.0 -999.0 -999.0 98.88797826848058 -3.8508125086162255 98.87497861602674 -3.860803020966152 50.38984469858007 154.59958357048828 16000.0 16600.0 2015.5 2 293 {-999.0 -999.0 -999.0 -999.0 -999.0} "" -999.0 -999.0 -999.0 -999.0 27021603131463788 832682405 "" ops_sky_apogee_best ops_sky sky_apogee 0 0 0.0 0.0 -999 ""
FIBERMAP 1174 R-1C1 BOSS 0 0 0 1 0 0 -269.3154955363215 -27.09789098204032 143.1 -238.22672797153822 128.45563392251324 324.71912 119.91322 -999.0 -999.0 -999.0 -999.0 -999.0 98.88611245674593 -3.853699127456913 98.87304449314018 -3.8635261570105546 50.3880032638506 154.60394950767756 -999.0 5400.0 -999.0 1 425 {-999.0 -999.0 -999.0 -999.0 -999.0} "" -999.0 -999.0 -999.0 -999.0 -999 -999 "" "" "" "" 0 0 0.0 0.0 -999 ""
FIBERMAP 1174 R-1C1 METROLOGY 0 0 0 1 0 0 -269.9612580267344 -26.70461770010509 143.1 -238.54118899240532 129.14315941122027 324.71912 119.91322 -999.0 -999.0 -999.0 -999.0 -999.0 98.88470809660701 -3.850569384612384 98.87166619958316 -3.8604387795198973 50.391378961349574 154.604210277425 -999.0 6231.0 -999.0 -1 -999 {-999.0 -999.0 -999.0 -999.0 -999.0} "" -999.0 -999.0 -999.0 -999.0 -999 -999 "" "" "" "" 0 0 0.0 0.0 -999 ""
FIBERMAP 1176 R+12C11 APOGEE 0 0 0 1 1 0 54.25602663739593 245.6963687644455 143.1 182.59811549073174 173.08297017777187 171.29082 74.857864 -999.0 -999.0 -999.0 -999.0 -999.0 100.79385258586407 -3.6462839866548893 100.78082742367133 -3.6611944301403057 49.85101771996135 151.73788709063888 -999.0 16600.0 -999.0 2 -999 {-999.0 -999.0 -999.0 -999.0 -999.0} "" -999.0 -999.0 -999.0 -999.0 -999 -999 "" "" "" "" 0 0 0.0 0.0 -999 ""
FIBERMAP 1176 R+12C11 BOSS 1 0 0 1 1 0 54.54232479064393 246.3758463682934 143.1 183.2159361214975 173.4852919202085 171.29082 74.857864 100.75840220630134 -3.6459825053516903 -0.3634551 0.3965534 0.122639574 100.7966993029833 -3.644628018998032 100.78360880704469 -3.659388427844712 49.85156619499843 151.73282207322364 5400.0 5400.0 2016.0 1 102 {-999.0 16.321386 15.736565 15.377232 -999.0} sdss_psfmag_ps1 16.035437 15.553231 14.883306 13.837 63050395111679269 1093342017 bright_3x1 mwm_astar_core_boss mwm_ob science 0 0 0.0 0.0 -999 ""
FIBERMAP 1176 R+12C11 METROLOGY 0 0 0 1 1 0 54.99745128461594 245.77974425848598 143.1 183.25886955986132 172.73659967476164 171.29082 74.857864 -999.0 -999.0 -999.0 -999.0 -999.0 100.79690540602745 -3.647955097172031 100.78382557148592 -3.66275939900763 49.848388905756124 151.73460058251823 -999.0 6231.0 -999.0 -1 -999 {-999.0 -999.0 -999.0 -999.0 -999.0} "" -999.0 -999.0 -999.0 -999.0 -999 -999 "" "" "" "" 0 0 0.0 0.0 -999 ""
FIBERMAP 1177 R+4C12 APOGEE 0 0 0 1 0 0 -3.4289265504793343 87.45338164573795 143.1 46.16043231596282 74.34903621408448 85.5205 137.9331 -999.0 -999.0 -999.0 -999.0 -999.0 100.17732191326114 -4.093451409827138 100.1632968845455 -4.106617655584894 49.68244896508185 152.88565492034854 -999.0 16600.0 -999.0 2 -999 {-999.0 -999.0 -999.0 -999.0 -999.0} "" -999.0 -999.0 -999.0 -999.0 -999 -999 "" "" "" "" 0 0 0.0 0.0 -999 ""
FIBERMAP 1177 R+4C12 BOSS 1 1 0 1 0 0 -2.8942522583821924 87.96921578334569 143.1 46.89226536551126 74.47666504354613 85.5205 137.9331 100.18075234948176 -4.092989299065274 -1.4639677 -1.0562255 0.47077328 100.18075037436068 -4.092985488513258 100.16665881330988 -4.106000666511634 49.68173002165634 152.88050378822874 5400.0 5400.0 2016.0 1 115 {-999.0 15.46549 14.990658 15.038968 -999.0} sdss_psfmag_ps1 15.374886 15.068021 14.589514 13.826 63050395111259638 978386696 "" ops_std_boss ops_std standard_boss 0 0 0.0 0.0 -999 ""
FIBERMAP 1177 R+4C12 METROLOGY 0 0 0 1 0 0 -2.7120798060600078 87.24651761907501 143.1 46.63820974585769 73.77606396980913 85.5205 137.9331 -999.0 -999.0 -999.0 -999.0 -999.0 100.17957882988841 -4.09613734952477 100.16549818584394 -4.1091935734640215 49.67922713214894 152.88405177420307 -999.0 6231.0 -999.0 -1 -999 {-999.0 -999.0 -999.0 -999.0 -999.0} "" -999.0 -999.0 -999.0 -999.0 -999 -999 "" "" "" "" 0 0 0.0 0.0 -999 ""
FIBERMAP 1189 R-13C11 APOGEE 1 1 0 1 0 0 75.66872569198894 -265.8167723891028 143.1 -86.2695332078444 -262.54342144828667 264.12518 112.144325 99.57870483398436 -5.620621036396912 -999.0 -999.0 -999.0 99.5787416862734 -5.620649846516704 99.5608331143456 -5.6316590523024335 48.4916732092509 154.60533500485704 16000.0 16600.0 2015.5 2 189 {-999.0 -999.0 -999.0 -999.0 -999.0} "" -999.0 -999.0 -999.0 -999.0 27021603131445356 832680296 "" ops_sky_apogee_best ops_sky sky_apogee 0 0 0.0 0.0 -999 ""
FIBERMAP 1189 R-13C11 BOSS 0 0 0 1 0 0 74.96346327312095 -266.0255184901184 143.1 -86.97058345854958 -262.3211430620282 264.12518 112.144325 -999.0 -999.0 -999.0 -999.0 -999.0 99.5756222235156 -5.619815964054074 99.55765101739496 -5.630649231557569 48.49376183336469 154.6092366193257 -999.0 5400.0 -999.0 1 336 {-999.0 -999.0 -999.0 -999.0 -999.0} "" -999.0 -999.0 -999.0 -999.0 -999 -999 "" "" "" "" 0 0 0.0 0.0 -999 ""
FIBERMAP 1189 R-13C11 METROLOGY 0 0 0 1 0 0 75.15304596677926 -265.2788530292872 143.1 -86.39521593983406 -261.80898739138206 264.12518 112.144325 -999.0 -999.0 -999.0 -999.0 -999.0 99.57819672550505 -5.617495237944028 99.5602495926592 -5.628383748640905 48.49493633722739 154.60436078330451 -999.0 6231.0 -999.0 -1 -999 {-999.0 -999.0 -999.0 -999.0 -999.0} "" -999.0 -999.0 -999.0 -999.0 -999 -999 "" "" "" "" 0 0 0.0 0.0 -999 ""
FIBERMAP 1190 R+13C5 APOGEE 1 1 0 1 0 0 -40.45315261599718 239.59452819383338 143.1 100.74228109589328 221.0951597343362 13.413377 52.78388 100.42200362693941 -3.4296476252396437 -7.792638 -2.2621675 3.5752337 100.42199781786961 -3.429645654294675 100.40965569910168 -3.4437039577759783 50.19753286102731 152.13309930216857 16000.0 16600.0 2016.0 2 111 {-999.0 17.163025 15.734685 14.423117 -999.0} sdss_psfmag_ps1 16.578987 15.172886 13.987052 11.624 63050395111696042 917157554 bright_3x1 mwm_yso_pms_apogee_zari18pms mwm_yso science 0 0 0.0 0.0 -999 ""
FIBERMAP 1190 R+13C5 BOSS 0 0 0 1 0 0 -40.72881423884601 238.90858063612777 143.1 100.12964438522096 220.68151999666762 13.413377 52.78388 -999.0 -999.0 -999.0 -999.0 -999.0 100.41931751295398 -3.4316260936649896 100.40690386662908 -3.445520419013196 50.19694461814376 152.1381609181681 -999.0 5400.0 -999.0 1 85 {-999.0 -999.0 -999.0 -999.0 -999.0} "" -999.0 -999.0 -999.0 -999.0 -999 -999 "" "" "" "" 0 0 0.0 0.0 -999 ""
FIBERMAP 1190 R+13C5 METROLOGY 0 0 0 1 0 0 -41.1979602147945 239.48917623800403 143.1 100.06641187236009 221.42522507607075 13.413377 52.78388 -999.0 -999.0 -999.0 -999.0 -999.0 100.41898238571318 -3.4282541096439574 100.40659676326891 -3.4421932931881103 50.2001237302507 152.136554840325 -999.0 6231.0 -999.0 -1 -999 {-999.0 -999.0 -999.0 -999.0 -999.0} "" -999.0 -999.0 -999.0 -999.0 -999 -999 "" "" "" "" 0 0 0.0 0.0 -999 ""
FIBERMAP 1192 R-11C4 APOGEE 1 1 0 1 0 0 -83.6766352555387 -220.23557553237353 143.1 -192.69818758359585 -135.51225770911395 17.766647 72.61457 99.09246691800344 -5.0484715063822625 -0.6716009 -3.7431762 0.87531173 99.09247803965269 -5.048458859991116 99.0762367780776 -5.058474007867349 49.200051792555804 154.97611457160988 16000.0 16600.0 2016.0 2 164 {-999.0 13.111581 12.636618 12.458044 -999.0} sdss_psfmag_from_g3xp 13.009477 12.6522875 12.119484 11.235 63050395111203449 1105647249 bright_flexible_3x1 mwm_tess_rgb_apogee mwm_tessrgb science 0 0 0.0 0.0 -999 ""
FIBERMAP 1192 R-11C4 BOSS 0 0 0 1 0 0 -83.6667641500739 -220.97731821753555 143.1 -193.10561170561206 -136.13209058289155 17.766647 72.61457 -999.0 -999.0 -999.0 -999.0 -999.0 99.09069683716801 -5.051431519620055 99.07438501900458 -5.0612762750924984 49.19809283965619 154.98028258480497 -999.0 5400.0 -999.0 1 349 {-999.0 -999.0 -999.0 -999.0 -999.0} "" -999.0 -999.0 -999.0 -999.0 -999 -999 "" "" "" "" 0 0 0.0 0.0 -999 ""
FIBERMAP 1192 R-11C4 METROLOGY 0 0 0 1 0 0 -84.31812580813497 -220.619709406624 143.1 -193.44469273026894 -135.47096474643732 17.766647 72.61457 -999.0 -999.0 -999.0 -999.0 -999.0 99.08913331144355 -5.048389822220559 99.07284795823716 -5.058278539969181 49.20143963796779 154.9808333927774 -999.0 6231.0 -999.0 -1 -999 {-999.0 -999.0 -999.0 -999.0 -999.0} "" -999.0 -999.0 -999.0 -999.0 -999 -999 "" "" "" "" 0 0 0.0 0.0 -999 ""
FIBERMAP 1194 R-7C9 APOGEE 1 1 0 1 0 0 -36.86061168383283 -120.94090925353454 143.1 -98.29082650273993 -79.50871785155101 119.26471 98.98026 99.5196533203125 -4.7953988225745405 -999.0 -999.0 -999.0 99.51966000694836 -4.7954026529209575 99.50396640378887 -4.80660929546371 49.28057320719459 154.22802292831736 16000.0 16600.0 2015.5 2 171 {-999.0 -999.0 -999.0 -999.0 -999.0} "" -999.0 -999.0 -999.0 -999.0 27021603131448675 841546638 "" ops_sky_apogee_best ops_sky sky_apogee 0 0 0.0 0.0 -999 ""
FIBERMAP 1194 R-7C9 BOSS 0 0 0 1 0 0 -36.260735951639795 -120.5023897612143 143.1 -97.54831391152699 -79.48165249057129 119.26471 98.98026 -999.0 -999.0 -999.0 -999.0 -999.0 99.52306619698838 -4.79547630348499 99.50730668386615 -4.80652809762174 49.27942740411765 154.2232308759858 -999.0 5400.0 -999.0 1 388 {-999.0 -999.0 -999.0 -999.0 -999.0} "" -999.0 -999.0 -999.0 -999.0 -999 -999 "" "" "" "" 0 0 0.0 0.0 -999 ""
FIBERMAP 1194 R-7C9 METROLOGY 0 0 0 1 0 0 -36.1774855650295 -121.24346462323814 143.1 -97.89459204192428 -80.14204677411247 119.26471 98.98026 -999.0 -999.0 -999.0 -999.0 -999.0 99.52148803451972 -4.798425777782843 99.50573948642676 -4.809518646487766 49.27721849561695 154.22713974755752 -999.0 6231.0 -999.0 -1 -999 {-999.0 -999.0 -999.0 -999.0 -999.0} "" -999.0 -999.0 -999.0 -999.0 -999 -999 "" "" "" "" 0 0 0.0 0.0 -999 ""
FIBERMAP 1200 R+2C7 APOGEE 1 1 0 1 0 0 -125.61185265452056 33.983365317333984 143.1 -84.98925951191218 98.52506155275141 305.49347 140.53676 99.57870483398436 -3.9851946010898587 -999.0 -999.0 -999.0 99.578702180425 -3.985191695122536 99.56514128592733 -3.9968839127818825 50.010142485217756 153.6774119658851 16000.0 16600.0 2015.5 2 146 {-999.0 -999.0 -999.0 -999.0 -999.0} "" -999.0 -999.0 -999.0 -999.0 27021603131450763 841546903 "" ops_sky_apogee_best ops_sky sky_apogee 0 0 0.0 0.0 -999 ""
FIBERMAP 1200 R+2C7 BOSS 0 0 0 1 0 0 -125.63369863219421 33.24179361581834 143.1 -85.42285552606049 97.92314140235987 305.49347 140.53676 -999.0 -999.0 -999.0 -999.0 -999.0 99.57675683976015 -3.9880494843561394 99.5631247903014 -3.9995767335579218 50.0083966387506 153.6818812471862 -999.0 5400.0 -999.0 1 47 {-999.0 -999.0 -999.0 -999.0 -999.0} "" -999.0 -999.0 -999.0 -999.0 -999 -999 "" "" "" "" 0 0 0.0 0.0 -999 ""
FIBERMAP 1200 R+2C7 METROLOGY 0 0 0 1 0 0 -126.27105203847566 33.63509225389046 143.1 -85.73033804078474 98.6059762715411 305.49347 140.53676 -999.0 -999.0 -999.0 -999.0 -999.0 99.57534341530909 -3.984916144966548 99.56173827560917 -3.9964861229242583 50.01178021544419 153.68208027925903 -999.0 6231.0 -999.0 -1 -999 {-999.0 -999.0 -999.0 -999.0 -999.0} "" -999.0 -999.0 -999.0 -999.0 -999 -999 "" "" "" "" 0 0 0.0 0.0 -999 ""
FIBERMAP 1203 R-3C1 APOGEE 1 1 0 1 0 0 -267.9183377714215 -44.72433167873992 143.1 -246.9457335256857 113.07480554087134 155.04987 84.83827 98.846681877179 -3.923174883740097 0.2977764 -0.76282704 0.5733578 98.84668205291533 -3.9231857083434476 98.83350283089783 -3.9330414110054197 50.3374054728995 154.70094406881466 16000.0 16600.0 2016.0 2 269 {-999.0 12.382171 11.413824 11.00939 -999.0} sdss_psfmag_from_g3xp 12.061091 11.415302 10.638849 9.076 63050395111474244 1110573916 bright_1x1 mwm_tess_rgb_apogee mwm_tessrgb science 0 0 0.0 0.0 -999 ""
FIBERMAP 1203 R-3C1 BOSS 0 0 0 1 0 0 -267.55839264882235 -44.0882955440529 143.1 -246.29125969263998 113.39988511932094 155.04987 84.83827 -999.0 -999.0 -999.0 -999.0 -999.0 98.84967502284226 -3.921854605422766 98.83643731314913 -3.9315605677446 50.33773230873278 154.69582945471845 -999.0 5400.0 -999.0 1 496 {-999.0 -999.0 -999.0 -999.0 -999.0} "" -999.0 -999.0 -999.0 -999.0 -999 -999 "" "" "" "" 0 0 0.0 0.0 -999 ""
FIBERMAP 1203 R-3C1 METROLOGY 0 0 0 1 0 0 -267.175873625057 -44.717472487026896 143.1 -246.32699072531284 112.66448275376982 155.04987 84.83827 -999.0 -999.0 -999.0 -999.0 -999.0 98.84948338864089 -3.9251288005212834 98.83625437671094 -3.9348776700666197 50.33470367386274 154.69796836700868 -999.0 6231.0 -999.0 -1 -999 {-999.0 -999.0 -999.0 -999.0 -999.0} "" -999.0 -999.0 -999.0 -999.0 -999 -999 "" "" "" "" 0 0 0.0 0.0 -999 ""
FIBERMAP 1207 R-4C13 APOGEE 0 0 0 1 0 0 24.288478759112042 -57.98195758320581 143.1 -12.371938584476862 -61.62879895341845 134.60109 55.85651 -999.0 -999.0 -999.0 -999.0 -999.0 99.91168996403596 -4.713493518019875 99.89609876226172 -4.725729155909492 49.210761143873796 153.6261609157874 -999.0 16600.0 -999.0 2 -999 {-999.0 -999.0 -999.0 -999.0 -999.0} "" -999.0 -999.0 -999.0 -999.0 -999 -999 "" "" "" "" 0 0 0.0 0.0 -999 ""
FIBERMAP 1207 R-4C13 BOSS 1 1 0 1 0 0 24.99635372266313 -57.83065370109139 143.1 -11.700909595649374 -61.900114083856245 134.60109 55.85651 99.91483973681684 -4.714928778929102 -0.21703902 1.245281 -0.19598368 99.91482061246691 -4.714918317159255 99.89915844212362 -4.726997977678284 49.20844184231907 153.62256169769685 5400.0 5400.0 2016.0 1 363 {-999.0 16.238594 15.846465 15.53252 -999.0} sdss_psfmag_ps1 16.155186 15.915369 15.283662 14.346 63050395111239737 1093342351 bright_3x1 mwm_astar_core_boss mwm_ob science 0 0 0.0 0.0 -999 ""
FIBERMAP 1207 R-4C13 METROLOGY 0 0 0 1 0 0 24.778380867200553 -58.54468123207997 143.1 -12.281502425598914 -62.369332387096016 134.60109 55.85651 -999.0 -999.0 -999.0 -999.0 -999.0 99.91215489460888 -4.717008182021999 99.89650674184912 -4.729126487443428 49.207459075334484 153.62753301650113 -999.0 6231.0 -999.0 -1 -999 {-999.0 -999.0 -999.0 -999.0 -999.0} "" -999.0 -999.0 -999.0 -999.0 -999 -999 "" "" "" "" 0 0 0.0 0.0 -999 ""
FIBERMAP 1208 R-3C19 APOGEE 0 0 0 1 0 0 131.20926725668852 -66.27466799318857 143.1 71.53211609181218 -128.4045551114249 232.47934 90.805466 -999.0 -999.0 -999.0 -999.0 -999.0 100.29558301874526 -5.015685992059417 100.27907628748892 -5.028767615494525 48.78614407706807 153.26179838325805 -999.0 16600.0 -999.0 2 -999 {-999.0 -999.0 -999.0 -999.0 -999.0} "" -999.0 -999.0 -999.0 -999.0 -999 -999 "" "" "" "" 0 0 0.0 0.0 -999 ""
FIBERMAP 1208 R-3C19 BOSS 1 1 0 1 0 0 130.61060220343734 -65.8648058921243 143.1 71.26595531739791 -127.72967971494786 232.47934 90.805466 100.29446039277329 -5.012871289461054 -2.755186 0.6151936 0.038543195 100.29446183013562 -5.012847320245013 100.27789481104395 -5.025761910909985 48.789371559409936 153.26171827888584 5400.0 5400.0 2016.0 1 289 {-999.0 15.597717 14.980818 14.71637 -999.0} sdss_psfmag_from_g3xp 15.419806 15.022562 14.364493 13.253 63050395111155477 1093136328 bright_3x1 mwm_astar_core_boss mwm_ob science 0 0 0.0 0.0 -999 ""
FIBERMAP 1208 R-3C19 METROLOGY 0 0 0 1 0 0 131.27290589285042 -65.53128915000076 143.1 72.00133681030934 -127.82455478163199 232.47934 90.805466 -999.0 -999.0 -999.0 -999.0 -999.0 100.29779147843657 -5.013205127305813 100.2812418403658 -5.026174861277153 48.78772318917556 153.25727492116476 -999.0 6231.0 -999.0 -1 -999 {-999.0 -999.0 -999.0 -999.0 -999.0} "" -999.0 -999.0 -999.0 -999.0 -999 -999 "" "" "" "" 0 0 0.0 0.0 -999 ""
FIBERMAP 1213 R+9C2 APOGEE 0 0 0 1 0 0 -180.96884768611304 168.2456377685176 143.1 -55.60793535375972 240.73599430907467 214.85452 109.10537 -999.0 -999.0 -999.0 -999.0 -999.0 99.71233931867637 -3.342794302781783 99.70043859808874 -3.3550884437301667 50.55351776535247 153.10267903180622 -999.0 16600.0 -999.0 2 -999 {-999.0 -999.0 -999.0 -999.0 -999.0} "" -999.0 -999.0 -999.0 -999.0 -999 -999 "" "" "" "" 0 0 0.0 0.0 -999 ""
FIBERMAP 1213 R+9C2 BOSS 1 1 0 1 0 0 -181.57287258489055 168.68579186854456 143.1 -55.861562445082434 241.43896029038171 214.85452 109.10537 99.71125501342128 -3.3397854131803997 1.7019796 -0.5183364 -2.0462205 99.71125074577202 -3.339789184806519 99.69929417843247 -3.3519264911159286 50.556876494937356 153.1024450717599 5400.0 5400.0 2016.0 1 19 {-999.0 14.736033 14.252071 14.176072 -999.0} sdss_psfmag_ps1 14.560788 14.469104 13.673086 12.719 63050395111939256 1093342412 bright_3x1 mwm_astar_core_boss mwm_ob science 0 0 0.0 0.0 -999 ""
FIBERMAP 1213 R+9C2 METROLOGY 0 0 0 1 0 0 -180.88742523883514 168.9872794377832 143.1 -55.124959644173444 241.30459164390533 214.85452 109.10537 -999.0 -999.0 -999.0 -999.0 -999.0 99.71457260998194 -3.340334298392672 99.70263176873613 -3.352523822824476 50.555054482396756 153.0979547580932 -999.0 6231.0 -999.0 -1 -999 {-999.0 -999.0 -999.0 -999.0 -999.0} "" -999.0 -999.0 -999.0 -999.0 -999 -999 "" "" "" "" 0 0 0.0 0.0 -999 ""
FIBERMAP 1215 R-1C15 APOGEE 0 0 0 1 0 0 22.906935427538194 -32.507519513081384 143.1 0.7572402803379267 -39.757105371452994 257.00168 87.58125 -999.0 -999.0 -999.0 -999.0 -999.0 99.97143255999596 -4.613744523541923 99.95608866678543 -4.6261732248193015 49.280557925315904 153.48398441017878 -999.0 16600.0 -999.0 2 -999 {-999.0 -999.0 -999.0 -999.0 -999.0} "" -999.0 -999.0 -999.0 -999.0 -999 -999 "" "" "" "" 0 0 0.0 0.0 -999 ""
FIBERMAP 1215 R-1C15 BOSS 1 1 0 1 0 0 22.187643779686532 -32.326772486264076 143.1 0.26280462780185687 -39.20439302007919 257.00168 87.58125 99.96919853499905 -4.611423377057109 14.814111 6.543664 3.5675375 99.969232940202 -4.6114173620334045 99.95382948515123 -4.623678692622075 49.28371686801234 153.48574196202193 5400.0 5400.0 2016.0 1 272 {-999.0 14.681955 13.824615 13.52251 -999.0} sdss_psfmag_from_g3xp 14.420043 13.870004 13.17322 11.777 63050395111240582 1095689191 bright_1x1 mwm_bin_vis_boss mwm_filler science 0 0 0.0 0.0 -999 ""
FIBERMAP 1215 R-1C15 METROLOGY 0 0 0 1 0 0 22.703294944701277 -31.789750375919752 143.1 0.9907546043094342 -39.04855789546637 257.00168 87.58125 -999.0 -999.0 -999.0 -999.0 -999.0 99.9725397563048 -4.6106487089515 99.9571561730321 -4.622964869895357 49.283129216334345 153.4806209412437 -999.0 6231.0 -999.0 -1 -999 {-999.0 -999.0 -999.0 -999.0 -999.0} "" -999.0 -999.0 -999.0 -999.0 -999 -999 "" "" "" "" 0 0 0.0 0.0 -999 ""
FIBERMAP 1222 R+1C10 APOGEE 0 0 0 1 0 0 -72.80816980611921 32.88707394508373 143.1 -41.87215825424365 68.03116459655622 80.47225 102.24122 -999.0 -999.0 -999.0 -999.0 -999.0 99.77548657728799 -4.123211544020789 99.76150163500148 -4.135346550975293 49.80831532192029 153.4761390386729 -999.0 16600.0 -999.0 2 -999 {-999.0 -999.0 -999.0 -999.0 -999.0} "" -999.0 -999.0 -999.0 -999.0 -999 -999 "" "" "" "" 0 0 0.0 0.0 -999 ""
FIBERMAP 1222 R+1C10 BOSS 1 1 0 1 0 0 -72.05565634863886 32.94324464137524 143.1 -41.21746344847984 67.65605034513757 80.47225 102.24122 99.77851585172722 -4.125034001990807 3.3608363 -5.7068973 -0.004355859 99.77852208679654 -4.125034738136942 99.7644662938983 -4.1370168978635915 49.805654563695455 153.4728689071189 5400.0 5400.0 2016.0 1 30 {-999.0 15.787579 15.020887 14.630892 -999.0} sdss_psfmag_ps1 15.476423 14.994403 14.244896 12.983 63050395111272075 1093341671 bright_3x1 mwm_astar_core_boss mwm_ob science 0 0 0.0 0.0 -999 ""
FIBERMAP 1222 R+1C10 METROLOGY 0 0 0 1 0 0 -72.38757045400088 32.27082872967881 143.1 -41.86910597047977 67.28513567701575 80.47225 102.24122 -999.0 -999.0 -999.0 -999.0 -999.0 99.7755360622621 -4.126692511461677 99.76149522181561 -4.138711689897182 49.80520018336013 153.4781113044895 -999.0 6231.0 -999.0 -1 -999 {-999.0 -999.0 -999.0 -999.0 -999.0} "" -999.0 -999.0 -999.0 -999.0 -999 -999 "" "" "" "" 0 0 0.0 0.0 -999 ""
FIBERMAP 1226 R+8C2 APOGEE 0 0 0 1 0 0 -194.26063916952177 149.57377087163783 143.1 -77.07789975788297 232.7195914805407 218.871 96.05236 -999.0 -999.0 -999.0 -999.0 -999.0 99.61498661017532 -3.3792061467244507 99.60301871907251 -3.3912382231217792 50.55703499236274 153.2658892087215 -999.0 16600.0 -999.0 2 -999 {-999.0 -999.0 -999.0 -999.0 -999.0} "" -999.0 -999.0 -999.0 -999.0 -999 -999 "" "" "" "" 0 0 0.0 0.0 -999 ""
FIBERMAP 1226 R+8C2 BOSS 1 1 0 1 0 0 -194.7954838096281 150.0913846012078 143.1 -77.23083190158341 233.44794678965698 218.871 96.05236 99.61435249156403 -3.3761037023708185 0.6771835 1.2792038 0.17078307 99.6143556316588 -3.3760818787546896 99.60233243578148 -3.3879582037783287 50.56032999687112 153.26493067889868 5400.0 5400.0 2016.0 1 69 {-999.0 18.276985 17.21257 16.659325 16.259947} sdss_psfmag_from_ps1dr2 17.9071 17.1674 16.3195 14.815 63050395111939298 1039258317 "" ops_std_boss_ps1dr2 ops_std standard_boss 0 0 0.0 0.0 -999 ""
FIBERMAP 1226 R+8C2 METROLOGY 0 0 0 1 0 0 -194.08628153293628 150.29920963202778 143.1 -76.52703478619743 233.22269807779097 218.871 96.05236 -999.0 -999.0 -999.0 -999.0 -999.0 99.61752655287948 -3.377032316909261 99.60551795431564 -3.3889603493346163 50.55819748920875 153.26089629220814 -999.0 6231.0 -999.0 -1 -999 {-999.0 -999.0 -999.0 -999.0 -999.0} "" -999.0 -999.0 -999.0 -999.0 -999 -999 "" "" "" "" 0 0 0.0 0.0 -999 ""
FIBERMAP 1229 R-10C17 APOGEE 1 1 0 1 0 0 198.41909363051235 -198.4552585714793 143.1 53.13352834931964 -275.53261933107115 36.426712 57.66465 100.21215935926814 -5.677493184704508 -0.19931538 2.9350889 0.42309785 100.21213820487874 -5.6775147236042 100.19389369616493 -5.690105072322978 48.20547835239756 153.75632037836542 16000.0 16600.0 2016.0 2 188 {-999.0 14.216981 13.127327 12.6541815 -999.0} sdss_psfmag_from_g3xp 13.829278 13.102563 12.273052 10.454 63050395110192349 1106782908 bright_flexible_2x1 mwm_tess_rgb_apogee mwm_tessrgb science 0 0 0.0 0.0 -999 ""
FIBERMAP 1229 R-10C17 BOSS 0 0 0 1 0 0 198.46361494954647 -199.1822022146647 143.1 52.7630930235975 -276.1596103751133 36.426712 57.66465 -999.0 -999.0 -999.0 -999.0 -999.0 100.210523339721 -5.680471925333798 100.19220289047553 -5.692887645098555 48.20352596454343 153.76022196807267 -999.0 5400.0 -999.0 1 329 {-999.0 -999.0 -999.0 -999.0 -999.0} "" -999.0 -999.0 -999.0 -999.0 -999 -999 "" "" "" "" 0 0 0.0 0.0 -999 ""
FIBERMAP 1229 R-10C17 METROLOGY 0 0 0 1 0 0 197.79657164038042 -198.8639612009523 143.1 52.3889668297724 -275.52230201300904 36.426712 57.66465 -999.0 -999.0 -999.0 -999.0 -999.0 100.2088063738368 -5.677602606623344 100.19051350120566 -5.690063188960881 48.20677395398483 153.76097829699646 -999.0 6231.0 -999.0 -1 -999 {-999.0 -999.0 -999.0 -999.0 -999.0} "" -999.0 -999.0 -999.0 -999.0 -999 -999 "" "" "" "" 0 0 0.0 0.0 -999 ""
FIBERMAP 1232 R-4C22 APOGEE 0 0 0 1 1 0 202.32080158196158 -78.70049825879032 143.1 123.4635994288681 -178.5393449963305 250.58247 30.536945 -999.0 -999.0 -999.0 -999.0 -999.0 100.53198344281924 -5.240857185059136 100.51480892956488 -5.254441929732299 48.48801589757478 153.0634970976733 -999.0 16600.0 -999.0 2 -999 {-999.0 -999.0 -999.0 -999.0 -999.0} "" -999.0 -999.0 -999.0 -999.0 -999 -999 "" "" "" "" 0 0 0.0 0.0 -999 ""
FIBERMAP 1232 R-4C22 BOSS 1 0 0 1 1 0 202.1638005173593 -77.97826210343916 143.1 123.73824281519563 -177.85323010909605 250.58247 30.536945 100.68837423696496 -5.250764597827305 -0.88381577 -0.34180057 0.10677805 100.53332860964791 -5.237957659432224 100.51609200605725 -5.2513801040168495 48.490356041462455 153.05994860246372 5400.0 5400.0 2016.0 1 322 {-999.0 16.10523 15.315215 15.048265 -999.0} sdss_psfmag_ps1 15.741258 15.349805 14.68846 13.604 63050395111147191 1093342161 bright_3x1 mwm_astar_core_boss mwm_ob science 0 0 0.0 0.0 -999 ""
FIBERMAP 1232 R-4C22 METROLOGY 0 0 0 1 1 0 202.87544239571966 -78.20146364253054 143.1 124.20255571331356 -178.43681658609506 250.58247 30.536945 -999.0 -999.0 -999.0 -999.0 -999.0 100.53540834148993 -5.240515671308098 100.51818398953458 -5.253989586063918 48.487148088655914 153.05855087980927 -999.0 6231.0 -999.0 -1 -999 {-999.0 -999.0 -999.0 -999.0 -999.0} "" -999.0 -999.0 -999.0 -999.0 -999 -999 "" "" "" "" 0 0 0.0 0.0 -999 ""
FIBERMAP 1240 R+7C16 APOGEE 0 0 0 1 0 0 117.82832863920257 146.04459675745701 143.1 179.41290834272374 54.932978563186865 104.26565 130.12086 -999.0 -999.0 -999.0 -999.0 -999.0 100.783789294672 -4.180590398905261 100.7693542593716 -4.195255223717485 49.36535926916498 152.08118707872953 -999.0 16600.0 -999.0 2 66 {-999.0 -999.0 -999.0 -999.0 -999.0} "" -999.0 -999.0 -999.0 -999.0 -999 -999 "" "" "" "" 0 0 0.0 0.0 -999 ""
FIBERMAP 1240 R+7C16 BOSS 1 1 0 1 0 0 118.25928303276964 146.64491286394593 143.1 180.1061772009315 55.18868868451507 104.26565 130.12086 100.78706383206226 -4.179565914743445 -0.38866395 -0.072935276 0.24019338 100.78703946451161 -4.179569859072331 100.77253680996813 -4.194082358088359 49.365183721923884 152.07599810798266 5400.0 5400.0 2016.0 1 201 {-999.0 17.250397 16.70631 16.475613 16.340595} sdss_psfmag_from_ps1dr2 17.1454 16.714 16.127 15.082 63050395111609514 1039253350 "" ops_std_boss_ps1dr2 ops_std standard_boss 0 0 0.0 0.0 -999 ""
FIBERMAP 1240 R+7C16 METROLOGY 0 0 0 1 0 0 118.57751699994199 145.97760265915443 143.1 179.9958399736642 54.45772381347965 104.26565 130.12086 -999.0 -999.0 -999.0 -999.0 -999.0 100.78652978858858 -4.182845986608909 100.77203826786575 -4.197401442390047 49.36233060232848 152.07871174799627 -999.0 6231.0 -999.0 -1 -999 {-999.0 -999.0 -999.0 -999.0 -999.0} "" -999.0 -999.0 -999.0 -999.0 -999 -999 "" "" "" "" 0 0 0.0 0.0 -999 ""
FIBERMAP 1241 R+7C13 APOGEE 1 1 0 1 0 0 63.99749945957281 127.59139946091545 143.1 124.49153706723718 69.81174295698095 302.57898 129.6194 100.53432681276524 -4.113391164821079 0.4031269 -1.192654 0.7000386 100.53430756743387 -4.113406586820804 100.52012410091174 -4.127468404777077 49.525323720234134 152.39184002889652 16000.0 16600.0 2016.0 2 48 {-999.0 12.072588 11.224633 10.872383 -999.0} sdss_psfmag_from_g3xp 11.8075695 11.236228 10.514339 9.146 63050395111662835 1105408332 bright_1x1 mwm_tess_rgb_apogee mwm_tessrgb science 0 0 0.0 0.0 -999 ""
FIBERMAP 1241 R+7C13 BOSS 0 0 0 1 0 0 63.77220080349113 126.88030141077348 143.1 123.9065184915382 69.34905546761651 302.57898 129.6194 -999.0 -999.0 -999.0 -999.0 -999.0 100.53177693237373 -4.115645707367144 100.51752005482655 -4.12953982411406 49.524431580120144 152.39676998263144 -999.0 5400.0 -999.0 1 150 {-999.0 -999.0 -999.0 -999.0 -999.0} "" -999.0 -999.0 -999.0 -999.0 -999 -999 "" "" "" "" 0 0 0.0 0.0 -999 ""
FIBERMAP 1241 R+7C13 METROLOGY 0 0 0 1 0 0 63.26612227861421 127.43106490386246 143.1 123.79598393657217 70.08874731303337 302.57898 129.6194 -999.0 -999.0 -999.0 -999.0 -999.0 100.53122845201831 -4.112244818717721 100.51700008021209 -4.126184416139249 49.52772297442432 152.39548614414502 -999.0 6231.0 -999.0 -1 -999 {-999.0 -999.0 -999.0 -999.0 -999.0} "" -999.0 -999.0 -999.0 -999.0 -999 -999 "" "" "" "" 0 0 0.0 0.0 -999 ""
FIBERMAP 1251 R+6C7 APOGEE 0 0 0 1 0 0 -78.56065704699479 123.172364348295 143.1 3.9506515641290703 146.0274461142419 33.193176 116.39614 -999.0 -999.0 -999.0 -999.0 -999.0 99.98373514021704 -3.7684025993604138 99.97062800593585 -3.781211804763517 50.05669502048803 152.9673788242158 -999.0 16600.0 -999.0 2 100 {-999.0 -999.0 -999.0 -999.0 -999.0} "" -999.0 -999.0 -999.0 -999.0 -999 -999 "" "" "" "" 0 0 0.0 0.0 -999 ""
FIBERMAP 1251 R+6C7 BOSS 1 1 0 1 0 0 -77.9286832627091 122.7810527214773 143.1 4.254792067318577 145.3492710712806 33.193176 116.39614 99.98519498800682 -3.7715848079721304 -0.39089373 1.21337 0.10019624 99.9851974034967 -3.771571647798318 99.97201581436445 -3.7842253126248524 50.053380922995444 152.96718418659944 5400.0 5400.0 2016.0 1 66 {-999.0 16.115211 16.125116 15.675967 -999.0} sdss_psfmag_ps1 16.045876 15.740314 15.249535 14.439 63050395111276824 1093341681 bright_3x1 mwm_astar_core_boss mwm_ob science 0 0 0.0 0.0 -999 ""
FIBERMAP 1251 R+6C7 METROLOGY 0 0 0 1 0 0 -78.61721089952081 122.41834054090435 143.1 3.4813339902282117 145.43466014513572 33.193176 116.39614 -999.0 -999.0 -999.0 -999.0 -999.0 99.98165201610192 -3.771159594776774 99.96849118193404 -3.7838492021245598 50.055075294106686 152.97201978132426 -999.0 6231.0 -999.0 -1 -999 {-999.0 -999.0 -999.0 -999.0 -999.0} "" -999.0 -999.0 -999.0 -999.0 -999 -999 "" "" "" "" 0 0 0.0 0.0 -999 ""
FIBERMAP 1252 R+13C7 APOGEE 1 1 0 1 0 0 -15.24239300662856 266.32443748048183 143.1 136.59831700351202 229.1069221644002 117.67344 103.76477 100.58376141802297 -3.3942246513112533 0.8772208 4.479391 0.59343356 100.58376359902698 -3.3942185428504614 100.57146673860353 -3.408700745553144 50.165819085382026 151.8798027054095 16000.0 16600.0 2016.0 2 46 {-999.0 14.612693 13.637545 13.21495 -999.0} sdss_psfmag_from_g3xp 14.288178 13.627838 12.842746 11.186 63050395111696322 1109072311 bright_flexible_3x1 mwm_tess_rgb_apogee mwm_tessrgb science 0 0 0.0 0.0 -999 ""
FIBERMAP 1252 R+13C7 BOSS 0 0 0 1 0 0 -14.710507356345744 266.8385686240728 143.1 137.32688634509736 229.23470307446226 117.67344 103.76477 -999.0 -999.0 -999.0 -999.0 -999.0 100.58711689502313 -3.3938101996054675 100.57475236044974 -3.4081447423633895 50.16502709375113 151.8747588626927 -999.0 5400.0 -999.0 1 167 {-999.0 -999.0 -999.0 -999.0 -999.0} "" -999.0 -999.0 -999.0 -999.0 -999 -999 "" "" "" "" 0 0 0.0 0.0 -999 ""
FIBERMAP 1252 R+13C7 METROLOGY 0 0 0 1 0 0 -14.528036043322665 266.11453659597396 143.1 137.07233087278362 228.5328298592818 117.67344 103.76477 -999.0 -999.0 -999.0 -999.0 -999.0 100.58598033120896 -3.3969021516129843 100.5736271738885 -3.411276842866347 50.162598480108336 151.87830950523593 -999.0 6231.0 -999.0 -1 -999 {-999.0 -999.0 -999.0 -999.0 -999.0} "" -999.0 -999.0 -999.0 -999.0 -999 -999 "" "" "" "" 0 0 0.0 0.0 -999 ""
FIBERMAP 1254 R+2C6 APOGEE 0 0 0 1 0 0 -174.43510696222444 41.0047613504791 143.1 -121.48997656106577 131.69581809833653 205.8424 78.98081 -999.0 -999.0 -999.0 -999.0 -999.0 99.41276635505382 -3.835474349327243 99.39965133844032 -3.8468063803730117 50.21094545440191 153.82907684633417 -999.0 16600.0 -999.0 2 -999 {-999.0 -999.0 -999.0 -999.0 -999.0} "" -999.0 -999.0 -999.0 -999.0 -999 -999 "" "" "" "" 0 0 0.0 0.0 -999 ""
FIBERMAP 1254 R+2C6 BOSS 1 1 0 1 0 0 -174.6335116888468 41.695391347095395 143.1 -121.26733213934578 132.3789556750678 205.8424 78.98081 99.41383561273396 -3.832455209222202 0.044090565 1.6838101 0.15303034 99.41380734507746 -3.8324936251840693 99.4006365654223 -3.8436716856630015 50.21349010700803 153.82582996852784 5400.0 5400.0 2016.0 1 48 {-999.0 15.414178 15.036932 14.568272 -999.0} sdss_psfmag_ps1 15.085503 14.691369 14.105585 13.211 63050395111471930 1093342007 bright_3x1 mwm_astar_core_boss mwm_ob science 0 0 0.0 0.0 -999 ""
FIBERMAP 1254 R+2C6 METROLOGY 0 0 0 1 0 0 -173.91092671952137 41.53570113394946 143.1 -120.75837084280509 131.84183706366343 205.8424 78.98081 -999.0 -999.0 -999.0 -999.0 -999.0 99.41610377417459 -3.8348767021142676 99.40294394426593 -3.8461043419860816 50.21037593688314 153.8239035522173 -999.0 6231.0 -999.0 -1 -999 {-999.0 -999.0 -999.0 -999.0 -999.0} "" -999.0 -999.0 -999.0 -999.0 -999 -999 "" "" "" "" 0 0 0.0 0.0 -999 ""
FIBERMAP 1256 R-7C15 APOGEE 0 0 0 1 0 0 90.43670679409111 -154.32009494906717 143.1 -11.567162610418507 -178.4777737128073 300.94562 41.816635 -999.0 -999.0 -999.0 -999.0 -999.0 99.91687847877847 -5.243623878833804 99.89987606590978 -5.2556502524941004 48.71768141888387 153.9219210802123 -999.0 16600.0 -999.0 2 -999 {-999.0 -999.0 -999.0 -999.0 -999.0} "" -999.0 -999.0 -999.0 -999.0 -999 -999 "" "" "" "" 0 0 0.0 0.0 -999 ""
FIBERMAP 1256 R-7C15 BOSS 1 1 0 1 0 0 89.65098526622225 -154.02520245527666 143.1 -12.052658833078056 -177.79330676746957 300.94562 41.816635 99.91653442382812 -5.243576314705294 -999.0 -999.0 -999.0 99.91471811476575 -5.240759977882174 99.89765715576061 -5.252615674873679 48.72131938178715 153.92332357497355 5400.0 5400.0 2015.5 1 317 {-999.0 -999.0 -999.0 -999.0 -999.0} "" -999.0 -999.0 -999.0 -999.0 27021603131446272 810570845 "" ops_sky_boss_good ops_sky sky_boss 0 0 0.0 0.0 -999 ""
FIBERMAP 1256 R-7C15 METROLOGY 0 0 0 1 0 0 90.25982225110774 -153.59526818427068 143.1 -11.307534952669755 -177.77837258000955 300.94562 41.816635 -999.0 -999.0 -999.0 -999.0 -999.0 99.91809885167457 -5.240627846972078 99.90105617756177 -5.252539326335439 48.7201337889889 153.91851670814302 -999.0 6231.0 -999.0 -1 -999 {-999.0 -999.0 -999.0 -999.0 -999.0} "" -999.0 -999.0 -999.0 -999.0 -999 -999 "" "" "" "" 0 0 0.0 0.0 -999 ""
FIBERMAP 1260 R+1C4 APOGEE 0 0 0 1 0 0 -216.20080291582104 28.7846268883483 143.1 -162.926762280508 144.97662021704633 80.91385 140.93973 -999.0 -999.0 -999.0 -999.0 -999.0 99.22518587537598 -3.7765081151338533 99.21228280897799 -3.7873873101793127 50.33534136444961 154.0664047207319 -999.0 16600.0 -999.0 2 -999 {-999.0 -999.0 -999.0 -999.0 -999.0} "" -999.0 -999.0 -999.0 -999.0 -999 -999 "" "" "" "" 0 0 0.0 0.0 -999 ""
FIBERMAP 1260 R+1C4 BOSS 1 1 0 1 0 0 -215.66467176018665 29.300081819519633 143.1 -162.1939351444531 145.10311871019013 80.91385 140.93973 99.228515625 -3.7760572537641934 -999.0 -999.0 -999.0 99.22853130072541 -3.7760440058881914 99.21556592783588 -3.7867745279652785 50.33470355227906 154.06127988593522 5400.0 5400.0 2015.5 1 62 {-999.0 -999.0 -999.0 -999.0 -999.0} "" -999.0 -999.0 -999.0 -999.0 27021603131463848 819436445 "" ops_sky_boss_good ops_sky sky_boss 0 0 0.0 0.0 -999 ""
FIBERMAP 1260 R+1C4 METROLOGY 0 0 0 1 0 0 -215.4847899948087 28.57489497028346 143.1 -162.45128229553876 144.40174001289898 80.91385 140.93973 -999.0 -999.0 -999.0 -999.0 -999.0 99.22734629730837 -3.779180355696693 99.21439069455027 -3.789951166456329 50.3321828112356 154.06482197630257 -999.0 6231.0 -999.0 -1 -999 {-999.0 -999.0 -999.0 -999.0 -999.0} "" -999.0 -999.0 -999.0 -999.0 -999 -999 "" "" "" "" 0 0 0.0 0.0 -999 ""
FIBERMAP 1265 R+5C6 APOGEE 0 0 0 1 0 0 -127.33431320526796 105.56422231956564 143.1 -46.30894640085785 158.772535137019 82.610535 140.87167 -999.0 -999.0 -999.0 -999.0 -999.0 99.75466738593579 -3.7114141844262285 99.74177916264097 -3.723665501885876 50.19691904134594 153.2624999800977 -999.0 16600.0 -999.0 2 -999 {-999.0 -999.0 -999.0 -999.0 -999.0} "" -999.0 -999.0 -999.0 -999.0 -999 -999 "" "" "" "" 0 0 0.0 0.0 -999 ""
FIBERMAP 1265 R+5C6 BOSS 1 1 0 1 0 0 -126.84713842629401 106.10639904817134 143.1 -45.60169207538125 158.9485946031523 82.610535 140.87167 99.75793530236393 -3.710670644419813 7.267693 -10.108657 1.3681082 99.7579356236073 -3.7107085342285626 99.74498365047657 -3.722811016511345 50.196497311245956 153.25737161078905 5400.0 5400.0 2016.0 1 50 {-999.0 20.974352 19.563732 18.239862 -999.0} sdss_psfmag_ps1 20.46026 18.893105 17.73472 15.344 63050395111281094 1095380716 bright_1x1 mwm_bin_vis_boss mwm_filler science 0 0 0.0 0.0 -999 ""
FIBERMAP 1265 R+5C6 METROLOGY 0 0 0 1 0 0 -126.60425367429075 105.41035529339976 143.1 -45.79053202703847 158.2360512115894 82.610535 140.87167 -999.0 -999.0 -999.0 -999.0 -999.0 99.7570634564171 -3.713900342223342 99.74412161643028 -3.726043903422706 50.19383198540194 153.26052976869278 -999.0 6231.0 -999.0 -1 -999 {-999.0 -999.0 -999.0 -999.0 -999.0} "" -999.0 -999.0 -999.0 -999.0 -999 -999 "" "" "" "" 0 0 0.0 0.0 -999 ""
FIBERMAP 1266 R-1C23 APOGEE 0 0 0 1 0 0 220.0232723677337 -9.692490713609219 143.1 176.78982909082376 -131.30648395598203 47.832253 123.09828 -999.0 -999.0 -999.0 -999.0 -999.0 100.7739220418637 -5.025664521020862 100.7572490261336 -5.039951469622752 48.59284764954329 152.60210348782547 -999.0 16600.0 -999.0 2 -999 {-999.0 -999.0 -999.0 -999.0 -999.0} "" -999.0 -999.0 -999.0 -999.0 -999 -999 "" "" "" "" 0 0 0.0 0.0 -999 ""
FIBERMAP 1266 R-1C23 BOSS 1 1 0 1 0 0 220.76823934316985 -9.792722852952442 143.1 177.3506413116162 -131.80690079173206 47.832253 123.09828 100.77657472389365 -5.028128621929348 -1.2609673 0.06058567 -0.0029519643 100.77655922045716 -5.02809399705137 100.75980876672821 -5.042220682981521 48.58976613184101 152.59988391875302 5400.0 5400.0 2016.0 1 312 {-999.0 15.455383 15.06244 14.907944 -999.0} sdss_psfmag_ps1 15.377759 15.144007 14.545768 13.688 63050395111151974 1093342173 bright_3x1 mwm_astar_core_boss mwm_ob science 0 0 0.0 0.0 -999 ""
FIBERMAP 1266 R-1C23 METROLOGY 0 0 0 1 0 0 220.2987598928169 -10.385865506946379 143.1 176.62948577308947 -132.0350843167319 47.832253 123.09828 -999.0 -999.0 -999.0 -999.0 -999.0 100.77327008800046 -5.029101398030083 100.75653782528161 -5.04326636393737 48.59006822912437 152.60503719648997 -999.0 6231.0 -999.0 -1 -999 {-999.0 -999.0 -999.0 -999.0 -999.0} "" -999.0 -999.0 -999.0 -999.0 -999 -999 "" "" "" "" 0 0 0.0 0.0 -999 ""
FIBERMAP 1270 R+5C12 APOGEE 1 1 0 1 0 0 15.560688116720122 82.32420294331217 143.1 59.013510895328395 59.461211940838936 303.8555 99.99872 100.23622578612009 -4.161106446739182 -1.5441779 11.02256 1.0944005 100.23621707825862 -4.161067006030514 100.22199553323782 -4.174354528456127 49.59740764531494 152.84242238051328 16000.0 16600.0 2016.0 2 8 {-999.0 13.885172 13.021667 12.693738 -999.0} sdss_psfmag_gaia 13.623637 13.059748 12.342601 10.892 63050395111255380 1104471746 bright_flexible_2x1 mwm_tess_rgb_apogee mwm_tessrgb science 0 0 0.0 0.0 -999 ""
FIBERMAP 1270 R+5C12 BOSS 0 0 0 1 0 0 15.015107729253074 81.82062880796262 143.1 58.279514845863915 59.34984739035778 303.8555 99.99872 -999.0 -999.0 -999.0 -999.0 -999.0 100.23296717908123 -4.161711050221373 100.21867785286781 -4.174829689404 49.598242327044034 152.84741650617076 -999.0 5400.0 -999.0 1 116 {-999.0 -999.0 -999.0 -999.0 -999.0} "" -999.0 -999.0 -999.0 -999.0 -999 -999 "" "" "" "" 0 0 0.0 0.0 -999 ""
FIBERMAP 1270 R+5C12 METROLOGY 0 0 0 1 0 0 14.850346553778273 82.5395723489658 143.1 58.545886549245395 60.03758337399702 303.8555 99.99872 -999.0 -999.0 -999.0 -999.0 -999.0 100.23414657621512 -4.158538297655054 100.21988430191334 -4.171706699430982 49.600661861793874 152.84384884296665 -999.0 6231.0 -999.0 -1 -999 {-999.0 -999.0 -999.0 -999.0 -999.0} "" -999.0 -999.0 -999.0 -999.0 -999 -999 "" "" "" "" 0 0 0.0 0.0 -999 ""
FIBERMAP 1271 R-4C14 APOGEE 0 0 0 1 0 0 51.9175253234793 -63.599004117060105 143.1 7.3628573387640275 -81.76135257944611 83.806114 94.88006 -999.0 -999.0 -999.0 -999.0 -999.0 100.00212715451373 -4.804886966642583 99.98626660816063 -4.817313689454559 49.0921466084034 153.55138020149073 -999.0 16600.0 -999.0 2 -999 {-999.0 -999.0 -999.0 -999.0 -999.0} "" -999.0 -999.0 -999.0 -999.0 -999 -999 "" "" "" "" 0 0 0.0 0.0 -999 ""
FIBERMAP 1271 R-4C14 BOSS 1 1 0 1 0 0 52.65714486335159 -63.61038178100762 143.1 7.969026140909306 -82.1851850678066 83.806114 94.88006 100.00499757300261 -4.807036888457629 -0.71725255 -0.37967178 0.19846766 100.00497369864037 -4.807013632947963 99.98903993287837 -4.819282747045744 49.08928320911143 153.54859982221777 5400.0 5400.0 2016.0 1 324 {-999.0 14.165236 14.019466 13.990764 -999.0} sdss_psfmag_from_g3xp 14.183428 13.990026 13.705663 12.901 63050395111178979 1068444880 bright_3x1 mwm_ob_core_boss mwm_ob science 0 0 0.0 0.0 -999 ""
FIBERMAP 1271 R-4C14 METROLOGY 0 0 0 1 0 0 52.279440047382614 -64.25144546548447 143.1 7.29702700859523 -82.50447762468194 83.806114 94.88006 -999.0 -999.0 -999.0 -999.0 -999.0 100.00188639115292 -4.808420038462962 99.9859687148255 -4.8207271926178255 49.08909492792931 153.55375931962155 -999.0 6231.0 -999.0 -1 -999 {-999.0 -999.0 -999.0 -999.0 -999.0} "" -999.0 -999.0 -999.0 -999.0 -999 -999 "" "" "" "" 0 0 0.0 0.0 -999 ""
FIBERMAP 1272 R+1C9 APOGEE 1 1 0 1 0 0 -105.00026378178293 27.69350579332339 143.1 -71.44321278520299 81.76718188803412 77.02812 148.75815 99.64050292968749 -4.061151347785568 -999.0 -999.0 -999.0 99.64049241875132 -4.061132657836088 99.62671197716014 -4.072950557485088 49.91662308019025 153.63310249414644 16000.0 16600.0 2015.5 2 147 {-999.0 -999.0 -999.0 -999.0 -999.0} "" -999.0 -999.0 -999.0 -999.0 27021603131450634 848082225 "" ops_sky_apogee_best ops_sky sky_apogee 0 0 0.0 0.0 -999 ""
FIBERMAP 1272 R+1C9 BOSS 0 0 0 1 0 0 -104.47641685608423 28.231018523010185 143.1 -70.70820028689316 81.91883124369551 77.02812 148.75815 -999.0 -999.0 -999.0 -999.0 -999.0 99.64387389402776 -4.060553076511632 99.63002948230252 -4.072220480516874 49.91606101126607 153.62791264991532 -999.0 5400.0 -999.0 1 45 {-999.0 -999.0 -999.0 -999.0 -999.0} "" -999.0 -999.0 -999.0 -999.0 -999 -999 "" "" "" "" 0 0 0.0 0.0 -999 ""
FIBERMAP 1272 R+1C9 METROLOGY 0 0 0 1 0 0 -104.26830428654554 27.50615353547578 143.1 -70.94198669701564 81.20190135739358 77.02812 148.75815 -999.0 -999.0 -999.0 -999.0 -999.0 99.64279960037048 -4.063778480280432 99.6289652401847 -4.075486965653235 49.91342965221366 153.63134073406096 -999.0 6231.0 -999.0 -1 -999 {-999.0 -999.0 -999.0 -999.0 -999.0} "" -999.0 -999.0 -999.0 -999.0 -999 -999 "" "" "" "" 0 0 0.0 0.0 -999 ""
FIBERMAP 1276 R-2C3 APOGEE 1 1 0 1 0 0 -223.89773119688476 -59.811674318128006 143.1 -218.94186852757522 75.91486101254979 329.76917 44.002785 98.97171020507811 -4.0903673775727185 -999.0 -999.0 -999.0 98.97166725653936 -4.090349269007834 98.95800763695036 -4.1004546388529235 50.13645728980764 154.61428356037243 16000.0 16600.0 2015.5 2 257 {-999.0 -999.0 -999.0 -999.0 -999.0} "" -999.0 -999.0 -999.0 -999.0 27021603131462153 832682303 "" ops_sky_apogee_best ops_sky sky_apogee 0 0 0.0 0.0 -999 ""
FIBERMAP 1276 R-2C3 BOSS 0 0 0 1 0 0 -224.61222715527225 -60.01603117278651 143.1 -219.6481065814666 76.14594808057633 329.76917 44.002785 -999.0 -999.0 -999.0 -999.0 -999.0 98.9685233782882 -4.0894662083698785 98.9548052720433 -4.09940498318928 50.13859035149748 154.6183384204319 -999.0 5400.0 -999.0 1 475 {-999.0 -999.0 -999.0 -999.0 -999.0} "" -999.0 -999.0 -999.0 -999.0 -999 -999 "" "" "" "" 0 0 0.0 0.0 -999 ""
FIBERMAP 1276 R-2C3 METROLOGY 0 0 0 1 0 0 -224.42519525550173 -59.2828122989889 143.1 -219.08238573620417 76.64839666743676 329.76917 44.002785 -999.0 -999.0 -999.0 -999.0 -999.0 98.97106182892435 -4.0871364733471465 98.957366645825 -4.097127722430929 50.13979038830465 154.6133376069525 -999.0 6231.0 -999.0 -1 -999 {-999.0 -999.0 -999.0 -999.0 -999.0} "" -999.0 -999.0 -999.0 -999.0 -999 -999 "" "" "" "" 0 0 0.0 0.0 -999 ""
FIBERMAP 1281 R+5C7 APOGEE 1 1 0 1 0 0 -92.42700146427134 103.18439112618084 143.1 -18.73256627966418 137.24298301376734 15.116869 136.91753 99.88043658550923 -3.80848926576777 1.0407884 -2.4951868 0.54712576 99.88044166076081 -3.8084837852032867 99.86725914902985 -3.8210145388905494 50.05929809294014 153.13953206537727 16000.0 16600.0 2016.0 2 108 {-999.0 14.120712 13.021947 12.569029 -999.0} sdss_psfmag_gaia 13.741997 13.02767 12.2046995 10.487 63050395111279568 1104243864 bright_flexible_2x1 mwm_tess_rgb_apogee mwm_tessrgb science 0 0 0.0 0.0 -999 ""
FIBERMAP 1281 R+5C7 BOSS 0 0 0 1 0 0 -91.78197254019007 102.82583259089871 143.1 -18.399262078280653 136.58461886525225 15.116869 136.91753 -999.0 -999.0 -999.0 -999.0 -999.0 99.8820250679918 -3.8115654474292793 99.8687686808072 -3.8239408613909776 50.05601870326139 153.1390983777535 -999.0 5400.0 -999.0 1 54 {-999.0 -999.0 -999.0 -999.0 -999.0} "" -999.0 -999.0 -999.0 -999.0 -999 -999 "" "" "" "" 0 0 0.0 0.0 -999 ""
FIBERMAP 1281 R+5C7 METROLOGY 0 0 0 1 0 0 -92.41854748373096 102.43904899201232 143.1 -19.143180822217605 136.62096313767955 15.116869 136.91753 -999.0 -999.0 -999.0 -999.0 -999.0 99.87861626354915 -3.811376446707581 99.8653798902439 -3.8237880943496805 50.05744736835655 153.14387760336763 -999.0 6231.0 -999.0 -1 -999 {-999.0 -999.0 -999.0 -999.0 -999.0} "" -999.0 -999.0 -999.0 -999.0 -999 -999 "" "" "" "" 0 0 0.0 0.0 -999 ""
FIBERMAP 1285 R+9C4 APOGEE 0 0 0 1 0 0 -110.98972450413014 182.20266562999464 143.1 10.16804379848895 213.08565117708704 43.15031 104.99959 -999.0 -999.0 -999.0 -999.0 -999.0 100.01114024913603 -3.4657051596279778 99.99882545126309 -3.4787075955768887 50.32513949627051 152.74517480649763 -999.0 16600.0 -999.0 2 -999 {-999.0 -999.0 -999.0 -999.0 -999.0} "" -999.0 -999.0 -999.0 -999.0 -999 -999 "" "" "" "" 0 0 0.0 0.0 -999 ""
FIBERMAP 1285 R+9C4 BOSS 1 1 0 1 0 0 -110.34647782626111 181.82063420081388 143.1 10.48672007720758 212.4088456638115 43.15031 104.99959 100.01266479492188 -3.4688678152025574 -999.0 -999.0 -999.0 100.01266613939471 -3.4688549605645482 100.00027709739373 -3.4817037234989736 50.321816310171286 152.74489145142275 5400.0 5400.0 2015.5 1 15 {-999.0 -999.0 -999.0 -999.0 -999.0} "" -999.0 -999.0 -999.0 -999.0 27021603131476393 810574194 "" ops_sky_boss_good ops_sky sky_boss 0 0 0.0 0.0 -999 ""
FIBERMAP 1285 R+9C4 METROLOGY 0 0 0 1 0 0 -110.9945170236656 181.4565831866492 143.1 9.746043872987341 212.47044021481187 43.15031 104.99959 -999.0 -999.0 -999.0 -999.0 -999.0 100.00927985745261 -3.4685501981959743 99.9969111930327 -3.4814347823881873 50.323360488625895 152.749583792383 -999.0 6231.0 -999.0 -1 -999 {-999.0 -999.0 -999.0 -999.0 -999.0} "" -999.0 -999.0 -999.0 -999.0 -999 -999 "" "" "" "" 0 0 0.0 0.0 -999 ""
FIBERMAP 1287 R+12C7 APOGEE 0 0 0 1 0 0 -34.486424329223155 235.07718885473037 143.1 103.1527811397223 214.01079090508276 159.61693 125.48281 -999.0 -999.0 -999.0 -999.0 -999.0 100.43316943099259 -3.4614334657712535 100.42074001802996 -3.475507085651654 50.16394233958411 152.13677173551497 -999.0 16600.0 -999.0 2 -999 {-999.0 -999.0 -999.0 -999.0 -999.0} "" -999.0 -999.0 -999.0 -999.0 -999 -999 "" "" "" "" 0 0 0.0 0.0 -999 ""
FIBERMAP 1287 R+12C7 BOSS 1 1 0 1 0 0 -34.697708595000535 235.79200485953942 143.1 103.37831033423521 214.72117545357844 159.61693 125.48281 100.43426513671875 -3.4583574460439905 -999.0 -999.0 -999.0 100.43424592797768 -3.458377145822272 100.42175708307167 -3.4722981912137816 50.1664922966192 152.13334252952444 5400.0 5400.0 2015.5 1 155 {-999.0 -999.0 -999.0 -999.0 -999.0} "" -999.0 -999.0 -999.0 -999.0 27021603131476650 819437485 "" ops_sky_boss_good ops_sky sky_boss 0 0 0.0 0.0 -999 ""
FIBERMAP 1287 R+12C7 METROLOGY 0 0 0 1 0 0 -33.97281093927762 235.61835728154446 143.1 103.88136664193419 214.1712017251465 159.61693 125.48281 -999.0 -999.0 -999.0 -999.0 -999.0 100.43652201037972 -3.46081014957764 100.42404509076056 -3.4747803173592597 50.163311403178014 152.13159116952139 -999.0 6231.0 -999.0 -1 -999 {-999.0 -999.0 -999.0 -999.0 -999.0} "" -999.0 -999.0 -999.0 -999.0 -999 -999 "" "" "" "" 0 0 0.0 0.0 -999 ""
FIBERMAP 1289 R-2C15 APOGEE 1 1 0 1 0 0 32.07871881411806 -21.110587574152973 143.1 14.738911008318734 -35.45726824487979 197.41447 24.909142 100.03531996898414 -4.593968751529037 -3.1581726 -1.4441222 3.6917467 100.03528716357823 -4.593988686641993 100.0199769269193 -4.60658747817299 49.27466914986605 153.38226053470729 16000.0 16600.0 2016.0 2 219 {-999.0 8.929069 9.117968 9.272187 -999.0} sdss_psfmag_from_g3xp 9.050697 9.021807 8.9526415 8.943 63050395111242409 974925580 "" ops_std_apogee ops_std standard_apogee 0 0 0.0 0.0 -999 ""
FIBERMAP 1289 R-2C15 BOSS 0 0 0 1 0 0 32.62158883143693 -20.614174934215814 143.1 15.466649769057375 -35.350316132583174 197.41447 24.909142 -999.0 -999.0 -999.0 -999.0 -999.0 100.03868798729238 -4.593675003695405 100.02331092398208 -4.606119826485482 49.27384592832785 153.37727395843987 -999.0 5400.0 -999.0 1 273 {-999.0 -999.0 -999.0 -999.0 -999.0} "" -999.0 -999.0 -999.0 -999.0 -999 -999 "" "" "" "" 0 0 0.0 0.0 -999 ""
FIBERMAP 1289 R-2C15 METROLOGY 0 0 0 1 0 0 32.800107784822266 -21.340243858270288 143.1 15.207679726501187 -36.051661768216434 197.41447 24.909142 -999.0 -999.0 -999.0 -999.0 -999.0 100.03749203867294 -4.596823713716032 100.02212586120112 -4.609310294294143 49.271338704109226 153.3807984810873 -999.0 6231.0 -999.0 -1 -999 {-999.0 -999.0 -999.0 -999.0 -999.0} "" -999.0 -999.0 -999.0 -999.0 -999 -999 "" "" "" "" 0 0 0.0 0.0 -999 ""
FIBERMAP 1296 R-5C7 APOGEE 1 1 0 1 0 0 -119.82136631692678 -87.89738478427559 143.1 -148.48357005490996 -5.659478336749015 215.35944 40.47192 99.29031372070312 -4.459752419651565 -999.0 -999.0 -999.0 99.29030280209939 -4.45974864764509 99.27556854074601 -4.470512144899592 49.6766607554947 154.36482415980853 16000.0 16600.0 2015.5 2 262 {-999.0 -999.0 -999.0 -999.0 -999.0} "" -999.0 -999.0 -999.0 -999.0 27021603131449436 841546757 "" ops_sky_apogee_best ops_sky sky_apogee 0 0 0.0 0.0 -999 ""
FIBERMAP 1296 R-5C7 BOSS 0 0 0 1 0 0 -119.63718631075653 -87.1743727671075 143.1 -147.92593002560616 -5.163885022675096 215.35944 40.47192 -999.0 -999.0 -999.0 -999.0 -999.0 99.29283762038644 -4.457654411455776 99.278044738169 -4.468263898696795 49.67785302664643 154.36000432121816 -999.0 5400.0 -999.0 1 464 {-999.0 -999.0 -999.0 -999.0 -999.0} "" -999.0 -999.0 -999.0 -999.0 -999 -999 "" "" "" "" 0 0 0.0 0.0 -999 ""
FIBERMAP 1296 R-5C7 METROLOGY 0 0 0 1 0 0 -119.10730485647917 -87.68983635839092 143.1 -147.7759036059206 -5.887678735434813 215.35944 40.47192 -999.0 -999.0 -999.0 -999.0 -999.0 99.2935180731402 -4.460899210873873 99.27873434621733 -4.471554786363286 49.67453822400033 154.3608712225041 -999.0 6231.0 -999.0 -1 -999 {-999.0 -999.0 -999.0 -999.0 -999.0} "" -999.0 -999.0 -999.0 -999.0 -999 -999 "" "" "" "" 0 0 0.0 0.0 -999 ""
FIBERMAP 1300 R+11C12 APOGEE 0 0 0 1 0 0 58.55839256307928 217.92080495149372 143.1 170.5986023282948 147.66897268783504 218.72842 52.616547 -999.0 -999.0 -999.0 -999.0 -999.0 100.7408601135224 -3.7606546489100894 100.72754850633174 -3.7753841942410498 49.76742780108829 151.88389981012836 -999.0 16600.0 -999.0 2 11 {-999.0 -999.0 -999.0 -999.0 -999.0} "" -999.0 -999.0 -999.0 -999.0 -999 -999 "" "" "" "" 0 0 0.0 0.0 -999 ""
FIBERMAP 1300 R+11C12 BOSS 1 1 0 1 0 0 58.49831593703483 218.66778852615005 143.1 170.96738333770944 148.3212762100743 218.72842 52.616547 100.74258669236957 -3.7578215737372838 5.2834535 -6.1449237 2.1098237 100.74259651349708 -3.757847479691637 100.7292230603266 -3.7724240612876807 49.769480831606764 151.8797053046315 5400.0 5400.0 2016.0 1 142 {-999.0 20.543446 19.215225 17.993969 -999.0} sdss_psfmag_ps1 20.012999 18.549887 17.345442 15.3 63050395111668102 1096349673 bright_1x1 mwm_bin_vis_boss mwm_filler science 0 0 0.0 0.0 -999 ""
FIBERMAP 1300 R+11C12 METROLOGY 0 0 0 1 0 0 59.17295851782265 218.34230566907752 143.1 171.34374554107475 147.6737123628969 218.72842 52.616547 -999.0 -999.0 -999.0 -999.0 -999.0 100.74429671947921 -3.7607335193859317 100.73093460937412 -3.7753581199619526 49.766109801684884 151.87908297578494 -999.0 6231.0 -999.0 -1 -999 {-999.0 -999.0 -999.0 -999.0 -999.0} "" -999.0 -999.0 -999.0 -999.0 -999 -999 "" "" "" "" 0 0 0.0 0.0 -999 ""
FIBERMAP 1301 R+2C23 APOGEE 1 1 0 1 0 0 242.98690539882816 42.6289690495022 143.1 225.1237967764806 -100.84104965012205 59.09153 59.565403 100.99204117179737 -4.88605922442017 -0.58413166 2.2856445 0.28424913 100.99202605896421 -4.88605026613189 100.97566005609121 -4.900946634713124 48.63573035550439 152.21697944175034 16000.0 16600.0 2016.0 2 82 {-999.0 14.663838 13.522446 13.020568 -999.0} sdss_psfmag_from_g3xp 14.251118 13.4883795 12.636072 10.769 63050395111160482 1110179193 bright_flexible_2x1 mwm_tess_rgb_apogee mwm_tessrgb science 0 0 0.0 0.0 -999 ""
FIBERMAP 1301 R+2C23 BOSS 0 0 0 1 0 0 243.35602368408928 41.985914227816934 143.1 225.06919162773005 -101.58043705387153 59.09153 59.565403 -999.0 -999.0 -999.0 -999.0 -999.0 100.9918711736913 -4.889568932845889 100.9754249020549 -4.904298154105461 48.63274121499547 152.2193003801955 -999.0 5400.0 -999.0 1 225 {-999.0 -999.0 -999.0 -999.0 -999.0} "" -999.0 -999.0 -999.0 -999.0 -999 -999 "" "" "" "" 0 0 0.0 0.0 -999 ""
FIBERMAP 1301 R+2C23 METROLOGY 0 0 0 1 0 0 242.59720318944093 41.99913745507365 143.1 224.44815490440524 -101.14431777664005 59.09153 59.565403 -999.0 -999.0 -999.0 -999.0 -999.0 100.98905590004645 -4.887573972877424 100.97263586978443 -4.902343775832475 48.63563109428849 152.22200301510753 -999.0 6231.0 -999.0 -1 -999 {-999.0 -999.0 -999.0 -999.0 -999.0} "" -999.0 -999.0 -999.0 -999.0 -999 -999 "" "" "" "" 0 0 0.0 0.0 -999 ""
FIBERMAP 1302 R-9C18 APOGEE 1 1 0 1 0 0 180.90170893076407 -191.6582509042555 143.1 42.434218768326666 -260.0884119000926 287.60956 62.058018 100.16367951955964 -5.6096077531310655 -57.754444 195.86687 20.687994 100.16353910189406 -5.609065137655646 100.1454912249605 -5.6215615962250425 48.28705081498322 153.78497751637946 16000.0 16600.0 2016.0 2 187 {-999.0 17.537416 16.00644 14.572692 -999.0} sdss_psfmag_ps1 16.856932 15.210823 13.976981 11.699 63050395111112228 1110774212 bright_flexible_4x1 manual_mwm_planet_gaia_astrometry_apogee mwm_planet science 0 0 0.0 0.0 -999 ""
FIBERMAP 1302 R-9C18 BOSS 0 0 0 1 0 0 180.1607687199705 -191.53302278574918 143.1 41.890746738858034 -259.569549905442 287.60956 62.058018 -999.0 -999.0 -999.0 -999.0 -999.0 100.16113858538017 -5.606944391145599 100.14302882716368 -5.619266875858849 48.29009434211977 153.78710714979562 -999.0 5400.0 -999.0 1 330 {-999.0 -999.0 -999.0 -999.0 -999.0} "" -999.0 -999.0 -999.0 -999.0 -999 -999 "" "" "" "" 0 0 0.0 0.0 -999 ""
FIBERMAP 1302 R-9C18 METROLOGY 0 0 0 1 0 0 180.63234726766737 -190.95319778886986 143.1 42.606178825693696 -259.35357202528303 287.60956 62.058018 -999.0 -999.0 -999.0 -999.0 -999.0 100.16436939322072 -5.605912987081165 100.14628077334334 -5.618291928171969 48.28979087197778 153.78204774240115 -999.0 6231.0 -999.0 -1 -999 {-999.0 -999.0 -999.0 -999.0 -999.0} "" -999.0 -999.0 -999.0 -999.0 -999 -999 "" "" "" "" 0 0 0.0 0.0 -999 ""
FIBERMAP 1303 R-7C11 APOGEE 1 1 0 1 0 0 23.39075424785701 -137.75888158961232 143.1 -57.81452186282842 -127.19606087317929 347.13922 122.41331 99.70504760742188 -5.011842998365481 -999.0 -999.0 -999.0 99.7050555898721 -5.011829110614356 99.68873202708278 -5.02341578871727 49.01124855100015 154.08827049479447 16000.0 16600.0 2015.5 2 151 {-999.0 -999.0 -999.0 -999.0 -999.0} "" -999.0 -999.0 -999.0 -999.0 27021603131446486 841546405 "" ops_sky_apogee_best ops_sky sky_apogee 0 0 0.0 0.0 -999 ""
FIBERMAP 1303 R-7C11 BOSS 0 0 0 1 0 0 23.647593790947376 -138.4610335349342 143.1 -57.99522705570737 -127.92148187723754 347.13922 122.41331 -999.0 -999.0 -999.0 -999.0 -999.0 99.70428591840212 -5.015335920395329 99.68788756478392 -5.026754270913691 49.00845575337431 154.09133988573367 -999.0 5400.0 -999.0 1 377 {-999.0 -999.0 -999.0 -999.0 -999.0} "" -999.0 -999.0 -999.0 -999.0 -999 -999 "" "" "" "" 0 0 0.0 0.0 -999 ""
FIBERMAP 1303 R-7C11 METROLOGY 0 0 0 1 0 0 22.921239747614347 -138.3357360338148 143.1 -58.5265801272307 -127.41073506657077 347.13922 122.41331 -999.0 -999.0 -999.0 -999.0 -999.0 99.70183833813155 -5.01296505124635 99.68546563332956 -5.024424929493073 49.011510696278 154.0934490145989 -999.0 6231.0 -999.0 -1 -999 {-999.0 -999.0 -999.0 -999.0 -999.0} "" -999.0 -999.0 -999.0 -999.0 -999 -999 "" "" "" "" 0 0 0.0 0.0 -999 ""
FIBERMAP 1304 R+7C15 APOGEE 0 0 0 1 0 0 114.78457498088528 133.13327394542677 143.1 169.65788086513237 45.945399866029774 0.87045944 107.65999 -999.0 -999.0 -999.0 -999.0 -999.0 100.73985511459377 -4.221476534080775 100.72532481112688 -4.236013384910642 49.345212332944946 152.16780809274033 -999.0 16600.0 -999.0 2 -999 {-999.0 -999.0 -999.0 -999.0 -999.0} "" -999.0 -999.0 -999.0 -999.0 -999 -999 "" "" "" "" 0 0 0.0 0.0 -999 ""
FIBERMAP 1304 R+7C15 BOSS 1 1 0 1 0 0 115.01371662537319 132.4508332925276 143.1 169.46528087552753 45.25182267292308 0.87045944 107.65999 100.7391357421875 -4.224774956253199 -999.0 -999.0 -999.0 100.73912284486948 -4.224774856297892 100.72451481766109 -4.239147308452179 49.342649423999795 152.17084136643967 5400.0 5400.0 2015.5 1 187 {-999.0 -999.0 -999.0 -999.0 -999.0} "" -999.0 -999.0 -999.0 -999.0 27021603131471197 810573705 "" ops_sky_boss_good ops_sky sky_boss 0 0 0.0 0.0 -999 ""
FIBERMAP 1304 R+7C15 METROLOGY 0 0 0 1 0 0 114.28320078109492 132.5807471204704 143.1 168.933067585172 45.768724529833676 0.87045944 107.65999 -999.0 -999.0 -999.0 -999.0 -999.0 100.73666969267666 -4.2223889586034975 100.72208832825783 -4.2368018877610485 49.345758006498684 152.17283873286013 -999.0 6231.0 -999.0 -1 -999 {-999.0 -999.0 -999.0 -999.0 -999.0} "" -999.0 -999.0 -999.0 -999.0 -999 -999 "" "" "" "" 0 0 0.0 0.0 -999 ""
FIBERMAP 1306 R-11C6 APOGEE 1 1 0 1 0 0 -40.4344948326171 -210.86804340607532 143.1 -151.63694513803634 -151.982803138072 30.187042 94.74335 99.27870816587574 -5.12352248144435 1.6675152 -9.307818 0.7213329 99.2787098374189 -5.123528775705992 99.26221401691413 -5.1339859097819 49.06313592012853 154.7532203483176 16000.0 16600.0 2016.0 2 177 {-999.0 14.226718 13.153505 12.735787 -999.0} sdss_psfmag_from_g3xp 13.849877 13.165713 12.359045 10.703 63050395111200154 1108972215 bright_flexible_2x1 mwm_tess_rgb_apogee mwm_tessrgb science 0 0 0.0 0.0 -999 ""
FIBERMAP 1306 R-11C6 BOSS 0 0 0 1 0 0 -39.99305109700764 -211.46473649248568 143.1 -151.6056747151104 -152.7243183583208 30.187042 94.74335 -999.0 -999.0 -999.0 -999.0 -999.0 99.27890707975016 -5.127072935752288 99.26233774093356 -5.137363871096806 49.05994018238025 154.75490122868487 -999.0 5400.0 -999.0 1 358 {-999.0 -999.0 -999.0 -999.0 -999.0} "" -999.0 -999.0 -999.0 -999.0 -999 -999 "" "" "" "" 0 0 0.0 0.0 -999 ""
FIBERMAP 1306 R-11C6 METROLOGY 0 0 0 1 0 0 -40.73634045677747 -211.54695373424275 143.1 -152.26732414598294 -152.3759438046408 30.187042 94.74335 -999.0 -999.0 -999.0 -999.0 -999.0 99.27588605929148 -5.125437017546605 99.25934011656437 -5.13576779008798 49.06250418479041 154.7582750085612 -999.0 6231.0 -999.0 -1 -999 {-999.0 -999.0 -999.0 -999.0 -999.0} "" -999.0 -999.0 -999.0 -999.0 -999 -999 "" "" "" "" 0 0 0.0 0.0 -999 ""
FIBERMAP 1308 R-4C5 APOGEE 1 1 0 1 0 0 -145.80216426753356 -74.0355604731156 143.1 -162.23374880961097 20.377782352005642 9.176275 127.35865 99.227731400169 -4.341501582951462 -1.5455669 -0.7330091 0.7172607 99.22772701444765 -4.341480380636371 99.21332521943049 -4.352133728395038 49.80951921924686 154.38742930291804 16000.0 16600.0 2016.0 2 252 {-999.0 12.97049 11.930004 11.49284 -999.0} sdss_psfmag_from_g3xp 12.609736 11.923865 11.11955 9.449 63050395111237709 1109666287 bright_1x1 mwm_tess_rgb_apogee mwm_tessrgb science 0 0 0.0 0.0 -999 ""
FIBERMAP 1308 R-4C5 BOSS 0 0 0 1 0 0 -145.2873985066125 -74.56628322983116 143.1 -162.10479074680023 19.64982052764058 9.176275 127.35865 -999.0 -999.0 -999.0 -999.0 -999.0 99.2283218097971 -4.344941625991772 99.2138475904988 -4.355434434118338 49.80625576996529 154.38854223133288 -999.0 5400.0 -999.0 1 459 {-999.0 -999.0 -999.0 -999.0 -999.0} "" -999.0 -999.0 -999.0 -999.0 -999 -999 "" "" "" "" 0 0 0.0 0.0 -999 ""
FIBERMAP 1308 R-4C5 METROLOGY 0 0 0 1 0 0 -146.00444155527745 -74.7626535796872 143.1 -162.80866342173806 19.888949057291676 9.176275 127.35865 -999.0 -999.0 -999.0 -999.0 -999.0 99.22512182058682 -4.343817469843564 99.21066941247915 -4.354348130128713 49.808422470843254 154.39250126687384 -999.0 6231.0 -999.0 -1 -999 {-999.0 -999.0 -999.0 -999.0 -999.0} "" -999.0 -999.0 -999.0 -999.0 -999 -999 "" "" "" "" 0 0 0.0 0.0 -999 ""
FIBERMAP 1312 R-11C11 APOGEE 1 1 0 1 0 0 51.47441148254397 -196.24194740241003 143.1 -67.32411225114521 -191.36631414891028 137.84668 78.53162 99.66280658966394 -5.301790239148321 59.074738 -52.754562 10.358982 99.6629386733595 -5.301947093859038 99.64585515283954 -5.313304844621315 48.757334493221215 154.31066559530103 16000.0 16600.0 2016.0 2 156 {-999.0 17.447147 15.819406 14.577312 -999.0} sdss_psfmag_ps1 16.812868 15.271072 14.062817 11.807 63050395111129233 1103779109 bright_flexible_5x1 mwm_tess_2min_apogee mwm_planet science 0 0 0.0 0.0 -999 ""
FIBERMAP 1312 R-11C11 BOSS 0 0 0 1 0 0 52.06989709333638 -195.79252359514047 143.1 -66.57912580421117 -191.32775817978765 137.84668 78.53162 -999.0 -999.0 -999.0 -999.0 -999.0 99.66638057192465 -5.301987976756412 99.64923011530169 -5.31318788153801 48.75621300387775 154.30585721297015 -999.0 5400.0 -999.0 1 393 {-999.0 -999.0 -999.0 -999.0 -999.0} "" -999.0 -999.0 -999.0 -999.0 -999 -999 "" "" "" "" 0 0 0.0 0.0 -999 ""
FIBERMAP 1312 R-11C11 METROLOGY 0 0 0 1 0 0 52.16620561630557 -196.52778932693727 143.1 -66.91133448609683 -191.9906579020823 137.84668 78.53162 -999.0 -999.0 -999.0 -999.0 -999.0 99.66486680156338 -5.304916627491053 99.64772764151598 -5.316158646071465 48.75399624765174 154.30961862187326 -999.0 6231.0 -999.0 -1 -999 {-999.0 -999.0 -999.0 -999.0 -999.0} "" -999.0 -999.0 -999.0 -999.0 -999 -999 "" "" "" "" 0 0 0.0 0.0 -999 ""
FIBERMAP 1314 R-13C8 APOGEE 1 1 0 1 0 0 20.85661325855023 -241.974222137411 143.1 -118.3052368382282 -212.0860299800584 55.775654 108.56697 99.43176269531249 -5.394600131274316 -999.0 -999.0 -999.0 99.43175867887697 -5.39461969582902 99.41449579803714 -5.4053514814359485 48.75534624540914 154.68691969205756 16000.0 16600.0 2015.5 2 273 {-999.0 -999.0 -999.0 -999.0 -999.0} "" -999.0 -999.0 -999.0 -999.0 27021603131446085 841546310 "" ops_sky_apogee_best ops_sky sky_apogee 0 0 0.0 0.0 -999 ""
FIBERMAP 1314 R-13C8 BOSS 0 0 0 1 0 0 21.55714970409676 -242.18668170211444 143.1 -117.84410258152144 -212.65449770092053 55.775654 108.56697 -999.0 -999.0 -999.0 -999.0 -999.0 99.43392161043633 -5.397367925310092 99.41658582866 -5.407937108329023 48.75218367430917 154.68539305361537 -999.0 5400.0 -999.0 1 417 {-999.0 -999.0 -999.0 -999.0 -999.0} "" -999.0 -999.0 -999.0 -999.0 -999 -999 "" "" "" "" 0 0 0.0 0.0 -999 ""
FIBERMAP 1314 R-13C8 METROLOGY 0 0 0 1 0 0 21.020280066979115 -242.6956076710643 143.1 -118.57388313399927 -212.77517521662156 55.775654 108.56697 -999.0 -999.0 -999.0 -999.0 -999.0 99.43059991369896 -5.397843831283665 99.41328224827538 -5.408451685177151 48.75289152071141 154.69032661466133 -999.0 6231.0 -999.0 -1 -999 {-999.0 -999.0 -999.0 -999.0 -999.0} "" -999.0 -999.0 -999.0 -999.0 -999 -999 "" "" "" "" 0 0 0.0 0.0 -999 ""
FIBERMAP 1316 R-8C11 APOGEE 0 0 0 1 0 0 9.148329927842655 -156.72853605718205 143.1 -80.23863928532509 -134.9264470379623 187.82622 116.1539 -999.0 -999.0 -999.0 -999.0 -999.0 99.60292640541736 -5.046903401393242 99.58653946682301 -5.058216175322913 49.016327872038275 154.2521143176519 -999.0 16600.0 -999.0 2 -999 {-999.0 -999.0 -999.0 -999.0 -999.0} "" -999.0 -999.0 -999.0 -999.0 -999 -999 "" "" "" "" 0 0 0.0 0.0 -999 ""
FIBERMAP 1316 R-8C11 BOSS 1 1 0 1 0 0 8.712619238401077 -156.11305055451993 143.1 -80.25463225893128 -134.17258040402396 187.82622 116.1539 99.60288245973554 -5.04367711386223 -0.7128888 1.2075992 0.057626884 99.60287526565278 -5.0437021659445955 99.58643156792101 -5.054851167410256 49.019497849694865 154.25038511494247 5400.0 5400.0 2016.0 1 373 {-999.0 16.272352 15.9703455 15.932254 -999.0} sdss_psfmag_ps1 16.152803 15.9080925 15.502739 14.842 63050395111142641 1093342076 bright_3x1 mwm_astar_core_boss mwm_ob science 0 0 0.0 0.0 -999 ""
FIBERMAP 1316 R-8C11 METROLOGY 0 0 0 1 0 0 9.45988548833245 -156.05060161105936 143.1 -79.60076541646 -134.53955507287912 187.82622 116.1539 -999.0 -999.0 -999.0 -999.0 -999.0 99.60584994525254 -5.045309036370191 99.58941959281117 -5.056511661030615 49.01686144075644 154.24709154558875 -999.0 6231.0 -999.0 -1 -999 {-999.0 -999.0 -999.0 -999.0 -999.0} "" -999.0 -999.0 -999.0 -999.0 -999 -999 "" "" "" "" 0 0 0.0 0.0 -999 ""
FIBERMAP 1317 R-12C9 APOGEE 0 0 0 1 0 0 13.58873955926762 -223.43348933631785 143.1 -113.93600645071155 -192.65862758134597 130.8584 119.10941 -999.0 -999.0 -999.0 -999.0 -999.0 99.45098026062209 -5.30740434120045 99.43394419071899 -5.318221749255007 48.82957779762133 154.611690496682 -999.0 16600.0 -999.0 2 -999 {-999.0 -999.0 -999.0 -999.0 -999.0} "" -999.0 -999.0 -999.0 -999.0 -999 -999 "" "" "" "" 0 0 0.0 0.0 -999 ""
FIBERMAP 1317 R-12C9 BOSS 1 1 0 1 0 0 13.855207439563756 -222.7222608986257 143.1 -113.31681897838264 -192.21889926861064 130.8584 119.10941 99.45385004445366 -5.305637313061199 -2.814661 0.5308964 -0.5391705 99.45382441105623 -5.3056344636914785 99.43672729167724 -5.316293433111865 48.830371762164276 154.60670590644756 5400.0 5400.0 2016.0 1 405 {-999.0 16.526447 15.930586 15.676588 -999.0} sdss_psfmag_ps1 16.284004 15.902831 15.196634 14.071 63050395111132751 1093342009 bright_3x1 mwm_astar_core_boss mwm_ob science 0 0 0.0 0.0 -999 ""
FIBERMAP 1317 R-12C9 METROLOGY 0 0 0 1 0 0 14.322025184384126 -223.2958151829365 143.1 -113.25156941959504 -192.95546830574762 130.8584 119.10941 -999.0 -999.0 -999.0 -999.0 -999.0 99.45412839813338 -5.308894703536415 99.43704090106564 -5.319600214353277 48.82717635556847 154.6080828660433 -999.0 6231.0 -999.0 -1 -999 {-999.0 -999.0 -999.0 -999.0 -999.0} "" -999.0 -999.0 -999.0 -999.0 -999 -999 "" "" "" "" 0 0 0.0 0.0 -999 ""
FIBERMAP 1318 R-11C7 APOGEE 1 1 0 1 0 0 -27.55267216393146 -231.18767897392496 143.1 -152.35349388419777 -176.02897255429164 329.5889 69.524994 99.27625105728495 -5.231921947054034 -5.7239275 -3.0579631 2.1469533 99.27622007818022 -5.231934490533226 99.25943625780877 -5.2423397290137395 48.963029680963906 154.81657967969127 16000.0 16600.0 2016.0 2 169 {-999.0 11.131236 11.074946 11.11846 -999.0} sdss_psfmag_from_g3xp 11.181178 11.045342 10.798497 10.436 63050395111197677 974925723 "" ops_std_apogee ops_std standard_apogee 0 0 0.0 0.0 -999 ""
FIBERMAP 1318 R-11C7 BOSS 0 0 0 1 0 0 -28.10986161922766 -231.67949537943758 143.1 -153.0905165504356 -176.12409492532697 329.5889 69.524994 -999.0 -999.0 -999.0 -999.0 -999.0 99.27292824352294 -5.2325397535275116 99.25607967262334 -5.24277054349149 48.96382853988467 154.82156664462516 -999.0 5400.0 -999.0 1 359 {-999.0 -999.0 -999.0 -999.0 -999.0} "" -999.0 -999.0 -999.0 -999.0 -999 -999 "" "" "" "" 0 0 0.0 0.0 -999 ""
FIBERMAP 1318 R-11C7 METROLOGY 0 0 0 1 0 0 -28.263344687974943 -230.94462899529935 143.1 -152.8058828724252 -175.42949097640545 329.5889 69.524994 -999.0 -999.0 -999.0 -999.0 -999.0 99.27418011431514 -5.229365440100999 99.25735779770787 -5.239647753960391 48.96628556246237 154.81804850777357 -999.0 6231.0 -999.0 -1 -999 {-999.0 -999.0 -999.0 -999.0 -999.0} "" -999.0 -999.0 -999.0 -999.0 -999 -999 "" "" "" "" 0 0 0.0 0.0 -999 ""
FIBERMAP 1323 R+2C5 APOGEE 1 1 0 1 0 0 -188.13165424920794 21.553907219331222 143.1 -143.73162210746491 123.26105283978862 286.2142 65.644714 99.31180100705525 -3.8741345289662728 -2.0801873 -7.4910274 0.92977816 99.31182039294293 -3.874186011236412 99.29863282419001 -3.8852455467376554 50.21259619246167 153.99761657136074 16000.0 16600.0 2016.0 2 140 {-999.0 14.614945 13.588529 13.140468 -999.0} sdss_psfmag_from_g3xp 14.257243 13.5696 12.761975 11.096 63050395111472493 1108769275 bright_flexible_3x1 mwm_tess_rgb_apogee mwm_tessrgb science 0 0 0.0 0.0 -999 ""
FIBERMAP 1323 R+2C5 BOSS 0 0 0 1 0 0 -188.8698993784209 21.640139242024116 143.1 -144.2947116595568 123.74610869486045 286.2142 65.644714 -999.0 -999.0 -999.0 -999.0 -999.0 99.30929554101321 -3.872127186109977 99.29605121954705 -3.8830231645142197 50.215612979979525 154.00007357011285 -999.0 5400.0 -999.0 1 34 {-999.0 -999.0 -999.0 -999.0 -999.0} "" -999.0 -999.0 -999.0 -999.0 -999 -999 "" "" "" "" 0 0 0.0 0.0 -999 ""
FIBERMAP 1323 R+2C5 METROLOGY 0 0 0 1 0 0 -188.4256568521618 22.253526475704586 143.1 -143.58311396777796 124.00519880595641 286.2142 65.644714 -999.0 -999.0 -999.0 -999.0 -999.0 99.31251261099908 -3.8708987920173374 99.29928842097684 -3.881848227466439 50.2155113643224 153.99470501645916 -999.0 6231.0 -999.0 -1 -999 {-999.0 -999.0 -999.0 -999.0 -999.0} "" -999.0 -999.0 -999.0 -999.0 -999 -999 "" "" "" "" 0 0 0.0 0.0 -999 ""
FIBERMAP 1324 R-4C11 APOGEE 0 0 0 1 0 0 -32.67523287977567 -84.50270421170927 143.1 -74.40818105181008 -51.676121234450356 207.30244 123.87908 -999.0 -999.0 -999.0 -999.0 -999.0 99.62818560079629 -4.668704996570424 99.61279675624502 -4.680240027580739 49.358104861954615 154.00192405152413 -999.0 16600.0 -999.0 2 -999 {-999.0 -999.0 -999.0 -999.0 -999.0} "" -999.0 -999.0 -999.0 -999.0 -999 -999 "" "" "" "" 0 0 0.0 0.0 -999 ""
FIBERMAP 1324 R-4C11 BOSS 1 1 0 1 0 0 -33.33974751382354 -84.12957730137862 143.1 -74.74946039956076 -50.99477387369803 207.30244 123.87908 99.62664803928305 -4.665777404879403 -0.39983755 -0.24061787 0.3231897 99.62664691150279 -4.665794387052962 99.61120123626995 -4.677163927574239 49.36155096663454 154.00244585445444 5400.0 5400.0 2016.0 1 357 {-999.0 17.191397 16.501152 16.190477 16.006363} sdss_psfmag_from_ps1dr2 16.9955 16.5081 15.8302 14.622 63050395111213355 1039246912 "" ops_std_boss_ps1dr2 ops_std standard_boss 0 0 0.0 0.0 -999 ""
FIBERMAP 1324 R-4C11 METROLOGY 0 0 0 1 0 0 -32.703892567215554 -83.75715702820735 143.1 -74.01418573546967 -51.04261025906893 207.30244 123.87908 -999.0 -999.0 -999.0 -999.0 -999.0 99.62999197689147 -4.665956616672368 99.61456330080262 -4.6773807137096615 49.36011023924189 153.99778883109943 -999.0 6231.0 -999.0 -1 -999 {-999.0 -999.0 -999.0 -999.0 -999.0} "" -999.0 -999.0 -999.0 -999.0 -999 -999 "" "" "" "" 0 0 0.0 0.0 -999 ""
FIBERMAP 1326 R-3C23 APOGEE 0 0 0 1 0 0 221.27680732364507 -73.9600940041741 143.1 141.81878178846674 -185.2344720861859 288.89853 43.112194 -999.0 -999.0 -999.0 -999.0 -999.0 100.61519117502382 -5.270291723852277 100.59791412507275 -5.284074358201514 48.42893530823013 152.96535682992143 -999.0 16600.0 -999.0 2 -999 {-999.0 -999.0 -999.0 -999.0 -999.0} "" -999.0 -999.0 -999.0 -999.0 -999 -999 "" "" "" "" 0 0 0.0 0.0 -999 ""
FIBERMAP 1326 R-3C23 BOSS 1 1 0 1 0 0 220.63303903786183 -73.63342719561359 143.1 141.46865266222326 -184.60322660681305 288.89853 43.112194 100.61369752833032 -5.267635493449285 -0.7833214 0.8712568 0.14593422 100.61370153099537 -5.267659943476788 100.59636213104727 -5.28127275232771 48.432115494119145 152.96588684953295 5400.0 5400.0 2016.0 1 323 {-999.0 14.817411 14.633211 14.591056 -999.0} sdss_psfmag_from_g3xp 14.824016 14.612247 14.243832 13.645 63050395111147068 1093286496 bright_3x1 mwm_astar_core_boss mwm_ob science 0 0 0.0 0.0 -999 ""
FIBERMAP 1326 R-3C23 METROLOGY 0 0 0 1 0 0 221.2509510102154 -73.21444433337174 143.1 142.21515624810402 -184.60244696566127 288.89853 43.112194 -999.0 -999.0 -999.0 -999.0 -999.0 100.61705985410083 -5.267572204493591 100.59973947581113 -5.281240911795827 48.43085397633055 152.96118824393318 -999.0 6231.0 -999.0 -1 -999 {-999.0 -999.0 -999.0 -999.0 -999.0} "" -999.0 -999.0 -999.0 -999.0 -999 -999 "" "" "" "" 0 0 0.0 0.0 -999 ""
FIBERMAP 1328 R-3C12 APOGEE 1 1 0 1 0 0 7.807807162588045 -62.27432159636358 143.1 -28.426042494469556 -55.94954296480808 34.528984 60.42221 99.83825683593749 -4.687787445266949 -999.0 -999.0 -999.0 99.83825053904772 -4.687798484985421 99.82274917545459 -4.699858598189491 49.26210813665159 153.7151564522105 16000.0 16600.0 2015.5 2 154 {-999.0 -999.0 -999.0 -999.0 -999.0} "" -999.0 -999.0 -999.0 -999.0 27021603131449694 841546807 "" ops_sky_apogee_best ops_sky sky_apogee 0 0 0.0 0.0 -999 ""
FIBERMAP 1328 R-3C12 BOSS 0 0 0 1 0 0 7.894666488127356 -63.00416161698684 143.1 -28.76303685235921 -56.60265478467593 34.528984 60.42221 -999.0 -999.0 -999.0 -999.0 -999.0 99.8367696188532 -4.690968953178909 99.82119435508639 -4.702860871540121 49.25990219073466 153.71907766268174 -999.0 5400.0 -999.0 1 356 {-999.0 -999.0 -999.0 -999.0 -999.0} "" -999.0 -999.0 -999.0 -999.0 -999 -999 "" "" "" "" 0 0 0.0 0.0 -999 ""
FIBERMAP 1328 R-3C12 METROLOGY 0 0 0 1 0 0 7.208280342775364 -62.71244344227581 143.1 -29.168043319057798 -55.97647449596345 34.528984 60.42221 -999.0 -999.0 -999.0 -999.0 -999.0 99.83489491078953 -4.688069615463323 99.81934658638784 -4.700004226638111 49.26323996856733 153.72005998559308 -999.0 6231.0 -999.0 -1 -999 {-999.0 -999.0 -999.0 -999.0 -999.0} "" -999.0 -999.0 -999.0 -999.0 -999 -999 "" "" "" "" 0 0 0.0 0.0 -999 ""
FIBERMAP 1329 R+3C16 APOGEE 1 1 0 1 0 0 90.49683875839682 66.28896749292181 143.1 112.09014025208153 4.194220732806814 44.103676 105.52684 100.47914028141223 -4.412041174331852 -0.010804968 1.8990089 0.35045224 100.47913011191345 -4.412035447622116 100.4641718589994 -4.425833890704877 49.27217934484715 152.64920607464538 16000.0 16600.0 2016.0 2 63 {-999.0 14.626336 13.534458 13.050849 -999.0} sdss_psfmag_from_g3xp 14.240192 13.505187 12.670986 10.884 63050395111194069 1105381228 bright_flexible_2x1 mwm_tess_rgb_apogee mwm_tessrgb science 0 0 0.0 0.0 -999 ""
FIBERMAP 1329 R+3C16 BOSS 0 0 0 1 0 0 91.12997441142326 65.88372930709188 143.1 112.38743993407897 3.5038608902387165 44.103676 105.52684 -999.0 -999.0 -999.0 -999.0 -999.0 100.4806159233464 -4.4153337577367076 100.46558016760406 -4.428972529922456 49.26874183822104 152.64908619524084 -999.0 5400.0 -999.0 1 220 {-999.0 -999.0 -999.0 -999.0 -999.0} "" -999.0 -999.0 -999.0 -999.0 -999 -999 "" "" "" "" 0 0 0.0 0.0 -999 ""
FIBERMAP 1329 R+3C16 METROLOGY 0 0 0 1 0 0 90.47063914746445 65.53503230426553 143.1 111.6460113373681 3.584500641411889 44.103676 105.52684 -999.0 -999.0 -999.0 -999.0 -999.0 100.47720849083161 -4.414931722928986 100.46219417673711 -4.428607970926608 49.270385942371746 152.65363932948003 -999.0 6231.0 -999.0 -1 -999 {-999.0 -999.0 -999.0 -999.0 -999.0} "" -999.0 -999.0 -999.0 -999.0 -999 -999 "" "" "" "" 0 0 0.0 0.0 -999 ""
FIBERMAP 1330 R-3C11 APOGEE 1 1 0 1 0 0 -47.44993874878372 -45.313778865364306 143.1 -64.68681068352845 -10.942055746980133 178.43787 67.79567 99.67208862304686 -4.483137308475179 -999.0 -999.0 -999.0 99.6720756667401 -4.483136332092491 99.65716665606766 -4.494859948473438 49.51385897075228 153.833032497381 16000.0 16600.0 2015.5 2 208 {-999.0 -999.0 -999.0 -999.0 -999.0} "" -999.0 -999.0 -999.0 -999.0 27021603131449902 841546811 "" ops_sky_apogee_best ops_sky sky_apogee 0 0 0.0 0.0 -999 ""
FIBERMAP 1330 R-3C11 BOSS 0 0 0 1 0 0 -47.155516800999514 -44.6421269780625 143.1 -64.06664678465069 -10.550766936910538 178.43787 67.79567 -999.0 -999.0 -999.0 -999.0 -999.0 99.67493359051586 -4.481515624763289 99.65996300316965 -4.493085400977615 49.51446913578655 153.8280301726261 -999.0 5400.0 -999.0 1 347 {-999.0 -999.0 -999.0 -999.0 -999.0} "" -999.0 -999.0 -999.0 -999.0 -999 -999 "" "" "" "" 0 0 0.0 0.0 -999 ""
FIBERMAP 1330 R-3C11 METROLOGY 0 0 0 1 0 0 -46.70513142548131 -45.22838901908062 143.1 -64.02212648027084 -11.28865330563251 178.43787 67.79567 -999.0 -999.0 -999.0 -999.0 -999.0 99.67513281746388 -4.484829954423281 99.66017180159128 -4.496444689842513 49.51127352075795 153.82965736888013 -999.0 6231.0 -999.0 -1 -999 {-999.0 -999.0 -999.0 -999.0 -999.0} "" -999.0 -999.0 -999.0 -999.0 -999 -999 "" "" "" "" 0 0 0.0 0.0 -999 ""
FIBERMAP 1331 R-10C3 APOGEE 1 1 0 1 0 0 -136.6562413249926 -211.61406439503932 143.1 -231.74459728971556 -98.68749720010335 291.0173 80.40287 98.9155499907048 -4.881404184618231 2.3017662 4.297734 0.7669509 98.91556933825197 -4.881391277066451 98.89982479966227 -4.891026183362895 49.4190915146698 155.13659806739912 16000.0 16600.0 2016.0 2 242 {-999.0 14.297782 13.305075 12.911372 -999.0} sdss_psfmag_gaia 13.964303 13.329419 12.5438795 10.926 63050395111221594 1110384275 bright_flexible_2x1 mwm_tess_rgb_apogee mwm_tessrgb science 0 0 0.0 0.0 -999 ""
FIBERMAP 1331 R-10C3 BOSS 0 0 0 1 0 0 -137.36711131792296 -211.80515259102893 143.1 -232.4403979198694 -98.44745282617615 291.0173 80.40287 -999.0 -999.0 -999.0 -999.0 -999.0 98.91248276802114 -4.880465269753403 98.896679339976 -4.889929230489466 49.42122910210309 155.1405040559214 -999.0 5400.0 -999.0 1 478 {-999.0 -999.0 -999.0 -999.0 -999.0} "" -999.0 -999.0 -999.0 -999.0 -999 -999 "" "" "" "" 0 0 0.0 0.0 -999 ""
FIBERMAP 1331 R-10C3 METROLOGY 0 0 0 1 0 0 -137.17875406735578 -211.08596455250148 143.1 -231.88144092809307 -97.95736699840188 291.0173 80.40287 -999.0 -999.0 -999.0 -999.0 -999.0 98.91496562347312 -4.87821267700252 98.8991850969802 -4.88773023291666 49.422399147134186 155.13571616711798 -999.0 6231.0 -999.0 -1 -999 {-999.0 -999.0 -999.0 -999.0 -999.0} "" -999.0 -999.0 -999.0 -999.0 -999 -999 "" "" "" "" 0 0 0.0 0.0 -999 ""
FIBERMAP 1333 R-5C14 APOGEE 1 1 0 1 0 0 65.10593759231315 -97.3347609526394 143.1 -0.6168453303841677 -117.09036954916272 322.74338 148.27489 99.96610477636192 -4.965546896937023 -3.822124 2.0984378 0.563422 99.96608842763115 -4.965539098537793 99.94981146874568 -4.9778071844892215 48.956981089092004 153.69450141973212 16000.0 16600.0 2016.0 2 195 {-999.0 13.687013 13.227987 13.045712 -999.0} sdss_psfmag_from_g3xp 13.58777 13.233211 12.70175 11.772 63050395111144126 1107286532 bright_flexible_5x1 mwm_tess_rgb_apogee mwm_tessrgb science 0 0 0.0 0.0 -999 ""
FIBERMAP 1333 R-5C14 BOSS 0 0 0 1 0 0 65.35479663631418 -98.03816036542888 143.1 -0.8048588309291229 -117.81235220779996 322.74338 148.27489 -999.0 -999.0 -999.0 -999.0 -999.0 99.96530529584896 -4.969036980840443 99.94895253293186 -4.981136764519617 48.954213245312076 153.69760654291977 -999.0 5400.0 -999.0 1 325 {-999.0 -999.0 -999.0 -999.0 -999.0} "" -999.0 -999.0 -999.0 -999.0 -999 -999 "" "" "" "" 0 0 0.0 0.0 -999 ""
FIBERMAP 1333 R-5C14 METROLOGY 0 0 0 1 0 0 64.61218053649847 -97.90045476404796 143.1 -1.3427276633874725 -117.28221751427448 322.74338 148.27489 -999.0 -999.0 -999.0 -999.0 -999.0 99.962822649629 -4.966579685628469 99.94649606845502 -4.97872093596861 48.95736900377749 153.6996869424289 -999.0 6231.0 -999.0 -1 -999 {-999.0 -999.0 -999.0 -999.0 -999.0} "" -999.0 -999.0 -999.0 -999.0 -999 -999 "" "" "" "" 0 0 0.0 0.0 -999 ""
FIBERMAP 1334 R-4C16 APOGEE 0 0 0 1 0 0 79.67979121134914 -61.33535294463859 143.1 31.623547515301684 -95.44185314586358 165.64906 63.416462 -999.0 -999.0 -999.0 -999.0 -999.0 100.11313047884055 -4.866764347680019 100.09707296281499 -4.879446447962411 48.99300258704791 153.4310516091079 -999.0 16600.0 -999.0 2 -999 {-999.0 -999.0 -999.0 -999.0 -999.0} "" -999.0 -999.0 -999.0 -999.0 -999 -999 "" "" "" "" 0 0 0.0 0.0 -999 ""
FIBERMAP 1334 R-4C16 BOSS 1 1 0 1 0 0 80.16965775481863 -60.76115502158145 143.1 32.35097263747173 -95.24078232268961 165.64906 63.416462 100.11652885406546 -4.866049229043166 -0.016604457 0.40120217 0.10198148 100.11653492441319 -4.866049973440193 100.1004110471577 -4.87857662367425 48.99255246675664 153.42585732227494 5400.0 5400.0 2016.0 1 283 {-999.0 18.100718 17.460289 17.177305 17.012136} sdss_psfmag_from_ps1dr2 17.9125 17.4732 16.7972 15.741 63050395111174346 1039246223 "" ops_std_boss_ps1dr2 ops_std standard_boss 0 0 0.0 0.0 -999 ""
FIBERMAP 1334 R-4C16 METROLOGY 0 0 0 1 0 0 80.41485528468549 -61.463191861256185 143.1 32.160690167609026 -95.95958496476125 165.64906 63.416462 -999.0 -999.0 -999.0 -999.0 -999.0 100.11565093681818 -4.869264977816989 100.09953783745902 -4.881834610812724 48.989864027859404 153.4289595764345 -999.0 6231.0 -999.0 -1 -999 {-999.0 -999.0 -999.0 -999.0 -999.0} "" -999.0 -999.0 -999.0 -999.0 -999 -999 "" "" "" "" 0 0 0.0 0.0 -999 ""
FIBERMAP 1335 R-7C1 APOGEE 0 0 0 1 0 0 -193.4833386503975 -133.34926055234155 143.1 -234.95623735470832 -2.029272740325251 56.63265 59.500717 -999.0 -999.0 -999.0 -999.0 -999.0 98.89950805469539 -4.4437426380497405 98.88493178054767 -4.453518542320052 49.833191128681015 154.9174328802605 -999.0 16600.0 -999.0 2 260 {-999.0 -999.0 -999.0 -999.0 -999.0} "" -999.0 -999.0 -999.0 -999.0 -999 -999 "" "" "" "" 0 0 0.0 0.0 -999 ""
FIBERMAP 1335 R-7C1 BOSS 1 1 0 1 0 0 -193.16267563559694 -134.0238832832428 143.1 -235.0686600913768 -2.7676547527727355 56.63265 59.500717 98.89903493349601 -4.447252130289996 1.0175028 -2.9678533 0.05536801 98.89903721277643 -4.447250828452697 98.88438995647073 -4.45686312873203 49.83026075164735 154.92006883096803 5400.0 5400.0 2016.0 1 500 {-999.0 15.374002 14.670272 14.368039 -999.0} sdss_psfmag_ps1 15.073168 14.648948 13.999719 12.913 63050395111236113 1093342339 bright_3x1 mwm_astar_core_boss mwm_ob science 0 0 0.0 0.0 -999 ""
FIBERMAP 1335 R-7C1 METROLOGY 0 0 0 1 0 0 -193.90889311263848 -133.9623530650566 143.1 -235.65219269141292 -2.298589710169154 56.63265 59.500717 -999.0 -999.0 -999.0 -999.0 -999.0 98.89640357158508 -4.445081828402257 98.88178037894897 -4.45473394407354 49.83317932599812 154.92265562994874 -999.0 6231.0 -999.0 -1 -999 {-999.0 -999.0 -999.0 -999.0 -999.0} "" -999.0 -999.0 -999.0 -999.0 -999 -999 "" "" "" "" 0 0 0.0 0.0 -999 ""
FIBERMAP 1336 R-9C8 APOGEE 0 0 0 1 0 0 -13.095134356640617 -171.43505597822167 143.1 -106.90047965244663 -134.6431665376871 70.41005 40.94366 -999.0 -999.0 -999.0 -999.0 -999.0 99.4814805123324 -5.045553563732311 99.46513278046137 -5.056558561260468 49.062082213862844 154.42289937738755 -999.0 16600.0 -999.0 2 173 {-999.0 -999.0 -999.0 -999.0 -999.0} "" -999.0 -999.0 -999.0 -999.0 -999 -999 "" "" "" "" 0 0 0.0 0.0 -999 ""
FIBERMAP 1336 R-9C8 BOSS 1 1 0 1 0 0 -12.815510339111668 -172.11814974919997 143.1 -107.05163671026754 -135.36556996467192 70.41005 40.94366 99.48085337540897 -5.049010596501703 -0.40458784 0.12116325 0.07713394 99.48083873229466 -5.04903277402662 99.46441714155458 -5.059869764843963 49.05925850414626 154.4257540206882 5400.0 5400.0 2016.0 1 383 {-999.0 15.986178 15.681515 15.594325 -999.0} sdss_psfmag_ps1 15.916654 15.625406 15.152136 14.314 63050395111208056 1093342304 bright_3x1 mwm_astar_core_boss mwm_ob science 0 0 0.0 0.0 -999 ""
FIBERMAP 1336 R-9C8 METROLOGY 0 0 0 1 0 0 -13.556495591414244 -172.02537536760107 143.1 -107.61332990733138 -134.87356051517787 70.41005 40.94366 -999.0 -999.0 -999.0 -999.0 -999.0 99.47825967991785 -5.046747101329745 99.46186329814742 -5.057625248440354 49.062275681837505 154.42812117257645 -999.0 6231.0 -999.0 -1 -999 {-999.0 -999.0 -999.0 -999.0 -999.0} "" -999.0 -999.0 -999.0 -999.0 -999 -999 "" "" "" "" 0 0 0.0 0.0 -999 ""
FIBERMAP 1338 R-8C12 APOGEE 0 0 0 1 0 0 55.91853905447289 -159.97871138090647 143.1 -43.32520961937246 -163.82360192360133 330.98273 124.23896 -999.0 -999.0 -999.0 -999.0 -999.0 99.77178206881109 -5.177629756168525 99.7549977592131 -5.189316028619456 48.83270100250887 154.08805256703346 -999.0 16600.0 -999.0 2 -999 {-999.0 -999.0 -999.0 -999.0 -999.0} "" -999.0 -999.0 -999.0 -999.0 -999 -999 "" "" "" "" 0 0 0.0 0.0 -999 ""
FIBERMAP 1338 R-8C12 BOSS 1 1 0 1 0 0 55.99172904225374 -160.7021503812356 143.1 -43.66993825430759 -164.4637535528323 330.98273 124.23896 99.77029151250855 -5.1807298048376555 -0.63640666 0.7138647 1.1859531 99.77027286618444 -5.180745338668535 99.75341457186727 -5.192260539153052 48.8305459338319 154.09192909880966 5400.0 5400.0 2016.0 1 382 {-999.0 16.914577 15.983998 15.538062 -999.0} sdss_psfmag_ps1 16.517569 16.129622 15.161151 13.657 63050395111136955 1096655347 bright_1x1 mwm_bin_vis_boss mwm_filler science 0 0 0.0 0.0 -999 ""
FIBERMAP 1338 R-8C12 METROLOGY 0 0 0 1 0 0 55.31439966514151 -160.4165213611149 143.1 -44.070855778067155 -163.84769074363675 330.98273 124.23896 -999.0 -999.0 -999.0 -999.0 -999.0 99.76841737889971 -5.1779045132934725 99.75158593860863 -5.189463240171087 48.833817761171744 154.09293283099487 -999.0 6231.0 -999.0 -1 -999 {-999.0 -999.0 -999.0 -999.0 -999.0} "" -999.0 -999.0 -999.0 -999.0 -999 -999 "" "" "" "" 0 0 0.0 0.0 -999 ""
FIBERMAP 1339 R-4C7 APOGEE 0 0 1 1 0 0 -111.35446358447999 -70.09623680319193 143.1 -131.49738338298985 4.339196413900645 10.058362 170.12318 -999.0 -999.0 -999.0 -999.0 -999.0 99.36742066025319 -4.414138557726011 99.35278471561338 -4.425116974574125 49.69074892765766 154.22842098946995 -999.0 16600.0 -999.0 2 259 {-999.0 -999.0 -999.0 -999.0 -999.0} "" -999.0 -999.0 -999.0 -999.0 -999 -999 "" "" "" "" 0 0 0.0 0.0 -999 ""
FIBERMAP 1339 R-4C7 BOSS 1 0 1 1 0 0 -110.61538468260005 -70.08248985762009 143.1 -130.8775849839433 3.9364747352657825 10.058362 170.12318 99.34619138426085 -4.345310461823884 -2.9763095 3.3244042 0.39930186 99.37025096153738 -4.416125159154671 99.3555451941852 -4.426948802490867 49.688035426767996 154.22550143969858 5400.0 5400.0 2016.0 1 460 {-999.0 18.474943 17.35053 16.85729 -999.0} sdss_psfmag_ps1 18.048677 17.287884 16.441616 14.725 63050395111263474 980260512 "" ops_std_boss_red ops_std standard_boss 0 0 0.0 0.0 -999 ""
FIBERMAP 1339 R-4C7 METROLOGY 0 0 1 1 0 0 -110.96650494451595 -70.74614736438748 143.1 -131.5402264623454 3.5835749001771577 10.058362 170.12318 -999.0 -999.0 -999.0 -999.0 -999.0 99.3672323211771 -4.417691103899665 99.35254135196033 -4.428552088570622 49.687642051172176 154.23071694097442 -999.0 6231.0 -999.0 -1 -999 {-999.0 -999.0 -999.0 -999.0 -999.0} "" -999.0 -999.0 -999.0 -999.0 -999 -999 "" "" "" "" 0 0 0.0 0.0 -999 ""
FIBERMAP 1340 R+9C17 APOGEE 0 0 0 1 0 0 177.71583954636202 178.68225387366886 143.1 247.2979167916184 48.40804219095166 3.5080426 135.6353 -999.0 -999.0 -999.0 -999.0 -999.0 101.08965378245902 -4.209717884520043 101.07505137480575 -4.2251430427310614 49.21676132487285 151.67046567267275 -999.0 16600.0 -999.0 2 -999 {-999.0 -999.0 -999.0 -999.0 -999.0} "" -999.0 -999.0 -999.0 -999.0 -999 -999 "" "" "" "" 0 0 0.0 0.0 -999 ""
FIBERMAP 1340 R+9C17 BOSS 1 1 0 1 0 0 178.28593677774265 178.21109712957096 143.1 247.50607459419462 47.698409914415514 3.5080426 135.6353 101.09069824218749 -4.213086426760697 -999.0 -999.0 -999.0 101.09069854747082 -4.213085569665246 101.07601625352254 -4.228350544777325 49.21343675055689 151.67108033111944 5400.0 5400.0 2015.5 1 240 {-999.0 -999.0 -999.0 -999.0 -999.0} "" -999.0 -999.0 -999.0 -999.0 27021603131471044 810573683 "" ops_sky_boss_good ops_sky sky_boss 0 0 0.0 0.0 -999 ""
FIBERMAP 1340 R+9C17 METROLOGY 0 0 0 1 0 0 177.58469481164872 177.94777239734097 143.1 246.77777356496847 47.87323429179806 3.5080426 135.6353 -999.0 -999.0 -999.0 -999.0 -999.0 101.08740611380934 -4.212254089256058 101.07274702826282 -4.227556851625371 49.215468570425315 151.67516843081475 -999.0 6231.0 -999.0 -1 -999 {-999.0 -999.0 -999.0 -999.0 -999.0} "" -999.0 -999.0 -999.0 -999.0 -999 -999 "" "" "" "" 0 0 0.0 0.0 -999 ""
FIBERMAP 1341 R-6C4 APOGEE 0 0 0 1 0 0 -178.83137865619213 -113.74833761146299 143.1 -211.8392471460064 5.994458843901654 247.11032 21.11352 -999.0 -999.0 -999.0 -999.0 -999.0 99.0034830980684 -4.407225738903997 98.98897306415142 -4.4172814206192585 49.82981186102482 154.74717126333417 -999.0 16600.0 -999.0 2 -999 {-999.0 -999.0 -999.0 -999.0 -999.0} "" -999.0 -999.0 -999.0 -999.0 -999 -999 "" "" "" "" 0 0 0.0 0.0 -999 ""
FIBERMAP 1341 R-6C4 BOSS 1 1 0 1 0 0 -178.82879853235443 -113.00801661636744 143.1 -211.42230764499595 6.606137854032608 247.11032 21.11352 99.0054020984567 -4.404584206123739 -0.88891554 1.0944002 0.07510577 99.00537670408156 -4.404606931309816 98.99081086446552 -4.414507725403034 49.8317404432565 154.74297364309658 5400.0 5400.0 2016.0 1 453 {-999.0 16.044558 15.702609 15.544495 -999.0} sdss_psfmag_ps1 15.993826 15.652023 15.119115 14.181 63050395111236493 1093342341 bright_3x1 mwm_astar_core_boss mwm_ob science 0 0 0.0 0.0 -999 ""
FIBERMAP 1341 R-6C4 METROLOGY 0 0 0 1 0 0 -178.178979743107 -113.38634639787195 143.1 -211.09611438793476 5.92871563811016 247.11032 21.11352 -999.0 -999.0 -999.0 -999.0 -999.0 99.00684177626425 -4.407633141511404 98.99228508770591 -4.417581965463066 49.828343219400296 154.74256269202507 -999.0 6231.0 -999.0 -1 -999 {-999.0 -999.0 -999.0 -999.0 -999.0} "" -999.0 -999.0 -999.0 -999.0 -999 -999 "" "" "" "" 0 0 0.0 0.0 -999 ""
FIBERMAP 1342 R+2C4 APOGEE 0 0 0 1 0 0 -189.74066999868944 42.18437627382065 143.1 -133.50491428574716 141.24848447328935 13.500872 120.441284 -999.0 -999.0 -999.0 -999.0 -999.0 99.35833113598227 -3.792541836449878 99.34534600794098 -3.8037530674508964 50.27104133011038 153.88274227826645 -999.0 16600.0 -999.0 2 -999 {-999.0 -999.0 -999.0 -999.0 -999.0} "" -999.0 -999.0 -999.0 -999.0 -999 -999 "" "" "" "" 0 0 0.0 0.0 -999 ""
FIBERMAP 1342 R+2C4 BOSS 1 1 0 1 0 0 -189.2218383738207 41.668337746169556 143.1 -133.36436133506842 140.53040583703893 13.500872 120.441284 99.35897827148438 -3.795917250900345 -999.0 -999.0 -999.0 99.3589896405444 -3.7959055141172082 99.34593231720379 -3.806959455653023 50.267846714385335 153.883753295241 5400.0 5400.0 2015.5 1 35 {-999.0 -999.0 -999.0 -999.0 -999.0} "" -999.0 -999.0 -999.0 -999.0 27021603131463660 810572813 "" ops_sky_boss_good ops_sky sky_boss 0 0 0.0 0.0 -999 ""
FIBERMAP 1342 R+2C4 METROLOGY 0 0 0 1 0 0 -189.9343387182025 41.463852570120366 143.1 -134.0690185448352 140.76026848614265 13.500872 120.441284 -999.0 -999.0 -999.0 -999.0 -999.0 99.35578623051343 -3.794846866074867 99.34275055283206 -3.8059377612131327 50.26997316539566 153.88777287434 -999.0 6231.0 -999.0 -1 -999 {-999.0 -999.0 -999.0 -999.0 -999.0} "" -999.0 -999.0 -999.0 -999.0 -999 -999 "" "" "" "" 0 0 0.0 0.0 -999 ""
FIBERMAP 1345 R-1C16 APOGEE 1 1 0 1 0 0 66.28206303063001 -22.39536246272831 143.1 42.34583522800848 -55.68547454802269 325.2093 135.52684 100.16167614997116 -4.685745010466095 6.329365 6.94526 0.7893854 100.16168154754251 -4.6857393745859 100.14609058864767 -4.698620163522772 49.141879396174 153.25756148138697 16000.0 16600.0 2016.0 2 231 {-999.0 14.14134 13.058356 12.629744 -999.0} sdss_psfmag_from_g3xp 13.76236 13.062778 12.253626 10.5 63050395111181844 1108188621 bright_flexible_2x1 mwm_tess_rgb_apogee mwm_tessrgb science 0 0 0.0 0.0 -999 ""
FIBERMAP 1345 R-1C16 BOSS 0 0 0 1 0 0 66.42150534659756 -23.132583243636343 143.1 42.04825400175377 -56.374161329764924 325.2093 135.52684 -999.0 -999.0 -999.0 -999.0 -999.0 100.16042018663303 -4.68907230373729 100.14475348600229 -4.7017851294267805 49.13945726899502 153.2612825952433 -999.0 5400.0 -999.0 1 281 {-999.0 -999.0 -999.0 -999.0 -999.0} "" -999.0 -999.0 -999.0 -999.0 -999 -999 "" "" "" "" 0 0 0.0 0.0 -999 ""
FIBERMAP 1345 R-1C16 METROLOGY 0 0 0 1 0 0 65.71360726430906 -22.890223576139384 143.1 41.59777598964974 -55.77680598177651 325.2093 135.52684 -999.0 -999.0 -999.0 -999.0 -999.0 100.15833179427224 -4.686307320135058 100.14269211811524 -4.699062322195904 49.14275613923716 153.262608012465 -999.0 6231.0 -999.0 -1 -999 {-999.0 -999.0 -999.0 -999.0 -999.0} "" -999.0 -999.0 -999.0 -999.0 -999 -999 "" "" "" "" 0 0 0.0 0.0 -999 ""
FIBERMAP 1346 R+3C6 APOGEE 0 0 0 1 0 0 -154.81796543804654 60.94236429700716 143.1 -94.07224247598958 137.21638716599597 131.46465 143.98701 -999.0 -999.0 -999.0 -999.0 -999.0 99.53735498352991 -3.809879449079052 99.52427072369255 -3.8215385713253913 50.18801213846687 153.63412463427835 -999.0 16600.0 -999.0 2 -999 {-999.0 -999.0 -999.0 -999.0 -999.0} "" -999.0 -999.0 -999.0 -999.0 -999 -999 "" "" "" "" 0 0 0.0 0.0 -999 ""
FIBERMAP 1346 R+3C6 BOSS 1 1 0 1 0 0 -154.88991637043756 61.66947123254188 143.1 -93.7244325226016 137.85888228951455 131.46465 143.98701 99.53899030485236 -3.8070708685387573 0.20782405 -0.030615406 0.13838843 99.53896985458937 -3.8070736246422823 99.52582870723086 -3.8185802067124346 50.190173609710534 153.63014368935856 5400.0 5400.0 2016.0 1 39 {-999.0 16.87594 16.017885 15.562035 -999.0} sdss_psfmag_ps1 16.558445 15.917524 15.12829 13.657 63050395111477641 1093342013 bright_3x1 mwm_astar_core_boss mwm_ob science 0 0 0.0 0.0 -999 ""
FIBERMAP 1346 R+3C6 METROLOGY 0 0 0 1 0 0 -154.21742250271967 61.38509464760534 143.1 -93.32681796686266 137.24656607286408 131.46465 143.98701 -999.0 -999.0 -999.0 -999.0 -999.0 99.54076445661981 -3.8098023914085255 99.52763363401334 -3.821357119661816 50.186924455285336 153.6291589231514 -999.0 6231.0 -999.0 -1 -999 {-999.0 -999.0 -999.0 -999.0 -999.0} "" -999.0 -999.0 -999.0 -999.0 -999 -999 "" "" "" "" 0 0 0.0 0.0 -999 ""
FIBERMAP 1349 R-5C10 APOGEE 0 0 0 1 0 0 -16.642581407340806 -86.33933828879171 143.1 -62.1592062723235 -62.18031117197094 85.79175 52.569046 -999.0 -999.0 -999.0 -999.0 -999.0 99.68423998504335 -4.716432844489785 99.66870784939624 -4.7280902623072665 49.293026292113055 153.94967982083955 -999.0 16600.0 -999.0 2 289 {-999.0 -999.0 -999.0 -999.0 -999.0} "" -999.0 -999.0 -999.0 -999.0 -999 -999 "" "" "" "" 0 0 0.0 0.0 -999 ""
FIBERMAP 1349 R-5C10 BOSS 1 1 0 1 0 0 -16.081696986221317 -86.84850311998464 143.1 -61.97997437816607 -62.916259326528916 85.79175 52.569046 99.68511698827906 -4.71996027766806 -0.30902502 0.34548554 0.13493672 99.68510257647938 -4.719975749619752 99.66949546194661 -4.731470718907491 49.28959561916379 153.95048252137283 5400.0 5400.0 2016.0 1 398 {-999.0 14.937562 14.60858 14.489771 -999.0} sdss_psfmag_from_g3xp 14.882443 14.5992985 14.136562 13.434 63050395111212881 1093136297 bright_3x1 mwm_astar_core_boss mwm_ob science 0 0 0.0 0.0 -999 ""
FIBERMAP 1349 R-5C10 METROLOGY 0 0 0 1 0 0 -16.78763719638419 -87.07463231128281 143.1 -62.69132573196745 -62.707997632601526 85.79175 52.569046 -999.0 -999.0 -999.0 -999.0 -999.0 99.68183893087388 -4.718980360041547 99.66625394011169 -4.7305137055164845 49.29168143585714 153.95453939555398 -999.0 6231.0 -999.0 -1 -999 {-999.0 -999.0 -999.0 -999.0 -999.0} "" -999.0 -999.0 -999.0 -999.0 -999 -999 "" "" "" "" 0 0 0.0 0.0 -999 ""
FIBERMAP 1351 R-3C8 APOGEE 0 0 0 1 0 0 -83.4464734858237 -49.9398313710343 143.1 -97.09067617164656 5.395603333651029 72.55108 60.8391 -999.0 -999.0 -999.0 -999.0 -999.0 99.52408116499302 -4.409025807714088 99.50941252753847 -4.420404376343118 49.63763208674803 154.00142648799388 -999.0 16600.0 -999.0 2 -999 {-999.0 -999.0 -999.0 -999.0 -999.0} "" -999.0 -999.0 -999.0 -999.0 -999 -999 "" "" "" "" 0 0 0.0 0.0 -999 ""
FIBERMAP 1351 R-3C8 BOSS 1 1 0 1 0 0 -82.92185309285341 -50.476112968145415 143.1 -96.95667124936465 4.657516185423604 72.55108 60.8391 99.5247121984492 -4.412554915473235 -0.10954328 0.79543716 0.10595455 99.52471554253196 -4.412544168112026 99.50997303234004 -4.423761643109358 49.63430607087543 154.00254116560345 5400.0 5400.0 2016.0 1 469 {-999.0 16.155184 15.737482 15.574382 -999.0} sdss_psfmag_ps1 16.04635 15.673921 15.111021 14.133 63050395111262180 1093342394 bright_3x1 mwm_astar_core_boss mwm_ob science 0 0 0.0 0.0 -999 ""
FIBERMAP 1351 R-3C8 METROLOGY 0 0 0 1 0 0 -83.64954607092864 -50.657761385513844 143.1 -97.66111534851373 4.914804404032858 72.55108 60.8391 -999.0 -999.0 -999.0 -999.0 -999.0 99.52149257644905 -4.411333844334685 99.50677247592711 -4.422589337271506 49.636574932584544 154.00645013665783 -999.0 6231.0 -999.0 -1 -999 {-999.0 -999.0 -999.0 -999.0 -999.0} "" -999.0 -999.0 -999.0 -999.0 -999 -999 "" "" "" "" 0 0 0.0 0.0 -999 ""
FIBERMAP 1353 R-12C3 APOGEE 0 0 0 1 0 0 -126.32807249458064 -220.48205764065648 143.1 -228.15968254709804 -111.81874355033352 182.49283 65.86478 -999.0 -999.0 -999.0 -999.0 -999.0 98.93205615377123 -4.940770437952448 98.91614873639446 -4.950422505914198 49.35778900917957 155.1456132651754 -999.0 16600.0 -999.0 2 -999 {-999.0 -999.0 -999.0 -999.0 -999.0} "" -999.0 -999.0 -999.0 -999.0 -999 -999 "" "" "" "" 0 0 0.0 0.0 -999 ""
FIBERMAP 1353 R-12C3 BOSS 1 1 0 1 0 0 -126.0462194579801 -219.77679247795083 143.1 -227.5310945089261 -111.39257426804022 182.49283 65.86478 98.93494569390411 -4.939031392051842 -0.07755849 0.7638265 0.20424755 98.93491262327028 -4.93903116618306 98.91894658330602 -4.948527395308861 49.358571887094776 155.14057978385532 5400.0 5400.0 2016.0 1 350 {-999.0 17.367441 17.073868 16.99142 -999.0} sdss_psfmag_ps1 17.320448 17.00294 16.53319 15.384 63050395111219427 978386652 "" ops_std_boss ops_std standard_boss 0 0 0.0 0.0 -999 ""
FIBERMAP 1353 R-12C3 METROLOGY 0 0 0 1 0 0 -125.59044925712806 -220.36992405923795 143.1 -227.48596357009254 -112.13916702832708 182.49283 65.86478 -999.0 -999.0 -999.0 -999.0 -999.0 98.93512532300906 -4.942354364631622 98.91916805921522 -4.951896161567577 49.35534401387129 155.14209817081914 -999.0 6231.0 -999.0 -1 -999 {-999.0 -999.0 -999.0 -999.0 -999.0} "" -999.0 -999.0 -999.0 -999.0 -999 -999 "" "" "" "" 0 0 0.0 0.0 -999 ""
FIBERMAP 1354 R+3C8 APOGEE 0 0 0 1 0 0 -80.19562535756202 59.831326056735016 143.1 -32.89346288372891 94.48525919529 65.38832 42.475452 -999.0 -999.0 -999.0 -999.0 -999.0 99.81623611569246 -4.002774089541408 99.80255820966926 -4.015062119912847 49.90425686449715 153.3469161826339 -999.0 16600.0 -999.0 2 -999 {-999.0 -999.0 -999.0 -999.0 -999.0} "" -999.0 -999.0 -999.0 -999.0 -999 -999 "" "" "" "" 0 0 0.0 0.0 -999 ""
FIBERMAP 1354 R+3C8 BOSS 1 1 0 1 0 0 -79.9739037641912 59.09695965994278 143.1 -33.121302119425174 93.7528352086654 65.38832 42.475452 99.81523010103353 -4.006274155402851 0.09528536 1.2562419 0.108085796 99.81525209126619 -4.00621973229133 99.80150019153768 -4.018344699039209 49.901617058433914 153.35036022801856 5400.0 5400.0 2016.0 1 52 {-999.0 14.244575 13.705714 13.435909 -999.0} sdss_psfmag_from_g3xp 14.119313 13.678497 13.053967 11.974 63050395111273648 1093136279 bright_3x1 mwm_astar_core_boss mwm_ob science 0 0 0.0 0.0 -999 ""
FIBERMAP 1354 R+3C8 METROLOGY 0 0 0 1 0 0 -80.69453266360445 59.276570722836105 143.1 -33.61748174894761 94.3053560323542 65.38832 42.475452 -999.0 -999.0 -999.0 -999.0 -999.0 99.8129677503566 -4.003678174802595 99.79924173379186 -4.015843503632492 49.90478437844925 153.35213023426058 -999.0 6231.0 -999.0 -1 -999 {-999.0 -999.0 -999.0 -999.0 -999.0} "" -999.0 -999.0 -999.0 -999.0 -999 -999 "" "" "" "" 0 0 0.0 0.0 -999 ""
FIBERMAP 1355 R0C10 APOGEE 0 0 0 1 0 0 -96.19912997423503 -21.002075540752745 143.1 -91.4384112591557 36.50682099536152 324.25967 27.21376 -999.0 -999.0 -999.0 -999.0 -999.0 99.5496033249378 -4.267322937225012 99.53530311998446 -4.2788249662419515 49.75957532788157 153.8832666177183 -999.0 16600.0 -999.0 2 -999 {-999.0 -999.0 -999.0 -999.0 -999.0} "" -999.0 -999.0 -999.0 -999.0 -999 -999 "" "" "" "" 0 0 0.0 0.0 -999 ""
FIBERMAP 1355 R0C10 BOSS 1 1 0 1 0 0 -96.93831803838995 -20.902229836831307 143.1 -91.99465397757076 37.00367985969417 324.25967 27.21376 99.5470933023269 -4.265200263329834 -4.1947913 -0.45147306 1.3022567 99.54708415516623 -4.265210192389965 99.53272599989964 -4.276546279642061 49.76264513054768 153.8856514718788 5400.0 5400.0 2016.0 1 491 {-999.0 14.7263565 14.166244 13.954458 -999.0} sdss_psfmag_from_g3xp 14.595759 14.190795 13.615354 12.646 63050395111264002 981639753 "" ops_std_boss_tic ops_std standard_boss 0 0 0.0 0.0 -999 ""
FIBERMAP 1355 R0C10 METROLOGY 0 0 0 1 0 0 -96.47219832155793 -20.307744453876946 143.1 -91.27552859610651 37.234857878565165 324.25967 27.21376 -999.0 -999.0 -999.0 -999.0 -999.0 99.55035085863565 -4.264107147933027 99.53601287601964 -4.275497451175534 49.76240235283949 153.8803370796804 -999.0 6231.0 -999.0 -1 -999 {-999.0 -999.0 -999.0 -999.0 -999.0} "" -999.0 -999.0 -999.0 -999.0 -999 -999 "" "" "" "" 0 0 0.0 0.0 -999 ""
FIBERMAP 1356 R+8C9 APOGEE 0 0 0 1 0 0 -10.107564684176266 143.95579504889025 143.1 72.28763201946062 124.88568181776948 344.98172 88.4052 -999.0 -999.0 -999.0 -999.0 -999.0 100.29548525914986 -3.8636697155182382 100.28203347532877 -3.8772299348418184 49.84829890413631 152.57935455316715 -999.0 16600.0 -999.0 2 -999 {-999.0 -999.0 -999.0 -999.0 -999.0} "" -999.0 -999.0 -999.0 -999.0 -999 -999 "" "" "" "" 0 0 0.0 0.0 -999 ""
FIBERMAP 1356 R+8C9 BOSS 1 1 0 1 0 0 -10.332157902096835 143.21366675691425 143.1 71.68581139997944 124.3969002096029 344.98172 88.4052 100.29281616210938 -3.866015025553139 -999.0 -999.0 -999.0 100.29285123229755 -3.8659986352059663 100.27932707454681 -3.8793924838288074 49.847353801986955 152.58451543075563 5400.0 5400.0 2015.5 1 123 {-999.0 -999.0 -999.0 -999.0 -999.0} "" -999.0 -999.0 -999.0 -999.0 27021603131475065 810574062 "" ops_sky_boss_good ops_sky sky_boss 0 0 0.0 0.0 -999 ""
FIBERMAP 1356 R+8C9 METROLOGY 0 0 0 1 0 0 -10.8316555692925 143.77592184187105 143.1 71.58716578130408 125.14242198686989 344.98172 88.4052 -999.0 -999.0 -999.0 -999.0 -999.0 100.29236123973314 -3.8625827943116664 100.27886525413095 -3.87602180608955 49.85063912521105 152.583145379076 -999.0 6231.0 -999.0 -1 -999 {-999.0 -999.0 -999.0 -999.0 -999.0} "" -999.0 -999.0 -999.0 -999.0 -999 -999 "" "" "" "" 0 0 0.0 0.0 -999 ""
FIBERMAP 1357 R+3C5 APOGEE 1 1 0 1 0 0 -185.44457380464826 65.88690419280331 143.1 -116.66638808141575 158.47151634590898 195.00491 69.54373 99.43485167519582 -3.714251723295696 0.67990696 2.1007226 0.41060683 99.43484332331565 -3.714270074898401 99.42204269355346 -3.7257078205164844 50.315016058923156 153.72610184947078 16000.0 16600.0 2016.0 2 148 {-999.0 15.144441 14.033993 13.679539 -999.0} sdss_psfmag_ps1 14.592045 13.717509 12.797269 10.726 63050395111478787 1107716932 bright_flexible_2x1 mwm_tess_rgb_apogee mwm_tessrgb science 0 0 0.0 0.0 -999 ""
FIBERMAP 1357 R+3C5 BOSS 0 0 0 1 0 0 -185.38065705885384 66.631406238046 143.1 -116.19630770461708 159.0522910725627 195.00491 69.54373 -999.0 -999.0 -999.0 -999.0 -999.0 99.43701425053597 -3.7117509152893158 99.42415631071464 -3.7230380373339664 50.31670630929365 153.72147757897577 -999.0 5400.0 -999.0 1 40 {-999.0 -999.0 -999.0 -999.0 -999.0} "" -999.0 -999.0 -999.0 -999.0 -999 -999 "" "" "" "" 0 0 0.0 0.0 -999 ""
FIBERMAP 1357 R+3C5 METROLOGY 0 0 0 1 0 0 -184.77078374553082 66.20537580823625 143.1 -115.92992352089698 158.35774526641626 195.00491 69.54373 -999.0 -999.0 -999.0 -999.0 -999.0 99.43820478086111 -3.714844569799068 99.42535623916143 -3.726177980783321 50.313346348288505 153.72157230928943 -999.0 6231.0 -999.0 -1 -999 {-999.0 -999.0 -999.0 -999.0 -999.0} "" -999.0 -999.0 -999.0 -999.0 -999 -999 "" "" "" "" 0 0 0.0 0.0 -999 ""
FIBERMAP 1358 R-3C14 APOGEE 1 1 0 1 0 0 30.19418558464983 -44.41078726107241 143.1 0.12303626405530897 -53.69829827417176 112.26185 107.77266 99.96871948242186 -4.677261141383738 -999.0 -999.0 -999.0 99.96870234282729 -4.67724657296244 99.95319064655587 -4.689641881177767 49.222843728727376 153.5246818538532 16000.0 16600.0 2015.5 2 215 {-999.0 -999.0 -999.0 -999.0 -999.0} "" -999.0 -999.0 -999.0 -999.0 27021603131447663 841546523 "" ops_sky_apogee_best ops_sky sky_apogee 0 0 0.0 0.0 -999 ""
FIBERMAP 1358 R-3C14 BOSS 0 0 0 1 0 0 30.756441885924126 -43.919832538569224 143.1 0.8637724272769991 -53.606728497726316 112.26185 107.77266 -999.0 -999.0 -999.0 -999.0 -999.0 99.97215439687326 -4.677013655289823 99.9565758391841 -4.68925466396327 49.22193336891657 153.5196725279891 -999.0 5400.0 -999.0 1 264 {-999.0 -999.0 -999.0 -999.0 -999.0} "" -999.0 -999.0 -999.0 -999.0 -999 -999 "" "" "" "" 0 0 0.0 0.0 -999 ""
FIBERMAP 1358 R-3C14 METROLOGY 0 0 0 1 0 0 30.9047583531706 -44.65189436364112 143.1 0.5764312316064952 -54.296114893100196 112.26185 107.77266 -999.0 -999.0 -999.0 -999.0 -999.0 99.97083017894894 -4.680104728165616 99.95526263949762 -4.692387312844083 49.21952316103841 153.52333341693446 -999.0 6231.0 -999.0 -1 -999 {-999.0 -999.0 -999.0 -999.0 -999.0} "" -999.0 -999.0 -999.0 -999.0 -999 -999 "" "" "" "" 0 0 0.0 0.0 -999 ""
FIBERMAP 1359 R-7C12 APOGEE 1 1 0 1 0 0 19.84869461431959 -127.16501683498235 143.1 -54.81225750403227 -116.4377336754737 170.73003 91.780975 99.71862216263345 -4.9629875194579975 0.18203394 -1.5311579 0.38256285 99.71858087458104 -4.963010077424729 99.70238319841246 -4.974651545150669 49.05154787743612 154.04153677278188 16000.0 16600.0 2016.0 2 161 {-999.0 14.727813 13.583201 13.077391 -999.0} sdss_psfmag_from_g3xp 14.310343 13.545901 12.689233 10.812 63050395111144904 1106407186 bright_flexible_2x1 mwm_tess_rgb_apogee mwm_tessrgb science 0 0 0.0 0.0 -999 ""
FIBERMAP 1359 R-7C12 BOSS 0 0 0 1 0 0 19.951610391316382 -126.44023021083122 143.1 -54.320925186100034 -115.89513821621124 170.73003 91.780975 -999.0 -999.0 -999.0 -999.0 -999.0 99.72085751475072 -4.960759895907057 99.70459945353531 -4.972243486359602 49.05296972512239 154.03704858930706 -999.0 5400.0 -999.0 1 381 {-999.0 -999.0 -999.0 -999.0 -999.0} "" -999.0 -999.0 -999.0 -999.0 -999 -999 "" "" "" "" 0 0 0.0 0.0 -999 ""
FIBERMAP 1359 R-7C12 METROLOGY 0 0 0 1 0 0 20.539834091196127 -126.88453896199843 143.1 -54.08271230715909 -116.59269159874472 170.73003 91.780975 -999.0 -999.0 -999.0 -999.0 -999.0 99.72194169079916 -4.963868802435578 99.70569365701976 -4.975400472000308 49.04963337452125 154.0372830124691 -999.0 6231.0 -999.0 -1 -999 {-999.0 -999.0 -999.0 -999.0 -999.0} "" -999.0 -999.0 -999.0 -999.0 -999 -999 "" "" "" "" 0 0 0.0 0.0 -999 ""
FIBERMAP 1362 R-12C4 APOGEE 0 0 0 1 0 0 -77.15529178308579 -247.60032699120762 143.1 -202.62979247487107 -161.82932108802547 356.28275 63.29223 -999.0 -999.0 -999.0 -999.0 -999.0 99.04863381753808 -5.166842568422185 99.03209015845334 -5.176696540035511 49.10525147825169 155.10332876379485 -999.0 16600.0 -999.0 2 -999 {-999.0 -999.0 -999.0 -999.0 -999.0} "" -999.0 -999.0 -999.0 -999.0 -999 -999 "" "" "" "" 0 0 0.0 0.0 -999 ""
FIBERMAP 1362 R-12C4 BOSS 1 1 0 1 0 0 -77.5320763137596 -248.2502129810026 143.1 -203.3059725857825 -162.15643580549968 356.28275 63.29223 99.04565156381875 -5.168481229677943 0.18922228 0.82144034 0.11095634 99.04565519663485 -5.168469285550221 99.029044986462 -5.178149729326477 49.10497104646448 155.10844768295624 5400.0 5400.0 2016.0 1 351 {-999.0 15.082994 14.84085 14.746617 -999.0} sdss_psfmag_from_g3xp 15.070012 14.815765 14.395726 13.642 63050395111198917 1093136229 bright_3x1 mwm_astar_core_boss mwm_ob science 0 0 0.0 0.0 -999 ""
FIBERMAP 1362 R-12C4 METROLOGY 0 0 0 1 0 0 -77.90138778382604 -247.59867224314047 143.1 -203.24677276204537 -161.40991222967227 356.28275 63.29223 -999.0 -999.0 -999.0 -999.0 -999.0 99.04587773934702 -5.165062450189482 99.02929442075816 -5.174791740298746 49.10802153049214 155.10627004072768 -999.0 6231.0 -999.0 -1 -999 {-999.0 -999.0 -999.0 -999.0 -999.0} "" -999.0 -999.0 -999.0 -999.0 -999 -999 "" "" "" "" 0 0 0.0 0.0 -999 ""
FIBERMAP 1363 R-6C13 APOGEE 0 0 0 1 0 0 42.7320643586209 -108.73280153839212 143.1 -25.53294412981136 -113.99397926233875 45.052883 161.77968 -999.0 -999.0 -999.0 -999.0 -999.0 99.85223450245654 -4.951728260018655 99.83602763525579 -4.963713481794598 49.01234417386491 153.8467512096096 -999.0 16600.0 -999.0 2 -999 {-999.0 -999.0 -999.0 -999.0 -999.0} "" -999.0 -999.0 -999.0 -999.0 -999 -999 "" "" "" "" 0 0 0.0 0.0 -999 ""
FIBERMAP 1363 R-6C13 BOSS 1 1 0 1 0 0 43.3903014497906 -108.39169748594844 143.1 -24.796679364688735 -114.08029209331399 45.052883 161.77968 99.85566141367778 -4.9523153683879135 0.77163285 -7.656237 1.128465 99.85565405550011 -4.952330532341546 99.83937832735097 -4.964159513594335 49.01068817004929 153.84228027316982 5400.0 5400.0 2016.0 1 380 {-999.0 15.3467655 14.8015175 14.584178 -999.0} sdss_psfmag_from_g3xp 15.217758 14.816084 14.243125 13.196 63050395111144049 981639732 "" ops_std_boss_tic ops_std standard_boss 0 0 0.0 0.0 -999 ""
FIBERMAP 1363 R-6C13 METROLOGY 0 0 0 1 0 0 43.36117115464553 -109.13390828192483 143.1 -25.236666245460466 -114.67866012264626 45.052883 161.77968 -999.0 -999.0 -999.0 -999.0 -999.0 99.85363574140173 -4.954994686174142 99.83737230158516 -4.96686408515153 49.00892133927839 153.84664246915563 -999.0 6231.0 -999.0 -1 -999 {-999.0 -999.0 -999.0 -999.0 -999.0} "" -999.0 -999.0 -999.0 -999.0 -999 -999 "" "" "" "" 0 0 0.0 0.0 -999 ""
FIBERMAP 1364 R+13C6 APOGEE 0 0 0 1 0 0 -46.75635872865662 256.75812605706614 143.1 105.13882696865697 238.84153175740786 164.80075 112.58559 -999.0 -999.0 -999.0 -999.0 -999.0 100.44122034590465 -3.3502661460806995 100.4290821095313 -3.3644054722893553 50.26276375565647 152.05637026549775 -999.0 16600.0 -999.0 2 105 {-999.0 -999.0 -999.0 -999.0 -999.0} "" -999.0 -999.0 -999.0 -999.0 -999 -999 "" "" "" "" 0 0 0.0 0.0 -999 ""
FIBERMAP 1364 R+13C6 BOSS 1 1 0 1 0 0 -46.83841152550226 257.4925841067643 143.1 105.48238952074482 239.49577506826154 164.80075 112.58559 100.44283713425206 -3.3474651461569596 -0.38787138 -4.992404 1.1713382 100.44282014876224 -3.3474919228541204 100.4306216458944 -3.3614805000178767 50.264844514871086 152.05235512376868 5400.0 5400.0 2016.0 1 84 {-999.0 15.634866 15.175158 14.894124 -999.0} sdss_psfmag_ps1 15.516692 15.1174 14.539783 13.456 63050395111699474 981847479 "" ops_std_boss_tic ops_std standard_boss 0 0 0.0 0.0 -999 ""
FIBERMAP 1364 R+13C6 METROLOGY 0 0 0 1 0 0 -46.15705985335056 257.20862247461844 143.1 105.88757249864689 238.87883947271376 164.80075 112.58559 -999.0 -999.0 -999.0 -999.0 -999.0 100.44465612018865 -3.350212322621967 100.43246889796598 -3.364248617009092 50.261573235639 152.0514141943191 -999.0 6231.0 -999.0 -1 -999 {-999.0 -999.0 -999.0 -999.0 -999.0} "" -999.0 -999.0 -999.0 -999.0 -999 -999 "" "" "" "" 0 0 0.0 0.0 -999 ""
FIBERMAP 1365 R+12C3 APOGEE 0 0 0 1 0 0 -92.1069553710519 230.0972441084862 143.1 52.641904178779804 242.17130993405635 46.39956 51.084427 -999.0 -999.0 -999.0 -999.0 -999.0 100.20338256012688 -3.335095604213392 100.19135545346683 -3.3486386271705197 50.37042662847827 152.38849945950608 -999.0 16600.0 -999.0 2 -999 {-999.0 -999.0 -999.0 -999.0 -999.0} "" -999.0 -999.0 -999.0 -999.0 -999 -999 "" "" "" "" 0 0 0.0 0.0 -999 ""
FIBERMAP 1365 R+12C3 BOSS 1 1 0 1 0 0 -91.99407533553672 229.36334088056964 143.1 52.324183230269256 241.5002535837032 46.39956 51.084427 100.20217895507811 -3.338080318554205 -999.0 -999.0 -999.0 100.2020308802246 -3.338228342151668 100.1899297859049 -3.3516109864820556 50.36824568495703 152.3923729079519 5400.0 5400.0 2015.5 1 94 {-999.0 -999.0 -999.0 -999.0 -999.0} "" -999.0 -999.0 -999.0 -999.0 27021603131476534 810574203 "" ops_sky_boss_good ops_sky sky_boss 0 0 0.0 0.0 -999 ""
FIBERMAP 1365 R+12C3 METROLOGY 0 0 0 1 0 0 -92.68953505099714 229.63112942621723 143.1 51.89825434776408 242.11169958212676 46.39956 51.084427 -999.0 -999.0 -999.0 -999.0 -999.0 100.20006402193842 -3.3354565014127187 100.18798958101212 -3.3488794186380617 50.3715166018694 152.393497050639 -999.0 6231.0 -999.0 -1 -999 {-999.0 -999.0 -999.0 -999.0 -999.0} "" -999.0 -999.0 -999.0 -999.0 -999 -999 "" "" "" "" 0 0 0.0 0.0 -999 ""
FIBERMAP 1369 R-1C18 APOGEE 1 1 0 1 0 0 107.7613907995853 -1.1926970753441353 143.1 88.57837641046311 -61.36660366934143 117.157425 58.73449 100.37279291714312 -4.710799523810836 -1.1923546 -3.366175 0.50868565 100.37279470650923 -4.710824276260654 100.35707516471643 -4.724229110355296 49.03798535057781 152.97567939993368 16000.0 16600.0 2016.0 2 217 {-999.0 14.16742 17.511166 13.336439 -999.0} sdss_psfmag_ps1 14.19053 13.493024 12.682924 10.93 63050395111177757 1105056735 bright_flexible_2x1 mwm_tess_rgb_apogee mwm_tessrgb science 0 0 0.0 0.0 -999 ""
FIBERMAP 1369 R-1C18 BOSS 0 0 0 1 0 0 108.4952570766106 -1.2691560168700917 143.1 89.14331531975567 -61.84111210419613 117.157425 58.73449 -999.0 -999.0 -999.0 -999.0 -999.0 100.37548680588019 -4.713164900169847 100.35969207193983 -4.7264118680444085 49.034969500637196 152.97328169898816 -999.0 5400.0 -999.0 1 295 {-999.0 -999.0 -999.0 -999.0 -999.0} "" -999.0 -999.0 -999.0 -999.0 -999 -999 "" "" "" "" 0 0 0.0 0.0 -999 ""
FIBERMAP 1369 R-1C18 METROLOGY 0 0 0 1 0 0 108.06997324991015 -1.882691158078515 143.1 88.44733611480986 -62.110947290856046 117.157425 58.73449 -999.0 -999.0 -999.0 -999.0 -999.0 100.37228785964757 -4.714353770106193 100.35651024156692 -4.72763853347882 49.035052234291555 152.97846627 -999.0 6231.0 -999.0 -1 -999 {-999.0 -999.0 -999.0 -999.0 -999.0} "" -999.0 -999.0 -999.0 -999.0 -999 -999 "" "" "" "" 0 0 0.0 0.0 -999 ""
FIBERMAP 1370 R0C23 APOGEE 0 0 0 1 0 0 212.10766625875516 10.980723033149529 143.1 181.81744697735027 -109.75006212735056 62.319466 100.976555 -999.0 -999.0 -999.0 -999.0 -999.0 100.79672887206873 -4.92798888251955 100.78030861619101 -4.942374537616261 48.673802802841756 152.51264550532323 -999.0 16600.0 -999.0 2 89 {-999.0 -999.0 -999.0 -999.0 -999.0} "" -999.0 -999.0 -999.0 -999.0 -999 -999 "" "" "" "" 0 0 0.0 0.0 -999 ""
FIBERMAP 1370 R0C23 BOSS 1 1 0 1 0 0 212.77043907213363 10.659639165996468 143.1 182.18644354565097 -110.38733214185244 62.319466 100.976555 100.79853591234155 -4.931077945089207 -6.1882915 0.6855855 1.1068451 100.79850543229406 -4.931047950426688 100.7820063326626 -4.945271458373663 48.67047583147258 152.51199550345743 5400.0 5400.0 2016.0 1 245 {-999.0 14.1477375 13.807849 13.683249 -999.0} sdss_psfmag_from_g3xp 14.097043 13.807653 13.353347 12.588 63050395111161050 979091710 "" ops_std_boss ops_std standard_boss 0 0 0.0 0.0 -999 ""
FIBERMAP 1370 R0C23 METROLOGY 0 0 0 1 0 0 212.15102306471977 10.231443950737157 143.1 181.43353264499618 -110.39489862688147 62.319466 100.976555 -999.0 -999.0 -999.0 -999.0 -999.0 100.79507322163272 -4.931057808046855 100.77859500379878 -4.94531950285281 48.671755480256685 152.5167637976936 -999.0 6231.0 -999.0 -1 -999 {-999.0 -999.0 -999.0 -999.0 -999.0} "" -999.0 -999.0 -999.0 -999.0 -999 -999 "" "" "" "" 0 0 0.0 0.0 -999 ""
FIBERMAP 1372 R-11C10 APOGEE 1 1 0 1 0 0 43.82487559916573 -209.95555659830225 143.1 -81.34311333306921 -198.4377115800823 1.5038881 133.96393 99.59930419921874 -5.333717850763463 -999.0 -999.0 -999.0 99.59929415977464 -5.333720574942056 99.58214459633592 -5.3449034082079105 48.751099099273496 154.41774237106276 16000.0 16600.0 2015.5 2 157 {-999.0 -999.0 -999.0 -999.0 -999.0} "" -999.0 -999.0 -999.0 -999.0 27021603131446011 832680306 "" ops_sky_apogee_best ops_sky sky_apogee 0 0 0.0 0.0 -999 ""
FIBERMAP 1372 R-11C10 BOSS 0 0 0 1 0 0 44.35834513038385 -210.47805280922694 143.1 -81.19405569719392 -199.16934002460118 1.5038881 133.96393 -999.0 -999.0 -999.0 -999.0 -999.0 99.60004007823889 -5.337220254510778 99.58281539360121 -5.3482367881325334 48.747751716687404 154.41864284211866 -999.0 5400.0 -999.0 1 362 {-999.0 -999.0 -999.0 -999.0 -999.0} "" -999.0 -999.0 -999.0 -999.0 -999 -999 "" "" "" "" 0 0 0.0 0.0 -999 ""
FIBERMAP 1372 R-11C10 METROLOGY 0 0 0 1 0 0 43.643432900651895 -210.68582113958558 143.1 -81.90254995546213 -198.940845061097 1.5038881 133.96393 -999.0 -999.0 -999.0 -999.0 -999.0 99.59679566373883 -5.336132211468757 99.57959342134319 -5.347188222214278 48.749897853801755 154.42259319705542 -999.0 6231.0 -999.0 -1 -999 {-999.0 -999.0 -999.0 -999.0 -999.0} "" -999.0 -999.0 -999.0 -999.0 -999 -999 "" "" "" "" 0 0 0.0 0.0 -999 ""
FIBERMAP 1373 R-9C2 APOGEE 0 0 0 1 0 0 -150.58432777218863 -179.7169020235653 143.1 -225.4076501083853 -64.4667410753832 21.552855 74.73215 -999.0 -999.0 -999.0 -999.0 -999.0 98.94323481793717 -4.726676206646399 98.92789367893431 -4.736446008968627 49.55361858529262 155.01173276226652 -999.0 16600.0 -999.0 2 -999 {-999.0 -999.0 -999.0 -999.0 -999.0} "" -999.0 -999.0 -999.0 -999.0 -999 -999 "" "" "" "" 0 0 0.0 0.0 -999 ""
FIBERMAP 1373 R-9C2 BOSS 1 1 0 1 0 0 -150.4876454024116 -180.44389170290694 143.1 -225.73491209361856 -65.12299614057018 21.552855 74.73215 98.94182301238679 -4.729804854066131 -0.69643325 1.2978836 0.3364429 98.94180721831977 -4.729816378879073 98.92639590847949 -4.739418619011634 49.55137318008426 155.01551555984202 5400.0 5400.0 2016.0 1 490 {-999.0 17.031391 16.75785 16.591715 -999.0} sdss_psfmag_ps1 17.00241 16.714733 16.273794 15.423 63050395111223450 978386653 "" ops_std_boss ops_std standard_boss 0 0 0.0 0.0 -999 ""
FIBERMAP 1373 R-9C2 METROLOGY 0 0 0 1 0 0 -151.18439607016973 -180.1602754759391 143.1 -226.15304185939354 -64.49771853098835 21.552855 74.73215 -999.0 -999.0 -999.0 -999.0 -999.0 98.93990368368365 -4.726933069203264 98.9245182486419 -4.736577762835095 49.55469437923651 155.016650014231 -999.0 6231.0 -999.0 -1 -999 {-999.0 -999.0 -999.0 -999.0 -999.0} "" -999.0 -999.0 -999.0 -999.0 -999 -999 "" "" "" "" 0 0 0.0 0.0 -999 ""
FIBERMAP 1374 R-5C8 APOGEE 0 0 0 1 0 0 -97.11268681028662 -105.205878759862 143.1 -139.37449200410688 -32.717856455480174 255.89073 53.111507 -999.0 -999.0 -999.0 -999.0 -999.0 99.33197276245244 -4.582756974576201 99.31689950753605 -4.59357534879191 49.54704845957741 154.3749192120705 -999.0 16600.0 -999.0 2 -999 {-999.0 -999.0 -999.0 -999.0 -999.0} "" -999.0 -999.0 -999.0 -999.0 -999 -999 "" "" "" "" 0 0 0.0 0.0 -999 ""
FIBERMAP 1374 R-5C8 BOSS 1 1 0 1 0 0 -97.59139568092364 -104.63074529498255 143.1 -139.44870482903295 -31.973316949622273 255.89073 53.111507 99.33167040822859 -4.579513961975033 -12.558568 -8.610538 1.9938287 99.33163484244663 -4.579546255316205 99.3165065070537 -4.590203046776527 49.55033122721875 154.37358501231364 5400.0 5400.0 2016.0 1 463 {-999.0 14.371501 13.723242 13.493722 -999.0} sdss_psfmag_gaia 14.215636 13.765926 13.163045 12.052 63050395111231927 1095510916 bright_1x1 mwm_bin_vis_boss mwm_filler science 0 0 0.0 0.0 -999 ""
FIBERMAP 1374 R-5C8 METROLOGY 0 0 0 1 0 0 -96.85326410737086 -104.5063347357122 143.1 -138.76768605007658 -32.28385760826945 255.89073 53.111507 -999.0 -999.0 -999.0 -999.0 -999.0 99.33472668720425 -4.580907749705225 99.3196118677717 -4.591617751974907 49.54788461763977 154.369938576458 -999.0 6231.0 -999.0 -1 -999 {-999.0 -999.0 -999.0 -999.0 -999.0} "" -999.0 -999.0 -999.0 -999.0 -999 -999 "" "" "" "" 0 0 0.0 0.0 -999 ""
FIBERMAP 1376 R+4C13 APOGEE 0 0 0 1 0 0 44.21400389471172 77.70613821887082 143.1 80.15632447962689 39.58210346990734 73.330635 23.172045 -999.0 -999.0 -999.0 -999.0 -999.0 100.33300200043176 -4.251331938951495 100.3185127251179 -4.264827215632138 49.47682716562608 152.7592860363294 -999.0 16600.0 -999.0 2 -999 {-999.0 -999.0 -999.0 -999.0 -999.0} "" -999.0 -999.0 -999.0 -999.0 -999 -999 "" "" "" "" 0 0 0.0 0.0 -999 ""
FIBERMAP 1376 R+4C13 BOSS 1 1 0 1 0 0 44.314241987261056 76.97589566328458 143.1 79.83018470967923 38.92116213758977 73.330635 23.172045 100.33162286411432 -4.254504853392937 0.16720705 0.51781166 0.08096436 100.33163418181309 -4.254485623809386 100.31706941618597 -4.267815128896188 49.474626234403566 152.76310424098517 5400.0 5400.0 2016.0 1 107 {-999.0 16.411089 15.897736 15.8232565 -999.0} sdss_psfmag_ps1 16.28895 15.953969 15.430178 14.575 63050395111253719 1093342373 bright_3x1 mwm_astar_core_boss mwm_ob science 0 0 0.0 0.0 -999 ""
FIBERMAP 1376 R+4C13 METROLOGY 0 0 0 1 0 0 43.62226003668695 77.251714202118 143.1 79.41163528295962 39.53730988114792 73.330635 23.172045 -999.0 -999.0 -999.0 -999.0 -999.0 100.32968789231634 -4.251643079557332 100.31515038036554 -4.2650144735680495 49.477948463366786 152.76415797377905 -999.0 6231.0 -999.0 -1 -999 {-999.0 -999.0 -999.0 -999.0 -999.0} "" -999.0 -999.0 -999.0 -999.0 -999 -999 "" "" "" "" 0 0 0.0 0.0 -999 ""
FIBERMAP 1378 R-3C2 APOGEE 0 0 0 1 0 0 -237.6061957937466 -67.33870234033057 143.1 -234.5124508510612 77.36193777420225 217.22446 149.14934 -999.0 -999.0 -999.0 -999.0 -999.0 98.9017449386631 -4.084150202999033 98.88812250587733 -4.094080093307913 50.16755038981926 154.71215662943976 -999.0 16600.0 -999.0 2 -999 {-999.0 -999.0 -999.0 -999.0 -999.0} "" -999.0 -999.0 -999.0 -999.0 -999 -999 "" "" "" "" 0 0 0.0 0.0 -999 ""
FIBERMAP 1378 R-3C2 BOSS 1 1 0 1 0 0 -238.35078251366343 -67.442505691066 143.1 -235.18726946029665 77.6931618927666 217.22446 149.14934 98.89875594216419 -4.082822615665879 -0.7075982 0.2378951 0.12396804 98.89876158054861 -4.082819085848577 98.88508209324345 -4.092583063244895 50.17003902706942 154.71573204029147 5400.0 5400.0 2016.0 1 436 {-999.0 17.56837 16.86046 16.54447 16.35166} sdss_psfmag_from_ps1dr2 17.3622 16.8738 16.2037 15.085 63050395111446743 1039250792 "" ops_std_boss_ps1dr2 ops_std standard_boss 0 0 0.0 0.0 -999 ""
FIBERMAP 1378 R-3C2 METROLOGY 0 0 0 1 0 0 -238.06291729840353 -66.74872992767409 143.1 -234.5601397335816 78.10644716682994 217.22446 149.14934 -999.0 -999.0 -999.0 -999.0 -999.0 98.90156747766193 -4.0808918291544956 98.8879096832045 -4.090708770112232 50.17077195846802 154.71057033198338 -999.0 6231.0 -999.0 -1 -999 {-999.0 -999.0 -999.0 -999.0 -999.0} "" -999.0 -999.0 -999.0 -999.0 -999 -999 "" "" "" "" 0 0 0.0 0.0 -999 ""
FIBERMAP 1381 R-7C10 APOGEE 1 1 0 1 0 0 -23.413887103924434 -142.59396279889057 143.1 -99.28664607120231 -104.9757226484112 212.97598 113.78323 99.51555958065055 -4.911037774350632 0.17693867 -0.86235416 0.6637881 99.51555737405117 -4.9110735876528455 99.49955741491317 -4.922221465834602 49.17461348788653 154.29915685399448 16000.0 16600.0 2016.0 2 170 {-999.0 12.677307 12.285344 12.162301 -999.0} sdss_psfmag_gaia 12.612273 12.308739 11.832238 11.045 63050395111209150 1108016984 bright_flexible_3x1 mwm_tess_rgb_apogee mwm_tessrgb science 0 0 0.0 0.0 -999 ""
FIBERMAP 1381 R-7C10 BOSS 0 0 0 1 0 0 -24.032862440080713 -142.18116241301936 143.1 -99.56798124551239 -104.28703392690504 212.97598 113.78323 -999.0 -999.0 -999.0 -999.0 -999.0 99.51428879689942 -4.908153134788046 99.4982321902234 -4.919134894829772 49.1779691429093 154.29930827503517 -999.0 5400.0 -999.0 1 385 {-999.0 -999.0 -999.0 -999.0 -999.0} "" -999.0 -999.0 -999.0 -999.0 -999 -999 "" "" "" "" 0 0 0.0 0.0 -999 ""
FIBERMAP 1381 R-7C10 METROLOGY 0 0 0 1 0 0 -23.369185516301858 -141.84350118956758 143.1 -98.8291402994652 -104.37924601034854 212.97598 113.78323 -999.0 -999.0 -999.0 -999.0 -999.0 99.51764577190701 -4.908517758757674 99.5016055593183 -4.919554396983825 49.1763485037069 154.29475874432882 -999.0 6231.0 -999.0 -1 -999 {-999.0 -999.0 -999.0 -999.0 -999.0} "" -999.0 -999.0 -999.0 -999.0 -999 -999 "" "" "" "" 0 0 0.0 0.0 -999 ""
FIBERMAP 1382 R+4C14 APOGEE 0 0 0 1 0 0 54.699669339223135 77.2572113458794 143.1 88.58888818693347 33.335177831578626 331.3797 141.0105 -999.0 -999.0 -999.0 -999.0 -999.0 100.37155936728206 -4.279675606174421 100.35698361027073 -4.293256752606383 49.4357868107537 152.7217385419418 -999.0 16600.0 -999.0 2 -999 {-999.0 -999.0 -999.0 -999.0 -999.0} "" -999.0 -999.0 -999.0 -999.0 -999 -999 "" "" "" "" 0 0 0.0 0.0 -999 ""
FIBERMAP 1382 R+4C14 BOSS 1 1 0 1 0 0 55.00948687719521 76.57150261617946 143.1 88.46127186359207 32.59369126526226 331.3797 141.0105 100.37109375 -4.2832202557953 -999.0 -999.0 -999.0 100.37110232871623 -4.28319746498627 100.35644964327611 -4.2966147934093435 49.43289543429464 152.72448923335688 5400.0 5400.0 2015.5 1 158 {-999.0 -999.0 -999.0 -999.0 -999.0} "" -999.0 -999.0 -999.0 -999.0 27021603131450161 810571325 "" ops_sky_boss_good ops_sky sky_boss 0 0 0.0 0.0 -999 ""
FIBERMAP 1382 R+4C14 METROLOGY 0 0 0 1 0 0 54.256209662075534 76.65720676651692 143.1 87.88543715712318 33.08673243740573 331.3797 141.0105 -999.0 -999.0 -999.0 -999.0 -999.0 100.36844082982779 -4.280916720209768 100.35381417716991 -4.294373950480929 49.43597775192043 152.7268850084693 -999.0 6231.0 -999.0 -1 -999 {-999.0 -999.0 -999.0 -999.0 -999.0} "" -999.0 -999.0 -999.0 -999.0 -999 -999 "" "" "" "" 0 0 0.0 0.0 -999 ""
FIBERMAP 1383 R-9C6 APOGEE 1 1 0 1 0 0 -83.10801577763561 -164.4091325136101 143.1 -160.94764606342522 -89.59608886114385 100.62588 130.26016 99.23495179695749 -4.841087370009973 0.20016423 1.040487 0.75444263 99.23493644926315 -4.841077920985605 99.2192051453817 -4.8515420476034965 49.34202409981227 154.65848197805087 16000.0 16600.0 2016.0 2 165 {-999.0 12.706569 12.388588 12.29536 -999.0} sdss_psfmag_gaia 12.647661 12.40201 11.94765 11.102 63050395111214730 1105786569 bright_flexible_3x1 mwm_tess_rgb_apogee mwm_tessrgb science 0 0 0.0 0.0 -999 ""
FIBERMAP 1383 R-9C6 BOSS 0 0 0 1 0 0 -82.65312150356144 -163.82404765217092 143.1 -160.24308457690793 -89.36640660945075 100.62588 130.26016 -999.0 -999.0 -999.0 -999.0 -999.0 99.23814297901026 -4.840230696815451 99.22234941203288 -4.850539830089761 49.34182688988794 154.6534424326644 -999.0 5400.0 -999.0 1 402 {-999.0 -999.0 -999.0 -999.0 -999.0} "" -999.0 -999.0 -999.0 -999.0 -999 -999 "" "" "" "" 0 0 0.0 0.0 -999 ""
FIBERMAP 1383 R-9C6 METROLOGY 0 0 0 1 0 0 -82.36936387126623 -164.51458372844925 143.1 -160.3949881582143 -90.09728973021925 100.62588 130.26016 -999.0 -999.0 -999.0 -999.0 -999.0 99.23746040679305 -4.84349295215587 99.22167637992936 -4.853845308887414 49.33898689708171 154.6562348540856 -999.0 6231.0 -999.0 -1 -999 {-999.0 -999.0 -999.0 -999.0 -999.0} "" -999.0 -999.0 -999.0 -999.0 -999 -999 "" "" "" "" 0 0 0.0 0.0 -999 ""
FIBERMAP 1384 R-12C6 APOGEE 0 0 0 1 0 0 -54.08924445666852 -238.1326865481169 143.1 -178.22204902634581 -166.91227071702014 187.40938 137.32744 -999.0 -999.0 -999.0 -999.0 -999.0 99.15890354704567 -5.1903386109537095 99.14226493632896 -5.200463134042227 49.0439388520621 154.9597622690273 -999.0 16600.0 -999.0 2 -999 {-999.0 -999.0 -999.0 -999.0 -999.0} "" -999.0 -999.0 -999.0 -999.0 -999 -999 "" "" "" "" 0 0 0.0 0.0 -999 ""
FIBERMAP 1384 R-12C6 BOSS 1 1 0 1 0 0 -54.696467004445395 -237.70931067693706 143.1 -178.48772523109625 -166.2214086102471 187.40938 137.32744 99.1577363955062 -5.187380278629903 -0.00030215073 0.5262693 0.13416052 99.15772341302117 -5.187405129436411 99.14102938553788 -5.197362415638933 49.04727454059583 154.9598249476278 5400.0 5400.0 2016.0 1 403 {-999.0 17.874966 17.562634 17.509735 -999.0} sdss_psfmag_ps1 17.821125 17.55307 17.128525 16.237 63050395111199005 979704670 "" ops_std_boss ops_std standard_boss 0 0 0.0 0.0 -999 ""
FIBERMAP 1384 R-12C6 METROLOGY 0 0 0 1 0 0 -54.02709557142609 -237.38918167484778 143.1 -177.75399148626926 -166.33133130158652 187.40938 137.32744 -999.0 -999.0 -999.0 -999.0 -999.0 99.16102787694017 -5.187866026752996 99.14434965928797 -5.197878409374086 49.04561082470938 154.95539469186667 -999.0 6231.0 -999.0 -1 -999 {-999.0 -999.0 -999.0 -999.0 -999.0} "" -999.0 -999.0 -999.0 -999.0 -999 -999 "" "" "" "" 0 0 0.0 0.0 -999 ""
FIBERMAP 1388 R-10C8 APOGEE 0 0 0 1 0 0 -30.22156387207029 -182.5984427271727 143.1 -127.33923391124074 -134.2925873908177 130.67317 109.06087 -999.0 -999.0 -999.0 -999.0 -999.0 99.38851798360311 -5.043838681951193 99.3722020905268 -5.054608273731506 49.09755531936622 154.55347040210737 -999.0 16600.0 -999.0 2 -999 {-999.0 -999.0 -999.0 -999.0 -999.0} "" -999.0 -999.0 -999.0 -999.0 -999 -999 "" "" "" "" 0 0 0.0 0.0 -999 ""
FIBERMAP 1388 R-10C8 BOSS 1 1 0 1 0 0 -29.846275300180476 -181.92134838505416 143.1 -126.64904786484267 -133.94210086640004 130.67317 109.06087 99.3916848294682 -5.04245637948525 -2.44733 -2.1101098 -1.7312 99.39167379333408 -5.042462028418448 99.37529622867356 -5.053075408706519 49.09786575762898 154.54823464621248 5400.0 5400.0 2016.0 1 372 {-999.0 14.234826 13.73043 13.4015255 -999.0} sdss_psfmag_from_g3xp 14.099323 13.763407 13.034804 11.928 63050395111200943 1093136247 bright_3x1 mwm_astar_core_boss mwm_ob science 0 0 0.0 0.0 -999 ""
FIBERMAP 1388 R-10C8 METROLOGY 0 0 0 1 0 0 -29.475628248435576 -182.58288554540593 143.1 -126.71274258302199 -134.69765168311415 130.67317 109.06087 -999.0 -999.0 -999.0 -999.0 -999.0 99.39139138346506 -5.045826626401932 99.37502319819487 -5.0564845685781545 49.09478748907142 154.55051044403237 -999.0 6231.0 -999.0 -1 -999 {-999.0 -999.0 -999.0 -999.0 -999.0} "" -999.0 -999.0 -999.0 -999.0 -999 -999 "" "" "" "" 0 0 0.0 0.0 -999 ""
FIBERMAP 1391 R-5C4 APOGEE 0 0 0 1 0 0 -176.04518450971167 -92.25619791992136 143.1 -197.48968604555563 22.232874422094387 108.54619 149.78885 -999.0 -999.0 -999.0 -999.0 -999.0 99.06816515826044 -4.333409047313043 99.0538319837176 -4.343659846291875 49.87515308516608 154.6124380079219 -999.0 16600.0 -999.0 2 -999 {-999.0 -999.0 -999.0 -999.0 -999.0} "" -999.0 -999.0 -999.0 -999.0 -999 -999 "" "" "" "" 0 0 0.0 0.0 -999 ""
FIBERMAP 1391 R-5C4 BOSS 1 1 0 1 0 0 -175.90475830288284 -91.51541063541501 143.1 -196.95832286762277 22.76770429417065 108.54619 149.78885 99.07058715820312 -4.331148730788783 -999.0 -999.0 -999.0 99.07057607342185 -4.331130474599245 99.05618583421642 -4.341227931435163 49.876571769910846 154.6076778932489 5400.0 5400.0 2015.5 1 454 {-999.0 -999.0 -999.0 -999.0 -999.0} "" -999.0 -999.0 -999.0 -999.0 27021603131449621 810571184 "" ops_sky_boss_good ops_sky sky_boss 0 0 0.0 0.0 -999 ""
FIBERMAP 1391 R-5C4 METROLOGY 0 0 0 1 0 0 -175.34203528880266 -92.00671214147529 143.1 -196.7675594327229 22.04552015802341 108.54619 149.78885 -999.0 -999.0 -999.0 -999.0 -999.0 99.07143139625038 -4.334362618103952 99.05705000279193 -4.344506363042041 49.87320359936193 154.60827088641744 -999.0 6231.0 -999.0 -1 -999 {-999.0 -999.0 -999.0 -999.0 -999.0} "" -999.0 -999.0 -999.0 -999.0 -999 -999 "" "" "" "" 0 0 0.0 0.0 -999 ""
FIBERMAP 1392 R-12C10 APOGEE 0 0 0 1 0 0 36.80561665568944 -229.65556026883374 143.1 -98.1943103411905 -210.82011145693895 107.73448 156.36392 -999.0 -999.0 -999.0 -999.0 -999.0 99.52301630100533 -5.389223092053012 99.5057411279218 -5.400188869930918 48.72727375841566 154.5556795307036 -999.0 16600.0 -999.0 2 -999 {-999.0 -999.0 -999.0 -999.0 -999.0} "" -999.0 -999.0 -999.0 -999.0 -999 -999 "" "" "" "" 0 0 0.0 0.0 -999 ""
FIBERMAP 1392 R-12C10 BOSS 1 1 0 1 0 0 36.86744435349914 -228.89669929916377 143.1 -97.71791476671633 -210.22627435145134 107.73448 156.36392 99.52525363556092 -5.3867253183653405 -12.770408 -5.4112287 3.2750793 99.52521455079034 -5.386760628109431 99.5078799831673 -5.397566079897917 48.728944967296 154.55122852044104 5400.0 5400.0 2016.0 1 406 {-999.0 14.559015 13.784209 13.349096 12.974346} sdss_psfmag_from_gdr3 15.045163 14.40475 13.601998 12.003 63050395111128621 1059269241 bright_flexible_2x1 bhm_spiders_agn_gaiadr3 bhm_spiders science 0 0 0.0 0.0 -999 ""
FIBERMAP 1392 R-12C10 METROLOGY 0 0 0 1 0 0 37.47962223648169 -229.33559393064692 143.1 -97.45682979348005 -210.93276538263865 107.73448 156.36392 -999.0 -999.0 -999.0 -999.0 -999.0 99.52640590166216 -5.389881240322605 99.50908117239447 -5.40073569523231 48.72555745464915 154.551283190638 -999.0 6231.0 -999.0 -1 -999 {-999.0 -999.0 -999.0 -999.0 -999.0} "" -999.0 -999.0 -999.0 -999.0 -999 -999 "" "" "" "" 0 0 0.0 0.0 -999 ""
FIBERMAP 1393 R-12C5 APOGEE 0 0 0 1 0 0 -58.01760328116792 -224.00388577982463 143.1 -173.5590842929565 -153.0099095371943 43.470512 118.83668 -999.0 -999.0 -999.0 -999.0 -999.0 99.17949920608471 -5.127787605219592 99.1630211565112 -5.13799076602281 49.09487974988251 154.89618073062888 -999.0 16600.0 -999.0 2 -999 {-999.0 -999.0 -999.0 -999.0 -999.0} "" -999.0 -999.0 -999.0 -999.0 -999 -999 "" "" "" "" 0 0 0.0 0.0 -999 ""
FIBERMAP 1393 R-12C5 BOSS 1 1 0 1 0 0 -57.30535119225466 -224.2320801467877 143.1 -173.097063513028 -153.59797291389563 43.470512 118.83668 99.18164637332463 -5.130665396262474 3.496429 6.011844 1.8772414 99.18164538332722 -5.130637056493461 99.16509549420675 -5.140679323075746 49.09162954954358 154.89470575126973 5400.0 5400.0 2016.0 1 352 {-999.0 20.505383 18.921606 17.793734 -999.0} sdss_psfmag_ps1 19.859562 18.474697 17.332987 15.27 63050395111199255 1095466154 bright_1x1 mwm_bin_vis_boss mwm_filler science 0 0 0.0 0.0 -999 ""
FIBERMAP 1393 R-12C5 METROLOGY 0 0 0 1 0 0 -57.858625175656 -224.73284938829877 143.1 -173.83585971799423 -153.70270375579176 43.470512 118.83668 -999.0 -999.0 -999.0 -999.0 -999.0 99.17829617015173 -5.131042898155794 99.16176422250874 -5.141123282675909 49.092403439365356 154.89967906713738 -999.0 6231.0 -999.0 -1 -999 {-999.0 -999.0 -999.0 -999.0 -999.0} "" -999.0 -999.0 -999.0 -999.0 -999 -999 "" "" "" "" 0 0 0.0 0.0 -999 ""
FIBERMAP 1395 R+4C20 APOGEE 0 0 0 1 0 0 192.69686800525773 78.57631991552047 143.1 203.61555275546795 -42.89233626453781 9.847791 112.864815 -999.0 -999.0 -999.0 -999.0 -999.0 100.89495614273866 -4.624315901660465 100.87931287349875 -4.6390769221716495 48.91425548239928 152.19457129016536 -999.0 16600.0 -999.0 2 -999 {-999.0 -999.0 -999.0 -999.0 -999.0} "" -999.0 -999.0 -999.0 -999.0 -999 -999 "" "" "" "" 0 0 0.0 0.0 -999 ""
FIBERMAP 1395 R+4C20 BOSS 1 1 0 1 0 0 193.10778869194925 77.94306466406442 143.1 203.6010585466332 -43.64702971776957 9.847791 112.864815 100.89502597991257 -4.627890669381513 -0.008681066 0.99632734 0.101754375 100.89501455660331 -4.6279128390234 100.87929144982684 -4.642508846099843 48.91110886717861 152.19665612600875 5400.0 5400.0 2016.0 1 205 {-999.0 15.903738 15.490171 15.384416 -999.0} sdss_psfmag_ps1 15.839022 15.512351 14.991499 14.222 63050395111170807 1093342229 bright_3x1 mwm_astar_core_boss mwm_ob science 0 0 0.0 0.0 -999 ""
FIBERMAP 1395 R+4C20 METROLOGY 0 0 0 1 0 0 192.35621300801728 77.91253067685588 143.1 202.96150466980617 -43.25120889775055 9.847791 112.864815 -999.0 -999.0 -999.0 -999.0 -999.0 100.89209533324677 -4.626085333391718 100.87639785634315 -4.640721121101022 48.913887241666735 152.1996201457319 -999.0 6231.0 -999.0 -1 -999 {-999.0 -999.0 -999.0 -999.0 -999.0} "" -999.0 -999.0 -999.0 -999.0 -999 -999 "" "" "" "" 0 0 0.0 0.0 -999 ""
FIBERMAP 1396 R0C3 APOGEE 1 1 0 1 0 0 -234.18195026267253 -17.594103915843665 143.1 -203.8045795590917 116.64118799668418 11.05361 35.561165 99.04037475585938 -3.9057396637817448 -999.0 -999.0 -999.0 99.04032474572158 -3.90573470312568 99.02713424040314 -3.916090613856494 50.28325093808314 154.4093748014086 16000.0 16600.0 2015.5 2 297 {-999.0 -999.0 -999.0 -999.0 -999.0} "" -999.0 -999.0 -999.0 -999.0 27021603131463734 841547921 "" ops_sky_apogee_best ops_sky sky_apogee 0 0 0.0 0.0 -999 ""
FIBERMAP 1396 R0C3 BOSS 0 0 0 1 0 0 -234.69306049396346 -18.13301972381158 143.1 -204.5298298315474 116.48124024501065 11.05361 35.561165 -999.0 -999.0 -999.0 -999.0 -999.0 99.03709155243183 -3.906620670948057 99.02383778238942 -3.916810023418874 50.28377807696399 154.4145783303646 -999.0 5400.0 -999.0 1 422 {-999.0 -999.0 -999.0 -999.0 -999.0} "" -999.0 -999.0 -999.0 -999.0 -999 -999 "" "" "" "" 0 0 0.0 0.0 -999 ""
FIBERMAP 1396 R0C3 METROLOGY 0 0 0 1 0 0 -234.91607788360838 -17.428535095434047 143.1 -204.31980654621503 117.18964255813285 11.05361 35.561165 -999.0 -999.0 -999.0 -999.0 -999.0 99.03803746190651 -3.903372201962874 99.02480955544189 -3.9136100717427675 50.28640558441323 154.41134215988458 -999.0 6231.0 -999.0 -1 -999 {-999.0 -999.0 -999.0 -999.0 -999.0} "" -999.0 -999.0 -999.0 -999.0 -999 -999 "" "" "" "" 0 0 0.0 0.0 -999 ""
FIBERMAP 1400 R-5C13 APOGEE 1 1 0 1 0 0 46.62405113352813 -92.50706181412355 143.1 -13.218349045414127 -102.73670758579047 26.766987 110.501595 99.90833165266437 -4.900494489372529 -0.97243935 1.0328571 0.3424046 99.90833961771963 -4.900482348962752 99.89225254187329 -4.91263130958589 49.0388660493692 153.73844354931572 16000.0 16600.0 2016.0 2 155 {-999.0 14.4477825 13.3869295 12.9309025 -999.0} sdss_psfmag_from_g3xp 14.078783 13.370611 12.55236 10.781 63050395111144707 1110111854 bright_flexible_2x1 mwm_tess_rgb_apogee mwm_tessrgb science 0 0 0.0 0.0 -999 ""
FIBERMAP 1400 R-5C13 BOSS 0 0 0 1 0 0 47.188661859566615 -92.99521738184272 143.1 -13.024259558167058 -103.45734398196677 26.766987 110.501595 -999.0 -999.0 -999.0 -999.0 -999.0 99.90929635681348 -4.903968710978857 99.89313330054796 -4.9159542158196725 49.035455836345264 153.73909465392265 -999.0 5400.0 -999.0 1 379 {-999.0 -999.0 -999.0 -999.0 -999.0} "" -999.0 -999.0 -999.0 -999.0 -999 -999 "" "" "" "" 0 0 0.0 0.0 -999 ""
FIBERMAP 1400 R-5C13 METROLOGY 0 0 0 1 0 0 46.488183209498246 -93.24403022697167 143.1 -13.743797392103366 -103.270928726681 26.766987 110.501595 -999.0 -999.0 -999.0 -999.0 -999.0 99.90598850715044 -4.903072976866318 99.88984763890005 -4.915097071206966 49.03747334377516 153.74323868612547 -999.0 6231.0 -999.0 -1 -999 {-999.0 -999.0 -999.0 -999.0 -999.0} "" -999.0 -999.0 -999.0 -999.0 -999 -999 "" "" "" "" 0 0 0.0 0.0 -999 ""
